1.0312012434005737,1.0088229179382324,0
1.027756690979004,1.0080996751785278,0.0038766860961914062
1.0242184400558472,1.0074928998947144,0.00841379165649414
1.0206037759780884,1.0069856643676758,0.012028932571411133
1.0169310569763184,1.0065600872039795,0.016559600830078125
1.0132192373275757,1.006197214126587,0.021200180053710938
1.009488821029663,1.0058767795562744,0.025166988372802734
1.0057604312896729,1.0055781602859497,0.02913975715637207
1.0020551681518555,1.00528085231781,0.03377795219421387
0.9983943104743958,1.0049635171890259,0.03773975372314453
0.9947989583015442,1.0046055316925049,0.04167318344116211
0.9912897944450378,1.0041863918304443,0.045810699462890625
0.9878867864608765,1.003686547279358,0.05021357536315918
0.9846088886260986,1.003087043762207,0.05411672592163086
0.9814739227294922,1.0023702383041382,0.057659149169921875
0.9784982204437256,1.0015196800231934,0.061326026916503906
0.9756962656974792,1.0005205869674683,0.06587529182434082
0.973080575466156,0.9993595480918884,0.06965255737304688
0.9706616997718811,0.9980253577232361,0.07340025901794434
0.968447744846344,0.9965085983276367,0.0771939754486084
0.9664443731307983,0.9948018789291382,0.08165740966796875
0.9646545648574829,0.9929001331329346,0.08517098426818848
0.9630788564682007,0.9908004999160767,0.08920741081237793
0.9617151021957397,0.9885022044181824,0.0930178165435791
0.9605583548545837,0.986007034778595,0.09751176834106445
0.9596011638641357,0.9833190441131592,0.10108375549316406
0.9588335752487183,0.9804445505142212,0.10496759414672852
0.9582433104515076,0.9773920178413391,0.10878324508666992
0.9578157067298889,0.9741723537445068,0.11255240440368652
0.9575343728065491,0.9707983732223511,0.1164860725402832
0.9573806524276733,0.9672848582267761,0.12051105499267578
0.9573347568511963,0.9636484980583191,0.12405610084533691
0.9573754668235779,0.959907591342926,0.12756967544555664
0.9574804306030273,0.9560821652412415,0.1320199966430664
0.9576266407966614,0.9521932601928711,0.1354503631591797
0.9577905535697937,0.9482630491256714,0.13939404487609863
0.9579485654830933,0.94431471824646,0.14329290390014648
0.958077073097229,0.9403718113899231,0.147918701171875
0.9581530094146729,0.9364582300186157,0.15170812606811523
0.9581537842750549,0.9325979948043823,0.15551090240478516
0.9580577611923218,0.928814709186554,0.15935659408569336
0.9578445553779602,0.9251314997673035,0.16405296325683594
0.9574950337409973,0.9215705990791321,0.16789531707763672
0.9569916725158691,0.9181530475616455,0.17188382148742676
0.9563186168670654,0.9148983955383301,0.17578744888305664
0.9554619789123535,0.911824643611908,0.17976760864257812
0.9544098377227783,0.9089475870132446,0.18355488777160645
0.9531524777412415,0.906281054019928,0.1872849464416504
0.9516823291778564,0.9038363099098206,0.19104361534118652
0.9499942660331726,0.9016220569610596,0.1948235034942627
0.948085367679596,0.8996443748474121,0.19918608665466309
0.9459550976753235,0.8979066610336304,0.20303893089294434
0.9436054229736328,0.8964092135429382,0.20679306983947754
0.9410404562950134,0.8951497673988342,0.2105727195739746
0.9382667541503906,0.8941230773925781,0.2149507999420166
0.9352929592132568,0.8933212757110596,0.2186727523803711
0.9321300387382507,0.8927338719367981,0.2224292755126953
0.9287909269332886,0.8923479318618774,0.22620677947998047
0.9252903461456299,0.8921483755111694,0.23072171211242676
0.9216448068618774,0.892117977142334,0.23460888862609863
0.9178726077079773,0.8922378420829773,0.23845553398132324
0.9139931797981262,0.8924875259399414,0.2422175407409668
0.910027265548706,0.8928454518318176,0.24598193168640137
0.905996561050415,0.8932890295982361,0.24973607063293457
0.9019235372543335,0.8937950730323792,0.25349950790405273
0.8978309631347656,0.8943400979042053,0.2572519779205322
0.8937420845031738,0.8949006199836731,0.26102519035339355
0.8896799683570862,0.8954533338546753,0.26542139053344727
0.8856672644615173,0.8959755301475525,0.26923632621765137
0.8817263245582581,0.896445095539093,0.2730884552001953
0.8778782486915588,0.8968412280082703,0.2769176959991455
0.8741433024406433,0.897144079208374,0.28160881996154785
0.87054044008255,0.8973353505134583,0.28537607192993164
0.8670867085456848,0.8973984122276306,0.2890889644622803
0.8637974858283997,0.8973181843757629,0.2928473949432373
0.860686182975769,0.8970816135406494,0.29738879203796387
0.8577638864517212,0.8966776132583618,0.30112266540527344
0.8550394177436829,0.8960971832275391,0.3048417568206787
0.8525192141532898,0.8953332901000977,0.3086271286010742
0.8502071499824524,0.8943811655044556,0.3125171661376953
0.8481045365333557,0.8932382464408875,0.3164541721343994
0.8462101221084595,0.8919039964675903,0.3201901912689209
0.8445205092430115,0.8903801441192627,0.3240025043487549
0.8430294990539551,0.8886703252792358,0.3280179500579834
0.841728925704956,0.8867802619934082,0.33246755599975586
0.8406082987785339,0.8847175240516663,0.33635425567626953
0.8396552801132202,0.8824915289878845,0.3401219844818115
0.838856041431427,0.8801133036613464,0.34400248527526855
0.8381948471069336,0.8775953650474548,0.3487083911895752
0.8376550078392029,0.8749517798423767,0.3525655269622803
0.8372188210487366,0.8721974492073059,0.35628485679626465
0.8368677496910095,0.8693485260009766,0.36062002182006836
0.8365829586982727,0.8664219379425049,0.36494970321655273
0.8363453149795532,0.8634349703788757,0.3686511516571045
0.836135745048523,0.8604056239128113,0.37247729301452637
0.8359355926513672,0.8573517203330994,0.37625741958618164
0.835726797580719,0.8542912006378174,0.38074755668640137
0.8354917764663696,0.8512415885925293,0.38449788093566895
0.8352143168449402,0.8482199311256409,0.3882005214691162
0.8348792195320129,0.8452425003051758,0.39195799827575684
0.8344725370407104,0.8423246145248413,0.39575982093811035
0.8339818716049194,0.8394805192947388,0.3997311592102051
0.8333965539932251,0.8367230296134949,0.4043920040130615
0.832707405090332,0.8340635299682617,0.4082672595977783
0.8319070935249329,0.8315117359161377,0.4126091003417969
0.8309902548789978,0.8290755152702332,0.41690874099731445
0.8299531936645508,0.8267610669136047,0.42092061042785645
0.8287940621376038,0.8245726823806763,0.42472195625305176
0.8275130987167358,0.8225125074386597,0.42871975898742676
0.8261121511459351,0.820580780506134,0.43346071243286133
0.8245949745178223,0.81877601146698,0.43727779388427734
0.8229669332504272,0.8170945644378662,0.4410555362701416
0.8212350010871887,0.8155311942100525,0.4448721408843994
0.81940758228302,0.8140789270401001,0.4494602680206299
0.8174946904182434,0.8127289414405823,0.4534292221069336
0.8155072331428528,0.8114714026451111,0.457294225692749
0.8134574294090271,0.8102949857711792,0.46111321449279785
0.8113582134246826,0.8091872930526733,0.4659111499786377
0.8092234134674072,0.8081350922584534,0.46971940994262695
0.807067334651947,0.8071246147155762,0.4734945297241211
0.8049044609069824,0.8061413764953613,0.4773590564727783
0.8027495741844177,0.8051707744598389,0.4817366600036621
0.8006173968315125,0.8041982054710388,0.4854922294616699
0.7985221147537231,0.803209125995636,0.4892387390136719
0.7964777946472168,0.8021894693374634,0.49300694465637207
0.7944974899291992,0.8011256456375122,0.49739718437194824
0.7925935983657837,0.8000048398971558,0.501211404800415
0.790777325630188,0.7988150119781494,0.5049281120300293
0.7890587449073792,0.7975451946258545,0.5087029933929443
0.7874464988708496,0.7961859107017517,0.5124597549438477
0.785947859287262,0.7947285771369934,0.5164144039154053
0.7845684289932251,0.7931661009788513,0.5201835632324219
0.7833120226860046,0.7914930582046509,0.5239741802215576
0.782180905342102,0.7897054553031921,0.5277407169342041
0.781175434589386,0.7878008484840393,0.532135009765625
0.7802942395210266,0.7857784628868103,0.5359201431274414
0.7795342206954956,0.7836392521858215,0.5396573543548584
0.7788904905319214,0.781385600566864,0.5434949398040771
0.7783564925193787,0.7790217995643616,0.5479652881622314
0.7779242992401123,0.7765534520149231,0.5519731044769287
0.7775842547416687,0.7739877700805664,0.5557024478912354
0.7773256301879883,0.7713334560394287,0.5594587326049805
0.7771365642547607,0.7686005234718323,0.5640654563903809
0.777003824710846,0.7658001184463501,0.5678887367248535
0.7769137620925903,0.762944757938385,0.5716493129730225
0.7768519520759583,0.7600477337837219,0.5754368305206299
0.7768033146858215,0.7571232914924622,0.5792136192321777
0.7767527103424072,0.7541864514350891,0.5831503868103027
0.7766847610473633,0.7512524724006653,0.587120771408081
0.7765841484069824,0.7483373284339905,0.5908839702606201
0.776435911655426,0.7454568147659302,0.5947997570037842
0.7762254476547241,0.7426270246505737,0.5992941856384277
0.7759386897087097,0.7398635745048523,0.6031510829925537
0.7755622863769531,0.7371818423271179,0.6070613861083984
0.7750837802886963,0.7345965504646301,0.6110210418701172
0.7744916677474976,0.7321216464042664,0.6156594753265381
0.7737755179405212,0.7297700643539429,0.6197915077209473
0.7729261517524719,0.7275537848472595,0.6237826347351074
0.7719354629516602,0.7254833579063416,0.6277391910552979
0.7707970142364502,0.7235678434371948,0.6321790218353271
0.7695053219795227,0.7218151092529297,0.635932445526123
0.7680567502975464,0.7202309966087341,0.6396722793579102
0.7664488554000854,0.7188199162483215,0.6434454917907715
0.764680802822113,0.7175843119621277,0.6479287147521973
0.7627531290054321,0.7165248394012451,0.651681661605835
0.7606679201126099,0.7156406044960022,0.6554195880889893
0.7584287524223328,0.7149285674095154,0.6591870784759521
0.7560405135154724,0.7143841981887817,0.663140058517456
0.7535094022750854,0.7140012979507446,0.6670053005218506
0.7508430480957031,0.7137718796730042,0.671227216720581
0.7480502724647522,0.7136865854263306,0.6753697395324707
0.7451411485671997,0.7137348055839539,0.6797275543212891
0.7421266436576843,0.7139046788215637,0.6837692260742188
0.7390187382698059,0.7141830921173096,0.6877436637878418
0.7358304262161255,0.7145563364028931,0.691662073135376
0.7325752377510071,0.7150097489356995,0.6956353187561035
0.7292675971984863,0.715528130531311,0.6998481750488281
0.725922167301178,0.7160961031913757,0.703819990158081
0.7225541472434998,0.7166977524757385,0.7075827121734619
0.7191789150238037,0.7173172831535339,0.71136474609375
0.7158118486404419,0.717939019203186,0.715874433517456
0.7124684453010559,0.718547523021698,0.7198264598846436
0.7091638445854187,0.7191277742385864,0.7235984802246094
0.7059128880500793,0.7196651697158813,0.7273776531219482
0.7027299404144287,0.7201458215713501,0.7316646575927734
0.6996285915374756,0.7205566167831421,0.7354073524475098
0.6966218948364258,0.7208854556083679,0.7393331527709961
0.6937218308448792,0.7211208939552307,0.7432911396026611
0.6909394860267639,0.7212526798248291,0.7479944229125977
0.6882846355438232,0.7212716341018677,0.7520878314971924
0.6857660412788391,0.7211697101593018,0.7561109066009521
0.6833909749984741,0.7209399342536926,0.7599349021911621
0.6811655163764954,0.7205767631530762,0.7645056247711182
0.679094135761261,0.7200755476951599,0.7681641578674316
0.6771801710128784,0.719433069229126,0.771965503692627
0.6754250526428223,0.7186474204063416,0.7757534980773926
0.673829197883606,0.7177176475524902,0.7797608375549316
0.6723911762237549,0.7166441082954407,0.7835087776184082
0.6711085438728333,0.715428352355957,0.7873094081878662
0.6699771881103516,0.7140730619430542,0.7909212112426758
0.6689918637275696,0.7125818133354187,0.7945652008056641
0.6681461930274963,0.7109593749046326,0.799135684967041
0.6674325466156006,0.709211528301239,0.8038234710693359
0.6668424606323242,0.7073448300361633,0.8077232837677002
0.666366457939148,0.7053666710853577,0.8117580413818359
0.6659944653511047,0.7032852172851562,0.8166475296020508
0.6657155156135559,0.7011094093322754,0.8202264308929443
0.6655184626579285,0.6988487243652344,0.8237800598144531
0.6653915047645569,0.6965130567550659,0.8273234367370605
0.6653228402137756,0.6941127777099609,0.8320131301879883
0.6653003692626953,0.6916586756706238,0.8355023860931396
0.6653120517730713,0.6891616582870483,0.8390638828277588
0.665346086025238,0.6866327524185181,0.8427271842956543
0.6653906106948853,0.6840831637382507,0.8464565277099609
0.6654344797134399,0.681523859500885,0.8500454425811768
0.6654667258262634,0.6789658069610596,0.8538303375244141
0.6654768586158752,0.6764195561408997,0.8574540615081787
0.6654552817344666,0.6738954186439514,0.8609983921051025
0.6653926968574524,0.6714032888412476,0.865462064743042
0.6652807593345642,0.668952465057373,0.869227409362793
0.6651118993759155,0.6665517091751099,0.8727614879608154
0.6648792624473572,0.6642089486122131,0.876298189163208
0.6645769476890564,0.6619316339492798,0.8799283504486084
0.6642000079154968,0.6597262620925903,0.8835310935974121
0.6637441515922546,0.6575984358787537,0.8871951103210449
0.6632062792778015,0.655552864074707,0.8907060623168945
0.6625840067863464,0.6535934805870056,0.8943209648132324
0.6618760228157043,0.6517230272293091,0.8987350463867188
0.6610817313194275,0.649943470954895,0.9022290706634521
0.6602016091346741,0.6482557058334351,0.9057869911193848
0.6592368483543396,0.6466597318649292,0.9093046188354492
0.6581896543502808,0.645154595375061,0.9130849838256836
0.6570627689361572,0.6437382698059082,0.9167582988739014
0.6558598875999451,0.6424081325531006,0.9204442501068115
0.6545853018760681,0.6411604881286621,0.9239423274993896
0.6532440185546875,0.6399909853935242,0.9275383949279785
0.6518415212631226,0.6388945579528809,0.9319825172424316
0.6503840088844299,0.637865424156189,0.9354145526885986
0.6488779783248901,0.6368973255157471,0.9389140605926514
0.6473304033279419,0.6359835267066956,0.9424328804016113
0.6457485556602478,0.635116696357727,0.9460008144378662
0.6441399455070496,0.6342894434928894,0.9496917724609375
0.6425122618675232,0.6334940195083618,0.9534265995025635
0.6408733129501343,0.6327224969863892,0.9569427967071533
0.6392308473587036,0.6319669485092163,0.9604437351226807
0.6375925540924072,0.6312195062637329,0.9645771980285645
0.6359661221504211,0.6304724216461182,0.9680347442626953
0.6343587040901184,0.6297179460525513,0.9716839790344238
0.6327773928642273,0.6289489269256592,0.9752511978149414
0.6312287449836731,0.6281583905220032,0.9787724018096924
0.6297189593315125,0.627339780330658,0.9829027652740479
0.6282536387443542,0.6264869570732117,0.9863848686218262
0.6268377900123596,0.6255945563316345,0.9899051189422607
0.6254758238792419,0.6246576309204102,0.9937636852264404
0.6241713166236877,0.6236718893051147,0.9983828067779541
0.6229273080825806,0.6226337552070618,1.0021321773529053
0.6217458248138428,0.6215404272079468,1.0056920051574707
0.620628297328949,0.6203897595405579,1.0094423294067383
0.6195752024650574,0.61918044090271,1.014012098312378
0.6185861229896545,0.6179119348526001,1.017568588256836
0.6176600456237793,0.6165845394134521,1.0214645862579346
0.6167948842048645,0.6151992082595825,1.0252351760864258
0.6159878969192505,0.613757848739624,1.028996229171753
0.6152355670928955,0.6122629642486572,1.033080816268921
0.6145336627960205,0.6107178926467896,1.0371127128601074
0.6138771176338196,0.6091268658638,1.040600299835205
0.6132604479789734,0.6074944138526917,1.0441346168518066
0.6126775741577148,0.6058259606361389,1.0482640266418457
0.6121217608451843,0.6041275262832642,1.0517168045043945
0.6115860342979431,0.6024056077003479,1.0552599430084229
0.6110629439353943,0.6006671190261841,1.058779001235962
0.6105449199676514,0.5989193916320801,1.0623106956481934
0.6100241541862488,0.5971701145172119,1.0665020942687988
0.6094927787780762,0.5954272747039795,1.0700953006744385
0.6089428067207336,0.5936987400054932,1.0735738277435303
0.6083666086196899,0.5919927954673767,1.0771009922027588
0.6077563762664795,0.5903174877166748,1.0816330909729004
0.6071048378944397,0.5886806845664978,1.0851819515228271
0.6064050793647766,0.587090253829956,1.0886542797088623
0.6056503057479858,0.5855535268783569,1.0921657085418701
0.6048345565795898,0.5840775370597839,1.095658540725708
0.6039522886276245,0.5826687812805176,1.0995943546295166
0.6029984951019287,0.5813331007957458,1.1030857563018799
0.6019690036773682,0.5800759196281433,1.1065497398376465
0.6008604168891907,0.578901469707489,1.1100752353668213
0.599669873714447,0.5778136253356934,1.1145119667053223
0.598395586013794,0.5768150687217712,1.1180517673492432
0.5970365405082703,0.5759075880050659,1.1219065189361572
0.5955926179885864,0.5750921964645386,1.1256840229034424
0.5940644145011902,0.5743687748908997,1.1294276714324951
0.5924537777900696,0.5737362504005432,1.1333074569702148
0.5907630920410156,0.5731923580169678,1.1371047496795654
0.5889959335327148,0.5727342367172241,1.1407139301300049
0.5871565341949463,0.5723576545715332,1.1442303657531738
0.5852501392364502,0.5720576643943787,1.1483063697814941
0.5832825899124146,0.5718284249305725,1.1517558097839355
0.5812608599662781,0.5716632008552551,1.1552577018737793
0.5791922807693481,0.5715546011924744,1.1588034629821777
0.5770850777626038,0.571494460105896,1.162353754043579
0.5749478936195374,0.5714741945266724,1.166278600692749
0.5727899670600891,0.5714845061302185,1.1698119640350342
0.5706210136413574,0.5715158581733704,1.1733458042144775
0.5684509873390198,0.5715584754943848,1.1777751445770264
0.5662900805473328,0.5716022253036499,1.1824228763580322
0.5641487240791321,0.5716370940208435,1.1867642402648926
0.5620372295379639,0.5716529488563538,1.190300703048706
0.5599658489227295,0.5716398358345032,1.1938610076904297
0.5579447150230408,0.5715880990028381,1.1988732814788818
0.5559834837913513,0.5714883804321289,1.2027297019958496
0.5540913939476013,0.5713317394256592,1.2063102722167969
0.5522772669792175,0.5711097121238708,1.2098472118377686
0.5505491495132446,0.5708144903182983,1.2145042419433594
0.5489142537117004,0.5704391002655029,1.2183375358581543
0.5473789572715759,0.5699770450592041,1.221982717514038
0.5459488034248352,0.569422721862793,1.2257721424102783
0.5446280837059021,0.5687716007232666,1.2299506664276123
0.5434202551841736,0.5680197477340698,1.2338080406188965
0.5423272848129272,0.567164421081543,1.2375924587249756
0.5413503646850586,0.566203773021698,1.2411072254180908
0.540489137172699,0.5651370286941528,1.244612216949463
0.5397422313690186,0.5639641880989075,1.2488224506378174
0.539107084274292,0.562686562538147,1.2523515224456787
0.5385798215866089,0.561306357383728,1.2561004161834717
0.5381556153297424,0.559826672077179,1.259779453277588
0.5378285646438599,0.5582517981529236,1.2641255855560303
0.5375917553901672,0.5565866827964783,1.2676100730895996
0.537437379360199,0.5548372864723206,1.2712600231170654
0.5373567938804626,0.5530105829238892,1.2749145030975342
0.5373408198356628,0.551114022731781,1.27872633934021
0.5373795628547668,0.5491559505462646,1.2830286026000977
0.5374627113342285,0.5471453070640564,1.2868068218231201
0.5375797152519226,0.545091450214386,1.290412425994873
0.5377196073532104,0.5430043935775757,1.2939159870147705
0.5378715395927429,0.5408943891525269,1.298208475112915
0.5380246043205261,0.5387718677520752,1.3017055988311768
0.5381681323051453,0.5366475582122803,1.3051965236663818
0.5382915735244751,0.5345321297645569,1.3087172508239746
0.5383849740028381,0.532436192035675,1.3122525215148926
0.5384386777877808,0.5303699970245361,1.3162181377410889
0.5384436845779419,0.5283436179161072,1.319758415222168
0.5383915901184082,0.5263667106628418,1.323240041732788
0.5382748246192932,0.5244482755661011,1.3269877433776855
0.5380866527557373,0.5225967764854431,1.3315861225128174
0.5378209352493286,0.5208197236061096,1.335179328918457
0.5374728441238403,0.5191239714622498,1.3386509418487549
0.5370381474494934,0.5175153613090515,1.3422586917877197
0.5365136861801147,0.5159987807273865,1.3460543155670166
0.5358973741531372,0.5145779848098755,1.3496840000152588
0.5351881384849548,0.5132556557655334,1.3531396389007568
0.5343857407569885,0.5120335221290588,1.3566460609436035
0.5334909558296204,0.5109118819236755,1.360142469406128
0.5325056314468384,0.5098901987075806,1.364502191543579
0.5314324498176575,0.5089666843414307,1.3680169582366943
0.5302749276161194,0.5081385374069214,1.3714630603790283
0.5290375351905823,0.5074019432067871,1.3753442764282227
0.5277253985404968,0.506752073764801,1.3788554668426514
0.5263444185256958,0.506183385848999,1.3829152584075928
0.5249010324478149,0.5056894421577454,1.3867692947387695
0.5234023928642273,0.5052631497383118,1.39027738571167
0.5218558311462402,0.5048969388008118,1.3937907218933105
0.5202693939208984,0.5045826435089111,1.3982231616973877
0.5186511278152466,0.5043118000030518,1.4017505645751953
0.5170093774795532,0.504075825214386,1.4053659439086914
0.5153525471687317,0.5038659572601318,1.40885591506958
0.5136889815330505,0.5036734938621521,1.4123351573944092
0.512026846408844,0.5034896731376648,1.4162487983703613
0.5103742480278015,0.5033062100410461,1.419823169708252
0.5087386965751648,0.5031149983406067,1.4233286380767822
0.5071274638175964,0.50290846824646,1.4271023273468018
0.505547285079956,0.5026794672012329,1.431572675704956
0.504004180431366,0.502421498298645,1.435068130493164
0.5025036334991455,0.5021286606788635,1.4386544227600098
0.5010502338409424,0.5017958283424377,1.4422357082366943
0.4996480345726013,0.5014187097549438,1.445734977722168
0.4982999563217163,0.5009936094284058,1.4495964050292969
0.49700820446014404,0.5005178451538086,1.4531238079071045
0.49577417969703674,0.49998942017555237,1.4565794467926025
0.49459826946258545,0.4994073510169983,1.4600882530212402
0.4934800863265991,0.49877139925956726,1.4645099639892578
0.4924183189868927,0.49808213114738464,1.4679970741271973
0.49141091108322144,0.49734094738960266,1.471651315689087
0.4904550015926361,0.49654990434646606,1.4751722812652588
0.48954707384109497,0.49571195244789124,1.478686809539795
0.48868292570114136,0.49483054876327515,1.4829328060150146
0.4878578782081604,0.4939098060131073,1.4864532947540283
0.48706671595573425,0.4929543137550354,1.489943504333496
0.4863038659095764,0.49196916818618774,1.4934422969818115
0.4855634868144989,0.4909597635269165,1.4978487491607666
0.4848395586013794,0.48993179202079773,1.501368761062622
0.48412591218948364,0.48889124393463135,1.5050914287567139
0.48341649770736694,0.48784399032592773,1.5086419582366943
0.482705295085907,0.4867960512638092,1.5121393203735352
0.48198655247688293,0.4857533574104309,1.5162513256072998
0.4812547564506531,0.4847215414047241,1.5198071002960205
0.4805047810077667,0.48370611667633057,1.523277997970581
0.4797320067882538,0.4827120900154114,1.527076244354248
0.47893226146698,0.48174408078193665,1.5315420627593994
0.47810205817222595,0.48080623149871826,1.5350146293640137
0.47723841667175293,0.4799019992351532,1.538522720336914
0.476339191198349,0.47903433442115784,1.542135238647461
0.47540283203125,0.4782053530216217,1.5457541942596436
0.47442853450775146,0.4774165749549866,1.549802303314209
0.4734162986278534,0.47666868567466736,1.554438829421997
0.47236689925193787,0.4759616553783417,1.5587375164031982
0.4712817668914795,0.47529467940330505,1.5643458366394043
0.47016313672065735,0.47466620802879333,1.568326473236084
0.46901389956474304,0.4740738868713379,1.5718154907226562
0.4678376019001007,0.4735148251056671,1.575333833694458
0.466638445854187,0.47298532724380493,1.5788440704345703
0.4654211699962616,0.4724811911582947,1.5835859775543213
0.46419093012809753,0.4719976782798767,1.5873358249664307
0.4629534184932709,0.47152960300445557,1.5908613204956055
0.46171462535858154,0.4710713326931,1.594362735748291
0.46048077940940857,0.47061705589294434,1.5989012718200684
0.45925822854042053,0.4701606035232544,1.6026849746704102
0.45805346965789795,0.4696958661079407,1.6061639785766602
0.45687294006347656,0.46921658515930176,1.6100170612335205
0.4557228684425354,0.4687166213989258,1.6146371364593506
0.4546094238758087,0.46818995475769043,1.6184942722320557
0.45353832840919495,0.4676308333873749,1.6221809387207031
0.4525149166584015,0.46703389286994934,1.6258361339569092
0.45154401659965515,0.46639400720596313,1.6299262046813965
0.45062991976737976,0.4657067060470581,1.6338410377502441
0.44977617263793945,0.4649679958820343,1.6376919746398926
0.4489857256412506,0.46417441964149475,1.6412220001220703
0.448260635137558,0.4633232653141022,1.6449766159057617
0.44760218262672424,0.4624125063419342,1.6491284370422363
0.4470108449459076,0.4614408314228058,1.652721643447876
0.44648614525794983,0.46040764451026917,1.65616774559021
0.44602686166763306,0.4593132436275482,1.6597061157226562
0.445630818605423,0.45815858244895935,1.6640186309814453
0.4452950358390808,0.4569454789161682,1.6675846576690674
0.44501572847366333,0.45567649602890015,1.6712565422058105
0.44478839635849,0.4543549418449402,1.6748275756835938
0.44460779428482056,0.45298483967781067,1.6783804893493652
0.44446808099746704,0.45157095789909363,1.6824305057525635
0.4443628787994385,0.4501186013221741,1.6859724521636963
0.4442852735519409,0.44863373041152954,1.6894559860229492
0.44422808289527893,0.4471227824687958,1.6929676532745361
0.4441837966442108,0.44559261202812195,1.6973598003387451
0.44414472579956055,0.44405049085617065,1.7010767459869385
0.44410303235054016,0.4425039291381836,1.7048921585083008
0.44405102729797363,0.4409606456756592,1.7085740566253662
0.44398099184036255,0.4394284188747406,1.7122957706451416
0.4438855051994324,0.4379150867462158,1.7164149284362793
0.44375738501548767,0.4364283084869385,1.720167875289917
0.44358986616134644,0.4349755644798279,1.7238695621490479
0.4433766305446625,0.43356409668922424,1.7278079986572266
0.4431118071079254,0.4322005808353424,1.7324342727661133
0.44279026985168457,0.43089139461517334,1.7362711429595947
0.44240742921829224,0.4296422004699707,1.739959478378296
0.441959410905838,0.428458034992218,1.7434914112091064
0.44144314527511597,0.4273432493209839,1.7478363513946533
0.4408562481403351,0.42630133032798767,1.7514841556549072
0.4401971995830536,0.42533496022224426,1.755208969116211
0.4394652843475342,0.42444589734077454,1.7587394714355469
0.438660591840744,0.4236350357532501,1.7626392841339111
0.43778398633003235,0.42290234565734863,1.7666015625
0.4368372857570648,0.4222468137741089,1.7709083557128906
0.43582290410995483,0.42166659235954285,1.7747392654418945
0.4347441494464874,0.42115893959999084,1.7785062789916992
0.43360498547554016,0.42072024941444397,1.7830877304077148
0.4324100613594055,0.42034611105918884,1.786876916885376
0.4311646521091461,0.42003148794174194,1.790611743927002
0.42987462878227234,0.41977056860923767,1.7944071292877197
0.428546279668808,0.4195570945739746,1.7987699508666992
0.42718639969825745,0.419384241104126,1.8029441833496094
0.4258021116256714,0.4192448556423187,1.806861400604248
0.4244007170200348,0.41913148760795593,1.810685157775879
0.4229898452758789,0.4190364181995392,1.8150289058685303
0.4215770959854126,0.41895195841789246,1.8187987804412842
0.4201700985431671,0.41887035965919495,1.8225772380828857
0.41877642273902893,0.418783962726593,1.8265488147735596
0.41740334033966064,0.41868528723716736,1.8312573432922363
0.4160580039024353,0.4185672402381897,1.8352394104003906
0.414747029542923,0.4184229373931885,1.8389196395874023
0.41347670555114746,0.4182460308074951,1.8425097465515137
0.4122527837753296,0.41803058981895447,1.846123218536377
0.41108036041259766,0.4177713692188263,1.850118637084961
0.4099638760089874,0.41746360063552856,1.8539443016052246
0.40890711545944214,0.41710323095321655,1.8574576377868652
0.40791305899620056,0.4166869521141052,1.860985517501831
0.406983882188797,0.4162120521068573,1.8653697967529297
0.40612098574638367,0.41567665338516235,1.8689815998077393
0.40532490611076355,0.4150795638561249,1.872600793838501
0.40459537506103516,0.41442039608955383,1.876190423965454
0.4039314389228821,0.4136994183063507,1.879831314086914
0.40333113074302673,0.41291770339012146,1.8837134838104248
0.40279194712638855,0.4120769500732422,1.8876688480377197
0.4023105502128601,0.4111795723438263,1.891469955444336
0.4018831253051758,0.4102286100387573,1.8952553272247314
0.40150511264801025,0.4092276692390442,1.899709701538086
0.40117156505584717,0.4081808924674988,1.9039340019226074
0.40087705850601196,0.40709295868873596,1.9078197479248047
0.4006159007549286,0.4059688150882721,1.91168212890625
0.40038204193115234,0.4048139750957489,1.916330337524414
0.4001692831516266,0.40363407135009766,1.9202070236206055
0.39997145533561707,0.4024350345134735,1.9241158962249756
0.3997822403907776,0.4012228846549988,1.9279038906097412
0.3995954692363739,0.40000367164611816,1.9325201511383057
0.3994050920009613,0.39878353476524353,1.93646240234375
0.3992053270339966,0.3975684344768524,1.940253496170044
0.3989906907081604,0.3963642120361328,1.944988489151001
0.3987559974193573,0.3951764404773712,1.9499385356903076
0.39849653840065,0.39401036500930786,1.9541053771972656
0.39820805191993713,0.39287087321281433,1.9576332569122314
0.397886723279953,0.39176252484321594,1.9612541198730469
0.39752939343452454,0.3906892240047455,1.9659223556518555
0.39713332056999207,0.3896545171737671,1.9698235988616943
0.39669644832611084,0.3886612355709076,1.9735088348388672
0.3962172865867615,0.3877117335796356,1.9772262573242188
0.3956948518753052,0.3868076801300049,1.9820754528045654
0.39512884616851807,0.3859501779079437,1.9859352111816406
0.39451950788497925,0.38513967394828796,1.9895873069763184
0.3938676416873932,0.38437601923942566,1.9931848049163818
0.39317458868026733,0.3836584687232971,1.9979968070983887
0.39244210720062256,0.3829856812953949,2.0017850399017334
0.3916725218296051,0.38235580921173096,2.005418300628662
0.39086854457855225,0.38176649808883667,2.0089733600616455
0.39003318548202515,0.3812149465084076,2.012498378753662
0.38916996121406555,0.38069793581962585,2.0165553092956543
0.38828244805336,0.3802119195461273,2.020477294921875
0.38737452030181885,0.37975314259529114,2.0240228176116943
0.38645029067993164,0.3793175518512726,2.027557611465454
0.3855138123035431,0.3789009749889374,2.0317330360412598
0.38456928730010986,0.3784991502761841,2.035271644592285
0.3836209177970886,0.37810781598091125,2.039017915725708
0.3826726973056793,0.37772274017333984,2.042680501937866
0.3817285895347595,0.37733978033065796,2.0473790168762207
0.3807923495769501,0.37695497274398804,2.0510811805725098
0.3798675239086151,0.37656456232070923,2.054821729660034
0.3789573311805725,0.3761650025844574,2.0585367679595947
0.37806466221809387,0.37575313448905945,2.0621135234832764
0.3771921396255493,0.3753260672092438,2.0662918090820312
0.37634190917015076,0.3748812973499298,2.0701887607574463
0.37551575899124146,0.37441664934158325,2.0738790035247803
0.37471503019332886,0.3739304840564728,2.077547073364258
0.37394070625305176,0.37342146039009094,2.082057237625122
0.37319326400756836,0.3728886544704437,2.0855891704559326
0.37247276306152344,0.3723316490650177,2.089120388031006
0.3717789351940155,0.3717504143714905,2.0926523208618164
0.3711110055446625,0.37114524841308594,2.096421480178833
0.3704679310321808,0.3705168664455414,2.1000404357910156
0.3698482811450958,0.36986640095710754,2.1037933826446533
0.3692503273487091,0.3691951632499695,2.1072897911071777
0.36867207288742065,0.36850494146347046,2.1108410358428955
0.3681113123893738,0.3677976429462433,2.115032911300659
0.36756566166877747,0.3670754134654999,2.118797540664673
0.36703261733055115,0.36634066700935364,2.122446060180664
0.3665095567703247,0.36559584736824036,2.126146078109741
0.36599382758140564,0.3648435175418854,2.130741596221924
0.36548280715942383,0.3640862703323364,2.1346421241760254
0.36497393250465393,0.3633268177509308,2.138554811477661
0.364464670419693,0.36256760358810425,2.1423652172088623
0.36395272612571716,0.36181116104125977,2.146432399749756
0.36343586444854736,0.3610598146915436,2.1503746509552
0.362912118434906,0.36031579971313477,2.1542282104492188
0.3623797595500946,0.3595810532569885,2.1577553749084473
0.3618372976779938,0.3588573634624481,2.161280870437622
0.36128345131874084,0.35814622044563293,2.165458917617798
0.36071738600730896,0.35744887590408325,2.169279098510742
0.3601384162902832,0.3567662537097931,2.172884941101074
0.35954615473747253,0.35609903931617737,2.176849365234375
0.35894060134887695,0.35544753074645996,2.181593656539917
0.3583219349384308,0.3548118770122528,2.1852874755859375
0.3576907515525818,0.35419175028800964,2.1888725757598877
0.35704776644706726,0.35358667373657227,2.1923880577087402
0.356393963098526,0.35299593210220337,2.1959218978881836
0.3557305335998535,0.3524183928966522,2.1998767852783203
0.3550589084625244,0.3518529534339905,2.2034668922424316
0.35438060760498047,0.35129815340042114,2.20721173286438
0.3536972403526306,0.35075247287750244,2.210927724838257
0.35301053524017334,0.35021424293518066,2.2153537273406982
0.35232219099998474,0.3496817648410797,2.2189078330993652
0.35163405537605286,0.3491532504558563,2.2228879928588867
0.350947767496109,0.348626971244812,2.2266030311584473
0.35026487708091736,0.3481012284755707,2.2311792373657227
0.34958696365356445,0.3475744128227234,2.234959840774536
0.34891533851623535,0.34704500436782837,2.2387032508850098
0.3482511639595032,0.34651169180870056,2.2424895763397217
0.34759536385536194,0.34597331285476685,2.246445417404175
0.34694862365722656,0.3454289734363556,2.250042200088501
0.34631139039993286,0.3448779284954071,2.2539002895355225
0.3456837832927704,0.34431982040405273,2.2574353218078613
0.3450656533241272,0.34375447034835815,2.260962963104248
0.34445658326148987,0.3431820273399353,2.2654001712799072
0.3438557982444763,0.34260293841362,2.2689297199249268
0.34326228499412537,0.3420179784297943,2.2724342346191406
0.34267470240592957,0.34142813086509705,2.2759652137756348
0.34209144115448,0.34083473682403564,2.2797634601593018
0.34151068329811096,0.34023940563201904,2.2836508750915527
0.34093034267425537,0.3396439552307129,2.2873761653900146
0.3403482139110565,0.33905044198036194,2.2911646366119385
0.3397618234157562,0.3384610712528229,2.294950246810913
0.3391686677932739,0.3378783166408539,2.2991943359375
0.3385661542415619,0.33730462193489075,2.3030641078948975
0.3379516303539276,0.336742639541626,2.306952714920044
0.337322473526001,0.3361949622631073,2.310737371444702
0.33667612075805664,0.33566418290138245,2.3150477409362793
0.3360100984573364,0.33515286445617676,2.318878412246704
0.3353221118450165,0.33466342091560364,2.3226029872894287
0.3346100151538849,0.33419811725616455,2.326425075531006
0.333871990442276,0.33375900983810425,2.3316593170166016
0.3331064283847809,0.3333478271961212,2.3356921672821045
0.33231207728385925,0.3329661190509796,2.3400015830993652
0.3314880132675171,0.3326150178909302,2.343801259994507
0.3306337893009186,0.3322952091693878,2.3490424156188965
0.32974931597709656,0.33200711011886597,2.3532159328460693
0.3288349509239197,0.3317506015300751,2.357090473175049
0.3278915286064148,0.3315250873565674,2.3606343269348145
0.32692041993141174,0.3313295841217041,2.36552357673645
0.3259234130382538,0.33116254210472107,2.369816780090332
0.32490283250808716,0.3310219645500183,2.373609781265259
0.3238614797592163,0.33090537786483765,2.377403974533081
0.3228026032447815,0.3308098614215851,2.38252592086792
0.32173001766204834,0.3307320475578308,2.3867790699005127
0.32064783573150635,0.3306681215763092,2.39052152633667
0.3195606768131256,0.3306138813495636,2.3943099975585938
0.3184734880924225,0.3305648863315582,2.399268627166748
0.31739160418510437,0.3305162787437439,2.403128147125244
0.31632059812545776,0.3304629623889923,2.4067394733428955
0.3152662217617035,0.33039969205856323,2.410282850265503
0.3142344653606415,0.3303210735321045,2.4147450923919678
0.3132314085960388,0.330221563577652,2.4192748069763184
0.3122631013393402,0.33009567856788635,2.42362117767334
0.31133556365966797,0.3299378752708435,2.4273643493652344
0.310454785823822,0.32974275946617126,2.431816339492798
0.30962640047073364,0.3295050263404846,2.4359476566314697
0.3088558614253998,0.32921966910362244,2.4397170543670654
0.30814826488494873,0.3288818299770355,2.4434969425201416
0.3075081706047058,0.3284870386123657,2.447991371154785
0.3069397807121277,0.32803115248680115,2.452254295349121
0.3064465820789337,0.3275105059146881,2.455980062484741
0.3060314953327179,0.3269217908382416,2.459778070449829
0.3056967556476593,0.32626229524612427,2.464590311050415
0.30544382333755493,0.3255298137664795,2.468751907348633
0.3052734136581421,0.32472264766693115,2.472871780395508
0.3051854372024536,0.32383984327316284,2.4766428470611572
0.3051789402961731,0.32288095355033875,2.4813108444213867
0.3052522838115692,0.3218461871147156,2.4857125282287598
0.30540284514427185,0.32073649764060974,2.4893734455108643
0.30562731623649597,0.3195533752441406,2.492953062057495
0.3059215843677521,0.31829914450645447,2.4973604679107666
0.30628088116645813,0.3169766366481781,2.5014750957489014
0.30669966340065,0.3155894875526428,2.5052123069763184
0.3071718215942383,0.3141419291496277,2.509121894836426
0.30769068002700806,0.31263887882232666,2.5130977630615234
0.3082490861415863,0.3110857903957367,2.516984462738037
0.3088394105434418,0.30948877334594727,2.520740270614624
0.3094538152217865,0.3078545033931732,2.5244710445404053
0.3100840747356415,0.3061901032924652,2.528298854827881
0.31072187423706055,0.3045031726360321,2.532566547393799
0.3113586902618408,0.30280178785324097,2.536437511444092
0.31198611855506897,0.30109432339668274,2.540203094482422
0.3125957250595093,0.29938939213752747,2.5441994667053223
0.3131791949272156,0.29769593477249146,2.5488970279693604
0.3137284815311432,0.296022891998291,2.5529603958129883
0.3142356872558594,0.2943793833255768,2.556689739227295
0.3146933615207672,0.29277437925338745,2.560451030731201
0.31509438157081604,0.29121679067611694,2.5649261474609375
0.315432071685791,0.28971531987190247,2.5686540603637695
0.3157002031803131,0.2882782816886902,2.572686195373535
0.31589314341545105,0.28691366314888,2.5764594078063965
0.31600573658943176,0.28562891483306885,2.58076810836792
0.3160334825515747,0.2844308912754059,2.5845441818237305
0.3159724771976471,0.28332579135894775,2.5882809162139893
0.31581947207450867,0.282319039106369,2.5921242237091064
0.3155718445777893,0.28141525387763977,2.595904588699341
0.3152277171611786,0.28061819076538086,2.599755048751831
0.31478580832481384,0.27993059158325195,2.6037044525146484
0.3142456114292145,0.27935436367988586,2.6075685024261475
0.31360724568367004,0.2788902521133423,2.6114397048950195
0.3128714859485626,0.2785381078720093,2.615952491760254
0.31203991174697876,0.2782967686653137,2.61979341506958
0.311114639043808,0.2781640589237213,2.623542547225952
0.31009843945503235,0.27813687920570374,2.6273109912872314
0.3089947998523712,0.27821120619773865,2.631605625152588
0.3078077733516693,0.27838215231895447,2.635427951812744
0.30654191970825195,0.27864402532577515,2.6389379501342773
0.305202454328537,0.2789905071258545,2.6424567699432373
0.30379506945610046,0.2794145941734314,2.6460070610046387
0.30232590436935425,0.279908686876297,2.649775505065918
0.3008015751838684,0.2804647982120514,2.653510332107544
0.2992290258407593,0.281074583530426,2.657338857650757
0.297615647315979,0.28172942996025085,2.6611168384552
0.29596903920173645,0.28242048621177673,2.66544771194458
0.29429706931114197,0.28313887119293213,2.6692910194396973
0.29260778427124023,0.2838756740093231,2.6731865406036377
0.2909093201160431,0.2846221327781677,2.6770219802856445
0.28920993208885193,0.28536951541900635,2.681591272354126
0.28751784563064575,0.28610938787460327,2.6855239868164062
0.2858411967754364,0.28683361411094666,2.6898739337921143
0.2841879725456238,0.2875343859195709,2.698516607284546
0.28256598114967346,0.28820425271987915,2.710620880126953
0.28098276257514954,0.2888362407684326,2.716928005218506
0.27944549918174744,0.2894238531589508,2.7214739322662354
0.27796095609664917,0.289961040019989,2.7257823944091797
0.2765354812145233,0.29044240713119507,2.730870008468628
0.2751748859882355,0.2908630073070526,2.735309362411499
0.2738843560218811,0.29121851921081543,2.7400267124176025
0.2726685106754303,0.2915051579475403,2.7437431812286377
0.2715313136577606,0.29171982407569885,2.7483839988708496
0.27047598361968994,0.291859894990921,2.753742218017578
0.26950502395629883,0.2919233441352844,2.75870680809021
0.2686202824115753,0.291908860206604,2.764500856399536
0.267822802066803,0.29181554913520813,2.7688241004943848
0.2671128511428833,0.2916431725025177,2.772977590560913
0.26648998260498047,0.2913919985294342,2.7771451473236084
0.26595306396484375,0.2910629212856293,2.7821266651153564
0.2655002772808075,0.2906571328639984,2.7865405082702637
0.26512905955314636,0.29017654061317444,2.7906436920166016
0.2648363411426544,0.2896233797073364,2.794386625289917
0.264618456363678,0.28900039196014404,2.7988436222076416
0.264471173286438,0.288310706615448,2.8026108741760254
0.26438984274864197,0.28755781054496765,2.8062219619750977
0.2643694579601288,0.286745548248291,2.809798240661621
0.26440462470054626,0.28587815165519714,2.8141942024230957
0.26448968052864075,0.284960001707077,2.817842721939087
0.26461878418922424,0.2839958667755127,2.8216452598571777
0.2647859752178192,0.28299060463905334,2.825408458709717
0.2649851143360138,0.28194934129714966,2.8290109634399414
0.2652101218700409,0.2808772623538971,2.833425998687744
0.2654549181461334,0.27977973222732544,2.8374695777893066
0.26571348309516907,0.2786620855331421,2.8414154052734375
0.2659800052642822,0.2775297462940216,2.845304250717163
0.26624876260757446,0.2763880789279938,2.8495655059814453
0.26651427149772644,0.275242418050766,2.8534011840820312
0.2667713463306427,0.2740979790687561,2.8569905757904053
0.2670150101184845,0.27295982837677,2.8608298301696777
0.26724061369895935,0.2718329429626465,2.865525007247925
0.2674438953399658,0.27072200179100037,2.869790554046631
0.26762083172798157,0.2696315050125122,2.8732831478118896
0.26776787638664246,0.2685656249523163,2.8767971992492676
0.2678817808628082,0.26752832531929016,2.8812036514282227
0.26795971393585205,0.26652318239212036,2.8850510120391846
0.2679992616176605,0.26555344462394714,2.8888025283813477
0.2679983079433441,0.2646219730377197,2.8925487995147705
0.2679552137851715,0.2637312412261963,2.8960723876953125
0.26786869764328003,0.26288339495658875,2.9000329971313477
0.26773786544799805,0.2620800733566284,2.9044101238250732
0.2675621807575226,0.26132261753082275,2.9081923961639404
0.2673414945602417,0.2606118321418762,2.9119651317596436
0.26707592606544495,0.25994816422462463,2.9163389205932617
0.26676613092422485,0.25933170318603516,2.9202544689178467
0.2664128541946411,0.25876203179359436,2.923987627029419
0.2660173177719116,0.25823846459388733,2.9278364181518555
0.2655809819698334,0.2577598989009857,2.9325761795043945
0.26510560512542725,0.25732481479644775,2.936257839202881
0.2645931839942932,0.25693151354789734,2.9400148391723633
0.26404595375061035,0.25657784938812256,2.9438319206237793
0.26346635818481445,0.2562614381313324,2.9482946395874023
0.2628570795059204,0.2559797465801239,2.952092170715332
0.26222094893455505,0.25572988390922546,2.955789089202881
0.26156094670295715,0.2555088400840759,2.9592998027801514
0.2608802020549774,0.2553134262561798,2.964017868041992
0.2601819336414337,0.25514036417007446,2.967853546142578
0.2594694495201111,0.2549862265586853,2.971712350845337
0.2587461471557617,0.25484755635261536,2.976060152053833
0.25801539421081543,0.2547208070755005,2.9807214736938477
0.2572806477546692,0.2546025216579437,2.984578847885132
0.2565452456474304,0.2544892132282257,2.9883315563201904
0.2558125853538513,0.2543773651123047,2.9921250343322754
0.25508591532707214,0.25426366925239563,2.9960765838623047
0.25436851382255554,0.2541448175907135,3.000054359436035
0.25366339087486267,0.2540176510810852,3.003848075866699
0.2529735565185547,0.253879189491272,3.00756573677063
0.25230178236961365,0.2537265419960022,3.011350393295288
0.25165069103240967,0.2535570561885834,3.0158445835113525
0.25102272629737854,0.25336819887161255,3.019587278366089
0.25042006373405457,0.25315770506858826,3.023221969604492
0.24984468519687653,0.25292354822158813,3.0269851684570312
0.2492983341217041,0.25266385078430176,3.031668186187744
0.2487824559211731,0.2523770034313202,3.0355825424194336
0.2482982575893402,0.2520616948604584,3.0395145416259766
0.24784664809703827,0.2517167627811432,3.043153762817383
0.24742822349071503,0.25134140253067017,3.047398090362549
0.2470434010028839,0.25093504786491394,3.0510997772216797
0.24669213593006134,0.25049731135368347,3.054626941680908
0.246374249458313,0.25002816319465637,3.0582480430603027
0.2460891604423523,0.24952781200408936,3.062175750732422
0.24583609402179718,0.24899666011333466,3.0662381649017334
0.2456139624118805,0.24843543767929077,3.070007801055908
0.2454213947057724,0.2478450983762741,3.073829412460327
0.24525682628154755,0.24722683429718018,3.077568292617798
0.2451184242963791,0.2465820461511612,3.0821645259857178
0.24500414729118347,0.24591238796710968,3.08571457862854
0.24491173028945923,0.24521975219249725,3.089176654815674
0.24483880400657654,0.2445061355829239,3.0927178859710693
0.2447827309370041,0.24377383291721344,3.0964837074279785
0.24474085867404938,0.24302524328231812,3.100081205368042
0.24471035599708557,0.24226291477680206,3.103713274002075
0.2446882724761963,0.24148960411548615,3.1071994304656982
0.24467167258262634,0.2407080978155136,3.1107194423675537
0.24465754628181458,0.23992134630680084,3.114959239959717
0.24464283883571625,0.2391323298215866,3.118727684020996
0.2446245551109314,0.23834413290023804,3.1226329803466797
0.24459967017173767,0.23755984008312225,3.126497507095337
0.24456524848937988,0.23678253591060638,3.1307647228240967
0.2445184290409088,0.23601533472537994,3.1344120502471924
0.2444564551115036,0.23526127636432648,3.1379706859588623
0.24437662959098816,0.23452334105968475,3.141594171524048
0.24427646398544312,0.23380440473556519,3.145378589630127
0.24415355920791626,0.23310726881027222,3.150111198425293
0.2440057247877121,0.23243455588817596,3.1536970138549805
0.24383094906806946,0.2317887395620346,3.1574997901916504
0.24362735450267792,0.231172114610672,3.161304235458374
0.24339339137077332,0.23058676719665527,3.1662979125976562
0.24312758445739746,0.23003454506397247,3.1700174808502197
0.24282881617546082,0.22951707243919373,3.173628330230713
0.24249611794948578,0.22903569042682648,3.1773905754089355
0.24212880432605743,0.22859148681163788,3.182011127471924
0.24172641336917877,0.22818523645401,3.1858224868774414
0.24128873646259308,0.22781747579574585,3.189621686935425
0.24081584811210632,0.22748838365077972,3.193437099456787
0.2403080314397812,0.22719787061214447,3.1979963779449463
0.23976582288742065,0.22694553434848785,3.2017908096313477
0.2391900271177292,0.22673070430755615,3.2055270671844482
0.23858168721199036,0.22655238211154938,3.209355592727661
0.23794205486774445,0.22640933096408844,3.2132863998413086
0.23727260529994965,0.2262999713420868,3.217133045196533
0.23657508194446564,0.22622257471084595,3.2209866046905518
0.23585139214992523,0.22617508471012115,3.224837303161621
0.23510365188121796,0.22615528106689453,3.2288331985473633
0.23433412611484528,0.22616073489189148,3.2331573963165283
0.23354530334472656,0.22618882358074188,3.2370030879974365
0.23273976147174835,0.22623680531978607,3.2408175468444824
0.2319202721118927,0.22630178928375244,3.24466609954834
0.23108965158462524,0.22638075053691864,3.249213695526123
0.23025083541870117,0.2264706790447235,3.2530710697174072
0.22940686345100403,0.22656843066215515,3.256871223449707
0.22856074571609497,0.22667089104652405,3.2607033252716064
0.2277156114578247,0.2267749011516571,3.2650647163391113
0.22687453031539917,0.226877361536026,3.2689130306243896
0.2260405570268631,0.226975217461586,3.2727062702178955
0.22521673142910004,0.22706542909145355,3.2764172554016113
0.22440598905086517,0.22714515030384064,3.281221628189087
0.22361122071743011,0.22721156477928162,3.2850191593170166
0.22283513844013214,0.22726202011108398,3.2887344360351562
0.22208037972450256,0.22729399800300598,3.2925140857696533
0.22134938836097717,0.22730518877506256,3.297391891479492
0.22064442932605743,0.22729337215423584,3.300992488861084
0.21996758878231049,0.22725658118724823,3.304457426071167
0.21932072937488556,0.22719305753707886,3.307997465133667
0.21870549023151398,0.22710120677947998,3.311779022216797
0.21812325716018677,0.22697968780994415,3.316032886505127
0.21757517755031586,0.22682738304138184,3.3198440074920654
0.2170621007680893,0.22664335370063782,3.3234434127807617
0.21658466756343842,0.22642694413661957,3.3270654678344727
0.2161431908607483,0.22617769241333008,3.3316650390625
0.21573778986930847,0.22589538991451263,3.335508108139038
0.21536821126937866,0.22558005154132843,3.3392858505249023
0.21503402292728424,0.22523191571235657,3.343214273452759
0.2147344946861267,0.22485142946243286,3.3479108810424805
0.21446868777275085,0.22443924844264984,3.351844310760498
0.2142353653907776,0.22399625182151794,3.3557162284851074
0.2140331268310547,0.22352349758148193,3.3595998287200928
0.21386036276817322,0.2230222523212433,3.364103078842163
0.21371524035930634,0.2224939465522766,3.368041753768921
0.21359577775001526,0.22194018959999084,3.3718717098236084
0.21349985897541046,0.22136273980140686,3.375774383544922
0.21342523396015167,0.22076347470283508,3.3798325061798096
0.21336951851844788,0.22014440596103668,3.3838119506835938
0.21333028376102448,0.21950766444206238,3.3876376152038574
0.2133050113916397,0.21885548532009125,3.3916380405426025
0.21329115331172943,0.21819016337394714,3.395578384399414
0.2132861316204071,0.2175140678882599,3.3998820781707764
0.2132873833179474,0.2168295830488205,3.403693199157715
0.21329231560230255,0.21613919734954834,3.407597541809082
0.21329845488071442,0.21544532477855682,3.4116034507751465
0.2133033126592636,0.21475040912628174,3.4159579277038574
0.21330450475215912,0.2140568643808365,3.4198718070983887
0.2132997214794159,0.21336710453033447,3.423750162124634
0.21328677237033844,0.21268343925476074,3.4276328086853027
0.21326355636119843,0.21200810372829437,3.432147741317749
0.21322809159755707,0.21134330332279205,3.4360783100128174
0.2131785750389099,0.21069107949733734,3.4399309158325195
0.21311330795288086,0.21005338430404663,3.4438393115997314
0.21303072571754456,0.20943205058574677,3.448324680328369
0.21292947232723236,0.20882876217365265,3.4524877071380615
0.21280831098556519,0.20824506878852844,3.4563474655151367
0.21266615390777588,0.20768232643604279,3.460244655609131
0.2125021368265152,0.20714177191257477,3.4649832248687744
0.21231551468372345,0.20662444829940796,3.4689292907714844
0.2121056765317917,0.2061312049627304,3.4727628231048584
0.21187224984169006,0.20566275715827942,3.4766452312469482
0.21161498129367828,0.2052195966243744,3.4812445640563965
0.21133378148078918,0.20480209589004517,3.4850845336914062
0.21102868020534515,0.2044103592634201,3.488825798034668
0.2106999158859253,0.2040444016456604,3.492356061935425
0.21034783124923706,0.20370402932167053,3.496143102645874
0.20997290313243866,0.20338888466358185,3.50018572807312
0.20957574248313904,0.20309847593307495,3.504192352294922
0.2091570943593979,0.20283211767673492,3.5079874992370605
0.20871779322624207,0.2025890201330185,3.511812686920166
0.20825880765914917,0.20236827433109283,3.5162694454193115
0.20778116583824158,0.20216882228851318,3.5198159217834473
0.2072860300540924,0.20198951661586761,3.5233237743377686
0.20677459239959717,0.20182912051677704,3.5269949436187744
0.20624814927577972,0.20168627798557281,3.5316507816314697
0.20570804178714752,0.2015596181154251,3.5352730751037598
0.2051556557416916,0.20144766569137573,3.5388193130493164
0.20459245145320892,0.2013489156961441,3.542356491088867
0.20401987433433533,0.20126183331012726,3.5479111671447754
0.20343941450119019,0.20118483901023865,3.5519285202026367
0.20285259187221527,0.2011163979768753,3.5557239055633545
0.20226088166236877,0.2010548859834671,3.559563636779785
0.20166583359241486,0.20099878311157227,3.564375877380371
0.20106889307498932,0.20094649493694305,3.568326711654663
0.20047153532505035,0.20089654624462128,3.5721099376678467
0.19987522065639496,0.20084743201732635,3.575958490371704
0.19928131997585297,0.20079773664474487,3.5799896717071533
0.1986912488937378,0.2007460743188858,3.583972215652466
0.19810625910758972,0.2006910890340805,3.587690591812134
0.19752763211727142,0.2006315141916275,3.5914454460144043
0.1969565600156784,0.20056620240211487,3.5954360961914062
0.1963941752910614,0.20049399137496948,3.5998106002807617
0.19584153592586517,0.20041382312774658,3.6036224365234375
0.19529962539672852,0.20032472908496857,3.6073896884918213
0.19476935267448425,0.2002258151769638,3.6112706661224365
0.19425155222415924,0.20011627674102783,3.6160166263580322
0.19374695420265198,0.19999536871910095,3.619629144668579
0.1932562291622162,0.19986243546009064,3.6233718395233154
0.19277998805046082,0.19971689581871033,3.6271417140960693
0.19231867790222168,0.19955827295780182,3.6317739486694336
0.1918727457523346,0.19938616454601288,3.635568857192993
0.19144251942634583,0.19920019805431366,3.6392247676849365
0.19102822244167328,0.19900014996528625,3.6427481174468994
0.19063004851341248,0.19878581166267395,3.646474599838257
0.19024807214736938,0.19855709373950958,3.650421619415283
0.1898823082447052,0.19831392168998718,3.6541240215301514
0.18953268229961395,0.19805632531642914,3.6579365730285645
0.18919910490512848,0.19778437912464142,3.6617772579193115
0.18888133764266968,0.19749824702739716,3.666409492492676
0.18857912719249725,0.19719812273979187,3.6701972484588623
0.18829216063022614,0.19688425958156586,3.674041271209717
0.18802006542682648,0.1965569406747818,3.6779496669769287
0.18776240944862366,0.19621653854846954,3.6824216842651367
0.18751870095729828,0.19586342573165894,3.685933828353882
0.18728844821453094,0.1954980492591858,3.6894125938415527
0.1870710551738739,0.1951209008693695,3.6929538249969482
0.1868659406900406,0.19473248720169067,3.6973965167999268
0.18667249381542206,0.1943332999944687,3.701181650161743
0.1864900439977646,0.1939239352941513,3.7047152519226074
0.18631792068481445,0.19350500404834747,3.708232879638672
0.18615537881851196,0.19307708740234375,3.711751699447632
0.18600177764892578,0.19264084100723267,3.7159423828125
0.18585631251335144,0.19219692051410675,3.7197062969207764
0.18571825325489044,0.19174598157405853,3.723472833633423
0.1855868697166443,0.19128870964050293,3.727001667022705
0.1854613721370697,0.19082580506801605,3.7312839031219482
0.1853410303592682,0.19035795331001282,3.7350080013275146
0.18522505462169647,0.18988589942455292,3.738712787628174
0.18511269986629486,0.18941031396389008,3.742485523223877
0.18500319123268127,0.18893194198608398,3.746473789215088
0.18489576876163483,0.18845149874687195,3.7503509521484375
0.1847897320985794,0.18796968460083008,3.7540650367736816
0.18468432128429413,0.18748722970485687,3.7578344345092773
0.1845787912607193,0.18700484931468964,3.761760711669922
0.18447245657444,0.18652324378490448,3.76631498336792
0.18436463177204132,0.1860431283712387,3.7700464725494385
0.18425460159778595,0.18556515872478485,3.773878574371338
0.18414172530174255,0.1850900501012802,3.7776882648468018
0.1840253621339798,0.18461845815181732,3.7821297645568848
0.18390488624572754,0.18415102362632751,3.7859463691711426
0.18377970159053802,0.18368841707706451,3.7895355224609375
0.1836492419242859,0.18323123455047607,3.7933766841888428
0.18351291120052338,0.18278008699417114,3.7983601093292236
0.18337023258209229,0.18233554065227509,3.8026671409606934
0.18322068452835083,0.18189816176891327,3.8065171241760254
0.1830638200044632,0.18146847188472748,3.8104512691497803
0.18289919197559357,0.1810469776391983,3.8151626586914062
0.1827264130115509,0.18063414096832275,3.8191611766815186
0.18254509568214417,0.18023039400577545,3.8226945400238037
0.18235497176647186,0.17983610928058624,3.826244592666626
0.18215569853782654,0.17945168912410736,3.83072566986084
0.18194705247879028,0.1790774166584015,3.8345518112182617
0.18172883987426758,0.1787135899066925,3.8382863998413086
0.1815008968114853,0.17836041748523712,3.842487335205078
0.18126313388347626,0.17801807820796967,3.846482515335083
0.18101546168327332,0.1776866912841797,3.8503119945526123
0.18075792491436005,0.17736634612083435,3.8539559841156006
0.18049050867557526,0.17705705761909485,3.857602834701538
0.1802133470773697,0.1767587810754776,3.8612945079803467
0.17992658913135529,0.17647144198417664,3.8657643795013428
0.17963042855262756,0.17619486153125763,3.86934757232666
0.179325133562088,0.17592883110046387,3.8729724884033203
0.1790110319852829,0.17567308247089386,3.8765878677368164
0.17868851125240326,0.17542727291584015,3.880775213241577
0.17835797369480133,0.1751910001039505,3.8847622871398926
0.1780199408531189,0.1749638468027115,3.8885304927825928
0.17767493426799774,0.17474526166915894,3.8924026489257812
0.17732356488704681,0.17453467845916748,3.8965022563934326
0.17696645855903625,0.17433150112628937,3.900268316268921
0.17660434544086456,0.1741350293159485,3.9039556980133057
0.17623794078826904,0.17394454777240753,3.9077088832855225
0.17586804926395416,0.17375929653644562,3.911613941192627
0.1754954755306244,0.17357845604419708,3.915850877761841
0.17512109875679016,0.17340117692947388,3.9195711612701416
0.17474579811096191,0.17322659492492676,3.923386573791504
0.17437048256397247,0.1730538159608841,3.927180051803589
0.17399610579013824,0.17288188636302948,3.9316282272338867
0.17362359166145325,0.1727098971605301,3.9354147911071777
0.1732538938522339,0.17253687977790833,3.940028190612793
0.17288795113563538,0.17236191034317017,3.943849563598633
0.17252671718597412,0.172184020280838,3.9483697414398193
0.17217111587524414,0.17200230062007904,3.952194929122925
0.17182205617427826,0.17181584239006042,3.9559085369110107
0.17148038744926453,0.17162375152111053,3.9596638679504395
0.1711469441652298,0.17142519354820251,3.9649178981781006
0.17082250118255615,0.1712193489074707,3.9689817428588867
0.17050780355930328,0.1710054725408554,3.972712993621826
0.17020349204540253,0.17078281939029694,3.9765326976776123
0.16991017758846283,0.17055079340934753,3.9811789989471436
0.16962836682796478,0.17030879855155945,3.985318899154663
0.16935847699642181,0.1700563281774521,3.989197254180908
0.16910088062286377,0.16979295015335083,3.9930367469787598
0.16885581612586975,0.1695183515548706,3.9975790977478027
0.1686234027147293,0.16923226416110992,4.00133490562439
0.1684037297964096,0.16893453896045685,4.005018472671509
0.16819670796394348,0.1686251014471054,4.008782148361206
0.1680021733045578,0.16830401122570038,4.0126519203186035
0.16781984269618988,0.1679713875055313,4.016650199890137
0.16764935851097107,0.1676274836063385,4.020326375961304
0.16749022901058197,0.1672726571559906,4.024050712585449
0.16734182834625244,0.16690735518932343,4.027949571609497
0.16720347106456757,0.16653211414813995,4.032273530960083
0.16707436740398407,0.1661476045846939,4.0361127853393555
0.16695362329483032,0.1657545566558838,4.039869546890259
0.16684028506278992,0.16535384953022003,4.043609142303467
0.1667332798242569,0.16494639217853546,4.048348665237427
0.16663147509098053,0.16453321278095245,4.05262017250061
0.1665336936712265,0.16411541402339935,4.056734323501587
0.16643871366977692,0.16369415819644928,4.060728311538696
0.16634522378444672,0.16327068209648132,4.065015077590942
0.16625191271305084,0.16284625232219696,4.068802356719971
0.16615745425224304,0.16242223978042603,4.072552442550659
0.1660604476928711,0.16199997067451477,4.076308250427246
0.16595959663391113,0.1615808606147766,4.080764532089233
0.16585351526737213,0.16116631031036377,4.084521770477295
0.16574090719223022,0.16075770556926727,4.088191032409668
0.16562044620513916,0.16035643219947815,4.092031717300415
0.16549091041088104,0.15996387600898743,4.096466541290283
0.16535109281539917,0.15958134829998016,4.100232362747192
0.1651998609304428,0.15921014547348022,4.103917360305786
0.1650361567735672,0.1588514745235443,4.107662916183472
0.16485898196697235,0.15850646793842316,4.11160945892334
0.16466747224330902,0.1581762135028839,4.115943193435669
0.16446083784103394,0.1578616350889206,4.120473861694336
0.16423839330673218,0.15756362676620483,4.12448787689209
0.1639995574951172,0.15728290379047394,4.128462314605713
0.16374388337135315,0.15702007710933685,4.1330060958862305
0.1634710282087326,0.15677563846111298,4.136718034744263
0.16318079829216003,0.15654991567134857,4.140455961227417
0.16287311911582947,0.15634313225746155,4.144246339797974
0.1625480204820633,0.1561553031206131,4.148756265640259
0.16220571100711823,0.15598636865615845,4.152467250823975
0.16184650361537933,0.1558360755443573,4.156222820281982
0.16147084534168243,0.15570400655269623,4.159994840621948
0.1610793173313141,0.15558966994285583,4.16458797454834
0.1606726050376892,0.15549233555793762,4.168342590332031
0.16025154292583466,0.15541121363639832,4.172091960906982
0.15981709957122803,0.1553453505039215,4.175868034362793
0.1593702733516693,0.15529368817806244,4.179838180541992
0.1589122712612152,0.1552550494670868,4.184405565261841
0.158444344997406,0.1552281379699707,4.188972234725952
0.15796780586242676,0.15521159768104553,4.192912578582764
0.15748408436775208,0.15520396828651428,4.197453498840332
0.15699468553066254,0.15520374476909637,4.201369047164917
0.1565011739730835,0.15520933270454407,4.205236196517944
0.1560051143169403,0.15521913766860962,4.209144592285156
0.1555081456899643,0.1552315056324005,4.213176250457764
0.15501192212104797,0.15524481236934662,4.217137098312378
0.15451811254024506,0.15525737404823303,4.221328496932983
0.15402837097644806,0.15526756644248962,4.225446701049805
0.1535443365573883,0.15527375042438507,4.230760335922241
0.15306761860847473,0.15527436137199402,4.234963417053223
0.15259979665279388,0.1552678644657135,4.238868236541748
0.15214237570762634,0.15525278449058533,4.242774486541748
0.1516968011856079,0.15522772073745728,4.24791955947876
0.15126444399356842,0.1551913619041443,4.252033233642578
0.15084658563137054,0.15514244139194489,4.255878210067749
0.1504443734884262,0.15507984161376953,4.2598044872283936
0.15005889534950256,0.15500253438949585,4.264529705047607
0.14969107508659363,0.15490956604480743,4.268326282501221
0.14934174716472626,0.15480013191699982,4.272079944610596
0.14901158213615417,0.15467354655265808,4.275842905044556
0.14870113134384155,0.15452921390533447,4.279832124710083
0.14841078221797943,0.15436668694019318,4.284520387649536
0.1481408178806305,0.15418562293052673,4.288628339767456
0.1478913277387619,0.15398584306240082,4.292550086975098
0.14766231179237366,0.15376724302768707,4.296506881713867
0.14745359122753143,0.15352986752986908,4.300491571426392
0.14726485311985016,0.15327386558055878,4.304354429244995
0.1470956802368164,0.15299952030181885,4.308288335800171
0.14694547653198242,0.15270723402500153,4.312342405319214
0.14681360125541687,0.15239746868610382,4.316495656967163
0.1466992199420929,0.15207086503505707,4.320468902587891
0.14660145342350006,0.1517280787229538,4.324368000030518
0.14651931822299957,0.15136992931365967,4.328938961029053
0.14645172655582428,0.15099728107452393,4.333322286605835
0.14639754593372345,0.15061108767986298,4.337107419967651
0.146355539560318,0.150212362408638,4.340867519378662
0.14632448554039001,0.14980217814445496,4.345561981201172
0.14630308747291565,0.14938168227672577,4.350074768066406
0.14629000425338745,0.14895203709602356,4.3538618087768555
0.14628390967845917,0.14851447939872742,4.357624053955078
0.14628344774246216,0.14807023108005524,4.362362623214722
0.14628727734088898,0.1476205587387085,4.366971015930176
0.14629408717155457,0.14716675877571106,4.370689868927002
0.14630255103111267,0.14671006798744202,4.374467372894287
0.14631138741970062,0.14625176787376404,4.378427505493164
0.14631938934326172,0.1457931250333786,4.383490324020386
0.14632532000541687,0.1453353613615036,4.387235403060913
0.14632806181907654,0.14487966895103455,4.390974521636963
0.14632652699947357,0.14442723989486694,4.395230054855347
0.1463196724653244,0.14397917687892914,4.399834156036377
0.14630652964115143,0.14353658258914948,4.403585195541382
0.1462862193584442,0.14310045540332794,4.407334566116333
0.1462579071521759,0.14267179369926453,4.411282300949097
0.1462208330631256,0.14225149154663086,4.4159839153289795
0.14617429673671722,0.141840398311615,4.419662714004517
0.1461176872253418,0.1414392590522766,4.423466920852661
0.14605046808719635,0.1410488337278366,4.42728328704834
0.1459721475839615,0.14066973328590393,4.431790590286255
0.14588232338428497,0.14030252397060394,4.435619592666626
0.14578063786029816,0.13994769752025604,4.43989896774292
0.14566682279109955,0.13960571587085724,4.444607734680176
0.14554066956043243,0.1392768770456314,4.449262857437134
0.1454019844532013,0.13896149396896362,4.453199625015259
0.14525070786476135,0.13865980505943298,4.457093238830566
0.14508675038814545,0.13837192952632904,4.461010456085205
0.14491014182567596,0.13809801638126373,4.465538740158081
0.1447208821773529,0.13783806562423706,4.469405651092529
0.14451909065246582,0.13759204745292664,4.473137855529785
0.14430488646030426,0.13735993206501007,4.476905107498169
0.14407841861248016,0.13714157044887543,4.4812657833099365
0.14383988082408905,0.13693681359291077,4.485745906829834
0.14358951151371002,0.13674543797969818,4.489656686782837
0.14332754909992218,0.13656722009181976,4.493567943572998
0.1430542767047882,0.13640186190605164,4.498308181762695
0.14276999235153198,0.13624905049800873,4.502086639404297
0.14247500896453857,0.13610845804214478,4.50581431388855
0.14216968417167664,0.13597969710826874,4.509882688522339
0.14185436069965363,0.13586238026618958,4.514963150024414
0.14152942597866058,0.13575610518455505,4.518740177154541
0.14119525253772736,0.13566039502620697,4.522521257400513
0.14085228741168976,0.1355748325586319,4.5262792110443115
0.14050090312957764,0.13549891114234924,4.530757665634155
0.1401415765285492,0.1354321539402008,4.534799337387085
0.13977472484111786,0.1353740692138672,4.53858494758606
0.13940082490444183,0.1353241205215454,4.542334794998169
0.13902036845684052,0.1352817714214325,4.546507835388184
0.1386338472366333,0.13524648547172546,4.550504446029663
0.13824176788330078,0.13521769642829895,4.554295063018799
0.13784463703632355,0.1351948231458664,4.55812668800354
0.13744303584098816,0.13517731428146362,4.561894655227661
0.1370374858379364,0.1351645290851593,4.56674337387085
0.13662856817245483,0.13515590131282806,4.5713183879852295
0.1362168788909912,0.13515080511569977,4.575697422027588
0.13580304384231567,0.13514859974384308,4.580769300460815
0.13538764417171478,0.13514864444732666,4.584585189819336
0.13497133553028107,0.13515032827854156,4.588317632675171
0.13455477356910706,0.13515296578407288,4.5920867919921875
0.13413864374160767,0.13515590131282806,4.596106052398682
0.13372358679771423,0.1351584941148758,4.600032567977905
0.13331031799316406,0.13516002893447876,4.603792667388916
0.13289952278137207,0.13515989482402802,4.6075239181518555
0.13249190151691437,0.13515736162662506,4.611637830734253
0.13208816945552826,0.13515181839466095,4.6165008544921875
0.13168904185295105,0.13514254987239838,4.620370388031006
0.13129521906375885,0.1351289302110672,4.624309778213501
0.13090738654136658,0.1351103037595749,4.628977537155151
0.13052625954151154,0.13508601486682892,4.633097171783447
0.13015250861644745,0.13505546748638153,4.637245416641235
0.12978678941726685,0.13501805067062378,4.641798257827759
0.12942975759506226,0.1349731832742691,4.646505355834961
0.12908202409744263,0.13492029905319214,4.651094913482666
0.12874415516853333,0.1348588764667511,4.655457496643066
0.12841671705245972,0.1347884088754654,4.6599016189575195
0.1281002312898636,0.134708434343338,4.665011882781982
0.12779517471790314,0.13461850583553314,4.668875455856323
0.1275019496679306,0.13451825082302094,4.673172950744629
0.12722094357013702,0.13440729677677155,4.676973819732666
0.12695251405239105,0.1342853605747223,4.6816558837890625
0.1266968697309494,0.1341521441936493,4.685451984405518
0.12645426392555237,0.13400745391845703,4.689193248748779
0.1262248456478119,0.13385111093521118,4.692973375320435
0.12600870430469513,0.1336830109357834,4.69790506362915
0.12580585479736328,0.13350309431552887,4.701704263687134
0.12561626732349396,0.13331131637096405,4.705663204193115
0.1254398375749588,0.1331077516078949,4.709566354751587
0.12527641654014587,0.13289247453212738,4.7145607471466064
0.12512578070163727,0.13266561925411224,4.718365669250488
0.1249876320362091,0.132427379488945,4.722107648849487
0.12486163526773453,0.13217802345752716,4.725912094116211
0.1247473880648613,0.13191784918308258,4.730768918991089
0.1246444582939148,0.13164715468883514,4.734572172164917
0.12455233186483383,0.13136634230613708,4.738295078277588
0.12447046488523483,0.13107585906982422,4.742061138153076
0.12439829111099243,0.13077616691589355,4.746102809906006
0.12433517724275589,0.13046777248382568,4.750023365020752
0.12428048998117447,0.1301511824131012,4.753813982009888
0.12423353642225266,0.12982699275016785,4.758714437484741
0.12419363111257553,0.1294957846403122,4.764150857925415
0.1241600513458252,0.12915818393230438,4.768035411834717
0.12413209676742554,0.12881480157375336,4.77177882194519
0.12410902976989746,0.12846632301807404,4.775630950927734
0.12409012019634247,0.12811337411403656,4.779841423034668
0.12407463788986206,0.12775662541389465,4.784015893936157
0.12406188994646072,0.12739674746990204,4.787803649902344
0.12405115365982056,0.12703441083431244,4.791735887527466
0.12404176592826843,0.1266702562570572,4.795974969863892
0.12403305619955063,0.12630493938922882,4.800217866897583
0.12402437627315521,0.12593910098075867,4.804001092910767
0.12401513755321503,0.12557336688041687,4.8077614307403564
0.12400475144386292,0.1252083033323288,4.811642646789551
0.1239926666021347,0.1248445138335228,4.816425323486328
0.12397836893796921,0.12448252737522125,4.820214033126831
0.12396139651536942,0.12412287294864655,4.824066638946533
0.12394128739833832,0.12376604974269867,4.82846736907959
0.12391764670610428,0.12341251224279404,4.833388805389404
0.12389010190963745,0.12306268513202667,4.8372955322265625
0.12385833263397217,0.12271697074174881,4.841217994689941
0.12382202595472336,0.1223757341504097,4.845299482345581
0.12378092855215073,0.122039295732975,4.850008249282837
0.12373480945825577,0.1217079609632492,4.85400128364563
0.12368347495794296,0.1213819831609726,4.857534408569336
0.12362676113843918,0.12106161564588547,4.86127233505249
0.12356452643871307,0.12074705213308334,4.866340637207031
0.12349666655063629,0.12043845653533936,4.8704752922058105
0.12342307716608047,0.12013599276542664,4.874395847320557
0.12334370613098145,0.11983978003263474,4.878279447555542
0.12325849384069443,0.11954991519451141,4.882916450500488
0.12316742539405823,0.11926648020744324,4.886725902557373
0.12307047098875046,0.11898954957723618,4.890470743179321
0.12296761572360992,0.11871915310621262,4.894270896911621
0.12285888195037842,0.11845532804727554,4.899592876434326
0.12274427711963654,0.11819810420274734,4.903728723526001
0.12262380868196487,0.11794748902320862,4.907629489898682
0.12249750643968582,0.11770348995923996,4.911635160446167
0.12236537784337997,0.11746609956026077,4.916335344314575
0.12222747504711151,0.11723531782627106,4.920433044433594
0.12208378314971924,0.11701112985610962,4.924347400665283
0.12193434685468674,0.11679352819919586,4.928471088409424
0.1217791885137558,0.11658250540494919,4.933727979660034
0.12161831557750702,0.116378054022789,4.937473297119141
0.12145175039768219,0.11618014425039291,4.94124174118042
0.1212795227766037,0.11598879098892212,4.945107698440552
0.12110162526369095,0.11580395698547363,4.950373649597168
0.12091808766126633,0.11562563478946686,4.954137563705444
0.12072891741991043,0.1154538094997406,4.957937479019165
0.12053415924310684,0.11528845876455307,4.961804151535034
0.12033381313085556,0.11512956023216248,4.966967582702637
0.12012791633605957,0.11497708410024643,4.970697641372681
0.11991650611162186,0.11483097821474075,4.974502801895142
0.1196996420621872,0.11469119787216187,4.9784862995147705
0.11947738379240036,0.11455768346786499,4.983583211898804
0.11924979835748672,0.11443035304546356,4.98746132850647
0.11901699006557465,0.11430912464857101,4.991339921951294
0.11877905577421188,0.1141938716173172,4.99515438079834
0.11853613704442978,0.11408446729183197,5.000292062759399
0.11828836053609848,0.11398076266050339,5.004068851470947
0.1180359423160553,0.11388257145881653,5.007863283157349
0.11777905374765396,0.11378969252109528,5.011788368225098
0.11751794070005417,0.11370190232992172,5.016903400421143
0.11725285649299622,0.11361892521381378,5.021141767501831
0.11698409169912338,0.11354048550128937,5.0250084400177
0.11671194434165955,0.11346627026796341,5.028885841369629
0.11643678694963455,0.11339592188596725,5.0336480140686035
0.11615897715091705,0.11332908272743225,5.0374486446380615
0.11587892472743988,0.11326533555984497,5.041234254837036
0.11559705436229706,0.11320424824953079,5.045132637023926
0.11531384289264679,0.1131453737616539,5.050316333770752
0.11502976715564728,0.11308823525905609,5.054180145263672
0.11474532634019852,0.11303231865167618,5.057973384857178
0.11446106433868408,0.11297710984945297,5.062214136123657
0.11417753249406815,0.1129220649600029,5.067004203796387
0.11389527469873428,0.11286663264036179,5.070735454559326
0.11361488699913025,0.11281023919582367,5.074496030807495
0.113336943089962,0.11275232583284378,5.0784571170806885
0.11306202411651611,0.11269230395555496,5.083626747131348
0.11279073357582092,0.11262961477041245,5.087536096572876
0.1125236377120018,0.11256366968154907,5.091328382492065
0.1122613251209259,0.11249392479658127,5.095141649246216
0.11200433224439621,0.11241981387138367,5.100283622741699
0.11175321042537689,0.11234082281589508,5.104015827178955
0.11150847375392914,0.11225643008947372,5.107808351516724
0.11127061396837234,0.1121661439538002,5.1117918491363525
0.11104007065296173,0.1120695248246193,5.117127895355225
0.11081726104021072,0.11196614801883698,5.120954751968384
0.11060256510972977,0.11185561865568161,5.124737024307251
0.11039628088474274,0.11173760145902634,5.128804922103882
0.11019871383905411,0.11161179095506668,5.133661508560181
0.1100100725889206,0.11147794872522354,5.1374125480651855
0.10983051359653473,0.1113358661532402,5.141200304031372
0.10966014117002487,0.11118538677692413,5.145145416259766
0.1094990000128746,0.11102642118930817,5.1506030559539795
0.10934706777334213,0.11085893958806992,5.154432773590088
0.1092042550444603,0.11068294942378998,5.158236742019653
0.10907041281461716,0.11049854010343552,5.162203311920166
0.108945332467556,0.11030583828687668,5.166942834854126
0.10882873088121414,0.11010504513978958,5.170654535293579
0.10872025787830353,0.10989641398191452,5.175581455230713
0.10861953347921371,0.10968027263879776,5.179810047149658
0.1085260808467865,0.10945697873830795,5.184631109237671
0.10843940079212189,0.10922697186470032,5.188425302505493
0.10835891962051392,0.10899071395397186,5.192221403121948
0.10828401893377304,0.10874874889850616,5.196067810058594
0.10821405798196793,0.10850165784358978,5.200512170791626
0.10814833641052246,0.10825005918741226,5.203991889953613
0.10808611661195755,0.10799463093280792,5.207515239715576
0.1080266609787941,0.10773606598377228,5.211296319961548
0.10796917229890823,0.10747510194778442,5.216242790222168
0.10791286081075668,0.10721250623464584,5.2200305461883545
0.10785690695047379,0.10694906860589981,5.223788261413574
0.10780051350593567,0.1066855937242508,5.2276694774627686
0.10774284601211548,0.10642290115356445,5.232224941253662
0.10768309235572815,0.10616181790828705,5.236011981964111
0.107620470225811,0.10590316355228424,5.23962926864624
0.10755417495965958,0.10564776510000229,5.243287563323975
0.10748344659805298,0.10539644211530685,5.24797511100769
0.10740756243467331,0.10514996945858002,5.251668453216553
0.10732579976320267,0.10490914434194565,5.255393981933594
0.10723748058080673,0.10467470437288284,5.259244680404663
0.10714198648929596,0.10444735735654831,5.2632927894592285
0.10703873634338379,0.10422776639461517,5.267138242721558
0.10692717134952545,0.10401657968759537,5.270831346511841
0.10680680721998215,0.10381436347961426,5.274604320526123
0.10667721927165985,0.10362164676189423,5.278550624847412
0.10653800517320633,0.10343888401985168,5.283073663711548
0.10638885945081711,0.10326649993658066,5.286884546279907
0.1062295064330101,0.10310482978820801,5.290645122528076
0.10605975985527039,0.10295414179563522,5.294618129730225
0.10587947070598602,0.10281463712453842,5.299201488494873
0.10568856447935104,0.10268646478652954,5.302973747253418
0.10548704117536545,0.10256966948509216,5.3067467212677
0.10527495294809341,0.1024642363190651,5.310545206069946
0.1050523966550827,0.10237009823322296,5.3154823780059814
0.10481958836317062,0.10228707641363144,5.319203853607178
0.10457674413919449,0.10221494734287262,5.323009252548218
0.10432418435811996,0.10215341299772263,5.326785087585449
0.1040622815489769,0.1021021157503128,5.3316123485565186
0.10379143804311752,0.10206060856580734,5.3353211879730225
0.10351215302944183,0.10202840715646744,5.339049577713013
0.10322496294975281,0.10200496017932892,5.342838525772095
0.1029304563999176,0.10198966413736343,5.347424030303955
0.10262925922870636,0.10198185592889786,5.351200580596924
0.1023220643401146,0.10198083519935608,5.354923725128174
0.1020095944404602,0.101985864341259,5.3587212562561035
0.10169263184070587,0.10199615359306335,5.362788200378418
0.10137195140123367,0.10201089084148407,5.366734981536865
0.10104840993881226,0.1020292416214943,5.370458364486694
0.10072284936904907,0.10205034166574478,5.3742356300354
0.10039617121219635,0.1020733192563057,5.378061056137085
0.10006927698850632,0.1020972803235054,5.3825132846832275
0.09974309056997299,0.10212131589651108,5.3862464427948
0.0994185358285904,0.10214454680681229,5.389999866485596
0.09909655898809433,0.1021660566329956,5.3937788009643555
0.09877807646989822,0.1021849662065506,5.398305654525757
0.09846405684947968,0.10220039635896683,5.4020349979400635
0.09815539419651031,0.10221148282289505,5.405800104141235
0.09785301238298416,0.10221739113330841,5.409610748291016
0.09755779057741165,0.10221727937459946,5.41458797454834
0.09727060794830322,0.10221037268638611,5.418383359909058
0.09699228405952454,0.10219591110944748,5.422106504440308
0.09672364592552185,0.10217314958572388,5.425915718078613
0.09646542370319366,0.10214141756296158,5.430724143981934
0.09621836245059967,0.10210004448890686,5.434536933898926
0.0959831103682518,0.10204843431711197,5.438267230987549
0.0957603007555008,0.10198601335287094,5.442126274108887
0.09555048495531082,0.10191227495670319,5.446131229400635
0.09535416215658188,0.1018267422914505,5.45007061958313
0.09517176449298859,0.10172899812459946,5.45383095741272
0.09500366449356079,0.1016186773777008,5.45761775970459
0.09485015273094177,0.10149548202753067,5.461422443389893
0.09471145272254944,0.10135914385318756,5.46587872505188
0.09458770602941513,0.10120946913957596,5.469602584838867
0.09447898715734482,0.10104632377624512,5.4734601974487305
0.0943852961063385,0.10086961835622787,5.477375745773315
0.09430655837059021,0.10067935287952423,5.482188940048218
0.09424258768558502,0.10047553479671478,5.485926389694214
0.09419315308332443,0.10025830566883087,5.489638328552246
0.09415794909000397,0.10002779215574265,5.493478059768677
0.0941365659236908,0.0997842401266098,5.498309373855591
0.0941285490989685,0.09952793270349503,5.50203537940979
0.09413336217403412,0.09925921261310577,5.505773067474365
0.09415040165185928,0.09897847473621368,5.509537220001221
0.09417898207902908,0.09868621081113815,5.514084100723267
0.09421838074922562,0.09838293492794037,5.517955303192139
0.09426780790090561,0.09806924313306808,5.521792888641357
0.09432642161846161,0.09774576127529144,5.525576829910278
0.09439331293106079,0.09741319715976715,5.529476642608643
0.09446755796670914,0.0970723032951355,5.533358812332153
0.09454818069934845,0.09672389179468155,5.5371174812316895
0.09463416039943695,0.09636879712343216,5.540871620178223
0.09472445398569107,0.09600792825222015,5.544695615768433
0.09481800347566605,0.09564223885536194,5.5491783618927
0.09491372108459473,0.09527269005775452,5.552920579910278
0.09501051157712936,0.09490032494068146,5.55670690536499
0.09510727971792221,0.09452618658542633,5.560474634170532
0.09520290046930313,0.09415135532617569,5.565441131591797
0.09529629349708557,0.09377693384885788,5.5691893100738525
0.09538636356592178,0.09340405464172363,5.573934316635132
0.09547202289104462,0.09303385019302368,5.578702688217163
0.0955522283911705,0.09266744554042816,5.58419942855835
0.09562593698501587,0.09230601042509079,5.5879740715026855
0.09569213539361954,0.0919506773352623,5.591775417327881
0.0957498773932457,0.09160256385803223,5.595874786376953
0.09579822421073914,0.09126278012990952,5.601147890090942
0.09583628177642822,0.09093240648508072,5.604875326156616
0.0958632081747055,0.0906125009059906,5.608626127243042
0.0958782210946083,0.09030405431985855,5.612502098083496
0.09588059782981873,0.09000804275274277,5.6166627407073975
0.09586963802576065,0.08972537517547607,5.620373725891113
0.09584474563598633,0.08945687860250473,5.62412691116333
0.09580537676811218,0.08920334279537201,5.628009796142578
0.09575102478265762,0.08896546810865402,5.632667303085327
0.09568129479885101,0.08874386548995972,5.636477708816528
0.09559585154056549,0.08853907883167267,5.640287160873413
0.09549441188573837,0.0883515477180481,5.644667387008667
0.09537680447101593,0.08818162232637405,5.649683952331543
0.09524289518594742,0.08802955597639084,5.653452634811401
0.09509266912937164,0.08789549022912979,5.657217264175415
0.0949261486530304,0.0877794697880745,5.661014556884766
0.09474346786737442,0.08768144249916077,5.665582656860352
0.09454482793807983,0.08760122954845428,5.669420480728149
0.09433051943778992,0.08753855526447296,5.673248767852783
0.09410088509321213,0.08749306201934814,5.677345037460327
0.09385636448860168,0.08746426552534103,5.682145118713379
0.09359747916460037,0.08745159208774567,5.685927391052246
0.09332480281591415,0.08745437860488892,5.689671516418457
0.09303901344537735,0.0874718576669693,5.693474531173706
0.09274083375930786,0.08750320971012115,5.698360443115234
0.09243106096982956,0.08754750341176987,5.702146768569946
0.09211056679487228,0.08760377019643784,5.705882549285889
0.09178026765584946,0.0876709371805191,5.709887266159058
0.09144113957881927,0.08774791657924652,5.714601993560791
0.09109422564506531,0.08783354610204697,5.718380689620972
0.09074059873819351,0.08792663365602493,5.72210955619812
0.09038138389587402,0.08802596479654312,5.725976467132568
0.09001774340867996,0.08813027292490005,5.73084568977356
0.08965085446834564,0.08823830634355545,5.73463249206543
0.08928194642066956,0.08834878355264664,5.738356590270996
0.088912233710289,0.08846045285463333,5.742149114608765
0.08854296803474426,0.08857204020023346,5.746165990829468
0.08817539364099503,0.08868230134248734,5.75017237663269
0.08781073987483978,0.08879001438617706,5.753895998001099
0.08745023608207703,0.08889400213956833,5.757672548294067
0.08709510415792465,0.08899310231208801,5.7619006633758545
0.08674650639295578,0.08908619731664658,5.766481637954712
0.08640559762716293,0.08917223662137985,5.770236492156982
0.08607345819473267,0.08925022184848785,5.774030685424805
0.08575116097927094,0.08931919187307358,5.777987241744995
0.08543967455625534,0.08937826752662659,5.782666921615601
0.0851399302482605,0.08942663669586182,5.78637170791626
0.08485277742147446,0.08946354687213898,5.790131092071533
0.0845789760351181,0.08948833495378494,5.793953895568848
0.08431922644376755,0.08950038999319077,5.798781394958496
0.08407410234212875,0.08949922025203705,5.802902460098267
0.0838441252708435,0.08948436379432678,5.8067755699157715
0.08362969011068344,0.08945547789335251,5.810694456100464
0.08343109488487244,0.08941227197647095,5.815498352050781
0.0832485482096672,0.08935458213090897,5.819242715835571
0.08308213204145432,0.08928227424621582,5.82300066947937
0.08293185383081436,0.08919533342123032,5.827359676361084
0.0827975943684578,0.08909379690885544,5.832321882247925
0.0826791450381279,0.08897780627012253,5.836118459701538
0.0825762152671814,0.0888475626707077,5.839892625808716
0.08248837292194366,0.08870334178209305,5.843668699264526
0.0824151560664177,0.08854552358388901,5.848337650299072
0.08235596865415573,0.08837450295686722,5.8521928787231445
0.08231016248464584,0.08819078654050827,5.856031179428101
0.08227702230215073,0.08799492567777634,5.859986305236816
0.08225575089454651,0.08778753131628036,5.864710330963135
0.08224549144506454,0.08756927400827408,5.868524074554443
0.0822453573346138,0.08734086900949478,5.872273683547974
0.08225440979003906,0.08710309118032455,5.876032829284668
0.08227166533470154,0.08685673773288727,5.880759954452515
0.08229614049196243,0.08660265058279037,5.884636163711548
0.08232679963111877,0.08634169399738312,5.8883936405181885
0.08236262947320938,0.08607476949691772,5.892178058624268
0.08240259438753128,0.08580280095338821,5.896123647689819
0.08244568109512329,0.08552670478820801,5.900176048278809
0.08249087631702423,0.08524741232395172,5.903883218765259
0.08253718912601471,0.08496587723493576,5.9076220989227295
0.08258365839719772,0.08468301594257355,5.911663293838501
0.08262935280799866,0.0843997448682785,5.9163596630096436
0.08267337083816528,0.08411698043346405,5.920198440551758
0.08271487057209015,0.08383559435606003,5.923999071121216
0.08275303989648819,0.08355644345283508,5.928011894226074
0.08278713375329971,0.08328034728765488,5.932811975479126
0.08281644433736801,0.08300808072090149,5.936522006988525
0.08284034579992294,0.08274038136005402,5.940280437469482
0.08285824209451675,0.08247793465852737,5.944087743759155
0.08286961913108826,0.0822213888168335,5.948817729949951
0.08287401497364044,0.08197130262851715,5.952554941177368
0.08287104219198227,0.08172821998596191,5.95634913444519
0.08286037296056747,0.0814925879240036,5.960129737854004
0.08284173905849457,0.08126479387283325,5.965070962905884
0.08281494677066803,0.08104518055915833,5.96886420249939
0.08277985453605652,0.08083400130271912,5.973006725311279
0.08273638784885406,0.08063145726919174,5.977038145065308
0.08268453180789948,0.08043767511844635,5.982539653778076
0.08262433856725693,0.08025272190570831,5.986929178237915
0.08255589008331299,0.08007659018039703,5.990941286087036
0.08247935771942139,0.07990921288728714,5.994740009307861
0.08239493519067764,0.07975047826766968,5.9999401569366455
0.08230287581682205,0.07960018515586853,6.003650665283203
0.08220347762107849,0.07945811003446579,6.00744891166687
0.08209707587957382,0.07932396233081818,6.011353015899658
0.0819840356707573,0.07919740676879883,6.016488790512085
0.08186476677656174,0.0790780559182167,6.02019476890564
0.08173970878124237,0.07896550744771957,6.023952960968018
0.08160930871963501,0.07885931432247162,6.027989625930786
0.08147405087947845,0.07875898480415344,6.033296823501587
0.0813344344496727,0.07866403460502625,6.037012338638306
0.08119095861911774,0.07857394218444824,6.040858507156372
0.08104413747787476,0.07848817855119705,6.044687747955322
0.08089449256658554,0.07840621471405029,6.049322605133057
0.08074255287647247,0.0783274918794632,6.053206443786621
0.08058880269527435,0.07825148105621338,6.05711030960083
0.08043377101421356,0.07817765325307846,6.061023950576782
0.0802779346704483,0.07810547947883606,6.066033840179443
0.08012177050113678,0.07803446054458618,6.069763422012329
0.079965740442276,0.07796409726142883,6.073496580123901
0.07981027662754059,0.077893927693367,6.077273845672607
0.07965578138828278,0.07782351225614548,6.0820910930633545
0.079502634704113,0.07775242626667023,6.085914611816406
0.07935119420289993,0.07768028974533081,6.089722394943237
0.07920177280902863,0.07760675251483917,6.093581676483154
0.07905466854572296,0.07753148674964905,6.098425388336182
0.07891010493040085,0.07745421677827835,6.1022560596466064
0.07876832038164139,0.07737468928098679,6.106030464172363
0.07862946391105652,0.07729269564151764,6.109822750091553
0.07849369943141937,0.07720806449651718,6.114591121673584
0.07836110889911652,0.07712065428495407,6.118401288986206
0.07823175936937332,0.07703037559986115,6.12224555015564
0.07810569554567337,0.07693716138601303,6.126022577285767
0.07798289507627487,0.07684098929166794,6.130827903747559
0.07786332070827484,0.07674185931682587,6.134673118591309
0.0777469053864479,0.07663983851671219,6.138363361358643
0.07763353735208511,0.07653497159481049,6.142154216766357
0.07752306759357452,0.0764273852109909,6.146136045455933
0.0774153620004654,0.0763172134757042,6.150257587432861
0.0773102268576622,0.07620461285114288,6.154085397720337
0.07720743864774704,0.0760897621512413,6.157873630523682
0.0771067887544632,0.07597288489341736,6.161913871765137
0.07700802385807037,0.07585420459508896,6.166539907455444
0.07691088318824768,0.07573395222425461,6.170266151428223
0.07681509852409363,0.07561241090297699,6.174013137817383
0.07672038674354553,0.0754898339509964,6.177987575531006
0.07662646472454071,0.07536651939153671,6.18261194229126
0.07653304189443588,0.07524274289608002,6.186447620391846
0.07643982023000717,0.07511879503726959,6.1902666091918945
0.0763465166091919,0.07499498128890991,6.194104194641113
0.07625284045934677,0.07487159222364426,6.198812484741211
0.07615850120782852,0.0747489184141159,6.20254921913147
0.07606324553489685,0.07462724298238754,6.206284046173096
0.07596678286790848,0.07450684905052185,6.210062026977539
0.0758688896894455,0.07438799738883972,6.214701414108276
0.07576930522918701,0.07427095621824265,6.218489170074463
0.07566782087087631,0.07415595650672913,6.2222206592559814
0.07556421309709549,0.07404323667287827,6.226179599761963
0.07545831054449081,0.07393299788236618,6.230792999267578
0.07534991949796677,0.07382544875144958,6.23457145690918
0.0752389058470726,0.07372074574232101,6.238286256790161
0.07512513548135757,0.0736190527677536,6.2420713901519775
0.07500848174095154,0.07352050393819809,6.246156215667725
0.07488887012004852,0.07342521846294403,6.250152587890625
0.07476621866226196,0.0733332633972168,6.253926515579224
0.07464047521352768,0.07324472814798355,6.2576868534088135
0.07451162487268448,0.07315965741872787,6.261691331863403
0.07437964528799057,0.07307806611061096,6.266489267349243
0.07424455881118774,0.07299995422363281,6.270192861557007
0.07410638779401779,0.07292530685663223,6.274117708206177
0.07396518439054489,0.07285408675670624,6.27802586555481
0.07382103055715561,0.07278623431921005,6.282618999481201
0.07367400079965591,0.07272166013717651,6.286382436752319
0.07352419942617416,0.07266026735305786,6.2901318073272705
0.07337174564599991,0.07260195165872574,6.293919801712036
0.07321678102016449,0.0725465714931488,6.298881769180298
0.07305945456027985,0.07249397784471512,6.302780389785767
0.07289993762969971,0.07244400680065155,6.306560754776001
0.07273837924003601,0.07239649444818497,6.31012225151062
0.07257498800754547,0.07235124707221985,6.314702033996582
0.07240995019674301,0.07230806350708008,6.319082736968994
0.07224345952272415,0.07226674258708954,6.322851657867432
0.0720757469534874,0.07222708314657211,6.326552629470825
0.07190702110528946,0.0721888542175293,6.33177638053894
0.07173749804496765,0.07215183228254318,6.335942029953003
0.07156740874052048,0.07211580127477646,6.3396971225738525
0.07139698415994644,0.07208051532506943,6.3434672355651855
0.07122645527124405,0.07204575836658478,6.348381519317627
0.07105604559183121,0.072011299431324,6.352282285690308
0.07088599354028702,0.07197690010070801,6.356018543243408
0.07071652263402939,0.07194233685731888,6.359814405441284
0.07054787129163742,0.07190738618373871,6.364634037017822
0.07038024812936783,0.07187182456254959,6.368581056594849
0.07021389901638031,0.07183543592691422,6.372348785400391
0.07004901021718979,0.07179801911115646,6.3761327266693115
0.06988581269979477,0.07175935804843903,6.380793571472168
0.06972450017929077,0.07171925902366638,6.384735345840454
0.06956528127193451,0.07167752832174301,6.389429569244385
0.06940833479166031,0.07163398712873459,6.393583536148071
0.0692538470029831,0.07158846408128738,6.399236679077148
0.06910199671983719,0.07154078036546707,6.403104782104492
0.06895294040441513,0.07149079442024231,6.406862735748291
0.06880684942007065,0.07143834233283997,6.4106550216674805
0.06866385042667389,0.0713832899928093,6.416019916534424
0.06852409988641739,0.07132550328969955,6.41972541809082
0.0683877170085907,0.07126486301422119,6.423507452011108
0.06825482845306396,0.07120125740766525,6.4273011684417725
0.06812553852796555,0.07113458216190338,6.432255029678345
0.0679999440908432,0.07106473296880722,6.436053276062012
0.06787813454866409,0.0709916427731514,6.439805746078491
0.06776019185781479,0.07091521471738815,6.4435715675354
0.06764618307352066,0.07083538919687271,6.448481798171997
0.06753617525100708,0.0707521066069603,6.452309846878052
0.06743021309375763,0.07066531479358673,6.456041097640991
0.06732833385467529,0.07057496160268784,6.4598305225372314
0.06723058223724365,0.07048100978136063,6.464693784713745
0.0671369731426239,0.07038344442844391,6.468506097793579
0.06704752892255783,0.0702822282910347,6.472235202789307
0.06696224212646484,0.070177361369133,6.476016521453857
0.06688112020492554,0.07006881386041641,6.480805158615112
0.06680415570735931,0.06995660066604614,6.484684944152832
0.06673133373260498,0.06984072178602219,6.488386392593384
0.06666260957717896,0.06972118467092514,6.492275953292847
0.06659796833992004,0.06959801912307739,6.497431039810181
0.06653736531734467,0.06947122514247894,6.501321077346802
0.06648074090480804,0.06934084743261337,6.505178928375244
0.06642806529998779,0.06920692324638367,6.50897741317749
0.06637924909591675,0.06906948238611221,6.513129711151123
0.06633424013853073,0.06892857700586319,6.517083406448364
0.06629294902086258,0.06878425925970078,6.520817518234253
0.06625530123710632,0.06863657385110855,6.524672508239746
0.0662212073802948,0.06848561018705368,6.528597354888916
0.06619056314229965,0.06833141297101974,6.533066272735596
0.06616327166557312,0.06817407160997391,6.536898612976074
0.06613921374082565,0.06801366060972214,6.540857315063477
0.0661182776093483,0.0678502768278122,6.545008897781372
0.06610032171010971,0.06768401712179184,6.549692153930664
0.06608522683382034,0.06751497834920883,6.553514003753662
0.06607284396886826,0.06734327971935272,6.557298898696899
0.0660630315542221,0.06716903299093246,6.561327695846558
0.06605561077594757,0.0669923648238182,6.565965175628662
0.0660504400730133,0.06681342422962189,6.5699522495269775
0.06604733318090439,0.06663234531879425,6.573714256286621
0.0660461038351059,0.06644928455352783,6.57759165763855
0.0660465657711029,0.06626440584659576,6.582199335098267
0.0660485103726387,0.06607788056135178,6.58596396446228
0.06605174392461777,0.0658898875117302,6.5896852016448975
0.06605605036020279,0.06570063531398773,6.59344744682312
0.06606118381023407,0.0655103251338005,6.5983288288116455
0.0660669207572937,0.06531916558742523,6.602136850357056
0.06607303768396378,0.06512738019227982,6.6058690547943115
0.0660792663693428,0.06493521481752396,6.609650373458862
0.06608535349369049,0.06474290788173676,6.614593744277954
0.06609103828668594,0.0645507276058197,6.6184022426605225
0.06609605997800827,0.06435894221067429,6.622240304946899
0.06610013544559479,0.0641678124666214,6.626112222671509
0.06610298156738281,0.06397764384746552,6.63130259513855
0.06610433012247086,0.06378871202468872,6.635504961013794
0.06610387563705444,0.06360134482383728,6.639439105987549
0.06610134989023209,0.06341582536697388,6.643301725387573
0.06609643995761871,0.06323249638080597,6.647968053817749
0.06608887016773224,0.06305165588855743,6.651862144470215
0.06607833504676819,0.06287363916635513,6.655604362487793
0.06606455892324448,0.06269876658916473,6.6593921184539795
0.06604725867509842,0.0625273734331131,6.664083957672119
0.06602613627910614,0.062359780073165894,6.667982816696167
0.06600093841552734,0.06219630688428879,6.671689748764038
0.06597138196229935,0.06203727051615715,6.67546010017395
0.06593721359968185,0.06188298761844635,6.679430961608887
0.06589818745851517,0.06173375993967056,6.683346509933472
0.06585406512022018,0.06158987432718277,6.687201738357544
0.0658046156167984,0.061451610177755356,6.690988063812256
0.0657496452331543,0.06131923571228981,6.694988489151001
0.06568896025419235,0.061192985624074936,6.699254512786865
0.06562238186597824,0.06107310205698013,6.703081846237183
0.06554975360631943,0.06095977872610092,6.706830978393555
0.06547094881534576,0.06085319072008133,6.710589647293091
0.0653858557343483,0.06075350567698479,6.715031862258911
0.06529437750577927,0.060660842806100845,6.718822956085205
0.0651964619755745,0.06057530641555786,6.72257661819458
0.0650920644402504,0.06049695611000061,6.726442098617554
0.06498118489980698,0.060425836592912674,6.730838775634766
0.06486382335424423,0.06036193668842316,6.7346789836883545
0.06474003940820694,0.060305241495370865,6.738382816314697
0.06460989266633987,0.060255665332078934,6.742169380187988
0.06447350233793259,0.0602131225168705,6.746089458465576
0.06433098763227463,0.06017746403813362,6.750000953674316
0.06418251246213913,0.06014852225780487,6.754008531570435
0.06402827799320221,0.060126081109046936,6.757799386978149
0.06386850029230118,0.06010990962386131,6.761690139770508
0.06370342522859573,0.060099732130765915,6.765928268432617
0.06353332847356796,0.06009523570537567,6.769726753234863
0.06335853785276413,0.06009608879685402,6.773466348648071
0.06317935883998871,0.06010191887617111,6.777441740036011
0.06299617141485214,0.06011234223842621,6.782124996185303
0.06280934810638428,0.06012693792581558,6.785943984985352
0.06261929124593735,0.060145266354084015,6.789699077606201
0.06242642551660538,0.060166873037815094,6.7946577072143555
0.062231194227933884,0.06019128859043121,6.799978256225586
0.062034059315919876,0.06021801754832268,6.803707122802734
0.06183549389243126,0.06024657189846039,6.8075056076049805
0.06163596734404564,0.060276441276073456,6.811365127563477
0.061435990035533905,0.06030711904168129,6.81653618812561
0.06123603880405426,0.0603380985558033,6.820265769958496
0.061036624014377594,0.06036887317895889,6.824011325836182
0.0608382374048233,0.06039893999695778,6.828011751174927
0.06064137816429138,0.06042779982089996,6.833385944366455
0.060446519404649734,0.06045498326420784,6.837217092514038
0.06025414168834686,0.0604800209403038,6.841009855270386
0.06006470322608948,0.06050245463848114,6.845056533813477
0.059878647327423096,0.060521870851516724,6.849847793579102
0.05969639867544174,0.060537856072187424,6.853640556335449
0.059518348425626755,0.0605500191450119,6.857398509979248
0.05934487283229828,0.060558024793863297,6.861348390579224
0.059176310896873474,0.060561537742614746,6.865965366363525
0.05901297181844711,0.06056026369333267,6.869776010513306
0.05885513499379158,0.06055394560098648,6.8735222816467285
0.05870303139090538,0.060542356222867966,6.877364873886108
0.058556873351335526,0.060525305569171906,6.882232666015625
0.05841681361198425,0.06050262600183487,6.886013746261597
0.05828297510743141,0.0604742094874382,6.889753341674805
0.05815543979406357,0.06043996661901474,6.893516302108765
0.05803424492478371,0.0603998526930809,6.898332357406616
0.05791938304901123,0.06035385653376579,6.902124881744385
0.057810816913843155,0.0603020042181015,6.9058427810668945
0.05770845711231232,0.0602443628013134,6.909606456756592
0.05761218070983887,0.060181017965078354,6.914585113525391
0.05752183124423027,0.06011210381984711,6.918433666229248
0.05743720009922981,0.06003778800368309,6.922173261642456
0.05735807120800018,0.059958264231681824,6.925940990447998
0.057284172624349594,0.05987374112010002,6.930778503417969
0.05721522122621536,0.05978447198867798,6.934637784957886
0.05715090036392212,0.05969073623418808,6.938345670700073
0.0570908784866333,0.05959281697869301,6.942117214202881
0.05703479424118996,0.05949103459715843,6.946157455444336
0.05698228254914284,0.059385716915130615,6.950083255767822
0.0569329634308815,0.05927720293402672,6.953881740570068
0.056886445730924606,0.05916585400700569,6.957643270492554
0.05684233829379082,0.059052031487226486,6.961693286895752
0.056800246238708496,0.05893610045313835,6.9664270877838135
0.0567597821354866,0.058818429708480835,6.970198631286621
0.0567205548286438,0.05869939178228378,6.974132061004639
0.05668220296502113,0.05857934057712555,6.97835636138916
0.05664435401558876,0.05845864117145538,6.983053922653198
0.05660666525363922,0.058337632566690445,6.986924171447754
0.05656881257891655,0.0582166463136673,6.9907450675964355
0.056530486792325974,0.05809600278735161,6.995001316070557
0.05649140477180481,0.05797599256038666,6.999760389328003
0.05645131319761276,0.05785689875483513,7.00357985496521
0.05640997365117073,0.05773897096514702,7.007364273071289
0.056367188692092896,0.05762244015932083,7.011326313018799
0.05632278695702553,0.05750750005245209,7.015918731689453
0.05627662315964699,0.05739433690905571,7.019670009613037
0.05622858181595802,0.05728308856487274,7.023422479629517
0.05617858096957207,0.05717386677861214,7.027187347412109
0.05612657964229584,0.057066768407821655,7.031665325164795
0.056072548031806946,0.05696183815598488,7.03546404838562
0.05601649731397629,0.056859105825424194,7.039577960968018
0.05595846846699715,0.056758563965559006,7.043382883071899
0.055898524820804596,0.056660186499357224,7.047960519790649
0.0558367595076561,0.056563906371593475,7.051862478256226
0.0557732880115509,0.056469641625881195,7.055596590042114
0.05570824816823006,0.05637727677822113,7.059370040893555
0.055641792714595795,0.056286681443452835,7.063192129135132
0.05557411164045334,0.056197699159383774,7.0670084953308105
0.055505383759737015,0.056110162287950516,7.070768117904663
0.055435821413993835,0.05602388083934784,7.0745604038238525
0.05536563694477081,0.05593864992260933,7.078490734100342
0.05529505014419556,0.05585426464676857,7.083023548126221
0.05522428825497627,0.05577050521969795,7.086791515350342
0.055153585970401764,0.05568714812397957,7.090851545333862
0.05508316308259964,0.055603962391614914,7.094689846038818
0.05501324310898781,0.05552073195576668,7.099243402481079
0.05494404956698418,0.05543723329901695,7.103003025054932
0.054875776171684265,0.055353257805109024,7.1067328453063965
0.05480862781405449,0.05526859313249588,7.11052131652832
0.054742779582738876,0.0551830492913723,7.115057468414307
0.054678402841091156,0.055096451193094254,7.118925333023071
0.05461563169956207,0.055008627474308014,7.122654676437378
0.05455460026860237,0.05491944029927254,7.126433372497559
0.05449540168046951,0.05482875928282738,7.13080096244812
0.05443812161684036,0.054736487567424774,7.134615182876587
0.0543828085064888,0.054642532020807266,7.138347625732422
0.05432949960231781,0.054546844214200974,7.142138481140137
0.054278191179037094,0.05444939061999321,7.146063804626465
0.05422886833548546,0.05435015633702278,7.150010585784912
0.054181478917598724,0.05424916371703148,7.15377402305603
0.05413594841957092,0.05414645001292229,7.157542705535889
0.054092179983854294,0.05404208227992058,7.1613616943359375
0.05405005067586899,0.05393615737557411,7.165864944458008
0.05400942265987396,0.05382879078388214,7.16961407661438
0.05397012457251549,0.05372011289000511,7.1733551025390625
0.05393196642398834,0.053610291332006454,7.177196025848389
0.05389474704861641,0.0534995011985302,7.181859254837036
0.053858254104852676,0.05338794365525246,7.185867786407471
0.05382225289940834,0.05327583849430084,7.189734697341919
0.053786501288414,0.05316340923309326,7.193494081497192
0.05375073477625847,0.05305090174078941,7.1988255977630615
0.053714703768491745,0.05293857306241989,7.203457593917847
0.05367814376950264,0.05282668396830559,7.207237482070923
0.053640786558389664,0.05271550267934799,7.21101713180542
0.053602367639541626,0.052605293691158295,7.215885639190674
0.053562626242637634,0.05249634012579918,7.219706058502197
0.053521305322647095,0.052388906478881836,7.223479747772217
0.05347815528512001,0.052283257246017456,7.227413177490234
0.05343294516205788,0.052179645746946335,7.232097387313843
0.053385451436042786,0.052078332751989365,7.235991477966309
0.05333544686436653,0.05197954550385475,7.239865779876709
0.05328275263309479,0.0518835075199604,7.243709564208984
0.05322718247771263,0.05179043114185333,7.248942852020264
0.053168583661317825,0.051700495183467865,7.252855062484741
0.05310681089758873,0.05161387845873833,7.2565858364105225
0.05304175615310669,0.05153071507811546,7.260401964187622
0.052973322570323944,0.05145114287734032,7.2650840282440186
0.052901435643434525,0.05137524753808975,7.268983602523804
0.05282605439424515,0.05130310729146004,7.272708415985107
0.05274715647101402,0.05123477429151535,7.276504278182983
0.05266473442316055,0.051170267164707184,7.281306028366089
0.05257882550358772,0.05110957846045494,7.285198450088501
0.052489474415779114,0.05105268210172653,7.2889392375946045
0.0523967482149601,0.05099952220916748,7.292738676071167
0.05230075865983963,0.050950005650520325,7.297439098358154
0.052201610058546066,0.0509040392935276,7.301249027252197
0.05209944397211075,0.050861481577157974,7.3049561977386475
0.051994431763887405,0.0508221834897995,7.308737516403198
0.05188673734664917,0.05078596621751785,7.312844276428223
0.051776569336652756,0.05075264722108841,7.316816091537476
0.05166412889957428,0.05072199925780296,7.3205084800720215
0.051549650728702545,0.050693802535533905,7.324252128601074
0.05143337696790695,0.050667814910411835,7.328065872192383
0.051315560936927795,0.05064378306269646,7.3325347900390625
0.05119645968079567,0.050621435046195984,7.336276292800903
0.051076337695121765,0.050600506365299225,7.340012788772583
0.050955481827259064,0.0505807138979435,7.343790769577026
0.05083417147397995,0.050561774522066116,7.3483827114105225
0.05071267485618591,0.0505434013903141,7.352193832397461
0.05059128254652023,0.05052531510591507,7.356017112731934
0.050470273941755295,0.05050722882151604,7.359781742095947
0.05034993588924408,0.05048885941505432,7.36470103263855
0.05023052543401718,0.05046993866562843,7.3684680461883545
0.050112318247556686,0.05045020207762718,7.372234582901001
0.04999556764960289,0.05042938515543938,7.375995874404907
0.04988051950931549,0.05040724202990532,7.380795955657959
0.04976741597056389,0.05038353428244591,7.384637355804443
0.04965648055076599,0.05035804212093353,7.388341426849365
0.049547918140888214,0.05033055320382118,7.392178773880005
0.049441929906606674,0.05030086636543274,7.397425889968872
0.049338698387145996,0.05026880279183388,7.401535511016846
0.049238380044698715,0.050234194844961166,7.40539026260376
0.04914112761616707,0.050196897238492966,7.409305810928345
0.049047067761421204,0.05015677958726883,7.414118766784668
0.04895631596446037,0.05011371523141861,7.418059349060059
0.04886895790696144,0.050067611038684845,7.421931743621826
0.04878506809473038,0.05001838877797127,7.425828695297241
0.048704709857702255,0.04996597766876221,7.430766820907593
0.04862791672348976,0.04991032928228378,7.434689283370972
0.04855470731854439,0.049851417541503906,7.438536167144775
0.048485081642866135,0.049789223819971085,7.4424450397491455
0.048419028520584106,0.049723751842975616,7.4474546909332275
0.04835651069879532,0.0496550127863884,7.451423168182373
0.04829748347401619,0.049583036452531815,7.455271005630493
0.04824187606573105,0.049507878720760345,7.4591591358184814
0.04818961024284363,0.04942959174513817,7.46411657333374
0.048140592873096466,0.04934825003147125,7.467984437942505
0.04809471219778061,0.04926393926143646,7.471712350845337
0.048051852732896805,0.049176763743162155,7.475519418716431
0.04801188036799431,0.04908682405948639,7.479491710662842
0.04797464609146118,0.04899425059556961,7.483471155166626
0.047940004616975784,0.04889916256070137,7.4873411655426025
0.047907788306474686,0.04880170896649361,7.491113185882568
0.047877829521894455,0.048702042549848557,7.495239496231079
0.04784994572401047,0.04860030859708786,7.499802827835083
0.0478239506483078,0.048496685922145844,7.503726005554199
0.04779965803027153,0.04839133843779564,7.507514953613281
0.04777687042951584,0.04828444868326187,7.511380434036255
0.04775538668036461,0.048176199197769165,7.515915632247925
0.04773499816656113,0.04806677997112274,7.519739627838135
0.04771551117300987,0.04795638471841812,7.523491859436035
0.047696709632873535,0.04784521833062172,7.527307033538818
0.0476783812046051,0.04773346707224846,7.532193422317505
0.04766032472252846,0.04762135073542595,7.535987377166748
0.04764232411980629,0.04750906676054001,7.539716482162476
0.04762417450547218,0.04739682376384735,7.543485641479492
0.047605667263269424,0.04728483408689499,7.548349142074585
0.047586601227521896,0.04717329517006874,7.552157402038574
0.047566771507263184,0.047062430530786514,7.556051731109619
0.04754598066210747,0.04695243015885353,7.559827566146851
0.04752403870224953,0.0468435063958168,7.564563274383545
0.04750074818730354,0.046735867857933044,7.5683753490448
0.04747593775391579,0.04662969708442688,7.572115421295166
0.047449417412281036,0.04652519151568413,7.575890064239502
0.04742102324962616,0.04642254859209061,7.580784559249878
0.047390591353178024,0.046321939677000046,7.584639310836792
0.047357965260744095,0.04622354358434677,7.588357210159302
0.04732300341129303,0.046127527952194214,7.592138767242432
0.047285567969083786,0.04603404924273491,7.596144676208496
0.04724552482366562,0.04594326391816139,7.600117444992065
0.04720276594161987,0.04585529863834381,7.604724168777466
0.047157179564237595,0.04577029496431351,7.609151363372803
0.04710868000984192,0.04568835720419884,7.614383697509766
0.04705718159675598,0.04560959339141846,7.618424892425537
0.04700261726975441,0.04553409293293953,7.622171401977539
0.046944934874773026,0.04546192288398743,7.626040935516357
0.046884093433618546,0.04539315029978752,7.6311352252960205
0.046820078045129776,0.045327816158533096,7.635004281997681
0.04675286263227463,0.04526594281196594,7.638709306716919
0.046682458370923996,0.045207541435956955,7.642477512359619
0.04660889878869057,0.045152612030506134,7.647573709487915
0.04653221368789673,0.045101117342710495,7.651414155960083
0.04645245149731636,0.045053016394376755,7.655139446258545
0.04636969044804573,0.045008253306150436,7.6589272022247314
0.046284016221761703,0.04496673867106438,7.663142204284668
0.046195533126592636,0.044928379356861115,7.6670615673065186
0.04610436037182808,0.0448930598795414,7.670759439468384
0.046010639518499374,0.04486064612865448,7.674530982971191
0.04591451585292816,0.044830985367298126,7.678668022155762
0.04581616446375847,0.044803913682699203,7.6831889152526855
0.04571576416492462,0.04477924108505249,7.686893701553345
0.04561350867152214,0.04475678130984306,7.690621614456177
0.045509617775678635,0.044736310839653015,7.694398403167725
0.04540431126952171,0.044717613607645035,7.6993162631988525
0.04529782384634018,0.04470045119524002,7.703023195266724
0.04519039765000343,0.044684574007987976,7.706766128540039
0.04508228972554207,0.044669732451438904,7.710533857345581
0.044973764568567276,0.044655658304691315,7.715474605560303
0.04486508667469025,0.044642090797424316,7.719411373138428
0.044756531715393066,0.044628750532865524,7.723136901855469
0.04464838653802872,0.04461536183953285,7.726982355117798
0.04454091563820839,0.04460165649652481,7.731781482696533
0.044434405863285065,0.04458735138177872,7.735567092895508
0.04432912915945053,0.04457217827439308,7.739289045333862
0.044225361198186874,0.04455586522817612,7.743051528930664
0.044123370200395584,0.04453814774751663,7.747928857803345
0.04402340576052666,0.04451878368854523,7.751877069473267
0.043925728648900986,0.04449751228094101,7.755594730377197
0.043830569833517075,0.044474102556705475,7.759366512298584
0.04373815283179283,0.04444833844900131,7.764086723327637
0.04364868625998497,0.04442001134157181,7.767927408218384
0.043562356382608414,0.044388920068740845,7.771608591079712
0.04347934201359749,0.04435490444302559,7.7753894329071045
0.04339979216456413,0.04431779310107231,7.779507398605347
0.043323833495378494,0.044277455657720566,7.783468008041382
0.04325157776474953,0.0442337766289711,7.7871599197387695
0.0431830957531929,0.044186659157276154,7.790933132171631
0.04311845451593399,0.04413602501153946,7.794738292694092
0.04305768385529518,0.044081829488277435,7.799320697784424
0.043000783771276474,0.044024039059877396,7.8030781745910645
0.042947735637426376,0.04396265745162964,7.80683708190918
0.04289849102497101,0.04389770328998566,7.810631275177002
0.042852967977523804,0.04382921755313873,7.8156898021698
0.0428110733628273,0.04375727102160454,7.819481611251831
0.04277266934514046,0.04368196055293083,7.823479890823364
0.042737606912851334,0.04360340163111687,7.827256679534912
0.0427057109773159,0.043521732091903687,7.832202434539795
0.04267678037285805,0.043437112122774124,7.835945129394531
0.04265059530735016,0.0433497354388237,7.839690685272217
0.042626913636922836,0.04325979948043823,7.8434553146362305
0.04260547086596489,0.04316752776503563,7.848412275314331
0.04258599504828453,0.043073173612356186,7.852296590805054
0.04256819933652878,0.0429769866168499,7.856189966201782
0.04255177825689316,0.04287924990057945,7.859957933425903
0.0425364188849926,0.04278025031089783,7.864626169204712
0.04252180457115173,0.0426802858710289,7.868444204330444
0.042507603764534,0.04257967323064804,7.872177600860596
0.04249349236488342,0.04247873276472092,7.875980377197266
0.04247913509607315,0.0423777811229229,7.880774021148682
0.04246421158313751,0.042277153581380844,7.8845837116241455
0.042448386549949646,0.04217718169093132,7.888306140899658
0.04243135452270508,0.04207818955183029,7.8920838832855225
0.04241279140114784,0.041980501264333725,7.896176815032959
0.04239240288734436,0.041884444653987885,7.900131940841675
0.04236990585923195,0.041790321469306946,7.903822422027588
0.042345017194747925,0.04169843718409538,7.907568454742432
0.04231748357415199,0.04160907864570618,7.911708354949951
0.04228706657886505,0.041522521525621414,7.916494846343994
0.042253538966178894,0.04143901541829109,7.920251846313477
0.0422167144715786,0.041358791291713715,7.924027919769287
0.04217639937996864,0.04128207266330719,7.928019046783447
0.042132455855607986,0.04120904207229614,7.932622671127319
0.042084742337465286,0.0411398708820343,7.936308145523071
0.04203316196799278,0.04107469320297241,7.940040111541748
0.04197763279080391,0.04101362079381943,7.9438207149505615
0.04191810265183449,0.04095673933625221,7.94880485534668
0.04185454919934273,0.040904100984334946,7.952641487121582
0.04178697243332863,0.04085572436451912,7.956420183181763
0.041715409606695175,0.040811605751514435,7.9601991176605225
0.04163990914821625,0.04077170416712761,7.965001106262207
0.04156056419014931,0.04073595628142357,7.968804836273193
0.04147747904062271,0.040704257786273956,7.972537517547607
0.0413907952606678,0.04067649319767952,7.976367950439453
0.04130067303776741,0.04065249487757683,7.981237888336182
0.04120730236172676,0.040632087737321854,7.9850380420684814
0.041110895574092865,0.04061506688594818,7.988752126693726
0.04101167991757393,0.04060119390487671,7.992517471313477
0.040909916162490845,0.04059021919965744,7.997442007064819
0.0408058799803257,0.04058186337351799,8.001284837722778
0.040699854493141174,0.040575843304395676,8.004995822906494
0.04059216007590294,0.04057184234261513,8.009703874588013
0.04048311337828636,0.04056954011321068,8.014863729476929
0.0403730534017086,0.040568601340055466,8.018887281417847
0.04026231914758682,0.04056867957115173,8.022627592086792
0.04015127569437027,0.040569428354501724,8.026478290557861
0.0400402806699276,0.04057048633694649,8.03161072731018
0.039929695427417755,0.04057150334119797,8.035460233688354
0.03981988877058029,0.040572114288806915,8.039193868637085
0.039711229503154755,0.04057196527719498,8.04297661781311
0.0396040715277195,0.040570709854364395,8.048340320587158
0.03949877619743347,0.04056800529360771,8.052186965942383
0.03939569368958473,0.040563516318798065,8.055933713912964
0.03929515555500984,0.04055691882967949,8.059710502624512
0.03919748589396477,0.04054789990186691,8.064732789993286
0.03910299763083458,0.040536168962717056,8.068562269210815
0.03901198133826256,0.04052145034074783,8.07231855392456
0.038924701511859894,0.040503475815057755,8.076110124588013
0.03884141147136688,0.04048201069235802,8.08084225654602
0.03876233845949173,0.04045683145523071,8.084718942642212
0.038687676191329956,0.040427740663290024,8.088422060012817
0.038617610931396484,0.04039456322789192,8.092214107513428
0.03855227679014206,0.04035714641213417,8.096611499786377
0.03849179297685623,0.04031536355614662,8.100522518157959
0.03843625262379646,0.04026911035180092,8.104321479797363
0.03838570415973663,0.04021831229329109,8.108083486557007
0.03834017366170883,0.04016291722655296,8.111957311630249
0.03829966485500336,0.04010289907455444,8.116542339324951
0.03826413303613663,0.040038254112005234,8.120252847671509
0.03823351487517357,0.03996901959180832,8.124006271362305
0.03820771351456642,0.03989523649215698,8.128044128417969
0.03818660229444504,0.03981698304414749,8.132696151733398
0.03817003220319748,0.0397343672811985,8.13639783859253
0.03815782442688942,0.03964751213788986,8.140154123306274
0.038149770349264145,0.039556559175252914,8.143935441970825
0.03814564645290375,0.039461687207221985,8.148954629898071
0.03814519941806793,0.03936308994889259,8.152657985687256
0.03814816474914551,0.039260976016521454,8.156387329101562
0.038154251873493195,0.03915557637810707,8.16019058227539
0.038163162767887115,0.03904714807868004,8.165071725845337
0.0381745807826519,0.03893595561385155,8.1688871383667
0.03818817809224129,0.038822274655103683,8.172597169876099
0.03820361942052841,0.03870640695095062,8.17638349533081
0.038220565766096115,0.03858865424990654,8.181277751922607
0.03823866695165634,0.0384693406522274,8.1850905418396
0.03825758397579193,0.03834878280758858,8.188805103302002
0.03827695921063423,0.03822731971740723,8.19257116317749
0.03829645365476608,0.03810529038310051,8.197452068328857
0.03831572085618973,0.03798302635550499,8.201395034790039
0.038334425538778305,0.037860870361328125,8.205155372619629
0.038352251052856445,0.037739165127277374,8.20901346206665
0.038368865847587585,0.0376182459294796,8.213170289993286
0.03838397189974785,0.037498440593481064,8.217183589935303
0.03839727118611336,0.037380073219537735,8.22088885307312
0.03840849548578262,0.03726346418261528,8.22465968132019
0.03841736912727356,0.03714890778064728,8.228615522384644
0.038423649966716766,0.0370367057621479,8.233182191848755
0.038427114486694336,0.036927130073308945,8.23694920539856
0.03842754289507866,0.03682044893503189,8.240728378295898
0.038424745202064514,0.036716897040605545,8.2446928024292
0.03841855376958847,0.03661671280860901,8.249319791793823
0.03840881586074829,0.0365200899541378,8.253020524978638
0.03839539736509323,0.036427222192287445,8.256791830062866
0.03837818652391434,0.03633826971054077,8.260555744171143
0.038357097655534744,0.036253370344638824,8.265007972717285
0.03833205997943878,0.03617265075445175,8.268967390060425
0.03830301761627197,0.03609619662165642,8.272685289382935
0.038269951939582825,0.03602408245205879,8.276443719863892
0.038232848048210144,0.03595634922385216,8.280837059020996
0.038191717118024826,0.035893023014068604,8.284598350524902
0.03814658895134926,0.03583410382270813,8.288333177566528
0.03809751570224762,0.03577956557273865,8.29211711883545
0.03804455325007439,0.035729363560676575,8.29613447189331
0.03798779100179672,0.03568343073129654,8.30008602142334
0.03792732208967209,0.03564167395234108,8.303786039352417
0.03786326199769974,0.03560399264097214,8.307536125183105
0.03779573366045952,0.035570256412029266,8.311375141143799
0.03772487863898277,0.03554032742977142,8.315940141677856
0.03765084594488144,0.035514045506715775,8.319669008255005
0.03757379576563835,0.03549123555421829,8.32339358329773
0.03749390318989754,0.03547172248363495,8.327274799346924
0.037411339581012726,0.035455308854579926,8.331706762313843
0.03732629492878914,0.03544178605079651,8.335493326187134
0.037238962948322296,0.03543095290660858,8.339223384857178
0.03714952990412712,0.035422589629888535,8.342985391616821
0.03705820068717003,0.03541648015379906,8.347485780715942
0.03696516901254654,0.03541239723563194,8.351288795471191
0.03687064349651337,0.03541012108325958,8.354982376098633
0.03677481785416603,0.03540942817926407,8.358765363693237
0.03667789325118065,0.03541010245680809,8.362771272659302
0.03658007085323334,0.035411931574344635,8.36686086654663
0.03648153319954872,0.035414692014455795,8.37060832977295
0.03638247027993202,0.03541819006204605,8.374361038208008
0.036283060908317566,0.035422228276729584,8.37813949584961
0.03618348389863968,0.03542661294341087,8.382544755935669
0.036083903163671494,0.035431161522865295,8.386343955993652
0.035984475165605545,0.03543571010231972,8.390081405639648
0.03588534891605377,0.03544009104371071,8.3938729763031
0.03578667342662811,0.03544415533542633,8.398346185684204
0.03568856418132782,0.03544777259230614,8.402124404907227
0.03559114784002304,0.035450804978609085,8.405940771102905
0.03549453243613243,0.03545314073562622,8.410622596740723
0.03539881855249405,0.03545468673110008,8.415313243865967
0.03530409187078476,0.035455334931612015,8.41907000541687
0.03521042689681053,0.03545501455664635,8.422929525375366
0.03511789068579674,0.03545365110039711,8.426887512207031
0.03502654284238815,0.035451192408800125,8.432140827178955
0.03493642807006836,0.03544759005308151,8.435928344726562
0.03484757989645004,0.03544280678033829,8.439681053161621
0.034760020673274994,0.035436809062957764,8.443453073501587
0.0346737802028656,0.035429589450359344,8.448338270187378
0.03458885848522186,0.035421133041381836,8.452126026153564
0.034505266696214676,0.03541143238544464,8.455857753753662
0.03442300111055374,0.03540049493312836,8.4596266746521
0.03434204310178757,0.035388339310884476,8.46422553062439
0.034262385219335556,0.035374969244003296,8.468295097351074
0.034184012562036514,0.035360414534807205,8.472217082977295
0.034106895327568054,0.035344693809747696,8.476125955581665
0.034031014889478683,0.035327836871147156,8.48090934753418
0.033956341445446014,0.035309869796037674,8.484662532806396
0.033882856369018555,0.03529082611203194,8.488380908966064
0.03381052240729332,0.035270728170871735,8.492241621017456
0.03373932093381882,0.03524962067604065,8.496099948883057
0.03366922587156296,0.035227518528699875,8.499932527542114
0.03360021859407425,0.0352044552564621,8.503700017929077
0.0335322730243206,0.03518044948577881,8.507428646087646
0.03346538543701172,0.035155534744262695,8.511373043060303
0.03339952975511551,0.035129714757204056,8.515891551971436
0.03333470970392227,0.03510301187634468,8.519707441329956
0.03327092155814171,0.035075437277555466,8.523481130599976
0.03320816531777382,0.03504698723554611,8.527366161346436
0.0331464521586895,0.03501766920089722,8.53171682357788
0.03308579698204994,0.034987471997737885,8.535476922988892
0.03302622213959694,0.03495639190077782,8.539209604263306
0.03296774625778198,0.034924402832984924,8.542988061904907
0.03291040286421776,0.03489148989319801,8.547463417053223
0.03285423293709755,0.034857623279094696,8.551242351531982
0.03279927000403404,0.03482277691364288,8.554964780807495
0.03274556249380112,0.034786902368068695,8.558815956115723
0.03269317001104355,0.034749969840049744,8.563170194625854
0.03264213725924492,0.03471192717552185,8.567086696624756
0.03259252384305,0.034672725945711136,8.570877313613892
0.032544393092393875,0.03463231772184372,8.574625253677368
0.03249780088663101,0.034590642899274826,8.578509330749512
0.032452818006277084,0.03454764187335968,8.583043098449707
0.032409507781267166,0.0345032624900341,8.586833953857422
0.03236792981624603,0.03445744141936302,8.590572834014893
0.032328151166439056,0.03441011533141136,8.594355821609497
0.03229023516178131,0.034361228346824646,8.598809957504272
0.03225424140691757,0.0343107208609581,8.602774858474731
0.03222022205591202,0.034258533269166946,8.606518268585205
0.03218822553753853,0.03420461714267731,8.610353946685791
0.03215830773115158,0.034148912876844406,8.615010738372803
0.03213050216436386,0.03409137949347496,8.618859052658081
0.03210484981536865,0.03403197228908539,8.622576713562012
0.032081373035907745,0.033970654010772705,8.626356840133667
0.03206009417772293,0.033907387405633926,8.630789756774902
0.032041024416685104,0.03384215384721756,8.634933471679688
0.03202417120337486,0.033774927258491516,8.639207363128662
0.032009515911340714,0.0337057001888752,8.643269777297974
0.031997062265872955,0.03363447263836861,8.648033380508423
0.031986769288778305,0.03356124088168144,8.65182375907898
0.03197860345244408,0.0334860235452652,8.655555009841919
0.031972527503967285,0.03340883553028107,8.659500360488892
0.03196847811341286,0.033329714089632034,8.664199352264404
0.03196639195084572,0.03324870020151138,8.668001651763916
0.0319661945104599,0.03316584229469299,8.6717050075531
0.03196780011057854,0.03308119252324104,8.6754732131958
0.03197111189365387,0.032994821667671204,8.679402351379395
0.03197602555155754,0.03290681540966034,8.683232069015503
0.0319824293255806,0.03281724825501442,8.687005281448364
0.03199020028114319,0.0327262245118618,8.690941095352173
0.031999215483665466,0.03263384476304054,8.694979667663574
0.03200933337211609,0.0325402207672596,8.699817180633545
0.032020412385463715,0.032445475459098816,8.703564405441284
0.032032310962677,0.03234973922371864,8.707344770431519
0.03204486891627312,0.032253142446279526,8.711151599884033
0.03205793350934982,0.032155826687812805,8.715561866760254
0.032071348279714584,0.03205794095993042,8.719370365142822
0.03208494186401367,0.031959645450115204,8.723095417022705
0.03209855407476425,0.0318610854446888,8.726873397827148
0.03211202844977379,0.03176243603229523,8.731878280639648
0.032125189900398254,0.03166384622454643,8.735907077789307
0.03213787451386452,0.03156549856066704,8.739761590957642
0.03214992582798004,0.031467556953430176,8.74363660812378
0.032161176204681396,0.03137018159031868,8.748440742492676
0.032171472907066345,0.031273555010557175,8.752507209777832
0.03218065947294235,0.031177839264273643,8.756285905838013
0.032188594341278076,0.031083201989531517,8.760062456130981
0.03219512477517128,0.030989807099103928,8.76469111442566
0.03220011666417122,0.03089781664311886,8.768470048904419
0.03220343589782715,0.030807385221123695,8.772186279296875
0.03220495581626892,0.030718669295310974,8.776098012924194
0.032204560935497284,0.030631810426712036,8.780862092971802
0.032202139496803284,0.030546948313713074,8.784671545028687
0.03219759091734886,0.03046421706676483,8.788374900817871
0.03219081461429596,0.030383741483092308,8.792155981063843
0.03218173235654831,0.030305635184049606,8.796191692352295
0.032170262187719345,0.03023000992834568,8.800168991088867
0.0321563296020031,0.03015696071088314,8.803994417190552
0.03213988617062569,0.0300865788012743,8.80778169631958
0.032120876014232635,0.030018938705325127,8.812680721282959
0.03209925442934036,0.02995411306619644,8.817652702331543
0.03207499533891678,0.029892152175307274,8.821384191513062
0.0320480652153492,0.02983311004936695,8.825178623199463
0.03201846033334732,0.02977702207863331,8.829055547714233
0.031986162066459656,0.029723908752202988,8.833704948425293
0.0319511778652668,0.02967378869652748,8.837439060211182
0.03191352263092995,0.029626663774251938,8.841559648513794
0.03187320753931999,0.02958252839744091,8.845634937286377
0.031830258667469025,0.029541363939642906,8.850330352783203
0.03178470954298973,0.029503149911761284,8.854175567626953
0.03173660486936569,0.02946784347295761,8.85806918144226
0.03168598935008049,0.029435399919748306,8.86198115348816
0.031632907688617706,0.02940577082335949,8.866798400878906
0.03157743066549301,0.029378890991210938,8.870496273040771
0.03151961416006088,0.02935469150543213,8.874285697937012
0.03145953640341759,0.029333094134926796,8.87837028503418
0.0313972644507885,0.029314016923308372,8.882817506790161
0.03133288025856018,0.029297372326254845,8.88652753829956
0.0312664695084095,0.029283059760928154,8.89031195640564
0.03119812160730362,0.02927098609507084,8.89408254623413
0.031127918511629105,0.029261041432619095,8.898545503616333
0.031055962666869164,0.029253119602799416,8.902233362197876
0.03098234534263611,0.029247114434838295,8.906422138214111
0.0309071633964777,0.029242904856801033,8.910342454910278
0.03083052486181259,0.029240379109978676,8.91512656211853
0.030752524733543396,0.029239417985081673,8.91895318031311
0.030673271045088768,0.029239902272820473,8.922789335250854
0.030592866241931915,0.029241712763905525,8.926684141159058
0.030511416494846344,0.02924472838640213,8.931388139724731
0.03042902797460556,0.029248831793665886,8.935078620910645
0.03034580871462822,0.029253900051116943,8.939246654510498
0.030261866748332977,0.0292598158121109,8.943283796310425
0.03017730452120304,0.029266459867358208,8.94803786277771
0.030092231929302216,0.029273714870214462,8.951854944229126
0.030006753280758858,0.02928146719932556,8.955560445785522
0.029920978471636772,0.029289603233337402,8.959353923797607
0.029835006222128868,0.029298005625605583,8.964177370071411
0.0297489482909441,0.029306568205356598,8.967977285385132
0.029662907123565674,0.02931518293917179,8.971829891204834
0.0295769814401865,0.029323741793632507,8.97561240196228
0.029491275548934937,0.029332144185900688,8.979901790618896
0.02940589375793934,0.029340283945202827,8.98381495475769
0.029320932924747467,0.029348066076636314,8.987534523010254
0.02923649176955223,0.02935538813471794,8.991393089294434
0.02915266901254654,0.029362160712480545,8.995424270629883
0.029069561511278152,0.029368290677666664,8.999849319458008
0.02898726426064968,0.029373684898018837,9.003585815429688
0.028905868530273438,0.0293782576918602,9.007347345352173
0.02882547117769718,0.029381923377513885,9.011147022247314
0.028746159747242928,0.02938459999859333,9.016100645065308
0.028668023645877838,0.029386205598711967,9.019821166992188
0.028591152280569077,0.02938666380941868,9.023581743240356
0.02851562760770321,0.029385896399617195,9.027351379394531
0.02844153717160225,0.029383832588791847,9.032299757003784
0.028368961066007614,0.029380397871136665,9.036046266555786
0.02829797752201557,0.029375523328781128,9.039838314056396
0.02822866663336754,0.02936914563179016,9.043621063232422
0.028161099180579185,0.029361199587583542,9.04850435256958
0.02809535153210163,0.029351623728871346,9.052210092544556
0.0280314888805151,0.029340360313653946,9.056162118911743
0.02796957828104496,0.029327353462576866,9.060003280639648
0.02790968120098114,0.02931254915893078,9.064662218093872
0.027851857244968414,0.029295897111296654,9.068380117416382
0.02779616229236126,0.02927735075354576,9.07210111618042
0.027742646634578705,0.02925686538219452,9.075884580612183
0.027691354975104332,0.029234401881694794,9.08086895942688
0.027642332017421722,0.029209919273853302,9.084706544876099
0.02759561315178871,0.029183389618992805,9.088551998138428
0.027551233768463135,0.029154781252145767,9.09239935874939
0.027509218081831932,0.0291240643709898,9.096580266952515
0.027469590306282043,0.02909122034907341,9.100432872772217
0.027432363480329514,0.029056230559945107,9.104442119598389
0.027397550642490387,0.029019080102443695,9.108352184295654
0.027365151792764664,0.02897976152598858,9.11235761642456
0.027335170656442642,0.02893826924264431,9.116522073745728
0.02730759233236313,0.02889460325241089,9.120215892791748
0.027282405644655228,0.02884877286851406,9.123955965042114
0.027259586378932,0.028800781816244125,9.12773585319519
0.027239108458161354,0.028750652447342873,9.132301568984985
0.02722093276679516,0.028698401525616646,9.136008739471436
0.02720502018928528,0.028644055128097534,9.139819860458374
0.027191322296857834,0.028587646782398224,9.143653154373169
0.0271797813475132,0.0285292137414217,9.148438453674316
0.027170337736606598,0.028468798846006393,9.152429103851318
0.02716292068362236,0.028406446799635887,9.156584024429321
0.027157455682754517,0.028342217206954956,9.160494804382324
0.02715386264026165,0.028276167809963226,9.165143251419067
0.027152054011821747,0.02820836380124092,9.168962955474854
0.027151936665177345,0.02813887782394886,9.172901630401611
0.027153411880135536,0.028067786246538162,9.176815748214722
0.027156375348567963,0.027995172888040543,9.181634664535522
0.02716071903705597,0.027921119704842567,9.185794830322266
0.027166329324245453,0.027845723554491997,9.189648866653442
0.027173088863492012,0.02776908688247204,9.193570137023926
0.027180878445506096,0.027691306546330452,9.198071718215942
0.027189571410417557,0.027612492442131042,9.201937913894653
0.027199039235711098,0.027532756328582764,9.206266403198242
0.027209153398871422,0.027452215552330017,9.210178136825562
0.027219777926802635,0.027370989322662354,9.214723348617554
0.02723078243434429,0.02728920429944992,9.219542264938354
0.0272420272231102,0.027206985279917717,9.22388243675232
0.02725338004529476,0.027124466374516487,9.2277193069458
0.027264699339866638,0.027041779831051826,9.232659578323364
0.027275852859020233,0.02695905975997448,9.236688613891602
0.027286699041724205,0.02687644585967064,9.240710973739624
0.02729710564017296,0.026794075965881348,9.244727611541748
0.02730693481862545,0.026712091639637947,9.2498140335083
0.027316056191921234,0.02663063444197178,9.253899574279785
0.027324337512254715,0.026549842208623886,9.257779598236084
0.027331652119755745,0.02646985836327076,9.261883974075317
0.027337871491909027,0.026390820741653442,9.266590595245361
0.02734287641942501,0.026312870904803276,9.270483016967773
0.027346549555659294,0.026236142963171005,9.274869680404663
0.027348771691322327,0.026160769164562225,9.278972864151001
0.027349436655640602,0.02608688548207283,9.283480167388916
0.027348436415195465,0.026014618575572968,9.287314891815186
0.027345672249794006,0.025944087654352188,9.29120659828186
0.027341045439243317,0.02587541751563549,9.295226573944092
0.027334468439221382,0.02580871991813183,9.300042867660522
0.027325855568051338,0.025744106620550156,9.30376124382019
0.027315130457282066,0.02568167820572853,9.307793378829956
0.027302220463752747,0.025621533393859863,9.311890363693237
0.027287056669592857,0.025563757866621017,9.316609859466553
0.027269581332802773,0.025508439168334007,9.320735692977905
0.027249742299318314,0.025455648079514503,9.324686765670776
0.0272274911403656,0.025405453518033028,9.328994989395142
0.027202792465686798,0.025357915088534355,9.333248376846313
0.02717561274766922,0.025313081219792366,9.337215185165405
0.027145925909280777,0.025270992890000343,9.34114933013916
0.027113715186715126,0.025231679901480675,9.345220804214478
0.02707897126674652,0.0251951664686203,9.349961996078491
0.027041692286729813,0.025161467492580414,9.35378646850586
0.0270018819719553,0.025130582973361015,9.357662439346313
0.026959551498293877,0.025102505460381508,9.361716985702515
0.026914723217487335,0.025077220052480698,9.366151094436646
0.026867423206567764,0.025054702535271645,9.369989156723022
0.02681768499314785,0.025034913793206215,9.37386679649353
0.026765553280711174,0.025017810985445976,9.378036737442017
0.026711076498031616,0.0250033400952816,9.382903337478638
0.026654308661818504,0.024991437792778015,9.386825323104858
0.02659531682729721,0.02498202957212925,9.390734434127808
0.026534173637628555,0.024975035339593887,9.394721508026123
0.026470953598618507,0.024970367550849915,9.399467945098877
0.02640574425458908,0.024967925623059273,9.403318643569946
0.02633863501250744,0.024967605248093605,9.40719223022461
0.02626972645521164,0.024969296529889107,9.411102056503296
0.02619911916553974,0.024972878396511078,9.415730953216553
0.026126926764845848,0.02497822791337967,9.419578075408936
0.02605326473712921,0.024985210970044136,9.423459529876709
0.025978252291679382,0.024993695318698883,9.427369356155396
0.025902019813656807,0.02500353753566742,9.431901931762695
0.025824693962931633,0.025014594197273254,9.435602188110352
0.02574641816318035,0.0250267181545496,9.439353227615356
0.025667324662208557,0.025039756670594215,9.443277835845947
0.02558756433427334,0.02505355514585972,9.448443174362183
0.025507280603051186,0.025067957118153572,9.452459812164307
0.025426624342799187,0.02508280798792839,9.456318378448486
0.02534574642777443,0.025097951292991638,9.46021056175232
0.02526480332016945,0.025113224983215332,9.464827060699463
0.02518395334482193,0.025128474459052086,9.468908786773682
0.02510334737598896,0.025143541395664215,9.472767353057861
0.025023145601153374,0.025158273056149483,9.476835012435913
0.024943506345152855,0.025172514840960503,9.481910467147827
0.02486458420753479,0.025186117738485336,9.48578405380249
0.024786531925201416,0.025198934599757195,9.489652156829834
0.02470950409770012,0.025210820138454437,9.493552684783936
0.024633649736642838,0.02522163651883602,9.498549222946167
0.02455911412835121,0.025231247767806053,9.502257347106934
0.024486040696501732,0.025239521637558937,9.506042957305908
0.024414565414190292,0.025246338918805122,9.509836912155151
0.02434482052922249,0.02525157667696476,9.514253377914429
0.024276936426758766,0.025255121290683746,9.518070697784424
0.024211030453443527,0.025256866589188576,9.521809339523315
0.024147212505340576,0.025256715714931488,9.525611639022827
0.024085594341158867,0.025254573673009872,9.529446840286255
0.024026265367865562,0.025250354781746864,9.533621788024902
0.023969324305653572,0.025243982672691345,9.53732967376709
0.023914840072393417,0.025235386565327644,9.541110277175903
0.023862889036536217,0.025224506855010986,9.545056343078613
0.023813534528017044,0.025211287662386894,9.549484252929688
0.02376681938767433,0.025195684283971786,9.553207397460938
0.023722782731056213,0.025177661329507828,9.55695652961731
0.023681458085775375,0.02515718713402748,9.560734033584595
0.02364286221563816,0.025134248659014702,9.565261363983154
0.023607000708580017,0.025108832865953445,9.568966388702393
0.023573867976665497,0.025080936029553413,9.572705268859863
0.023543452844023705,0.025050563737750053,9.576475143432617
0.023515725508332253,0.025017734616994858,9.580884218215942
0.023490650579333305,0.024982474744319916,9.584626197814941
0.023468179628252983,0.024944812059402466,9.588419675827026
0.02344825305044651,0.02490479126572609,9.592302799224854
0.023430807515978813,0.024862462654709816,9.596121549606323
0.023415761068463326,0.024817880243062973,9.600264310836792
0.023403028026223183,0.024771112948656082,9.603950023651123
0.023392513394355774,0.024722231552004814,9.607703924179077
0.023384112864732742,0.024671318009495735,9.611461400985718
0.023377714678645134,0.02461846172809601,9.616092681884766
0.023373199626803398,0.024563757702708244,9.619799137115479
0.023370441049337387,0.024507304653525352,9.623554229736328
0.023369312286376953,0.024449210613965988,9.628398656845093
0.023369673639535904,0.024389591068029404,9.633246183395386
0.023371383547782898,0.02432856336236,9.636739730834961
0.023374300450086594,0.024266254156827927,9.640507936477661
0.023378273472189903,0.02420278638601303,9.644298076629639
0.023383155465126038,0.024138297885656357,9.649465799331665
0.02338878996670246,0.02407292276620865,9.653204679489136
0.023395029827952385,0.0240067970007658,9.656959056854248
0.023401716724038124,0.023940065875649452,9.660742998123169
0.02340870350599289,0.023872869089245796,9.665534973144531
0.023415833711624146,0.02380535565316677,9.669276714324951
0.023422956466674805,0.023737668991088867,9.672994136810303
0.023429928347468376,0.023669954389333725,9.676788330078125
0.02343660406768322,0.023602360859513283,9.681491374969482
0.023442836478352547,0.023535024374723434,9.685249328613281
0.023448491469025612,0.023468097671866417,9.688974142074585
0.02345343865454197,0.023401714861392975,9.692771911621094
0.023457545787096024,0.02333601377904415,9.696687936782837
0.023460691794753075,0.02327113226056099,9.700439214706421
0.02346276119351387,0.023207196965813637,9.704144477844238
0.023463640362024307,0.02314433641731739,9.707908153533936
0.023463226854801178,0.0230826698243618,9.711875915527344
0.02346142567694187,0.02302231267094612,9.716133832931519
0.023458141833543777,0.022963372990489006,9.71988320350647
0.023453298956155777,0.022905951365828514,9.723624229431152
0.023446816951036453,0.022850142791867256,9.72739863395691
0.023438632488250732,0.022796036675572395,9.731756687164307
0.02342868223786354,0.02274370938539505,9.735504627227783
0.023416921496391296,0.02269323170185089,9.739232540130615
0.02340330369770527,0.022644666954874992,9.743011713027954
0.02338779717683792,0.022598065435886383,9.747592687606812
0.023370370268821716,0.022553473711013794,9.751384973526001
0.023351015523076057,0.022510923445224762,9.755117893218994
0.02332971803843975,0.022470440715551376,9.758900165557861
0.023306477814912796,0.02243203856050968,9.762782573699951
0.02328130416572094,0.022395722568035126,9.766584157943726
0.023254210129380226,0.02236149273812771,9.770337104797363
0.023225223645567894,0.022329330444335938,9.774075984954834
0.02319437637925148,0.022299211472272873,9.778044939041138
0.02316170372068882,0.022271106019616127,9.782656192779541
0.02312726154923439,0.022244969382882118,9.78637981414795
0.023091094568371773,0.022220753133296967,9.790105819702148
0.023053273558616638,0.022198399528861046,9.793880939483643
0.02301386184990406,0.022177835926413536,9.79844331741333
0.022972939535975456,0.022158993408083916,9.802206993103027
0.022930584847927094,0.02214178442955017,9.805940628051758
0.022886883467435837,0.022126123309135437,9.80972170829773
0.022841935977339745,0.022111911326646805,9.814247131347656
0.022795837372541428,0.022099047899246216,9.818060159683228
0.022748686373233795,0.022087428718805313,9.821779489517212
0.0227005984634161,0.022076938301324844,9.825538873672485
0.022651677951216698,0.022067464888095856,9.829446792602539
0.02260204590857029,0.022058885544538498,9.83332371711731
0.022551817819476128,0.02205107919871807,9.837161540985107
0.022501114755868912,0.022043922916054726,9.840930938720703
0.022450057789683342,0.022037286311388016,9.84475827217102
0.022398775443434715,0.02203104831278324,9.84933590888977
0.022347386926412582,0.022025074809789658,9.853416919708252
0.02229602076113224,0.022019241005182266,9.85720157623291
0.022244799882173538,0.02201341837644577,9.8609938621521
0.022193852812051773,0.02200748212635517,9.865597486495972
0.022143296897411346,0.02200130559504032,9.869365215301514
0.022093258798122406,0.02199476771056652,9.873088121414185
0.022043853998184204,0.021987752988934517,9.876865863800049
0.021995197981595993,0.02198014035820961,9.881389379501343
0.021947404369711876,0.021971819922327995,9.885212898254395
0.02190057747066021,0.021962685510516167,9.888989210128784
0.0218548234552145,0.021952634677290916,9.892780542373657
0.02181023731827736,0.021941568702459335,9.897482633590698
0.021766912192106247,0.02192939631640911,9.901334524154663
0.02172493375837803,0.02191602997481823,9.905035734176636
0.021684380248188972,0.021901393309235573,9.908835411071777
0.021645324304699898,0.02188541367650032,9.912821531295776
0.02160782739520073,0.02186802215874195,9.916908979415894
0.021571947261691093,0.02184916101396084,9.92061448097229
0.02153773047029972,0.021828779950737953,9.924394845962524
0.021505219861865044,0.021806832402944565,9.92855167388916
0.0214744433760643,0.021783284842967987,9.933106660842896
0.021445423364639282,0.02175810933113098,9.936917304992676
0.021418174728751183,0.021731283515691757,9.940739870071411
0.0213926974684,0.02170279622077942,9.944762945175171
0.02136898785829544,0.021672643721103668,9.949414730072021
0.021347032859921455,0.021640829741954803,9.953351497650146
0.021326808258891106,0.02160736732184887,9.957237720489502
0.021308282390236855,0.021572276949882507,9.961146116256714
0.02129141427576542,0.021535584703087807,9.965588569641113
0.02127615362405777,0.021497327834367752,9.969381332397461
0.02126244641840458,0.021457549184560776,9.973487854003906
0.021250221878290176,0.021416299045085907,9.977398157119751
0.02123941481113434,0.02137363888323307,9.982285737991333
0.0212299395352602,0.02132963016629219,9.986340284347534
0.021221712231636047,0.021284349262714386,9.990239143371582
0.021214643493294716,0.021237870678305626,9.994157075881958
0.021208634600043297,0.021190281957387924,9.998961925506592
0.021203581243753433,0.021141672506928444,10.002892017364502
0.021199379116296768,0.021092139184474945,10.006778001785278
0.0211959145963192,0.021041780710220337,10.010668277740479
0.02119307778775692,0.020990701392292976,10.015197277069092
0.02119075134396553,0.020939014852046967,10.019137382507324
0.02118881419301033,0.020886830985546112,10.023000001907349
0.021187148988246918,0.020834265276789665,10.028093814849854
0.021185634657740593,0.020781435072422028,10.032970428466797
0.021184151992201805,0.020728465169668198,10.036909580230713
0.021182581782341003,0.020675471052527428,10.040848731994629
0.02118079923093319,0.020622577518224716,10.044764995574951
0.02117869444191456,0.020569905638694763,10.049951076507568
0.02117614820599556,0.020517580211162567,10.053767919540405
0.02117304690182209,0.02046571858227253,10.057535886764526
0.021169284358620644,0.02041444182395935,10.06140947341919
0.021164752542972565,0.020363865420222282,10.06637191772461
0.021159350872039795,0.020314104855060577,10.070140600204468
0.021152982488274574,0.02026527002453804,10.073882579803467
0.02114555425941944,0.020217467099428177,10.077646017074585
0.021136978641152382,0.020170800387859344,10.082346439361572
0.02112717553973198,0.020125363022089005,10.086117267608643
0.021116070449352264,0.020081251859664917,10.089874982833862
0.021103592589497566,0.0200385469943285,10.093644142150879
0.02108967863023281,0.019997332245111465,10.098175287246704
0.02107427455484867,0.019957678392529488,10.10193920135498
0.021057328209280968,0.01991964876651764,10.105656862258911
0.021038798615336418,0.019883304834365845,10.109419107437134
0.02101864665746689,0.019848693162202835,10.11337399482727
0.02099684439599514,0.01981586031615734,10.117101192474365
0.02097337134182453,0.01978483609855175,10.120912551879883
0.02094821259379387,0.01975565031170845,10.12466812133789
0.020921356976032257,0.019728319719433784,10.1285560131073
0.020892802625894547,0.019702855497598648,10.133139848709106
0.020862558856606483,0.019679255783557892,10.136908769607544
0.020830631256103516,0.019657516852021217,10.140646696090698
0.020797042176127434,0.01963762566447258,10.144445180892944
0.02076181210577488,0.01961955800652504,10.148963451385498
0.02072497457265854,0.01960328407585621,10.152730226516724
0.020686564967036247,0.01958877220749855,10.156448125839233
0.02064662054181099,0.019575975835323334,10.160229206085205
0.020605193451046944,0.01956484466791153,10.16472578048706
0.02056233212351799,0.01955532468855381,10.168486833572388
0.020518092438578606,0.01954735442996025,10.172212600708008
0.020472535863518715,0.01954086683690548,10.175997972488403
0.02042572572827339,0.019535792991518974,10.179942607879639
0.020377730950713158,0.01953205280005932,10.1836998462677
0.020328622311353683,0.019529571756720543,10.187458515167236
0.02027847245335579,0.01952826790511608,10.191224098205566
0.02022736147046089,0.01952805183827877,10.195216417312622
0.02017536386847496,0.019528839737176895,10.199793100357056
0.02012256346642971,0.019530540332198143,10.203538179397583
0.02006904035806656,0.0195330660790205,10.20727014541626
0.02001488208770752,0.019536323845386505,10.211050271987915
0.01996016688644886,0.019540220499038696,10.21556568145752
0.019904982298612595,0.01954466849565506,10.21934175491333
0.019849414005875587,0.019549574702978134,10.223104238510132
0.019793543964624405,0.019554849714040756,10.22691822052002
0.01973745785653591,0.019560402259230614,10.231379270553589
0.019681237637996674,0.01956615038216114,10.235135555267334
0.019624963402748108,0.019572002813220024,10.238842487335205
0.01956871896982193,0.019577879458665848,10.242607593536377
0.01951257884502411,0.019583700224757195,10.24660038948059
0.01945662312209606,0.019589385017752647,10.250335454940796
0.01940092444419861,0.019594861194491386,10.254113912582397
0.01934555545449257,0.019600054249167442,10.257914304733276
0.019290585070848465,0.019604897126555443,10.26189398765564
0.019236084073781967,0.019609324634075165,10.26642107963562
0.0191821102052927,0.019613273441791534,10.270190954208374
0.01912873052060604,0.019616683945059776,10.273954153060913
0.019075999036431313,0.019619502127170563,10.277767419815063
0.019023973494768143,0.019621677696704865,10.282270669937134
0.01897270232439041,0.019623160362243652,10.286041259765625
0.018922237679362297,0.019623909145593643,10.289823532104492
0.01887262426316738,0.019623879343271255,10.293597936630249
0.018823901191353798,0.019623033702373505,10.29808235168457
0.01877611130475998,0.019621340557932854,10.301873207092285
0.018729286268353462,0.019618766382336617,10.305583953857422
0.018683459609746933,0.019615286961197853,10.3093581199646
0.01863866113126278,0.019610874354839325,10.313266277313232
0.01859491690993309,0.01960550807416439,10.317249536514282
0.018552247434854507,0.019599171355366707,10.320970296859741
0.01851067505776882,0.01959184557199478,10.324752569198608
0.018470214679837227,0.01958351954817772,10.328570127487183
0.018430883064866066,0.019574182108044624,10.333155632019043
0.018392687663435936,0.0195638258010149,10.336932897567749
0.01835564151406288,0.01955244317650795,10.34069299697876
0.0183197483420372,0.019540032371878624,10.344453573226929
0.018285010010004044,0.019526589661836624,10.348948955535889
0.018251432105898857,0.01951211877167225,10.352665901184082
0.018219010904431343,0.019496619701385498,10.356415271759033
0.018187744542956352,0.01948009431362152,10.360220909118652
0.018157627433538437,0.019462551921606064,10.364716291427612
0.018128652125597,0.019443996250629425,10.368457078933716
0.018100811168551445,0.01942444033920765,10.372162342071533
0.018074093386530876,0.019403889775276184,10.375915050506592
0.01804848574101925,0.019382359459996223,10.379929780960083
0.01802397333085537,0.019359858706593513,10.38372254371643
0.018000543117523193,0.019336404278874397,10.387406349182129
0.01797817461192608,0.01931200921535492,10.391146421432495
0.017956851050257683,0.019286688417196274,10.395071983337402
0.017936553806066513,0.019260462373495102,10.399882793426514
0.01791725866496563,0.01923334412276745,10.403728485107422
0.01789894513785839,0.019205357879400253,10.407578945159912
0.017881589010357857,0.01917651854455471,10.411473035812378
0.017865166068077087,0.01914685219526291,10.416054010391235
0.017849648371338844,0.019116375595331192,10.41989779472351
0.017835009843111038,0.0190851129591465,10.424787044525146
0.01782122440636158,0.019053086638450623,10.429250478744507
0.017808260396122932,0.0190203208476305,10.4336576461792
0.017796088010072708,0.018986843526363373,10.437386989593506
0.01778467744588852,0.01895267702639103,10.441157817840576
0.01777399703860283,0.01891784742474556,10.445081233978271
0.01776401326060295,0.01888238452374935,10.450173139572144
0.01775469444692135,0.018846312537789345,10.453920125961304
0.017746005207300186,0.018809661269187927,10.45769214630127
0.017737915739417076,0.018772460520267487,10.461480140686035
0.017730385065078735,0.01873474009335041,10.466339588165283
0.017723381519317627,0.018696529790759087,10.470061779022217
0.017716869711875916,0.018657857552170753,10.474096059799194
0.017710810527205467,0.018618758767843246,10.478091955184937
0.017705174162983894,0.018579261377453804,10.482733249664307
0.017699915915727615,0.01853940077126026,10.486513376235962
0.017695005983114243,0.018499204888939857,10.490339756011963
0.01769040711224079,0.018458709120750427,10.494499444961548
0.017686082050204277,0.018417946994304657,10.498980522155762
0.017681993544101715,0.018376948311924934,10.50272798538208
0.01767810806632042,0.018335748463869095,10.506468296051025
0.017674390226602554,0.018294377252459526,10.510254383087158
0.017670804634690285,0.018252870067954063,10.514770984649658
0.017667317762970924,0.018211260437965393,10.518521308898926
0.01766389049589634,0.018169578164815903,10.522560119628906
0.01766049675643444,0.01812785491347313,10.52670407295227
0.017657103016972542,0.01808612234890461,10.53169298171997
0.017653673887252808,0.01804441399872303,10.535426616668701
0.01765018329024315,0.018002759665250778,10.53919267654419
0.01764659769833088,0.01796118915081024,10.543182134628296
0.01764289103448391,0.01791973039507866,10.54798936843872
0.01763903722167015,0.01787841133773327,10.551743030548096
0.017635002732276917,0.01783726178109646,10.55545163154602
0.017630768939852715,0.017796309664845467,10.559240102767944
0.017626311630010605,0.017755577340722084,10.56323528289795
0.017621604725718498,0.01771509274840355,10.567309379577637
0.017616627737879753,0.017674880102276802,10.571030855178833
0.017611362040042877,0.017634958028793335,10.574833393096924
0.01760578528046608,0.017595352604985237,10.578640460968018
0.017599880695343018,0.017556082457304,10.58311676979065
0.017593631520867348,0.017517168074846268,10.586816549301147
0.017587024718523026,0.01747862808406353,10.590551853179932
0.017580045387148857,0.01744047924876213,10.594358205795288
0.0175726767629385,0.017402738332748413,10.598864555358887
0.017564911395311356,0.017365416511893272,10.602603435516357
0.01755673810839653,0.01732853427529335,10.606358766555786
0.017548145726323128,0.017292097210884094,10.610153913497925
0.01753912679851055,0.017256122082471848,10.61466097831726
0.017529675737023354,0.017220618203282356,10.618396520614624
0.017519785091280937,0.017185591161251068,10.622130155563354
0.017509449273347855,0.017151053994894028,10.625914096832275
0.017498662695288658,0.017117010429501534,10.630749225616455
0.017487425357103348,0.017083467915654182,10.634671449661255
0.017475733533501625,0.017050432041287422,10.638399362564087
0.01746358349919319,0.017017904669046402,10.642191648483276
0.017450978979468346,0.01698589324951172,10.646125078201294
0.01743791624903679,0.016954397782683372,10.65030574798584
0.01742439530789852,0.016923418268561363,10.654094457626343
0.017410418018698692,0.01689296029508114,10.658366441726685
0.01739598996937275,0.0168630201369524,10.66231369972229
0.017381111159920692,0.01683359593153,10.666536808013916
0.01736578159034252,0.016804691404104233,10.670396327972412
0.017350010573863983,0.016776299104094505,10.677491426467896
0.017333799973130226,0.016748420894145966,10.695343494415283
0.01731715351343155,0.016721049323678017,10.701293230056763
0.01730007864534855,0.01669418253004551,10.708357334136963
0.017282579094171524,0.016667814925312996,10.712867259979248
0.01726466417312622,0.01664194092154503,10.718730211257935
0.017246339470148087,0.01661655679345131,10.722651243209839
0.01722761243581772,0.016591651365160942,10.726312637329102
0.017208490520715714,0.01656722091138363,10.73271894454956
0.017188984900712967,0.016543257981538773,10.737290382385254
0.017169101163744926,0.01651974767446518,10.740792512893677
0.017148852348327637,0.01649668999016285,10.744314432144165
0.017128247767686844,0.01647406630218029,10.749206304550171
0.017107298597693443,0.016451871022582054,10.75335693359375
0.01708601601421833,0.016430091112852097,10.75709581375122
0.0170644149184227,0.016408715397119522,10.760851383209229
0.017042502760887146,0.016387730836868286,10.7665433883667
0.017020300030708313,0.016367122530937195,10.770548105239868
0.016997814178466797,0.016346877440810204,10.774232387542725
0.01697506755590439,0.01632698066532612,10.778045177459717
0.016952069476246834,0.016307415440678596,10.782952308654785
0.016928840428590775,0.016288166865706444,10.786797046661377
0.016905395314097404,0.01626921445131302,10.790449380874634
0.016881750896573067,0.016250545158982277,10.794204473495483
0.016857927665114403,0.016232138499617577,10.799170017242432
0.016833944246172905,0.016213972121477127,10.802987098693848
0.016809817403554916,0.016196031123399734,10.80672812461853
0.016785569489002228,0.016178293153643608,10.810455322265625
0.01676121912896633,0.016160737723112106,10.815219402313232
0.01673678681254387,0.01614334248006344,10.819325685501099
0.01671229675412178,0.016126088798046112,10.823028564453125
0.01668776571750641,0.016108952462673187,10.826832294464111
0.016663216054439545,0.016091911122202873,10.83186936378479
0.01663867197930813,0.01607494428753853,10.835931777954102
0.016614152118563652,0.01605803146958351,10.839615821838379
0.016589675098657608,0.016041146591305733,10.84338665008545
0.016565266996622086,0.01602426916360855,10.848494291305542
0.016540946438908577,0.016007380560040474,10.85252833366394
0.016516733914613724,0.015990454703569412,10.857165575027466
0.01649264618754387,0.015973474830389023,10.861254692077637
0.016468703746795654,0.015956418588757515,10.866361141204834
0.016444923356175423,0.015939269214868546,10.870052099227905
0.016421325504779816,0.015922008082270622,10.873791217803955
0.016397923231124878,0.015904614701867104,10.87805724143982
0.016374729573726654,0.015887076035141945,10.883089542388916
0.016351759433746338,0.015869377180933952,10.887039184570312
0.016329027712345123,0.015851503238081932,10.890776634216309
0.01630653813481331,0.01583344303071499,10.894725322723389
0.01628430373966694,0.015815185382962227,10.899271726608276
0.01626233197748661,0.0157967209815979,10.903008222579956
0.016240626573562622,0.01577804610133171,10.906729936599731
0.016219189390540123,0.01575915329158306,10.910496234893799
0.01619802415370941,0.015740038827061653,10.915168762207031
0.01617712713778019,0.015720702707767487,10.91914963722229
0.016156496480107307,0.015701143071055412,10.923276901245117
0.016136130318045616,0.015681367367506027,10.927429437637329
0.01611601561307907,0.01566137745976448,10.931870460510254
0.016096146777272224,0.01564118266105652,10.935729742050171
0.01607651449739933,0.015620790421962738,10.93953561782837
0.016057100147008896,0.015600212849676609,10.943418502807617
0.016037892550230026,0.015579464845359325,10.947995662689209
0.01601887308061123,0.015558560378849506,10.951865196228027
0.016000021249055862,0.01553751714527607,10.955657958984375
0.015981318429112434,0.015516355633735657,10.959516048431396
0.015962738543748856,0.015495097264647484,10.964133977890015
0.015944259241223335,0.015473765321075916,10.968372344970703
0.015925856307148933,0.015452384017407894,10.972187280654907
0.015907498076558113,0.015430980361998081,10.976081848144531
0.015889162197709084,0.015409581363201141,10.980801582336426
0.01587081328034401,0.015388216823339462,10.984933853149414
0.0158524252474308,0.015366914682090282,10.988796710968018
0.015833966434001923,0.015345709398388863,10.99288272857666
0.015815403312444687,0.01532463077455759,10.997491598129272
0.015796706080436707,0.015303710475564003,11.001268148422241
0.015777846798300743,0.015282982960343361,11.004959344863892
0.015758786350488663,0.015262478031218052,11.008976221084595
0.015739498659968376,0.015242230147123337,11.013197660446167
0.015719950199127197,0.015222270973026752,11.017107248306274
0.015700113028287888,0.015202632173895836,11.020907640457153
0.01567995548248291,0.015183345414698124,11.024755239486694
0.015659451484680176,0.01516443956643343,11.02862811088562
0.015638573095202446,0.015145943500101566,11.033129692077637
0.01561729609966278,0.015127885155379772,11.03679633140564
0.015595593489706516,0.015110291540622711,11.040555000305176
0.01557344850152731,0.015093185007572174,11.044737815856934
0.015550835058093071,0.015076588839292526,11.049336433410645
0.015527738258242607,0.015060522593557835,11.053125619888306
0.015504143200814724,0.015045003965497017,11.057090044021606
0.015480034053325653,0.015030049718916416,11.060845851898193
0.015455401502549648,0.015015671029686928,11.065483808517456
0.015430235303938389,0.015001880005002022,11.069437503814697
0.015404530800879002,0.01498868316411972,11.073302984237671
0.015378283336758614,0.014976085163652897,11.077186346054077
0.0153514938428998,0.014964088797569275,11.081711292266846
0.015324162319302559,0.014952690340578556,11.085571050643921
0.015296297147870064,0.01494188979268074,11.089417934417725
0.015267903916537762,0.014931677840650082,11.093306303024292
0.015238991938531399,0.014922044239938259,11.097936153411865
0.015209576115012169,0.014912976883351803,11.101786851882935
0.01517967227846384,0.014904460869729519,11.105603456497192
0.015149297192692757,0.014896477572619915,11.109817266464233
0.015118473209440708,0.0148890046402812,11.114611387252808
0.015087224543094635,0.014882019720971584,11.11841344833374
0.015055574476718903,0.014875496737658978,11.122408151626587
0.015023553743958473,0.014869407750666142,11.126173734664917
0.01499118935316801,0.01486372109502554,11.130797386169434
0.014958515763282776,0.014858406037092209,11.134575843811035
0.01492556557059288,0.014853427186608315,11.138264417648315
0.014892375096678734,0.014848750084638596,11.142215967178345
0.014858978800475597,0.014844335615634918,11.146206140518188
0.014825418591499329,0.014840149320662022,11.150143146514893
0.014791729860007763,0.014836147427558899,11.153936624526978
0.014757953584194183,0.014832292683422565,11.157793760299683
0.014724131673574448,0.014828543178737164,11.161757707595825
0.014690304175019264,0.014824858866631985,11.166410207748413
0.014656513929367065,0.014821197837591171,11.170072078704834
0.01462279912084341,0.01481752097606659,11.173806190490723
0.014589202590286732,0.014813786372542381,11.177614212036133
0.014555766247212887,0.014809953980147839,11.182196140289307
0.01452252920717001,0.014805984683334827,11.185993671417236
0.014489530585706234,0.014801839366555214,11.189705610275269
0.01445680856704712,0.014797480776906013,11.193448305130005
0.014424401335418224,0.01479287352412939,11.197961330413818
0.01439234334975481,0.01478798221796751,11.201701402664185
0.014360670931637287,0.014782773330807686,11.205369234085083
0.014329414814710617,0.01477721706032753,11.209125757217407
0.014298606663942337,0.014771281741559505,11.213188409805298
0.01426827535033226,0.014764941297471523,11.217301368713379
0.014238446019589901,0.014758167788386345,11.22110891342163
0.014209146611392498,0.014750939793884754,11.224973440170288
0.014180394820868969,0.014743235893547535,11.229021787643433
0.01415221393108368,0.01473503652960062,11.233228206634521
0.014124619774520397,0.014726324006915092,11.237030029296875
0.014097626321017742,0.014717084355652332,11.240893125534058
0.014071248471736908,0.014707306399941444,11.244788408279419
0.014045493677258492,0.014696979895234108,11.2496919631958
0.014020370319485664,0.014686097390949726,11.253498315811157
0.013995882123708725,0.014674653299152851,11.257269620895386
0.013972032815217972,0.014662643894553185,11.261997699737549
0.01394882146269083,0.014650071039795876,11.266814470291138
0.013926244340837002,0.014636935666203499,11.270480632781982
0.013904297724366188,0.014623240567743778,11.27432370185852
0.013882975094020367,0.014608991332352161,11.278438091278076
0.013862266205251217,0.014594197273254395,11.283506393432617
0.013842158950865269,0.014578865841031075,11.287189722061157
0.013822643086314201,0.014563010074198246,11.29094409942627
0.013803700916469097,0.014546642079949379,11.294784545898438
0.013785317540168762,0.014529775828123093,11.299656629562378
0.01376747339963913,0.01451242808252573,11.303343057632446
0.013750150799751282,0.01449461467564106,11.307042121887207
0.013733328320086002,0.014476356096565723,11.310806035995483
0.01371698547154665,0.014457669109106064,11.315775632858276
0.013701098971068859,0.014438576065003872,11.31990933418274
0.013685646466910839,0.014419096522033215,11.323644161224365
0.01367060374468565,0.014399251900613308,11.327397108078003
0.013655946590006351,0.014379064552485943,11.332072019577026
0.013641651719808578,0.01435855682939291,11.336080551147461
0.013627694919705391,0.014337750151753426,11.339858293533325
0.0136140501126647,0.01431666873395443,11.343597173690796
0.013600694015622139,0.014295335859060287,11.348194122314453
0.013587603345513344,0.014273771084845066,11.352314710617065
0.013574755750596523,0.01425199769437313,11.356029987335205
0.013562125153839588,0.014230038970708847,11.359855651855469
0.013549691997468472,0.014207914471626282,11.364814519882202
0.013537433929741383,0.014185644686222076,11.368915557861328
0.01352532859891653,0.014163251966238022,11.372591018676758
0.013513359241187572,0.01414075493812561,11.376408576965332
0.013501504436135292,0.01411816943436861,11.381505966186523
0.013489748351275921,0.014095516875386238,11.385631561279297
0.013478071428835392,0.014072811231017113,11.38933277130127
0.01346646063029766,0.014050070196390152,11.393088817596436
0.013454901054501534,0.014027305878698826,11.397567987442017
0.013443377800285816,0.014004535973072052,11.402018070220947
0.013431880623102188,0.013981769792735577,11.405788660049438
0.01342039741575718,0.01395901944488287,11.409534215927124
0.013408917933702469,0.013936297036707401,11.414214372634888
0.013397433795034885,0.013913610950112343,11.418615818023682
0.013385938480496407,0.013890969567000866,11.422318458557129
0.01337442360818386,0.013868380337953568,11.426156282424927
0.01336288545280695,0.013845848850905895,11.430849075317383
0.013351318426430225,0.013823380693793297,11.435253858566284
0.013339719735085964,0.01380098145455122,11.438965320587158
0.013328088447451591,0.01377865206450224,11.442704200744629
0.013316419906914234,0.013756395317614079,11.447449445724487
0.013304716907441616,0.013734213076531887,11.451761960983276
0.013292976655066013,0.013712107203900814,11.45544695854187
0.01328120194375515,0.013690076768398285,11.459196090698242
0.013269392773509026,0.013668120838701725,11.464152336120605
0.013257552869617939,0.013646237552165985,11.468454599380493
0.013245685026049614,0.01362442597746849,11.472147464752197
0.013233790174126625,0.013602681457996368,11.475895166397095
0.01322187390178442,0.013581003062427044,11.480851650238037
0.013209939934313297,0.013559387065470219,11.485138893127441
0.01319799292832613,0.013537827879190445,11.488860607147217
0.013186036609113216,0.013516324572265148,11.492591857910156
0.013174074701964855,0.013494869694113731,11.496572494506836
0.013162113726139069,0.013473459519445896,11.501179218292236
0.013150159269571304,0.01345208939164877,11.50495457649231
0.013138215988874435,0.013430754654109478,11.508774518966675
0.01312628760933876,0.013409450650215149,11.512646198272705
0.013114378787577152,0.01338817086070776,11.51725697517395
0.013102496042847633,0.013366912491619587,11.521081924438477
0.013090644031763077,0.013345669955015182,11.524819374084473
0.013078825548291206,0.013324437662959099,11.528587102890015
0.013067047111690044,0.013303211890161037,11.533664226531982
0.013055313378572464,0.01328198704868555,11.537484407424927
0.013043626211583614,0.013260760344564915,11.541234970092773
0.013031991198658943,0.013239526189863682,11.545101881027222
0.0130204102024436,0.013218281790614128,11.550238132476807
0.013008889742195606,0.01319702249020338,11.554086446762085
0.012997430749237537,0.01317574642598629,11.557819128036499
0.012986035086214542,0.013154448010027409,11.561749935150146
0.012974708341062069,0.013133126311004162,11.566960334777832
0.012963448651134968,0.013111777603626251,11.570730924606323
0.012952261604368687,0.013090400025248528,11.574523687362671
0.0129411481320858,0.013068991713225842,11.57841968536377
0.012930108234286308,0.01304754987359047,11.58361530303955
0.01291914377361536,0.013026072643697262,11.587403774261475
0.012908256612718105,0.013004560023546219,11.591169834136963
0.012897446751594543,0.012983010150492191,11.595095157623291
0.0128867132589221,0.012961422093212605,11.60025668144226
0.012876058928668499,0.012939794920384884,11.60392951965332
0.012865481898188591,0.012918129563331604,11.607658386230469
0.012854981236159801,0.01289642509073019,11.611465692520142
0.012844556011259556,0.012874681502580643,11.616401195526123
0.012834208086133003,0.012852899730205536,11.620304822921753
0.01282393466681242,0.01283107977360487,11.624053478240967
0.012813732959330082,0.012809224426746368,11.627800464630127
0.012803604826331139,0.012787330895662308,11.632980823516846
0.012793544679880142,0.012765402905642986,11.63686227798462
0.012783553451299667,0.012743443250656128,11.640590906143188
0.01277362834662199,0.012721451930701733,11.644351720809937
0.012763765640556812,0.012699431739747524,11.649141073226929
0.012753963470458984,0.012677383609116077,11.653224468231201
0.012744219042360783,0.012655312195420265,11.656929969787598
0.012734527699649334,0.012633218429982662,11.660744905471802
0.012724888511002064,0.012611105106770992,11.665323257446289
0.012715297751128674,0.012588976882398129,11.669507503509521
0.012705748900771141,0.012566836550831795,11.674198150634766
0.012696241959929466,0.01254468783736229,11.678505897521973
0.012686767615377903,0.012522535398602486,11.683711528778076
0.012677324004471302,0.012500382028520107,11.687398195266724
0.012667907401919365,0.012478232383728027,11.691152095794678
0.012658510357141495,0.012456092983484268,11.695097923278809
0.012649127282202244,0.012433967553079128,11.699815511703491
0.012639755383133888,0.012411861680448055,11.703493595123291
0.012630384415388107,0.012389781884849072,11.70721697807312
0.012621012516319752,0.012367733754217625,11.710952758789062
0.01261163130402565,0.012345722876489162,11.715651750564575
0.01260223239660263,0.012323756702244282,11.719390392303467
0.012592810206115246,0.012301841750741005,11.723181009292603
0.012583357281982899,0.012279986403882504,11.726998090744019
0.012573866173624992,0.0122581971809268,11.73148488998413
0.01256432756781578,0.012236482463777065,11.735275745391846
0.012554734945297241,0.012214849703013897,11.738965034484863
0.012545079924166203,0.012193308211863041,11.742726802825928
0.01253535132855177,0.012171867303550243,11.748245477676392
0.012525543570518494,0.012150535359978676,11.752222537994385
0.012515644542872906,0.012129321694374084,11.756009101867676
0.012505646795034409,0.01210823468863964,11.759756326675415
0.012495539151132107,0.01208728738129139,11.764290571212769
0.012485313229262829,0.012066488154232502,11.768043756484985
0.01247495785355568,0.0120458472520113,11.771735429763794
0.012464464642107487,0.012025375850498676,11.775457382202148
0.012453822419047356,0.012005084194242954,11.779472827911377
0.01244302000850439,0.011984982527792454,11.78341794013977
0.012432048097252846,0.01196508388966322,11.78710389137268
0.012420895509421825,0.011945397593080997,11.790951251983643
0.012409552000463009,0.011925935745239258,11.795259952545166
0.0123980063945055,0.011906709522008896,11.79990530014038
0.012386249378323555,0.011887730099260807,11.803561449050903
0.012374269776046276,0.011869010515511036,11.80728006362915
0.012362056411802769,0.011850560083985329,11.811027765274048
0.012349599972367287,0.01183238998055458,11.815567016601562
0.012336889281868935,0.011814513243734837,11.819306373596191
0.012323915027081966,0.011796939186751842,11.823159217834473
0.012310666032135487,0.011779679916799068,11.82708191871643
0.012297133915126324,0.01176274474710226,11.832350969314575
0.012283307500183582,0.011746146716177464,11.836181163787842
0.012269179336726665,0.011729894205927849,11.839898109436035
0.012254738248884678,0.011713996529579163,11.843636989593506
0.012239976786077023,0.011698463931679726,11.84814190864563
0.012224885635077953,0.011683305725455284,11.852510213851929
0.012209457345306873,0.011668533086776733,11.856245279312134
0.012193684466183186,0.011654150672256947,11.859983921051025
0.012177557684481144,0.011640168726444244,11.864242553710938
0.01216107327491045,0.01162659376859665,11.8685941696167
0.012144223786890507,0.011613433249294758,11.872348070144653
0.012127002701163292,0.011600692756474018,11.87610673904419
0.012109404429793358,0.011588379740715027,11.880868673324585
0.012091425247490406,0.011576496064662933,11.885149478912354
0.012073060497641563,0.011565049178898335,11.88883662223816
0.012054305523633957,0.01155404094606638,11.892605304718018
0.012035160325467587,0.011543474160134792,11.897516250610352
0.012015621177852154,0.011533351615071297,11.902005672454834
0.01199568621814251,0.011523674242198467,11.905706644058228
0.011975357308983803,0.011514442041516304,11.90948224067688
0.01195463165640831,0.011505655013024807,11.914200067520142
0.01193351112306118,0.011497311294078827,11.918428182601929
0.011911999434232712,0.01148940809071064,11.922170877456665
0.011890096589922905,0.011481942608952522,11.926036834716797
0.011867809109389782,0.011474908329546452,11.930883407592773
0.011845140717923641,0.011468302458524704,11.935101509094238
0.011822097934782505,0.011462116613984108,11.93885064125061
0.011798686347901821,0.011456343345344067,11.942589282989502
0.011774915270507336,0.011450974270701408,11.947484970092773
0.01175079308450222,0.011445997282862663,11.951646089553833
0.011726330034434795,0.011441404931247234,11.95538330078125
0.011701539158821106,0.011437180452048779,11.95933985710144
0.011676431633532047,0.011433311738073826,11.963244915008545
0.011651021428406239,0.011429785750806332,11.967929601669312
0.011625324375927448,0.011426582932472229,11.971709966659546
0.011599356308579445,0.011423689313232899,11.975548028945923
0.011573136784136295,0.011421083472669125,11.979491949081421
0.011546683497726917,0.011418746784329414,11.984087944030762
0.011520016938447952,0.011416657827794552,11.98782730102539
0.011493160389363766,0.011414795182645321,11.991546154022217
0.011466134339571,0.011413134634494781,11.995599031448364
0.011438965797424316,0.011411651037633419,12.00040316581726
0.011411680839955807,0.011410320177674294,12.004158973693848
0.011384304612874985,0.011409113183617592,12.007917404174805
0.011356866918504238,0.011408003978431225,12.012017488479614
0.01132939662784338,0.01140696182847023,12.016954898834229
0.011301925405859947,0.011405957862734795,12.020821332931519
0.011274484917521477,0.011404959484934807,12.024555206298828
0.011247108690440655,0.011403937824070454,12.028441667556763
0.011219831183552742,0.011402858421206474,12.03361988067627
0.011192686855793,0.011401687748730183,12.037353515625
0.011165712960064411,0.011400393210351467,12.04111623764038
0.011138944886624813,0.011398939415812492,12.04509687423706
0.011112420819699764,0.011397290043532848,12.050307512283325
0.011086179874837399,0.011395413428544998,12.054096221923828
0.0110602593049407,0.011393270455300808,12.057844877243042
0.011034698225557804,0.011390826664865017,12.061765909194946
0.011009537614881992,0.01138804666697979,12.066930770874023
0.010984815657138824,0.011384895071387291,12.070596933364868
0.010960571467876434,0.011381333693861961,12.074326753616333
0.010936843231320381,0.01137732993811369,12.078125715255737
0.010913670063018799,0.011372849345207214,12.083670139312744
0.010891091078519821,0.011367854662239552,12.08801794052124
0.010869141668081284,0.011362314224243164,12.091937065124512
0.01084785908460617,0.01135619543492794,12.096180200576782
0.010827277787029743,0.011349465698003769,12.101190328598022
0.010807432234287262,0.011342094279825687,12.105008363723755
0.010788354091346264,0.011334051378071308,12.108866691589355
0.010770075023174286,0.011325309053063393,12.112812757492065
0.010752621106803417,0.011315840296447277,12.117273569107056
0.010736020281910896,0.011305619031190872,12.120994091033936
0.010720298625528812,0.011294623836874962,12.124753475189209
0.010705475695431232,0.01128283143043518,12.128652811050415
0.010691570118069649,0.011270222254097462,12.133745670318604
0.010678600519895554,0.011256780475378036,12.137500524520874
0.010666580870747566,0.011242487467825413,12.141260862350464
0.010655518621206284,0.01122733298689127,12.145109415054321
0.010645424947142601,0.011211304925382137,12.149890184402466
0.010636301711201668,0.011194395832717419,12.153796195983887
0.010628149844706059,0.01117660105228424,12.157609462738037
0.010620967485010624,0.01115791592746973,12.161457777023315
0.010614748112857342,0.011138341389596462,12.166447401046753
0.01060948334634304,0.011117879301309586,12.170172214508057
0.010605158284306526,0.011096536181867123,12.173883438110352
0.01060175709426403,0.011074320413172245,12.177602529525757
0.010599260218441486,0.011051243171095848,12.182584524154663
0.010597643442451954,0.0110273202881217,12.18638801574707
0.01059687975794077,0.011002568528056145,12.190128326416016
0.010596937499940395,0.010977008379995823,12.193940877914429
0.01059778593480587,0.0109506631270051,12.198645830154419
0.010599385015666485,0.010923560708761215,12.202724933624268
0.010601697489619255,0.010895729064941406,12.206465005874634
0.0106046786531806,0.01086720172315836,12.21024227142334
0.01060828473418951,0.01083801407366991,12.215291500091553
0.010612467303872108,0.010808204300701618,12.21935749053955
0.010617176070809364,0.01077781431376934,12.223131895065308
0.0106223588809371,0.010746886022388935,12.226905107498169
0.010627959854900837,0.010715465992689133,12.231921195983887
0.010633925907313824,0.010683602653443813,12.235915184020996
0.010640198364853859,0.01065134909003973,12.239681482315063
0.010646716691553593,0.010618754662573338,12.243476390838623
0.010653424076735973,0.010585876181721687,12.248616933822632
0.010660259053111076,0.010552770458161831,12.252664566040039
0.010667159222066402,0.01051949430257082,12.256413459777832
0.01067406591027975,0.010486109182238579,12.260169506072998
0.010680916719138622,0.010452674701809883,12.265279054641724
0.010687650181353092,0.010419252328574657,12.269232749938965
0.01069420762360096,0.010385905392467976,12.272979021072388
0.010700526647269726,0.010352696292102337,12.276836156845093
0.010706551373004913,0.01031968928873539,12.281939268112183
0.010712222196161747,0.010286944918334484,12.286125898361206
0.010717482306063175,0.010254529304802418,12.2898690700531
0.01072227954864502,0.010222502052783966,12.293637037277222
0.010726558044552803,0.010190925560891628,12.298598527908325
0.010730268433690071,0.010159861296415329,12.30286955833435
0.010733360424637794,0.01012936607003212,12.30674147605896
0.010735789313912392,0.010099498555064201,12.310526847839355
0.010737509466707706,0.01007031463086605,12.31520938873291
0.010738478973507881,0.010041866451501846,12.3189218044281
0.010738659650087357,0.010014206171035767,12.322709321975708
0.010738016106188297,0.009987380355596542,12.326468467712402
0.010736513882875443,0.009961435571312904,12.331466436386108
0.010734123177826405,0.00993641372770071,12.335373640060425
0.010730817914009094,0.00991235300898552,12.339210271835327
0.010726572945713997,0.009889290668070316,12.343110799789429
0.010721367783844471,0.009867256507277489,12.348111867904663
0.010715185664594173,0.00984627939760685,12.351849555969238
0.01070801168680191,0.009826382622122765,12.355595350265503
0.010699835605919361,0.009807586669921875,12.35938024520874
0.010690649040043354,0.009789908304810524,12.364216089248657
0.01068045012652874,0.009773357771337032,12.368150472640991
0.010669234208762646,0.009757942520081997,12.371864557266235
0.010657005943357944,0.009743665345013142,12.376164436340332
0.01064376998692751,0.009730527177453041,12.380887746810913
0.010629533790051937,0.009718520566821098,12.38473629951477
0.010614311322569847,0.009707638993859291,12.388444662094116
0.01059811469167471,0.009697865694761276,12.392231464385986
0.010580962523818016,0.00968918576836586,12.396219730377197
0.010562874376773834,0.009681576862931252,12.400201797485352
0.010543874464929104,0.009675015695393085,12.403907299041748
0.01052398607134819,0.009669474326074123,12.407665729522705
0.010503238998353481,0.009664919227361679,12.411462783813477
0.01048166211694479,0.009661318734288216,12.41598916053772
0.010459288954734802,0.0096586337313056,12.419708251953125
0.010436153039336205,0.009656825102865696,12.423567533493042
0.010412289761006832,0.009655851870775223,12.427539587020874
0.010387738235294819,0.009655667468905449,12.432413101196289
0.010362539440393448,0.009656227193772793,12.436140537261963
0.010336730629205704,0.009657482616603374,12.439876794815063
0.010310357436537743,0.009659387171268463,12.443634986877441
0.010283461771905422,0.009661886841058731,12.448078393936157
0.01025608740746975,0.009664933197200298,12.451797246932983
0.010228279046714306,0.009668473154306412,12.455495357513428
0.010200082324445248,0.009672455489635468,12.459347486495972
0.010171543806791306,0.009676828980445862,12.464128255844116
0.010142709128558636,0.009681540541350842,12.467992305755615
0.01011362299323082,0.009686539880931377,12.471741914749146
0.010084332898259163,0.009691773913800716,12.476037502288818
0.010054883547127247,0.009697194211184978,12.480810642242432
0.010025319643318653,0.009702751412987709,12.484696865081787
0.009995685890316963,0.009708397090435028,12.488405704498291
0.009966026060283184,0.009714084677398205,12.493306636810303
0.009936383925378323,0.009719767607748508,12.498802423477173
0.009906798601150513,0.009725403040647507,12.502566576004028
0.009877312928438187,0.009730949066579342,12.506274223327637
0.009847965091466904,0.009736364707350731,12.510038614273071
0.009818792343139648,0.00974161084741354,12.515114068984985
0.009789831936359406,0.009746653027832508,12.51892352104187
0.009761118330061436,0.0097514558583498,12.522714376449585
0.00973268412053585,0.00975598581135273,12.526517868041992
0.009704560972750187,0.00976021308451891,12.531786680221558
0.009676776826381683,0.009764110669493675,12.535569667816162
0.009649360552430153,0.009767651557922363,12.539269924163818
0.00962233729660511,0.009770811535418034,12.543017387390137
0.009595729410648346,0.00977357104420662,12.548105716705322
0.009569560177624226,0.009775906801223755,12.55185866355896
0.009543848223984241,0.009777804836630821,12.555534362792969
0.009518611244857311,0.009779248386621475,12.559299945831299
0.009493865072727203,0.009780223481357098,12.564324140548706
0.009469622746109962,0.009780719876289368,12.568111658096313
0.009445897303521633,0.00978072639554739,12.571777820587158
0.009422698058187962,0.009780237451195717,12.575528383255005
0.009400032460689545,0.009779244661331177,12.580024242401123
0.00937790609896183,0.009777745231986046,12.583865880966187
0.00935632549226284,0.0097757363691926,12.587603569030762
0.009335293434560299,0.009773217141628265,12.591399908065796
0.009314809925854206,0.009770185686647892,12.595374822616577
0.009294875897467136,0.009766645729541779,12.599930763244629
0.009275490418076515,0.009762599132955074,12.603597402572632
0.00925664883106947,0.009758050553500652,12.607321977615356
0.009238350205123425,0.009753003716468811,12.611076593399048
0.009220586158335209,0.009747465141117573,12.615688562393188
0.009203354828059673,0.00974144134670496,12.619347333908081
0.009186645038425922,0.00973493978381157,12.623069286346436
0.009170453064143658,0.009727967903017998,12.626924753189087
0.009154767729341984,0.009720535948872566,12.63187837600708
0.009139581583440304,0.009712652303278446,12.636519193649292
0.009124883450567722,0.009704326279461384,12.640837907791138
0.009110665880143642,0.0096955681219697,12.645137786865234
0.009096916764974594,0.009686388075351715,12.650035858154297
0.009083625860512257,0.00967679638415575,12.653895378112793
0.00907078292220831,0.009666802361607552,12.657987117767334
0.009058376774191856,0.009656418114900589,12.661979913711548
0.009046397171914577,0.009645654819905758,12.666803121566772
0.009034832008183002,0.00963452085852623,12.670735597610474
0.009023671969771385,0.0096230274066329,12.674715995788574
0.009012904949486256,0.00961118470877409,12.678616046905518
0.009002520702779293,0.00959900300949812,12.683263063430786
0.008992508985102177,0.00958649069070816,12.686949253082275
0.008982858620584011,0.009573660790920258,12.690752029418945
0.00897356029599905,0.009560518898069859,12.694767475128174
0.008964605629444122,0.009547075256705284,12.699422597885132
0.008955983445048332,0.00953333918005228,12.703126192092896
0.008947685360908508,0.009519319050014019,12.70686149597168
0.00893970113247633,0.009505022317171097,12.710604429244995
0.0089320233091712,0.009490457363426685,12.715227603912354
0.008924642577767372,0.009475631639361382,12.71891736984253
0.00891755148768425,0.009460552595555782,12.722690105438232
0.008910741657018661,0.009445227682590485,12.726616621017456
0.00890420563519001,0.00942966341972351,12.731796264648438
0.008897935040295124,0.009413865394890308,12.735711574554443
0.008891922421753407,0.009397841989994049,12.739443063735962
0.008886161260306835,0.00938159879297018,12.743235111236572
0.008880642242729664,0.00936514139175415,12.748030185699463
0.00887536071240902,0.009348476305603981,12.751774787902832
0.008870307356119156,0.009331610053777695,12.755454063415527
0.00886547565460205,0.009314549155533314,12.759257316589355
0.008860858157277107,0.009297297336161137,12.764249801635742
0.008856448344886303,0.009279862977564335,12.768038034439087
0.008852236904203892,0.00926225259900093,12.771762371063232
0.008848217315971851,0.009244470857083797,12.775529384613037
0.00884438119828701,0.009226525202393532,12.77990984916687
0.008840721100568771,0.009208421222865582,12.783787965774536
0.008837228640913963,0.009190168231725693,12.78747820854187
0.00883389450609684,0.009171770885586739,12.791273593902588
0.00883071031421423,0.00915323756635189,12.795408964157104
0.00882766768336296,0.00913457665592432,12.799943208694458
0.008824755437672138,0.009115795604884624,12.803741455078125
0.00882196519523859,0.0090969018638134,12.807554244995117
0.008819286711513996,0.009077904745936394,12.81147575378418
0.00881670881062746,0.009058814495801926,12.81605577468872
0.008814222179353237,0.009039639495313168,12.819786548614502
0.008811814710497856,0.00902038998901844,12.823620796203613
0.008809474296867847,0.009001076221466064,12.827388286590576
0.00880719069391489,0.008981708437204361,12.832349300384521
0.00880495086312294,0.008962297812104225,12.836053371429443
0.008802743628621101,0.008942855522036552,12.83977484703064
0.008800556883215904,0.008923393674194813,12.843539714813232
0.008798375725746155,0.008903923444449902,12.848493576049805
0.008796188980340958,0.008884459733963013,12.852341651916504
0.008793982677161694,0.008865011855959892,12.856124639511108
0.008791744709014893,0.00884559378027916,12.860316038131714
0.00878946017473936,0.008826220408082008,12.864734172821045
0.008787116035819054,0.008806903846561909,12.868506669998169
0.008784700185060501,0.008787657134234905,12.872218132019043
0.008782198652625084,0.008768494240939617,12.87601923942566
0.008779596537351608,0.008749429136514664,12.880865335464478
0.008776881732046604,0.008730476722121239,12.884700536727905
0.008774041198194027,0.008711650036275387,12.888373613357544
0.008771060965955257,0.008692962117493153,12.892197370529175
0.0087679298594594,0.008674426935613155,12.896594524383545
0.008764633908867836,0.008656058460474014,12.901944637298584
0.00876116007566452,0.008637870661914349,12.906065702438354
0.008757500909268856,0.008619876578450203,12.909987449645996
0.0087536396458745,0.008602087385952473,12.915083885192871
0.008749568834900856,0.008584517054259777,12.91881537437439
0.008745275437831879,0.008567177690565586,12.92265796661377
0.008740751072764397,0.00855008140206337,12.926617860794067
0.00873598549515009,0.008533238433301449,12.931742429733276
0.008730970323085785,0.008516659028828144,12.935459613800049
0.008725697174668312,0.008500355295836926,12.939157247543335
0.0087201576679945,0.008484335616230965,12.942919492721558
0.008714345283806324,0.008468607440590858,12.947660207748413
0.008708253502845764,0.008453181944787502,12.951369524002075
0.008701876737177372,0.00843806378543377,12.955193042755127
0.008695210330188274,0.008423262275755405,12.95935583114624
0.008688249625265598,0.00840878114104271,12.963419914245605
0.008680992759764194,0.008394625969231129,12.96717882156372
0.00867343507707119,0.008380802348256111,12.970864057540894
0.00866557564586401,0.008367312140762806,12.974945783615112
0.00865741353482008,0.008354158140718937,12.978997468948364
0.008648947812616825,0.008341343142092228,12.983248472213745
0.00864017941057682,0.008328867144882679,12.986942768096924
0.00863110926002264,0.00831673014909029,12.990805625915527
0.008621740154922009,0.008304931223392487,12.99528956413269
0.008612073957920074,0.008293469436466694,12.999740362167358
0.008602114394307137,0.008282341994345188,13.003421306610107
0.008591865189373493,0.008271544240415096,13.007166385650635
0.008581332862377167,0.008261073380708694,13.010918855667114
0.008570521138608456,0.008250923827290535,13.01548147201538
0.008559435606002808,0.00824108999222517,13.019205331802368
0.008548086509108543,0.008231564424932003,13.02302098274231
0.008536478504538536,0.008222340606153011,13.026971340179443
0.008524619974195957,0.008213412016630173,13.031848907470703
0.008512520231306553,0.008204767480492592,13.03554368019104
0.008500187657773495,0.008196399547159672,13.03926944732666
0.008487631566822529,0.008188298903405666,13.043030023574829
0.008474861271679401,0.008180453442037106,13.047544240951538
0.008461888879537582,0.008172854781150818,13.051295280456543
0.008448724634945393,0.008165490813553333,13.05552053451538
0.008435376919806004,0.008158350363373756,13.05932879447937
0.008421860635280609,0.008151420392096043,13.063295602798462
0.008408185094594955,0.008144690655171871,13.067054510116577
0.008394361473619938,0.008138149045407772,13.070740222930908
0.008380402810871601,0.008131781592965126,13.074467182159424
0.00836632028222084,0.008125577121973038,13.078449964523315
0.008352125994861126,0.008119521662592888,13.08273983001709
0.008337832055985928,0.008113604970276356,13.086433172225952
0.008323448710143566,0.008107811212539673,13.090260744094849
0.00830898992717266,0.008102131076157093,13.09433650970459
0.008294466882944107,0.008096550591289997,13.098894596099854
0.008279889822006226,0.008091057650744915,13.102601528167725
0.008265270851552486,0.008085639216005802,13.106323480606079
0.008250623010098934,0.008080285042524338,13.110080480575562
0.00823595467954874,0.008074983023107052,13.114727258682251
0.008221277967095375,0.008069721050560474,13.118457078933716
0.00820660125464201,0.00806448981165886,13.122301578521729
0.008191936649382114,0.008059277199208736,13.126426935195923
0.008177293464541435,0.008054072968661785,13.131349563598633
0.008162680082023144,0.008048868738114834,13.135267496109009
0.00814810674637556,0.008043653331696987,13.139109134674072
0.008133580908179283,0.008038419298827648,13.143006086349487
0.008119110949337482,0.00803315732628107,13.147496461868286
0.008104703389108181,0.008027859963476658,13.151355981826782
0.008090367540717125,0.008022518828511238,13.155228614807129
0.008076108060777187,0.008017127402126789,13.159124612808228
0.00806193146854639,0.008011679165065289,13.163242101669312
0.008047844283282757,0.008006168529391289,13.167008399963379
0.00803385116159916,0.008000588044524193,13.170671939849854
0.008019956760108471,0.007994935847818851,13.174408912658691
0.008006165735423565,0.007989205420017242,13.178180932998657
0.007992480881512165,0.007983393035829067,13.182565450668335
0.007978906854987144,0.007977494969964027,13.186275243759155
0.007965445518493652,0.007971508428454399,13.190055847167969
0.007952099665999413,0.007965431548655033,13.193885564804077
0.007938871160149574,0.007959260605275631,13.19841980934143
0.007925760932266712,0.007952996529638767,13.202959537506104
0.007912770844995975,0.007946634665131569,13.206797122955322
0.007899900898337364,0.00794017594307661,13.210565328598022
0.007887152954936028,0.007933619432151318,13.215041637420654
0.007874525152146816,0.007926966063678265,13.218752384185791
0.00786201748996973,0.007920215837657452,13.22254753112793
0.007849631831049919,0.007913367822766304,13.226315975189209
0.00783736351877451,0.007906422950327396,13.230844259262085
0.007825213484466076,0.007899384014308453,13.234548807144165
0.00781317986547947,0.007892251946032047,13.238316774368286
0.007801261730492115,0.00788502674549818,13.242323637008667
0.007789456285536289,0.007877711206674576,13.247467517852783
0.007777762599289417,0.007870307192206383,13.25119686126709
0.007766177412122488,0.007862817496061325,13.25489592552185
0.0077546993270516396,0.007855242118239403,13.25864863395691
0.007743326015770435,0.007847585715353489,13.26242470741272
0.0077320546843111515,0.007839850150048733,13.26647663116455
0.007720883935689926,0.007832035422325134,13.270167112350464
0.007709810510277748,0.007824147120118141,13.273958444595337
0.007698832079768181,0.007816186174750328,13.278131008148193
0.007687946781516075,0.007808154448866844,13.282573223114014
0.007677152287214994,0.007800055202096701,13.286283254623413
0.007666445802897215,0.007791890297085047,13.290003538131714
0.007655825931578875,0.007783662062138319,13.293836116790771
0.007645290344953537,0.007775373291224241,13.29836130142212
0.0076348367147147655,0.007767024450004101,13.303006649017334
0.007624464575201273,0.007758618798106909,13.307170867919922
0.007614170666784048,0.00775015726685524,13.311142206192017
0.007603954523801804,0.0077416421845555305,13.315952777862549
0.00759381428360939,0.0077330744825303555,13.319697856903076
0.007583748549222946,0.007724456023424864,13.323429346084595
0.007573757320642471,0.007715787272900343,13.3272066116333
0.007563839200884104,0.007707069627940655,13.332080602645874
0.007553993258625269,0.007698304485529661,13.335777044296265
0.0075442190282046795,0.007689491380006075,13.33948564529419
0.007534516043961048,0.007680631708353758,13.343266248703003
0.007524884771555662,0.00767172547057271,13.348069429397583
0.00751532381400466,0.007662773132324219,13.352002143859863
0.0075058345682919025,0.007653774227946997,13.355849742889404
0.007496417034417391,0.0076447296887636185,13.359781980514526
0.007487069815397263,0.0076356385834515095,13.364762544631958
0.007477794773876667,0.007626500446349382,13.368594884872437
0.0074685923755168915,0.007617316208779812,13.372473955154419
0.007459462154656649,0.007608083542436361,13.376438617706299
0.007450405973941088,0.007598803844302893,13.380979537963867
0.007441423367708921,0.0075894747860729694,13.384668350219727
0.007432514801621437,0.007580097299069166,13.388481140136719
0.007423681207001209,0.007570669986307621,13.392289161682129
0.007414923049509525,0.007561192847788334,13.396528482437134
0.007406240329146385,0.00755166495218873,13.400388956069946
0.0073976339772343636,0.007542086765170097,13.404155731201172
0.007389103528112173,0.007532456424087286,13.407991409301758
0.007380648981779814,0.007522775325924158,13.412163019180298
0.007372270338237286,0.007513042073696852,13.416491270065308
0.007363968063145876,0.007503257133066654,13.420198678970337
0.007355740759521723,0.00749342143535614,13.42399549484253
0.007347587961703539,0.007483534514904022,13.427783489227295
0.00733950873836875,0.00747359823435545,13.432626008987427
0.007331501692533493,0.007463611196726561,13.436330080032349
0.00732356496155262,0.007453577127307653,13.440056324005127
0.007315697148442268,0.0074434964917600155,13.44384241104126
0.007307896390557289,0.007433370221406221,13.448416948318481
0.007300159428268671,0.007423201575875282,13.452127695083618
0.007292483933269978,0.007412992417812347,13.455862998962402
0.007284866645932198,0.007402745541185141,13.45982813835144
0.007277303840965033,0.007392463739961386,13.464600563049316
0.007269791793078184,0.007382150739431381,13.468335390090942
0.007262325845658779,0.007371809799224138,13.472039222717285
0.0072549027390778065,0.00736144557595253,13.475824117660522
0.007247515954077244,0.007351062260568142,13.479887962341309
0.007240161299705505,0.007340664509683847,13.483702182769775
0.0072328317910432816,0.007330257911235094,13.487436771392822
0.007225523237138987,0.007319847121834755,13.491195440292358
0.007218228653073311,0.007309438660740852,13.495229959487915
0.007210941519588232,0.007299037650227547,13.49993085861206
0.007203654386103153,0.007288651540875435,13.503639698028564
0.007196362130343914,0.007278286851942539,13.50743556022644
0.007189055904746056,0.007267949637025595,13.511497974395752
0.007181728724390268,0.007257647812366486,13.51598596572876
0.007174373138695955,0.007247387897223234,13.519690990447998
0.007166981231421232,0.007237178273499012,13.523447513580322
0.0071595460176467896,0.007227025460451841,13.527237176895142
0.007152059581130743,0.007216937839984894,13.532277584075928
0.007144513074308634,0.007206922862678766,13.535983324050903
0.007136900443583727,0.007196987979114056,13.539783716201782
0.007129212375730276,0.007187140639871359,13.54363489151001
0.007121443282812834,0.0071773892268538475,13.548635721206665
0.007113585248589516,0.007167740724980831,13.552529096603394
0.00710562989115715,0.007158202119171619,13.556276798248291
0.00709757162258029,0.007148780394345522,13.560056209564209
0.007089404389262199,0.007139483001083136,13.564759254455566
0.007081121206283569,0.007130315527319908,13.568668603897095
0.007072716020047665,0.007121284957975149,13.572406768798828
0.007064185105264187,0.007112395949661732,13.576193809509277
0.007055521942675114,0.0071036540903151035,13.58142638206482
0.007046723738312721,0.007095064036548138,13.586024761199951
0.0070377858355641365,0.00708662997931242,13.589957475662231
0.007028705906122923,0.007078355643898249,13.593737840652466
0.007019480690360069,0.007070243824273348,13.598619937896729
0.007010110188275576,0.007062296383082867,13.602758646011353
0.007000591605901718,0.007054515648633242,13.60653567314148
0.006990925874561071,0.0070469011552631855,13.610405683517456
0.006981113459914923,0.00703945429995656,13.615269899368286
0.006971154827624559,0.007032173685729504,13.619630336761475
0.006961053237318993,0.007025057915598154,13.623426675796509
0.006950811482965946,0.007018104195594788,13.627214908599854
0.006940432358533144,0.00701130973175168,13.632461786270142
0.006929922383278608,0.007004670333117247,13.636191606521606
0.006919285748153925,0.006998180877417326,13.639967679977417
0.0069085294380784035,0.006991836242377758,13.643804788589478
0.006897660903632641,0.006985629443079233,13.648624181747437
0.006886687595397234,0.006979552563279867,13.652506113052368
0.006875618360936642,0.006973597686737776,13.656246900558472
0.006864463910460472,0.0069677564315497875,13.66003131866455
0.006853233557194471,0.006962018087506294,13.664747953414917
0.006841938942670822,0.0069563728757202625,13.668753385543823
0.0068305921740829945,0.00695080915465951,13.672479629516602
0.006819205358624458,0.006945315282791853,13.67625117301941
0.006807792000472546,0.0069398777559399605,13.680845022201538
0.006796365603804588,0.006934485863894224,13.6848726272583
0.00678494106978178,0.0069291237741708755,13.688586235046387
0.006773532833904028,0.00692377844825387,13.692471265792847
0.006762155797332525,0.006918434984982014,13.697482347488403
0.006750825792551041,0.006913079414516687,13.701560258865356
0.006739558652043343,0.006907695904374123,13.705279350280762
0.006728369742631912,0.0069022695533931255,13.710041999816895
0.006717275828123093,0.006896784529089928,13.71490478515625
0.006706292741000652,0.0068912263959646225,13.718801498413086
0.006695436779409647,0.006885578390210867,13.722656965255737
0.006684723775833845,0.006879825610667467,13.726572513580322
0.0066741700284183025,0.006873952690511942,13.731720924377441
0.006663791369646788,0.006867945194244385,13.735583782196045
0.00665360176935792,0.006861787289381027,13.739336967468262
0.0066436175256967545,0.00685546500608325,13.74321436882019
0.006633852142840624,0.006848963908851147,13.748454093933105
0.006624320056289434,0.00684227142482996,13.752447843551636
0.0066150338388979435,0.00683537358418107,13.756288051605225
0.006606006063520908,0.006828257814049721,13.760066509246826
0.006597247906029224,0.006820913404226303,13.764886379241943
0.006588771939277649,0.006813328247517347,13.7688729763031
0.0065805851481854916,0.006805493030697107,13.772619247436523
0.006572699174284935,0.006797397509217262,13.776408672332764
0.006565120071172714,0.006789034232497215,13.781489610671997
0.006557854823768139,0.0067803943529725075,13.785515308380127
0.006550909485667944,0.006771472282707691,13.789286851882935
0.006544287782162428,0.006762261968106031,13.79308795928955
0.006537993438541889,0.006752759218215942,13.798201322555542
0.006532028783112764,0.006742960773408413,13.802225589752197
0.006526393350213766,0.006732862908393145,13.806129693984985
0.006521087605506182,0.006722466088831425,13.809925556182861
0.006516109220683575,0.006711768917739391,13.814766883850098
0.0065114544704556465,0.006700773257762194,13.818942070007324
0.006507120560854673,0.006689480971544981,13.82284665107727
0.006503100506961346,0.006677895784378052,13.826618194580078
0.006499387323856354,0.006666020955890417,13.83130693435669
0.006495974026620388,0.006653863936662674,13.835137367248535
0.00649284990504384,0.006641430780291557,13.839001893997192
0.006490005180239677,0.006628728937357664,13.842851400375366
0.006487428676337004,0.0066157677210867405,13.84757947921753
0.006485107820481062,0.00660255691036582,13.851308107376099
0.006483027245849371,0.006589108146727085,13.855026960372925
0.0064811743795871735,0.006575432606041431,13.858792781829834
0.006479532923549414,0.006561544258147478,13.863234758377075
0.0064780875109136105,0.006547456607222557,13.867077827453613
0.006476819980889559,0.006533184088766575,13.870779991149902
0.006475713104009628,0.006518743000924587,13.874537944793701
0.006474749185144901,0.00650414964184165,13.878509998321533
0.0064739082008600235,0.006489420309662819,13.883167266845703
0.006473172456026077,0.006474573165178299,13.88688349723816
0.006472521927207708,0.006459625903517008,13.890655517578125
0.006471936125308275,0.0064445985481143,13.894811391830444
0.006471395958214998,0.006429509725421667,13.899458646774292
0.006470880471169949,0.006414378527551889,13.903303384780884
0.006470370572060347,0.006399225443601608,13.9070463180542
0.006469844840466976,0.006384070031344891,13.910816431045532
0.006469284184277058,0.006368932779878378,13.915595054626465
0.0064686681143939495,0.006353834643959999,13.919338941574097
0.0064679780043661594,0.006338794715702534,13.923110246658325
0.006467193830758333,0.006323833949863911,13.926913499832153
0.006466297432780266,0.006308971904218197,13.931906938552856
0.006465270649641752,0.0062942286022007465,13.935649871826172
0.006464094389230013,0.006279623135924339,13.939374208450317
0.006462752819061279,0.006265175528824329,13.943155527114868
0.006461229175329208,0.0062509034760296345,13.94805908203125
0.00645950622856617,0.00623682513833046,13.951804399490356
0.0064575704745948315,0.00622295867651701,13.955551624298096
0.006455407477915287,0.006209319923073053,13.959333419799805
0.0064530023373663425,0.006195926573127508,13.964209079742432
0.006450343411415815,0.006182792130857706,13.967987775802612
0.0064474185928702354,0.006169931963086128,13.971944570541382
0.006444217171519995,0.006157359573990107,13.975862741470337
0.006440728437155485,0.006145087536424398,13.980904579162598
0.00643694493919611,0.006133127957582474,13.984723091125488
0.0064328573644161224,0.006121491082012653,13.988420486450195
0.006428458262234926,0.006110186688601971,13.992182731628418
0.006423742510378361,0.006099223624914885,13.996598720550537
0.006418704055249691,0.006088608875870705,14.000471591949463
0.006413340102881193,0.0060783494263887405,14.004183053970337
0.006407645996659994,0.006068450398743153,14.007994174957275
0.006401620805263519,0.006058915518224239,14.012056589126587
0.006395261734724045,0.006049748044461012,14.016602754592896
0.006388570182025433,0.0060409498400986195,14.020324945449829
0.006381545681506395,0.006032521836459637,14.024109601974487
0.006374190095812082,0.006024464033544064,14.028146266937256
0.00636650575324893,0.0060167741030454636,14.03304409980774
0.006358496379107237,0.006009450647979975,14.037127494812012
0.006350165233016014,0.006002489477396011,14.04109525680542
0.006341518368571997,0.005995886400341988,14.044885158538818
0.006332560442388058,0.0059896353632211685,14.049437761306763
0.006323299370706081,0.005983731243759394,14.053149700164795
0.006313741207122803,0.005978165194392204,14.056901454925537
0.006303894333541393,0.005972930230200291,14.060688495635986
0.006293767131865025,0.005968017037957907,14.065171957015991
0.0062833684496581554,0.005963415838778019,14.068868398666382
0.006272708531469107,0.005959116388112307,14.072618961334229
0.006261798087507486,0.005955107044428587,14.07646107673645
0.006250646430999041,0.005951376166194677,14.081421136856079
0.006239267066121101,0.005947912111878395,14.085376501083374
0.006227669771760702,0.0059447018429636955,14.089097499847412
0.0062158675864338875,0.005941731855273247,14.09288239479065
0.006203872617334127,0.0059389895759522915,14.09758973121643
0.006191697437316179,0.0059364596381783485,14.10137414932251
0.006179355550557375,0.005934129003435373,14.105090141296387
0.006166859995573759,0.005931982304900885,14.108892679214478
0.006154224742203951,0.005930005572736263,14.113256931304932
0.006141462828963995,0.005928182974457741,14.118530035018921
0.006128588225692511,0.005926501005887985,14.122882604598999
0.00611561443656683,0.005924943368881941,14.126788139343262
0.006102556362748146,0.005923496559262276,14.13232946395874
0.006089426577091217,0.005922143813222647,14.136122941970825
0.0060762399807572365,0.005920871626585722,14.139869928359985
0.006063010543584824,0.005919665098190308,14.143867492675781
0.006049751304090023,0.00591850932687521,14.148871898651123
0.006036476697772741,0.005917389411479235,14.152618885040283
0.00602320022881031,0.005916292313486338,14.156360387802124
0.006009935401380062,0.005915203131735325,14.16014313697815
0.005996695253998041,0.005914107896387577,14.165285110473633
0.0059834932908415794,0.005912994034588337,14.168994665145874
0.005970342084765434,0.005911848042160273,14.17284607887268
0.005957254208624363,0.005910657346248627,14.176645040512085
0.005944242235273123,0.005909408908337355,14.181560516357422
0.0059313178062438965,0.005908091086894274,14.18551754951477
0.005918493960052729,0.005906691774725914,14.189335107803345
0.005905780475586653,0.005905200261622667,14.19310212135315
0.005893189460039139,0.005903604440391064,14.198170185089111
0.005880731623619795,0.005901894997805357,14.20191764831543
0.005868417210876942,0.005900061689317226,14.205621480941772
0.005856256932020187,0.005898093804717064,14.209395408630371
0.0058442591689527035,0.005895983427762985,14.214237928390503
0.005832434631884098,0.00589372031390667,14.218043565750122
0.005820791237056255,0.0058912974782288074,14.221822261810303
0.0058093382976949215,0.00588870607316494,14.225763320922852
0.005798082798719406,0.005885938182473183,14.230913639068604
0.0057870326563715935,0.0058829872868955135,14.234855890274048
0.0057761953212320805,0.00587984686717391,14.238584518432617
0.005765578243881464,0.00587651040405035,14.242360353469849
0.005755186080932617,0.005872971843928099,14.246571063995361
0.00574502581730485,0.0058692265301942825,14.250439882278442
0.005735102109611034,0.0058652679435908794,14.254142761230469
0.005725420545786619,0.0058610932901501656,14.257919311523438
0.005715985782444477,0.0058566974475979805,14.261882305145264
0.005706800613552332,0.005852077156305313,14.26673698425293
0.005697868764400482,0.005847229156643152,14.27069640159607
0.005689194425940514,0.005842149723321199,14.27445936203003
0.0056807794608175755,0.005836837459355593,14.27826714515686
0.005672625731676817,0.005831289570778608,14.282703399658203
0.005664735101163387,0.005825504660606384,14.286426067352295
0.005657108034938574,0.005819481797516346,14.290201425552368
0.005649746395647526,0.0058132195845246315,14.293980360031128
0.0056426492519676685,0.005806718021631241,14.299089193344116
0.005635816603899002,0.005799977108836174,14.302892208099365
0.005629248451441526,0.005792996846139431,14.306626796722412
0.00562294153496623,0.005785777699202299,14.310386419296265
0.005616896320134401,0.005778321996331215,14.315164804458618
0.005611109081655741,0.005770630203187466,14.318870782852173
0.005605577956885099,0.005762705113738775,14.322637796401978
0.005600299220532179,0.00575454905629158,14.326411008834839
0.005595268681645393,0.00574616389349103,14.331369400024414
0.005590483546257019,0.005737552884966135,14.335083961486816
0.0055859386920928955,0.005728720687329769,14.33882451057434
0.005581628996878862,0.005719670094549656,14.342591524124146
0.005577548407018185,0.005710406228899956,14.34759259223938
0.005573692265897989,0.005700933746993542,14.351469993591309
0.005570053122937679,0.005691256839782,14.355312585830688
0.005566624458879232,0.005681382492184639,14.359316110610962
0.005563399754464626,0.00567131582647562,14.364261865615845
0.0055603706277906895,0.0056610628962516785,14.368008852005005
0.00555752869695425,0.005650631617754698,14.371737480163574
0.005554867442697287,0.005640027578920126,14.375511169433594
0.00555237615481019,0.0056292591616511345,14.379488706588745
0.005550045985728502,0.00561833381652832,14.383537530899048
0.005547868553549051,0.005607259459793568,14.387437343597412
0.005545832682400942,0.005596045404672623,14.391336679458618
0.005543929524719715,0.005584700498729944,14.395406007766724
0.00554214883595705,0.005573233589529991,14.399890661239624
0.00554047804325819,0.005561654455959797,14.403687000274658
0.005538908299058676,0.005549973342567682,14.407572507858276
0.00553742703050375,0.005538200028240681,14.411490678787231
0.005536023993045092,0.0055263452231884,14.416013479232788
0.0055346861481666565,0.005514420103281736,14.419681549072266
0.005533403251320124,0.005502435378730297,14.42349362373352
0.0055321622639894485,0.005490402691066265,14.427411556243896
0.005530951544642448,0.005478333681821823,14.432341814041138
0.005529758520424366,0.005466239992529154,14.436040878295898
0.005528572481125593,0.0054541341960430145,14.439773321151733
0.005527378525584936,0.005442027468234301,14.443527936935425
0.005526165943592787,0.005429933313280344,14.448529958724976
0.005524923093616962,0.005417863838374615,14.45223355293274
0.005523636005818844,0.00540583161637187,14.45595383644104
0.005522293038666248,0.005393849685788155,14.459803819656372
0.005520882550626993,0.005381930619478226,14.464716672897339
0.005519391503185034,0.005370086990296841,14.468467473983765
0.005517808720469475,0.005358331371098757,14.472172498703003
0.005516122095286846,0.005346676800400019,14.475947380065918
0.005514319520443678,0.005335136316716671,14.480919361114502
0.005512390751391649,0.005323722027242184,14.48469352722168
0.005510323215276003,0.005312446504831314,14.488392114639282
0.005508107133209705,0.005301321856677532,14.492163896560669
0.005505731329321861,0.005290359724313021,14.496168375015259
0.00550318555906415,0.00527957221493125,14.500254154205322
0.00550045957788825,0.005268971435725689,14.504050970077515
0.005497544538229704,0.005258567631244659,14.507814168930054
0.005494430661201477,0.0052483719773590565,14.511603832244873
0.0054911100305616856,0.005238394718617201,14.51608681678772
0.005487573333084583,0.005228646099567413,14.519878625869751
0.005483813583850861,0.005219134967774153,14.524574518203735
0.005479822400957346,0.005209870636463165,14.52878475189209
0.005475594662129879,0.00520086195319891,14.533671379089355
0.0054711224511265755,0.005192116368561983,14.537369728088379
0.005466400645673275,0.005183641333132982,14.541114568710327
0.005461424123495817,0.0051754433661699295,14.544950723648071
0.005456188227981329,0.0051675280556082726,14.549904823303223
0.005450689699500799,0.005159901455044746,14.55363392829895
0.005444924347102642,0.005152566824108362,14.557377338409424
0.005438890308141708,0.005145529750734568,14.561165809631348
0.005432584788650274,0.005138792097568512,14.566623210906982
0.005426006857305765,0.005132356192916632,14.570378541946411
0.005419155582785606,0.005126223899424076,14.574164152145386
0.005412031430751085,0.005120395682752132,14.57817029953003
0.005404634866863489,0.005114871542900801,14.583292722702026
0.00539696728810668,0.005109649617224932,14.587027549743652
0.005389030557125807,0.005104729440063238,14.590879440307617
0.005380828399211168,0.0051001072861254215,14.594829320907593
0.005372363142669201,0.005095780361443758,14.599520444869995
0.005363640375435352,0.0050917440094053745,14.603214025497437
0.005354664288461208,0.005087993107736111,14.606957197189331
0.005345440469682217,0.0050845216028392315,14.61074185371399
0.005335974972695112,0.005081322509795427,14.615797281265259
0.005326276179403067,0.0050783888436853886,14.61950159072876
0.005316350143402815,0.005075712222605944,14.623274087905884
0.00530620664358139,0.005073282402008772,14.627088069915771
0.005295854527503252,0.005071090999990702,14.631850004196167
0.005285302642732859,0.005069126840680838,14.635712385177612
0.005274562165141106,0.005067378748208284,14.639583349227905
0.005263643339276314,0.0050658355467021465,14.643473863601685
0.005252558272331953,0.0050644841976463795,14.64851188659668
0.0052413190715014935,0.005063312128186226,14.652536869049072
0.005229937843978405,0.005062304902821779,14.656355381011963
0.005218428559601307,0.005061449948698282,14.66025972366333
0.0052068037912249565,0.005060731433331966,14.66534948348999
0.005195078440010548,0.0050601353868842125,14.669201374053955
0.005183266941457987,0.005059646442532539,14.672943353652954
0.005171383731067181,0.0050592487677931786,14.676737785339355
0.00515944417566061,0.005058927461504936,14.681398391723633
0.005147464573383331,0.005058665294200182,14.685145616531372
0.005135459825396538,0.005058446899056435,14.688911199569702
0.005123445764183998,0.005058255046606064,14.692699193954468
0.005111439153552055,0.0050580743700265884,14.697563171386719
0.005099456757307053,0.005057888105511665,14.70136022567749
0.005087514407932758,0.0050576794892549515,14.705065488815308
0.005075628403574228,0.005057431757450104,14.708840370178223
0.00506381643936038,0.005057130008935928,14.712855815887451
0.005052093882113695,0.0050567565485835075,14.716841220855713
0.005040477495640516,0.00505629600957036,14.720576286315918
0.005028983578085899,0.005055733025074005,14.72438359260559
0.005017627961933613,0.005055051296949387,14.728217124938965
0.00500642741099,0.005054236855357885,14.732763767242432
0.004995395429432392,0.005053273867815733,14.73646068572998
0.00498454924672842,0.00505214836448431,14.740236520767212
0.004973901901394129,0.005050846841186285,14.744057416915894
0.004963468294590712,0.005049354862421751,14.748927593231201
0.004953262861818075,0.005047659855335951,14.752690553665161
0.004943298175930977,0.005045750178396702,14.756432056427002
0.004933586809784174,0.005043613258749247,14.760221481323242
0.0049241408705711365,0.0050412374548614025,14.765263795852661
0.004914971999824047,0.005038612987846136,14.769018650054932
0.004906089976429939,0.005035729613155127,14.772717237472534
0.004897505510598421,0.005032578017562628,14.776467323303223
0.004889226984232664,0.005029149819165468,14.78136396408081
0.0048812623135745525,0.005025437101721764,14.785117387771606
0.004873619414865971,0.005021432414650917,14.788912057876587
0.004866304341703653,0.005017130170017481,14.792719602584839
0.004859322216361761,0.005012524779886007,14.797569274902344
0.004852678161114454,0.005007610656321049,14.801353454589844
0.004846374504268169,0.005002385471016169,14.805044174194336
0.004840415436774492,0.0049968441016972065,14.808864831924438
0.0048348004929721355,0.0049909865483641624,14.81285834312439
0.004829532001167536,0.004984809551388025,14.816890239715576
0.004824608098715544,0.004978313576430082,14.820600032806396
0.0048200273886322975,0.0049714986234903336,14.82440972328186
0.004815788473933935,0.004964366089552641,14.828223943710327
0.004811886232346296,0.004956917371600866,14.832741975784302
0.0048083169385790825,0.004949156194925308,14.836440801620483
0.004805075004696846,0.004941084887832403,14.840296030044556
0.0048021539114415646,0.004932709503918886,14.844272136688232
0.004799546208232641,0.004924033768475056,14.849058151245117
0.0047972435131669044,0.004915065132081509,14.852800130844116
0.004795236047357321,0.004905810579657555,14.85651683807373
0.004793514497578144,0.004896276630461216,14.860294342041016
0.004792068153619766,0.004886472597718239,14.865198135375977
0.004790884908288717,0.004876407794654369,14.868966102600098
0.00478995218873024,0.004866092000156641,14.872720956802368
0.004789256956428289,0.004855535924434662,14.876560688018799
0.004788785707205534,0.004844751209020615,14.881386995315552
0.004788524005562067,0.004833749495446682,14.885133504867554
0.004788456484675407,0.0048225438222289085,14.888885974884033
0.004788568243384361,0.004811147693544626,14.892912864685059
0.004788842983543873,0.004799574613571167,14.897651195526123
0.004789264872670174,0.004787839017808437,14.901399612426758
0.004789816681295633,0.004775955807417631,14.905111312866211
0.004790482111275196,0.004763941280543804,14.908890724182129
0.004791243467479944,0.0047518108040094376,14.913275957107544
0.00479208305478096,0.004739580675959587,14.917259454727173
0.004792983643710613,0.0047272671945393085,14.921093940734863
0.004793928004801273,0.00471488805487752,14.924996614456177
0.004794897045940161,0.004702460486441851,14.930917978286743
0.00479587446898222,0.004690002184361219,14.935111284255981
0.004796842113137245,0.004677530378103256,14.938844203948975
0.004797781351953745,0.004665063228458166,14.942623853683472
0.00479867635294795,0.004652619361877441,14.947835922241211
0.004799508955329657,0.0046402160078287125,14.951846837997437
0.004800261463969946,0.004627871792763472,14.95569920539856
0.00480091804638505,0.004615604877471924,14.959594488143921
0.004801462404429913,0.004603433422744274,14.965119123458862
0.004801877774298191,0.004591374192386866,14.96889591217041
0.0048021478578448296,0.004579446278512478,14.972713470458984
0.0048022582195699215,0.004567666910588741,14.97647500038147
0.004802193492650986,0.004556053318083286,14.981506586074829
0.004801939707249403,0.004544621799141169,14.985342264175415
0.004801482427865267,0.004533389583230019,14.989083766937256
0.004800808150321245,0.004522372502833605,14.992871522903442
0.004799904301762581,0.004511586390435696,14.997697830200195
0.004798758774995804,0.004501046147197485,15.00153112411499
0.004797358997166157,0.004490766674280167,15.005321502685547
0.004795695189386606,0.0044807614758610725,15.009124279022217
0.004793756175786257,0.004471044521778822,15.013381958007812
0.0047915312461555,0.004461627919226885,15.01719069480896
0.00478901294991374,0.0044525242410600185,15.020930767059326
0.004786192439496517,0.004443744663149118,15.024854183197021
0.004783060867339373,0.004435298498719931,15.028690576553345
0.0047796121798455715,0.004427196923643351,15.033458709716797
0.0047758398577570915,0.0044194478541612625,15.037195205688477
0.004771737847477198,0.004412059206515551,15.041049003601074
0.004767301492393017,0.004405038431286812,15.044863939285278
0.0047625270672142506,0.004398391116410494,15.04942774772644
0.004757409915328026,0.004392122849822044,15.053216457366943
0.004751948174089193,0.004386237356811762,15.057027816772461
0.004746139515191317,0.004380738828331232,15.06099009513855
0.004739982541650534,0.004375628661364317,15.065652847290039
0.00473347632214427,0.004370909184217453,15.069369316101074
0.0047266217879951,0.004366579931229353,15.073109865188599
0.004719418473541737,0.004362640902400017,15.076904535293579
0.004711868241429329,0.004359090235084295,15.081440448760986
0.004703974351286888,0.004355925600975752,15.08517599105835
0.004695738200098276,0.004353144206106663,15.088991403579712
0.004687163978815079,0.004350741393864155,15.092849254608154
0.004678255412727594,0.004348712041974068,15.097577333450317
0.0046690176241099834,0.004347050096839666,15.101578950881958
0.004659456200897694,0.004345749504864216,15.105487823486328
0.00464957719668746,0.004344801418483257,15.109436988830566
0.004639387130737305,0.004344197455793619,15.114270210266113
0.0046288929879665375,0.00434392923489213,15.11821961402893
0.00461810315027833,0.004343986976891756,15.122178554534912
0.004607025999575853,0.004344359040260315,15.126124382019043
0.0045956699177622795,0.004345035180449486,15.130867719650269
0.004584045615047216,0.004346002358943224,15.134734630584717
0.004572161938995123,0.004347249865531921,15.138482093811035
0.004560029599815607,0.0043487632647156715,15.142261028289795
0.004547660239040852,0.00435052951797843,15.146607875823975
0.004535065032541752,0.004352535121142864,15.150410175323486
0.004522255621850491,0.004354765638709068,15.154430389404297
0.004509245045483112,0.004357205703854561,15.158420085906982
0.0044960449449718,0.004359841346740723,15.1624174118042
0.004482668824493885,0.004362656734883785,15.166873455047607
0.0044691311195492744,0.004365636967122555,15.170800685882568
0.004455443937331438,0.004368765279650688,15.174785614013672
0.004441622644662857,0.004372026305645704,15.178770303726196
0.004427680745720863,0.004375404678285122,15.183330297470093
0.004413633607327938,0.004378883633762598,15.187150716781616
0.004399495664983988,0.004382447339594364,15.191065311431885
0.004385281354188919,0.0043860794976353645,15.194944620132446
0.004371006973087788,0.004389764275401831,15.199573993682861
0.0043566869571805,0.004393485840409994,15.203295230865479
0.004342336673289537,0.004397228360176086,15.207051038742065
0.004327972419559956,0.004400976002216339,15.210866451263428
0.004313609562814236,0.004404713399708271,15.215815782546997
0.004299263469874859,0.004408424720168114,15.2195463180542
0.004284949041903019,0.004412095062434673,15.223395347595215
0.004270683508366346,0.004415709991008043,15.227206707000732
0.004256480373442173,0.0044192541390657425,15.23183274269104
0.004242356400936842,0.004422714002430439,15.235626459121704
0.00422832602635026,0.004426076076924801,15.239433288574219
0.004214405082166195,0.004429325461387634,15.243312120437622
0.004200607538223267,0.004432449582964182,15.248032331466675
0.004186948295682669,0.004435436334460974,15.251866340637207
0.004173442255705595,0.004438272211700678,15.255663394927979
0.0041601029224693775,0.004440946038812399,15.259459495544434
0.004146944265812635,0.004443446174263954,15.264163255691528
0.004133979789912701,0.0044457619078457355,15.268380880355835
0.0041212220676243305,0.00444788159802556,15.272129774093628
0.00410868413746357,0.00444979639723897,15.275949954986572
0.004096377640962601,0.004451496060937643,15.280840873718262
0.004084314219653606,0.004452971741557121,15.284913539886475
0.004072505980730057,0.004454214591532946,15.288653373718262
0.004060961771756411,0.004455217160284519,15.292430877685547
0.004049693699926138,0.004455971531569958,15.296565771102905
0.004038709681481123,0.004456470720469952,15.300914287567139
0.004028019495308399,0.004456707742065191,15.304632425308228
0.004017631057649851,0.004456677939742804,15.308509588241577
0.004007551819086075,0.0044563752599060535,15.312397241592407
0.003997789230197668,0.004455794580280781,15.31692624092102
0.003988348878920078,0.0044549317099153996,15.32062840461731
0.003979237750172615,0.004453783389180899,15.324445247650146
0.0039704591035842896,0.004452345427125692,15.328495740890503
0.0039620185270905495,0.004450616426765919,15.33346700668335
0.003953918814659119,0.004448592662811279,15.338096380233765
0.003946163225919008,0.004446273669600487,15.342317342758179
0.0039387536235153675,0.004443657118827105,15.346574544906616
0.003931691404432058,0.004440743941813707,15.35082459449768
0.003924977499991655,0.004437532741576433,15.354531049728394
0.003918611444532871,0.004434023983776569,15.35832166671753
0.003912592772394419,0.0044302185997366905,15.362112760543823
0.003906920552253723,0.004426118452101946,15.3670334815979
0.0039015919901430607,0.00442172447219491,15.370767831802368
0.003896605223417282,0.00441703898832202,15.374522924423218
0.0038919560611248016,0.004412064794450998,15.378491401672363
0.0038876410108059645,0.004406805150210857,15.38344407081604
0.0038836554158478975,0.004401263315230608,15.38716721534729
0.003879994386807084,0.004395443480461836,15.391024589538574
0.0038766516372561455,0.0043893493711948395,15.394866943359375
0.0038736213464289904,0.004382985644042492,15.399755716323853
0.0038708962965756655,0.004376357886940241,15.403472423553467
0.0038684699684381485,0.004369470756500959,15.407235145568848
0.003866333980113268,0.0043623303063213825,15.411007165908813
0.003864480648189783,0.004354942589998245,15.41588020324707
0.0038629011251032352,0.0043473136611282825,15.419666528701782
0.003861587028950453,0.004339450970292091,15.42350459098816
0.0038605285808444023,0.004331359639763832,15.427282810211182
0.0038597164675593376,0.0043230485171079636,15.432064294815063
0.0038591409102082253,0.004314523655921221,15.435988426208496
0.0038587916642427444,0.004305793903768063,15.439741611480713
0.0038586589507758617,0.004296865779906511,15.443573713302612
0.0038587315939366817,0.0042877476662397385,15.448472499847412
0.0038589995820075274,0.004278448410332203,15.452273845672607
0.003859451971948147,0.004268974997103214,15.455998659133911
0.0038600778207182884,0.004259337205439806,15.459786415100098
0.0038608661852777004,0.004249542485922575,15.46431827545166
0.0038618063554167747,0.0042396001517772675,15.468079328536987
0.0038628873880952597,0.004229519050568342,15.471801042556763
0.003864097874611616,0.004219308029860258,15.475607872009277
0.003865427104756236,0.004208975005894899,15.479564666748047
0.0038668643683195114,0.004198530223220587,15.483589172363281
0.0038683984894305468,0.004187982529401779,15.487304210662842
0.0038700189907103777,0.004177340306341648,15.491052627563477
0.0038717149291187525,0.00416661286726594,15.49485731124878
0.0038734760601073503,0.0041558099910616875,15.499403476715088
0.003875291906297207,0.004144939593970776,15.503106594085693
0.0038771522231400013,0.004134011454880238,15.506853580474854
0.003879046766087413,0.004123034421354532,15.510709524154663
0.0038809659890830517,0.0041120173409581184,15.515156984329224
0.0038828998804092407,0.004100969061255455,15.518849611282349
0.003884839126840234,0.004089898429811001,15.522605895996094
0.0038867744151502848,0.004078814759850502,15.52640438079834
0.003888696664944291,0.0040677255019545555,15.53140377998352
0.003890597028657794,0.004056640435010195,15.535104751586914
0.0038924666587263346,0.004045567009598017,15.538798809051514
0.003894297406077385,0.0040345145389437675,15.542568683624268
0.0038960811216384172,0.0040234909392893314,15.547574520111084
0.0038978096563369036,0.004012504126876593,15.551429033279419
0.0038994757924228907,0.004001562017947435,15.555293798446655
0.0039010713808238506,0.003990672994405031,15.559109926223755
0.003902590135112405,0.003979844506829977,15.562910318374634
0.0039040239062160254,0.0039690835401415825,15.566867113113403
0.003905367339029908,0.003958398476243019,15.57065749168396
0.003906612750142813,0.0039477963000535965,15.5745108127594
0.003907755017280579,0.003937283530831337,15.57863712310791
0.00390878738835454,0.0039268676191568375,15.583234548568726
0.003909704741090536,0.003916555549949408,15.586949110031128
0.003910500556230545,0.003906352911144495,15.590698480606079
0.003911170177161694,0.003896266920492053,15.594465255737305
0.003911709878593683,0.0038863036315888166,15.599283695220947
0.0039121126756072044,0.0038764686323702335,15.603042840957642
0.003912375308573246,0.003866768442094326,15.606878995895386
0.003912493120878935,0.003857207950204611,15.610730171203613
0.003912461921572685,0.0038477929774671793,15.615349054336548
0.003912278451025486,0.003838528413325548,15.619333505630493
0.003911938518285751,0.003829419147223234,15.62307596206665
0.00391143886372447,0.0038204703014343977,15.626885175704956
0.003910776227712631,0.0038116860669106245,15.631803750991821
0.003909947816282511,0.0038030706346035004,15.635489463806152
0.003908951301127672,0.0037946284282952547,15.639220476150513
0.003907783422619104,0.0037863627076148987,15.643035650253296
0.003906442783772945,0.0037782774306833744,15.647531270980835
0.0039049270562827587,0.0037703753914684057,15.651377201080322
0.003903233679011464,0.0037626600824296474,15.65506911277771
0.003901362419128418,0.003755133831873536,15.658885478973389
0.003899311413988471,0.0037477989681065083,15.662912368774414
0.0038970790337771177,0.0037406582850962877,15.667064428329468
0.0038946650456637144,0.0037337131798267365,15.670790195465088
0.00389206875115633,0.0037269655149430037,15.674594163894653
0.003889289917424321,0.0037204164545983076,15.678526639938354
0.0038863280788064003,0.0037140664644539356,15.683266639709473
0.003883183468133211,0.0037079171743243933,15.686975479125977
0.0038798567838966846,0.003701968351379037,15.690757989883423
0.0038763482589274645,0.003696220461279154,15.694508075714111
0.003872659057378769,0.003690672805532813,15.699102401733398
0.0038687903434038162,0.0036853249184787273,15.702835321426392
0.003864743048325181,0.003680175868794322,15.706575870513916
0.0038605195004493,0.003675224492326379,15.710345029830933
0.0038561210967600346,0.003670469159260392,15.71523642539978
0.003851549932733178,0.003665908006951213,15.719080686569214
0.0038468092679977417,0.0036615387070924044,15.722864627838135
0.003841901198029518,0.00365735893137753,15.7266206741333
0.0038368285167962313,0.0036533651873469353,15.73141884803772
0.003831594716757536,0.0036495549138635397,15.73520565032959
0.0038262035232037306,0.0036459241528064013,15.739890098571777
0.0038206586614251137,0.0036424691788852215,15.7437105178833
0.0038149638567119837,0.003639185568317771,15.74891710281372
0.00380912353284657,0.003636069130152464,15.752694606781006
0.0038031425792723894,0.00363311474211514,15.756447076797485
0.0037970254197716713,0.0036303175147622824,15.76024866104126
0.0037907776422798634,0.0036276716273278,15.765624523162842
0.0037844039034098387,0.003625171957537532,15.769383430480957
0.0037779102567583323,0.0036228122189641,15.773150205612183
0.0037713022902607918,0.003620586358010769,15.776971101760864
0.003764586290344596,0.0036184873897582293,15.782013654708862
0.0037577683106064796,0.0036165090277791023,15.785843849182129
0.0037508548703044653,0.0036146442871540785,15.789567947387695
0.003743852721527219,0.003612886182963848,15.793442010879517
0.0037367683835327625,0.0036112272646278143,15.798185586929321
0.003729609539732337,0.003609659615904093,15.801915645599365
0.0037223827093839645,0.0036081760190427303,15.80562138557434
0.0037150958087295294,0.0036067687906324863,15.80940842628479
0.003707755822688341,0.003605429781600833,15.814247608184814
0.0037003709003329277,0.0036041508428752422,15.818267345428467
0.003692948492243886,0.00360292405821383,15.821990728378296
0.003685496747493744,0.003601740812882781,15.825820446014404
0.0036780231166630983,0.0036005936563014984,15.829905986785889
0.0036705362144857645,0.003599473973736167,15.834076166152954
0.0036630432587116957,0.0035983731504529715,15.837810277938843
0.0036555526312440634,0.0035972832702100277,15.841643333435059
0.0036480724811553955,0.0035961964167654514,15.845654726028442
0.0036406107246875763,0.0035951039753854275,15.85000991821289
0.0036331755109131336,0.0035939980298280716,15.853715419769287
0.003625774523243308,0.003592870431020856,15.857449054718018
0.00361841544508934,0.003591713961213827,15.861510515213013
0.003611106425523758,0.00359052000567317,15.866199016571045
0.003603854449465871,0.0035892820451408625,15.869915962219238
0.003596667665988207,0.003587991464883089,15.873725175857544
0.003589552827179432,0.003586642211303115,15.877544641494751
0.0035825169179588556,0.0035852266009896994,15.882509708404541
0.003575567388907075,0.0035837385803461075,15.886270523071289
0.003568710293620825,0.003582170931622386,15.890020608901978
0.003561951918527484,0.0035805178340524435,15.893811225891113
0.0035552990157157183,0.003578773234039545,15.898616790771484
0.0035487564746290445,0.0035769317764788866,15.902334451675415
0.0035423305816948414,0.003574987640604377,15.906092643737793
0.003536025993525982,0.0035729361698031425,15.90990924835205
0.003529847366735339,0.003570772474631667,15.914773941040039
0.00352379959076643,0.0035684925969690084,15.918611288070679
0.0035178863909095526,0.0035660923458635807,15.922393798828125
0.0035121114924550056,0.003563568228855729,15.926224946975708
0.0035064779222011566,0.003560916753485799,15.93093204498291
0.003500988706946373,0.0035581355914473534,15.93471884727478
0.0034956461749970913,0.003555221715942025,15.938414812088013
0.0034904521889984608,0.0035521737299859524,15.942197561264038
0.0034854081459343433,0.0035489893052726984,15.946223497390747
0.003480515442788601,0.003545667976140976,15.950304985046387
0.003475774312391877,0.003542208345606923,15.954147815704346
0.0034711852204054594,0.0035386099480092525,15.95791482925415
0.0034667477011680603,0.0035348732490092516,15.961876153945923
0.0034624608233571053,0.0035309982486069202,15.966619491577148
0.0034583236556500196,0.003526985878124833,15.970321416854858
0.003454334568232298,0.0035228377673774958,15.97413444519043
0.0034504912327975035,0.003518554847687483,15.977920770645142
0.0034467915538698435,0.003514139214530587,15.982810974121094
0.0034432322718203068,0.003509593429043889,15.98650574684143
0.003439810127019882,0.0035049200523644686,15.990255117416382
0.003436521627008915,0.0035001225769519806,15.99402928352356
0.003433362813666463,0.003495203796774149,15.999105453491211
0.0034303287975490093,0.003490168135613203,16.002967834472656
0.003427414922043681,0.003485019551590085,16.006741762161255
0.0034246165305376053,0.0034797622356563807,16.010544300079346
0.0034219278022646904,0.0034744013100862503,16.01576018333435
0.003419343149289489,0.003468941431492567,16.019455194473267
0.0034168565180152655,0.0034633881878107786,16.023292779922485
0.003414462087675929,0.0034577471669763327,16.027072429656982
0.0034121533390134573,0.0034520241897553205,16.0318284034729
0.003409923519939184,0.00344622484408319,16.035602569580078
0.0034077661111950874,0.0034403556492179632,16.03934359550476
0.0034056741278618574,0.0034344231244176626,16.043163061141968
0.003403641050681472,0.003428433556109667,16.04814386367798
0.0034016589634120464,0.0034223939292132854,16.05184555053711
0.0033997215796262026,0.003416310762986541,16.05557608604431
0.003397820983082056,0.0034101910423487425,16.05934739112854
0.003395950421690941,0.0034040417522192,16.06423020362854
0.00339410244487226,0.0033978698775172234,16.068037033081055
0.003392270300537348,0.0033916826359927654,16.071815252304077
0.0033904470037668943,0.0033854865469038486,16.075589895248413
0.0033886246383190155,0.0033792888280004263,16.079944133758545
0.00338679738342762,0.0033730969298630953,16.083854913711548
0.0033849580213427544,0.0033669169060885906,16.08754587173462
0.003383099567145109,0.0033607562072575092,16.09129309654236
0.0033812164328992367,0.0033546211197972298,16.095232725143433
0.003379301866516471,0.003348518395796418,16.099958896636963
0.003377349814400077,0.003342454554513097,16.10368275642395
0.003375354688614607,0.0033364349510520697,16.107524633407593
0.0033733106683939695,0.0033304663375020027,16.111518383026123
0.0033712126314640045,0.0033245543017983437,16.116130590438843
0.0033690559212118387,0.00331870443187654,16.11984419822693
0.0033668349497020245,0.003312921617180109,16.123647689819336
0.0033645464573055506,0.0033072109799832106,16.1275372505188
0.0033621855545789003,0.0033015774097293615,16.13241672515869
0.0033597485162317753,0.003296024864539504,16.13613772392273
0.003357232315465808,0.0032905577681958675,16.139952421188354
0.0033546334598213434,0.003285179613158107,16.144867181777954
0.003351949853822589,0.0032798934262245893,16.149895191192627
0.0033491787035018206,0.00327470269985497,16.15360426902771
0.0033463179133832455,0.003269609995186329,16.15735626220703
0.003343366552144289,0.0032646169420331717,16.161142349243164
0.0033403222914785147,0.003259725868701935,16.16614556312561
0.0033371851313859224,0.0032549381721764803,16.169949769973755
0.0033339543733745813,0.0032502547837793827,16.173789501190186
0.003330629551783204,0.0032456761691719294,16.177638292312622
0.0033272115979343653,0.0032412027940154076,16.183176279067993
0.003323700511828065,0.0032368346583098173,16.186906576156616
0.0033200974576175213,0.003232570830732584,16.190692901611328
0.0033164038322865963,0.0032284106127917767,16.194461822509766
0.0033126212656497955,0.0032243526075035334,16.199548721313477
0.0033087516203522682,0.003220395417883992,16.20327401161194
0.0033047974575310946,0.0032165367156267166,16.207030296325684
0.0033007615711539984,0.00321277417242527,16.21081805229187
0.0032966460566967726,0.0032091049943119287,16.215956926345825
0.0032924555707722902,0.003205526154488325,16.219806909561157
0.0032881926745176315,0.003202034393325448,16.22368574142456
0.0032838613260537386,0.0031986257527023554,16.227578163146973
0.003279465949162841,0.0031952960416674614,16.23283290863037
0.0032750105019658804,0.0031920417677611113,16.236619234085083
0.003270499873906374,0.003188858274370432,16.24040150642395
0.003265938488766551,0.0031857402063906193,16.244168043136597
0.003261331468820572,0.0031826829072088003,16.248972177505493
0.003256683936342597,0.0031796814873814583,16.2526593208313
0.003252000780776143,0.003176730591803789,16.256423711776733
0.0032472882885485888,0.0031738243997097015,16.260221004486084
0.0032425513491034508,0.003170957788825035,16.265255212783813
0.003237795550376177,0.003168124705553055,16.268978118896484
0.0032330267131328583,0.0031653193291276693,16.272693395614624
0.00322825089097023,0.003162536071613431,16.276516437530518
0.00322347367182374,0.0031597691122442484,16.281432628631592
0.0032187006436288357,0.003157012164592743,16.285249710083008
0.0032139376271516085,0.003154259640723467,16.289053440093994
0.003209190908819437,0.003151505021378398,16.292836904525757
0.0032044656109064817,0.0031487434171140194,16.29759907722473
0.0031997680198401213,0.003145968308672309,16.30145239830017
0.0031951030250638723,0.003143173875287175,16.305171966552734
0.00319047668017447,0.0031403549946844578,16.308969974517822
0.0031858941074460745,0.0031375058460980654,16.313292264938354
0.0031813604291528463,0.003134621074423194,16.31723427772522
0.0031768810003995895,0.0031316957902163267,16.321012496948242
0.00317246001213789,0.003128724405542016,16.32482647895813
0.0031681028194725513,0.0031257024966180325,16.328789472579956
0.0031638138461858034,0.003122625406831503,16.33331537246704
0.003159597050398588,0.003119488013908267,16.3370099067688
0.0031554563902318478,0.0031162870582193136,16.34077787399292
0.0031513955909758806,0.0031130181159824133,16.34455394744873
0.0031474183779209852,0.0031096774619072676,16.349559783935547
0.0031435273122042418,0.003106262069195509,16.353283166885376
0.0031397261191159487,0.003102768212556839,16.357030868530273
0.0031360164284706116,0.0030991933308541775,16.36082434654236
0.0031324008014053106,0.0030955346301198006,16.365728616714478
0.0031288815662264824,0.0030917904805392027,16.36944556236267
0.003125459887087345,0.0030879578553140163,16.373377799987793
0.003122136928141117,0.0030840360559523106,16.377246856689453
0.0031189138535410166,0.0030800234526395798,16.381934642791748
0.0031157913617789745,0.0030759191140532494,16.38563323020935
0.0031127692200243473,0.0030717223417013884,16.389392852783203
0.0031098476611077785,0.0030674326699227095,16.393194675445557
0.0031070257537066936,0.0030630500987172127,16.398104906082153
0.003104303264990449,0.003058575326576829,16.40193200111389
0.003101678565144539,0.003054008586332202,16.40565586090088
0.003099150490015745,0.0030493508093059063,16.409442901611328
0.003096716944128275,0.0030446036253124475,16.414246320724487
0.0030943755991756916,0.003039768896996975,16.41800570487976
0.003092124592512846,0.0030348480213433504,16.421775102615356
0.003089960664510727,0.0030298433266580105,16.4256591796875
0.0030878810212016106,0.0030247578397393227,16.429950714111328
0.0030858819372951984,0.003019594121724367,16.433860540390015
0.0030839601531624794,0.0030143551994115114,16.437572956085205
0.003082111245021224,0.003009044798091054,16.441388845443726
0.003080331487581134,0.0030036666430532932,16.44544005393982
0.0030786164570599794,0.0029982244595885277,16.449994564056396
0.003076961264014244,0.0029927226714789867,16.453691244125366
0.0030753612518310547,0.0029871659353375435,16.457430124282837
0.0030738110654056072,0.0029815586749464273,16.46121644973755
0.0030723060481250286,0.002975905779749155,16.466131687164307
0.003070840146392584,0.002970213070511818,16.46986436843872
0.0030694082379341125,0.0029644849710166454,16.473721027374268
0.003068004734814167,0.0029587275348603725,16.477543354034424
0.0030666240490972996,0.002952946349978447,16.482380151748657
0.0030652594286948442,0.00294714723713696,16.48624587059021
0.0030639057513326406,0.0029413362499326468,16.490050077438354
0.0030625569634139538,0.0029355192091315985,16.493826627731323
0.003061206778511405,0.002929702401161194,16.49851655960083
0.0030598489101976156,0.002923892345279455,16.502222776412964
0.0030584780033677816,0.0029180950950831175,16.506027460098267
0.0030570875387638807,0.002912317169830203,16.50982904434204
0.0030556712299585342,0.0029065648559480906,16.514784812927246
0.0030542234890162945,0.0029008444398641586,16.518534898757935
0.0030527382623404264,0.0028951626736670732,16.52227520942688
0.003051209729164839,0.0028895256109535694,16.526095867156982
0.0030496318358927965,0.0028839397709816694,16.53001832962036
0.0030479994602501392,0.002878411440178752,16.534468412399292
0.003046306548640132,0.0028729469049721956,16.538269996643066
0.0030445477459579706,0.002867551986128092,16.54210352897644
0.0030427181627601385,0.002862232504412532,16.546125650405884
0.0030408126767724752,0.002856994979083538,16.551508903503418
0.0030388254672288895,0.0028518447652459145,16.55590534210205
0.0030367528088390827,0.002846787218004465,16.559760570526123
0.003034589346498251,0.002841827692463994,16.56458806991577
0.0030323313549160957,0.0028369715437293053,16.568440914154053
0.003029974177479744,0.0028322236612439156,16.57222080230713
0.0030275145545601845,0.0028275889344513416,16.57600235939026
0.003024948062375188,0.0028230715543031693,16.580151319503784
0.003022271441295743,0.002818675711750984,16.584251642227173
0.003019481897354126,0.0028144055977463722,16.587979555130005
0.003016575938090682,0.002810264239087701,16.59177041053772
0.003013551002368331,0.0028062560595571995,16.595680475234985
0.003010404761880636,0.0028023829218000174,16.600180625915527
0.003007135121151805,0.0027986483182758093,16.603942155838013
0.0030037397518754005,0.0027950548101216555,16.607712030410767
0.003000217955559492,0.0027916040271520615,16.611558437347412
0.0029965669382363558,0.0027882978320121765,16.617310523986816
0.002992786932736635,0.00278513808734715,16.62293004989624
0.0029888765420764685,0.0027821254916489124,16.627326726913452
0.002984835533425212,0.0027792607434093952,16.632553339004517
0.0029806632082909346,0.002776544541120529,16.63659954071045
0.002976360497996211,0.0027739766519516706,16.640596628189087
0.0029719264712184668,0.0027715570759028196,16.644852876663208
0.0029673627577722073,0.002769285114482045,16.649572610855103
0.0029626700561493635,0.0027671598363667727,16.653435945510864
0.0029578490648418665,0.00276517984457314,16.657371282577515
0.0029529016464948654,0.002763343509286642,16.66151738166809
0.0029478289652615786,0.002761649200692773,16.666181564331055
0.0029426338151097298,0.0027600943576544523,16.670085430145264
0.0029373178258538246,0.002758676651865244,16.674053192138672
0.0029318833258002996,0.0027573932893574238,16.678182125091553
0.0029263331089168787,0.002756240777671337,16.682941436767578
0.0029206702020019293,0.002755215857177973,16.686849117279053
0.002914898097515106,0.0027543152682483196,16.690748691558838
0.0029090193565934896,0.002753534587100148,16.694854021072388
0.0029030381701886654,0.0027528698556125164,16.69957423210144
0.0028969577979296446,0.002752316417172551,16.703356742858887
0.0028907826635986567,0.0027518703136593103,16.707215309143066
0.002884516492486,0.00275152618996799,16.71101665496826
0.0028781641740351915,0.002751279156655073,16.715811729431152
0.002871729666367173,0.002751124557107687,16.719512701034546
0.0028652178589254618,0.0027510563377290964,16.723283767700195
0.002858633641153574,0.0027510696090757847,16.72708773612976
0.0028519819024950266,0.002751158783212304,16.731874704360962
0.0028452672995626926,0.002751318272203207,16.735529899597168
0.002838495187461376,0.0027515417896211147,16.7391095161438
0.002831671154126525,0.002751824213191867,16.742783784866333
0.0028248003218322992,0.0027521594893187284,16.747549295425415
0.002817888045683503,0.0027525415644049644,16.75125765800476
0.0028109396807849407,0.0027529646176844835,16.75473403930664
0.0028039608150720596,0.0027534228283911943,16.75839352607727
0.0027969572693109512,0.002753910142928362,16.7623872756958
0.0027899343986064196,0.002754420507699251,16.766522645950317
0.002782898023724556,0.002754948101937771,16.76999020576477
0.0027758534997701645,0.002755487570539117,16.773484230041504
0.002768806181848049,0.002756032394245267,16.77701497077942
0.0027617623563855886,0.0027565774507820606,16.78174352645874
0.002754727378487587,0.0027571169193834066,16.785287857055664
0.0027477063704282045,0.0027576449792832136,16.78879189491272
0.0027407051529735327,0.002758156741037965,16.792479515075684
0.0027337288483977318,0.0027586466167122126,16.796579122543335
0.0027267830446362495,0.002759109018370509,16.800457000732422
0.0027198726311326027,0.002759539755061269,16.80422806739807
0.0027130029629915953,0.002759933238849044,16.807944536209106
0.0027061791624873877,0.002760284813120961,16.8118577003479
0.002699405886232853,0.0027605898212641478,16.817474365234375
0.002692688023671508,0.0027608443051576614,16.821691751480103
0.0026860302314162254,0.0027610433753579855,16.825324773788452
0.002679436933249235,0.002761183073744178,16.829442739486694
0.0026729125529527664,0.00276125967502594,16.83341908454895
0.002666461281478405,0.0027612692210823298,16.837210655212402
0.0026600868441164494,0.0027612082194536924,16.84106755256653
0.002653793664649129,0.002761073177680373,16.844972610473633
0.0026475852355360985,0.0027608610689640045,16.849243879318237
0.002641464816406369,0.0027605686336755753,16.852717638015747
0.0026354356668889523,0.0027601930778473616,16.856162071228027
0.0026295010466128588,0.002759732073172927,16.85966944694519
0.0026236642152071,0.0027591828256845474,16.86422061920166
0.0026179272681474686,0.002758543472737074,16.86782670021057
0.002612293465062976,0.002757811453193426,16.871248483657837
0.002606764668598771,0.002756984904408455,16.874773740768433
0.0026013432070612907,0.002756062662228942,16.878307104110718
0.002596030943095684,0.0027550426311790943,16.88271737098694
0.0025908297393471003,0.002753923647105694,16.886377573013306
0.0025857409927994013,0.002752704778686166,16.890089988708496
0.0025807663332670927,0.0027513846289366484,16.893858909606934
0.0025759064592421055,0.002749962732195854,16.898374319076538
0.002571163000538945,0.0027484381571412086,16.90192747116089
0.0025665361899882555,0.002746810670942068,16.905375480651855
0.0025620267260819674,0.0027450795751065016,16.908915758132935
0.002557635074481368,0.002743244869634509,16.912477493286133
0.002553361700847745,0.002741306321695447,16.91652226448059
0.002549206605181098,0.0027392643969506025,16.91996693611145
0.00254516932182014,0.002737118862569332,16.923490524291992
0.002541250316426158,0.0027348704170435667,16.927074193954468
0.002537448424845934,0.00273251929320395,16.93137788772583
0.002533763414248824,0.0027300664223730564,16.934924125671387
0.0025301945861428976,0.002727511804550886,16.938355684280396
0.002526740776374936,0.0027248570695519447,16.941914558410645
0.002523401752114296,0.0027221026830375195,16.945826292037964
0.0025201754178851843,0.0027192493434995413,16.951339721679688
0.0025170613080263138,0.0027162989135831594,16.954988718032837
0.0025140580255538225,0.002713252091780305,16.958681106567383
0.0025111637078225613,0.002710110042244196,16.962403535842896
0.002508376957848668,0.0027068746276199818,16.96703791618347
0.002505696378648281,0.002703546779230237,16.97053074836731
0.0025031198747456074,0.0027001281268894672,16.974050283432007
0.0025006455834954977,0.0026966200675815344,16.977603673934937
0.0024982718750834465,0.0026930246967822313,16.982189893722534
0.002495996654033661,0.00268934341147542,16.98574137687683
0.0024938180577009916,0.0026855776086449623,16.989259243011475
0.0024917335249483585,0.002681729383766651,16.992851734161377
0.0024897411931306124,0.0026778005994856358,16.997627019882202
0.0024878389667719603,0.0026737928856164217,17.001539945602417
0.002486024284735322,0.002669708337634802,17.005391359329224
0.002484294818714261,0.002665548352524638,17.00918984413147
0.002482648240402341,0.0026613157242536545,17.013421535491943
0.002481082221493125,0.0026570118498057127,17.017518281936646
0.002479594200849533,0.0026526388246566057,17.021223545074463
0.0024781818501651287,0.00264819897711277,17.02497625350952
0.0024768426083028316,0.002643694169819355,17.028884172439575
0.002475573681294918,0.0026391264982521534,17.033238649368286
0.002474372973665595,0.002634498057886958,17.03682255744934
0.002473237458616495,0.0026298111770302057,17.040568351745605
0.002472164575010538,0.002625067951157689,17.044414043426514
0.0024711519945412874,0.0026202707085758448,17.04887318611145
0.002470196457579732,0.002615421311929822,17.052343368530273
0.0024692958686500788,0.002610522322356701,17.055848836898804
0.0024684472009539604,0.002605576068162918,17.059532165527344
0.0024676478933542967,0.00260058487765491,17.064186811447144
0.0024668951518833637,0.0025955508463084698,17.067753791809082
0.002466185949742794,0.0025904765352606773,17.07122039794922
0.002465517958626151,0.0025853642728179693,17.074762105941772
0.0024648881517350674,0.0025802163872867823,17.078577756881714
0.0024642935022711754,0.00257503567263484,17.083029985427856
0.002463731449097395,0.002569824457168579,17.086485862731934
0.002463199198246002,0.0025645848363637924,17.090234756469727
0.002462693490087986,0.002559320069849491,17.094011306762695
0.002462211763486266,0.002554032253101468,17.098450660705566
0.0024617512244731188,0.002548724412918091,17.102138996124268
0.0024613086134195328,0.002543398644775152,17.105923175811768
0.002460881369188428,0.0025380579754710197,17.109692811965942
0.0024604659993201494,0.0025327051989734173,17.114235639572144
0.0024600601755082607,0.0025273426435887814,17.117746353149414
0.002459660405293107,0.002521973568946123,17.121245622634888
0.002459264127537608,0.0025166007690131664,17.125029802322388
0.002458868082612753,0.002511226572096348,17.12903118133545
0.0024584694765508175,0.002505854470655322,17.133129835128784
0.0024580652825534344,0.0025004870258271694,17.136571407318115
0.002457652473822236,0.0024951272644102573,17.14008355140686
0.0024572277907282114,0.0024897782132029533,17.143684148788452
0.00245678867213428,0.0024844426661729813,17.14807415008545
0.0024563318584114313,0.0024791238829493523,17.151575803756714
0.002455854555591941,0.00247382465749979,17.155064582824707
0.0024553537368774414,0.002468547783792019,17.158596992492676
0.0024548263754695654,0.002463296987116337,17.16239047050476
0.002454269677400589,0.0024580745957791805,17.166588306427002
0.0024536808487027884,0.002452884102240205,17.170069456100464
0.0024530566297471523,0.002447728533297777,17.173561573028564
0.0024523946922272444,0.002442610450088978,17.1770977973938
0.0024516917765140533,0.002437533577904105,17.181379556655884
0.0024509455543011427,0.002432500245049596,17.184940576553345
0.002450152998790145,0.002427513711154461,17.188397884368896
0.002449312014505267,0.0024225767701864243,17.191943407058716
0.002448419574648142,0.002417692681774497,17.195828199386597
0.0024474728852510452,0.0024128637742251158,17.19985342025757
0.002446470083668828,0.0024080928415060043,17.20330834388733
0.00244540860876441,0.00240338291041553,17.206823110580444
0.0024442863650619984,0.0023987367749214172,17.21035122871399
0.002443100558593869,0.002394156763330102,17.214712858200073
0.0024418497923761606,0.002389645203948021,17.21823215484619
0.0024405319709330797,0.0023852044250816107,17.22169804573059
0.0024391449987888336,0.002380837220698595,17.225227117538452
0.002437687013298273,0.0023765452206134796,17.229033946990967
0.002436156617477536,0.0023723312187939882,17.23324704170227
0.0024345519486814737,0.002368196379393339,17.236968994140625
0.0024328718427568674,0.0023641427978873253,17.24072241783142
0.002431115135550499,0.002360172336921096,17.244543075561523
0.0024292804300785065,0.0023562863934785128,17.24888324737549
0.0024273667950183153,0.002352486364543438,17.252434730529785
0.002425373299047351,0.0023487736470997334,17.255927324295044
0.0024232990108430386,0.0023451491724699736,17.259567737579346
0.0024211439304053783,0.002341613871976733,17.26421618461609
0.0024189073592424393,0.0023381682112812996,17.267740964889526
0.002416588831692934,0.002334813354536891,17.2712242603302
0.00241418881341815,0.0023315493017435074,17.274747610092163
0.002411706605926156,0.0023283767513930798,17.278537273406982
0.0024091426748782396,0.0023252947721630335,17.282973051071167
0.0024064977187663317,0.0023223040625452995,17.28644037246704
0.002403771970421076,0.002319403924047947,17.290004014968872
0.0024009663611650467,0.002316594123840332,17.293534517288208
0.0023980815894901752,0.0023138734977692366,17.297995805740356
0.002395118586719036,0.0023112415801733732,17.30145812034607
0.0023920785170048475,0.00230869697406888,17.304906845092773
0.002388963010162115,0.0023062387481331825,17.30874013900757
0.002385773230344057,0.0023038650397211313,17.312760591506958
0.0023825112730264664,0.0023015744518488646,17.316479444503784
0.0023791783023625612,0.0022993653547018766,17.319936990737915
0.002375776879489422,0.0022972356528043747,17.323425769805908
0.002372308634221554,0.002295183250680566,17.32695984840393
0.0023687758948653936,0.0022932058200240135,17.33216619491577
0.0023651812225580215,0.002291301032528281,17.336416721343994
0.002361526945605874,0.0022894658613950014,17.33997893333435
0.0023578156251460314,0.002287698443979025,17.343509197235107
0.0023540500551462173,0.002285995287820697,17.348387002944946
0.002350232796743512,0.002284353831782937,17.352146863937378
0.0023463673423975706,0.0022827708162367344,17.35593318939209
0.0023424560204148293,0.0022812429815530777,17.359723567962646
0.0023385020904242992,0.0022797673009335995,17.36465573310852
0.002334509277716279,0.0022783405147492886,17.368189573287964
0.0023304803762584925,0.0022769588977098465,17.37162137031555
0.002326418412849307,0.002275619423016906,17.375248193740845
0.0023223271127790213,0.0022743181325495243,17.379193544387817
0.00231820996850729,0.002273051766678691,17.383148431777954
0.0023140700068324804,0.0022718170657753944,17.38664698600769
0.0023099109530448914,0.0022706096060574055,17.39016366004944
0.0023057362996041775,0.002269426593557,17.393734455108643
0.00230154930613935,0.0022682638373225927,17.398441076278687
0.00229735323227942,0.0022671183105558157,17.401926517486572
0.002293152268975973,0.002265986055135727,17.405391931533813
0.00228894897736609,0.0022648635786026716,17.40892481803894
0.002284747315570712,0.0022637476213276386,17.412492036819458
0.0022805503103882074,0.0022626344580203295,17.41652250289917
0.002276361221447587,0.0022615210618823767,17.419997215270996
0.0022721835412085056,0.0022604039404541254,17.423479557037354
0.002268020063638687,0.0022592798341065645,17.427024364471436
0.0022638742811977863,0.0022581457160413265,17.431374073028564
0.002259748987853527,0.0022569987922906876,17.434829235076904
0.002255646977573633,0.002255835570394993,17.438270807266235
0.0022515710443258286,0.002254653489217162,17.44183897972107
0.0022475242149084806,0.0022534499876201153,17.445807456970215
0.002243508817628026,0.0022522222716361284,17.449785232543945
0.002239527180790901,0.0022509677801281214,17.453237295150757
0.0022355818655341864,0.0022496844176203012,17.45673370361328
0.0022316749673336744,0.002248369622975588,17.460260152816772
0.002227808814495802,0.0022470217663794756,17.464723825454712
0.002223985269665718,0.0022456382866948843,17.468198537826538
0.0022202059626579285,0.0022442182525992393,17.471693515777588
0.0022164727561175823,0.0022427591029554605,17.47521996498108
0.0022127870470285416,0.0022412596736103296,17.478773832321167
0.0022091504652053118,0.0022397185675799847,17.483048677444458
0.0022055639419704676,0.0022381343878805637,17.486496448516846
0.002202028874307871,0.0022365062031894922,17.490106344223022
0.0021985459607094526,0.0022348330821841955,17.493868589401245
0.002195116598159075,0.0022331138607114553,17.498372554779053
0.0021917407866567373,0.0022313480731099844,17.501843690872192
0.002188419457525015,0.0022295352537184954,17.505314350128174
0.0021851530764251947,0.0022276747040450573,17.50885772705078
0.0021819414105266333,0.00222576642408967,17.51243543624878
0.0021787856239825487,0.002223809715360403,17.51640558242798
0.0021756847854703665,0.0022218048106878996,17.519849061965942
0.002172639360651374,0.0022197517100721598,17.523346185684204
0.002169649116694927,0.0022176506463438272,17.526904106140137
0.0021667135879397392,0.002215501619502902,17.531311750411987
0.0021638325415551662,0.0022133050952106714,17.53494906425476
0.002161005511879921,0.002211061306297779,17.53866720199585
0.0021582318004220724,0.0022087711840867996,17.54247522354126
0.0021555109415203333,0.002206434728577733,17.54661226272583
0.0021528417710214853,0.0022040531039237976,17.550358295440674
0.0021502238232642412,0.002201627241447568,17.55379581451416
0.00214765639975667,0.0021991573739796877,17.55729079246521
0.0021451383363455534,0.0021966444328427315,17.56114101409912
0.002142668468877673,0.002194089349359274,17.565574645996094
0.0021402460988610983,0.0021914932876825333,17.569097995758057
0.0021378700621426105,0.002188857179135084,17.57254123687744
0.0021355394273996353,0.0021861817222088575,17.576061248779297
0.002133252564817667,0.002183468546718359,17.57961654663086
0.0021310090087354183,0.002180718118324876,17.583348512649536
0.0021288071293383837,0.0021779316011816263,17.586769342422485
0.0021266459953039885,0.0021751103922724724,17.59030818939209
0.0021245242096483707,0.0021722554229199886,17.59383726119995
0.0021224410738795996,0.0021693678572773933,17.598112106323242
0.0021203949581831694,0.002166448626667261,17.601856470108032
0.0021183849312365055,0.0021634986624121666,17.605610370635986
0.002116409596055746,0.0021605195943266153,17.609368801116943
0.0021144684869796038,0.0021575121209025383,17.613324880599976
0.0021125597413629293,0.00215447717346251,17.61708164215088
0.002110682660713792,0.002151415916159749,17.62079405784607
0.002108836080878973,0.002148329745978117,17.624595642089844
0.002107019070535898,0.0021452188957482576,17.628570556640625
0.002105230465531349,0.002142084762454033,17.633260011672974
0.0021034693345427513,0.002138928510248661,17.63696050643921
0.00210173474624753,0.0021357503719627857,17.640715837478638
0.0021000260021537542,0.002132551744580269,17.64447832107544
0.002098341705277562,0.002129333559423685,17.649052143096924
0.0020966813899576664,0.0021260962821543217,17.652783393859863
0.0020950438920408487,0.0021228408440947533,17.656492471694946
0.002093428513035178,0.002119568409398198,17.660324096679688
0.00209183432161808,0.0021162789780646563,17.66523575782776
0.0020902606192976236,0.0021129741799086332,17.668943643569946
0.0020887067075818777,0.0021096542477607727,17.67266058921814
0.0020871718879789114,0.0021063198801130056,17.676392793655396
0.00208565522916615,0.0021029720082879066,17.68090271949768
0.002084155799821019,0.002099611097946763,17.684706449508667
0.0020826729014515877,0.0020962380804121494,17.68837809562683
0.002081206301227212,0.0020928536541759968,17.692129135131836
0.00207975460216403,0.0020894582848995924,17.695912837982178
0.0020783173386007547,0.002086052903905511,17.699990272521973
0.002076893812045455,0.0020826382096856833,17.703697204589844
0.0020754828583449125,0.0020792146679013968,17.707448720932007
0.0020740842446684837,0.002075783209875226,17.712377786636353
0.0020726965740323067,0.0020723447669297457,17.71703314781189
0.002071319380775094,0.002068899804726243,17.720710277557373
0.0020699515007436275,0.0020654494874179363,17.72449564933777
0.0020685922354459763,0.002061994280666113,17.728262662887573
0.0020672406535595655,0.002058535348623991,17.7331223487854
0.002065895590931177,0.0020550733897835016,17.736822366714478
0.0020645561162382364,0.0020516098011285067,17.740627765655518
0.002063221298158169,0.0020481448154896498,17.74440097808838
0.002061889972537756,0.00204468029551208,17.749412775039673
0.002060560742393136,0.0020412167068570852,17.75311803817749
0.0020592326764017344,0.002037755446508527,17.756845951080322
0.0020579046104103327,0.002034297678619623,17.760634660720825
0.002056575147435069,0.00203084503300488,17.765019416809082
0.0020552428904920816,0.0020273979753255844,17.76888084411621
0.0020539064425975084,0.0020239586010575294,17.77262306213379
0.0020525644067674875,0.0020205278415232897,17.77639627456665
0.0020512156188488007,0.0020171073265373707,17.780993938446045
0.0020498582161962986,0.002013698685914278,17.78477644920349
0.002048490336164832,0.0020103033166378736,17.788462162017822
0.0020471112802624702,0.002006922848522663,17.792256355285645
0.0020457187201827765,0.002003558911383152,17.796276092529297
0.002044311258941889,0.0020002133678644896,17.800304651260376
0.002042887033894658,0.001996887382119894,17.803925275802612
0.0020414446480572224,0.0019935835152864456,17.807652235031128
0.002039981773123145,0.0019903031643480062,17.81155514717102
0.002038497244939208,0.001987048191949725,17.816044569015503
0.0020369889680296183,0.001983820227906108,17.819725275039673
0.002035455545410514,0.0019806218333542347,17.82347822189331
0.0020338946487754583,0.00197745393961668,17.827092170715332
0.002032304648309946,0.001974319340661168,17.83172082901001
0.0020306839141994715,0.001971219200640917,17.83566117286682
0.002029030816629529,0.0019681560806930065,17.83943271636963
0.0020273432601243258,0.0019651311449706554,17.84319829940796
0.0020256198477,0.0019621467217803,17.84758758544922
0.0020238589495420456,0.001959204440936446,17.85134243965149
0.0020220584701746702,0.001956306165084243,17.8550226688385
0.002020217478275299,0.0019534537568688393,17.858903646469116
0.0020183338783681393,0.0019506487296894193,17.86285161972046
0.0020164065062999725,0.0019478928297758102,17.866907358169556
0.0020144337322562933,0.001945187570527196,17.870452880859375
0.002012414624914527,0.00194253446534276,17.87420082092285
0.002010347554460168,0.0019399347947910428,17.877971649169922
0.0020082315895706415,0.0019373901886865497,17.882628202438354
0.0020060655660927296,0.0019349015783518553,17.886297941207886
0.002003848785534501,0.001932470127940178,17.89000630378723
0.002001579850912094,0.001930096885189414,17.89379644393921
0.0019992589950561523,0.0019277827814221382,17.898505926132202
0.00199688458815217,0.0019255286315456033,17.90219807624817
0.0019944566302001476,0.0019233349012210965,17.90590190887451
0.001991974888369441,0.0019212020561099052,17.909729480743408
0.0019894386641681194,0.0019191305618733168,17.91421341896057
0.001986848656088114,0.001917120534926653,17.918113708496094
0.0019842039328068495,0.0019151719752699137,17.921855211257935
0.001981505658477545,0.001913284882903099,17.925673246383667
0.0019787533674389124,0.0019114589085802436,17.929950714111328
0.0019759484566748142,0.0019096934702247381,17.933847427368164
0.0019730909261852503,0.0019079881021752954,17.937520742416382
0.001970181707292795,0.0019063418731093407,17.941266536712646
0.001967221964150667,0.001904754084534943,17.945001363754272
0.0019642128609120846,0.001903223106637597,17.949385166168213
0.0019611555617302656,0.0019017482409253716,17.953049659729004
0.0019580514635890722,0.0019003276247531176,17.956789016723633
0.0019549024291336536,0.0018989596283063293,17.96053409576416
0.0019517102045938373,0.001897642738185823,17.965095281600952
0.0019484766526147723,0.0018963746260851622,17.96887969970703
0.0019452039850875735,0.0018951533129438758,17.9725980758667
0.001941894181072712,0.0018939764704555273,17.9763605594635
0.0019385499181225896,0.0018928416538983583,17.98089289665222
0.001935173524543643,0.0018917464185506105,17.984668254852295
0.0019317679107189178,0.0018906876211985946,17.9883451461792
0.0019283356377854943,0.0018896629335358739,17.992210149765015
0.0019248798489570618,0.0018886690959334373,17.99612784385681
0.0019214035710319877,0.0018877029651775956,18.000139236450195
0.0019179098308086395,0.0018867613980546594,18.003876447677612
0.001914402237161994,0.0018858412513509393,18.007606983184814
0.0019108835840597749,0.0018849389161914587,18.01155424118042
0.001907358062453568,0.001884050783701241,18.01617455482483
0.0019038286991417408,0.001883173594251275,18.019986629486084
0.0019002993358299136,0.0018823033897206187,18.02384901046753
0.001896773697808385,0.001881436794064939,18.027580976486206
0.001893255510367453,0.0018805698491632938,18.032333374023438
0.001889748265966773,0.0018796989461407065,18.03603172302246
0.0018862563883885741,0.001878820126876235,18.03976321220398
0.0018827831372618675,0.0018779297824949026,18.043585538864136
0.001879332703538239,0.001877024071291089,18.048593044281006
0.001875908812507987,0.0018760990351438522,18.05228090286255
0.0018725153058767319,0.0018751511815935373,18.055955410003662
0.0018691560253500938,0.0018741765525192022,18.05972146987915
0.0018658348126336932,0.0018731716554611921,18.06428813934326
0.0018625552766025066,0.0018721327651292086,18.068180561065674
0.0018593210261315107,0.001871056272648275,18.071945190429688
0.0018561359029263258,0.0018699388019740582,18.075734853744507
0.001853003166615963,0.0018687768606469035,18.07963752746582
0.0018499261932447553,0.001867567072622478,18.083502531051636
0.0018469084752723575,0.0018663061782717705,18.087178468704224
0.001843953155912459,0.001864991500042379,18.090908765792847
0.0018410630291327834,0.0018636195454746485,18.094902992248535
0.0018382413545623422,0.0018621878698468208,18.099358320236206
0.0018354904605075717,0.0018606933299452066,18.10302734375
0.0018328131409361959,0.0018591339467093349,18.107642650604248
0.0018302117241546512,0.0018575068097561598,18.11209225654602
0.0018276885384693742,0.0018558100564405322,18.116923332214355
0.0018252454465255141,0.0018540413584560156,18.12059783935547
0.001822884427383542,0.0018521990859881043,18.124375343322754
0.0018206069944426417,0.0018502812599763274,18.128231287002563
0.0018184143118560314,0.0018482864834368229,18.13310170173645
0.0018163078930228949,0.0018462134758010507,18.136826992034912
0.0018142883200198412,0.0018440611893311143,18.14055871963501
0.0018123567570000887,0.0018418284598737955,18.14430284500122
0.0018105132039636374,0.001839514821767807,18.149048328399658
0.0018087581265717745,0.0018371195765212178,18.152740716934204
0.0018070914084091783,0.0018346426077187061,18.156431436538696
0.001805512816645205,0.00183208379894495,18.160274505615234
0.0018040218856185675,0.001829443033784628,18.16484761238098
0.0018026179168373346,0.0018267210107296705,18.16853976249695
0.0018012996297329664,0.0018239181954413652,18.172234773635864
0.0018000659765675664,0.0018210351699963212,18.17597484588623
0.0017989155603572726,0.0018180732149630785,18.180086135864258
0.0017978465184569359,0.0018150333780795336,18.18387246131897
0.0017968571046367288,0.0018119171727448702,18.18753933906555
0.001795944757759571,0.001808726228773594,18.191275358200073
0.00179510738234967,0.001805462408810854,18.19523048400879
0.0017943423008546233,0.0018021278083324432,18.1998507976532
0.0017936466028913856,0.00179872487206012,18.20350670814514
0.001793017378076911,0.0017952556954696774,18.207266092300415
0.0017924514831975102,0.001791723188944161,18.211012601852417
0.0017919454257935286,0.001788130379281938,18.21553945541382
0.0017914954805746675,0.0017844801768660545,18.21923041343689
0.0017910980386659503,0.0017807758413255215,18.22295355796814
0.0017907492583617568,0.00177702063228935,18.22673773765564
0.0017904449487105012,0.0017732185078784823,18.231346130371094
0.0017901811515912414,0.0017693729605525732,18.235034465789795
0.0017899534432217479,0.0017654880648478866,18.238709211349487
0.0017897575162351131,0.0017615680117160082,18.24244737625122
0.001789588714018464,0.0017576166428625584,18.246290922164917
0.0017894424963742495,0.0017536384984850883,18.250099658966064
0.0017893144395202398,0.0017496382351964712,18.25380277633667
0.0017891994211822748,0.0017456201603636146,18.257539987564087
0.0017890927847474813,0.0017415890470147133,18.261317253112793
0.0017889899900183082,0.001737549901008606,18.26594638824463
0.001788885798305273,0.0017335072625428438,18.269664525985718
0.001788775552995503,0.0017294662538915873,18.27337670326233
0.0017886543646454811,0.001725431764498353,18.277613162994385
0.0017885174602270126,0.001721409149467945,18.28228998184204
0.0017883597174659371,0.0017174031818285584,18.28596806526184
0.001788176828995347,0.0017134189838543534,18.28967046737671
0.0017879634397104383,0.001709461910650134,18.293481826782227
0.001787715358659625,0.0017055370844900608,18.29812741279602
0.001787427463568747,0.0017016493948176503,18.30187964439392
0.0017870954470708966,0.001697803963907063,18.305567502975464
0.0017867148853838444,0.001694006030447781,18.30941414833069
0.0017862811218947172,0.0016902603674679995,18.314186096191406
0.0017857900820672512,0.0016865720972418785,18.31792712211609
0.0017852375749498606,0.001682946109212935,18.3216335773468
0.0017846192931756377,0.001679387059994042,18.32542848587036
0.0017839315114542842,0.0016758994897827506,18.329235076904297
0.0017831702716648579,0.0016724880551919341,18.333326816558838
0.0017823321977630258,0.0016691572964191437,18.336982011795044
0.0017814134480431676,0.0016659112880006433,18.340692281723022
0.001780410879291594,0.0016627541044726968,18.344420671463013
0.001779321231879294,0.0016596898203715682,18.34902787208557
0.0017781414790078998,0.0016567219281569123,18.35269594192505
0.0017768689431250095,0.0016538543859496713,18.356386184692383
0.0017755008302628994,0.0016510902205482125,18.36013126373291
0.0017740345792844892,0.0016484325751662254,18.365227699279785
0.0017724682111293077,0.0016458843601867557,18.368937730789185
0.0017707993974909186,0.0016434482531622052,18.37260913848877
0.0017690263921394944,0.0016411266988143325,18.376912832260132
0.0017671475652605295,0.0016389217926189303,18.38183856010437
0.001765161519870162,0.0016368355136364698,18.385620832443237
0.00176306685898453,0.0016348693752661347,18.389366626739502
0.0017608627676963806,0.001633024774491787,18.39319372177124
0.0017585481982678175,0.001631302759051323,18.398033142089844
0.0017561228014528751,0.0016297040274366736,18.401848316192627
0.001753586228005588,0.0016282291617244482,18.40553855895996
0.0017509382450953126,0.0016268783947452903,18.409297704696655
0.0017481790855526924,0.0016256514936685562,18.413285493850708
0.0017453089822083712,0.0016245481092482805,18.41699743270874
0.001742328517138958,0.0016235675429925323,18.420642137527466
0.0017392383888363838,0.001622708747163415,18.42450451850891
0.0017360398778691888,0.0016219705576077104,18.428285121917725
0.0017327341483905911,0.001621351344510913,18.432793855667114
0.001729322480969131,0.0016208492452278733,18.436554431915283
0.0017258069710806012,0.001620462047867477,18.440275192260742
0.0017221892485395074,0.001620187540538609,18.44402527809143
0.0017184715252369642,0.001620022696442902,18.448558807373047
0.0017146561294794083,0.001619964838027954,18.4522545337677
0.0017107459716498852,0.0016200104728341103,18.455942153930664
0.0017067434964701533,0.001620156574063003,18.459906578063965
0.0017026521963998675,0.0016203990671783686,18.46487021446228
0.001698474632576108,0.0016207341104745865,18.46867084503174
0.0016942149959504604,0.0016211576294153929,18.472362756729126
0.001689876546151936,0.0016216653166338801,18.4761221408844
0.001685463241301477,0.0016222525155171752,18.480937719345093
0.0016809790395200253,0.001622914569452405,18.48470377922058
0.0016764282481744885,0.0016236465889960527,18.488381385803223
0.001671815407462418,0.00162444356828928,18.49212646484375
0.0016671448247507215,0.0016253001522272825,18.49587845802307
0.0016624213894829154,0.0016262112185359001,18.49999237060547
0.0016576501075178385,0.001627171179279685,18.504542350769043
0.0016528358682990074,0.0016281745629385114,18.50842523574829
0.0016479840269312263,0.0016292155487462878,18.51236581802368
0.0016430997056886554,0.0016302888980135322,18.516930103302002
0.0016381887253373861,0.0016313883243128657,18.520658016204834
0.001633256208151579,0.0016325083561241627,18.52443027496338
0.0016283080913126469,0.001633642939850688,18.528347730636597
0.0016233500791713595,0.001634786487556994,18.533188819885254
0.0016183879924938083,0.0016359328292310238,18.536909818649292
0.0016134276520460844,0.001637076260522008,18.540855884552002
0.0016084752278402448,0.001638210960663855,18.54459285736084
0.0016035365406423807,0.0016393311088904738,18.549113035202026
0.0015986176440492272,0.001640430884435773,18.55278730392456
0.0015937245916575193,0.0016415045829489827,18.556488275527954
0.0015888633206486702,0.0016425467329099774,18.560312271118164
0.0015840400010347366,0.0016435516299679875,18.564881324768066
0.00157926045358181,0.0016445140354335308,18.568572759628296
0.0015745307318866253,0.0016454284777864814,18.572273015975952
0.001569856540299952,0.001646289718337357,18.576027870178223
0.0015652439324185252,0.001647092867642641,18.58010959625244
0.001560698263347149,0.001647832803428173,18.58391523361206
0.0015562253538519144,0.00164850486908108,18.587584733963013
0.0015518305590376258,0.0016491042915731668,18.591445207595825
0.001547519350424409,0.0016496267635375261,18.59539246559143
0.0015432967338711023,0.0016500679776072502,18.59992241859436
0.0015391675988212228,0.0016504238592460752,18.603598833084106
0.001535136834718287,0.0016506902175024152,18.607361793518066
0.001531209098175168,0.0016508637927472591,18.61111307144165
0.0015273885801434517,0.0016509408596903086,18.61565089225769
0.001523679355159402,0.0016509180422872305,18.619370460510254
0.0015200854977592826,0.0016507924301549792,18.623087644577026
0.0015166105004027486,0.001650561229325831,18.626835346221924
0.0015132577391341329,0.0016502216458320618,18.631333589553833
0.001510030124336481,0.0016497713513672352,18.635064363479614
0.0015069306828081608,0.001649208483286202,18.63875126838684
0.001503961393609643,0.0016485307132825255,18.642497301101685
0.001501124701462686,0.001647736644372344,18.647568941116333
0.0014984223525971174,0.0016468248795717955,18.652753591537476
0.001495855743996799,0.0016457941383123398,18.656811952590942
0.0014934259233996272,0.001644643722102046,18.660587787628174
0.0014911338221281767,0.0016433728160336614,18.665197134017944
0.0014889799058437347,0.0016419810708612204,18.668882608413696
0.0014869639417156577,0.0016404682537540793,18.672600746154785
0.0014850859297439456,0.0016388347139582038,18.67638063430786
0.0014833451714366674,0.0016370806843042374,18.68100666999817
0.0014817406190559268,0.0016352066304534674,18.684842586517334
0.0014802711084485054,0.001633213716559112,18.688703775405884
0.0014789348933845758,0.001631102990359068,18.69248867034912
0.001477730111218989,0.001628875732421875,18.696632146835327
0.0014766543172299862,0.0016265336889773607,18.7006676197052
0.0014757050666958094,0.0016240784898400307,18.70438528060913
0.001474879332818091,0.0016215124633163214,18.70820426940918
0.0014741738559678197,0.0016188378212973475,18.712074995040894
0.001473585027270019,0.0016160571249201894,18.716526985168457
0.0014731093542650342,0.0016131732845678926,18.720198392868042
0.0014727425295859575,0.0016101892106235027,18.72394347190857
0.001472480478696525,0.0016071080463007092,18.727699995040894
0.001472318428568542,0.001603933167643845,18.732404708862305
0.001472251839004457,0.0016006684163585305,18.73616647720337
0.0014722757041454315,0.0015973174013197422,18.740215301513672
0.001472385018132627,0.001593884197063744,18.743998289108276
0.0014725743094459176,0.0015903729945421219,18.748454093933105
0.001472838339395821,0.0015867878682911396,18.752276182174683
0.001473171403631568,0.0015831335913389921,18.75598931312561
0.0014735679142177105,0.0015794147038832307,18.759827852249146
0.0014740221668034792,0.0015756358625367284,18.764224529266357
0.0014745282242074609,0.0015718020731583238,18.76800012588501
0.0014750802656635642,0.0015679181087762117,18.771745681762695
0.0014756722375750542,0.0015639892080798745,18.775542497634888
0.0014762984355911613,0.0015600206097587943,18.779479265213013
0.0014769526896998286,0.0015560174360871315,18.78350043296814
0.0014776290627196431,0.001551985158585012,18.787195682525635
0.0014783217338845134,0.001547929015941918,18.791059255599976
0.0014790247660130262,0.0015438544796779752,18.794953107833862
0.0014797324547544122,0.0015397669048979878,18.799444675445557
0.0014804389793425798,0.0015356717631220818,18.803128957748413
0.001481138519011438,0.0015315745258703828,18.806864738464355
0.0014818257186561823,0.0015274804318323731,18.810638427734375
0.001482495223172009,0.0015233953017741442,18.81515145301819
0.001483141677454114,0.0015193239087238908,18.818917512893677
0.001483759842813015,0.0015152718406170607,18.822625637054443
0.0014843447133898735,0.0015112442197278142,18.826378345489502
0.0014848917489871383,0.0015072462847456336,18.831384658813477
0.0014853959437459707,0.0015032829251140356,18.835331439971924
0.0014858529902994633,0.001499359030276537,18.83903694152832
0.0014862584648653865,0.0014954793732613325,18.842827320098877
0.00148660852573812,0.0014916486106812954,18.84757351875305
0.0014868990983814,0.001487871166318655,18.851344347000122
0.00148712657392025,0.0014841512311249971,18.855040550231934
0.0014872876927256584,0.0014804929960519075,18.85895347595215
0.0014873789623379707,0.0014769004192203283,18.863283157348633
0.0014873977052047849,0.0014733769930899143,18.867249488830566
0.0014873410109430552,0.0014699265593662858,18.87094736099243
0.0014872063184157014,0.0014665520284324884,18.874714136123657
0.0014869915321469307,0.0014632567763328552,18.87858486175537
0.0014866945566609502,0.0014600432477891445,18.883223056793213
0.0014863134128972888,0.0014569142367690802,18.886942863464355
0.00148584705311805,0.001453871838748455,18.89072585105896
0.0014852938475087285,0.0014509182656183839,18.894492864608765
0.0014846528647467494,0.0014480549143627286,18.899031162261963
0.00148392328992486,0.0014452836476266384,18.904263257980347
0.001483104657381773,0.001442605396732688,18.908450603485107
0.0014821963850408792,0.0014400212094187737,18.912469625473022
0.0014811988221481442,0.0014375317841768265,18.91692614555359
0.0014801118522882462,0.00143513735383749,18.920629262924194
0.0014789360575377941,0.0014328380348160863,18.92438840866089
0.001477672136388719,0.0014306338271126151,18.928290605545044
0.0014763206709176302,0.0014285240322351456,18.933133363723755
0.0014748828252777457,0.0014265079516917467,18.937078952789307
0.0014733598800376058,0.0014245847705751657,18.941224336624146
0.0014717536978423595,0.0014227533247321844,18.945239782333374
0.0014700655592605472,0.0014210117515176535,18.949992895126343
0.0014682975597679615,0.0014193585375323892,18.95370316505432
0.0014664516784250736,0.0014177917037159204,18.9575138092041
0.0014645304763689637,0.0014163091545924544,18.96130609512329
0.0014625361654907465,0.001414908212609589,18.96576499938965
0.0014604713069275022,0.0014135866658762097,18.96948504447937
0.0014583389274775982,0.0014123412547633052,18.973217487335205
0.0014561417046934366,0.0014111693017184734,18.97697877883911
0.0014538830146193504,0.0014100675471127033,18.981517553329468
0.0014515657676383853,0.0014090327313169837,18.985310554504395
0.001449193456210196,0.001408061245456338,18.989009380340576
0.0014467696892097592,0.001407149713486433,18.99280095100403
0.001444297726266086,0.0014062942937016487,18.997562646865845
0.001441781292669475,0.0014054911443963647,19.001354694366455
0.0014392242301255465,0.0014047364238649607,19.0051589012146
0.0014366303803399205,0.0014040260575711727,19.008983373641968
0.0014340034686028957,0.0014033559709787369,19.012949228286743
0.001431347569450736,0.001402722205966711,19.01683259010315
0.0014286665245890617,0.0014021204551681876,19.020532608032227
0.0014259644085541368,0.0014015467604622245,19.024296045303345
0.001423245295882225,0.0014009966980665922,19.02827477455139
0.0014205131446942687,0.0014004661934450269,19.032732009887695
0.0014177720295265317,0.0013999510556459427,19.036416053771973
0.001415026024915278,0.0013994470937177539,19.040196895599365
0.0014122789725661278,0.0013989503495395184,19.044917345046997
0.001409535063430667,0.0013984565157443285,19.049606800079346
0.0014067982556298375,0.0013979616342112422,19.05332636833191
0.0014040721580386162,0.0013974618632346392,19.05707335472107
0.0014013608451932669,0.0013969532446935773,19.060870885849
0.001398668042384088,0.00139643216971308,19.065252542495728
0.0013959972420707345,0.001395894680172205,19.06908082962036
0.0013933521695435047,0.0013953374000266194,19.07308340072632
0.0013907363172620535,0.0013947567204013467,19.07685351371765
0.0013881528284400702,0.0013941494980826974,19.081515312194824
0.0013856053119525313,0.0013935123570263386,19.085234880447388
0.001383096561767161,0.0013928422704339027,19.08895206451416
0.0013806296046823263,0.0013921359786763787,19.092725038528442
0.001378207583911717,0.0013913912698626518,19.097546339035034
0.0013758327113464475,0.0013906050007790327,19.101342916488647
0.0013735078973695636,0.0013897748431190848,19.10504722595215
0.0013712352374568582,0.0013888984685763717,19.10882019996643
0.0013690170599147677,0.0013879736652597785,19.112793445587158
0.0013668553438037634,0.0013869984541088343,19.11671471595764
0.001364752184599638,0.001385970856063068,19.120410203933716
0.0013627088628709316,0.0013848892413079739,19.124192476272583
0.0013607271248474717,0.0013837522128596902,19.128247499465942
0.0013588081346824765,0.001382558373734355,19.13285183906555
0.0013569530565291643,0.00138130655977875,19.136730432510376
0.001355162588879466,0.0013799956068396568,19.14049196243286
0.0013534378958866,0.0013786250492557883,19.144290447235107
0.001351779093965888,0.0013771939557045698,19.149046182632446
0.0013501866487786174,0.0013757019769400358,19.1527419090271
0.00134866067674011,0.001374148647300899,19.15644884109497
0.0013472011778503656,0.0013725340832024813,19.160243272781372
0.001345807802863419,0.0013708582846447825,19.16473937034607
0.0013444802025333047,0.0013691212516278028,19.16855525970459
0.0013432177947834134,0.0013673235662281513,19.172276258468628
0.0013420195318758488,0.001365465810522437,19.17603325843811
0.0013408848317340016,0.0013635484501719475,19.180864810943604
0.0013398121809586883,0.001361572532914579,19.18495798110962
0.0013388005318120122,0.0013595388736575842,19.188765048980713
0.0013378482544794679,0.0013574488693848252,19.192527294158936
0.0013369537191465497,0.0013553038006648421,19.196613311767578
0.0013361152959987521,0.001353104948066175,19.200438499450684
0.0013353308895602822,0.0013508540578186512,19.204169750213623
0.001334598520770669,0.0013485526433214545,19.207939386367798
0.0013339159777387977,0.0013462028000503778,19.211904287338257
0.00133328081574291,0.0013438063906505704,19.21643090248108
0.0013326910557225347,0.0013413653941825032,19.220311880111694
0.0013321436708793044,0.0013388823717832565,19.224236249923706
0.0013316363329067826,0.0013363591860979795,19.22823715209961
0.0013311661314219236,0.001333798747509718,19.23283290863037
0.0013307303888723254,0.0013312031514942646,19.23652958869934
0.0013303261948749423,0.0013285750756040215,19.240288496017456
0.0013299506390467286,0.0013259174302220345,19.244059085845947
0.0013296008110046387,0.0013232326600700617,19.248584985733032
0.0013292734511196613,0.0013205239083617926,19.252288341522217
0.001328965649008751,0.001317793969064951,19.25600814819336
0.001328674261458218,0.0013150456361472607,19.25978183746338
0.0013283963780850172,0.0013122824020683765,19.264230251312256
0.0013281285064294934,0.001309506711550057,19.268156051635742
0.0013278676196932793,0.0013067220570519567,19.272021770477295
0.0013276106910780072,0.0013039313489571214,19.275888919830322
0.0013273543445393443,0.0013011378468945622,19.280875205993652
0.0013270956696942449,0.0012983446940779686,19.28476333618164
0.0013268315233290195,0.0012955551501363516,19.28844451904297
0.001326558762229979,0.0012927721254527569,19.292217254638672
0.0013262744760140777,0.0012899989960715175,19.29614758491516
0.001325975637882948,0.0012872389052063227,19.30006766319275
0.001325659453868866,0.00128449487965554,19.304660320281982
0.0013253227807581425,0.001281769946217537,19.30855441093445
0.001324963173829019,0.0012790672481060028,19.312460899353027
0.0013245774898678064,0.0012763898121193051,19.31694746017456
0.001324163400568068,0.0012737405486404896,19.32064461708069
0.0013237182283774018,0.00127112225163728,19.324709177017212
0.0013232394121587276,0.001268537831492722,19.3287992477417
0.001322724623605609,0.0012659900821745396,19.333723783493042
0.001322171650826931,0.0012634816812351346,19.337412118911743
0.0013215781655162573,0.0012610151898115873,19.341164588928223
0.001320942072197795,0.0012585929362103343,19.344950675964355
0.0013202615082263947,0.0012562173651531339,19.349545001983643
0.0013195344945415854,0.0012538909213617444,19.353264808654785
0.001318759168498218,0.0012516154674813151,19.357043266296387
0.0013179341331124306,0.0012493932154029608,19.360852241516113
0.0013170575257390738,0.0012472260277718306,19.365869522094727
0.0013161282986402512,0.0012451157672330737,19.369829893112183
0.0013151450548321009,0.0012430641800165176,19.37364363670349
0.001314106397330761,0.0012410724302753806,19.37747859954834
0.0013130116276443005,0.0012391420314088464,19.38201117515564
0.0013118595816195011,0.0012372744968160987,19.385720252990723
0.0013106496771797538,0.0012354704085737467,19.38943362236023
0.0013093809830024838,0.0012337310472503304,19.393236875534058
0.0013080533826723695,0.001232057111337781,19.39804220199585
0.0013066662941128016,0.0012304492993280292,19.401949167251587
0.0013052192516624928,0.0012289078440517187,19.405661582946777
0.0013037124881520867,0.001227433211170137,19.409427404403687
0.0013021457707509398,0.0012260254006832838,19.41419219970703
0.001300519215874374,0.001224684645421803,19.4180109500885
0.0012988332891836762,0.0012234107125550508,19.421710729599
0.0012970881070941687,0.00122220313642174,19.425562143325806
0.0012952843680977821,0.0012210615677759051,19.4296452999115
0.0012934226542711258,0.001219985424540937,19.43355655670166
0.0012915037805214524,0.0012189737753942609,19.437259912490845
0.0012895283289253712,0.001218025921843946,19.44103717803955
0.001287497696466744,0.001217140699736774,19.444925785064697
0.0012854125816375017,0.0012163168285042048,19.449445724487305
0.00128327461425215,0.00121555314399302,19.453155755996704
0.0012810847256332636,0.001214848249219358,19.456920623779297
0.0012788445455953479,0.0012142002815380692,19.4608793258667
0.0012765555875375867,0.001213607843965292,19.465337991714478
0.0012742193648591638,0.0012130688410252333,19.46906542778015
0.0012718377402052283,0.0012125815264880657,19.47280788421631
0.001269412343390286,0.0012121439212933183,19.47656750679016
0.0012669452698901296,0.001211753929965198,19.481472969055176
0.0012644383823499084,0.0012114092241972685,19.485357522964478
0.0012618936598300934,0.001211107592098415,19.489168882369995
0.0012593133142217994,0.0012108467053622007,19.49312710762024
0.001256699557416141,0.0012106240028515458,19.49760890007019
0.0012540544848889112,0.0012104371562600136,19.501415014266968
0.0012513806577771902,0.0012102836044505239,19.505398511886597
0.0012486802879720926,0.0012101606698706746,19.509220123291016
0.0012459558201953769,0.0012100659077987075,19.51330256462097
0.0012432095827534795,0.0012099965242668986,19.517264127731323
0.0012404443696141243,0.001209949841722846,19.520970821380615
0.0012376622762531042,0.0012099231826141477,19.52475094795227
0.001234866096638143,0.0012099137529730797,19.52874207496643
0.0012320585083216429,0.001209918991662562,19.53339147567749
0.0012292418396100402,0.0012099362211301923,19.537110328674316
0.001226418768055737,0.0012099624145776033,19.5409677028656
0.0012235918547958136,0.0012099952436983585,19.544931650161743
0.0012207637773826718,0.001210031914524734,19.549488067626953
0.0012179369805380702,0.0012100697495043278,19.553214073181152
0.0012151142582297325,0.0012101061875000596,19.5569486618042
0.0012122978223487735,0.0012101386673748493,19.56088900566101
0.0012094903504475951,0.0012101647444069386,19.56517267227173
0.0012066944036632776,0.0012101818574592471,19.568969011306763
0.0012039123103022575,0.0012101874453946948,19.573671102523804
0.0012011465150862932,0.0012101794127374887,19.577884197235107
0.0011983993463218212,0.0012101554311811924,19.582311153411865
0.0011956730158999562,0.0012101131724193692,19.5869140625
0.0011929699685424566,0.0012100504245609045,19.5908100605011
0.0011902921833097935,0.0012099652085453272,19.59491205215454
0.0011876419885084033,0.001209855661727488,19.599671125411987
0.0011850212467834353,0.0012097196886315942,19.603727102279663
0.0011824319371953607,0.0012095554266124964,19.60752582550049
0.0011798760388046503,0.0012093613622710109,19.611294269561768
0.0011773552978411317,0.0012091354001313448,19.616019248962402
0.0011748713441193104,0.0012088763760402799,19.619842052459717
0.0011724259238690138,0.0012085827765986323,19.62360906600952
0.0011700206669047475,0.0012082529719918966,19.627399921417236
0.0011676567373797297,0.0012078859144821763,19.631808519363403
0.0011653356486931443,0.0012074802070856094,19.63561725616455
0.0011630585649982095,0.0012070349184796214,19.639359712600708
0.0011608268832787871,0.0012065490009263158,19.643134593963623
0.0011586411856114864,0.001206021523103118,19.648056268692017
0.0011565028689801693,0.0012054515536874533,19.651846647262573
0.0011544125154614449,0.0012048385106027126,19.655539751052856
0.001152370823547244,0.0012041819281876087,19.6593656539917
0.001150378491729498,0.001203480875119567,19.664221048355103
0.0011484361020848155,0.0012027352349832654,19.66810154914856
0.0011465440038591623,0.001201944425702095,19.671813488006592
0.0011447025462985039,0.0012011084472760558,19.675580263137817
0.001142911845818162,0.0012002269504591823,19.679485321044922
0.0011411721352487803,0.0011992998188361526,19.683440923690796
0.0011394835310056806,0.0011983272852376103,19.687252044677734
0.0011378455674275756,0.001197309116832912,19.69100308418274
0.001136258477345109,0.001196245662868023,19.69491219520569
0.0011347216786816716,0.0011951371561735868,19.69948434829712
0.0011332350550219417,0.0011939838295802474,19.703269004821777
0.0011317981407046318,0.00119278603233397,19.70793628692627
0.001130410353653133,0.001191544346511364,19.712278842926025
0.0011290711117908359,0.0011902592377737164,19.716914653778076
0.0011277797166258097,0.0011889312881976366,19.72071862220764
0.0011265355860814452,0.0011875610798597336,19.724499464035034
0.0011253375560045242,0.0011861493112519383,19.728282928466797
0.0011241850443184376,0.0011846969136968255,19.73304510116577
0.0011230771197006106,0.0011832044692710042,19.736830711364746
0.001122012734413147,0.001181672909297049,19.74057126045227
0.0011209906078875065,0.0011801030486822128,19.744359016418457
0.0011200100416317582,0.0011784960515797138,19.74905276298523
0.0011190696386620402,0.0011768527328968048,19.752848148345947
0.001118168351240456,0.0011751741403713822,19.756614208221436
0.0011173050152137876,0.0011734613217413425,19.760567665100098
0.0011164782335981727,0.0011717152083292603,19.765209913253784
0.0011156867258250713,0.0011699370807036757,19.768934965133667
0.0011149293277412653,0.0011681279866024852,19.772762060165405
0.0011142047587782145,0.001166289090178907,19.776527404785156
0.001113511505536735,0.0011644215555861592,19.78149652481079
0.0011128485202789307,0.0011625265469774604,19.785199880599976
0.0011122141731902957,0.0011606052285060287,19.788954496383667
0.00111160718370229,0.0011586588807404041,19.792725086212158
0.0011110262712463737,0.0011566885514184833,19.797564029693604
0.0011104701552540064,0.0011546955211088061,19.801283836364746
0.0011099372059106827,0.0011526810703799129,19.80509114265442
0.001109426375478506,0.0011506462469696999,19.80886960029602
0.0011089361505582929,0.001148592447862029,19.812814712524414
0.001108465250581503,0.001146520720794797,19.8167986869812
0.0011080123949795961,0.0011444322299212217,19.820542335510254
0.0011075761867687106,0.0011423282558098435,19.82429599761963
0.00110715557821095,0.0011402099626138806,19.828248023986816
0.0011067490559071302,0.0011380785144865513,19.832709312438965
0.001106355688534677,0.0011359350755810738,19.836447715759277
0.0011059739626944065,0.0011337805772200227,19.8401837348938
0.0011056027142331004,0.0011316162999719381,19.843952417373657
0.0011052410118281841,0.0011294435244053602,19.848474979400635
0.0011048874584957957,0.0011272630654275417,19.852258682250977
0.0011045411229133606,0.001125076087191701,19.85598587989807
0.0011042008409276605,0.0011228836374357343,19.85977554321289
0.001103865448385477,0.0011206866474822164,19.86427402496338
0.0011035340139642358,0.0011184863978996873,19.868125200271606
0.001103205606341362,0.0011162834707647562,19.871829509735107
0.0011028790613636374,0.001114079263061285,19.87561321258545
0.0011025535641238093,0.0011118745896965265,19.87949824333191
0.0011022280668839812,0.0011096702655777335,19.883524894714355
0.0011019017547369003,0.0011074672220274806,19.887212991714478
0.001101573696359992,0.0011052665067836642,19.890954732894897
0.0011012428440153599,0.0011030688183382154,19.894919872283936
0.0011009088484570384,0.0011008752044290304,19.899455070495605
0.0011005704291164875,0.0010986863635480404,19.90313696861267
0.0011002268875017762,0.0010965032270178199,19.906880855560303
0.0010998775251209736,0.0010943264933302999,19.910701274871826
0.0010995215270668268,0.001092157093808055,19.915154457092285
0.0010991583112627268,0.0010899958433583379,19.91890525817871
0.001098786829970777,0.0010878433240577579,19.92262554168701
0.001098406733945012,0.0010857004672288895,19.92646813392639
0.0010980172082781792,0.0010835678549483418,19.9313747882843
0.0010976175544783473,0.0010814464185386896,19.935168981552124
0.0010972069576382637,0.001079336740076542,19.938932418823242
0.001096784952096641,0.0010772396344691515,19.94269299507141
0.0010963508393615484,0.0010751556837931275,19.947554111480713
0.0010959039209410548,0.0010730857029557228,19.95133948326111
0.0010954438475891948,0.0010710303904488683,19.955057859420776
0.0010949695715680718,0.001068990444764495,19.958854913711548
0.0010944809764623642,0.0010669664479792118,19.962950468063354
0.0010939770145341754,0.0010649592150002718,19.969730854034424
0.00109345733653754,0.001062969327904284,19.975768566131592
0.0010929213603958488,0.0010609973687678576,19.984791040420532
0.0010923683876171708,0.001059044268913567,19.992408514022827
0.0010917979525402188,0.0010571104940026999,19.99834632873535
0.0010912093566730618,0.001055196626111865,20.003483772277832
0.0010906023671850562,0.0010533034801483154,20.00852084159851
0.0010899759363383055,0.001051431754603982,20.01249122619629
0.001089329831302166,0.001049581915140152,20.01718282699585
0.0010886633535847068,0.0010477546602487564,20.020862817764282
0.0010879762703552842,0.001045950804837048,20.025351762771606
0.0010872675338760018,0.0010441706981509924,20.029510736465454
0.001086536911316216,0.001042415271513164,20.0340359210968
0.0010857840534299612,0.0010406848741695285,20.037845373153687
0.0010850080288946629,0.0010389800881966949,20.041395902633667
0.0010842086048796773,0.0010373018449172378,20.04502534866333
0.0010833851993083954,0.0010356506099924445,20.049660205841064
0.001082537230104208,0.0010340268490836024,20.053910732269287
0.0010816643480211496,0.0010324311442673206,20.057742834091187
0.001080766087397933,0.00103086419403553,20.061479091644287
0.0010798420989885926,0.0010293263476341963,20.06625509262085
0.0010788915678858757,0.0010278183035552502,20.070263624191284
0.0010779143776744604,0.001026340527459979,20.07405924797058
0.0010769100626930594,0.0010248934850096703,20.07784366607666
0.0010758781572803855,0.001023477641865611,20.082334280014038
0.001074818428605795,0.0010220934636890888,20.08616542816162
0.0010737304110080004,0.0010207411833107471,20.08991551399231
0.0010726138716563582,0.001019421499222517,20.093689680099487
0.001071468461304903,0.001018134644255042,20.098117351531982
0.001070293947122991,0.0010168809676542878,20.10187864303589
0.001069089863449335,0.001015660585835576,20.105684280395508
0.0010678564431145787,0.0010144739644601941,20.10946249961853
0.0010665932204574347,0.0010133212199434638,20.11413812637329
0.0010652999626472592,0.0010122027015313506,20.117964506149292
0.0010639767860993743,0.0010111182928085327,20.12179160118103
0.001062623574398458,0.0010100682266056538,20.126617193222046
0.0010612402111291885,0.0010090525029227138,20.131656646728516
0.0010598268127068877,0.0010080712381750345,20.135493516921997
0.0010583832627162337,0.0010071241995319724,20.139349937438965
0.0010569097939878702,0.0010062115034088492,20.143142700195312
0.001055406522937119,0.0010053328005596995,20.14786148071289
0.0010538736823946238,0.0010044879745692015,20.15156388282776
0.0010523113887757063,0.0010036767926067114,20.155330896377563
0.001050720107741654,0.0010028989054262638,20.159119606018066
0.0010490999557077885,0.0010021539637818933,20.16340661048889
0.001047451514750719,0.0010014415020123124,20.167300939559937
0.0010457750177010894,0.001000761054456234,20.171058654785156
0.0010440711630508304,0.0010001120390370488,20.174739122390747
0.0010423404164612293,0.0009994939900934696,20.178609609603882
0.0010405833600088954,0.0009989060927182436,20.183288097381592
0.0010388005757704377,0.0009983477648347616,20.187055349349976
0.001036992995068431,0.000997818075120449,20.19082546234131
0.0010351610835641623,0.000997316325083375,20.19463038444519
0.00103330600541085,0.000996841466985643,20.1990807056427
0.0010314283426851034,0.0009963925695046782,20.202890157699585
0.001029529026709497,0.00099596893414855,20.206620931625366
0.001027609221637249,0.0009955689311027527,20.210381507873535
0.0010256697423756123,0.000995192094705999,20.214911699295044
0.0010237119859084487,0.0009948366787284613,20.218719959259033
0.001021736767143011,0.000994501868262887,20.222485065460205
0.0010197454830631614,0.0009941861499100924,20.226313829421997
0.0010177392978221178,0.0009938885923475027,20.230888843536377
0.0010157193755730987,0.0009936073329299688,20.234732151031494
0.0010136871132999659,0.0009933413239195943,20.238359212875366
0.0010116439079865813,0.0009930890519171953,20.242161512374878
0.001009591156616807,0.0009928490035235882,20.246154308319092
0.0010075302561745048,0.0009926198981702328,20.25013828277588
0.0010054627200588584,0.0009923999896273017,20.253921270370483
0.0010033900616690516,0.0009921877644956112,20.25764036178589
0.0010013136779889464,0.0009919818257912993,20.26158118247986
0.0009992353152483702,0.0009917804272845387,20.266064167022705
0.0009971563704311848,0.0009915820555761456,20.269864559173584
0.0009950785897672176,0.0009913851972669363,20.273602962493896
0.0009930034866556525,0.0009911879897117615,20.277398347854614
0.000990932690910995,0.0009909889195114374,20.281832218170166
0.0009888679487630725,0.0009907865896821022,20.28556203842163
0.0009868107736110687,0.0009905790211632848,20.289307832717896
0.0009847627952694893,0.000990364933386445,20.29309391975403
0.0009827256435528398,0.0009901426965370774,20.297630786895752
0.0009807010646909475,0.0009899105643853545,20.301424503326416
0.0009786904556676745,0.0009896671399474144,20.30517888069153
0.0009766954462975264,0.0009894107934087515,20.308998823165894
0.0009747177828103304,0.0009891402442008257,20.313315391540527
0.0009727588039822876,0.0009888538625091314,20.317129611968994
0.0009708200232125819,0.000988550134934485,20.320842027664185
0.0009689030121080577,0.0009882280137389898,20.324609994888306
0.0009670091094449162,0.0009878858691081405,20.328623056411743
0.0009651395957916975,0.0009875224204733968,20.333190441131592
0.0009632959845475852,0.0009871365036815405,20.336907148361206
0.0009614794398657978,0.0009867269545793533,20.340697288513184
0.0009596911841072142,0.0009862927254289389,20.344477653503418
0.0009579324396327138,0.0009858324192464352,20.349004983901978
0.0009562041377648711,0.000985345453955233,20.352703094482422
0.0009545073844492435,0.0009848305489867926,20.356449842453003
0.0009528431692160666,0.0009842870058491826,20.360243558883667
0.0009512122487649322,0.0009837140096351504,20.365185022354126
0.000949615438003093,0.0009831107454374433,20.36888313293457
0.000948053493630141,0.0009824767475947738,20.37260127067566
0.0009465268813073635,0.000981811317615211,20.376392126083374
0.0009450362413190305,0.0009811138734221458,20.381413459777832
0.0009435819811187685,0.0009803841821849346,20.38516640663147
0.0009421644499525428,0.00097962177824229,20.388867139816284
0.0009407838806509972,0.0009788264287635684,20.392616510391235
0.0009394403896294534,0.000977998017333448,20.396663904190063
0.0009381339768879116,0.0009771364275366068,20.40047287940979
0.0009368648170493543,0.000976241659373045,20.404176473617554
0.0009356325026601553,0.0009753137710504234,20.407950162887573
0.0009344370337203145,0.0009743530536070466,20.411963939666748
0.0009332779445685446,0.0009733595652505755,20.41649889945984
0.0009321548277512193,0.0009723338880576193,20.42021608352661
0.0009310671593993902,0.0009712762548588216,20.423967599868774
0.0009300143574364483,0.0009701873059384525,20.42777991294861
0.0009289956069551408,0.0009690675069577992,20.432368993759155
0.0009280102676711977,0.0009679175564087927,20.436068058013916
0.0009270573500543833,0.0009667382691986859,20.439794301986694
0.000926135980989784,0.0009655304020270705,20.44355058670044
0.0009252450545318425,0.0009642948862165213,20.44853901863098
0.0009243834065273404,0.0009630327695049345,20.45224952697754
0.0009235499310307205,0.000961744983214885,20.45595645904541
0.0009227432892657816,0.000960432575084269,20.45975661277771
0.0009219622006639838,0.0009590968838892877,20.46483564376831
0.0009212052682414651,0.0009577390155754983,20.468546867370605
0.0009204710368067026,0.0009563603671267629,20.472288131713867
0.0009197579929605126,0.0009549621609039605,20.476073741912842
0.0009190646815113723,0.000953545852098614,20.48089861869812
0.0009183892980217934,0.0009521128959022462,20.484668254852295
0.0009177305037155747,0.0009506648639217019,20.48840308189392
0.0009170864359475672,0.0009492030367255211,20.492212295532227
0.0009164554066956043,0.0009477291605435312,20.496254205703735
0.0009158358443528414,0.0009462447487749159,20.500182390213013
0.000915226002689451,0.0009447514894418418,20.503939628601074
0.0009146240190602839,0.0009432508959434927,20.507712602615356
0.0009140283800661564,0.0009417446563020349,20.511614322662354
0.0009134371066465974,0.0009402344585396349,20.516069650650024
0.0009128486854024231,0.0009387218742631376,20.51979684829712
0.0009122613118961453,0.0009372086497023702,20.524486541748047
0.0009116732981055975,0.0009356964146718383,20.528934478759766
0.0009110828978009522,0.0009341867989860475,20.53366231918335
0.0009104886557906866,0.0009326814324595034,20.537373304367065
0.0009098888258449733,0.0009311818284913898,20.54114603996277
0.0009092818945646286,0.0009296897333115339,20.544962406158447
0.0009086662903428078,0.0009282065439037979,20.549758195877075
0.000908040557987988,0.0009267338900826871,20.553460359573364
0.0009074032423086464,0.0009252731688320637,20.557278156280518
0.0009067529463209212,0.0009238258353434503,20.56107759475708
0.000906088447663933,0.0009223931701853871,20.565730810165405
0.000905408407561481,0.000920976628549397,20.56945300102234
0.0009047116618603468,0.0009195773745886981,20.573172092437744
0.000903997162822634,0.0009181966306641698,20.57707405090332
0.0009032637462951243,0.0009168355609290302,20.581868410110474
0.0009025105973705649,0.0009154950967058539,20.585614681243896
0.0009017366683110595,0.0009141764021478593,20.58936619758606
0.0009009413188323379,0.0009128802921622992,20.593141078948975
0.0009001236758194864,0.0009116075234487653,20.59769320487976
0.0008992832736112177,0.0009103589691221714,20.60141086578369
0.000898419413715601,0.0009091350948438048,20.605123043060303
0.0008975317468866706,0.0009079366573132575,20.608899354934692
0.0008966198656708002,0.0009067640639841557,20.61283826828003
0.0008956834208220243,0.000905617605894804,20.616844654083252
0.0008947222959250212,0.0009044976904988289,20.620633602142334
0.0008937364909797907,0.0009034044342115521,20.624431848526
0.0008927258313633502,0.0009023380698636174,20.62830638885498
0.0008916905499063432,0.000901298422832042,20.632832288742065
0.0008906307048164308,0.0009002854931168258,20.636528730392456
0.0008895466453395784,0.0008992991060949862,20.640332221984863
0.0008884387207217515,0.0008983388543128967,20.644094705581665
0.0008873073384165764,0.0008974046213552356,20.649242877960205
0.0008861530805006623,0.0008964957669377327,20.652945280075073
0.0008849765872582793,0.0008956117671914399,20.656641483306885
0.0008837784407660365,0.000894752040039748,20.66035294532776
0.0008825595141388476,0.0008939157705754042,20.665215492248535
0.0008813206804916263,0.0008931023185141385,20.669008016586304
0.0008800628129392862,0.0008923106361180544,20.672757863998413
0.0008787869592197239,0.0008915399084798992,20.67655372619629
0.0008774941670708358,0.0008907889714464545,20.681440353393555
0.000876185717061162,0.0008900568354874849,20.68527126312256
0.000874862598720938,0.000889342394657433,20.688982725143433
0.0008735262090340257,0.000888644193764776,20.692758321762085
0.0008721778285689652,0.0008879611850716174,20.697633981704712
0.0008708188543096185,0.0008872919715940952,20.701473236083984
0.0008694506250321865,0.0008866352145560086,20.705214738845825
0.0008680747705511749,0.0008859893423505127,20.708993196487427
0.0008666925714351237,0.0008853530744090676,20.713327646255493
0.0008653057157061994,0.0008847248973324895,20.717289209365845
0.0008639157749712467,0.0008841032395139337,20.720993041992188
0.0008625242044217885,0.0008834865293465555,20.724826335906982
0.000861132750287652,0.000882873369846493,20.728877305984497
0.0008597429259680212,0.0008822619565762579,20.73343062400818
0.0008583564194850624,0.0008816508925519884,20.73713183403015
0.0008569749188609421,0.0008810385479591787,20.740976095199585
0.0008555999374948442,0.0008804233511909842,20.744962692260742
0.000854233221616596,0.0008798036724328995,20.749952793121338
0.0008528762846253812,0.0008791779982857406,20.75373911857605
0.0008515308145433664,0.0008785446989350021,20.757497310638428
0.0008501983247697353,0.0008779023191891611,20.761288166046143
0.0008488805033266544,0.0008772493456490338,20.766143321990967
0.0008475787471979856,0.0008765842649154365,20.7700412273407
0.0008462945697829127,0.0008759057382121682,20.773823022842407
0.0008450294262729585,0.0008752121357247233,20.777611255645752
0.0008437849464826286,0.0008745022932998836,20.782302141189575
0.0008425622363574803,0.0008737748139537871,20.78601336479187
0.0008413626928813756,0.0008730283589102328,20.789774894714355
0.0008401875966228545,0.0008722617640160024,20.793538093566895
0.0008390381117351353,0.0008714738069102168,20.79815411567688
0.0008379154605790973,0.0008706633816473186,20.801966428756714
0.0008368206326849759,0.0008698293822817504,20.80572509765625
0.0008357546757906675,0.0008689709356985986,20.80980658531189
0.0008347185212187469,0.0008680869941599667,20.814888954162598
0.0008337129838764668,0.0008671767427586019,20.818606853485107
0.0008327389368787408,0.0008662391919642687,20.822420597076416
0.0008317969623021781,0.0008652738179080188,20.826258659362793
0.0008308877586387098,0.0008642798638902605,20.830954790115356
0.0008300119079649448,0.0008632568060420454,20.834709882736206
0.0008291697013191879,0.0008622040040791035,20.838408708572388
0.0008283616625703871,0.0008611210505478084,20.84222149848938
0.0008275880245491862,0.0008600074797868729,20.84622550010681
0.0008268490200862288,0.0008588632335886359,20.850295782089233
0.000826144649181515,0.0008576877880841494,20.854215145111084
0.0008254750282503664,0.0008564812014810741,20.858017206192017
0.0008248401572927833,0.0008552432409487665,20.862015962600708
0.0008242397452704608,0.0008539740229025483,20.86662769317627
0.0008236736175604165,0.0008526735473424196,20.870389938354492
0.0008231415413320065,0.0008513419888913631,20.87421178817749
0.0008226430509239435,0.0008499795221723616,20.87831711769104
0.0008221776806749403,0.0008485864382237196,20.883320093154907
0.0008217449067160487,0.0008471630862914026,20.887044668197632
0.0008213440305553377,0.000845709873829037,20.890799283981323
0.0008209744701161981,0.0008442273829132318,20.894599199295044
0.0008206353522837162,0.0008427160792052746,20.899420499801636
0.0008203259203583002,0.0008411766029894352,20.903172731399536
0.0008200452430173755,0.0008396097109653056,20.906980752944946
0.0008197922725230455,0.0008380159852094948,20.910967111587524
0.0008195661357603967,0.0008363963570445776,20.916165590286255
0.0008193657267838717,0.0008347516413778067,20.919917821884155
0.0008191898814402521,0.0008330828277394176,20.92365312576294
0.0008190373773686588,0.000831390789244324,20.928766012191772
0.0008189070504158735,0.0008296765736304224,20.93372392654419
0.0008187976200133562,0.0008279412868432701,20.93743872642517
0.0008187078055925667,0.0008261859766207635,20.941333055496216
0.0008186362683773041,0.000824411807116121,20.945294857025146
0.0008185817277990282,0.0008226201171055436,20.950424432754517
0.0008185425540432334,0.0008208119543269277,20.954160928726196
0.0008185175247490406,0.0008189886575564742,20.95792841911316
0.0008185052429325879,0.0008171515073627234,20.961969137191772
0.0008185041369870305,0.000815301900729537,20.96704387664795
0.0008185127517208457,0.0008134411182254553,20.970773220062256
0.0008185297483578324,0.0008115705568343401,20.974533319473267
0.000818553555291146,0.0008096916135400534,20.97839045524597
0.0008185826591216028,0.000807805685326457,20.98297095298767
0.0008186157210730016,0.0008059143438003957,20.986956357955933
0.0008186511695384979,0.0008040188113227487,20.990726470947266
0.0008186874911189079,0.0008021207759156823,20.994551181793213
0.0008187232888303697,0.0008002214599400759,20.99929428100586
0.0008187571656890213,0.0007983225514180958,21.00304126739502
0.00081878766650334,0.0007964253309182823,21.006856679916382
0.0008188133942894638,0.0007945314282551408,21.01068139076233
0.0008188328938558698,0.0007926421239972115,21.01540517807007
0.000818844826426357,0.0007907590479589999,21.01912832260132
0.0008188479696400464,0.000788883597124368,21.022850036621094
0.0008188408683054149,0.0007870171684771776,21.026691913604736
0.0008188223000615835,0.0007851611590012908,21.031458377838135
0.000818791042547673,0.0007833169656805694,21.035331964492798
0.0008187456987798214,0.0007814860437065363,21.039138555526733
0.0008186853374354541,0.0007796697318553925,21.04291820526123
0.0008186086197383702,0.000777869310695678,21.047627210617065
0.0008185144979506731,0.0007760861190035939,21.051595211029053
0.0008184018661268055,0.0007743214955553412,21.055315494537354
0.000818269734736532,0.0007725766045041382,21.059096574783325
0.000818116997834295,0.000770852726418525,21.063318967819214
0.000817942782305181,0.0007691509672440588,21.067371129989624
0.0008177461568266153,0.000767472549341619,21.071125507354736
0.0008175261900760233,0.0007658186368644238,21.07491159439087
0.0008172820671461523,0.0007641901611350477,21.078814268112183
0.0008170129149220884,0.0007625882280990481,21.083296537399292
0.0008167181513272226,0.0007610138272866607,21.08707094192505
0.0008163969032466412,0.0007594679482281208,21.09096598625183
0.0008160484721884131,0.0007579513476230204,21.094950437545776
0.0008156723924912512,0.0007564651314169168,21.09959602355957
0.0008152678492479026,0.0007550098816864192,21.103334426879883
0.0008148344932124019,0.0007535864715464413,21.107091426849365
0.0008143717423081398,0.000752195599488914,21.11086368560791
0.0008138791308738291,0.0007508379057981074,21.115426540374756
0.0008133562514558434,0.0007495140889659524,21.119160175323486
0.0008128026966005564,0.0007482246146537364,21.122970819473267
0.0008122180006466806,0.0007469700649380684,21.126800060272217
0.000811602221801877,0.0007457509054802358,21.131510019302368
0.0008109547197818756,0.0007445676019415259,21.13520646095276
0.0008102753781713545,0.0007434203871525824,21.13904619216919
0.0008095641387626529,0.0007423097267746925,21.14291501045227
0.000808820768725127,0.0007412357954308391,21.147637128829956
0.000808045151643455,0.0007401988259516656,21.1515851020813
0.000807237287517637,0.000739198992960155,21.155203104019165
0.0008063970017246902,0.000738236412871629,21.158982515335083
0.0008055244688875973,0.0007373111438937485,21.163320302963257
0.0008046195725910366,0.0007364232442341745,21.167316436767578
0.0008036824874579906,0.000735572655685246,21.17110013961792
0.0008027133299037814,0.0007347592036239803,21.174886226654053
0.0008017122163437307,0.0007339828298427165,21.178799629211426
0.0008006793796084821,0.0007332434179261327,21.183353424072266
0.0007996149943210185,0.0007325406768359244,21.187078714370728
0.0007985192351043224,0.0007318742573261261,21.19088077545166
0.0007973925094120204,0.0007312439847737551,21.194718837738037
0.0007962350500747561,0.000730649393517524,21.19955086708069
0.0007950472645461559,0.0007300901925191283,21.203267812728882
0.0007938294438645244,0.0007295658579096198,21.207048416137695
0.0007925821701064706,0.0007290758076123893,21.210893869400024
0.0007913056761026382,0.0007286196341738105,21.21597385406494
0.0007900005439296365,0.0007281967555172741,21.22002387046814
0.0007886671810410917,0.0007278065313585103,21.22381615638733
0.0007873062859289348,0.0007274482632055879,21.22758412361145
0.0007859182660467923,0.0007271213689818978,21.23245334625244
0.0007845037616789341,0.0007268250337801874,21.23617148399353
0.0007830633549019694,0.0007265585591085255,21.240128993988037
0.0007815978606231511,0.0007263210718519986,21.2439227104187
0.0007801076862961054,0.0007261118153110147,21.248730659484863
0.0007785937050357461,0.000725929974578321,21.25244641304016
0.0007770566153340042,0.000725774560123682,21.256237506866455
0.0007754971156828105,0.0007256446988321841,21.26002073287964
0.000773916020989418,0.0007255395175889134,21.264912843704224
0.0007723141461610794,0.0007254579104483128,21.268627643585205
0.0007706923061050475,0.0007253989460878074,21.272337913513184
0.0007690514321438968,0.0007253616349771619,21.276209115982056
0.0007673922809772193,0.0007253448711708188,21.280977725982666
0.0007657158421352506,0.0007253476651385427,21.28484272956848
0.0007640229887329042,0.0007253689109347761,21.288532733917236
0.0007623147103004158,0.0007254075026139617,21.292320489883423
0.000760591879952699,0.0007254622178152204,21.29665470123291
0.000758855661842972,0.0007255320670083165,21.30078125
0.0007571069872938097,0.000725615827832371,21.304298877716064
0.0007553469622507691,0.0007257123361341655,21.308005809783936
0.0007535764598287642,0.0007258204277604818,21.311983585357666
0.0007517966441810131,0.0007259389385581017,21.31658911705017
0.0007500086794607341,0.0007260666461661458,21.320297956466675
0.0007482136134058237,0.0007262023282237351,21.32405662536621
0.0007464126101695001,0.0007263448205776513,21.328066110610962
0.0007446067174896598,0.0007264928426593542,21.33334183692932
0.0007427971577271819,0.0007266452303156257,21.337308168411255
0.0007409850950352848,0.0007268007611855865,21.341142416000366
0.0007391716353595257,0.0007269582129083574,21.3449923992157
0.0007373580010607839,0.0007271164213307202,21.349941968917847
0.0007355454144999385,0.0007272740476764739,21.35363507270813
0.0007337350398302078,0.000727429986000061,21.35735559463501
0.0007319280994124711,0.0007275829557329416,21.36111092567444
0.0007301257573999465,0.0007277318509295583,21.366208791732788
0.0007283292943611741,0.0007278754492290318,21.369916915893555
0.0007265398162417114,0.0007280125864781439,21.373714208602905
0.0007247586036100984,0.0007281420403160155,21.377463817596436
0.0007229868206195533,0.0007282627047970891,21.38201403617859
0.0007212256314232945,0.0007283736485987902,21.385847091674805
0.0007194763165898621,0.0007284733583219349,21.38955020904541
0.0007177399238571525,0.0007285610772669315,21.39333486557007
0.0007160176755860448,0.0007286355830729008,21.398277044296265
0.0007143107941374183,0.0007286958862096071,21.401997804641724
0.0007126203272491693,0.0007287408807314932,21.405945301055908
0.0007109473226591945,0.0007287696935236454,21.40985870361328
0.0007092930027283728,0.0007287812768481672,21.414885759353638
0.0007076583569869399,0.000728774641174823,21.418792724609375
0.0007060444331727922,0.0007287489715963602,21.422651767730713
0.0007044522208161652,0.000728703336790204,21.426573514938354
0.0007028827676549554,0.0007286369218491018,21.43154001235962
0.0007013368885964155,0.0007285489118658006,21.43524980545044
0.000699815631378442,0.0007284384919330478,21.43895649909973
0.0006983197527006269,0.0007283049635589123,21.4427330493927
0.0006968501838855445,0.0007281475700438023,21.447617292404175
0.0006954076234251261,0.0007279657293111086,21.451403617858887
0.0006939928862266243,0.0007277588592842221,21.455121517181396
0.0006926066125743091,0.0007275262614712119,21.45899224281311
0.0006912493263371289,0.0007272674702107906,21.463327407836914
0.0006899219006299973,0.0007269820780493319,21.467361450195312
0.0006886247429065406,0.0007266695029102266,21.47147488594055
0.0006873582606203854,0.0007263294537551701,21.47515320777893
0.0006861229776404798,0.0007259615231305361,21.479191541671753
0.0006849193014204502,0.0007255654199980199,21.483387231826782
0.0006837474065832794,0.0007251409697346389,21.487130641937256
0.0006826075841672719,0.0007246879395097494,21.490944862365723
0.0006815001252107322,0.0007242061547003686,21.494959354400635
0.0006804250879213214,0.0007236955570988357,21.499533891677856
0.0006793825305067003,0.0007231560884974897,21.503265380859375
0.0006783724529668689,0.0007225878071039915,21.507009983062744
0.0006773948553018272,0.0007219906547106802,21.510822534561157
0.0006764495046809316,0.0007213648641481996,21.51522159576416
0.0006755363428965211,0.0007207105518318713,21.518846035003662
0.0006746550207026303,0.000720027950592339,21.52262854576111
0.0006738052470609546,0.0007193172932602465,21.526445865631104
0.0006729866727255285,0.0007185789290815592,21.531448125839233
0.0006721988320350647,0.0007178132655099034,21.535377025604248
0.0006714411429129541,0.0007170206517912447,21.53901720046997
0.0006707131396979094,0.0007162016117945313,21.54304599761963
0.0006700142985209823,0.0007153566111810505,21.54764986038208
0.0006693436880595982,0.0007144863484427333,21.551513195037842
0.000668700726237148,0.0007135912892408669,21.555342197418213
0.0006680846563540399,0.0007126721902750432,21.55906343460083
0.0006674945470876992,0.0007117296336218715,21.563327074050903
0.0006669295835308731,0.0007107646088115871,21.56732416152954
0.000666388776153326,0.0007097776979207993,21.571062564849854
0.0006658712518401444,0.0007087698322720826,21.57516121864319
0.0006653758464381099,0.0007077418267726898,21.579246520996094
0.0006649015704169869,0.0007066947291605175,21.583367824554443
0.0006644473178312182,0.0007056293543428183,21.587069511413574
0.0006640119827352464,0.0007045466336421669,21.59082841873169
0.0006635944009758532,0.0007034477312117815,21.59463882446289
0.0006631933501921594,0.0007023336365818977,21.599668979644775
0.0006628076662309468,0.0007012053392827511,21.603413105010986
0.0006624361267313361,0.0007000639452598989,21.60718321800232
0.0006620774511247873,0.0006989106768742204,21.61095428466797
0.0006617303588427603,0.000697746523655951,21.615782260894775
0.0006613936857320368,0.000696572766173631,21.619470834732056
0.0006610660930164158,0.0006953904521651566,21.623284816741943
0.0006607463001273572,0.0006942008039914072,21.627062797546387
0.0006604330847039819,0.0006930049858056009,21.6319317817688
0.0006601251661777496,0.000691804219968617,21.63564395904541
0.0006598211475647986,0.0006905995542183518,21.639387607574463
0.0006595199811272323,0.0006893923273310065,21.64322590827942
0.0006592203280888498,0.0006881835870444775,21.647711038589478
0.0006589210242964327,0.0006869745557196438,21.651515245437622
0.000658620847389102,0.0006857664557173848,21.655258178710938
0.0006583185750059783,0.0006845602765679359,21.659043550491333
0.0006580131594091654,0.0006833572988398373,21.663296937942505
0.0006577033782377839,0.0006821584538556635,21.667349576950073
0.0006573883001692593,0.0006809650221839547,21.671043395996094
0.0006570667610503733,0.0006797779351472855,21.674818754196167
0.0006567378295585513,0.0006785982404835522,21.678820848464966
0.0006564005161635578,0.0006774268695153296,21.683311700820923
0.0006560538313351572,0.000676264869980514,21.687092781066895
0.0006556970765814185,0.0006751130567863584,21.690869569778442
0.0006553293205797672,0.0006739723612554371,21.694636821746826
0.0006549497484229505,0.0006728435982950032,21.699516773223877
0.0006545577780343592,0.0006717275828123093,21.703222513198853
0.0006541526527144015,0.0006706249550916255,21.706956148147583
0.0006537337903864682,0.0006695364718325436,21.710723638534546
0.0006533006671816111,0.0006684628315269947,21.715275526046753
0.000652852701023221,0.0006674043834209442,21.718992710113525
0.0006523895426653326,0.000666361884213984,21.72273588180542
0.0006519108428619802,0.0006653356249444187,21.726494312286377
0.0006514162523671985,0.0006643261294811964,21.73102331161499
0.0006509055383503437,0.0006633335724473,21.735841989517212
0.0006503784679807723,0.0006623584195040166,21.73998498916626
0.0006498349830508232,0.0006614007288590074,21.7438223361969
0.0006492749671451747,0.0006604606751352549,21.749094247817993
0.0006486985366791487,0.0006595384329557419,21.75284695625305
0.0006481056334450841,0.0006586339441128075,21.756712436676025
0.0006474964320659637,0.0006577471503987908,21.76052689552307
0.0006468711653724313,0.0006568779936060309,21.765623807907104
0.0006462300661951303,0.0006560262991115451,21.76934814453125
0.0006455734255723655,0.0006551917758770287,21.77297568321228
0.0006449016509577632,0.0006543741910718381,21.77677607536316
0.0006442150915972888,0.0006535731954500079,21.78164529800415
0.0006435143295675516,0.0006527882651425898,21.785357236862183
0.0006427998887374997,0.0006520190509036183,21.78915309906006
0.0006420722929760814,0.0006512649706564844,21.792951107025146
0.0006413322989828885,0.0006505253841169178,21.797751665115356
0.0006405804888345301,0.0006497997674159706,21.801523685455322
0.00063981773564592,0.0006490873638540506,21.805229663848877
0.0006390446797013283,0.0006483874749392271,21.809011220932007
0.0006382623105309904,0.0006476992275565863,21.813440084457397
0.0006374713266268373,0.0006470219814218581,21.817323207855225
0.0006366728339344263,0.0006463546305894852,21.821080923080444
0.0006358675891533494,0.0006456965347751975,21.82493495941162
0.000635056640021503,0.0006450465298257768,21.828814268112183
0.0006342410342767835,0.0006444038008339703,21.833301544189453
0.0006334217614494264,0.0006437673582695425,21.83694887161255
0.0006325998110696673,0.000643136037979275,21.84070348739624
0.0006317764054983854,0.0006425089668482542,21.844478845596313
0.0006309524760581553,0.0006418849807232618,21.84904670715332
0.0006301292451098561,0.0006412630900740623,21.85275387763977
0.0006293077021837234,0.0006406421889550984,21.856547355651855
0.0006284891278482974,0.0006400212296284735,21.860316276550293
0.0006276744534261525,0.0006393989897333086,21.865233898162842
0.0006268649594858289,0.000638774479739368,21.86896848678589
0.0006260616355575621,0.0006381465937010944,21.872722387313843
0.0006252656457945704,0.0006375142256729305,21.87722873687744
0.0006244780379347503,0.0006368763279169798,21.882217407226562
0.00062369997613132,0.000636231794487685,21.886669874191284
0.000622932449914515,0.0006355796358548105,21.891118049621582
0.0006221764488145709,0.0006349188042804599,21.89561915397644
0.000621433078777045,0.0006342482520267367,21.900249481201172
0.000620703271124512,0.0006335671059787273,21.9042227268219
0.0006199880153872073,0.0006328742019832134,21.907999277114868
0.0006192881846800447,0.000632168841548264,21.91199493408203
0.0006186047103255987,0.0006314499187283218,21.916606426239014
0.0006179383490234613,0.0006307167932391167,21.920316696166992
0.0006172899738885462,0.0006299684755504131,21.9239821434021
0.0006166602834127843,0.0006292042671702802,21.927988529205322
0.0006160499178804457,0.000628423411399126,21.93288803100586
0.0006154597504064441,0.0006276251515373588,21.93660306930542
0.000614890072029084,0.0006268089055083692,21.940348625183105
0.0006143416976556182,0.0006259740912355483,21.944164276123047
0.0006138149183243513,0.0006251200684346259,21.948631048202515
0.0006133102579042315,0.0006242463714443147,21.95266628265381
0.0006128280656412244,0.0006233525928109884,21.956608057022095
0.0006123686325736344,0.0006224382668733597,21.960399627685547
0.0006119321915321052,0.0006215031025931239,21.9653799533844
0.0006115189753472805,0.0006205467507243156,21.969106197357178
0.0006111291004344821,0.0006195689784362912,21.972875356674194
0.00061076256679371,0.0006185696693137288,21.976728677749634
0.0006104194326326251,0.0006175486487336457,21.981457471847534
0.0006100995233282447,0.00061650580028072,21.985180377960205
0.0006098028388805687,0.0006154412403702736,21.988885641098022
0.0006095290882512927,0.0006143549690023065,21.99264883995056
0.0006092780386097729,0.0006132470443844795,21.99664878845215
0.0006090493989177048,0.0006121176993474364,22.000898838043213
0.0006088427035138011,0.000610967050306499,22.005836248397827
0.0006086576031520963,0.0006097955047152936,22.015377521514893
0.000608493632171303,0.000608603295404464,22.020309686660767
0.0006083500920794904,0.0006073907716199756,22.025182247161865
0.0006082265172153711,0.0006061584572307765,22.030884265899658
0.0006081222090870142,0.0006049068761058152,22.03540873527527
0.0006080364692024887,0.0006036364939063787,22.03969693183899
0.0006079684826545417,0.0006023478927090764,22.043565273284912
0.0006079174927435815,0.0006010418292135,22.048810720443726
0.0006078826845623553,0.0005997188272885978,22.053459644317627
0.0006078631267882884,0.0005983798182569444,22.058159112930298
0.0006078578880988061,0.0005970253841951489,22.06236433982849
0.000607866037171334,0.0005956565728411078,22.06701135635376
0.0006078865844756365,0.0005942740826867521,22.07078218460083
0.0006079184240661561,0.0005928788450546563,22.07454800605774
0.0006079606246203184,0.0005914719076827168,22.078353881835938
0.0006080121384002268,0.0005900541436858475,22.083531856536865
0.0006080716848373413,0.0005886266590096056,22.08734393119812
0.0006081382744014263,0.0005871904431842268,22.091238260269165
0.0006082107429392636,0.0005857466021552682,22.095083236694336
0.0006082879845052958,0.0005842962418682873,22.099443435668945
0.0006083687767386436,0.0005828405264765024,22.10322594642639
0.0006084520136937499,0.0005813805037178099,22.1070659160614
0.0006085365312173963,0.0005799175123684108,22.110918760299683
0.0006086210487410426,0.0005784526001662016,22.115224599838257
0.0006087045185267925,0.0005769870476797223,22.119014978408813
0.0006087857182137668,0.0005755220772698522,22.122810125350952
0.0006088634836487472,0.0005740588530898094,22.126643896102905
0.0006089366506785154,0.0005725987139157951,22.131385326385498
0.0006090040551498532,0.0005711428821086884,22.13515615463257
0.0006090646493248641,0.0005696925800293684,22.13894820213318
0.000609117210842669,0.0005682490882463753,22.1427903175354
0.0006091606337577105,0.0005668135127052665,22.147551774978638
0.000609193928539753,0.0005653873085975647,22.1513774394989
0.0006092159892432392,0.0005639716400764883,22.1561062335968
0.0006092257099226117,0.0005625676712952554,22.160070657730103
0.0006092221010476351,0.0005611766246147454,22.165234804153442
0.0006092041730880737,0.0005597997223958373,22.169068574905396
0.000609170994721353,0.0005584381287917495,22.172905683517456
0.0006091215764172375,0.0005570930661633611,22.176750421524048
0.0006090550450608134,0.0005557655822485685,22.181833267211914
0.0006089704693295062,0.0005544568412005901,22.18561315536499
0.000608866976108402,0.0005531678907573223,22.18943762779236
0.00060874386690557,0.0005518998368643224,22.193278074264526
0.0006086002103984356,0.000550653669051826,22.19818615913391
0.0006084353663027287,0.0005494303768500686,22.202025651931763
0.0006082485779188573,0.0005482309497892857,22.205814123153687
0.0006080392049625516,0.0005470563191920519,22.209635257720947
0.0006078064907342196,0.00054590729996562,22.214344263076782
0.0006075499695725739,0.0005447848234325647,22.218311309814453
0.0006072690011933446,0.0005436896462924778,22.22205400466919
0.0006069630617275834,0.0005426225834526122,22.225841522216797
0.0006066316273063421,0.0005415842169895768,22.230089902877808
0.0006062742322683334,0.0005405753036029637,22.23409652709961
0.0006058905855752528,0.0005395964835770428,22.237820863723755
0.0006054801633581519,0.0005386483389884233,22.241586208343506
0.0006050426745787263,0.0005377313354983926,22.24547529220581
0.0006045778281986713,0.0005368459387682378,22.25011706352234
0.0006040853331796825,0.0005359926726669073,22.25383186340332
0.0006035649566911161,0.0005351718864403665,22.25762104988098
0.0006030164659023285,0.0005343838129192591,22.26162338256836
0.0006024398026056588,0.0005336288013495505,22.266199827194214
0.0006018347921781242,0.0005329070845618844,22.269922733306885
0.0006012013764120638,0.0005322188371792436,22.273787021636963
0.0006005394388921559,0.0005315641174092889,22.27758550643921
0.0005998490378260612,0.0005309430416673422,22.28262424468994
0.0005991302314214408,0.0005303556099534035,22.286490201950073
0.0005983829032629728,0.0005298018222674727,22.29030418395996
0.0005976074025966227,0.0005292815621942282,22.294094800949097
0.0005968036712147295,0.000528794655110687,22.29930067062378
0.0005959718837402761,0.0005283410428091884,22.3031165599823
0.0005951123312115669,0.0005279203760437667,22.307183504104614
0.0005942251300439239,0.0005275324219837785,22.310980319976807
0.0005933105712756515,0.000527176889590919,22.316002130508423
0.0005923690041527152,0.000526853371411562,22.319783449172974
0.0005914006615057588,0.0005265614599920809,22.323540210723877
0.0005904060089960694,0.0005263006314635277,22.327373027801514
0.0005893853376619518,0.0005260705365799367,22.332632541656494
0.0005883390549570322,0.0005258704768493772,22.336491107940674
0.000587267626542598,0.0005256999866105616,22.340245485305786
0.0005861714598722756,0.0005255584255792201,22.34403133392334
0.0005850511370226741,0.0005254450952634215,22.34877920150757
0.0005839071818627417,0.0005253592971712351,22.35264253616333
0.0005827400018461049,0.0005253003910183907,22.356457471847534
0.0005815503536723554,0.0005252675618976355,22.360291719436646
0.0005803387030027807,0.0005252599949017167,22.36546778678894
0.0005791057483293116,0.0005252769915387034,22.369289875030518
0.0005778520717285573,0.0005253175622783601,22.373053312301636
0.0005765784299001098,0.000525380892213434,22.376866579055786
0.000575285404920578,0.0005254661664366722,22.38165044784546
0.0005739738116972148,0.0005255723954178393,22.385571718215942
0.0005726443487219512,0.0005256985896266997,22.389307975769043
0.0005712977144867182,0.0005258438759483397,22.393080234527588
0.0005699347821064293,0.0005260072066448629,22.397588968276978
0.0005685563082806766,0.0005261877086013556,22.402017831802368
0.0005671631079167128,0.0005263842176645994,22.405815839767456
0.0005657559959217906,0.0005265958025120199,22.409600019454956
0.0005643358454108238,0.0005268214154057205,22.41426706314087
0.0005629035294987261,0.0005270600668154657,22.418334007263184
0.000561460037715733,0.0005273105925880373,22.42214560508728
0.0005600060103461146,0.0005275720031931996,22.426002025604248
0.0005585426115430892,0.0005278431926853955,22.4309184551239
0.0005570706562139094,0.0005281231133267283,22.4351224899292
0.0005555911338888109,0.0005284107173793018,22.438860177993774
0.0005541049176827073,0.0005287048988975585,22.44263744354248
0.0005526130553334951,0.000529004551935941,22.446693897247314
0.000551116478163749,0.0005293086287565529,22.451449155807495
0.0005496162339113653,0.0005296160816214979,22.455917358398438
0.0005481133121065795,0.0005299258045852184,22.46050786972046
0.0005466085858643055,0.0005302367499098182,22.465479612350464
0.0005451032193377614,0.0005305478116497397,22.469542980194092
0.0005435981438495219,0.0005308580002747476,22.473303079605103
0.0005420943489298224,0.0005311662680469453,22.477099657058716
0.0005405928823165596,0.0005314716254360974,22.48218321800232
0.0005390948499552906,0.0005317729082889855,22.486016750335693
0.0005376011249609292,0.000532069243490696,22.49024486541748
0.0005361128132790327,0.0005323595833033323,22.49409818649292
0.0005346308462321758,0.00053264299640432,22.499351024627686
0.0005331563297659159,0.0005329184350557625,22.503387212753296
0.0005316902534104884,0.0005331850261427462,22.507148027420044
0.0005302335484884679,0.0005334417801350355,22.510923862457275
0.000528787262737751,0.0005336878821253777,22.516520977020264
0.0005273523274809122,0.000533922400791198,22.520286321640015
0.0005259296740405262,0.000534144404809922,22.524096965789795
0.0005245203501544893,0.0005343531374819577,22.52794575691223
0.0005231251707300544,0.0005345477839000523,22.533134698867798
0.000521745125297457,0.0005347275291569531,22.536864042282104
0.0005203811451792717,0.0005348916165530682,22.540626764297485
0.0005190339870750904,0.0005350392893888056,22.544416904449463
0.0005177045823074877,0.0005351697909645736,22.549784183502197
0.0005163936875760555,0.000535282539203763,22.553534030914307
0.0005151021177880466,0.0005353768356144428,22.557318925857544
0.0005138307460583746,0.0005354519817046821,22.561179399490356
0.0005125801544636488,0.0005355075118131936,22.56634211540222
0.0005113511579111218,0.0005355427856557071,22.571073532104492
0.0005101443966850638,0.0005355573375709355,22.575493335723877
0.0005089604528620839,0.0005355505272746086,22.580009698867798
0.000507800024934113,0.0005355221219360828,22.584595918655396
0.0005066635785624385,0.0005354714812710881,22.588380336761475
0.0005055516958236694,0.0005353983142413199,22.59241557121277
0.0005044648423790932,0.0005353023298084736,22.59799075126648
0.0005034034256823361,0.0005351831205189228,22.601892948150635
0.0005023679113946855,0.0005350404535420239,22.605656623840332
0.000501358590554446,0.0005348740378394723,22.609445095062256
0.0005003757541999221,0.0005346837569959462,22.614348888397217
0.0004994196351617575,0.00053446926176548,22.61828303337097
0.0004984905244782567,0.0005342306685633957,22.621991872787476
0.0004975885385647416,0.0005339678027667105,22.625916957855225
0.000496713793836534,0.0005336804897524416,22.631696939468384
0.0004958662902936339,0.0005333689041435719,22.636136054992676
0.0004950460861437023,0.0005330329877324402,22.640774965286255
0.0004942531231790781,0.0005326728569343686,22.64498233795166
0.0004934872849844396,0.000532288511749357,22.649627447128296
0.000492748455144465,0.0005318802432157099,22.65346932411194
0.0004920364008285105,0.0005314482259564102,22.65725064277649
0.0004913509474135935,0.0005309925763867795,22.661009550094604
0.0004906917456537485,0.0005305137019604445,22.665739059448242
0.0004900585045106709,0.0005300117773003876,22.669485092163086
0.0004894506419077516,0.0005294873262755573,22.673207759857178
0.0004888679250143468,0.0005289405235089362,22.676971197128296
0.0004883098299615085,0.0005283718928694725,22.68185544013977
0.000487775745568797,0.0005277819000184536,22.685559034347534
0.00048726514796726406,0.0005271710106171668,22.689353942871094
0.0004867773677688092,0.0005265398067422211,22.69312810897827
0.0004863118228968233,0.0005258888122625649,22.69810152053833
0.000485867727547884,0.0005252185510471463,22.701799631118774
0.0004854444123338908,0.0005245297797955573,22.70548915863037
0.0004850410623475909,0.0005238230805844069,22.70930504798889
0.0004846568335779011,0.0005230990936979651,22.713313817977905
0.0004842909693252295,0.0005223586340434849,22.717222929000854
0.0004839425382670015,0.0005216024001128972,22.72091770172119
0.00048361069639213383,0.0005208312068134546,22.724648237228394
0.00048329445417039096,0.0005200457526370883,22.728665351867676
0.00048299290938302875,0.0005192469106987119,22.73338556289673
0.00048270507249981165,0.0005184354959055781,22.737226247787476
0.00048243001219816506,0.0005176124395802617,22.741125106811523
0.000482166709844023,0.0005167784984223545,22.745341777801514
0.000481914117699489,0.000515934603754431,22.75003170967102
0.000481671275338158,0.000515081686899066,22.753905773162842
0.00048143710591830313,0.000514220679178834,22.757789611816406
0.0004812105908058584,0.0005133524537086487,22.761784076690674
0.00048099071136675775,0.0005124780000187457,22.766605615615845
0.0004807764489669353,0.0005115981912240386,22.770344734191895
0.00048056672676466405,0.0005107139586471021,22.77415180206299
0.00048036055522970855,0.0005098263500258327,22.77793264389038
0.0004801569157280028,0.0005089362384751439,22.782820463180542
0.00047995478962548077,0.0005080446135252714,22.786619186401367
0.000479753187391907,0.0005071523482911289,22.790541887283325
0.0004795510903932154,0.0005062603740952909,22.794483423233032
0.0004793476255144924,0.000505369680467993,22.799569606781006
0.00047914180322550237,0.000504481082316488,22.80330801010132
0.0004789326630998403,0.0005035956273786724,22.80704975128174
0.0004787193611264229,0.000502714014146477,22.81088662147522
0.00047850096598267555,0.0005018372321501374,22.815732717514038
0.0004782767209690064,0.0005009660962969065,22.819434881210327
0.00047804578207433224,0.0005001014214940369,22.823179244995117
0.0004778073343914002,0.0004992439644411206,22.82696509361267
0.0004775606212206185,0.0004983945400454104,22.831901788711548
0.00047730497317388654,0.0004975539050064981,22.835641384124756
0.00047703966265544295,0.0004967227578163147,22.839380741119385
0.00047676407848484814,0.0004959016805514693,22.843148231506348
0.00047647758037783206,0.0004950915463268757,22.84818696975708
0.00047617967356927693,0.0004942927625961602,22.85191512107849
0.00047586968867108226,0.0004935059696435928,22.855615377426147
0.00047554727643728256,0.0004927317495457828,22.85943603515625
0.00047521197120659053,0.0004919705097563565,22.86429476737976
0.00047486330731771886,0.0004912227741442621,22.868011474609375
0.00047450096462853253,0.000490488950163126,22.8717257976532
0.00047412465210072696,0.0004897693870589137,22.875539779663086
0.00047373404959216714,0.0004890644922852516,22.879669427871704
0.0004733289824798703,0.0004883744404651225,22.883652925491333
0.0004729091888293624,0.0004876995808444917,22.88734269142151
0.00047247461043298244,0.0004870400298386812,22.891099452972412
0.00047202513087540865,0.00048639599117450416,22.895020484924316
0.00047156072105281055,0.0004857675521634519,22.899800062179565
0.00047108132275752723,0.0004851547419093549,22.903512001037598
0.00047058702330105007,0.0004845576186198741,22.9072585105896
0.0004700779099948704,0.00048397615319117904,22.911030769348145
0.0004695540701504797,0.0004834102583117783,22.91569972038269
0.00046901567839086056,0.00048285978846251965,22.919402837753296
0.00046846296754665673,0.0004823246272280812,22.92318034172058
0.00046789617044851184,0.0004818045417778194,22.926950454711914
0.0004673155490309,0.0004812992410734296,22.931883096694946
0.00046672153985127807,0.00048080855049192905,22.93557119369507
0.0004661143757402897,0.0004803320625796914,22.939344882965088
0.00046549455146305263,0.00047986942809075117,22.943134307861328
0.00046486244536936283,0.00047942018136382103,22.948084354400635
0.00046421861043199897,0.0004789839731529355,22.951844215393066
0.0004635634832084179,0.00047856030869297683,22.955600261688232
0.0004628975875675678,0.0004781486641149968,22.95937442779541
0.00046222153468988836,0.0004777484864462167,22.964249849319458
0.0004615359357558191,0.00047735925181768835,22.968055486679077
0.0004608413437381387,0.0004769802908413112,22.97175621986389
0.0004601384571287781,0.00047661105054430664,22.975518941879272
0.0004594279162120074,0.0004762508615385741,22.98144292831421
0.000458710448583588,0.000475899112643674,22.985535621643066
0.0004579867236316204,0.00047555501805618405,22.989266395568848
0.0004572574980556965,0.00047521793749183416,22.993043184280396
0.0004565235285554081,0.0004748871724586934,22.997893810272217
0.00045578551362268627,0.00047456196625716984,23.001755952835083
0.0004550442681647837,0.00047424156218767166,23.005448579788208
0.0004543005779851228,0.00047392520355060697,23.009273529052734
0.00045355522888712585,0.0004736121918540448,23.01457643508911
0.00045280897757038474,0.0004733017412945628,23.018337726593018
0.0004520626680459827,0.0004729930660687387,23.02206826210022
0.00045131705701351166,0.00047268540947698057,23.025829076766968
0.0004505729884840548,0.00047237801481969655,23.03100872039795
0.0004498311900533736,0.0004720700962934643,23.034828662872314
0.0004490925348363817,0.0004717609263025224,23.03852367401123
0.000448357779532671,0.000471449748147279,23.042303323745728
0.0004476277099456638,0.0004711358342319727,23.046286582946777
0.00044690308277495205,0.000470818456960842,23.050339937210083
0.0004461846547201276,0.0004704968596342951,23.054028511047363
0.00044547318248078227,0.00047017037286423147,23.057801246643066
0.0004447693354450166,0.0004698382690548897,23.061659336090088
0.00044407392852008343,0.00046949993702583015,23.06661629676819
0.0004433875728864223,0.0004691546782851219,23.07032585144043
0.0004427109961397946,0.0004688018234446645,23.074068307876587
0.00044204480946063995,0.0004684408486355096,23.077828407287598
0.00044138962402939796,0.00046807111357338727,23.08237099647522
0.0004407460510265082,0.00046769206528551877,23.08608055114746
0.0004401147016324103,0.00046730315079912543,23.08983612060547
0.0004394960415083915,0.0004669038171414286,23.09361457824707
0.00043889068183489144,0.0004664936277549714,23.098570108413696
0.00043829905916936696,0.0004660720587708056,23.102283000946045
0.0004377216100692749,0.0004656387318391353,23.106010675430298
0.00043715877109207213,0.00046519318129867315,23.109811544418335
0.0004366109787952155,0.0004647350579034537,23.114804983139038
0.00043607852421700954,0.000464263983303681,23.118521451950073
0.0004355617566034198,0.00046377963735722005,23.122252464294434
0.00043506096699275076,0.0004632817581295967,23.126018285751343
0.00043457638821564615,0.00046277002547867596,23.13096022605896
0.0004341082531027496,0.0004622442938853055,23.134733200073242
0.0004336566780693829,0.00046170427231118083,23.138508796691895
0.00043322189594618976,0.00046114978613331914,23.142316102981567
0.0004328039940446615,0.00046058077714405954,23.14633274078369
0.00043240300146862864,0.0004599970707204193,23.150261163711548
0.0004320189473219216,0.000459398579550907,23.153961181640625
0.00043165188981220126,0.0004587853036355227,23.15776014328003
0.00043130177073180676,0.0004581571847666055,23.161651849746704
0.00043096847366541624,0.00045751422294415534,23.166586875915527
0.0004306519404053688,0.0004568565054796636,23.170305013656616
0.00043035196722485125,0.0004561840323731303,23.174076795578003
0.0004300684668123722,0.0004554969782475382,23.177922248840332
0.0004298011481296271,0.0004547954013105482,23.182809352874756
0.0004295498365536332,0.00045407950528897345,23.186577081680298
0.00042931424104608595,0.00045334940659813583,23.190337896347046
0.00042909407056868076,0.00045260536717250943,23.19410252571106
0.0004288890049792826,0.00045184764894656837,23.19861149787903
0.0004286986368242651,0.0004510764265432954,23.20249843597412
0.00042852264596149325,0.0004502920201048255,23.206475019454956
0.0004283605667296797,0.00044949474977329373,23.210272550582886
0.00042821202077902853,0.0004486849647946656,23.215409994125366
0.000428076513344422,0.00044786292710341513,23.220009803771973
0.00042795363697223365,0.0004470291023608297,23.224498987197876
0.0004278428095858544,0.00044618386891670525,23.229081869125366
0.00042774356552399695,0.0004453276051208377,23.23364019393921
0.0004276553518138826,0.00044446077663451433,23.23733687400818
0.0004275776445865631,0.0004435838491190225,23.241187810897827
0.0004275098326615989,0.00044269723002798855,23.245025634765625
0.0004274513921700418,0.00044180144323036075,23.249918222427368
0.00042740171193145216,0.0004408970125950873,23.253644227981567
0.00042736020986922085,0.0004399844037834555,23.257384538650513
0.0004273262165952474,0.0004390641988720745,23.261158227920532
0.0004272991791367531,0.00043813689262606204,23.265695571899414
0.0004272784572094679,0.0004372030671220273,23.269527673721313
0.00042726341052912176,0.0004362632753327489,23.273355960845947
0.00042725339881144464,0.00043531807023100555,23.277146339416504
0.00042724781087599695,0.0004343680338934064,23.281885385513306
0.00042724600643850863,0.0004334138357080519,23.28555965423584
0.00042724725790321827,0.0004324559704400599,23.28929042816162
0.0004272510705050081,0.0004314950783737004,23.29305362701416
0.00042725674575194716,0.00043053177068941295,23.297606229782104
0.00042726361425593495,0.0004295666585676372,23.301352977752686
0.0004272710648365319,0.0004286003240849823,23.30505084991455
0.00042727848631329834,0.0004276334075257182,23.308849096298218
0.0004272852384019643,0.0004266665200702846,23.312684774398804
0.0004272907681297511,0.00042570027289912105,23.316644430160522
0.0004272943770047277,0.00042473524808883667,23.32034182548523
0.00042729557026177645,0.00042377214413136244,23.32412886619568
0.0004272937076166272,0.00042281148489564657,23.32791256904602
0.0004272882069926709,0.00042185388156212866,23.332387447357178
0.0004272785154171288,0.00042089997441507876,23.33608317375183
0.00042726407991722226,0.0004199502873234451,23.33981990814209
0.00042724437662400305,0.0004190054314676672,23.343586683273315
0.00042721882346086204,0.00041806604713201523,23.34813094139099
0.0004271869838703424,0.00041713262908160686,23.351839780807495
0.00042714833398349583,0.0004162057884968817,23.355523586273193
0.0004271023499313742,0.00041528602014295757,23.359310626983643
0.0004270485951565206,0.0004143738769926131,23.363322734832764
0.00042698660399764776,0.00041346991201862693,23.367282390594482
0.0004269159398972988,0.00041257464908994734,23.371131658554077
0.0004268362245056778,0.00041168852476403117,23.374950408935547
0.00042674693395383656,0.00041081206290982664,23.37888813018799
0.0004266478354111314,0.0004099457582924515,23.3840069770813
0.00042653849232010543,0.00040909001836553216,23.3878755569458
0.0004264184972271323,0.0004082453087903559,23.39166522026062
0.00042628758819773793,0.0004074120370205492,23.39548921585083
0.0004261454159859568,0.0004065906396135688,23.40036940574646
0.0004259916895534843,0.00040578149491921067,23.40416383743286
0.00042582611786201596,0.00040498495218344033,23.408010721206665
0.0004256484389770776,0.00040420136065222323,23.411986351013184
0.00042545844917185605,0.00040343106957152486,23.416494846343994
0.0004252558574080467,0.0004026744281873107,23.42026448249817
0.0004250404890626669,0.0004019316693302244,23.424058437347412
0.00042481214040890336,0.0004012030840385705,23.42790126800537
0.00042457066592760384,0.0004004889342468232,23.43250846862793
0.0004243158909957856,0.00039978945278562605,23.436272382736206
0.0004240476991981268,0.00039910481427796185,23.440069675445557
0.00042376594501547515,0.00039843525155447423,23.443913221359253
0.00042347057024016976,0.0003977809101343155,23.448275327682495
0.0004231614584568888,0.00039714196464046836,23.452072381973267
0.00042283855145797133,0.00039651847328059375,23.455862045288086
0.0004225018492434174,0.0003959106106776744,23.45971703529358
0.00042215126450173557,0.00039531843503937125,23.464348793029785
0.0004217867972329259,0.00039474197546951473,23.468140840530396
0.00042140850564464927,0.00039418129017576575,23.47193932533264
0.0004210163315292448,0.00039363643736578524,23.475780963897705
0.0004206104204058647,0.00039310738793574274,23.47998833656311
0.00042019071406684816,0.0003925940836779773,23.483829736709595
0.00041975732892751694,0.0003920964663848281,23.48759651184082
0.00041931041050702333,0.00039161453605629504,23.491435766220093
0.00041884995880536735,0.00039114817627705634,23.49546527862549
0.0004183761775493622,0.00039069727063179016,23.49997615814209
0.00041788918315432966,0.00039026173180900514,23.5037579536438
0.0004173890920355916,0.0003898413269780576,23.50758647918701
0.0004168761079199612,0.0003894359979312867,23.511665105819702
0.0004163503763265908,0.0003890455118380487,23.51612901687622
0.00041581213008612394,0.00038866966497153044,23.519907474517822
0.00041526148561388254,0.00038830822450108826,23.523720502853394
0.0004146987630520016,0.00038796101580373943,23.527538776397705
0.0004141241079196334,0.00038762774784117937,23.531965255737305
0.00041353784035891294,0.00038730818778276443,23.535752058029175
0.000412940134992823,0.0003870019281748682,23.53952193260193
0.0004123313119634986,0.0003867088526021689,23.54337477684021
0.00041171160410158336,0.00038642858271487057,23.548095703125
0.00041108133154921234,0.0003861607692670077,23.55192542076111
0.0004104407853446901,0.0003859050921164453,23.555706024169922
0.0004097902274224907,0.0003856612020172179,23.559527158737183
0.00040913003613241017,0.0003854287788271904,23.56425166130066
0.000408460502512753,0.00038520744419656694,23.568121671676636
0.0004077819758094847,0.0003849967906717211,23.5718936920166
0.00040709474706090987,0.00038479643990285695,23.575734853744507
0.0004063991946168244,0.000384606042644009,23.579987049102783
0.00040569566772319376,0.00038442513323388994,23.58385682106018
0.0004049845738336444,0.0003842533624265343,23.587610483169556
0.0004042661457788199,0.00038409026456065476,23.591427087783813
0.00040354093653149903,0.00038393543218262494,23.595474004745483
0.00040280920802615583,0.00038378851604647934,23.59994387626648
0.00040207128040492535,0.00038364899228326976,23.60371422767639
0.00040132770664058626,0.0003835164534393698,23.607521772384644
0.00040057874866761267,0.0003833905211649835,23.611360549926758
0.00039982484304346144,0.00038327070069499314,23.61572790145874
0.00039906633901409805,0.0003831565845757723,23.61949133872986
0.0003983037022408098,0.0003830477362498641,23.62327766418457
0.0003975372528657317,0.0003829436900559813,23.62711477279663
0.0003967674565501511,0.0003828440385404974,23.63187050819397
0.00039599466254003346,0.0003827483451459557,23.635620832443237
0.0003952193364966661,0.0003826561733148992,23.639400005340576
0.000394441798562184,0.0003825671155937016,23.64324140548706
0.00039366245619021356,0.00038248070632107556,23.647663116455078
0.0003928817459382117,0.00038239650893956423,23.65154266357422
0.0003921000170521438,0.00038231417420320213,23.655320405960083
0.0003913177060894668,0.00038223323645070195,23.65914249420166
0.0003905351913999766,0.0003821532882284373,23.66333031654358
0.0003897528222296387,0.00038207395118661225,23.66721773147583
0.00038897100603207946,0.00038199478876776993,23.67099404335022
0.00038819017936475575,0.0003819154517259449,23.674821853637695
0.0003874105750583112,0.00038183556171134114,23.67881941795349
0.00038663268787786365,0.0003817546821665019,23.683334350585938
0.00038585683796554804,0.0003816725220531225,23.687108039855957
0.0003850833454634994,0.0003815886448137462,23.690955638885498
0.00038431264692917466,0.0003815027594100684,23.69498872756958
0.0003835450334008783,0.0003814144874922931,23.69949197769165
0.00038278085412457585,0.0003813234798144549,23.703253507614136
0.00038202040013857186,0.0003812294453382492,23.70705485343933
0.0003812640788964927,0.0003811320348177105,23.71091938018799
0.0003805121232289821,0.00038103098631836474,23.715312719345093
0.00037976488238200545,0.00038092597969807684,23.719066858291626
0.00037902267649769783,0.0003808166948147118,23.722864389419556
0.00037828576751053333,0.0003807028697337955,23.726728200912476
0.000377554475562647,0.00038058427162468433,23.73148012161255
0.00037682903348468244,0.00038046060944907367,23.735255479812622
0.00037610967410728335,0.00038033162127248943,23.73904061317444
0.0003753967466764152,0.0003801971033681184,23.74289345741272
0.0003746903967112303,0.00038005682290531695,23.74756169319153
0.00037399097345769405,0.0003799105470534414,23.7514328956604
0.00037329859333112836,0.0003797580720856786,23.75523328781128
0.00037261354736983776,0.0003795992233790457,23.759077310562134
0.00037193603930063546,0.00037943379720672965,23.76333475112915
0.0003712661855388433,0.00037926158984191716,23.76724100112915
0.0003706042771227658,0.0003790825139731169,23.771019220352173
0.0003699504304677248,0.00037889633676968515,23.77485680580139
0.0003693047910928726,0.00037870294181630015,23.778839111328125
0.00036866762093268335,0.00037850221269764006,23.783900260925293
0.000368038919987157,0.0003782940038945526,23.787843465805054
0.0003674189210869372,0.0003780781989917159,23.791670560836792
0.0003668077406473458,0.00037785471067763865,23.795504331588745
0.0003662054368760437,0.00037762339343316853,23.800308227539062
0.0003656121843960136,0.00037738424725830555,23.80406951904297
0.0003650280414149165,0.0003771371266338974,23.807899713516235
0.0003644530661404133,0.0003768820024561137,23.8117356300354
0.00036388737498782575,0.00037661875830963254,23.81659507751465
0.00036333102616481483,0.00037634739419445395,23.820369958877563
0.00036278407787904143,0.0003760678810067475,23.824177265167236
0.000362246559234336,0.0003757801605388522,23.828020811080933
0.00036171849933452904,0.00037548417458310723,23.832961082458496
0.00036119992728345096,0.000375179952243343,23.83690047264099
0.0003606909012887627,0.0003748674353118986,23.841315269470215
0.0003601913631428033,0.0003745466819964349,23.845497846603394
0.00035970137105323374,0.00037421766319312155,23.85019564628601
0.000359220925020054,0.0003738804080057889,23.85404086112976
0.0003587499668356031,0.0003735348873306066,23.857841730117798
0.0003582884673960507,0.0003731811884790659,23.861695051193237
0.0003578364267013967,0.00037281931145116687,23.86621642112732
0.0003573938156478107,0.0003724492562469095,23.869936227798462
0.00035696051781997085,0.0003720711392816156,23.873741388320923
0.0003565365623217076,0.0003716849605552852,23.87761902809143
0.00035612183273769915,0.00037129080737940967,23.88247561454773
0.00035571627086028457,0.00037088870885781944,23.886184215545654
0.0003553198475856334,0.0003704787523020059,23.889994621276855
0.0003549324464984238,0.00037006099591962993,23.893776416778564
0.00035455398028716445,0.00036963552702218294,23.898627281188965
0.0003541843325365335,0.00036920240381732583,23.902385711669922
0.00035382344503887,0.0003687617427203804,23.9061381816864
0.00035347120137885213,0.00036831360193900764,23.909945487976074
0.000353127543348819,0.00036785806878469884,23.91479992866516
0.00035279220901429653,0.0003673952887766063,23.91854953765869
0.00035246522747911513,0.00036692534922622144,23.92229175567627
0.00035214642412029207,0.0003664483374450356,23.926055192947388
0.0003518356825225055,0.00036596436984837055,23.930009365081787
0.00035153282806277275,0.0003654735046438873,23.933903217315674
0.00035123774432577193,0.0003649759746622294,23.937589645385742
0.0003509503148961812,0.0003644718381110579,23.941354274749756
0.0003506703651510179,0.00036396118230186403,23.94531750679016
0.0003503977495711297,0.00036344415275380015,23.949970960617065
0.00035013232263736427,0.00036292095319367945,23.953684091567993
0.00034987390972673893,0.0003623916127253324,23.957507610321045
0.00034962239442393184,0.00036185633507557213,23.96134853363037
0.00034937754389829934,0.00036131523665972054,23.965831995010376
0.00034913927083835006,0.0003607684629969299,23.96952509880066
0.00034890734241344035,0.00036021615960635245,23.97343635559082
0.0003486816131044179,0.0003596584720071405,23.977219581604004
0.0003484618791844696,0.0003590955457184464,23.98195219039917
0.00034824799513444304,0.00035852755536325276,23.98569965362549
0.00034803972812369466,0.0003579546755645424,23.989442825317383
0.0003478369035292417,0.0003573769936338067,23.993537425994873
0.00034763937583193183,0.0003567947424016893,23.998199224472046
0.00034744691220112145,0.0003562080964911729,24.002081632614136
0.00034725930890999734,0.00035561714321374893,24.005849361419678
0.00034707642043940723,0.0003550222027115524,24.00962233543396
0.00034689795575104654,0.0003544233040884137,24.01425051689148
0.000346723769325763,0.00035382070927880704,24.01808500289917
0.0003465536283329129,0.00035321462200954556,24.02180552482605
0.0003463873581495136,0.0003526051586959511,24.025591373443604
0.00034622466773726046,0.0003519925521686673,24.029597282409668
0.00034606544068083167,0.0003513770061545074,24.033542156219482
0.00034590938594192266,0.0003507586952764541,24.0372371673584
0.00034575629979372025,0.00035013785236515105,24.04134511947632
0.0003456059785094112,0.000349514652043581,24.045331954956055
0.00034545810194686055,0.00034888932714238763,24.049988269805908
0.0003453125827945769,0.00034826211049221456,24.05368447303772
0.00034516907180659473,0.0003476331476122141,24.057442665100098
0.00034502739435993135,0.0003470027295406908,24.061242818832397
0.0003448872594162822,0.0003463710891082883,24.065751552581787
0.000344748463248834,0.0003457383718341589,24.06944227218628
0.00034461074392311275,0.00034510489786043763,24.073187351226807
0.0003444738977123052,0.0003444708709139377,24.077139139175415
0.0003443376044742763,0.0003438365238253027,24.08187747001648
0.0003442016604822129,0.0003432020894251764,24.08556056022644
0.00034406580380164087,0.00034256785875186324,24.089341640472412
0.00034392980160191655,0.0003419340355321765,24.09313941001892
0.00034379333374090493,0.0003413009108044207,24.09762716293335
0.00034365622559562325,0.00034066871739923954,24.101539373397827
0.00034351812792010605,0.0003400377172511071,24.105268001556396
0.0003433788660913706,0.00033940820139832795,24.109036207199097
0.0003432381490711123,0.0003387803735677153,24.11297297477722
0.00034309568582102656,0.0003381545830052346,24.117048501968384
0.0003429512435104698,0.0003375310334376991,24.120760202407837
0.00034280456020496786,0.0003369100159034133,24.124513864517212
0.00034265537397004664,0.0003362918214406818,24.128358840942383
0.00034250342287123203,0.00033567671198397875,24.13279676437378
0.0003423484449740499,0.00033506492036394775,24.136492490768433
0.0003421901783440262,0.00033445682493038476,24.140315532684326
0.0003420283319428563,0.0003338526003062725,24.14413571357727
0.00034186270204372704,0.00033325256663374603,24.148579835891724
0.0003416930267121643,0.00033265704405494034,24.15229105949402
0.00034151901490986347,0.0003320662071928382,24.15601634979248
0.00034134043380618095,0.0003314804343972355,24.15982723236084
0.0003411570505704731,0.0003308999293949455,24.1643328666687
0.0003409686032682657,0.00033032498322427273,24.16811442375183
0.00034077485906891525,0.00032975588692352176,24.171815633773804
0.000340575585141778,0.00032919287332333624,24.17559027671814
0.00034037057776004076,0.00032863623346202075,24.179567098617554
0.00034015951678156853,0.00032808620017021894,24.185301065444946
0.00033994228579103947,0.0003275430353824049,24.189356327056885
0.00033971856464631855,0.0003270070010330528,24.193280935287476
0.0003394882660359144,0.0003264783008489758,24.19848322868347
0.00033925106981769204,0.0003259572258684784,24.2024142742157
0.0003390068595763296,0.0003254439798183739,24.20618748664856
0.00033875543158501387,0.00032493879552930593,24.209996223449707
0.0003384965530131012,0.0003244418476242572,24.215563774108887
0.0003382301365491003,0.00032395339803770185,24.219295978546143
0.0003379559493623674,0.00032347359228879213,24.223018407821655
0.00033767384593375027,0.0003230026632081717,24.226856231689453
0.0003373837098479271,0.0003225407563149929,24.231576442718506
0.00033708533737808466,0.0003220880462322384,24.23529362678528
0.0003367786994203925,0.00032164467847906053,24.23902130126953
0.0003364636213518679,0.000321210827678442,24.242826223373413
0.00033613998675718904,0.00032078661024570465,24.247716188430786
0.00033580773742869496,0.00032037211349233985,24.251509428024292
0.00033546678605489433,0.00031996751204133034,24.25523281097412
0.0003351170744281262,0.00031957283499650657,24.259007692337036
0.00033475851523689926,0.0003191881696693599,24.26343083381653
0.000334391079377383,0.00031881360337138176,24.267290115356445
0.0003340147086419165,0.00031844916520640254,24.270989656448364
0.00033362943213433027,0.0003180948842782527,24.27474880218506
0.00033323519164696336,0.0003177508187945932,24.278706550598145
0.00033283207449130714,0.0003174169105477631,24.283321619033813
0.0003324200224597007,0.0003170932177454233,24.28701424598694
0.0003319991228636354,0.000316779623972252,24.29082489013672
0.0003315693757031113,0.00031647615833207965,24.29461908340454
0.00033113089739345014,0.0003161827044095844,24.299442291259766
0.00033068377524614334,0.00031589920399710536,24.303144454956055
0.0003302280674688518,0.0003156255406793207,24.306896209716797
0.00032976389047689736,0.0003153616562485695,24.310728311538696
0.00032929136068560183,0.00031510734697803855,24.315691709518433
0.00032881065271794796,0.0003148625255562365,24.319420337677002
0.0003283218538854271,0.0003146270173601806,24.32315492630005
0.00032782519701868296,0.0003144006186630577,24.32693362236023
0.0003273208567406982,0.00031418315484188497,24.33192014694214
0.0003268089785706252,0.0003139744221698493,24.335633993148804
0.0003262897953391075,0.00031377412960864604,24.33935856819153
0.00032576359808444977,0.00031358213163912296,24.343138694763184
0.00032523053232580423,0.00031339810811914504,24.348174571990967
0.000324690859997645,0.0003132218262180686,24.351934671401978
0.0003241449303459376,0.0003130529366899282,24.35565972328186
0.00032359291799366474,0.0003128912067040801,24.359429121017456
0.0003230351721867919,0.00031273631611838937,24.364259719848633
0.0003224719548597932,0.0003125879156868905,24.36807346343994
0.00032190364436246455,0.0003124456852674484,24.37181258201599
0.0003213305026292801,0.00031230924651026726,24.375601768493652
0.0003207528789062053,0.0003121783083770424,24.379672288894653
0.0003201711515430361,0.00031205243431031704,24.383629083633423
0.00031958564068190753,0.0003119313041679561,24.38733720779419
0.000318996753776446,0.0003118144813925028,24.391079425811768
0.0003184048109687865,0.0003117015876341611,24.39503049850464
0.0003178102197125554,0.0003115922736469656,24.400081396102905
0.0003172133583575487,0.00031148610287345946,24.40378451347351
0.0003166146925650537,0.00031138263875618577,24.407528162002563
0.0003160144842695445,0.00031128147384151816,24.411324977874756
0.00031541328644379973,0.00031118220067583025,24.41611671447754
0.000314811390126124,0.0003110844409093261,24.41983461380005
0.0003142092900816351,0.0003109876997768879,24.423688650131226
0.00031360736466012895,0.00031089159892871976,24.42750906944275
0.0003130060504190624,0.0003107957309111953,24.43234372138977
0.00031240578391589224,0.0003106996009591967,24.43603205680847
0.0003118068852927536,0.00031060288893058896,24.439831495285034
0.0003112099366262555,0.00031050510006025434,24.443609476089478
0.00031061519985087216,0.0003104058268945664,24.44854712486267
0.00031002319883555174,0.0003103047201875597,24.45226740837097
0.00030943428282625973,0.0003102012851741165,24.455987453460693
0.00030884885927662253,0.00031009517260827124,24.459795713424683
0.0003082674229517579,0.00030998600414022803,24.46487545967102
0.00030769023578613997,0.0003098733723163605,24.46857261657715
0.00030711773433722556,0.0003097568987868726,24.472386837005615
0.00030655035516247153,0.000309636234305799,24.47618269920349
0.0003059884184040129,0.0003095110005233437,24.480941772460938
0.0003054322733078152,0.00030938084819354117,24.484768867492676
0.00030488232732750475,0.000309245428070426,24.488446474075317
0.00030433887150138617,0.000309104478219524,24.492220878601074
0.0003038022550754249,0.0003089576493948698,24.496329069137573
0.000303272798191756,0.00030880459235049784,24.500368356704712
0.00030275079188868403,0.00030864510335959494,24.50414538383484
0.0003022364981006831,0.0003084788622800261,24.507904767990112
0.0003017302369698882,0.00030830560717731714,24.511740684509277
0.0003012322704307735,0.0003081251052208245,24.516586780548096
0.00030074280221015215,0.0003079371526837349,24.520294904708862
0.0003002620651386678,0.0003077415458392352,24.524099826812744
0.0002997902629431337,0.0003075380518566817,24.5278959274292
0.000299327599350363,0.00030732646700926125,24.532735586166382
0.000298874219879508,0.00030710670398548245,24.53639817237854
0.00029843029915355146,0.0003068785881623626,24.540111303329468
0.00029799595358781517,0.00030664197402074933,24.543908834457397
0.0002975713287014514,0.00030639677424915135,24.548522233963013
0.0002971564535982907,0.0003061428724322468,24.552210807800293
0.0002967514446936548,0.0003058802103623748,24.555949926376343
0.00029635638929903507,0.00030560872983187437,24.55969738960266
0.00029597122920677066,0.0003053284017369151,24.5642511844635
0.0002955960517283529,0.00030503919697366655,24.56800365447998
0.00029523082775995135,0.0003047410864382982,24.57168412208557
0.00029487552819773555,0.00030443412833847106,24.575725078582764
0.0002945300948340446,0.00030411832267418504,24.579999446868896
0.000294194498565048,0.00030379369854927063,24.583929300308228
0.00029386862297542393,0.0003034604014828801,24.588594675064087
0.0002935523516498506,0.0003031184314750135,24.593115091323853
0.00029324559727683663,0.00030276793404482305,24.598431825637817
0.00029294818523339927,0.00030240899650380015,24.602193355560303
0.0002926599991042167,0.00030204173526726663,24.605931043624878
0.00029238080605864525,0.00030166638316586614,24.609726905822754
0.0002921104896813631,0.0003012829984072596,24.61465549468994
0.00029184878803789616,0.0003008918138220906,24.618570566177368
0.00029159552650526166,0.000300493004033342,24.622313499450684
0.0002913503849413246,0.00030008674366399646,24.6260929107666
0.0002911131887231022,0.00029967332375235856,24.630887508392334
0.0002908836759161204,0.00029925291892141104,24.634644269943237
0.00029066152637824416,0.00029882576200179756,24.638346672058105
0.0002904464490711689,0.00029839217313565314,24.642149209976196
0.00029023821116425097,0.00029795229784213006,24.64607858657837
0.00029003643430769444,0.0002975065144710243,24.65007996559143
0.00028984082746319473,0.0002970550849568099,24.654173135757446
0.0002896510995924473,0.00029659824213013053,24.659053564071655
0.0002894669014494866,0.00029613636434078217,24.663370609283447
0.00028928788378834724,0.00029566968441940844,24.667410612106323
0.0002891136973630637,0.00029519855161197484,24.671266794204712
0.00028894402203150094,0.00029472331516444683,24.67518401145935
0.0002887785085476935,0.0002942442079074681,24.679421186447144
0.0002886168076656759,0.000293761637294665,24.683568000793457
0.0002884585701394826,0.0002932758943643421,24.687288284301758
0.0002883034467231482,0.0002927873283624649,24.691044807434082
0.00028815105906687677,0.000292296230327338,24.695032358169556
0.0002880010870285332,0.0002918030077125877,24.699966430664062
0.0002878531813621521,0.0002913079224526882,24.703669548034668
0.0002877069928217679,0.0002908113528974354,24.707417964935303
0.0002875622012652457,0.0002903135900851339,24.711225271224976
0.00028741839923895895,0.00028981498326174915,24.7160964012146
0.0002872753539122641,0.0002893158816732466,24.71979594230652
0.00028713271603919566,0.0002888165763579309,24.723510265350342
0.0002869901363737881,0.00028831735835410655,24.72731924057007
0.0002868473529815674,0.00028781857690773904,24.7317955493927
0.0002867040748242289,0.00028732052305713296,24.73548126220703
0.00028655995265580714,0.0002868235169444233,24.739240884780884
0.00028641472454182804,0.00028632779140025377,24.74309730529785
0.0002862681576516479,0.00028583366656675935,24.747653484344482
0.0002861199900507927,0.0002853414334822446,24.751403093338013
0.0002859699307009578,0.0002848513249773532,24.755172967910767
0.00028581780497916043,0.0002843635738827288,24.758965015411377
0.00028566335095092654,0.000283878471236676,24.763296127319336
0.00028550633578561246,0.0002833962207660079,24.76714849472046
0.0002853466139640659,0.0002829169970937073,24.770880222320557
0.0002851839817594737,0.0002824410912580788,24.77469301223755
0.00028501826454885304,0.0002819686778821051,24.77872371673584
0.00028484928770922124,0.0002814999024849385,24.78334331512451
0.00028467693482525647,0.0002810349687933922,24.787059545516968
0.00028450103127397597,0.000280573993222788,24.79087805747986
0.0002843214897438884,0.0002801171794999391,24.79470920562744
0.0002841382229235023,0.0002796646149363369,24.799453735351562
0.00028395108529366553,0.0002792164159473032,24.803269386291504
0.000283760076854378,0.00027877272805199027,24.80709195137024
0.0002835650520864874,0.0002783335803542286,24.810901165008545
0.00028336598188616335,0.00027789908926934004,24.815717220306396
0.0002831628662534058,0.00027746931300498545,24.819425582885742
0.0002829556178767234,0.00027704430976882577,24.823167085647583
0.00028274429496377707,0.000276624079560861,24.826969385147095
0.00028252883930690587,0.0002762087096925825,24.83190393447876
0.0002823092509061098,0.00027579814195632935,24.835608959197998
0.00028208561707288027,0.00027539237635210156,24.839354515075684
0.0002818579087033868,0.00027499147108756006,24.843213319778442
0.0002816261549014598,0.0002745953679550439,24.848105669021606
0.00028139050118625164,0.00027420397964306176,24.851991415023804
0.0002811509184539318,0.00027381733525544405,24.85571837425232
0.00028090752311982214,0.0002734353474806994,24.85953426361084
0.00028066037339158356,0.0002730579290073365,24.864283084869385
0.00028040955658070743,0.0002726850507315248,24.868053197860718
0.0002801551891025156,0.00027231653803028166,24.871814250946045
0.0002798973582684994,0.0002719524491112679,24.8756685256958
0.00027963618049398065,0.0002715925220400095,24.879969835281372
0.0002793717721942812,0.0002712367568165064,24.883972644805908
0.00027910422068089247,0.00027088497881777585,24.88768196105957
0.00027883370057679713,0.0002705371007323265,24.891443252563477
0.00027856029919348657,0.00027019300614483654,24.895418167114258
0.0002782841620501131,0.0002698525495361537,24.899916648864746
0.0002780054055619985,0.0002695155853871256,24.903605222702026
0.0002777242043521255,0.000269182026386261,24.907358646392822
0.000277440674835816,0.0002688516688067466,24.911223888397217
0.0002771549334283918,0.0002685244253370911,24.91608166694641
0.0002768671256490052,0.0002682001213543117,24.919803619384766
0.0002765773970168084,0.0002678786695469171,24.923583984375
0.0002762859221547842,0.000267559866188094,24.927377223968506
0.0002759927592705935,0.0002672435948625207,24.932306051254272
0.0002756980829872191,0.0002669297100510448,24.936012744903564
0.00027540200971998274,0.00026661812444217503,24.939765691757202
0.0002751046558842063,0.0002663086634129286,24.943523645401
0.0002748061961028725,0.0002660011814441532,24.94813370704651
0.00027450668858364224,0.0002656955912243575,24.951890468597412
0.00027420627884566784,0.0002653917472343892,24.955594778060913
0.0002739050250966102,0.00026508953305892646,24.959359169006348
0.0002736030728556216,0.0002647888904903084,24.964301347732544
0.00027330050943419337,0.00026448964490555227,24.96808934211731
0.00027299742214381695,0.0002641917089931667,24.971856832504272
0.00027269389829598367,0.0002638950536493212,24.975629091262817
0.00027238999609835446,0.00026359950425103307,24.979970932006836
0.0002720857737585902,0.0002633050607983023,24.983912706375122
0.00027178131858818233,0.00026301160687580705,24.98760747909546
0.0002714766887947917,0.0002627191133797169,24.992318391799927
0.0002711718843784183,0.00026242746389470994,24.996719121932983
0.0002708669926505536,0.0002621366875246167,25.00059199333191
0.000270561984507367,0.0002618466969579458,25.004297971725464
0.00027025694726035,0.00026155749219469726,25.008164882659912
0.0002699518227018416,0.0002612690441310406,25.01232385635376
0.0002696466399356723,0.00026098135276697576,25.017011880874634
0.0002693414280656725,0.00026069438899867237,25.020779609680176
0.0002690360997803509,0.0002604081528261304,25.024804830551147
0.00026873068418353796,0.00026012270245701075,25.028740882873535
0.00026842515217140317,0.00025983803789131343,25.033655881881714
0.00026811944553628564,0.00025955415912903845,25.037176370620728
0.0002678135351743549,0.00025927118258550763,25.040717363357544
0.0002675073337741196,0.00025898905005306005,25.04427671432495
0.0002672008122317493,0.000258707907050848,25.049590349197388
0.00026689391233958304,0.00025842778268270195,25.053321838378906
0.000266586517682299,0.0002581487351562828,25.05718421936035
0.0002662785700522363,0.0002578708517830819,25.06098961830139
0.00026597001124173403,0.00025759421987459064,25.065819025039673
0.00026566069573163986,0.00025731889763846993,25.069535493850708
0.0002653505653142929,0.0002570450014900416,25.073285341262817
0.0002650394744705409,0.0002567726478446275,25.077369213104248
0.00026472736499272287,0.00025650192401371896,25.082493782043457
0.0002644140913616866,0.0002562329173088074,25.086209774017334
0.0002640995953697711,0.000255965773249045,25.0899555683136
0.00026378370239399374,0.00025570057914592326,25.09372353553772
0.00026346632512286305,0.0002554374805185944,25.098665714263916
0.00026314728893339634,0.0002551765937823802,25.102381706237793
0.00026282656472176313,0.00025491800624877214,25.10623025894165
0.00026250394876115024,0.00025466186343692243,25.110157012939453
0.00026217932463623583,0.00025440831086598337,25.115246295928955
0.000261852634139359,0.0002541574358474463,25.118966817855835
0.00026152367354370654,0.00025390941300429404,25.122727155685425
0.00026119238464161754,0.0002536643296480179,25.126559257507324
0.00026085859281010926,0.0002534223021939397,25.13152241706848
0.0002605222398415208,0.00025318344705738127,25.135226249694824
0.0002601831511128694,0.0002529479097574949,25.1389741897583
0.0002598412393126637,0.0002527158067096025,25.142804861068726
0.0002594964171294123,0.00025248719612136483,25.147614002227783
0.00025914853904396296,0.00025226225261576474,25.151447772979736
0.00025879754684865475,0.0002520410344004631,25.155190229415894
0.00025844332412816584,0.00025182365789078176,25.15898108482361
0.00025808578357100487,0.0002516101812943816,25.163309335708618
0.00025772480876185,0.00025140075013041496,25.167210578918457
0.0002573603705968708,0.00025119539350271225,25.170902967453003
0.00025699238176457584,0.00025099419872276485,25.174654960632324
0.00025662078405730426,0.0002507971948944032,25.178696632385254
0.0002562454901635647,0.00025060452753677964,25.18333673477173
0.0002558665000833571,0.00025041616754606366,25.187052011489868
0.00025548372650519013,0.0002502321731299162,25.190869331359863
0.0002550971694290638,0.00025005260249599814,25.1946804523468
0.00025470677064731717,0.00024987742654047906,25.199453353881836
0.0002543125592637807,0.00024970670347101986,25.203179359436035
0.0002539144770707935,0.00024954043328762054,25.207005977630615
0.00025351252406835556,0.00024937858688645065,25.210830688476562
0.00025310678756795824,0.00024922119337134063,25.215304136276245
0.0002526972093619406,0.0002490681654307991,25.218988180160522
0.0002522838767617941,0.0002489195321686566,25.222753524780273
0.0002518667606636882,0.0002487752353772521,25.22655940055847
0.00025144594837911427,0.0002486351877450943,25.231500148773193
0.0002510215272195637,0.0002484993601683527,25.235212802886963
0.00025059349718503654,0.00024836769443936646,25.238961458206177
0.000250162003794685,0.0002482400450389832,25.242733001708984
0.0002497270761523396,0.00024811638286337256,25.247653245925903
0.000249288888880983,0.00024799653328955173,25.2515811920166
0.00024884744198061526,0.0002478804381098598,25.25550866127014
0.00024840293917804956,0.000247767980908975,25.259307622909546
0.0002479554677847773,0.000247659016167745,25.264281511306763
0.00024750514421612024,0.0002475533983670175,25.26803970336914
0.00024705217219889164,0.0002474510110914707,25.271873235702515
0.00024659663904458284,0.00024735165061429143,25.27564287185669
0.00024613874848000705,0.0002472552005201578,25.27961301803589
0.0002456786169204861,0.0002471614570822567,25.283710718154907
0.0002452164771966636,0.00024707024567760527,25.287410020828247
0.0002447524748276919,0.0002469813625793904,25.291221618652344
0.0002442868135403842,0.0002468946622684598,25.295060396194458
0.00024381971161346883,0.0002468099119141698,25.299453496932983
0.00024335132911801338,0.0002467269077897072,25.30317759513855
0.0002428818988846615,0.00024664547527208924,25.307050943374634
0.00024241165374405682,0.00024656535242684186,25.31083655357361
0.00024194079742301255,0.0002464863646309823,25.315673351287842
0.00024146956275217235,0.00024640822084620595,25.3193941116333
0.00024099816801026464,0.0002463307755533606,25.323105096817017
0.00024052687513176352,0.0002462537377141416,25.326902866363525
0.00024005590239539742,0.00024617690360173583,25.331494331359863
0.00023958551173564047,0.0002461000403854996,25.33521342277527
0.00023911592143122107,0.00024602285702712834,25.338970184326172
0.0002386474225204438,0.0002459451789036393,25.342793226242065
0.00023818023328203708,0.0002458667440805584,25.347607135772705
0.00023771461565047503,0.000245787319727242,25.351417779922485
0.00023725083156023175,0.0002457066730130464,25.355199813842773
0.00023678914294578135,0.0002456245420034975,25.358991384506226
0.0002363297826377675,0.00024554069386795163,25.36424446105957
0.0002358730125706643,0.0002454548957757652,25.368186235427856
0.0002354190801270306,0.0002453669148962945,25.371915578842163
0.00023496824724134058,0.00024527651839889586,25.375731468200684
0.00023452076129615307,0.0002451834443490952,25.37965703010559
0.00023407686967402697,0.00024508751812390983,25.383905172348022
0.00023363681975752115,0.000244988506892696,25.387760877609253
0.0002332008589291945,0.00024488617782481015,25.391666889190674
0.00023276920546777546,0.00024478029808960855,25.39671778678894
0.00023234212130773813,0.00024467066396027803,25.401169300079346
0.00023191979562398046,0.00024455710081383586,25.4050452709198
0.00023150249035097659,0.00024443937581963837,25.409074068069458
0.00023109039466362447,0.0002443173434585333,25.41451144218445
0.00023068372684065253,0.0002441907417960465,25.418292999267578
0.0002302827051607892,0.00024405943986494094,25.4219913482666
0.00022988751879893243,0.00024392323393840343,25.425777196884155
0.000229498342378065,0.0002437819930491969,25.43015217781067
0.00022911537962500006,0.00024363551347050816,25.433999061584473
0.00022873880516272038,0.00024348366423510015,25.437700986862183
0.00022836877906229347,0.00024332631437573582,25.441467761993408
0.0002280054468428716,0.00024316328926943243,25.445377111434937
0.0002276489685755223,0.00024299447250086814,25.449967622756958
0.00022729947522748262,0.0002428197331028059,25.453665733337402
0.0002269570977659896,0.00024263898376375437,25.45741081237793
0.00022662195260636508,0.00024245209351647645,25.46119236946106
0.00022629417071584612,0.00024225898960139602,25.465776681900024
0.00022597381030209363,0.00024205955560319126,25.469459295272827
0.00022566100233234465,0.00024185373331420124,25.473220348358154
0.00022535577591042966,0.00024164144997484982,25.47698163986206
0.00022505823289975524,0.00024142261827364564,25.48193669319153
0.00022476843150798231,0.00024119722365867347,25.485647439956665
0.0002244863862870261,0.00024096517881844193,25.48935556411743
0.00022421212634071708,0.00024072649830486625,25.493134021759033
0.00022394572442863137,0.00024048112391028553,25.497642040252686
0.00022368713689502329,0.00024022905563469976,25.501391172409058
0.0002234363928437233,0.00023997026437427849,25.50509023666382
0.0002231934486189857,0.00023970477923285216,25.50885009765625
0.00022295830422081053,0.00023943258565850556,25.512616634368896
0.00022273091599345207,0.00023915372730698436,25.5168399810791
0.0002225112693849951,0.00023886823328211904,25.520517587661743
0.00022229927708394825,0.0002385761181358248,25.524322271347046
0.00022209486633073539,0.00023827744007576257,25.528380155563354
0.0002218979934696108,0.00023797225730959326,25.532790184020996
0.00022170852753333747,0.00023766062804497778,25.53648042678833
0.0002215264248661697,0.0002373426395934075,25.540252447128296
0.00022135152539703995,0.00023701835016254336,25.54403305053711
0.00022118374181445688,0.00023668786161579192,25.548590898513794
0.00022102294315118343,0.00023635126126464456,25.552451372146606
0.00022086896933615208,0.00023600866552442312,25.55621886253357
0.00022072173305787146,0.0002356601762585342,25.560017108917236
0.0002205810451414436,0.0002353059098822996,25.564828157424927
0.00022044673096388578,0.0002349459973629564,25.568558931350708
0.00022031865955796093,0.00023458056966774166,25.57229256629944
0.00022019664174877107,0.0002342097577638924,25.57606816291809
0.0002200805174652487,0.00023383372172247618,25.58096408843994
0.00021997005387675017,0.00023345260706264526,25.58471703529358
0.00021986507636029273,0.0002330665593035519,25.58841109275818
0.00021976541029289365,0.00023267576762009412,25.592256546020508
0.00021967082284390926,0.00023228036297950894,25.596240758895874
0.00021958113939035684,0.00023188054910860956,25.6002995967865
0.0002194961125496775,0.0002314764860784635,25.60400938987732
0.00021941553859505802,0.00023106837761588395,25.607789993286133
0.00021933919924777,0.00023065638379193842,25.611701011657715
0.00021926687622908503,0.0002302406937815249,25.61608338356018
0.00021919833670835942,0.0002298215258633718,25.619784593582153
0.00021913334785494953,0.00022939906921237707,25.623498678207397
0.00021907170594204217,0.0002289735130034387,25.627264976501465
0.00021901316358707845,0.00022854504641145468,25.631935119628906
0.00021895750251132995,0.0002281138877151534,25.635629653930664
0.00021890447533223778,0.00022768024064134806,25.63934564590454
0.00021885387832298875,0.0002272443234687671,25.643149852752686
0.00021880543499719352,0.00022680631082039326,25.647656202316284
0.00021875898528378457,0.0002263664355268702,25.651387929916382
0.00021871425269637257,0.0002259249158669263,25.65513014793396
0.00021867103350814432,0.00022548192646354437,25.658913373947144
0.00021862908033654094,0.00022503768559545279,25.6626935005188
0.00021858821855857968,0.00022459239698946476,25.666858673095703
0.00021854820079170167,0.00022414627892430872,25.670552968978882
0.00021850882330909371,0.00022369952057488263,25.67433214187622
0.0002184698823839426,0.00022325232566799968,25.678088903427124
0.00021843117428943515,0.00022280488337855786,25.682753324508667
0.00021839249529875815,0.00022235741198528558,25.686455011367798
0.00021835365623701364,0.00022191008611116558,25.690203189849854
0.00021831445337738842,0.00022146309493109584,25.69397282600403
0.0002182747412007302,0.00022101664217188954,25.698554515838623
0.00021823430142831057,0.0002205708879046142,25.702279806137085
0.000218192973989062,0.00022012600675225258,25.705992221832275
0.00021815061336383224,0.00021968218788970262,25.709786415100098
0.00021810703037772328,0.0002192395768361166,25.714319705963135
0.00021806209406349808,0.0002187983482144773,25.71815252304077
0.00021801565890200436,0.0002183586620958522,25.721920251846313
0.00021796757937408984,0.00021792066399939358,25.725716590881348
0.00021791772451251745,0.00021748449944425374,25.729607343673706
0.00021786597790196538,0.00021705029939766973,25.73380160331726
0.0002178122231271118,0.00021661822393070906,25.737521409988403
0.0002177563583245501,0.00021618834580294788,25.741335153579712
0.00021769826707895845,0.00021576083963736892,25.74510955810547
0.00021763784752693027,0.0002153357636416331,25.749948024749756
0.00021757504146080464,0.0002149132633348927,25.753647804260254
0.0002175097615690902,0.00021449342602863908,25.757396936416626
0.00021744192054029554,0.0002140763244824484,25.761240243911743
0.00021737148927059025,0.00021366206055972725,25.766074895858765
0.00021729839500039816,0.00021325070702005178,25.76978611946106
0.00021722257952205837,0.0002128423220710829,25.773500204086304
0.00021714401373174042,0.0002124369639204815,25.777273893356323
0.00021706265397369862,0.00021203469077590853,25.781945943832397
0.00021697850024793297,0.00021163556084502488,25.785612106323242
0.0002168915088986978,0.0002112395886797458,25.78934931755066
0.00021680167992599308,0.00021084683248773217,25.794030904769897
0.00021670899877790362,0.00021045729226898402,25.7989501953125
0.0002166134654544294,0.00021007101167924702,25.802714109420776
0.00021651512361131608,0.0002096879470627755,25.806437253952026
0.00021641392959281802,0.0002093081857310608,25.810221672058105
0.0002163099416065961,0.00020893166947644204,25.815197229385376
0.00021620315965265036,0.00020855838374700397,25.818934440612793
0.00021609364193864167,0.0002081883285427466,25.822627305984497
0.00021598140301648527,0.00020782151841558516,25.82646608352661
0.00021586648654192686,0.00020745786605402827,25.831323862075806
0.0002157489361707121,0.00020709738600999117,25.835113048553467
0.00021562879555858672,0.00020674002007581294,25.838829278945923
0.00021550610836129636,0.00020638573914766312,25.842742204666138
0.00021538094733841717,0.00020603449956979603,25.84771490097046
0.00021525334159377962,0.00020568625768646598,25.851501941680908
0.0002151233929907903,0.00020534095529001206,25.85522770881653
0.00021499111608136445,0.0002049985487246886,25.859009742736816
0.00021485659817699343,0.00020465896523091942,25.863463401794434
0.00021471988293342292,0.00020432216115295887,25.867411375045776
0.00021458107221405953,0.00020398807828314602,25.871139764785767
0.00021444018057081848,0.00020365664386190474,25.874924421310425
0.00021429730986710638,0.00020332781423348933,25.878930807113647
0.00021415251831058413,0.0002030014875344932,25.883397817611694
0.00021400586410891265,0.00020267766376491636,25.887129545211792
0.00021385740546975285,0.0002023562410613522,25.890921592712402
0.00021370720060076565,0.00020203717576805502,25.89471983909607
0.00021355532226152718,0.00020172038057353348,25.899400234222412
0.0002134017995558679,0.0002014058263739571,25.903120756149292
0.0002132467197952792,0.00020109345496166497,25.906871557235718
0.00021309011208359152,0.00020078322268091142,25.9106867313385
0.000212932049180381,0.00020047504222020507,25.915225982666016
0.00021277251653373241,0.0002001688990276307,25.918960332870483
0.00021261161600705236,0.0001998647494474426,25.922531366348267
0.00021244934760034084,0.0001995625498238951,25.926077365875244
0.00021228574041742831,0.00019926227105315775,25.93002462387085
0.00021212082356214523,0.0001989638985833153,25.93382215499878
0.0002119546552421525,0.00019866737420670688,25.93754267692566
0.00021178717724978924,0.00019837269792333245,25.94135594367981
0.00021161846234463155,0.0001980798551812768,25.945398092269897
0.00021144846687093377,0.00019778886053245515,25.94996452331543
0.00021127720538061112,0.00019749968487303704,25.953726291656494
0.00021110466332174838,0.00019721235730685294,25.95745062828064
0.00021093081159051508,0.00019692689238581806,25.961296319961548
0.00021075565018691123,0.00019664329010993242,25.96611261367798
0.00021057913545519114,0.00019636157958302647,25.969820022583008
0.00021040123829152435,0.00019608181901276112,25.973691701889038
0.00021022190048824996,0.00019580403750296682,25.977462768554688
0.0002100410929415375,0.00019552827870938927,25.982322931289673
0.00020985874289181083,0.0001952546153916046,25.986022233963013
0.00020967479213140905,0.0001949830912053585,25.98977780342102
0.00020948915334884077,0.00019471380801405758,25.993550539016724
0.00020930178288836032,0.00019444679492153227,25.99854612350464
0.0002091125352308154,0.00019418218289501965,26.00227427482605
0.00020892138127237558,0.00019392005924601108,26.005998611450195
0.00020872821914963424,0.0001936604967340827,26.009783029556274
0.00020853291789535433,0.0001934035972226411,26.014288187026978
0.00020833539019804448,0.00019314952078275383,26.018203735351562
0.00020813550509046763,0.0001928983547259122,26.021936893463135
0.00020793317526113242,0.00019265020091552287,26.02570390701294
0.00020772824063897133,0.00019240523397456855,26.029658794403076
0.00020752059936057776,0.00019216355576645583,26.033823013305664
0.00020731010590679944,0.000191925311810337,26.0376079082489
0.00020709664386231452,0.0001916906621772796,26.04144859313965
0.00020688006770797074,0.00019145973783452064,26.04538917541504
0.00020666021737270057,0.0001912326697492972,26.049915075302124
0.00020643696188926697,0.00019100966164842248,26.05361557006836
0.00020621015573851764,0.0001907908299472183,26.05742311477661
0.0002059796534013003,0.00019057636382058263,26.061256408691406
0.00020574529480654746,0.0001903663796838373,26.06611204147339
0.00020550691988319159,0.00019016106671188027,26.069830656051636
0.00020526442676782608,0.00018996058497577906,26.073591470718384
0.00020501762628555298,0.00018976509454660118,26.077388525009155
0.00020476635836530477,0.00018957472639158368,26.081921815872192
0.00020451050659175962,0.00018938966968562454,26.085745096206665
0.00020424991089385003,0.00018921008449979126,26.08946418762207
0.0002039844257524237,0.00018903607269749045,26.093244552612305
0.0002037139202002436,0.0001888678380055353,26.098134994506836
0.00020343823416624218,0.00018870549683924764,26.101947784423828
0.0002031572803389281,0.00018854919471777976,26.10573101043701
0.00020287088409531862,0.00018839904805645347,26.109500646591187
0.00020257894357200712,0.0001882552169263363,26.114269495010376
0.0002022813423536718,0.0001881177886389196,26.118069887161255
0.0002019779640249908,0.00018798689416144043,26.12178921699524
0.00020166870672255754,0.00018786262080539018,26.125585079193115
0.0002013534540310502,0.00018774507043417543,26.130016803741455
0.00020103214774280787,0.0001876343449112028,26.134061813354492
0.0002007046714425087,0.00018753050244413316,26.137911081314087
0.00020037098147440702,0.00018743360124062747,26.141905784606934
0.00020003100507892668,0.00018734372861217707,26.146132469177246
0.00019968466949649155,0.00018726088455878198,26.15019917488098
0.0001993319601751864,0.00018718514184001833,26.15394926071167
0.00019897283345926553,0.00018711650045588613,26.157729625701904
0.00019860724569298327,0.00018705494585447013,26.161714792251587
0.00019823521142825484,0.00018700049258768559,26.166188716888428
0.0001978567015612498,0.00018695312610361725,26.16990303993225
0.00019747177429962903,0.00018691278819460422,26.17369294166565
0.0001970804005395621,0.00018687944975681603,26.1774742603302
0.0001966826239367947,0.00018685303803067654,26.181920528411865
0.00019627853180281818,0.00018683349480852485,26.18562364578247
0.000195868153241463,0.00018682071822695434,26.18943428993225
0.00019545157556422055,0.00018681457731872797,26.194138765335083
0.00019502888608258218,0.00018681498477235436,26.198952198028564
0.00019460017210803926,0.00018682176596485078,26.20270538330078
0.00019416556460782886,0.00018683483358472586,26.206435203552246
0.0001937251799972728,0.0001868539839051664,26.210299968719482
0.00019327916379552335,0.0001868790277512744,26.21520709991455
0.00019282769062556326,0.00018690979050006717,26.218955516815186
0.00019237090600654483,0.00018694608297664672,26.2226824760437
0.00019190901366528124,0.00018698764324653894,26.226449966430664
0.00019144218822475523,0.00018703428213484585,26.231390714645386
0.00019097067706752568,0.00018708572315517813,26.235159397125244
0.00019049469847232103,0.00018714173347689211,26.238904237747192
0.00019001445616595447,0.000187202007509768,26.24271559715271
0.00018953022663481534,0.0001872662833193317,26.246846914291382
0.00018904227181337774,0.00018733426986727864,26.25069785118103
0.00018855086818803102,0.000187405661563389,26.254383087158203
0.0001880563359009102,0.000187480152817443,26.258158445358276
0.0001875589368864894,0.0001875574089353904,26.262054443359375
0.00018705900583881885,0.00018763710977509618,26.266666412353516
0.00018655684834811836,0.00018771892064251006,26.270362854003906
0.00018605282821226865,0.0001878024631878361,26.27444887161255
0.00018554728012531996,0.0001878874027170241,26.278741121292114
0.000185040567885153,0.0001879733899841085,26.283326148986816
0.00018453305528964847,0.00018806004663929343,26.286808967590332
0.00018402509158477187,0.00018814699433278292,26.290297031402588
0.00018351708422414958,0.0001882338838186115,26.293858766555786
0.000183009440661408,0.000188320322195068,26.298508167266846
0.00018250252469442785,0.00018840591656044126,26.301988124847412
0.00018199677288066596,0.00018849030311685055,26.305480003356934
0.00018149256356991827,0.00018857310351449996,26.30903458595276
0.00018099031876772642,0.0001886539248516783,26.31266760826111
0.00018049047503154725,0.0001887324033305049,26.31686806678772
0.00017999343981500715,0.0001888081169454381,26.320319414138794
0.00017949963512364775,0.00018888073100242764,26.323848009109497
0.00017900948296301067,0.00018894982349593192,26.32735800743103
0.00017852341989055276,0.0001890150597319007,26.33184051513672
0.00017804185335990041,0.00018907607591245323,26.335322380065918
0.00017756519082468003,0.0001891324936877936,26.338828325271606
0.00017709391249809414,0.0001891839347081259,26.342355966567993
0.00017662836762610823,0.00018923007883131504,26.345934629440308
0.00017616900731809437,0.00018927056225948036,26.349936485290527
0.00017571622447576374,0.0001893050502985716,26.353413820266724
0.00017527044110465795,0.00018933320825453848,26.356937170028687
0.0001748320210026577,0.00018935473053716123,26.360476970672607
0.00017440134251955897,0.00018936931155622005,26.365188360214233
0.00017397882766090333,0.00018937663116957992,26.3686363697052
0.0001735647820169106,0.00018937638378702104,26.372111558914185
0.00017315959848929197,0.00018936832202598453,26.37567925453186
0.00017276361177209765,0.00018935216940008104,26.379359483718872
0.00017237714200746268,0.000189327634871006,26.38331413269043
0.0001720005093375221,0.00018929452926386148,26.387014865875244
0.00017163400480058044,0.00018925256154034287,26.39054584503174
0.00017127793398685753,0.00018920157162938267,26.394080638885498
0.00017093254427891225,0.000189141312148422,26.398473024368286
0.00017059806850738823,0.0001890715939225629,26.402326345443726
0.0001702747686067596,0.00018899225688073784,26.405977487564087
0.0001699628628557548,0.00018890311184804887,26.4096577167511
0.00016966249677352607,0.00018880402785725892,26.414355516433716
0.0001693739031907171,0.00018869488849304616,26.418411016464233
0.0001690971985226497,0.00018857551913242787,26.422467470169067
0.00016883252828847617,0.00018844586156774312,26.426114797592163
0.0001685799943516031,0.00018830582848750055,26.430052042007446
0.00016833968402352184,0.00018815531802829355,26.43403124809265
0.0001681116846157238,0.00018799430108629167,26.43781590461731
0.0001678960252320394,0.00018782270490191877,26.44157648086548
0.00016769272042438388,0.00018764052947517484,26.445567846298218
0.00016750177019275725,0.00018744774570222944,26.44995927810669
0.0001673231745371595,0.000187244382686913,26.45364809036255
0.00016715688980184495,0.00018703044042922556,26.457382917404175
0.00016700279957149178,0.00018680596258491278,26.461165189743042
0.00016686088929418474,0.00018657100736163557,26.46562910079956
0.0001667309843469411,0.00018632563296705484,26.46933889389038
0.0001666129828663543,0.00018606992671266198,26.47310185432434
0.00016650672478135675,0.00018580397590994835,26.47693943977356
0.00016641203546896577,0.00018552792607806623,26.481464624404907
0.0001663287403061986,0.00018524189363233745,26.4849534034729
0.00016625657735858113,0.00018494599498808384,26.488521814346313
0.00016619535745121539,0.00018464041932020336,26.492308616638184
0.00016614481864962727,0.0001843253121478483,26.496302843093872
0.0001661046699155122,0.0001840008917497471,26.500117301940918
0.00016607464931439608,0.00018366733274888247,26.503569841384888
0.0001660544512560591,0.00018332488252781332,26.507097005844116
0.00016604375559836626,0.00018297371570952237,26.510914087295532
0.00016604222764726728,0.00018261409422848374,26.51522660255432
0.00016604953270871192,0.00018224628001917154,26.51900053024292
0.00016606529243290424,0.00018187053501605988,26.522554636001587
0.00016608915757387877,0.00018148710660170764,26.526095151901245
0.00016612073522992432,0.00018109631491824985,26.530006408691406
0.00016615963249932975,0.0001806984219001606,26.533647060394287
0.00016620545648038387,0.00018029376224149019,26.53711223602295
0.00016625781427137554,0.0001798826560843736,26.540608167648315
0.00016631625476293266,0.00017946537991520017,26.544144868850708
0.0001663803996052593,0.00017904229753185064,26.54852318763733
0.00016644979768898338,0.00017861375818029046,26.5521879196167
0.0001665240415604785,0.00017818008200265467,26.555945873260498
0.0001666026801103726,0.0001777416473487392,26.559812784194946
0.0001666852767812088,0.00017729881801642478,26.564281463623047
0.00016677143867127597,0.00017685192869976163,26.568053007125854
0.00016686067101545632,0.00017640137230046093,26.571805238723755
0.0001669525954639539,0.00017594752716831863,26.575579166412354
0.00016704674635548145,0.00017549075710121542,26.581509351730347
0.0001671427016844973,0.00017503142589703202,26.585533380508423
0.00016724003944545984,0.00017456997011322528,26.58901882171631
0.0001673383521847427,0.00017410672444384545,26.59265923500061
0.00016743720334488899,0.00017364211089443415,26.596758365631104
0.0001675361709203571,0.0001731764932628721,26.600812673568726
0.00016763489111326635,0.00017271027900278568,26.60427498817444
0.00016773292736615986,0.00017224381736014038,26.607791900634766
0.0001678299013292417,0.00017177753034047782,26.611332654953003
0.00016792544920463115,0.00017131176718976349,26.61614751815796
0.00016801917809061706,0.00017084692080970854,26.619831085205078
0.00016811073874123394,0.0001703833695501089,26.6237313747406
0.00016819975280668586,0.00016992147720884532,26.62803840637207
0.00016828588559292257,0.00016946160758379847,26.632856845855713
0.00016836883150972426,0.00016900412447284907,26.63645911216736
0.00016844825586304069,0.0001685493771219626,26.63995933532715
0.0001685238239588216,0.00016809770022518933,26.643632888793945
0.00016859525931067765,0.00016764945758040994,26.648269176483154
0.0001686622854322195,0.00016720495477784425,26.652051210403442
0.00016872459673322737,0.0001667645265115425,26.65604567527771
0.00016878197493497282,0.00016632847837172449,26.659927129745483
0.00016883414355106652,0.00016589711594861,26.66448473930359
0.0001688808697508648,0.00016547073028050363,26.668204307556152
0.00016892193525563926,0.0001650495978537947,26.671928644180298
0.00016895713633857667,0.00016463399515487254,26.67570996284485
0.0001689862838247791,0.00016422418411821127,26.67962408065796
0.00016900917398743331,0.00016382038302253932,26.683587074279785
0.00016902566130738705,0.0001634228538023308,26.687344074249268
0.00016903557116165757,0.00016303181473631412,26.691089391708374
0.0001690387725830078,0.00016264745499938726,26.695044994354248
0.00016903513460420072,0.00016226999287027866,26.69943070411682
0.0001690245553618297,0.0001618995884200558,26.703123331069946
0.0001690069038886577,0.00016153641627170146,26.706871271133423
0.000168982136528939,0.00016118062194436789,26.710622310638428
0.00016895013686735183,0.00016083233640529215,26.715245962142944
0.00016891084669623524,0.00016049171972554177,26.71926736831665
0.00016886422235984355,0.00016015883011277765,26.723098754882812
0.00016881024930626154,0.00015983379853423685,26.727030754089355
0.0001687488693278283,0.00015951668319758028,26.731922149658203
0.0001686800824245438,0.0001592075714142993,26.73576307296753
0.00016860388859640807,0.0001589064922882244,26.7396080493927
0.0001685202878434211,0.00015861348947510123,26.74359440803528
0.00016842930926941335,0.00015832859207876027,26.74816918373108
0.00016833096742630005,0.0001580518000992015,26.751895666122437
0.00016822533507365733,0.00015778311353642493,26.755699157714844
0.00016811244131531566,0.00015752251783851534,26.759473085403442
0.00016799232980702072,0.00015726996934972703,26.76429533958435
0.00016786513151600957,0.00015702543896622956,26.76802921295166
0.00016773087554611266,0.00015678885392844677,26.771737813949585
0.00016758964920882136,0.00015656015602871776,26.775508880615234
0.00016744158347137272,0.00015633925795555115,26.779324769973755
0.00016728676564525813,0.00015612607239745557,26.783376932144165
0.00016712532669771463,0.0001559204829391092,26.787088632583618
0.00016695736849214882,0.00015572240226902068,26.790830850601196
0.00016678300744388252,0.0001555316848680377,26.794605255126953
0.00016660243272781372,0.00015534819976892322,26.799038410186768
0.00016641573165543377,0.0001551718160044402,26.80273747444153
0.00016622307884972543,0.00015500237350352108,26.80651593208313
0.00016602460527792573,0.0001548397121950984,26.810367107391357
0.00016582050011493266,0.00015468367200810462,26.81523060798645
0.00016561087977606803,0.000154534078319557,26.818949460983276
0.0001653959770919755,0.00015439075650647283,26.82267189025879
0.00016517590847797692,0.00015425350284203887,26.826500177383423
0.00016495086310897022,0.00015412215725518763,26.83095932006836
0.00016472101560793817,0.00015399650146719068,26.834702730178833
0.00016448656970169395,0.00015387636085506529,26.838419675827026
0.00016424767090938985,0.00015376148803625256,26.84220242500305
0.00016400452295783907,0.00015365173749160022,26.845984935760498
0.0001637573295738548,0.00015354684728663415,26.84999442100525
0.00016350623627658933,0.0001534466427983716,26.853688716888428
0.00016325147589668632,0.0001533509057480842,26.857430696487427
0.00016299320850521326,0.00015325941785704345,26.86120343208313
0.00016273162327706814,0.0001531719753984362,26.86571717262268
0.00016246690938714892,0.000153088360093534,26.869462490081787
0.0001621992705622688,0.00015300836821552366,26.87319540977478
0.00016192886687349528,0.00015293176693376154,26.876969575881958
0.0001616559165995568,0.00015285836707334965,26.88150715827942
0.00016138057981152087,0.00015278796490747482,26.885207653045654
0.00016110304568428546,0.0001527203421574086,26.88892650604248
0.00016082350339274853,0.0001526552950963378,26.89277672767639
0.0001605421130079776,0.00015259263454936445,26.896706342697144
0.00016025906370487064,0.00015253217134159058,26.90047526359558
0.00015997453010641038,0.00015247368719428778,26.904160737991333
0.00015968867228366435,0.0001524170074844733,26.907917022705078
0.00015940165030770004,0.00015236195758916438,26.91175937652588
0.00015911365335341543,0.00015230834833346307,26.916738986968994
0.00015882479783613235,0.0001522559905424714,26.920551300048828
0.00015853527293074876,0.0001522047386970371,26.924342393875122
0.00015824522415641695,0.00015215440362226218,26.92813539505005
0.00015795478248037398,0.0001521048543509096,26.932918071746826
0.00015766409342177212,0.00015205590170808136,26.936634063720703
0.0001573733170516789,0.00015200741472654045,26.940393686294556
0.0001570825552335009,0.00015195923333521932,26.94420886039734
0.0001567919534863904,0.00015191124111879617,26.948593378067017
0.00015650162822566926,0.00015186330711003393,26.952418327331543
0.00015621168131474406,0.00015181528578978032,26.956188678741455
0.0001559222728246823,0.0001517670607427135,26.959967374801636
0.00015563344641122967,0.0001517185301054269,26.96434259414673
0.00015534534759353846,0.00015166956291068345,26.968158960342407
0.00015505806368310004,0.000151620086398907,26.971856117248535
0.00015477168199140579,0.0001515699696028605,26.976579666137695
0.00015448630438186228,0.00015151915431488305,26.98195457458496
0.00015420197451021522,0.00015146753867156804,26.9856960773468
0.00015391880879178643,0.00015141504991333932,26.989420890808105
0.0001536368508823216,0.00015136161528062075,26.99319577217102
0.00015335617354139686,0.00015130714746192098,26.997942209243774
0.00015307684952858835,0.0001512516028014943,27.002009391784668
0.00015279890794772655,0.00015119493764359504,27.005872011184692
0.00015252242155838758,0.00015113706467673182,27.00978374481201
0.00015224743401631713,0.00015107796934898943,27.01468801498413
0.00015197397442534566,0.00015101759345270693,27.018556118011475
0.00015170208644121885,0.00015095590788405389,27.02226161956787
0.00015143179916776717,0.00015089288353919983,27.026129007339478
0.0001511631562607363,0.00015082850586622953,27.031015634536743
0.00015089614316821098,0.0001507627166574821,27.034793615341187
0.00015063080354593694,0.00015069553046487272,27.038471937179565
0.0001503671519458294,0.0001506269327364862,27.042293787002563
0.00015010518836788833,0.00015055687981657684,27.04613947868347
0.00014984495646785945,0.00015048541536089033,27.05016255378723
0.00014958639803808182,0.0001504125102655962,27.053870916366577
0.00014932955673430115,0.00015033814997877926,27.057595014572144
0.00014907443255651742,0.00015026237815618515,27.061402559280396
0.00014882098184898496,0.00015018516569398344,27.066141843795776
0.0001485692337155342,0.0001501065562479198,27.06982660293579
0.00014831917360424995,0.000150026535266079,27.073596000671387
0.00014807077241130173,0.00014994513185229152,27.077358961105347
0.00014782401558477432,0.00014986236055847257,27.08192467689514
0.0001475789031246677,0.0001497782504884526,27.085660457611084
0.00014733537682332098,0.00014969280164223164,27.089377880096436
0.00014709346578456461,0.00014960605767555535,27.093158721923828
0.00014685309724882245,0.00014951803314033896,27.097647666931152
0.00014661430031992495,0.00014942875714041293,27.10144853591919
0.00014637700223829597,0.00014933827333152294,27.105210065841675
0.0001461411884520203,0.00014924656716175377,27.108981132507324
0.0001459068589610979,0.00014915371139068156,27.11336636543274
0.0001456739701097831,0.00014905972057022154,27.117262840270996
0.00014544247824233025,0.00014896460925228894,27.120952129364014
0.00014521238335873932,0.00014886842109262943,27.12479829788208
0.0001449836272513494,0.00014877118519507349,27.128742694854736
0.00014475620992016047,0.00014867293066345155,27.133338689804077
0.00014453008770942688,0.0001485736866015941,27.137039184570312
0.00014430524606723338,0.00014847346756141633,27.14081048965454
0.00014408165588974953,0.00014837233175057918,27.14457106590271
0.00014385930262506008,0.00014827027916908264,27.149123191833496
0.00014363812806550413,0.00014816733892075717,27.152819395065308
0.00014341813221108168,0.00014806355466134846,27.156553983688354
0.00014319931506179273,0.00014795894094277173,27.160331964492798
0.00014298161840997636,0.000147853497765027,27.165234088897705
0.00014276504225563258,0.0001477472687838599,27.168992519378662
0.00014254957204684615,0.00014764028310310096,27.172734022140503
0.00014233519323170185,0.00014753254072275013,27.17649483680725
0.00014212187670636922,0.00014742405619472265,27.18099308013916
0.0001419096370227635,0.00014731484407093376,27.184810161590576
0.0001416984450770542,0.0001472049334552139,27.18849277496338
0.00014148831542115659,0.00014709430979564786,27.1923086643219
0.00014127921895124018,0.00014698300219606608,27.196171045303345
0.000141071155667305,0.00014687101065646857,27.200292825698853
0.00014086415467318147,0.0001467583206249401,27.204035758972168
0.00014065817231312394,0.0001466449466533959,27.207831144332886
0.0001404532667947933,0.00014653090329375118,27.21174430847168
0.00014024940901435912,0.0001464161614421755,27.21637988090515
0.00014004662807565182,0.00014630072109866887,27.22020387649536
0.0001398449094267562,0.00014618458226323128,27.224104642868042
0.00013964429672341794,0.0001460677303839475,27.22801399230957
0.00013944480451755226,0.0001459501509089023,27.23289442062378
0.00013924643280915916,0.00014583182928618044,27.236584663391113
0.00013904922525398433,0.00014571273641195148,27.240335941314697
0.000138853196403943,0.00014559287228621542,27.244099617004395
0.00013865837536286563,0.00014547219325322658,27.248592615127563
0.0001384648057864979,0.00014535069931298494,27.252305030822754
0.00013827250222675502,0.00014522834680974483,27.25609302520752
0.0001380815083393827,0.00014510509208776057,27.259841918945312
0.0001378918532282114,0.00014498093514703214,27.264299869537354
0.0001377035805489868,0.00014485581777989864,27.26814866065979
0.00013751673395745456,0.00014472971088252962,27.27190065383911
0.00013733137166127563,0.00014460257079917938,27.275708436965942
0.0001371475082123652,0.0001444743829779327,27.28001046180725
0.00013696520181838423,0.00014434508921112865,27.28401494026184
0.0001367845106869936,0.00014421463129110634,27.287724018096924
0.00013660546392202377,0.0001440829801140353,27.291651964187622
0.00013642814883496612,0.00014395009202416986,27.29566764831543
0.00013625257997773588,0.00014381592336576432,27.300006866455078
0.0001360788446618244,0.00014368040137924254,27.303797721862793
0.00013590697199106216,0.00014354349696077406,27.307533740997314
0.0001357370347250253,0.00014340515190269798,27.31131410598755
0.00013556907651945949,0.00014326533710118383,27.315840005874634
0.00013540317013394088,0.00014312396524474025,27.319589614868164
0.00013523934467229992,0.00014298099267762154,27.323358297348022
0.00013507770199794322,0.00014283639029599726,27.327243328094482
0.000134918256662786,0.0001426900562364608,27.331951379776
0.00013476109597831964,0.00014254199049901217,27.335659742355347
0.00013460626360028982,0.00014239210577216,27.339497089385986
0.00013445381773635745,0.00014224034384824336,27.343290090560913
0.00013430381659418344,0.0001420866756234318,27.3481662273407
0.00013415631838142872,0.00014193104289006442,27.351922035217285
0.00013401138130575418,0.00014177337288856506,27.355632781982422
0.00013386904902290553,0.00014161363651510328,27.359476566314697
0.00013372937974054366,0.00014145176101010293,27.364304304122925
0.0001335924316663295,0.00014128771726973355,27.368165493011475
0.00013345821935217828,0.00014112144708633423,27.37188410758972
0.00013332681555766612,0.00014095290680415928,27.376654624938965
0.00013319827849045396,0.0001407820382155478,27.381938457489014
0.00013307263725437224,0.00014060881221666932,27.38552474975586
0.00013294992095325142,0.00014043317059986293,27.389319896697998
0.0001328301732428372,0.0001402550988132134,27.393397331237793
0.00013271343777887523,0.00014007453864905983,27.399019241333008
0.000132599743665196,0.00013989144645165652,27.402851343154907
0.00013248910545371473,0.00013970582222100347,27.406385898590088
0.0001323815668001771,0.00013951759319752455,27.409955263137817
0.00013227714225649834,0.00013932674482930452,27.41517400741577
0.00013217584637459368,0.00013913327711634338,27.418659210205078
0.00013207769370637834,0.000138937117299065,27.42211079597473
0.0001319827133556828,0.00013873829448129982,27.425857305526733
0.0001318908907705918,0.00013853676500730217,27.430208206176758
0.00013180224050302058,0.0001383325143251568,27.433998107910156
0.00013171677710488439,0.00013812554243486375,27.43772029876709
0.00013163445692043751,0.00013791583478450775,27.441516399383545
0.0001315552945015952,0.00013770339137408882,27.445552825927734
0.00013147928984835744,0.00013748821220360696,27.449921369552612
0.00013140639930497855,0.0001372703118249774,27.453359127044678
0.0001313366083195433,0.00013704966113436967,27.45686960220337
0.0001312699168920517,0.00013682630378752947,27.460614681243896
0.00013120626681484282,0.00013660025433637202,27.46535611152649
0.000131145614432171,0.00013637151278089732,27.46912670135498
0.0001310879597440362,0.00013614010822493583,27.472866535186768
0.0001310332299908623,0.00013590609887614846,27.476635694503784
0.0001309813669649884,0.00013566945563070476,27.481093883514404
0.00013093235611449927,0.0001354302658000961,27.484594345092773
0.00013088611012790352,0.0001351885439362377,27.488129377365112
0.00013084258534945548,0.00013494431914296,27.49186086654663
0.00013080169446766376,0.00013469767873175442,27.495649099349976
0.0001307633938267827,0.00013444863725453615,27.49993872642517
0.0001307275815634057,0.00013419725291896611,27.5036199092865
0.00013069421402178705,0.00013394361303653568,27.507380962371826
0.0001306632038904354,0.0001336877467110753,27.511201858520508
0.00013063444930594414,0.00013342974125407636,27.515734910964966
0.00013060786295682192,0.000133169669425115,27.51942777633667
0.0001305833866354078,0.00013290757487993687,27.52316689491272
0.00013056087482254952,0.00013264355948194861,27.526933193206787
0.00013054025475867093,0.00013237771054264158,27.53152561187744
0.00013052142458036542,0.00013211010082159191,27.535267114639282
0.00013050429697614163,0.0001318408321822062,27.538989543914795
0.00013048872642684728,0.00013156997738406062,27.5427668094635
0.000130474625620991,0.00013129763829056174,27.546737670898438
0.00013046189269516617,0.00013102391676511616,27.550438165664673
0.00013045039668213576,0.0001307489292230457,27.55427384376526
0.00013044002116657794,0.00013047276297584176,27.55802822113037
0.0001304306642850861,0.0001301955053349957,27.561859130859375
0.00013042218051850796,0.000129917316371575,27.566131114959717
0.00013041446800343692,0.00012963826884515584,27.569823265075684
0.00013040739577263594,0.00012935849372297525,27.573707580566406
0.00013040084741078317,0.00012907810742035508,27.577444076538086
0.00013039469195064157,0.00012879724090453237,27.58197832107544
0.00013038879842497408,0.0001285159814869985,27.585667610168457
0.00013038305041845888,0.00012823448923882097,27.58939480781555
0.0001303773169638589,0.00012795286602340639,27.59316658973694
0.00013037148164585233,0.0001276712428079918,27.598156213760376
0.00013036538439337164,0.0001273897651117295,27.60186243057251
0.00013035893789492548,0.00012710853479802608,27.605562686920166
0.00013035201118327677,0.00012682771193794906,27.609604835510254
0.00013034444418735802,0.00012654741294682026,27.614285230636597
0.00013033613504376262,0.00012626773968804628,27.617860317230225
0.00013032696733716875,0.00012598886678460985,27.621294260025024
0.00013031679554842412,0.00012571092520374805,27.62484860420227
0.00013030553236603737,0.00012543401680886745,27.628443241119385
0.00013029301771894097,0.0001251583016710356,27.632887601852417
0.00013027914974372834,0.00012488388165365905,27.636593103408813
0.00013026382657699287,0.00012461091682780534,27.64026403427124
0.00013024690269958228,0.00012433953816071153,27.644028186798096
0.00013022827624808997,0.0001240698475157842,27.648571014404297
0.00013020784535910934,0.00012380197586026043,27.652277946472168
0.00013018547906540334,0.0001235360832652077,27.6560001373291
0.0001301610900554806,0.00012327227159403265,27.659918546676636
0.00013013457646593451,0.0001230106718139723,27.664368152618408
0.00013010580732952803,0.00012275138578843325,27.668097257614136
0.00013007472443860024,0.0001224945590365678,27.67180895805359
0.00013004119682591408,0.000122240322525613,27.675565481185913
0.0001300051371799782,0.000121988749015145,27.679484844207764
0.0001299664581893012,0.00012173997674835846,27.683295488357544
0.00012992508709430695,0.00012149411486461759,27.6867413520813
0.00012988090747967362,0.0001212512725032866,27.69022560119629
0.00012983386113774031,0.0001210115515277721,27.69375467300415
0.00012978386075701565,0.0001207750610774383,27.698143482208252
0.00012973080447409302,0.00012054188846377656,27.70189094543457
0.00012967466318514198,0.00012031213555019349,27.705525159835815
0.00012961536413058639,0.00012008589692413807,27.709293842315674
0.00012955281999893486,0.00011986325989710167,27.713366270065308
0.00012948695803061128,0.00011964430450461805,27.71702218055725
0.00012941774912178516,0.00011942911805817857,27.72047185897827
0.00012934512051288038,0.00011921777331735939,27.724055290222168
0.00012926902854815125,0.00011901035759365186,27.727853536605835
0.00012918940046802163,0.00011880692181875929,27.732328176498413
0.00012910622172057629,0.00011860754602821544,27.735778331756592
0.0001290194340981543,0.00011841229570563883,27.739237546920776
0.00012892899394501,0.00011822120723081753,27.742767810821533
0.00012883487215731293,0.00011803435336332768,27.746692657470703
0.00012873705418314785,0.00011785177048295736,27.750277757644653
0.00012863546726293862,0.00011767351679736748,27.753722667694092
0.00012853011139668524,0.00011749962868634611,27.75723123550415
0.0001284209720324725,0.00011733013525372371,27.760754108428955
0.00012830803461838514,0.00011716508015524596,27.766074657440186
0.0001281912554986775,0.00011700447794282809,27.77040982246399
0.00012807063467334956,0.00011684835772030056,27.773943662643433
0.0001279461575904861,0.00011669674859149382,27.7774760723114
0.00012781783880200237,0.00011654965783236548,27.782341718673706
0.00012768563465215266,0.00011640709999483079,27.785800457000732
0.00012754957424476743,0.00011626906780293211,27.789464712142944
0.0001274096721317619,0.0001161355830845423,27.79322338104248
0.00012726589920930564,0.00011600663856370375,27.798137187957764
0.00012711827002931386,0.0001158822124125436,27.80160927772522
0.00012696682824753225,0.00011576231918297708,27.805073976516724
0.00012681155931204557,0.00011564692977117375,27.808756113052368
0.00012665247777476907,0.00011553602962521836,27.812742948532104
0.00012648959818761796,0.00011542959691723809,27.81668448448181
0.00012632296420633793,0.00011532760981936008,27.820162057876587
0.0001261525903828442,0.00011523003195179626,27.823648691177368
0.00012597849126905203,0.0001151368414866738,27.827183723449707
0.0001258007250726223,0.0001150479874922894,27.832040309906006
0.00012561929179355502,0.0001149634481407702,27.83573842048645
0.00012543423508759588,0.0001148831652244553,27.83944296836853
0.00012524559861049056,0.0001148070878116414,27.843225479125977
0.00012505341146606952,0.00011473518679849803,27.848230838775635
0.00012485773186199367,0.00011466739670140669,27.85194730758667
0.00012465858890209347,0.00011460365203674883,27.85569930076599
0.00012445604079402983,0.00011454390914877877,27.859459161758423
0.0001242501166416332,0.00011448809527792037,27.86438512802124
0.0001240408601006493,0.00011443615221651271,27.868011236190796
0.00012382834393065423,0.00011438801448093727,27.871530532836914
0.0001236126117873937,0.0001143436020356603,27.8750638961792
0.00012339375098235905,0.00011430284212110564,27.87876844406128
0.00012317177606746554,0.00011426566197769716,27.883134603500366
0.00012294674525037408,0.00011423198884585872,27.886564016342163
0.00012271876039449126,0.00011420172813814133,27.89006519317627
0.00012248785060364753,0.00011417482164688408,27.893959522247314
0.00012225410318933427,0.00011415116023272276,27.89862871170044
0.0001220175763592124,0.0001141306638601236,27.90232229232788
0.00012177834287285805,0.00011411325249355286,27.906030654907227
0.00012153645366197452,0.00011409882426960394,27.909794807434082
0.00012129201058996841,0.00011408729187678546,27.91433048248291
0.00012104507186450064,0.00011407856072764844,27.918121337890625
0.00012079572479706258,0.00011407252895878628,27.92180848121643
0.00012054404214723036,0.00011406910925870761,27.925602436065674
0.00012029009667458013,0.00011406819976400584,27.929463624954224
0.00012003397569060326,0.00011406969133531675,27.933436393737793
0.00011977576650679111,0.00011407348938519135,27.93718719482422
0.00011951554915867746,0.00011407949205022305,27.940955638885498
0.00011925341823371127,0.00011408758291509002,27.944716215133667
0.00011898945376742631,0.00011409766739234328,27.949104070663452
0.00011872373579535633,0.00011410964361857623,27.952779293060303
0.00011845638073282316,0.00011412339517846704,27.95649242401123
0.00011818746133940294,0.00011413879838073626,27.960259675979614
0.0001179170940304175,0.00011415578046580777,27.964810371398926
0.00011764534428948537,0.00011417420319048688,27.968527793884277
0.00011737232853192836,0.000114193964691367,27.97221040725708
0.00011709814862115309,0.00011421495582908392,27.9759783744812
0.00011682289914460853,0.0001142370529123582,27.98007559776306
0.00011654668196570128,0.00011426015407778323,27.983637809753418
0.00011626959167188033,0.0001142841501859948,27.987082719802856
0.00011599174467846751,0.00011430891754571348,27.990559816360474
0.00011571325012482703,0.00011433434701757506,27.994115352630615
0.00011543420987436548,0.00011436032218625769,27.99858570098877
0.00011515473306644708,0.00011438672663643956,28.002521514892578
0.00011487492156447843,0.00011441345850471407,28.006261110305786
0.00011459488450782374,0.00011444038682384416,28.010029315948486
0.00011431475286372006,0.00011446740973042324,28.01478862762451
0.00011403462121961638,0.00011449441808508709,28.018228769302368
0.00011375460599083453,0.00011452128092059866,28.02171778678894
0.00011347482359269634,0.00011454790364950895,28.025388479232788
0.00011319539771648124,0.00011457414802862331,28.029333114624023
0.00011291642294963822,0.00011459994129836559,28.03325581550598
0.00011263803753536195,0.00011462513793958351,28.036672592163086
0.00011236034333705902,0.00011464963608887047,28.04017186164856
0.0001120834713219665,0.00011467332660686225,28.043862104415894
0.00011180751607753336,0.00011469610035419464,28.048503398895264
0.00011153261584695429,0.00011471784819150344,28.051918983459473
0.00011125888704555109,0.00011473846825538203,28.055346727371216
0.00011098643153673038,0.00011475783685455099,28.058865070343018
0.00011071539483964443,0.00011477585940156132,28.062613248825073
0.00011044586426578462,0.00011479242675704882,28.066723346710205
0.00011017797805834562,0.0001148074516095221,28.070433616638184
0.00010991184535669163,0.00011482081026770175,28.07425093650818
0.00010964758257614449,0.00011483241542009637,28.078012466430664
0.00010938531340798363,0.00011484215792734176,28.0827956199646
0.00010912513971561566,0.00011484994320198894,28.086496353149414
0.00010886719246627763,0.00011485568393254653,28.0902361869812
0.00010861157352337614,0.00011485927097965032,28.094006776809692
0.00010835838475031778,0.00011486063158372417,28.098525285720825
0.00010810775711433962,0.00011485964932944626,28.10236382484436
0.00010785978520289063,0.00011485625873319805,28.10608148574829
0.00010761459270725027,0.00011485035793157294,28.10984992980957
0.00010737225966295227,0.0001148418741649948,28.114343404769897
0.00010713291703723371,0.00011483071284601465,28.118041515350342
0.00010689664486562833,0.00011481679393909872,28.121731758117676
0.00010666355956345797,0.00011480005196062848,28.125505208969116
0.0001064337557181716,0.00011478040687507018,28.129456043243408
0.00010620731336530298,0.00011475777864689007,28.13351821899414
0.00010598434164421633,0.000114732094516512,28.13720393180847
0.0001057649205904454,0.00011470330355223268,28.14093804359436
0.00010554914479143918,0.00011467132571851835,28.14470410346985
0.00010533709428273141,0.00011463609553175047,28.149454832077026
0.00010512883454794064,0.00011459756206022575,28.15404963493347
0.00010492447472643107,0.00011455565982032567,28.15820050239563
0.000104724065749906,0.00011451034515630454,28.162101984024048
0.00010452767310198396,0.00011446155986050144,28.166964530944824
0.00010433537681819871,0.00011440924572525546,28.17054057121277
0.00010414723510621116,0.00011435338092269376,28.174280881881714
0.00010396330617368221,0.00011429389996919781,28.178075313568115
0.00010378365550423041,0.00011423076648497954,28.183114767074585
0.00010360831947764382,0.00011416395864216611,28.186574935913086
0.00010343734902562574,0.00011409342550905421,28.19008493423462
0.00010327078780392185,0.00011401915253372863,28.19372248649597
0.00010310866491636261,0.00011394109606044367,28.198634386062622
0.00010295104584656656,0.0001138592415372841,28.202078819274902
0.00010279792331857607,0.0001137735671363771,28.205497980117798
0.00010264933371217921,0.0001136840510298498,28.20907998085022
0.00010250530613120645,0.0001135906859417446,28.21297812461853
0.00010236584057565778,0.00011349345004418865,28.216855764389038
0.00010223097342532128,0.00011339235061313957,28.220526218414307
0.0001021006828523241,0.00011328736582072452,28.224297761917114
0.0001019749979604967,0.00011317851021885872,28.228036403656006
0.00010185388964600861,0.00011306577653158456,28.23285222053528
0.00010173736518481746,0.00011294915748294443,28.236485242843628
0.00010162542457692325,0.0001128286894527264,28.240100860595703
0.00010151802416658029,0.00011270436516497284,28.243871927261353
0.00010141516395378858,0.000112576199171599,28.24856400489807
0.00010131680755876005,0.00011244421330047771,28.25228214263916
0.00010122293315362185,0.00011230842937948182,28.256122827529907
0.00010113350435858592,0.00011216886923648417,28.259827852249146
0.00010104847024194896,0.0001120255546993576,28.264790534973145
0.00010096781625179574,0.00011187852214789018,28.26825523376465
0.0001008914623525925,0.00011172780068591237,28.271733283996582
0.00010081937944050878,0.00011157342669321224,28.275315284729004
0.00010075150930788368,0.00011141543654957786,28.279451370239258
0.00010068777919514105,0.00011125388118671253,28.283543348312378
0.00010062815272249281,0.00011108879698440433,28.287247896194458
0.00010057253530249,0.00011092022759839892,28.290998697280884
0.00010052086872747168,0.00011074823123635724,28.29480528831482
0.00010047308751381934,0.00011057285155402496,28.29948353767395
0.0001004291043500416,0.000110394146759063,28.30318570137024
0.00010038884647656232,0.00011021217505913228,28.306958198547363
0.00010035221930593252,0.0001100269946618937,28.3107271194458
0.00010031915735453367,0.00010983867105096579,28.31521725654602
0.00010028955875895917,0.00010964726970996708,28.318686723709106
0.00010026332893176004,0.0001094528561225161,28.32227849960327
0.0001002403732854873,0.00010925548122031614,28.326042413711548
0.00010022061178460717,0.00010905524686677381,28.330098867416382
0.00010020394256571308,0.00010885220399359241,28.333696365356445
0.00010019024921348318,0.0001086464399122633,28.33713126182556
0.00010017945169238374,0.00010843802010640502,28.340685606002808
0.00010017142631113529,0.00010822702461155131,28.344427824020386
0.00010016608575824648,0.00010801354801515117,28.348937034606934
0.00010016331361839548,0.00010779764852486551,28.352412700653076
0.00010016300075221807,0.00010757943528005853,28.355907678604126
0.00010016504529630765,0.00010735896648839116,28.35945177078247
0.00010016934538725764,0.0001071363512892276,28.36344814300537
0.00010017576278187335,0.000106911662442144,28.367064952850342
0.00010018421744462103,0.00010668500181054696,28.37051486968994
0.00010019457840826362,0.00010645644215401262,28.374027490615845
0.00010020673653343692,0.0001062260998878628,28.377548456192017
0.00010022058995673433,0.00010599403321975842,28.38189387321472
0.00010023600771091878,0.00010576036584097892,28.38537573814392
0.0001002528952085413,0.00010552517051110044,28.388829946517944
0.00010027113603428006,0.00010528854909352958,28.39235782623291
0.00010029061377281323,0.00010505060345167294,28.39614748954773
0.00010031121200881898,0.0001048114281729795,28.399882793426514
0.00010033282887889072,0.00010457111056894064,28.403332471847534
0.00010035535524366423,0.00010432975250296295,28.406866312026978
0.00010037866741186008,0.00010408744856249541,28.410389184951782
0.00010040267807198688,0.00010384431516285986,28.41483783721924
0.00010042724898084998,0.00010360041778767481,28.418292760849
0.00010045230010291561,0.00010335588740417734,28.421752452850342
0.00010047770774690434,0.00010311078949598595,28.42531991004944
0.00010050337004940957,0.00010286525503033772,28.429133653640747
0.0001005291924229823,0.00010261935676680878,28.433351039886475
0.00010055505845230073,0.00010237320384476334,28.437145709991455
0.00010058088082587346,0.000102126898127608,28.440913200378418
0.00010060653585242108,0.00010188052692683414,28.44468855857849
0.0001006319434964098,0.00010163419210584834,28.449381828308105
0.00010065700189443305,0.00010138801007997245,28.452852964401245
0.00010068161645904183,0.00010114204633282498,28.45633363723755
0.00010070567805087194,0.00010089641000377014,28.45987558364868
0.00010072911391034722,0.00010065121023217216,28.464356899261475
0.00010075182217406109,0.00010040651977760717,28.467888832092285
0.00010077370825456455,0.00010016246233135462,28.471623182296753
0.00010079469939228147,9.991909610107541e-05,28.47544765472412
0.00010081468644784763,9.967654477804899e-05,28.47947072982788
0.00010083360393764451,9.943488839780912e-05,28.483257293701172
0.00010085136455018073,9.919421427184716e-05,28.48672366142273
0.00010086787369800732,9.895463153952733e-05,28.49026131629944
0.00010088307317346334,9.871621296042576e-05,28.493792057037354
0.00010089686838909984,9.847906039794907e-05,28.498515367507935
0.00010090917930938303,9.8243253887631e-05,28.5019793510437
0.00010091995500260964,9.800888074096292e-05,28.505448579788208
0.00010092910815728828,9.777602826943621e-05,28.508994340896606
0.00010093655146192759,9.754478378454223e-05,28.512834548950195
0.0001009422485367395,9.731522732181475e-05,28.51655888557434
0.00010094611934619024,9.708744619274512e-05,28.520020246505737
0.00010094809113070369,9.686152043286711e-05,28.523513793945312
0.00010094810568261892,9.663753007771447e-05,28.527065992355347
0.0001009460975183174,9.641555516282097e-05,28.531904697418213
0.00010094200843013823,9.619566117180511e-05,28.536587238311768
0.00010093579476233572,9.59779426921159e-05,28.540785551071167
0.00010092738375533372,9.576245065545663e-05,28.544565677642822
0.00010091672447742894,9.55492869252339e-05,28.549888610839844
0.00010090376599691808,9.5338502433151e-05,28.553606033325195
0.00010088846465805545,9.513016266282648e-05,28.557405948638916
0.00010087076225318015,9.492434764979407e-05,28.561242818832397
0.00010085061512654647,9.472112287767231e-05,28.566430807113647
0.00010082797962240875,9.452053200220689e-05,28.57016944885254
0.0001008028193609789,9.432266961084679e-05,28.573922872543335
0.00010077508341055363,9.412757208338007e-05,28.57772183418274
0.00010074474266730249,9.393529035151005e-05,28.582469701766968
0.00010071174619952217,9.374590445077047e-05,28.58619999885559
0.00010067606490338221,9.355945803690702e-05,28.59011960029602
0.00010063766239909455,9.337599476566538e-05,28.593913316726685
0.00010059653141070157,9.319557284470648e-05,28.59862995147705
0.00010055260645458475,9.301823592977598e-05,28.602347373962402
0.00010050588025478646,9.284402767661959e-05,28.60616970062256
0.00010045633098343387,9.267299174098298e-05,28.60995125770569
0.00010040392953669652,9.250515722669661e-05,28.614927530288696
0.00010034864681074396,9.23405823414214e-05,28.618784189224243
0.00010029047552961856,9.217928163707256e-05,28.622511625289917
0.00010022939386544749,9.20212987693958e-05,28.626304626464844
0.00010016538726631552,9.186666284222156e-05,28.631035089492798
0.00010009844845626503,9.171539568342268e-05,28.634825706481934
0.0001000285628833808,9.156752639682963e-05,28.63856792449951
9.995570871978998e-05,9.142306225840002e-05,28.642390489578247
9.987989324145019e-05,9.128203964792192e-05,28.646378755569458
9.980110917240381e-05,9.114445128943771e-05,28.65026068687439
9.971937106456608e-05,9.101031901082024e-05,28.653966903686523
9.963464981410652e-05,9.087965736398473e-05,28.657726526260376
9.9546967248898e-05,9.075247362488881e-05,28.66175866127014
9.945630881702527e-05,9.062876779353246e-05,28.66656255722046
9.936271089827642e-05,9.050853259395808e-05,28.67027735710144
9.926616621669382e-05,9.039176802616566e-05,28.674044132232666
9.916668204823509e-05,9.027845953823999e-05,28.678173065185547
9.906428749673069e-05,9.016860713018104e-05,28.68291735649109
9.895898256218061e-05,9.006219625007361e-05,28.687007427215576
9.88507890724577e-05,8.995920507004485e-05,28.69095206260681
9.873975068330765e-05,8.98596117622219e-05,28.695089101791382
9.862586011877283e-05,8.976340177468956e-05,28.699989795684814
9.850916831055656e-05,8.967053872765973e-05,28.7038791179657
9.838968253461644e-05,8.958100079325959e-05,28.707801818847656
9.826745372265577e-05,8.949474431574345e-05,28.71177649497986
9.814251097850502e-05,8.941173291532323e-05,28.716941595077515
9.801487613003701e-05,8.933193021221086e-05,28.72086000442505
9.788460738491267e-05,8.92553071025759e-05,28.72465991973877
9.775174112292007e-05,8.91817981027998e-05,28.728790521621704
9.761631372384727e-05,8.911134500522166e-05,28.73334002494812
9.74783833953552e-05,8.904391870601103e-05,28.73714327812195
9.73379792412743e-05,8.897944644559175e-05,28.741024255752563
9.719517402118072e-05,8.89178627403453e-05,28.744839429855347
9.705001866677776e-05,8.8859123934526e-05,28.749414920806885
9.690256410976872e-05,8.88031572685577e-05,28.753185033798218
9.675286855781451e-05,8.874988270690665e-05,28.757001161575317
9.660099021857604e-05,8.869924204191193e-05,28.760798692703247
9.644700912758708e-05,8.865115523803979e-05,28.765317678451538
9.62909689405933e-05,8.860553498379886e-05,28.769142627716064
9.613295696908608e-05,8.856232307152823e-05,28.772881507873535
9.597303142072633e-05,8.85214249137789e-05,28.776671886444092
9.581127960700542e-05,8.848275319905952e-05,28.781527042388916
9.564776701154187e-05,8.84462206158787e-05,28.785265684127808
9.548256639391184e-05,8.841173985274509e-05,28.78900408744812
9.531576506560668e-05,8.837923087412491e-05,28.7929208278656
9.514745033811778e-05,8.834858454065397e-05,28.7976496219635
9.497769497102126e-05,8.831969898892567e-05,28.801424503326416
9.480658627580851e-05,8.829249418340623e-05,28.805211782455444
9.463421883992851e-05,8.826686098473147e-05,28.808995962142944
9.4460672698915e-05,8.824270480545238e-05,28.81337070465088
9.428604244021699e-05,8.821991650620475e-05,28.817869186401367
9.411042265128344e-05,8.8198394223582e-05,28.82165503501892
9.393390064360574e-05,8.817803609417751e-05,28.82544493675232
9.375658555654809e-05,8.815873297862709e-05,28.82949447631836
9.357856470160186e-05,8.814039028948173e-05,28.833897590637207
9.339991811430082e-05,8.8122884335462e-05,28.83773374557495
9.322076948592439e-05,8.810612052911893e-05,28.8420627117157
9.304121340392157e-05,8.808997517917305e-05,28.846107482910156
9.286134445574135e-05,8.807436097413301e-05,28.85007882118225
9.26812645047903e-05,8.805914694676176e-05,28.85383129119873
9.250106813851744e-05,8.804425306152552e-05,28.857550144195557
9.232087177224457e-05,8.802954107522964e-05,28.86136746406555
9.21407772693783e-05,8.801492367638275e-05,28.866098165512085
9.196087194141e-05,8.80002771737054e-05,28.869812965393066
9.178126492770389e-05,8.798551425570622e-05,28.873562335968018
9.160206536762416e-05,8.797051123110577e-05,28.877387285232544
9.142335329670459e-05,8.795517351245508e-05,28.881895303726196
9.124525240622461e-05,8.793939923634753e-05,28.885586738586426
9.106785000767559e-05,8.79230719874613e-05,28.889316082000732
9.089126251637936e-05,8.790611173026264e-05,28.89309334754944
9.071555541595444e-05,8.788840932538733e-05,28.897650003433228
9.05408596736379e-05,8.786986290942878e-05,28.901358604431152
9.036724804900587e-05,8.785037789493799e-05,28.90506386756897
9.019483695738018e-05,8.7829859694466e-05,28.90884494781494
9.002369188237935e-05,8.780822827247903e-05,28.912782430648804
8.985392923932523e-05,8.778537448961288e-05,28.916689157485962
8.968562178779393e-05,8.77612255862914e-05,28.920374870300293
8.951885683927685e-05,8.773569425102323e-05,28.924137592315674
8.935372170526534e-05,8.7708693172317e-05,28.927908182144165
8.919031824916601e-05,8.768015686655417e-05,28.932713508605957
8.902869012672454e-05,8.764999074628577e-05,28.9364070892334
8.886893920134753e-05,8.761813660385087e-05,28.94115447998047
8.871112368069589e-05,8.758451440371573e-05,28.945969581604004
8.8555330876261e-05,8.754906593821943e-05,28.950356483459473
8.840161171974614e-05,8.751171117182821e-05,28.954095602035522
8.825004624668509e-05,8.7472413724754e-05,28.95798349380493
8.810068538878113e-05,8.743108628550544e-05,28.96180772781372
8.795358735369518e-05,8.738769247429445e-05,28.96690320968628
8.780881034908816e-05,8.734218863537535e-05,28.970667600631714
8.766639803070575e-05,8.729451656108722e-05,28.974510431289673
8.752639405429363e-05,8.724463259568438e-05,28.978424549102783
8.73888420755975e-05,8.719250763533637e-05,28.983317613601685
8.725380030227825e-05,8.713810530025512e-05,28.98702645301819
8.712127601029351e-05,8.708137465873733e-05,28.99087429046631
8.699131285538897e-05,8.7022315710783e-05,28.995100021362305
8.686392538947985e-05,8.696089207660407e-05,28.999645948410034
8.67391427163966e-05,8.689707465237007e-05,29.00341248512268
8.661697938805446e-05,8.6830863438081e-05,29.007215976715088
8.649744995636865e-05,8.676224388182163e-05,29.011025428771973
8.63805616972968e-05,8.669120143167675e-05,29.01581645011902
8.626630733488128e-05,8.661772881168872e-05,29.019525051116943
8.615470142103732e-05,8.65418478497304e-05,29.02327585220337
8.604572940384969e-05,8.646353671792895e-05,29.02727198600769
8.593938400736079e-05,8.638282452011481e-05,29.031944036483765
8.583564340369776e-05,8.629970398033038e-05,29.035659790039062
8.5734500316903e-05,8.621421147836372e-05,29.039416313171387
8.563592564314604e-05,8.612634701421484e-05,29.043192863464355
8.553989027859643e-05,8.603616151958704e-05,29.04814386367798
8.54463578434661e-05,8.594365499448031e-05,29.051875114440918
8.535530650988221e-05,8.584887837059796e-05,29.055617332458496
8.526669262209907e-05,8.575184619985521e-05,29.059717655181885
8.518045797245577e-05,8.565262396587059e-05,29.06432032585144
8.509656618116423e-05,8.555124077247456e-05,29.068185567855835
8.501495904056355e-05,8.54477402754128e-05,29.071896076202393
8.493558561895043e-05,8.534217340638861e-05,29.07568073272705
8.485838770866394e-05,8.523460564902052e-05,29.079700708389282
8.478329255012795e-05,8.51250733830966e-05,29.08356809616089
8.471024921163917e-05,8.5013649368193e-05,29.087285041809082
8.463917765766382e-05,8.490039181197062e-05,29.091054677963257
8.45700124045834e-05,8.478537347400561e-05,29.094834566116333
8.450267341686413e-05,8.46686598379165e-05,29.099398851394653
8.443708065897226e-05,8.45503163873218e-05,29.10311269760132
8.437315409537405e-05,8.443042315775529e-05,29.106844663619995
8.431081369053572e-05,8.43090601847507e-05,29.1106173992157
8.424997213296592e-05,8.418629295192659e-05,29.11518383026123
8.419054938713089e-05,8.406223059864715e-05,29.118885040283203
8.413244358962402e-05,8.393692405661568e-05,29.122711658477783
8.407556742895395e-05,8.38104824651964e-05,29.126551866531372
8.401982631767169e-05,8.368298585992306e-05,29.131479024887085
8.396514022024348e-05,8.355452155228704e-05,29.13542366027832
8.391139999730512e-05,8.342518412973732e-05,29.139212608337402
8.385851106140763e-05,8.329506817972288e-05,29.143030643463135
8.3806378825102e-05,8.31642682896927e-05,29.147623300552368
8.375489414902404e-05,8.303287177113816e-05,29.151379346847534
8.370397699763998e-05,8.290097321150824e-05,29.155088186264038
8.365351823158562e-05,8.276868902612478e-05,29.15921187400818
8.360341598745435e-05,8.263609925052151e-05,29.163429737091064
8.35535756777972e-05,8.250331302406266e-05,29.16743040084839
8.350390271516517e-05,8.237041038228199e-05,29.171303510665894
8.345429523615167e-05,8.223752229241654e-05,29.175259590148926
8.340465137735009e-05,8.210471423808485e-05,29.179477214813232
8.335487655131146e-05,8.197210991056636e-05,29.183613300323486
8.33048761705868e-05,8.183978934539482e-05,29.187450170516968
8.32545556477271e-05,8.170786168193445e-05,29.191385984420776
8.320381311932579e-05,8.157641423167661e-05,29.195491075515747
8.315256854984909e-05,8.144555613398552e-05,29.20012903213501
8.310072007589042e-05,8.131538197631016e-05,29.20402240753174
8.304818766191602e-05,8.118597907014191e-05,29.20796823501587
8.29948767204769e-05,8.105744200292975e-05,29.212146282196045
8.294069994008169e-05,8.092986536212265e-05,29.21672010421753
8.288557728519663e-05,8.080332918325439e-05,29.220571279525757
8.282942872028798e-05,8.067792805377394e-05,29.22520613670349
8.277217420982197e-05,8.055375656113029e-05,29.23093271255493
8.271372644230723e-05,8.043088746489957e-05,29.234946250915527
8.265402721008286e-05,8.030940807657316e-05,29.238850355148315
8.259299647761509e-05,8.018939115572721e-05,29.242785930633545
8.253055420937017e-05,8.007092401385307e-05,29.247645616531372
8.246666402556002e-05,7.995407213456929e-05,29.25154733657837
8.240123133873567e-05,7.983890100149438e-05,29.255414724349976
8.233420521719381e-05,7.972550520207733e-05,29.259390592575073
8.226553472923115e-05,7.961392111610621e-05,29.264872550964355
8.219516166718677e-05,7.950422150315717e-05,29.26880955696106
8.212302782339975e-05,7.939647184684873e-05,29.273207664489746
8.204908954212442e-05,7.929071580292657e-05,29.277344703674316
8.19733104435727e-05,7.918701157905161e-05,29.281952381134033
8.189563959604129e-05,7.908541738288477e-05,29.285813331604004
8.181604061974213e-05,7.898595504229888e-05,29.289687871932983
8.173447713488713e-05,7.888868276495486e-05,29.29360055923462
8.165092003764585e-05,7.879363693064079e-05,29.2989239692688
8.156534022418782e-05,7.87008466431871e-05,29.303501844406128
8.147771586664021e-05,7.861034828238189e-05,29.307485103607178
8.138801786117256e-05,7.852215640014037e-05,29.311421394348145
8.129623165586963e-05,7.843630737625062e-05,29.316188097000122
8.120235725073144e-05,7.835280848667026e-05,29.32004714012146
8.11063582659699e-05,7.82716742833145e-05,29.32401180267334
8.100824925350025e-05,7.819291931809857e-05,29.328104496002197
8.090801566140726e-05,7.81165508669801e-05,29.332854986190796
8.080565748969093e-05,7.804256165400147e-05,29.336722373962402
8.070118201430887e-05,7.79709589551203e-05,29.34060835838318
8.05945965112187e-05,7.790172821842134e-05,29.344626426696777
8.048590098042041e-05,7.783487671986222e-05,29.34952473640442
8.037511724978685e-05,7.777037535561249e-05,29.35438585281372
8.026225987123325e-05,7.770821684971452e-05,29.359030723571777
8.014735067263246e-05,7.764836482238024e-05,29.364550828933716
8.00304114818573e-05,7.759081199765205e-05,29.368475914001465
7.991146412678063e-05,7.753551471978426e-05,29.37236976623535
7.97905377112329e-05,7.748245843686163e-05,29.376314401626587
7.96676758909598e-05,7.743159221718088e-05,29.38138723373413
7.954289321787655e-05,7.738287968095392e-05,29.38514018058777
7.941624789964408e-05,7.73362917243503e-05,29.388893127441406
7.928776904009283e-05,7.729177013970912e-05,29.392780542373657
7.91575075709261e-05,7.724927127128467e-05,29.397757291793823
7.902550714788958e-05,7.720874418737367e-05,29.401646852493286
7.889181142672896e-05,7.71701306803152e-05,29.405553340911865
7.875647861510515e-05,7.713338709436357e-05,29.40954852104187
7.861955236876383e-05,7.709842611802742e-05,29.414451122283936
7.848109817132354e-05,7.70652259234339e-05,29.418335437774658
7.834117423044518e-05,7.703369192313403e-05,29.422204971313477
7.819983147783205e-05,7.70037731854245e-05,29.426145315170288
7.805714994901791e-05,7.697538967477158e-05,29.431122064590454
7.791318057570606e-05,7.694849045947194e-05,29.435062885284424
7.776798884151503e-05,7.6922973676119e-05,29.43898916244507
7.762165478197858e-05,7.689879566896707e-05,29.44291043281555
7.747422932879999e-05,7.687586912652478e-05,29.447667598724365
7.732579979347065e-05,7.685411401325837e-05,29.451551914215088
7.717643165960908e-05,7.683346484554932e-05,29.455475568771362
7.702619768679142e-05,7.681383431190625e-05,29.45940399169922
7.687517791055143e-05,7.67951351008378e-05,29.464276552200317
7.672344509046525e-05,7.677731628064066e-05,29.468054056167603
7.657107926206663e-05,7.676026143599302e-05,29.471807718276978
7.641815318493173e-05,7.674391235923395e-05,29.475587129592896
7.626474689459428e-05,7.672818173887208e-05,29.479567289352417
7.611094770254567e-05,7.671298953937367e-05,29.483546495437622
7.595682109240443e-05,7.669825572520494e-05,29.48727011680603
7.580245437566191e-05,7.668388570891693e-05,29.49112606048584
7.564792758785188e-05,7.66698140068911e-05,29.49511170387268
7.549332804046571e-05,7.66559605835937e-05,29.499980926513672
7.533872121712193e-05,7.664223085157573e-05,29.50380778312683
7.51841944293119e-05,7.662855932721868e-05,29.508540630340576
7.502982771256939e-05,7.661485869903117e-05,29.512892723083496
7.487570837838575e-05,7.660104893147945e-05,29.51710867881775
7.472189463442191e-05,7.658705726498738e-05,29.520840644836426
7.456848106812686e-05,7.65728036640212e-05,29.524588584899902
7.441555499099195e-05,7.655822264496237e-05,29.528456687927246
7.426316005876288e-05,7.654323417227715e-05,29.533266305923462
7.411140541080385e-05,7.65277654863894e-05,29.536970615386963
7.396034925477579e-05,7.651174382772297e-05,29.540814638137817
7.381006435025483e-05,7.649510371265933e-05,29.544765949249268
7.366063800873235e-05,7.647777238162234e-05,29.549417734146118
7.351212843786925e-05,7.645968435099348e-05,29.553130388259888
7.336460839724168e-05,7.644078141311184e-05,29.55688166618347
7.321814337046817e-05,7.642099808435887e-05,29.56064796447754
7.307279884116724e-05,7.640026888111606e-05,29.565250396728516
7.292864756891504e-05,7.63785355957225e-05,29.568974018096924
7.278574048541486e-05,7.635574729647487e-05,29.57269811630249
7.264415762620047e-05,7.63318530516699e-05,29.57646656036377
7.250394264701754e-05,7.630678010173142e-05,29.581475496292114
7.236515375552699e-05,7.628049934282899e-05,29.585596561431885
7.222784915938973e-05,7.625294529134408e-05,29.589876174926758
7.209207979030907e-05,7.622408884344622e-05,29.59388017654419
7.195790385594591e-05,7.619386451551691e-05,29.598543882369995
7.182535773608834e-05,7.616225047968328e-05,29.602303981781006
7.169449963839725e-05,7.612920308019966e-05,29.606050491333008
7.156536594266072e-05,7.609467866132036e-05,29.609857320785522
7.143800030462444e-05,7.605864084325731e-05,29.61485266685486
7.131244638003409e-05,7.602106779813766e-05,29.618574619293213
7.11887187208049e-05,7.598191587021574e-05,29.622350454330444
7.10668828105554e-05,7.594115595566109e-05,29.626139640808105
7.094695320120081e-05,7.589877350255847e-05,29.630972146987915
7.08289589965716e-05,7.585474668303505e-05,29.634685039520264
7.071292930049822e-05,7.580903911730275e-05,29.638415813446045
7.05988859408535e-05,7.576163625344634e-05,29.643319129943848
7.048685074551031e-05,7.571253081550822e-05,29.64854073524475
7.037684554234147e-05,7.566170097561553e-05,29.652279376983643
7.026889215921983e-05,7.560912490589544e-05,29.656066179275513
7.016299059614539e-05,7.555480988230556e-05,29.659886598587036
7.0059162680991e-05,7.549872680101544e-05,29.664817810058594
6.995741568971425e-05,7.544089021394029e-05,29.668529987335205
6.985774962231517e-05,7.538127101724967e-05,29.672284603118896
6.976017903070897e-05,7.531989103881642e-05,29.676069974899292
6.966469663893804e-05,7.525673572672531e-05,29.680956602096558
6.957130972296e-05,7.519180508097634e-05,29.6851224899292
6.948001828277484e-05,7.512511365348473e-05,29.688860654830933
6.939080776646733e-05,7.505664689233527e-05,29.692790508270264
6.930367817403749e-05,7.498642662540078e-05,29.697632312774658
6.921862222952768e-05,7.491445285268128e-05,29.70140051841736
6.913561810506508e-05,7.484074012609199e-05,29.705134868621826
6.905467307660729e-05,7.476529572159052e-05,29.708921194076538
6.897575076436624e-05,7.46881341910921e-05,29.713366746902466
6.889885844429955e-05,7.460927008651197e-05,29.71733331680298
6.882394518470392e-05,7.452871795976534e-05,29.72136378288269
6.875102553749457e-05,7.444648508680984e-05,29.72516441345215
6.868005584692582e-05,7.436260784743354e-05,29.729193925857544
6.861102883704007e-05,7.427708624163643e-05,29.733295440673828
6.854391540400684e-05,7.418995664920658e-05,29.737017393112183
6.847867916803807e-05,7.410123362205923e-05,29.740784645080566
6.841530557721853e-05,7.40109317121096e-05,29.744593858718872
6.835376552771777e-05,7.391908729914576e-05,29.749059677124023
6.82940153637901e-05,7.382571493508294e-05,29.753089666366577
6.82360478094779e-05,7.37308437237516e-05,29.756996393203735
6.817981920903549e-05,7.363449549302459e-05,29.760777473449707
6.81252931826748e-05,7.353669934673235e-05,29.766611576080322
6.807244790252298e-05,7.343748438870534e-05,29.7707097530365
6.802123971283436e-05,7.333687244681641e-05,29.774906158447266
6.797164678573608e-05,7.323489262489602e-05,29.779151439666748
6.792363274144009e-05,7.313158130273223e-05,29.783710479736328
6.787714664824307e-05,7.30269675841555e-05,29.787551403045654
6.783216667827219e-05,7.292106602108106e-05,29.791508436203003
6.778864917578176e-05,7.28139202692546e-05,29.795843362808228
6.774657231289893e-05,7.270555215654895e-05,29.800591230392456
6.77058778819628e-05,7.259599806275219e-05,29.804505825042725
6.766654405510053e-05,7.248527981573716e-05,29.808417320251465
6.762853445252404e-05,7.237344107124954e-05,29.81248164176941
6.759180541848764e-05,7.226050365716219e-05,29.816872119903564
6.755632057320327e-05,7.214649667730555e-05,29.820717811584473
6.752204353688285e-05,7.20314565114677e-05,29.824622631072998
6.74889306537807e-05,7.19154195394367e-05,29.828824520111084
6.745696009602398e-05,7.179839303717017e-05,29.833402395248413
6.7426088207867e-05,7.168044248828664e-05,29.837157011032104
6.739627860952169e-05,7.156156789278612e-05,29.840944528579712
6.736748036928475e-05,7.144182018237188e-05,29.844731092453003
6.733967893524095e-05,7.132121390895918e-05,29.84948992729187
6.731283065164462e-05,7.119978545233607e-05,29.853318452835083
6.728689913870767e-05,7.107757846824825e-05,29.857138872146606
6.726184801664203e-05,7.095460750861093e-05,29.860934019088745
6.723763362970203e-05,7.083090167725459e-05,29.86578941345215
6.721423415001482e-05,7.070649735396728e-05,29.869518995285034
6.719160592183471e-05,7.058142364257947e-05,29.87330675125122
6.716972711728886e-05,7.04557096469216e-05,29.877121448516846
6.714854680467397e-05,7.032938447082415e-05,29.88196635246277
6.71280431561172e-05,7.020246994215995e-05,29.8857684135437
6.710817979183048e-05,7.007500971667469e-05,29.889489889144897
6.708892760798335e-05,6.994701834628358e-05,29.893266201019287
6.707025022478774e-05,6.98185249348171e-05,29.898170948028564
6.705211126245558e-05,6.968957313802093e-05,29.90190052986145
6.703448161715642e-05,6.956018478376791e-05,29.905667066574097
6.701733218505979e-05,6.943036714801565e-05,29.909440994262695
6.700063386233523e-05,6.930017843842506e-05,29.914310693740845
6.698434299323708e-05,6.916963320691139e-05,29.918062686920166
6.696844502585009e-05,6.903874600538984e-05,29.92179250717163
6.695289630442858e-05,6.890756776556373e-05,29.925585746765137
6.69376750010997e-05,6.877610576339066e-05,29.929623126983643
6.69227447360754e-05,6.864441093057394e-05,29.93363356590271
6.690808368148282e-05,6.851248326711357e-05,29.93735361099243
6.68936554575339e-05,6.838037370471284e-05,29.941115856170654
6.687942368444055e-05,6.824809679528698e-05,29.945101737976074
6.686537381028756e-05,6.811568891862407e-05,29.94997787475586
6.685146217932925e-05,6.798316462663934e-05,29.953697204589844
6.683767423965037e-05,6.785056757507846e-05,29.957465171813965
6.682396633550525e-05,6.771791231585667e-05,29.96126937866211
6.681030936306342e-05,6.758522795280442e-05,29.96598529815674
6.679668877040967e-05,6.74525581416674e-05,29.97021722793579
6.678306090179831e-05,6.731991743436083e-05,29.974031686782837
6.676939665339887e-05,6.718733493471518e-05,29.977850437164307
6.675567419733852e-05,6.70548397465609e-05,29.982385396957397
6.674185715382919e-05,6.692246824968606e-05,29.986120223999023
6.672791641904041e-05,6.679024954792112e-05,29.98989748954773
6.671383016509935e-05,6.665820546913892e-05,29.993679761886597
6.669955473626032e-05,6.652637239312753e-05,29.998538732528687
6.668506102869287e-05,6.639477942371741e-05,30.00227975845337
6.667033449048176e-05,6.626345566473901e-05,30.006032466888428
6.665533146588132e-05,6.613243749598041e-05,30.009843111038208
6.664001557510346e-05,6.600174674531445e-05,30.01479196548462
6.662437954219058e-05,6.587142706848681e-05,30.01850152015686
6.660836515948176e-05,6.574150756932795e-05,30.02237057685852
6.659195059910417e-05,6.561201735166833e-05,30.026283740997314
6.657511403318495e-05,6.548299279529601e-05,30.030999422073364
6.655781908193603e-05,6.535447027999908e-05,30.03470492362976
6.654002208961174e-05,6.522647890960798e-05,30.038414001464844
6.652170122833923e-05,6.509904778795317e-05,30.04220461845398
6.650282739428803e-05,6.497222784673795e-05,30.046178340911865
6.648335693171248e-05,6.484604091383517e-05,30.05021357536316
6.646326801273972e-05,6.47205306449905e-05,30.053910493850708
6.644252425758168e-05,6.459572614403442e-05,30.05768370628357
6.64210892864503e-05,6.447167106671259e-05,30.061439275741577
6.639893399551511e-05,6.434839451685548e-05,30.06606125831604
6.637602200498804e-05,6.422594015020877e-05,30.06981873512268
6.635233148699626e-05,6.410434434656054e-05,30.0735342502594
6.632781878579408e-05,6.398363620974123e-05,30.0773286819458
6.630245479755104e-05,6.386385939549655e-05,30.081910133361816
6.627619586652145e-05,6.374505755957216e-05,30.08560276031494
6.624902744079009e-05,6.362725980579853e-05,30.089364051818848
6.622091314056888e-05,6.351050251396373e-05,30.093228101730347
6.619180931011215e-05,6.339482933981344e-05,30.09811758995056
6.616169412154704e-05,6.328027666313574e-05,30.101829290390015
6.61305311950855e-05,6.316687358776107e-05,30.105534076690674
6.609829870285466e-05,6.305467104539275e-05,30.109339952468872
6.606494571315125e-05,6.294369813986123e-05,30.11428713798523
6.603045767406002e-05,6.283399125095457e-05,30.118090629577637
6.599480548175052e-05,6.272558675846085e-05,30.121912717819214
6.595795275643468e-05,6.261852831812575e-05,30.12567138671875
6.591987039428204e-05,6.251284503377974e-05,30.13002300262451
6.588052929146215e-05,6.240855873329565e-05,30.13393759727478
6.583990034414455e-05,6.23057276243344e-05,30.137632369995117
6.579796900041401e-05,6.220437353476882e-05,30.141414642333984
6.575469160452485e-05,6.210452556842938e-05,30.145264625549316
6.571005360456184e-05,6.200622010510415e-05,30.149911403656006
6.566402589669451e-05,6.190948624862358e-05,30.153589725494385
6.561658665305004e-05,6.181435310281813e-05,30.15739107131958
6.556772132171318e-05,6.172085704747587e-05,30.161176919937134
6.551740079885349e-05,6.162901263451204e-05,30.166075706481934
6.54655959806405e-05,6.153884896775708e-05,30.170767784118652
6.541229959111661e-05,6.145040242699906e-05,30.17553400993347
6.535749707836658e-05,6.136368028819561e-05,30.179561138153076
6.530115206260234e-05,6.127871165517718e-05,30.18375253677368
6.524327909573913e-05,6.119552563177422e-05,30.187613010406494
6.518384179798886e-05,6.111412221798673e-05,30.191702365875244
6.512282561743632e-05,6.103453051764518e-05,30.195594549179077
6.506023783003911e-05,6.095676144468598e-05,30.200303316116333
6.49960566079244e-05,6.088083318900317e-05,30.203969478607178
6.493027467513457e-05,6.0806749388575554e-05,30.207704067230225
6.486289203166962e-05,6.073452459531836e-05,30.211454391479492
6.479389412561432e-05,6.06641624472104e-05,30.215877771377563
6.47232955088839e-05,6.0595670220209286e-05,30.21959400177002
6.465108162956312e-05,6.052905155229382e-05,30.223516941070557
6.4577252487652e-05,6.046430644346401e-05,30.227414846420288
6.450181535910815e-05,6.0401431255741045e-05,30.231930255889893
6.442477751988918e-05,6.0340425989124924e-05,30.235636234283447
6.43461462459527e-05,6.028127972967923e-05,30.239525318145752
6.426592153729871e-05,6.0223988839425147e-05,30.243834257125854
6.418411794584244e-05,6.016854240442626e-05,30.2486469745636
6.410075002349913e-05,6.011492951074615e-05,30.252358436584473
6.4015832322184e-05,6.006312105455436e-05,30.256081104278564
6.392937939381227e-05,6.0013113397872075e-05,30.259844303131104
6.384140579029918e-05,5.996488471282646e-05,30.26431941986084
6.375194789143279e-05,5.9918409533565864e-05,30.26806330680847
6.366100569721311e-05,5.987365875625983e-05,30.272032737731934
6.356861558742821e-05,5.983061055303551e-05,30.275891304016113
6.347481394186616e-05,5.9789239458041266e-05,30.28006148338318
6.337961531244218e-05,5.9749498177552596e-05,30.283814668655396
6.328304880298674e-05,5.971136852167547e-05,30.287515878677368
6.318515806924552e-05,5.967480319668539e-05,30.291942358016968
6.308596493909135e-05,5.963977673673071e-05,30.296056032180786
6.298551306826994e-05,5.960623093415052e-05,30.300029516220093
6.288384611252695e-05,5.957412940915674e-05,30.303756713867188
6.278099317569286e-05,5.954343578196131e-05,30.307472467422485
6.267701246542856e-05,5.951409548288211e-05,30.311222791671753
6.257192580960691e-05,5.9486057580215856e-05,30.31579566001892
6.246579869184643e-05,5.945927114225924e-05,30.319479942321777
6.23586674919352e-05,5.943368887528777e-05,30.323207139968872
6.225057586561888e-05,5.940925620961934e-05,30.328473567962646
6.214159657247365e-05,5.9385911299614236e-05,30.33358907699585
6.203175871632993e-05,5.936360321356915e-05,30.33753776550293
6.192112778080627e-05,5.934227374382317e-05,30.341320514678955
6.180975469760597e-05,5.9321853768778965e-05,30.345183849334717
6.169769767438993e-05,5.9302288718754426e-05,30.34947943687439
6.158502219477668e-05,5.928351674810983e-05,30.353150844573975
6.14717646385543e-05,5.9265476011205465e-05,30.35692858695984
6.135800504125655e-05,5.924809738644399e-05,30.3606858253479
6.124380161054432e-05,5.923131902818568e-05,30.365254878997803
6.112921255407855e-05,5.92150681768544e-05,30.368948698043823
6.1014296079520136e-05,5.919929390074685e-05,30.372655391693115
6.089911767048761e-05,5.918391252635047e-05,30.37641930580139
6.078374644857831e-05,5.916886584600434e-05,30.380988359451294
6.066824425943196e-05,5.915408837608993e-05,30.384696006774902
6.055267294868827e-05,5.913950735703111e-05,30.388383150100708
6.043710163794458e-05,5.912505730520934e-05,30.39214324951172
6.032159217284061e-05,5.9110676374984905e-05,30.39765739440918
6.0206217312952504e-05,5.909628816880286e-05,30.401582717895508
6.009102798998356e-05,5.908183447900228e-05,30.40531897544861
5.9976100601488724e-05,5.9067246183985844e-05,30.409127473831177
5.986149699310772e-05,5.905245416215621e-05,30.41338062286377
5.974727901048027e-05,5.9037400205852464e-05,30.417205810546875
5.963351941318251e-05,5.902201519347727e-05,30.42089581489563
5.952026913291775e-05,5.900624091736972e-05,30.424977779388428
5.940759729128331e-05,5.89900191698689e-05,30.42897057533264
5.929556209594011e-05,5.8973277191398665e-05,30.433310508728027
5.918422539252788e-05,5.895596041227691e-05,30.436980962753296
5.907365266466513e-05,5.8938014262821525e-05,30.440717458724976
5.896388756809756e-05,5.891938417335041e-05,30.444464445114136
5.885500286240131e-05,5.890000466024503e-05,30.449053049087524
5.874704220332205e-05,5.8879835705738515e-05,30.452720165252686
5.864006743649952e-05,5.8858819102169946e-05,30.4564049243927
5.8534122217679396e-05,5.883690755581483e-05,30.46061897277832
5.8429261116543785e-05,5.8814050134969875e-05,30.465240716934204
5.8325535064795986e-05,5.879019954591058e-05,30.46890687942505
5.822298044222407e-05,5.876531940884888e-05,30.472594499588013
5.8121651818510145e-05,5.873936243006028e-05,30.476361751556396
5.802158557344228e-05,5.871229586773552e-05,30.48102307319641
5.792282536276616e-05,5.86840724281501e-05,30.484720945358276
5.7825400290312245e-05,5.865466664545238e-05,30.48837637901306
5.772935401182622e-05,5.862404213985428e-05,30.492400884628296
5.7634711993159726e-05,5.859216980752535e-05,30.496728897094727
5.7541506976122037e-05,5.855902418261394e-05,30.50059986114502
5.74497644265648e-05,5.852457616128959e-05,30.504322290420532
5.735950981033966e-05,5.848880755365826e-05,30.508053302764893
5.727076859329827e-05,5.845169289386831e-05,30.511828184127808
5.7183551689377055e-05,5.841322126798332e-05,30.516079425811768
5.709787365049124e-05,5.837337448610924e-05,30.520187377929688
5.7013752666534856e-05,5.833214527228847e-05,30.524322986602783
5.693119965144433e-05,5.828951907460578e-05,30.5284640789032
5.685021824319847e-05,5.824548861710355e-05,30.532808542251587
5.677081207977608e-05,5.8200057537760586e-05,30.536492586135864
5.669298116117716e-05,5.815322219859809e-05,30.540306091308594
5.6616729125380516e-05,5.8104975323658437e-05,30.544063568115234
5.654204869642854e-05,5.8055327826878056e-05,30.548580169677734
5.6468925322405994e-05,5.8004290622193366e-05,30.552783489227295
5.639736264129169e-05,5.7951867347583175e-05,30.556593894958496
5.6327335187233984e-05,5.7898065279005095e-05,30.560410499572754
5.625883204629645e-05,5.784290988231078e-05,30.56484293937683
5.619183139060624e-05,5.7786408433457837e-05,30.568517684936523
5.6126315030269325e-05,5.772858639829792e-05,30.57313561439514
5.6062257499434054e-05,5.766945832874626e-05,30.577935218811035
5.599962605629116e-05,5.760905332863331e-05,30.58324360847473
5.5938406148925424e-05,5.7547400501789525e-05,30.586940050125122
5.5878550483612344e-05,5.7484518038108945e-05,30.59066891670227
5.582003723247908e-05,5.742044231737964e-05,30.594411849975586
5.576282273977995e-05,5.735520971938968e-05,30.599321842193604
5.5706874263705686e-05,5.728884570999071e-05,30.603050470352173
5.56521445105318e-05,5.722139758290723e-05,30.60702872276306
5.559859346249141e-05,5.71528980799485e-05,30.611183404922485
5.554618110181764e-05,5.708338358090259e-05,30.615792989730835
5.5494860134785995e-05,5.701289774151519e-05,30.61945414543152
5.544458326767199e-05,5.6941487855510786e-05,30.62315845489502
5.5395299568772316e-05,5.686919757863507e-05,30.627108812332153
5.534696174436249e-05,5.679606692865491e-05,30.631954193115234
5.52995152247604e-05,5.672215047525242e-05,30.635632514953613
5.525291635422036e-05,5.6647491874173284e-05,30.639363050460815
5.520709601114504e-05,5.6572149333078414e-05,30.64316415786743
5.516201417776756e-05,5.649616286973469e-05,30.647825717926025
5.5117612646427006e-05,5.6419587053824216e-05,30.651708364486694
5.5073833209462464e-05,5.634248009300791e-05,30.656362771987915
5.503062129719183e-05,5.626488200505264e-05,30.66123628616333
5.4987918701954186e-05,5.6186858273576945e-05,30.66636037826538
5.494567449204624e-05,5.610845983028412e-05,30.67043423652649
5.490383045980707e-05,5.6029733968898654e-05,30.674485445022583
5.4862328397575766e-05,5.5950738897081465e-05,30.678490161895752
5.4821113735670224e-05,5.587152918451466e-05,30.68354082107544
5.4780131904408336e-05,5.5792163038859144e-05,30.687422275543213
5.473932105815038e-05,5.571268411586061e-05,30.691365957260132
5.469864117912948e-05,5.563315426115878e-05,30.695476055145264
5.465802678372711e-05,5.555362440645695e-05,30.700002193450928
5.4617426940239966e-05,5.5474145483458415e-05,30.70382571220398
5.457679071696475e-05,5.539476842386648e-05,30.707690954208374
5.4536070820176974e-05,5.531554779736325e-05,30.712161779403687
5.449521268019453e-05,5.523653089767322e-05,30.716729640960693
5.445416900329292e-05,5.515776138054207e-05,30.720558643341064
5.4412892495747656e-05,5.507930109160952e-05,30.724472999572754
5.4371339501813054e-05,5.500118641066365e-05,30.728469610214233
5.432946272776462e-05,5.492345735547133e-05,30.73332691192627
5.428722215583548e-05,5.484617577167228e-05,30.73713970184326
5.424457776825875e-05,5.476936712511815e-05,30.741047620773315
5.4201489547267556e-05,5.469307507155463e-05,30.745159149169922
5.4157921113073826e-05,5.461734690470621e-05,30.749481678009033
5.411383244791068e-05,5.454221536638215e-05,30.753183841705322
5.406919808592647e-05,5.446771319839172e-05,30.756902933120728
5.402398528531194e-05,5.4393880418501794e-05,30.760651350021362
5.397816130425781e-05,5.432074249256402e-05,30.76520347595215
5.393170067691244e-05,5.424833216238767e-05,30.76888918876648
5.388457793742418e-05,5.4176674893824384e-05,30.772618055343628
5.3836774895899e-05,5.4105796152725816e-05,30.776389122009277
5.378826244850643e-05,5.4035721404943615e-05,30.78100895881653
5.373902968131006e-05,5.396646884037182e-05,30.784706354141235
5.368906204239465e-05,5.389806392486207e-05,30.788368701934814
5.363834134186618e-05,5.383051393437199e-05,30.792115926742554
5.358685302780941e-05,5.3763837058795616e-05,30.796112775802612
5.353460073820315e-05,5.3698040574090555e-05,30.800021648406982
5.348156628315337e-05,5.3633142670150846e-05,30.803673267364502
5.3427746024681255e-05,5.3569146984955296e-05,30.807467460632324
5.3373143600765616e-05,5.3506053518503904e-05,30.811214208602905
5.3317755373427644e-05,5.344387318473309e-05,30.81574058532715
5.326158498064615e-05,5.338259506970644e-05,30.819410800933838
5.320463969837874e-05,5.332223008736037e-05,30.82310152053833
5.3146919526625425e-05,5.3262763685779646e-05,30.82693362236023
5.308843174134381e-05,5.320419222698547e-05,30.831911087036133
5.3029198170406744e-05,5.314651207299903e-05,30.83557915687561
5.296921881381422e-05,5.3089701395947486e-05,30.839356660842896
5.29085191374179e-05,5.303375655785203e-05,30.843112230300903
5.284710641717538e-05,5.2978659368818626e-05,30.847684144973755
5.278500611893833e-05,5.292439891491085e-05,30.851380109786987
5.2722236432600766e-05,5.2870946092298254e-05,30.855024576187134
5.2658819186035544e-05,5.28182863490656e-05,30.858821392059326
5.2594772569136694e-05,5.276639785734005e-05,30.862794876098633
5.253013296169229e-05,5.271525151329115e-05,30.866730213165283
5.246491855359636e-05,5.266482912702486e-05,30.870420694351196
5.239915844867937e-05,5.2615097956731915e-05,30.874178409576416
5.2332881750771776e-05,5.256602889858186e-05,30.877959966659546
5.226612483966164e-05,5.251760012470186e-05,30.882803201675415
5.2198913181200624e-05,5.246977161732502e-05,30.886504650115967
5.2131275879219174e-05,5.24225142726209e-05,30.890244960784912
5.206326022744179e-05,5.237579534878023e-05,30.89402198791504
5.1994888053741306e-05,5.2329582103993744e-05,30.898753881454468
5.192619937588461e-05,5.2283834520494565e-05,30.902496814727783
5.185723421163857e-05,5.223851985647343e-05,30.90623927116394
5.178802530281246e-05,5.219360537012108e-05,30.90998125076294
5.171860539121553e-05,5.214904740569182e-05,30.91488242149353
5.164901813259348e-05,5.210481322137639e-05,30.918573141098022
5.157930718269199e-05,5.2060862799407914e-05,30.922667741775513
5.150949800736271e-05,5.201715975999832e-05,30.926488399505615
5.1439637900330126e-05,5.197366408538073e-05,30.931019067764282
5.136975960340351e-05,5.193033939576708e-05,30.934738874435425
5.1299903134349734e-05,5.1887149311369285e-05,30.93845534324646
5.123010851093568e-05,5.184405017644167e-05,30.942214012145996
5.1160412112949416e-05,5.180100924917497e-05,30.946091651916504
5.1090850320179015e-05,5.17579865118023e-05,30.9506094455719
5.102146678837016e-05,5.17149455845356e-05,30.954747438430786
5.095229062135331e-05,5.167185008758679e-05,30.958659648895264
5.088335819891654e-05,5.162867091712542e-05,30.962656497955322
5.0814702262869105e-05,5.158536077942699e-05,30.966700792312622
5.074636283097789e-05,5.154189420863986e-05,30.97037434577942
5.067837264505215e-05,5.149823482497595e-05,30.97410821914673
5.061076080892235e-05,5.1454349886626005e-05,30.978983163833618
5.0543567340355366e-05,5.141021028975956e-05,30.98388648033142
5.0476810429245234e-05,5.136577965458855e-05,30.987828731536865
5.041052645538002e-05,5.132103615324013e-05,30.991641998291016
5.034474088461138e-05,5.127593976794742e-05,30.995959281921387
5.027948645874858e-05,5.1230479584774e-05,31.000463724136353
5.0214781367685646e-05,5.1184615585953e-05,31.004127264022827
5.015065107727423e-05,5.113832958159037e-05,31.007867336273193
5.00871246913448e-05,5.1091599743813276e-05,31.01179337501526
5.002421676181257e-05,5.104440060677007e-05,31.016432762145996
4.996194547857158e-05,5.09967103425879e-05,31.020089626312256
4.9900343583431095e-05,5.094851439935155e-05,31.024101734161377
4.9839411076391116e-05,5.089979458716698e-05,31.027974605560303
4.9779169785324484e-05,5.0850529078161344e-05,31.03268837928772
4.9719637900125235e-05,5.080071059637703e-05,31.036361694335938
4.9660819058772177e-05,5.075032095192e-05,31.040154933929443
4.960273145115934e-05,5.069935286883265e-05,31.04395627975464
4.954538235324435e-05,5.064778815722093e-05,31.048369646072388
4.9488775403006e-05,5.059562317910604e-05,31.05227303504944
4.943292151438072e-05,5.0542857934487984e-05,31.057040452957153
4.937782432534732e-05,5.048947787145153e-05,31.060944080352783
4.932348383590579e-05,5.043547571403906e-05,31.065357446670532
4.9269900046056136e-05,5.038085510022938e-05,31.06903839111328
4.921708023175597e-05,5.032561966800131e-05,31.072731494903564
4.916501711704768e-05,5.02697512274608e-05,31.076478004455566
4.9113703425973654e-05,5.0213267968501896e-05,31.0810387134552
4.906315007247031e-05,5.015616989112459e-05,31.084733486175537
4.9013331590685993e-05,5.009845335735008e-05,31.0884211063385
4.8964255256578326e-05,5.0040132919093594e-05,31.092455863952637
4.891590651823208e-05,4.998120493837632e-05,31.096739530563354
4.886828173766844e-05,4.99216876050923e-05,31.100542068481445
4.882136272499338e-05,4.986158455722034e-05,31.104263305664062
4.877513856627047e-05,4.980089943273924e-05,31.10807514190674
4.8729601985542104e-05,4.973965769750066e-05,31.111831188201904
4.8684731154935434e-05,4.9677859351504594e-05,31.11615514755249
4.864051879849285e-05,4.961551894666627e-05,31.120017290115356
4.859694672632031e-05,4.955265831085853e-05,31.123730421066284
4.855399674852379e-05,4.9489284720038995e-05,31.127479553222656
4.851165067520924e-05,4.942541636410169e-05,31.131946563720703
4.846989395446144e-05,4.936106415698305e-05,31.135662078857422
4.842870475840755e-05,4.92962499265559e-05,31.13951539993286
4.8388064897153527e-05,4.923099186271429e-05,31.143306970596313
4.834795981878415e-05,4.916530451737344e-05,31.14772319793701
4.830836405744776e-05,4.909920608042739e-05,31.15140962600708
4.8269255785271525e-05,4.903272201772779e-05,31.155085563659668
4.8230616812361404e-05,4.8965859605232254e-05,31.1588773727417
4.819242894882336e-05,4.889865158475004e-05,31.162752628326416
4.815466672880575e-05,4.883110523223877e-05,31.16665816307068
4.8117308324435726e-05,4.8763249651528895e-05,31.170324563980103
4.808034282177687e-05,4.869509575655684e-05,31.17404294013977
4.80437338410411e-05,4.862666901317425e-05,31.17781639099121
4.800747410627082e-05,4.855799852521159e-05,31.182482481002808
4.797153451363556e-05,4.848908429266885e-05,31.186295986175537
4.793589687324129e-05,4.84199590573553e-05,31.190023183822632
4.790054299519397e-05,4.8350641009164974e-05,31.193785667419434
4.786544377566315e-05,4.8281151975970715e-05,31.198641300201416
4.7830591938691214e-05,4.821149923373014e-05,31.202385902404785
4.7795965656405315e-05,4.814171916223131e-05,31.206130981445312
4.7761539462953806e-05,4.8071815399453044e-05,31.209935188293457
4.772729880642146e-05,4.800180977326818e-05,31.214357376098633
4.769322549691424e-05,4.793172774952836e-05,31.218082904815674
4.7659304982516915e-05,4.786158024217002e-05,31.22184133529663
4.762551543535665e-05,4.779138180310838e-05,31.22559380531311
4.759184594149701e-05,4.7721150622237474e-05,31.22973346710205
4.755827831104398e-05,4.765090488945134e-05,31.233617544174194
4.7524794354103506e-05,4.75806555186864e-05,31.237284898757935
4.749139043269679e-05,4.7510420699836686e-05,31.24100375175476
4.745804471895099e-05,4.744021134683862e-05,31.244810581207275
4.742474266095087e-05,4.737003837362863e-05,31.2495219707489
4.739148425869644e-05,4.729992360807955e-05,31.253190755844116
4.735824404633604e-05,4.7229870688170195e-05,31.25698471069336
4.732501838589087e-05,4.715989052783698e-05,31.260862350463867
4.729180000140332e-05,4.708999767899513e-05,31.265252590179443
4.7258577978936955e-05,4.7020195779623464e-05,31.269089221954346
4.722533776657656e-05,4.695050301961601e-05,31.272804737091064
4.7192079364322126e-05,4.688091576099396e-05,31.2765531539917
4.715879185823724e-05,4.681145219365135e-05,31.281017065048218
4.712547524832189e-05,4.674211231758818e-05,31.284693241119385
4.709211862063967e-05,4.667291068471968e-05,31.28837752342224
4.705871469923295e-05,4.6603843657067046e-05,31.292134284973145
4.702526348410174e-05,4.653492214856669e-05,31.296049118041992
4.6991761337267235e-05,4.6466146159218624e-05,31.300020456314087
4.695820462075062e-05,4.6397519327001646e-05,31.3040030002594
4.6924589696573094e-05,4.632904892787337e-05,31.307889461517334
4.6890912926755846e-05,4.626073859981261e-05,31.311833143234253
4.685717431129888e-05,4.6192584704840556e-05,31.31617784500122
4.68233811261598e-05,4.612459088093601e-05,31.319857358932495
4.678951154346578e-05,4.6056764404056594e-05,31.323772192001343
4.6755591029068455e-05,4.598909799824469e-05,31.3277268409729
4.67216013930738e-05,4.592159893945791e-05,31.332370042800903
4.668754627346061e-05,4.5854256313759834e-05,31.336028337478638
4.665343658416532e-05,4.5787081035086885e-05,31.339713096618652
4.661925777327269e-05,4.5720069465460256e-05,31.34346842765808
4.658502075471915e-05,4.565321796690114e-05,31.34817600250244
4.6550718252547085e-05,4.558653017738834e-05,31.35193943977356
4.651636481867172e-05,4.552000609692186e-05,31.356000423431396
4.648194953915663e-05,4.545363844954409e-05,31.359879970550537
4.644747968995944e-05,4.5387430873233825e-05,31.364851236343384
4.6412958909058943e-05,4.532137973001227e-05,31.36868405342102
4.637837628251873e-05,4.525548138190061e-05,31.372562170028687
4.6343742724275216e-05,4.518974310485646e-05,31.377322673797607
4.63090545963496e-05,4.5124153984943405e-05,31.382774353027344
4.627432281267829e-05,4.505872129811905e-05,31.38666272163391
4.623952918336727e-05,4.49934414064046e-05,31.39039373397827
4.6204695536289364e-05,4.4928314309800044e-05,31.394492387771606
4.6169807319529355e-05,4.486333637032658e-05,31.3998966217041
4.613486453308724e-05,4.479851122596301e-05,31.403587341308594
4.609987445292063e-05,4.473383887670934e-05,31.40741491317749
4.6064829803071916e-05,4.466932296054438e-05,31.41121482849121
4.602972694556229e-05,4.4604956201510504e-05,31.4161434173584
4.5994569518370554e-05,4.454075315152295e-05,31.419820070266724
4.59593502455391e-05,4.447670289664529e-05,31.423491716384888
4.5924069127067924e-05,4.4412816350813955e-05,31.427244901657104
4.588872616295703e-05,4.434909351402894e-05,31.431947231292725
4.585331043926999e-05,4.4285538024269044e-05,31.435643911361694
4.5817818318028e-05,4.422216443344951e-05,31.439619302749634
4.578224979923107e-05,4.4158958189655095e-05,31.443761110305786
4.574659396894276e-05,4.4095937482779846e-05,31.448660612106323
4.571084718918428e-05,4.4033105950802565e-05,31.452340364456177
4.5675002183998004e-05,4.397046723170206e-05,31.45606541633606
4.5639048039447516e-05,4.390803587739356e-05,31.459813833236694
4.560298111755401e-05,4.384581552585587e-05,31.464459657669067
4.556679414235987e-05,4.37838098150678e-05,31.4684317111969
4.5530472561949864e-05,4.3722033296944574e-05,31.472280263900757
4.549400546238758e-05,4.3660500523401424e-05,31.476187467575073
4.5457392843673006e-05,4.359920785645954e-05,31.481499195098877
4.542061287793331e-05,4.353818076197058e-05,31.4852876663208
4.538366192718968e-05,4.347742287791334e-05,31.489068508148193
4.534652180154808e-05,4.3416948756203055e-05,31.492917776107788
4.530918158707209e-05,4.335677294875495e-05,31.497709274291992
4.527163036982529e-05,4.3296899093547836e-05,31.50158190727234
4.523385359789245e-05,4.323735265643336e-05,31.505427598953247
4.519583671935834e-05,4.317814455134794e-05,31.509337186813354
4.515756882028654e-05,4.311928933020681e-05,31.51434898376465
4.511902807280421e-05,4.306079790694639e-05,31.518316745758057
4.5080210838932544e-05,4.300269210943952e-05,31.522140741348267
4.504108437686227e-05,4.294498648960143e-05,31.52605366706848
4.50016486865934e-05,4.288769559934735e-05,31.531003713607788
4.496188194025308e-05,4.2830837628571317e-05,31.534722566604614
4.4921769585926086e-05,4.277443076716736e-05,31.538394927978516
4.488129343371838e-05,4.271848956705071e-05,31.542557954788208
4.484043893171474e-05,4.2663032218115404e-05,31.54769468307495
4.479918425204232e-05,4.2608080548234284e-05,31.551687955856323
4.47575184807647e-05,4.255364547134377e-05,31.555670976638794
4.4715423427987844e-05,4.2499752453295514e-05,31.560367822647095
4.467288090381771e-05,4.2446412408025935e-05,31.565268993377686
4.4629872718360275e-05,4.239364716340788e-05,31.569013118743896
4.458638795767911e-05,4.2341474909335375e-05,31.572816133499146
4.454240115592256e-05,4.228991019772366e-05,31.576591730117798
4.449790503713302e-05,4.223897121846676e-05,31.581509590148926
4.445288504939526e-05,4.218868343741633e-05,31.585694313049316
4.440731572685763e-05,4.213905049255118e-05,31.589571952819824
4.436118615558371e-05,4.209010148770176e-05,31.593482971191406
4.4314481783658266e-05,4.204184369882569e-05,31.598172426223755
4.4267188059166074e-05,4.1994295315817e-05,31.601886749267578
4.4219290430191904e-05,4.1947478166548535e-05,31.60593271255493
4.417077070684172e-05,4.1901395888999104e-05,31.610265254974365
4.412162161315791e-05,4.1856073949020356e-05,31.615215063095093
4.407182495924644e-05,4.181152326054871e-05,31.61896300315857
4.4021373469149694e-05,4.176775109954178e-05,31.622665643692017
4.3970259866910055e-05,4.172478293185122e-05,31.626463174819946
4.3918458686675876e-05,4.168261511949822e-05,31.631561756134033
4.3865973566425964e-05,4.164126585237682e-05,31.635426998138428
4.381278995424509e-05,4.160074604442343e-05,31.63954520225525
4.375889329821803e-05,4.1561062971595675e-05,31.643486738204956
4.370428359834477e-05,4.152222754782997e-05,31.648587465286255
4.3648953578667715e-05,4.148424704908393e-05,31.65232801437378
4.3592888687271625e-05,4.144712511333637e-05,31.656044244766235
4.35360889241565e-05,4.14108726545237e-05,31.659838438034058
4.347855065134354e-05,4.1375489672645926e-05,31.66435480117798
4.3420277506811544e-05,4.1340979805681854e-05,31.668074369430542
4.336125130066648e-05,4.130734669161029e-05,31.671796560287476
4.330147567088716e-05,4.1274593968410045e-05,31.675880432128906
4.324095425545238e-05,4.124271799810231e-05,31.680994987487793
4.317968341638334e-05,4.121171878068708e-05,31.68500518798828
4.311766679165885e-05,4.1181599954143167e-05,31.688867807388306
4.30549043812789e-05,4.115235060453415e-05,31.692803144454956
4.299139982322231e-05,4.112397073186003e-05,31.69769310951233
4.292715675546788e-05,4.1096453060163185e-05,31.701544523239136
4.286218245397322e-05,4.106979395146482e-05,31.705431938171387
4.279648419469595e-05,4.104398612980731e-05,31.709518432617188
4.2730065615614876e-05,4.1019011405296624e-05,31.714351415634155
4.266293399268761e-05,4.099487705389038e-05,31.71808099746704
4.259510023985058e-05,4.097155397175811e-05,31.72175884246826
4.252657890901901e-05,4.094904215889983e-05,31.725502490997314
4.24573736381717e-05,4.092732342542149e-05,31.72959280014038
4.2387506255181506e-05,4.090638321940787e-05,31.733556985855103
4.2316980398027226e-05,4.088620698894374e-05,31.737608194351196
4.22458142566029e-05,4.086678018211387e-05,31.74147057533264
4.2174029658781365e-05,4.084808460902423e-05,31.74550485610962
4.210163024254143e-05,4.0830098441801965e-05,31.75003957748413
4.202864511171356e-05,4.081280349055305e-05,31.75394296646118
4.1955085180234164e-05,4.079618156538345e-05,31.757840871810913
4.1880968637997285e-05,4.0780210838420317e-05,31.761837244033813
4.180632095085457e-05,4.0764865843812004e-05,31.766685962677002
4.1731160308700055e-05,4.075012475368567e-05,31.770554542541504
4.165550853940658e-05,4.0735969378147274e-05,31.77498984336853
4.1579387470846996e-05,4.0722370613366365e-05,31.779261350631714
4.150281529291533e-05,4.070930299349129e-05,31.783386707305908
4.1425828385399655e-05,4.0696741052670404e-05,31.787098169326782
4.134843766223639e-05,4.068465204909444e-05,31.791887760162354
4.127067586523481e-05,4.0673021430848166e-05,31.797565698623657
4.119256846024655e-05,4.066180918016471e-05,31.80147433280945
4.1114140913123265e-05,4.065099710715003e-05,31.80532193183899
4.103541868971661e-05,4.0640548832016066e-05,31.80933666229248
4.095643453183584e-05,4.063043888891116e-05,31.814624547958374
4.08772102673538e-05,4.062063089804724e-05,31.81850004196167
4.079777863807976e-05,4.061110666953027e-05,31.822412729263306
4.0718168747844175e-05,4.060182618559338e-05,31.82634162902832
4.063840606249869e-05,4.059276761836372e-05,31.831407070159912
4.055852332385257e-05,4.058389095007442e-05,31.83516788482666
4.047855327371508e-05,4.057517071487382e-05,31.83910632133484
4.039852137793787e-05,4.056657417095266e-05,31.843242406845093
4.03184603783302e-05,4.055807221448049e-05,31.848562479019165
4.023840301670134e-05,4.054962846566923e-05,31.856428623199463
4.0158378396881744e-05,4.054122109664604e-05,31.86086940765381
4.007841562270187e-05,4.0532810089644045e-05,31.8666353225708
3.999854743597098e-05,4.052436997881159e-05,31.871159553527832
3.9918806578498334e-05,4.051586802233942e-05,31.876027822494507
3.98392257920932e-05,4.050727511639707e-05,31.881973028182983
3.9759826904628426e-05,4.0498558519175276e-05,31.88681197166443
3.968065357184969e-05,4.0489692764822394e-05,31.891391038894653
3.960173125960864e-05,4.048064147355035e-05,31.89679718017578
3.952308907173574e-05,4.0471379179507494e-05,31.901392221450806
3.944475611206144e-05,4.046188041684218e-05,31.905208587646484
3.9366768760373816e-05,4.045210880576633e-05,31.909217357635498
3.928915612050332e-05,4.04420388804283e-05,31.913010358810425
3.92119400203228e-05,4.043164517497644e-05,31.916938304901123
3.913516047759913e-05,4.0420902223559096e-05,31.92042565345764
3.9058835682226345e-05,4.040977728436701e-05,31.924109935760498
3.8983005651971325e-05,4.039824489154853e-05,31.928180932998657
3.8907688576728106e-05,4.038628321723081e-05,31.933018445968628
3.883292083628476e-05,4.037386679556221e-05,31.936825275421143
3.8758720620535314e-05,4.036097016069107e-05,31.940929651260376
3.868512067128904e-05,4.034757148474455e-05,31.945168495178223
3.861214645439759e-05,4.0333645301871e-05,31.950180530548096
3.85398197977338e-05,4.031916614621878e-05,31.954203128814697
3.846816616714932e-05,4.0304119465872645e-05,31.95807433128357
3.839721466647461e-05,4.028847615700215e-05,31.961910247802734
3.83269798476249e-05,4.027222530567087e-05,31.966723680496216
3.8257494452409446e-05,4.025534144602716e-05,31.970476865768433
3.8188773032743484e-05,4.023780275019817e-05,31.97443127632141
3.8120833778521046e-05,4.021960194222629e-05,31.97821283340454
3.80537094315514e-05,4.0200706280302256e-05,31.982946157455444
3.798740726779215e-05,4.018111576442607e-05,31.986671447753906
3.792194911511615e-05,4.0160804928746074e-05,31.990471363067627
3.7857356801396236e-05,4.0139762859325856e-05,31.99431324005127
3.779364124056883e-05,4.011796772829257e-05,31.999202251434326
3.773082426050678e-05,4.009541589766741e-05,32.00291728973389
3.76689167751465e-05,4.007209281553514e-05,32.00671100616455
3.7607940612360835e-05,4.004798029200174e-05,32.01103138923645
3.754789213417098e-05,4.0023078327067196e-05,32.01591968536377
3.748880044440739e-05,3.999736509285867e-05,32.019606828689575
3.743066918104887e-05,3.997083695139736e-05,32.02345609664917
3.7373509258031845e-05,3.9943486626725644e-05,32.02723836898804
3.731733522727154e-05,3.9915303204907104e-05,32.032050132751465
3.726215072674677e-05,3.988628668594174e-05,32.03577947616577
3.7207966670393944e-05,3.9856422517914325e-05,32.039490938186646
3.715478305821307e-05,3.982570706284605e-05,32.04324769973755
3.710261080414057e-05,3.9794140320736915e-05,32.04771876335144
3.705145718413405e-05,3.9761715015629306e-05,32.05171084403992
3.700132219819352e-05,3.9728431147523224e-05,32.05545663833618
3.695221312227659e-05,3.9694281440461054e-05,32.05933117866516
3.6904122680425644e-05,3.9659269532421604e-05,32.064311504364014
3.68570581485983e-05,3.9623391785426065e-05,32.06832671165466
3.681101952679455e-05,3.9586651837453246e-05,32.07207131385803
3.676600681501441e-05,3.954904241254553e-05,32.07591390609741
3.6722016375279054e-05,3.9510574424639344e-05,32.080106019973755
3.667904456960969e-05,3.947124059777707e-05,32.08416485786438
3.6637091398006305e-05,3.9431055483873934e-05,32.08788871765137
3.659614594653249e-05,3.939001544495113e-05,32.09183859825134
3.6556208215188235e-05,3.934812411898747e-05,32.095847368240356
3.651727092801593e-05,3.930539241991937e-05,32.10014343261719
3.6479326809057966e-05,3.926181670976803e-05,32.10392093658447
3.6442364944377914e-05,3.9217411540448666e-05,32.107688426971436
3.640638169599697e-05,3.91721841879189e-05,32.11146116256714
3.637136614997871e-05,3.9126134652178735e-05,32.11627173423767
3.633730375440791e-05,3.90792811231222e-05,32.12001824378967
3.630418723332696e-05,3.90316236007493e-05,32.12386918067932
3.6272002034820616e-05,3.898317663697526e-05,32.12771964073181
3.624073724495247e-05,3.89339511457365e-05,32.132601737976074
3.621037831180729e-05,3.8883958040969446e-05,32.13633394241333
3.618091068346985e-05,3.883320459863171e-05,32.140148878097534
3.615231980802491e-05,3.878170537063852e-05,32.14391803741455
3.612459113355726e-05,3.87294712709263e-05,32.14858889579773
3.609771010815166e-05,3.867652048938908e-05,32.15230369567871
3.607165126595646e-05,3.8622860301984474e-05,32.15605974197388
3.604640733101405e-05,3.856851253658533e-05,32.15993618965149
3.602195283747278e-05,3.8513480831170455e-05,32.164947271347046
3.599827323341742e-05,3.84577942895703e-05,32.16869401931763
3.597535032895394e-05,3.840145654976368e-05,32.17237949371338
3.595315502025187e-05,3.834448943962343e-05,32.17625904083252
3.593168003135361e-05,3.828691114904359e-05,32.18108010292053
3.5910892620449886e-05,3.8228736229939386e-05,32.184807538986206
3.5890778235625476e-05,3.816997923422605e-05,32.18854212760925
3.587131141102873e-05,3.811066926573403e-05,32.19232416152954
3.585247395676561e-05,3.805081360042095e-05,32.19629120826721
3.5834236769005656e-05,3.7990441342117265e-05,32.2003333568573
3.581658165785484e-05,3.792956340475939e-05,32.20405149459839
3.579948315746151e-05,3.7868201616220176e-05,32.20789623260498
3.578291943995282e-05,3.780637780437246e-05,32.21292495727539
3.576686140149832e-05,3.774411743506789e-05,32.21734833717346
3.575128721422516e-05,3.7681431422242895e-05,32.221062660217285
3.573617141228169e-05,3.761835250770673e-05,32.22485876083374
3.572148852981627e-05,3.755489524337463e-05,32.2288544178009
3.5707209462998435e-05,3.7491081457119435e-05,32.234044790267944
3.569331602193415e-05,3.74269402527716e-05,32.23774218559265
3.567977910279296e-05,3.7362489820225164e-05,32.24149465560913
3.5666565963765606e-05,3.7297755625331774e-05,32.24551224708557
3.5653658414958045e-05,3.7232759495964274e-05,32.25066351890564
3.564103099051863e-05,3.716753053595312e-05,32.254528284072876
3.562864731065929e-05,3.710207965923473e-05,32.258419036865234
3.561648554750718e-05,3.703644688357599e-05,32.262518882751465
3.560452023521066e-05,3.697064676089212e-05,32.26696586608887
3.559271863196045e-05,3.6904708395013586e-05,32.27083778381348
3.558106254786253e-05,3.683865725179203e-05,32.275187730789185
3.5569522879086435e-05,3.6772515159100294e-05,32.27961850166321
3.5558063245844096e-05,3.6706314858747646e-05,32.283886432647705
3.554666545824148e-05,3.664007454062812e-05,32.287928104400635
3.553530041244812e-05,3.657382330857217e-05,32.291974782943726
3.5523939004633576e-05,3.6507586628431454e-05,32.29617381095886
3.5512555768946186e-05,3.6441386328078806e-05,32.30044770240784
3.5501125239534304e-05,3.637525514932349e-05,32.30420160293579
3.548961831256747e-05,3.6309218558017164e-05,32.30801224708557
3.5478005884215236e-05,3.624329838203266e-05,32.31187319755554
3.546626976458356e-05,3.617752736317925e-05,32.31706166267395
3.545437357388437e-05,3.6111927329329774e-05,32.32112741470337
3.544229912222363e-05,3.604652010835707e-05,32.325024127960205
3.543001730577089e-05,3.598134208004922e-05,32.32901906967163
3.5417502658674493e-05,3.5916411434300244e-05,32.33344507217407
3.54047333530616e-05,3.58517536369618e-05,32.33712935447693
3.5391680285101756e-05,3.578740142984316e-05,32.34089660644531
3.53783143509645e-05,3.572337300283834e-05,32.344664096832275
3.5364624636713415e-05,3.565969745977782e-05,32.34949278831482
3.535057476256043e-05,3.559640026651323e-05,32.35323166847229
3.533615017659031e-05,3.553350325091742e-05,32.356956243515015
3.532132541295141e-05,3.547103187884204e-05,32.36071300506592
3.530607500579208e-05,3.540901161613874e-05,32.36574363708496
3.529037712723948e-05,3.534747156663798e-05,32.36943459510803
3.527421358739957e-05,3.528642628225498e-05,32.37369227409363
3.525756255839951e-05,3.522589759086259e-05,32.377790212631226
3.5240398574387655e-05,3.5165918234270066e-05,32.38252258300781
3.522270708344877e-05,3.5106502764392644e-05,32.386332750320435
3.5204473533667624e-05,3.504767664708197e-05,32.39007639884949
3.518566882121377e-05,3.4989454434253275e-05,32.393845558166504
3.516627839417197e-05,3.4931865229737014e-05,32.3989462852478
3.5146287700627e-05,3.487492722342722e-05,32.40307879447937
3.5125678550684825e-05,3.4818654967239127e-05,32.40693926811218
3.5104436392430216e-05,3.4763066651066765e-05,32.41082239151001
3.508254303596914e-05,3.470818774076179e-05,32.41608023643494
3.505998756736517e-05,3.4654025512281805e-05,32.42045617103577
3.5036751796724275e-05,3.460060906945728e-05,32.424591064453125
3.501282844808884e-05,3.4547938412288204e-05,32.42853140830994
3.4988202969543636e-05,3.4496039006626233e-05,32.43340587615967
3.496286444715224e-05,3.444492176640779e-05,32.43713569641113
3.493680196697824e-05,3.4394601243548095e-05,32.44128441810608
3.49100046150852e-05,3.434508471400477e-05,32.44566535949707
3.4882465115515515e-05,3.429638672969304e-05,32.4501314163208
3.485417619231157e-05,3.424851820454933e-05,32.453835010528564
3.482513420749456e-05,3.420149005251005e-05,32.457584857940674
3.4795328247128054e-05,3.4155302273575217e-05,32.461427211761475
3.476475831121206e-05,3.410996578168124e-05,32.466317653656006
3.473341348581016e-05,3.4065491490764543e-05,32.47000455856323
3.470130104687996e-05,3.402187940082513e-05,32.473734617233276
3.466840644250624e-05,3.39791331498418e-05,32.47802662849426
3.4634736948646605e-05,3.393725637579337e-05,32.48296499252319
3.460029256530106e-05,3.389625271665864e-05,32.48667287826538
3.4565073292469606e-05,3.38561185344588e-05,32.490450620651245
3.452907913015224e-05,3.381685382919386e-05,32.49423098564148
3.4492320992285386e-05,3.377846223884262e-05,32.49937415122986
3.445479160291143e-05,3.374093284946866e-05,32.5033962726593
3.441650187596679e-05,3.3704265661071986e-05,32.507516860961914
3.437745908740908e-05,3.366845703567378e-05,32.5113844871521
3.4337674151174724e-05,3.363349605933763e-05,32.5163311958313
3.429714706726372e-05,3.359937545610592e-05,32.52004909515381
3.4255888749612495e-05,3.356608795002103e-05,32.52383780479431
3.421391738811508e-05,3.353362262714654e-05,32.5276358127594
3.417123662075028e-05,3.350196857354604e-05,32.532557249069214
3.4127860999433324e-05,3.3471111237304285e-05,32.53647565841675
3.408380507607944e-05,3.344104334246367e-05,32.540244340896606
3.4039083402603865e-05,3.3411743061151356e-05,32.54404091835022
3.399371780687943e-05,3.338319584145211e-05,32.54864740371704
3.394771192688495e-05,3.3355390769429505e-05,32.55235719680786
3.390109122847207e-05,3.332829874125309e-05,32.556116819381714
3.385387026355602e-05,3.330191248096526e-05,32.559929847717285
3.380607449798845e-05,3.327620288473554e-05,32.564395904541016
3.3757718483684584e-05,3.3251151762669906e-05,32.56823945045471
3.370882768649608e-05,3.322674456285313e-05,32.57216191291809
3.365942757227458e-05,3.3202944905497134e-05,32.57605457305908
3.360953269293532e-05,3.3179738238686696e-05,32.58008861541748
3.355917215230875e-05,3.315709545859136e-05,32.583948850631714
3.350837141624652e-05,3.313499109935947e-05,32.58769392967224
3.3457152312621474e-05,3.311339969513938e-05,32.59144711494446
3.340554394526407e-05,3.309229578007944e-05,32.5952525138855
3.3353575418004766e-05,3.3071653888328e-05,32.60006904602051
3.330127219669521e-05,3.305143764009699e-05,32.60377335548401
3.324865974718705e-05,3.3031621569534764e-05,32.6076135635376
3.319577081128955e-05,3.301217657281086e-05,32.6118323802948
3.3142638130811974e-05,3.299307354609482e-05,32.61619806289673
3.3089287171605974e-05,3.297427610959858e-05,32.62003684043884
3.3035747037502006e-05,3.295575879747048e-05,32.62472081184387
3.2982057746266946e-05,3.2937488867901266e-05,32.6292290687561
3.2928244763752446e-05,3.291942994110286e-05,32.63370108604431
3.287434083176777e-05,3.2901552913244814e-05,32.63739538192749
3.2820378692122176e-05,3.2883825042517856e-05,32.64122176170349
3.2766391086624935e-05,3.286621722509153e-05,32.64520263671875
3.2712414395064116e-05,3.284868580522016e-05,32.650423765182495
3.2658477721270174e-05,3.283120895503089e-05,32.654085874557495
3.2604613807052374e-05,3.281374665675685e-05,32.65788412094116
3.255085903219879e-05,3.279626616858877e-05,32.66184711456299
3.2497246138518676e-05,3.2778738386696205e-05,32.66669464111328
3.2443807867821306e-05,3.2761126931291074e-05,32.670175313949585
3.239057696191594e-05,3.2743399060564116e-05,32.673766136169434
3.2337593438569456e-05,3.272552203270607e-05,32.67743968963623
3.2284882763633505e-05,3.270746674388647e-05,32.68215870857239
3.2232481316896155e-05,3.268919317633845e-05,32.68591570854187
3.218042547814548e-05,3.267067950218916e-05,32.689664363861084
3.212873707525432e-05,3.265188934165053e-05,32.69352126121521
3.2077459763968363e-05,3.263278631493449e-05,32.6983745098114
3.2026622648118064e-05,3.26133485941682e-05,32.702176332473755
3.197625119355507e-05,3.2593543437542394e-05,32.70593047142029
3.192638178006746e-05,3.2573338103247806e-05,32.70972013473511
3.1877039873506874e-05,3.255270712543279e-05,32.714465618133545
3.1828254577703774e-05,3.2531621400266886e-05,32.71829700469971
3.178006591042504e-05,3.2510055461898446e-05,32.72226905822754
3.173248842358589e-05,3.2487976568518206e-05,32.72604298591614
3.1685551221016794e-05,3.246536653023213e-05,32.73110485076904
3.16392834065482e-05,3.2442196243209764e-05,32.734946489334106
3.159371408401057e-05,3.2418440241599455e-05,32.73876142501831
3.154886144329794e-05,3.239407669752836e-05,32.74272894859314
3.150475095026195e-05,3.236908378312364e-05,32.746779918670654
3.146140443277545e-05,3.234344330849126e-05,32.75068402290344
3.1418847356690094e-05,3.2317129807779565e-05,32.75437355041504
3.1377090635942295e-05,3.2290121453115717e-05,32.758238554000854
3.1336163374362513e-05,3.226240005460568e-05,32.76218247413635
3.129608012386598e-05,3.2233958336291835e-05,32.76684379577637
3.125685179838911e-05,3.220477083232254e-05,32.770548820495605
3.1218500225804746e-05,3.217482299078256e-05,32.77432060241699
3.1181036320049316e-05,3.2144103897735476e-05,32.77825975418091
3.1144474633038044e-05,3.211259900126606e-05,32.78301191329956
3.110882607870735e-05,3.2080297387437895e-05,32.78685998916626
3.1074097933014855e-05,3.204718814231455e-05,32.79060935974121
3.1040297471918166e-05,3.201325671398081e-05,32.79438090324402
3.100743924733251e-05,3.197850674041547e-05,32.7991509437561
3.0975526897236705e-05,3.19429200317245e-05,32.802958250045776
3.094455678365193e-05,3.1906496587907895e-05,32.806692123413086
3.091453618253581e-05,3.186922913300805e-05,32.810462951660156
3.0885472369845957e-05,3.1831117667024955e-05,32.8153293132782
3.085736170760356e-05,3.179215855197981e-05,32.81905174255371
3.083020055782981e-05,3.1752348149893805e-05,32.82296085357666
3.080398528254591e-05,3.171169009874575e-05,32.826722860336304
3.077871224377304e-05,3.167018439853564e-05,32.83155679702759
3.075437780353241e-05,3.162783832522109e-05,32.83529019355774
3.0730974685866386e-05,3.15846482408233e-05,32.839027881622314
3.070849197683856e-05,3.154062505927868e-05,32.84285759925842
3.0686918762512505e-05,3.149577969452366e-05,32.84776425361633
3.066625140490942e-05,3.145010850857943e-05,32.85178184509277
3.064646807615645e-05,3.140362605336122e-05,32.85568451881409
3.0627561500296e-05,3.135634688078426e-05,32.8595027923584
3.060950984945521e-05,3.1308278266806155e-05,32.86343502998352
3.0592302209697664e-05,3.125942748738453e-05,32.86738157272339
3.057591675315052e-05,3.1209820008371025e-05,32.871113300323486
3.0560338927898556e-05,3.1159459467744455e-05,32.87489128112793
3.054554690606892e-05,3.110836769337766e-05,32.87886381149292
3.0531518859788775e-05,3.1056559237185866e-05,32.88346242904663
3.0518232961185277e-05,3.100405228906311e-05,32.88726615905762
3.0505665563396178e-05,3.095086503890343e-05,32.89103078842163
3.049379665753804e-05,3.0897019314579666e-05,32.89492964744568
3.0482595320791006e-05,3.084253330598585e-05,32.899553060531616
3.047203972528223e-05,3.078743247897364e-05,32.90325975418091
3.046210258617066e-05,3.073173502343707e-05,32.90702748298645
3.0452754799625836e-05,3.067547004320659e-05,32.91098356246948
3.044396908080671e-05,3.0618655728176236e-05,32.91576623916626
3.043571996386163e-05,3.056132118217647e-05,32.919469594955444
3.0427971069002524e-05,3.0503488233080134e-05,32.923206090927124
3.0420698749367148e-05,3.044518962269649e-05,32.92698621749878
3.0413868444156833e-05,3.038644717889838e-05,32.93155550956726
3.040744923055172e-05,3.032729000551626e-05,32.93528175354004
3.0401413823710755e-05,3.026774720638059e-05,32.93900179862976
3.0395725843845867e-05,3.020784970431123e-05,32.94278311729431
3.0390358006116003e-05,3.0147622965159826e-05,32.946736574172974
3.0385273930733092e-05,3.0087101549725048e-05,32.95054292678833
3.0380444513866678e-05,3.002631274284795e-05,32.95424962043762
3.0375831556739286e-05,2.9965289286337793e-05,32.95799946784973
3.0371407774509862e-05,2.9904063922003843e-05,32.961881160736084
3.0367140425369143e-05,2.9842663934687153e-05,32.966596841812134
3.0362994948518462e-05,2.9781125704175793e-05,32.97084903717041
3.0358934964169748e-05,2.9719476515310816e-05,32.974724531173706
3.035493500647135e-05,2.9657752747880295e-05,32.9786331653595
3.03509586956352e-05,2.9595987143693492e-05,32.983460903167725
3.0346976927830838e-05,2.9534208806580864e-05,32.98721623420715
3.0342953323270194e-05,2.947245229734108e-05,32.990965604782104
3.0338858778122813e-05,2.9410752176772803e-05,32.995179891586304
3.0334662369568832e-05,2.9349139367695898e-05,32.99956941604614
3.033033135579899e-05,2.928764297394082e-05,33.003294467926025
3.0325836632982828e-05,2.922629937529564e-05,33.00704312324524
3.0321147278300487e-05,2.916514131356962e-05,33.01083326339722
3.0316236006910913e-05,2.9104199711582623e-05,33.01531171798706
3.0311071895994246e-05,2.9043503673165105e-05,33.019450187683105
3.0305622203741223e-05,2.8983089578105137e-05,33.023762702941895
3.0299866921268404e-05,2.8922986530233175e-05,33.02857995033264
3.029377512575593e-05,2.8863221814390272e-05,33.03380632400513
3.0287315894383937e-05,2.8803829991375096e-05,33.03753042221069
3.028046921826899e-05,2.8744840165018104e-05,33.041314363479614
3.027320963155944e-05,2.868627962016035e-05,33.04556608200073
3.0265508030424826e-05,2.862817927962169e-05,33.050429821014404
3.025734258699231e-05,2.8570566428243183e-05,33.054123640060425
3.0248691473389044e-05,2.8513466531876475e-05,33.057923555374146
3.0239529223763384e-05,2.845691233233083e-05,33.061845541000366
3.0229839467210695e-05,2.840092383848969e-05,33.066574573516846
3.0219594918889925e-05,2.834553197317291e-05,33.070305585861206
3.020877920789644e-05,2.8290756745263934e-05,33.074058532714844
3.0197372325346805e-05,2.823662362061441e-05,33.07824206352234
3.018535608134698e-05,2.8183158065075986e-05,33.083038330078125
3.017271592398174e-05,2.8130380087532103e-05,33.0869517326355
3.0159430025378242e-05,2.80783096968662e-05,33.090920209884644
3.014548565261066e-05,2.8026972358929925e-05,33.09474444389343
3.013086643477436e-05,2.7976382625638507e-05,33.0996150970459
3.0115559638943523e-05,2.7926564143854193e-05,33.103318214416504
3.009955253219232e-05,2.7877529646502808e-05,33.10746145248413
3.0082832381594926e-05,2.7829302780446596e-05,33.111462116241455
3.0065386454225518e-05,2.7781890821643174e-05,33.11627674102783
3.0047205655137077e-05,2.773531377897598e-05,33.12000775337219
3.0028279070393182e-05,2.768958620436024e-05,33.12376141548157
3.0008601243025623e-05,2.7644719011732377e-05,33.12751650810242
2.9988159440108575e-05,2.7600723115028813e-05,33.13198494911194
2.9966951842652634e-05,2.7557613066164777e-05,33.1356840133667
2.9944969355710782e-05,2.7515394322108477e-05,33.13940477371216
2.992220652231481e-05,2.7474077796796337e-05,33.14326238632202
2.9898659704485908e-05,2.743367076618597e-05,33.148303747177124
2.987432526424527e-05,2.739418050623499e-05,33.152174949645996
2.9849199563614093e-05,2.7355612473911606e-05,33.15598273277283
2.9823280783602968e-05,2.7317968488205224e-05,33.16028141975403
2.97965707432013e-05,2.7281255825073458e-05,33.16492462158203
2.9769065804430284e-05,2.7245474484516308e-05,33.16863226890564
2.9740765967289917e-05,2.7210624466533773e-05,33.172343492507935
2.9711674869759008e-05,2.7176711228094064e-05,33.176108837127686
2.9681792511837557e-05,2.7143731131218374e-05,33.180086612701416
2.965112253150437e-05,2.7111680537927896e-05,33.18402314186096
2.961967038572766e-05,2.7080561267212033e-05,33.187718868255615
2.958743425551802e-05,2.7050367862102576e-05,33.19148826599121
2.955442869279068e-05,2.702109304664191e-05,33.1955292224884
2.9520651878556237e-05,2.699273500184063e-05,33.20010018348694
2.9486111088772304e-05,2.6965288270730525e-05,33.203842878341675
2.9450811780407093e-05,2.6938741939375177e-05,33.20762276649475
2.9414764867397025e-05,2.691308873181697e-05,33.211400270462036
2.9377977625699714e-05,2.688832137209829e-05,33.215800046920776
2.934046096925158e-05,2.6864428946282715e-05,33.21951079368591
2.9302218536031432e-05,2.6841402359423228e-05,33.22324824333191
2.9263264877954498e-05,2.6819230697583407e-05,33.227055072784424
2.922360727097839e-05,2.6797895770869218e-05,33.23159122467041
2.9183262086007744e-05,2.677739212231245e-05,33.23530864715576
2.9142234780010767e-05,2.675770338100847e-05,33.23950123786926
2.910053990490269e-05,2.6738816814031452e-05,33.24388241767883
2.9058192012598738e-05,2.6720716050476767e-05,33.248640060424805
2.9015202017035335e-05,2.6703386538429186e-05,33.252352714538574
2.8971580832148902e-05,2.668680826900527e-05,33.256150007247925
2.8927346647833474e-05,2.6670972147258e-05,33.259949922561646
2.8882512197014876e-05,2.6655856345314533e-05,33.26440501213074
2.8837092031608336e-05,2.6641442673280835e-05,33.26814007759094
2.879110434150789e-05,2.6627716579241678e-05,33.271892070770264
2.8744558221660554e-05,2.661465623532422e-05,33.27568602561951
2.869747368094977e-05,2.6602245270623825e-05,33.279461145401
2.8649867090280168e-05,2.6590461857267655e-05,33.28343892097473
2.8601753001566976e-05,2.6579287805361673e-05,33.28778791427612
2.855314960470423e-05,2.656870310602244e-05,33.2918016910553
2.8504073270596564e-05,2.6558687750366516e-05,33.295692920684814
2.8454540370148607e-05,2.654921991052106e-05,33.300028800964355
2.8404572731233202e-05,2.6540281396592036e-05,33.30373978614807
2.8354184905765578e-05,2.6531846742727794e-05,33.30754828453064
2.8303391445660964e-05,2.6523901397013105e-05,33.311357259750366
2.8252217816771008e-05,2.6516416255617514e-05,33.31582427024841
2.8200676752021536e-05,2.6509374947636388e-05,33.32003712654114
2.814879007928539e-05,2.650275382620748e-05,33.32396721839905
2.8096574169467203e-05,2.649653106345795e-05,33.32779622077942
2.8044049031450413e-05,2.6490690288483165e-05,33.33243274688721
2.7991236493107863e-05,2.648519875947386e-05,33.33616662025452
2.793815110635478e-05,2.6480041924514808e-05,33.339924335479736
2.7884812880074605e-05,2.6475197955733165e-05,33.34370994567871
2.7831241823150776e-05,2.647064502525609e-05,33.348273038864136
2.7777459763456136e-05,2.6466357667231932e-05,33.351977825164795
2.7723481252905913e-05,2.6462315872777253e-05,33.355783224105835
2.766932811937295e-05,2.6458499633008614e-05,33.359564542770386
2.7615022190730087e-05,2.6454887120053172e-05,33.36440443992615
2.7560578018892556e-05,2.645145468704868e-05,33.36818838119507
2.7506019250722602e-05,2.6448184144101106e-05,33.37190866470337
2.745136407611426e-05,2.6445048206369393e-05,33.375810384750366
2.739663250395097e-05,2.6442032321938314e-05,33.38110876083374
2.7341839086147957e-05,2.6439112843945622e-05,33.385037422180176
2.7287011107546277e-05,2.643626976350788e-05,33.38878011703491
2.7232161301071756e-05,2.6433483071741648e-05,33.392563343048096
2.7177311494597234e-05,2.6430730940774083e-05,33.39675307273865
2.7122479878016748e-05,2.6427993361721747e-05,33.400625228881836
2.706768827920314e-05,2.6425253963680007e-05,33.404338121414185
2.7012949431082234e-05,2.642249091877602e-05,33.40809869766235
2.6958286980516277e-05,2.6419682399136946e-05,33.41193985939026
2.69037172984099e-05,2.6416815671836957e-05,33.41624307632446
2.684926221263595e-05,2.6413865271024406e-05,33.419981956481934
2.6794934456120245e-05,2.6410816644784063e-05,33.42376470565796
2.6740755856735632e-05,2.6407653422211297e-05,33.42752504348755
2.6686744604376145e-05,2.6404353775433265e-05,33.43320679664612
2.663291343196761e-05,2.6400904971524142e-05,33.43756985664368
2.657928598637227e-05,2.6397283363621682e-05,33.441335916519165
2.652587318152655e-05,2.639348167576827e-05,33.445189476013184
2.6472698664292693e-05,2.638947444211226e-05,33.45035123825073
2.6419773348607123e-05,2.6385250748717226e-05,33.4540593624115
2.6367117243353277e-05,2.638079422467854e-05,33.4578115940094
2.6314744900446385e-05,2.637609031808097e-05,33.46186089515686
2.6262672690791078e-05,2.6371122658019885e-05,33.46662664413452
2.621091334731318e-05,2.6365874873590656e-05,33.4703574180603
2.615948505990673e-05,2.6360339688835666e-05,33.4741005897522
2.6108404199476354e-05,2.6354497094871476e-05,33.47787022590637
2.6057681679958478e-05,2.6348336177761666e-05,33.482743978500366
2.6007333872257732e-05,2.634184420458041e-05,33.48655104637146
2.595737350929994e-05,2.6335008442401886e-05,33.49034237861633
2.5907816961989738e-05,2.632781797728967e-05,33.49415707588196
2.585867332527414e-05,2.6320258257328533e-05,33.49870777130127
2.5809957151068375e-05,2.6312322006560862e-05,33.502394914627075
2.576168299128767e-05,2.6303992854082026e-05,33.5061936378479
2.5713858121889643e-05,2.6295265342923813e-05,33.51006484031677
2.5666498913778923e-05,2.6286130378139205e-05,33.514949321746826
2.5619616280891933e-05,2.6276573407812975e-05,33.518635511398315
2.5573217499186285e-05,2.6266588974976912e-05,33.522350549697876
2.5527315301587805e-05,2.6256166165694594e-05,33.52619218826294
2.548191878304351e-05,2.6245297704008408e-05,33.530115842819214
2.5437038857489824e-05,2.623397631396074e-05,33.534027099609375
2.5392686438863166e-05,2.622219290060457e-05,33.53772234916687
2.534886334615294e-05,2.6209942006971687e-05,33.541518449783325
2.5305585950263776e-05,2.619721635710448e-05,33.54554581642151
2.5262857889174484e-05,2.618400685605593e-05,33.55006194114685
2.5220686438842677e-05,2.617031532281544e-05,33.553847551345825
2.517907887522597e-05,2.6156129024457186e-05,33.55758619308472
2.5138042474281974e-05,2.614144432300236e-05,33.56136727333069
2.5097582692978904e-05,2.612625939946156e-05,33.56584858894348
2.5057703169295564e-05,2.6110568796866573e-05,33.569623947143555
2.5018412998178974e-05,2.609436705824919e-05,33.5733528137207
2.4979713998618536e-05,2.6077652364620008e-05,33.57716608047485
2.4941607989603654e-05,2.6060421078000218e-05,33.58198404312134
2.4904104066081345e-05,2.604267319838982e-05,33.58573341369629
2.4867204047041014e-05,2.6024403268820606e-05,33.58949637413025
2.4830904294503853e-05,2.600560947030317e-05,33.59329032897949
2.4795217541395687e-05,2.5986291802837513e-05,33.59831762313843
2.4760134692769498e-05,2.5966450266423635e-05,33.602025508880615
2.4725664843572304e-05,2.5946083042072132e-05,33.60577917098999
2.4691807993804105e-05,2.5925190129783005e-05,33.6095609664917
2.465855868649669e-05,2.5903771529556252e-05,33.61437726020813
2.4625924197607674e-05,2.5881827241391875e-05,33.618138790130615
2.4593899070168845e-05,2.5859359084279276e-05,33.62184762954712
2.45624814851908e-05,2.5836367058218457e-05,33.62560701370239
2.4531673261662945e-05,2.5812854801188223e-05,33.62948274612427
2.4501468942617066e-05,2.578882413217798e-05,33.633450746536255
2.447187216603197e-05,2.5764275051187724e-05,33.63716101646423
2.4442873836960644e-05,2.573921301518567e-05,33.6409170627594
2.441447213641368e-05,2.5713638024171814e-05,33.64470028877258
2.438666342641227e-05,2.5687557354103774e-05,33.64916753768921
2.4359447706956416e-05,2.566097282397095e-05,33.65287804603577
2.4332814064109698e-05,2.563388625276275e-05,33.656612396240234
2.4306762497872114e-05,2.5606304916436784e-05,33.660396337509155
2.4281283913296647e-05,2.5578230633982457e-05,33.66495180130005
2.425637467240449e-05,2.554967431933619e-05,33.66864848136902
2.4232025680248626e-05,2.5520632334519178e-05,33.67235517501831
2.420823511783965e-05,2.5491119231446646e-05,33.67615032196045
2.4184993890230544e-05,2.5461135010118596e-05,33.6801233291626
2.4162291083484888e-05,2.5430688765482046e-05,33.68406558036804
2.4140124878613278e-05,2.5399785954505205e-05,33.68780207633972
2.4118486180668697e-05,2.5368432034156285e-05,33.69160056114197
2.4097364075714722e-05,2.5336637918371707e-05,33.6955509185791
2.407675128779374e-05,2.5304405426140875e-05,33.70004963874817
2.4056638721958734e-05,2.5271747290389612e-05,33.70375895500183
2.4037017283262685e-05,2.5238665330107324e-05,33.70751357078552
2.401787969574798e-05,2.5205174097209238e-05,33.71134662628174
2.399921322648879e-05,2.517127722967416e-05,33.71594762802124
2.3981008780538104e-05,2.5136987460427918e-05,33.719653844833374
2.3963259081938304e-05,2.5102306608459912e-05,33.723395109176636
2.3945947759784758e-05,2.5067251044674776e-05,33.7271831035614
2.3929067538119853e-05,2.503182622604072e-05,33.73201775550842
2.3912607503007166e-05,2.499603942851536e-05,33.735727310180664
2.3896556740510277e-05,2.495990520401392e-05,33.73949408531189
2.388090615568217e-05,2.4923429009504616e-05,33.7432746887207
2.3865637558628805e-05,2.4886621758923866e-05,33.747769832611084
2.385074367339257e-05,2.484949436620809e-05,33.75160050392151
2.3836211767047644e-05,2.4812057745293714e-05,33.75532102584839
2.38220309256576e-05,2.4774319172138348e-05,33.7591016292572
2.380819023528602e-05,2.473629137966782e-05,33.763383626937866
2.3794675144017674e-05,2.4697985281818546e-05,33.76749920845032
2.3781474737916142e-05,2.465940997353755e-05,33.771199464797974
2.3768574465066195e-05,2.4620578187750652e-05,33.77496647834778
2.3755961592542008e-05,2.4581500838394277e-05,33.77907991409302
2.3743628844385967e-05,2.454218702041544e-05,33.78342938423157
2.3731558030704036e-05,2.4502649466739967e-05,33.787368059158325
2.3719738237559795e-05,2.446289909130428e-05,33.79131031036377
2.370815673202742e-05,2.4422948627034202e-05,33.795231103897095
2.3696802600170486e-05,2.438280534988735e-05,33.79998159408569
2.3685659471084364e-05,2.4342487449757755e-05,33.80377674102783
2.3674716430832632e-05,2.430200038361363e-05,33.807546854019165
2.3663960746489465e-05,2.4261358703370206e-05,33.81145119667053
2.365337968512904e-05,2.42205733229639e-05,33.81638550758362
2.3642962332814932e-05,2.4179653337341733e-05,33.82038593292236
2.363269049965311e-05,2.413861693639774e-05,33.82421922683716
2.3622556909685954e-05,2.409747139608953e-05,33.82803249359131
2.361254701099824e-05,2.4056229449342936e-05,33.8334903717041
2.3602648070664145e-05,2.4014903829083778e-05,33.83779692649841
2.359284735575784e-05,2.3973505449248478e-05,33.84161114692688
2.35831321333535e-05,2.3932043404784054e-05,33.845826148986816
2.3573489670525305e-05,2.389053588558454e-05,33.85051131248474
2.356390905333683e-05,2.384898834861815e-05,33.854066133499146
2.3554379367851652e-05,2.3807417164789513e-05,33.857595443725586
2.3544884243165143e-05,2.3765831429045647e-05,33.861199378967285
2.3535414584330283e-05,2.372424387431238e-05,33.86617946624756
2.3525957658421248e-05,2.368266723351553e-05,33.8696506023407
2.351650437049102e-05,2.3641110601602122e-05,33.873108863830566
2.3507036530645564e-05,2.3599586711497977e-05,33.8766975402832
2.349754868191667e-05,2.355810829612892e-05,33.88123154640198
2.348802809137851e-05,2.3516686269431375e-05,33.88504767417908
2.3478462026105262e-05,2.347533154534176e-05,33.888883113861084
2.3468839572160505e-05,2.3434055037796497e-05,33.892725706100464
2.345915163459722e-05,2.3392865841742605e-05,33.89676547050476
2.3449385480489582e-05,2.3351780328084715e-05,33.90072250366211
2.3439532014890574e-05,2.331080577278044e-05,33.90447783470154
2.3429580323863775e-05,2.3269953089766204e-05,33.90830397605896
2.341951767448336e-05,2.3229236830957234e-05,33.91240978240967
2.340934042877052e-05,2.3188660634332336e-05,33.91681480407715
2.3399030396831222e-05,2.3148242689785548e-05,33.920570850372314
2.3388582121697254e-05,2.310799027327448e-05,33.9243597984314
2.3377988327411003e-05,2.3067910660756752e-05,33.928192377090454
2.336723446205724e-05,2.3028018404147588e-05,33.93296933174133
2.3356315068667755e-05,2.2988320779404603e-05,33.936678647994995
2.334522105229553e-05,2.294882870046422e-05,33.94044256210327
2.333394149900414e-05,2.2909553081262857e-05,33.94423842430115
2.332247095182538e-05,2.2870499378768727e-05,33.948731660842896
2.3310798496822827e-05,2.283168214489706e-05,33.95252823829651
2.329891503904946e-05,2.279310683661606e-05,33.95627188682556
2.3286815121537074e-05,2.2754784367862158e-05,33.960105180740356
2.3274489649338648e-05,2.271672201459296e-05,33.964908838272095
2.3261931346496567e-05,2.2678928871755488e-05,33.96861934661865
2.3249134756042622e-05,2.2641415853286162e-05,33.97257041931152
2.3236090783029795e-05,2.260418659716379e-05,33.976452112197876
2.322279215150047e-05,2.2567253836314194e-05,33.981163024902344
2.320923340448644e-05,2.2530623027705587e-05,33.984949350357056
2.3195410904008895e-05,2.2494301447295584e-05,33.98866009712219
2.318131191714201e-05,2.2458296371041797e-05,33.9924476146698
2.3166934624896385e-05,2.2422613255912438e-05,33.99677491188049
2.3152273570303805e-05,2.238726483483333e-05,34.00072717666626
2.3137321477406658e-05,2.235225292679388e-05,34.004449129104614
2.3122074708226137e-05,2.2317586626741104e-05,34.00822949409485
2.310652780579403e-05,2.2283267753664404e-05,34.01219725608826
2.3090675313142128e-05,2.2249307221500203e-05,34.01688194274902
2.307451177330222e-05,2.221571048721671e-05,34.02058219909668
2.30580353672849e-05,2.2182479369803332e-05,34.02446484565735
2.304123881913256e-05,2.214962114521768e-05,34.0282678604126
2.3024123947834596e-05,2.2117143089417368e-05,34.032960653305054
2.3006681658443995e-05,2.2085045202402398e-05,34.03670644760132
2.2988910131971352e-05,2.2053334760130383e-05,34.04050946235657
2.2970807549427263e-05,2.202201540058013e-05,34.0443012714386
2.2952366634854116e-05,2.1991090761730447e-05,34.04871487617493
2.293359284522012e-05,2.1960566300549544e-05,34.052425384521484
2.2914475266588852e-05,2.193044201703742e-05,34.05615186691284
2.2895017536939122e-05,2.190072336816229e-05,34.060033559799194
2.287521601829212e-05,2.187141217291355e-05,34.06500005722046
2.2855067072669044e-05,2.1842512069270015e-05,34.06873083114624
2.2834572519059293e-05,2.1814026695210487e-05,34.072471380233765
2.2813726900494657e-05,2.1785954231745563e-05,34.07629060745239
2.2792535673943348e-05,2.175829649786465e-05,34.08110857009888
2.2770993382437155e-05,2.173105713154655e-05,34.084877490997314
2.2749098206986673e-05,2.1704236132791266e-05,34.08858633041382
2.2726855604560114e-05,2.1677833501598798e-05,34.092382192611694
2.2704258299199864e-05,2.1651854694937356e-05,34.096256494522095
2.268131538585294e-05,2.1626290617859922e-05,34.100343227386475
2.265801958856173e-05,2.1601146727334708e-05,34.10416030883789
2.2634372726315632e-05,2.1576424842351116e-05,34.107959032058716
2.2610380256082863e-05,2.1552119505940937e-05,34.11187028884888
2.2586043996852823e-05,2.1528234356082976e-05,34.11632537841797
2.2561358491657302e-05,2.150476211681962e-05,34.120020627975464
2.253632919746451e-05,2.1481706426129676e-05,34.12387466430664
2.2510959752253257e-05,2.1459061827044934e-05,34.12771201133728
2.248525015602354e-05,2.1436830138554797e-05,34.13213324546814
2.2459202227764763e-05,2.141500408470165e-05,34.13586735725403
2.243282324343454e-05,2.1393585484474897e-05,34.13960862159729
2.2406109565054066e-05,2.137256888090633e-05,34.143468618392944
2.2379068468580954e-05,2.1351950636017136e-05,34.14832139015198
2.235170359199401e-05,2.1331728930817917e-05,34.152140855789185
2.232401675428264e-05,2.1311896489351057e-05,34.155879735946655
2.229601341241505e-05,2.129245513060596e-05,34.159647703170776
2.2267695385380648e-05,2.1273395759635605e-05,34.164408445358276
2.2239068130147643e-05,2.1254712919471785e-05,34.168208837509155
2.2210135284694843e-05,2.1236404791125096e-05,34.171921730041504
2.2180902305990458e-05,2.1218464098637924e-05,34.17568039894104
2.2151374651002698e-05,2.1200889023020864e-05,34.179550647735596
2.2121554138720967e-05,2.1183668650337495e-05,34.18349099159241
2.209145350207109e-05,2.1166801161598414e-05,34.187286376953125
2.206106910307426e-05,2.1150279280846007e-05,34.191041469573975
2.2030413674656302e-05,2.113409573212266e-05,34.194836139678955
2.1999490854796022e-05,2.1118243239470758e-05,34.1995587348938
2.196830428147223e-05,2.1102718164911494e-05,34.20326256752014
2.1936861230642535e-05,2.108751141349785e-05,34.207014083862305
2.190517079725396e-05,2.1072617528261617e-05,34.210898876190186
2.1873236619285308e-05,2.1058025595266372e-05,34.21544647216797
2.18410677916836e-05,2.104373197653331e-05,34.21918082237244
2.1808669771417044e-05,2.102972757711541e-05,34.222920656204224
2.1776048015453853e-05,2.1016003302065656e-05,34.22673583030701
2.1743211618741043e-05,2.1002553694415838e-05,34.232505083084106
2.171016785723623e-05,2.0989367840229534e-05,34.23651170730591
2.1676924006897025e-05,2.0976440282538533e-05,34.24027705192566
2.164348916267045e-05,2.0963760107406415e-05,34.24405884742737
2.160986878152471e-05,2.095132185786497e-05,34.24909424781799
2.1576070139417425e-05,2.0939110981998965e-05,34.25287842750549
2.1542104150285013e-05,2.0927125660819e-05,34.25666308403015
2.150797809008509e-05,2.0915353161399253e-05,34.26044750213623
2.1473697415785864e-05,2.09037843887927e-05,34.26542663574219
2.1439271222334355e-05,2.0892413886031136e-05,34.26919341087341
2.1404710423666984e-05,2.0881228920188732e-05,34.27293086051941
2.1370022295741364e-05,2.0870220396318473e-05,34.2767276763916
2.133521411451511e-05,2.0859381038462743e-05,34.28169822692871
2.1300293155945837e-05,2.0848701751674525e-05,34.285478591918945
2.1265273971948773e-05,2.08381716220174e-05,34.289225578308105
2.1230156562523916e-05,2.0827783373533748e-05,34.29301357269287
2.11949572985759e-05,2.081752427329775e-05,34.29785943031311
2.115967799909413e-05,2.0807388864341192e-05,34.30159950256348
2.112433321599383e-05,2.0797366232727654e-05,34.305314779281616
2.1088928406243213e-05,2.0787449102499522e-05,34.30939173698425
2.1053470845799893e-05,2.0777626559720375e-05,34.313565731048584
2.10179750865791e-05,2.076788769045379e-05,34.31741666793823
2.0982442947570235e-05,2.0758227037731558e-05,34.32113337516785
2.0946887161699124e-05,2.0748633687617257e-05,34.32491660118103
2.091131500492338e-05,2.073909854516387e-05,34.32887411117554
2.087573375320062e-05,2.0729614334413782e-05,34.333367347717285
2.0840156139456667e-05,2.072017014143057e-05,34.33707904815674
2.0804585801670328e-05,2.0710758690256625e-05,34.34088611602783
2.0769033653778024e-05,2.0701370885944925e-05,34.34489107131958
2.0733505152747966e-05,2.0691997633548453e-05,34.34951591491699
2.069801303150598e-05,2.0682633476099e-05,34.35329461097717
2.0662559109041467e-05,2.0673265680670738e-05,34.35704684257507
2.062715975625906e-05,2.066388879029546e-05,34.360846519470215
2.0591816792148165e-05,2.065449552901555e-05,34.36533498764038
2.0556537492666394e-05,2.0645076801883988e-05,34.369054555892944
2.0521332771750167e-05,2.0635627151932567e-05,34.372825384140015
2.04862099053571e-05,2.0626135665224865e-05,34.37661051750183
2.0451172531466e-05,2.0616595065803267e-05,34.3811137676239
2.041623338300269e-05,2.0607001715688966e-05,34.38513159751892
2.0381394278956577e-05,2.0597346519934945e-05,34.38925290107727
2.034666613326408e-05,2.058762220258359e-05,34.39326739311218
2.031205440289341e-05,2.0577823306666687e-05,34.398237466812134
2.0277564544812776e-05,2.0567942556226626e-05,34.40195965766907
2.02432056539692e-05,2.0557974494295195e-05,34.40587091445923
2.020897954935208e-05,2.054791184491478e-05,34.409796714782715
2.017489714489784e-05,2.053774915111717e-05,34.4144389629364
2.0140960259595886e-05,2.052747913694475e-05,34.41817021369934
2.0107179807382636e-05,2.051710180239752e-05,34.42189836502075
2.007355578825809e-05,2.050660623353906e-05,34.42580246925354
2.0040097297169268e-05,2.0495990611379966e-05,34.43008279800415
2.0006807972094975e-05,2.0485247659962624e-05,34.43396472930908
1.9973693270003423e-05,2.047437556029763e-05,34.43768811225891
1.9940756828873418e-05,2.046336703642737e-05,34.44145941734314
1.9908002286683768e-05,2.0452222088351846e-05,34.445587158203125
1.9875436919392087e-05,2.0440931621124037e-05,34.45006585121155
1.9843066183966585e-05,2.042949381575454e-05,34.45402216911316
1.9810888261417858e-05,2.0417906853253953e-05,34.457841873168945
1.9778912246692926e-05,2.0406167095643468e-05,34.46162414550781
1.974713995878119e-05,2.039426726696547e-05,34.46621561050415
1.9715571397682652e-05,2.0382209186209366e-05,34.46992516517639
1.968421565834433e-05,2.036998739640694e-05,34.473705530166626
1.9653070921776816e-05,2.0357601897558197e-05,34.47765350341797
1.9622140825958923e-05,2.0345047232694924e-05,34.48244762420654
1.9591430827858858e-05,2.033232340181712e-05,34.48631525039673
1.956093910848722e-05,2.0319428585935384e-05,34.4900689125061
1.9530671124812216e-05,2.0306359147070907e-05,34.49384784698486
1.950062687683385e-05,2.029311508522369e-05,34.49868631362915
1.9470810002530925e-05,2.027969458140433e-05,34.50239634513855
1.944121868291404e-05,2.026609581662342e-05,34.50614523887634
1.9411858374951407e-05,2.0252318790880963e-05,34.51011085510254
1.9382725440664217e-05,2.0238361685187556e-05,34.514896869659424
1.935382533702068e-05,2.0224224499543197e-05,34.518595695495605
1.9325156245031394e-05,2.0209907233947888e-05,34.52231979370117
1.929671998368576e-05,2.0195408069412224e-05,34.52609419822693
1.926852019096259e-05,2.0180727005936205e-05,34.530139684677124
1.9240549590904266e-05,2.0165864043519832e-05,34.53395128250122
1.9212813640479e-05,2.0150819182163104e-05,34.53764629364014
1.9185314158676192e-05,2.0135594240855426e-05,34.5414342880249
1.9158045688527636e-05,2.012018558161799e-05,34.54554057121277
1.9131010049022734e-05,2.0104598661419004e-05,34.55004382133484
1.9104210878140293e-05,2.008883166126907e-05,34.55391001701355
1.9077642718912102e-05,2.0072884581168182e-05,34.55780005455017
1.9051307390327565e-05,2.0056757421116345e-05,34.56157088279724
1.902520307339728e-05,2.004045200010296e-05,34.56621074676514
1.8999329768121243e-05,2.002397013711743e-05,34.56991958618164
1.8973687474499457e-05,2.0007311832159758e-05,34.5736563205719
1.8948272554553114e-05,1.9990478904219344e-05,34.57752871513367
1.8923086827271618e-05,1.997347135329619e-05,34.58199429512024
1.8898128473665565e-05,1.99562909983797e-05,34.58585262298584
1.887339385575615e-05,1.9938937839469872e-05,34.58954906463623
1.8848884792532772e-05,1.9921415514545515e-05,34.593321800231934
1.882459946500603e-05,1.9903724023606628e-05,34.59819555282593
1.8800537873175927e-05,1.988586700463202e-05,34.60205411911011
1.8776694560074247e-05,1.986784081964288e-05,34.605809688568115
1.8753071344690397e-05,1.984965092560742e-05,34.609663248062134
1.872966458904557e-05,1.9831297322525643e-05,34.61444926261902
1.8706476112129167e-05,1.981278182938695e-05,34.618176221847534
1.8683502275962383e-05,1.9794106265180744e-05,34.62206244468689
1.866073944256641e-05,1.977527244889643e-05,34.62636971473694
1.8638191249920055e-05,1.9756280380534008e-05,34.63111233711243
1.861585224105511e-05,1.9737133698072284e-05,34.6369743347168
1.8593724234960973e-05,1.971783240151126e-05,34.64177870750427
1.857180177466944e-05,1.969837467186153e-05,34.64591884613037
1.8550086679169908e-05,1.9678769604070112e-05,34.65048885345459
1.852857349149417e-05,1.9659011741168797e-05,34.654205322265625
1.8507265849621035e-05,1.9639106540125795e-05,34.65795540809631
1.8486160115571693e-05,1.9619054000941105e-05,34.66187834739685
1.846525447035674e-05,1.9598855942604132e-05,34.66668510437012
1.8444548913976178e-05,1.957851054612547e-05,34.670371532440186
1.8424039808451198e-05,1.9558023268473335e-05,34.67439007759094
1.8403728972771205e-05,1.9537392290658318e-05,34.67856025695801
1.838361276895739e-05,1.9516621250659227e-05,34.683454513549805
1.8363691197009757e-05,1.9495710148476064e-05,34.687281131744385
1.8343964256928302e-05,1.9474658984108828e-05,34.69117879867554
1.8324426491744816e-05,1.9453469576546922e-05,34.69520282745361
1.830508335842751e-05,1.943214374477975e-05,34.700156927108765
1.8285929400008172e-05,1.9410681488807313e-05,34.70387148857117
1.82669627974974e-05,1.938908280862961e-05,34.70762920379639
1.8248187188874e-05,1.9367349523236044e-05,34.71142625808716
1.8229598936159164e-05,1.9345481632626615e-05,34.71590304374695
1.8211198039352894e-05,1.9323482774780132e-05,34.71961045265198
1.8192982679465786e-05,1.9301349311717786e-05,34.72335624694824
1.817495285649784e-05,1.927908306242898e-05,34.727200984954834
1.8157108570449054e-05,1.925668584590312e-05,34.73207449913025
1.813944982131943e-05,1.9234155843150802e-05,34.735835790634155
1.8121974790119566e-05,1.9211494873161428e-05,34.739569425582886
1.810468347684946e-05,1.9188702935934998e-05,34.74336338043213
1.808757588150911e-05,1.9165781850460917e-05,34.74824380874634
1.8070650185109116e-05,1.914272979774978e-05,34.751999378204346
1.805390820663888e-05,1.9119546777801588e-05,34.755760192871094
1.8037348127109e-05,1.9096236428595148e-05,34.75954604148865
1.8020968127530068e-05,1.907279329316225e-05,34.76440143585205
1.8004771845880896e-05,1.9049221009481698e-05,34.7681028842926
1.7988757463172078e-05,1.9025517758564092e-05,34.77188467979431
1.7972924979403615e-05,1.9001687178388238e-05,34.775728940963745
1.7957272575586103e-05,1.897772563097533e-05,34.780123472213745
1.7941802070708945e-05,1.8953634935314767e-05,34.784093141555786
1.792651164578274e-05,1.8929411453427747e-05,34.78756666183472
1.7911403119796887e-05,1.890506064228248e-05,34.79111099243164
1.7896474673761986e-05,1.888058068288956e-05,34.79464268684387
1.7881726307678036e-05,1.8855966118280776e-05,34.799529790878296
1.7867158021545038e-05,1.8831224224413745e-05,34.80323815345764
1.7852771634352393e-05,1.880635136330966e-05,34.80694055557251
1.7838563508121297e-05,1.8781347534968518e-05,34.810476541519165
1.782453546184115e-05,1.875621273939032e-05,34.81535220146179
1.7810685676522553e-05,1.873094697657507e-05,34.81906008720398
1.7797015971154906e-05,1.8705552065512165e-05,34.82282257080078
1.7783524526748806e-05,1.8680026187212206e-05,34.82666254043579
1.777020952431485e-05,1.8654369341675192e-05,34.8316011428833
1.7757074601831846e-05,1.8628581528901123e-05,34.83547616004944
1.7744116121320985e-05,1.8602662748889998e-05,34.83921504020691
1.7731332263792865e-05,1.8576613001641817e-05,34.8429958820343
1.7718726667226292e-05,1.855043592513539e-05,34.84772562980652
1.770629569364246e-05,1.8524126062402502e-05,34.8512396812439
1.7694037524051964e-05,1.8497688870411366e-05,34.85501408576965
1.7681952158454806e-05,1.847112253017258e-05,34.85883808135986
1.7670041415840387e-05,1.844442704168614e-05,34.86284065246582
1.76582998392405e-05,1.841760240495205e-05,34.86708068847656
1.764672742865514e-05,1.8390652257949114e-05,34.870688915252686
1.763532418408431e-05,1.836357478168793e-05,34.874189615249634
1.762408828653861e-05,1.8336371795157902e-05,34.87775111198425
1.7613016098039225e-05,1.8309045117348433e-05,34.88201570510864
1.7602109437575564e-05,1.8281594748259522e-05,34.885964155197144
1.7591362848179415e-05,1.825402068789117e-05,34.88986945152283
1.758077814884018e-05,1.8226328393211588e-05,34.89353322982788
1.7570349882589653e-05,1.819851422624197e-05,34.89781141281128
1.756007804942783e-05,1.8170583643950522e-05,34.90151262283325
1.75499571923865e-05,1.814253664633725e-05,34.90523338317871
1.753998913045507e-05,1.8114373233402148e-05,34.90901780128479
1.7530168406665325e-05,1.8086100681102835e-05,34.91301107406616
1.7520493202027865e-05,1.80577153514605e-05,34.91664958000183
1.7510958059574477e-05,1.802922270144336e-05,34.92013955116272
1.7501564798294567e-05,1.8000622731051408e-05,34.9236159324646
1.7492306142230518e-05,1.7971920897252858e-05,34.927144289016724
1.748318027239293e-05,1.7943120838026516e-05,34.93204975128174
1.747418355080299e-05,1.7914218915393576e-05,34.935691595077515
1.7465312339481898e-05,1.7885224224301055e-05,34.93936848640442
1.745656118146144e-05,1.7856138583738357e-05,34.94328737258911
1.744792825775221e-05,1.7826963812694885e-05,34.94774913787842
1.7439409930375405e-05,1.779770536813885e-05,34.95149612426758
1.743099892337341e-05,1.7768365069059655e-05,34.95520305633545
1.7422693417756818e-05,1.773894837242551e-05,34.95874047279358
1.741448613756802e-05,1.7709457097225823e-05,34.96240949630737
1.740637526381761e-05,1.76798967004288e-05,34.9667387008667
1.7398355339537375e-05,1.7650270820013247e-05,34.97102355957031
1.7390420907759108e-05,1.762058491294738e-05,34.975040912628174
1.7382564692525193e-05,1.7590844436199404e-05,34.97870182991028
1.7374784874846227e-05,1.7561051208758727e-05,34.982789516448975
1.7367074178764597e-05,1.753121250658296e-05,34.98623251914978
1.735942714731209e-05,1.7501331967650913e-05,34.989763259887695
1.7351838323520496e-05,1.7471415048930794e-05,34.993523836135864
1.7344302250421606e-05,1.744146902638022e-05,34.99820113182068
1.7336813471047208e-05,1.741149571898859e-05,35.00235986709595
1.7329362890450284e-05,1.7381504221702926e-05,35.0064058303833
1.7321946870652027e-05,1.7351498172502033e-05,35.01066493988037
1.7314559954684228e-05,1.7321483028354123e-05,35.01529669761658
1.7307193047599867e-05,1.7291467884206213e-05,35.01900339126587
1.7299842511420138e-05,1.7261458197026514e-05,35.022756814956665
1.7292501070187427e-05,1.7231455785804428e-05,35.026588678359985
1.728516144794412e-05,1.7201473383465782e-05,35.03108477592468
1.72778163687326e-05,1.717151462798938e-05,35.0357666015625
1.7270460375584662e-05,1.7141584976343438e-05,35.04069447517395
1.7263084373553284e-05,1.711169352347497e-05,35.04472875595093
1.7255686543649063e-05,1.7081845726352185e-05,35.0500431060791
1.7248254152946174e-05,1.7052047041943297e-05,35.05391311645508
1.724078356346581e-05,1.7022308384184726e-05,35.057801485061646
1.7233269318239763e-05,1.699263339105528e-05,35.061914682388306
1.722570050333161e-05,1.6963032976491377e-05,35.06703066825867
1.7218069842783734e-05,1.6933510778471828e-05,35.07080268859863
1.7210371879627928e-05,1.6904074072954245e-05,35.07499599456787
1.7202602975885384e-05,1.687473377387505e-05,35.07909083366394
1.7194750398630276e-05,1.684549351921305e-05,35.0834755897522
1.71868105098838e-05,1.6816362403915264e-05,35.08712410926819
1.7178774214698933e-05,1.6787349522928707e-05,35.09104037284851
1.717063605610747e-05,1.675845851423219e-05,35.094709634780884
1.7162390577141196e-05,1.672970029176213e-05,35.099204540252686
1.715402686386369e-05,1.6701080312486738e-05,35.102703332901
1.7145539459306747e-05,1.6672607671353035e-05,35.10641407966614
1.713692290650215e-05,1.6644289644318633e-05,35.11019039154053
1.7128168110502884e-05,1.6616133507341146e-05,35.11500668525696
1.711927143333014e-05,1.6588144717388786e-05,35.118732213974
1.7110223780036904e-05,1.6560334188397974e-05,35.12245321273804
1.7101019693654962e-05,1.6532705558347516e-05,35.12624931335449
1.7091650079237297e-05,1.6505269741173834e-05,35.131046772003174
1.7082111298805103e-05,1.6478032193845138e-05,35.134780168533325
1.7072397895390168e-05,1.645099837332964e-05,35.13846755027771
1.7062500774045475e-05,1.642417919356376e-05,35.142245292663574
1.7052414477802813e-05,1.6397578292526305e-05,35.14623761177063
1.7042135368683375e-05,1.6371204765164293e-05,35.15008234977722
1.7031654351740144e-05,1.6345064068445936e-05,35.153817653656006
1.7020967788994312e-05,1.6319163478328846e-05,35.15851926803589
1.701007022347767e-05,1.6293508451781236e-05,35.1624801158905
1.6998956198222004e-05,1.6268106264760718e-05,35.16680097579956
1.6987618437269703e-05,1.6242964193224907e-05,35.17043352127075
1.6976053302641958e-05,1.6218087694142014e-05,35.174108028411865
1.696425533737056e-05,1.6193480405490845e-05,35.17778658866882
1.6952219084487297e-05,1.616915142221842e-05,35.182520389556885
1.6939942725002766e-05,1.6145106201292947e-05,35.186391830444336
1.6927420801948756e-05,1.612134656170383e-05,35.19022750854492
1.6914646039367653e-05,1.609788159839809e-05,35.19388675689697
1.6901618437259458e-05,1.607471494935453e-05,35.1982479095459
1.6888330719666556e-05,1.605185207154136e-05,35.20174217224121
1.6874781067599542e-05,1.602929478394799e-05,35.205443143844604
1.686096584307961e-05,1.6007050362532027e-05,35.20928168296814
1.6846881408127956e-05,1.5985120626282878e-05,35.21311163902283
1.6832525943755172e-05,1.5963511032168753e-05,35.21730971336365
1.681789399299305e-05,1.5942227037157863e-05,35.2211377620697
1.6802985555841587e-05,1.5921266822260804e-05,35.22504472732544
1.6787795175332576e-05,1.5900639482424594e-05,35.229119539260864
1.6772326489444822e-05,1.588034319865983e-05,35.233298778533936
1.6756570403231308e-05,1.586038342793472e-05,35.23681855201721
1.6740528735681437e-05,1.5840761989238672e-05,35.2403028011322
1.672420148679521e-05,1.5821478882571682e-05,35.2445707321167
1.6707583199604414e-05,1.580253774591256e-05,35.24915838241577
1.669067751208786e-05,1.5783940398250706e-05,35.252965688705444
1.6673480786266737e-05,1.5765688658575527e-05,35.256492137908936
1.6655993022141047e-05,1.574778070789762e-05,35.26004505157471
1.6638212400721386e-05,1.5730218365206383e-05,35.26441192626953
1.662014255998656e-05,1.571300163050182e-05,35.26791000366211
1.660178168094717e-05,1.569613414176274e-05,35.27136516571045
1.658312976360321e-05,1.567961044202093e-05,35.27493977546692
1.6564186807954684e-05,1.5663432350265794e-05,35.2785849571228
1.6544956451980397e-05,1.564759986649733e-05,35.28289175033569
1.652543869568035e-05,1.563210753374733e-05,35.286853075027466
1.6505633539054543e-05,1.5616960808984004e-05,35.29072642326355
1.6485546439071186e-05,1.5602152416249737e-05,35.29466724395752
1.6465173757751472e-05,1.5587680536555126e-05,35.2990620136261
1.6444520952063613e-05,1.5573546988889575e-05,35.30255079269409
1.6423591659986414e-05,1.555974449729547e-05,35.306286096572876
1.6402385881519876e-05,1.554627306177281e-05,35.31006336212158
1.6380910892621614e-05,1.553312540636398e-05,35.31484794616699
1.6359166693291627e-05,1.5520303350058384e-05,35.318519830703735
1.6337156921508722e-05,1.5507797797909006e-05,35.32206869125366
1.6314885215251707e-05,1.5495608749915846e-05,35.325934648513794
1.6292355212499388e-05,1.5483728930121288e-05,35.3301260471344
1.626957418920938e-05,1.5472154700546525e-05,35.33406162261963
1.6246543964371085e-05,1.5460880604223348e-05,35.33792781829834
1.6223269994952716e-05,1.5449901184183545e-05,35.3416473865509
1.619975591893308e-05,1.5439210983458906e-05,35.34532284736633
1.6176009012269787e-05,1.542880454508122e-05,35.3494610786438
1.6152036550920457e-05,1.5418674593092874e-05,35.352935552597046
1.6127838534885086e-05,1.5408815670525655e-05,35.35639810562134
1.6103424059110694e-05,1.539922050142195e-05,35.35996055603027
1.6078802218544297e-05,1.5389881809824146e-05,35.364421367645264
1.60539748321753e-05,1.538079413876403e-05,35.36825656890869
1.602895099495072e-05,1.537195021228399e-05,35.372190952301025
1.600373798282817e-05,1.5363339116447605e-05,35.376097202301025
1.597833943378646e-05,1.5354955394286662e-05,35.38106560707092
1.595276808075141e-05,1.5346789950854145e-05,35.384605407714844
1.5927027561701834e-05,1.5338837329181843e-05,35.388076066970825
1.590112515259534e-05,1.533108479634393e-05,35.39160203933716
1.5875073586357757e-05,1.5323525076382793e-05,35.395264863967896
1.5848874681978486e-05,1.531615089334082e-05,35.399423599243164
1.5822541172383353e-05,1.5308953152270988e-05,35.40297245979309
1.5796078514540568e-05,1.5301919120247476e-05,35.406471729278564
1.5769499441375956e-05,1.5295043340302072e-05,35.41000056266785
1.5742809409857728e-05,1.5288314898498356e-05,35.414392709732056
1.57160175149329e-05,1.528172469988931e-05,35.417938470840454
1.5689134670537896e-05,1.527526183053851e-05,35.42139172554016
1.566216815263033e-05,1.5268917195498943e-05,35.42495107650757
1.5635130694136024e-05,1.5262679880834185e-05,35.42960596084595
1.5608029571012594e-05,1.5256540791597217e-05,35.43380689620972
1.5580873878207058e-05,1.525048901385162e-05,35.437514781951904
1.5553674529655837e-05,1.5244514543155674e-05,35.44136667251587
1.5526440620305948e-05,1.5238606465572957e-05,35.44524264335632
1.5499183064093813e-05,1.523275477666175e-05,35.44997477531433
1.5471914593945257e-05,1.5226949471980333e-05,35.45371127128601
1.544464066682849e-05,1.5221179637592286e-05,35.45757508277893
1.5417375834658742e-05,1.5215433450066485e-05,35.461355686187744
1.5390127373393625e-05,1.5209702723950613e-05,35.466246366500854
1.536290619696956e-05,1.5203974726318847e-05,35.46974325180054
1.5335725038312376e-05,1.5198238543234766e-05,35.47322630882263
1.5308592992369086e-05,1.5192486898740754e-05,35.47676467895508
1.5281520973076113e-05,1.5186705240921583e-05,35.48118877410889
1.5254518984875176e-05,1.5180885384324938e-05,35.484824895858765
1.5227597941702697e-05,1.5175015505519696e-05,35.48846793174744
1.5200768757495098e-05,1.516908741905354e-05,35.49199056625366
1.5174042346188799e-05,1.5163086573011242e-05,35.495800495147705
1.5147429621720221e-05,1.515700660092989e-05,35.50015997886658
1.5120940588531084e-05,1.5150834769883659e-05,35.50391435623169
1.509458616055781e-05,1.5144561075430829e-05,35.507664918899536
1.5068376342242118e-05,1.5138176422624383e-05,35.51135015487671
1.5042321138025727e-05,1.5131670807022601e-05,35.51574110984802
1.5016431461845059e-05,1.5125034224183764e-05,35.51927065849304
1.4990718227636535e-05,1.511825576017145e-05,35.52284121513367
1.4965190530347172e-05,1.5111328139028046e-05,35.52661609649658
1.493985837441869e-05,1.5104238627827726e-05,35.5315625667572
1.4914732673787512e-05,1.509698176960228e-05,35.535133838653564
1.4889822523400653e-05,1.5089545740920585e-05,35.53886938095093
1.4865137018205132e-05,1.508192053734092e-05,35.54264569282532
1.484068707213737e-05,1.5074100701895077e-05,35.54681730270386
1.4816479961154982e-05,1.506607441115193e-05,35.550615310668945
1.4792526599194389e-05,1.5057836208143272e-05,35.5542254447937
1.4768836081202608e-05,1.504937608842738e-05,35.557791233062744
1.4745414773642551e-05,1.504068586655194e-05,35.56154942512512
1.472227359045064e-05,1.5031758266559336e-05,35.56627869606018
1.4699417988595087e-05,1.5022586012491956e-05,35.56997203826904
1.4676858882012311e-05,1.5013160918897483e-05,35.573728799819946
1.4654601727670524e-05,1.5003477528807707e-05,35.57726335525513
1.4632655620516744e-05,1.499352674727561e-05,35.58193564414978
1.461102601751918e-05,1.4983304026827682e-05,35.58568859100342
1.4589721104130149e-05,1.497280209150631e-05,35.58948302268982
1.4568747246812563e-05,1.4962016393837985e-05,35.59334993362427
1.4548110812029336e-05,1.495093874837039e-05,35.59771513938904
1.4527816347253975e-05,1.493956551712472e-05,35.60125207901001
1.4507870218949392e-05,1.492789033363806e-05,35.604771852493286
1.4488278793578502e-05,1.4915909559931606e-05,35.60856318473816
1.446904570912011e-05,1.4903616829542443e-05,35.61241865158081
1.4450175513047725e-05,1.4891010323481169e-05,35.6168167591095
1.4431673662329558e-05,1.4878084584779572e-05,35.62030005455017
1.4413541066460311e-05,1.4864835975458845e-05,35.62411022186279
1.43957859108923e-05,1.4851260857540183e-05,35.6279239654541
1.4378407286130823e-05,1.4837358321528882e-05,35.632431983947754
1.4361407920659985e-05,1.4823122910456732e-05,35.63619828224182
1.4344791452458594e-05,1.4808553714829031e-05,35.63980031013489
1.4328559700516053e-05,1.4793648915656377e-05,35.6433322429657
1.4312715393316466e-05,1.4778405784454662e-05,35.647727489471436
1.4297256711870432e-05,1.4762824321223889e-05,35.65125894546509
1.4282185475167353e-05,1.474690179747995e-05,35.654839277267456
1.4267501683207229e-05,1.473064003221225e-05,35.6586217880249
1.4253207154979464e-05,1.4714036296936683e-05,35.66244435310364
1.4239299161999952e-05,1.4697092410642654e-05,35.666858196258545
1.4225776794773992e-05,1.4679806554340757e-05,35.67060565948486
1.4212639143806882e-05,1.46621814565151e-05,35.674418687820435
1.419988529960392e-05,1.4644218026660383e-05,35.678194522857666
1.41875116241863e-05,1.4625916264776606e-05,35.68281888961792
1.4175516298564617e-05,1.4607279808842577e-05,35.68631434440613
1.4163894775265362e-05,1.4588308658858296e-05,35.68980693817139
1.4152646144793835e-05,1.4569006452802569e-05,35.69335317611694
1.4141764950181823e-05,1.4549375919159502e-05,35.69776940345764
1.4131247553450521e-05,1.45294197864132e-05,35.70137977600098
1.4121088497631717e-05,1.4509142602037173e-05,35.704872131347656
1.4111284144746605e-05,1.4488547094515525e-05,35.70870637893677
1.410182721883757e-05,1.4467636901827063e-05,35.71252679824829
1.4092713172431104e-05,1.444641748094e-05,35.716710567474365
1.4083936548558995e-05,1.4424893379327841e-05,35.72045040130615
1.407549007126363e-05,1.44030700539588e-05,35.7241268157959
1.4067367374082096e-05,1.4380951142811682e-05,35.72769379615784
1.4059560271562077e-05,1.4358543921844102e-05,35.731931924819946
1.405206148774596e-05,1.4335853848024271e-05,35.73543667793274
1.4044866475160234e-05,1.4312887287815101e-05,35.73889994621277
1.4037961591384374e-05,1.4289651517174207e-05,35.742613315582275
1.403134228894487e-05,1.42661529025645e-05,35.74646282196045
1.4025000382389408e-05,1.424239690095419e-05,35.75023412704468
1.4018924957781564e-05,1.4218394426279701e-05,35.75399827957153
1.4013106920174323e-05,1.419415002601454e-05,35.75782060623169
1.4007537174620666e-05,1.4169674614095129e-05,35.761651039123535
1.4002208445162978e-05,1.4144973647489678e-05,35.766201972961426
1.3997107998875435e-05,1.4120057130639907e-05,35.769672870635986
1.3992225831316318e-05,1.4094934158492833e-05,35.773412227630615
1.3987552847538609e-05,1.4069612007006072e-05,35.77739644050598
1.3983078133605886e-05,1.4044101590116043e-05,35.78198170661926
1.3978792594571132e-05,1.4018410183780361e-05,35.78575611114502
1.397468258801382e-05,1.3992550520924851e-05,35.78933382034302
1.3970739018986933e-05,1.3966529877507128e-05,35.79287314414978
1.3966950064059347e-05,1.3940359167463612e-05,35.79677438735962
1.3963306628284045e-05,1.3914048395236023e-05,35.80032682418823
1.3959794159745798e-05,1.3887608474760782e-05,35.803762912750244
1.3956403563497588e-05,1.3861048500984907e-05,35.807328939437866
1.3953123016108293e-05,1.3834381206834223e-05,35.81089687347412
1.3949941603641491e-05,1.3807615687255748e-05,35.81680464744568
1.3946845683676656e-05,1.3780763765680604e-05,35.821155071258545
1.3943827070761472e-05,1.375383544655051e-05,35.824946880340576
1.394087121298071e-05,1.3726842553296592e-05,35.828962087631226
1.3937966286903247e-05,1.369979690934997e-05,35.833868980407715
1.3935105926066171e-05,1.3672708519152366e-05,35.837578773498535
1.3932271031080745e-05,1.3645590115629602e-05,35.84134483337402
1.392945705447346e-05,1.3618452612718102e-05,35.84525513648987
1.3926646715844981e-05,1.3591306924354285e-05,35.84993076324463
1.3923831829742994e-05,1.3564165783463977e-05,35.853519678115845
1.3921000572736375e-05,1.3537039194488898e-05,35.857017040252686
1.3918141121394001e-05,1.3509940799849574e-05,35.86073327064514
1.391524256177945e-05,1.3482881513482425e-05,35.86537837982178
1.3912293070461601e-05,1.3455871339829173e-05,35.86933255195618
1.3909283552493434e-05,1.3428923921310343e-05,35.87300896644592
1.3906202184443828e-05,1.3402050171862356e-05,35.87675976753235
1.3903036233386956e-05,1.3375261005421635e-05,35.88170671463013
1.3899778423365206e-05,1.3348569154914003e-05,35.885577917099
1.389641511195805e-05,1.332198462478118e-05,35.889322996139526
1.3892939023207873e-05,1.3295520147948992e-05,35.89315891265869
1.3889338333683554e-05,1.3269185728859156e-05,35.89779353141785
1.3885602129448671e-05,1.3242993190942798e-05,35.90153121948242
1.3881722225050908e-05,1.3216953448136337e-05,35.905216217041016
1.3877687706553843e-05,1.3191077414376196e-05,35.908990144729614
1.387349038850516e-05,1.3165376003598794e-05,35.912869691848755
1.386911935696844e-05,1.3139860129740555e-05,35.916754722595215
1.3864567335986067e-05,1.3114540706737898e-05,35.920440912246704
1.3859825230611023e-05,1.3089426829537842e-05,35.924195289611816
1.3854883036401588e-05,1.3064528502582107e-05,35.92798566818237
1.384973347740015e-05,1.3039857549301814e-05,35.93256855010986
1.384436745865969e-05,1.3015423064643983e-05,35.936376094818115
1.3838777704222593e-05,1.2991235053050332e-05,35.9403133392334
1.3832956938131247e-05,1.2967302609467879e-05,35.94423222541809
1.382689515594393e-05,1.2943634828843642e-05,35.94872164726257
1.3820588719681837e-05,1.2920239896629937e-05,35.95260834693909
1.3814027624903247e-05,1.2897128726763185e-05,35.956453800201416
1.3807205505145248e-05,1.2874307685706299e-05,35.96015524864197
1.380011690343963e-05,1.2851788596890401e-05,35.96484923362732
1.379275545332348e-05,1.2829575098294299e-05,35.96846580505371
1.3785112969344482e-05,1.2807677194359712e-05,35.97203516960144
1.3777184904029127e-05,1.2786103070538957e-05,35.975743770599365
1.3768967619398609e-05,1.2764860002789646e-05,35.97957682609558
1.3760451111011207e-05,1.2743953448079992e-05,35.98349475860596
1.3751635378866922e-05,1.272339159186231e-05,35.987165212631226
1.3742511328018736e-05,1.2703180800599512e-05,35.990795373916626
1.3733076229982544e-05,1.2683326531259809e-05,35.994449615478516
1.3723324627790134e-05,1.2663835150306113e-05,35.99911165237427
1.3713254702452105e-05,1.2644712114706635e-05,36.00276231765747
1.3702860087505542e-05,1.262596470041899e-05,36.006240367889404
1.3692138963961042e-05,1.2607592907443177e-05,36.0097873210907
1.3681085874850396e-05,1.2589607649715617e-05,36.01440119743347
1.3669698091689497e-05,1.2572008927236311e-05,36.018454790115356
1.3657974704983644e-05,1.2554803106468171e-05,36.022266149520874
1.3645910257764626e-05,1.2537992915895302e-05,36.02593016624451
1.3633503840537742e-05,1.2521581993496511e-05,36.03007626533508
1.3620752724818885e-05,1.2505573977250606e-05,36.03369212150574
1.3607654182123952e-05,1.2489971595641691e-05,36.037354707717896
1.3594207302958239e-05,1.2474776667659171e-05,36.040974855422974
1.3580409358837642e-05,1.2459993740776554e-05,36.044721841812134
1.3566261259256862e-05,1.2445620996004436e-05,36.04915452003479
1.3551759366237093e-05,1.2431662980816327e-05,36.05273199081421
1.3536905498767737e-05,1.2418119695212226e-05,36.05621123313904
1.3521695109375287e-05,1.2404992958181538e-05,36.05974054336548
1.3506130926543847e-05,1.2392283679218963e-05,36.06347870826721
1.3490212040778715e-05,1.23799909488298e-05,36.067198038101196
1.347393754258519e-05,1.236811567650875e-05,36.07097125053406
1.3457308341457974e-05,1.2356656952761114e-05,36.07481598854065
1.3440323527902365e-05,1.2345616596576292e-05,36.07862949371338
1.3422984920907766e-05,1.2334990060480777e-05,36.082902669906616
1.3405292520474177e-05,1.2324779163463973e-05,36.08666157722473
1.3387248145591002e-05,1.2314981177041773e-05,36.090176820755005
1.3368852705752943e-05,1.2305595191719476e-05,36.09372115135193
1.3350107110454701e-05,1.2296618479012977e-05,36.098214864730835
1.3331012269190978e-05,1.2288048310438171e-05,36.101940870285034
1.3311571819940582e-05,1.2279882867005654e-05,36.10572934150696
1.3291785762703512e-05,1.2272120329726022e-05,36.1093430519104
1.3271657735458575e-05,1.2264755241631065e-05,36.11340641975403
1.3251190466689877e-05,1.225778669322608e-05,36.11723518371582
1.3230383046902716e-05,1.2251209227542859e-05,36.12103748321533
1.3209243661549408e-05,1.2245019206602592e-05,36.124818563461304
1.318777049164055e-05,1.2239212992426474e-05,36.12861132621765
1.3165968084649649e-05,1.2233787856530398e-05,36.13295531272888
1.3143840078555513e-05,1.2228733794472646e-05,36.13697075843811
1.312139011133695e-05,1.2224050806253217e-05,36.140875577926636
1.3098620911478065e-05,1.2219733434903901e-05,36.14483141899109
1.3075537935947068e-05,1.2215773494972382e-05,36.14964270591736
1.3052143913228065e-05,1.2212167348479852e-05,36.15311026573181
1.3028443390794564e-05,1.22089086289634e-05,36.156580686569214
1.3004440006625373e-05,1.220599006046541e-05,36.16021180152893
1.2980140127183404e-05,1.2203408914501779e-05,36.164886713027954
1.2955546480952762e-05,1.2201153367641382e-05,36.168407917022705
1.2930666343891062e-05,1.2199221600894816e-05,36.17190217971802
1.2905502444482408e-05,1.2197603609820362e-05,36.175450801849365
1.2880061149189714e-05,1.219629393744981e-05,36.17951726913452
1.285434791498119e-05,1.219528348883614e-05,36.18352556228638
1.282837001781445e-05,1.2194566807011142e-05,36.187371492385864
1.2802129276678897e-05,1.2194133887533098e-05,36.19126629829407
1.2775635696016252e-05,1.2193978363939095e-05,36.195236921310425
1.2748894732794724e-05,1.2194091141282115e-05,36.19945192337036
1.2721911843982525e-05,1.2194464943604544e-05,36.20307016372681
1.2694693396042567e-05,1.219508885696996e-05,36.20767951011658
1.2667247574427165e-05,1.2195958333904855e-05,36.211896657943726
1.2639581655093934e-05,1.2197061550978106e-05,36.21672010421753
1.2611700185516383e-05,1.2198389413242694e-05,36.220481872558594
1.2583614079630934e-05,1.2199933735246304e-05,36.22436165809631
1.2555328794405796e-05,1.2201684512547217e-05,36.22816205024719
1.2526852515293285e-05,1.2203634469187818e-05,36.23333406448364
1.249819433724042e-05,1.2205771781736985e-05,36.23694634437561
1.2469360626710113e-05,1.2208087355247699e-05,36.240458488464355
1.2440362297638785e-05,1.2210570275783539e-05,36.2440025806427
1.2411204806994647e-05,1.221321235789219e-05,36.248751640319824
1.238189906871412e-05,1.2216002687637229e-05,36.252525806427
1.2352454177744221e-05,1.2218930351082236e-05,36.25630307197571
1.2322878319537267e-05,1.222198534378549e-05,36.25992298126221
1.2293181498534977e-05,1.2225157661305275e-05,36.26454401016235
1.2263373719179071e-05,1.222843820869457e-05,36.268336057662964
1.2233463166921865e-05,1.2231812434038147e-05,36.27206015586853
1.220346075569978e-05,1.2235272151883692e-05,36.27593946456909
1.2173377399449237e-05,1.2238807357789483e-05,36.2802414894104
1.2143224012106657e-05,1.2242405318829697e-05,36.28431153297424
1.2113007869629655e-05,1.2246055121067911e-05,36.28819823265076
1.2082743523933459e-05,1.2249746760062408e-05,36.292421102523804
1.2052440069965087e-05,1.2253468412382063e-05,36.29678964614868
1.202210842166096e-05,1.2257208254595753e-05,36.30064678192139
1.1991759492957499e-05,1.2260956282261759e-05,36.30419945716858
1.196140601678053e-05,1.2264699762454256e-05,36.30783200263977
1.1931058907066472e-05,1.2268428690731525e-05,36.31145882606506
1.190072998724645e-05,1.2272132153157145e-05,36.31583046913147
1.1870431990246288e-05,1.2275796507310588e-05,36.319425106048584
1.1840174920507707e-05,1.2279412658244837e-05,36.32307696342468
1.1809972420451231e-05,1.2282966963539366e-05,36.32672715187073
1.1779838132497389e-05,1.2286449418752454e-05,36.33110809326172
1.17497829705826e-05,1.228984820045298e-05,36.334800004959106
1.171981875813799e-05,1.229315239470452e-05,36.33838105201721
1.1689959137584083e-05,1.229634835908655e-05,36.34207725524902
1.1660217751341406e-05,1.2299427908146754e-05,36.34577202796936
1.1630607332335785e-05,1.2302378308959305e-05,36.35006523132324
1.1601140613493044e-05,1.2305187738093082e-05,36.35362195968628
1.1571827599254902e-05,1.230784437211696e-05,36.357237815856934
1.1542686479515396e-05,1.2310338206589222e-05,36.36089015007019
1.1513729077705648e-05,1.2312658327573445e-05,36.36529064178467
1.1484966307762079e-05,1.2314791092649102e-05,36.36904978752136
1.1456412721599918e-05,1.2316728316363879e-05,36.37263202667236
1.1428082871134393e-05,1.2318457265791949e-05,36.37628960609436
1.1399989489291329e-05,1.2319968845986295e-05,36.38014459609985
1.1372144399501849e-05,1.2321251233515795e-05,36.38391613960266
1.1344563063175883e-05,1.2322293514444027e-05,36.387505292892456
1.1317256394249853e-05,1.232308477483457e-05,36.391149282455444
1.1290239854133688e-05,1.2323615919740405e-05,36.39479899406433
1.126352435676381e-05,1.2323876035225112e-05,36.399128675460815
1.1237124454055447e-05,1.2323855116846971e-05,36.4028000831604
1.1211051969439723e-05,1.2323542250669561e-05,36.40652656555176
1.1185321454831865e-05,1.2322929251240566e-05,36.41019296646118
1.1159943824168295e-05,1.2322004295128863e-05,36.414860248565674
1.1134930900880136e-05,1.232076101587154e-05,36.418492794036865
1.1110297236882616e-05,1.2319187590037473e-05,36.42206406593323
1.1086054655606858e-05,1.2317276741669048e-05,36.42584490776062
1.1062213161494583e-05,1.2315017556829844e-05,36.42952537536621
1.1038786396966316e-05,1.2312402759562247e-05,36.43350601196289
1.1015783456969075e-05,1.230942416441394e-05,36.43713092803955
1.0993217983923387e-05,1.2306073585932609e-05,36.440773010253906
1.097109907277627e-05,1.2302341019676533e-05,36.44441318511963
1.0949438546958845e-05,1.2298221008677501e-05,36.4486448764801
1.0928245501418132e-05,1.2293705367483199e-05,36.45238375663757
1.0907530850090552e-05,1.2288787729630712e-05,36.45601201057434
1.0887301868933719e-05,1.2283459909667727e-05,36.45972800254822
1.0867571290873457e-05,1.2277717360120732e-05,36.46347451210022
1.0848344572877977e-05,1.2271550986042712e-05,36.467169523239136
1.08296326288837e-05,1.2264955330465455e-05,36.47064280509949
1.0811440915858839e-05,1.2257925845915452e-05,36.474140644073486
1.0793777619255707e-05,1.2250457075424492e-05,36.47769069671631
1.0776650015031919e-05,1.2242542652529664e-05,36.48194456100464
1.0760064469650388e-05,1.223417893925216e-05,36.48575282096863
1.0744027349574026e-05,1.2225361388118472e-05,36.48948526382446
1.0728544111771043e-05,1.2216086361149792e-05,36.49319100379944
1.0713618394220248e-05,1.220634931087261e-05,36.497753620147705
1.069925565388985e-05,1.219614568981342e-05,36.501460790634155
1.0685458619263954e-05,1.2185473678982817e-05,36.50515866279602
1.067223183781607e-05,1.2174331459391396e-05,36.50896596908569
1.0659577128535602e-05,1.2162717212049756e-05,36.51293325424194
1.0647497219906654e-05,1.2150625479989685e-05,36.51680111885071
1.0635993021423928e-05,1.2138058991695289e-05,36.520490407943726
1.0625066352076828e-05,1.2125013199693058e-05,36.524229288101196
1.061471539287595e-05,1.2111489013477694e-05,36.52802300453186
1.0604941053315997e-05,1.2097485523554496e-05,36.532456159591675
1.0595742423902266e-05,1.2083002729923464e-05,36.53608226776123
1.0587118595140055e-05,1.20680415420793e-05,36.53959321975708
1.0579066838545259e-05,1.2052601960022002e-05,36.543172121047974
1.0571584425633773e-05,1.2036686712235678e-05,36.547751665115356
1.0564665899437387e-05,1.2020296708215028e-05,36.5513129234314
1.0558310350461397e-05,1.2003431947960053e-05,36.55480432510376
1.0552511412242893e-05,1.1986097888438962e-05,36.55832290649414
1.0547263627813663e-05,1.1968295439146459e-05,36.56194615364075
1.0542561540205497e-05,1.1950029147556052e-05,36.566251039505005
1.0538398782955483e-05,1.1931301742151845e-05,36.56996488571167
1.0534768989600707e-05,1.1912117770407349e-05,36.5737407207489
1.053166215569945e-05,1.1892481779796071e-05,36.57745695114136
1.05290710052941e-05,1.1872399227286223e-05,36.58193850517273
1.0526986443437636e-05,1.1851873750856612e-05,36.58564019203186
1.0525401194172446e-05,1.1830912626464851e-05,36.58955788612366
1.0524303434067406e-05,1.1809521311079152e-05,36.59440326690674
1.0523682249186095e-05,1.1787708899646532e-05,36.59958219528198
1.0523527635086793e-05,1.1765478120651096e-05,36.603373765945435
1.052382867783308e-05,1.1742838069039863e-05,36.60722255706787
1.0524571735004429e-05,1.1719797839759849e-05,36.61103129386902
1.0525745892664418e-05,1.169636470876867e-05,36.615869760513306
1.052733750839252e-05,1.1672547771013342e-05,36.61951732635498
1.052933293976821e-05,1.1648355211946182e-05,36.622997522354126
1.0531719453865662e-05,1.1623796126514208e-05,36.62653350830078
1.0534482498769648e-05,1.159888142865384e-05,36.63146758079529
1.0537608432059642e-05,1.1573620213312097e-05,36.6352379322052
1.0541080882831011e-05,1.15480233944254e-05,36.638997316360474
1.0544886208663229e-05,1.1522102795424871e-05,36.64268350601196
1.0549007129156962e-05,1.149586751125753e-05,36.64784002304077
1.0553430911386386e-05,1.1469330274849199e-05,36.65290141105652
1.0558138455962762e-05,1.1442502909631003e-05,36.658032178878784
1.0563115210970864e-05,1.1415397239034064e-05,36.66275477409363
1.056834571500076e-05,1.138802690547891e-05,36.66679072380066
1.0573811778158415e-05,1.1360403732396662e-05,36.67063856124878
1.0579497029539198e-05,1.1332540452713147e-05,36.67441439628601
1.0585385098238476e-05,1.1304449799354188e-05,36.678115129470825
1.0591458703856915e-05,1.1276148143224418e-05,36.682602882385254
1.0597699656500481e-05,1.124764730775496e-05,36.68623948097229
1.0604092494759243e-05,1.1218961844861042e-05,36.689844846725464
1.0610619938233867e-05,1.1190106306457892e-05,36.693488359451294
1.0617261978040915e-05,1.1161094334966037e-05,36.698195934295654
1.062400497175986e-05,1.1131943210784812e-05,36.701706886291504
1.0630829820001964e-05,1.1102664757345337e-05,36.70520758628845
1.0637719242367893e-05,1.107327716454165e-05,36.70882749557495
1.0644657777447719e-05,1.1043794074794278e-05,36.71283459663391
1.0651625416358002e-05,1.1014230949513149e-05,36.71684145927429
1.0658607607183512e-05,1.0984605978592299e-05,36.72107219696045
1.0665585250535514e-05,1.095493007596815e-05,36.72506070137024
1.0672543794498779e-05,1.0925225069513544e-05,36.7286171913147
1.0679466868168674e-05,1.0895501873164903e-05,36.7329318523407
1.0686335372156464e-05,1.0865778676816262e-05,36.73662781715393
1.0693134754546918e-05,1.0836071851372253e-05,36.74036192893982
1.0699848644435406e-05,1.0806397767737508e-05,36.744157552719116
1.0706461580411997e-05,1.0776770977827255e-05,36.74865460395813
1.0712957191572059e-05,1.0747208762040827e-05,36.752678871154785
1.0719321835495066e-05,1.0717727491282858e-05,36.75659990310669
1.0725538231781684e-05,1.0688343536457978e-05,36.76050615310669
1.0731592738011386e-05,1.0659071449481416e-05,36.76537823677063
1.0737470802268945e-05,1.0629928510752507e-05,36.769136905670166
1.074315787263913e-05,1.0600929272186477e-05,36.77270817756653
1.0748640306701418e-05,1.057209101418266e-05,36.77633452415466
1.0753905371529981e-05,1.0543427379161585e-05,36.7801616191864
1.0758938515209593e-05,1.0514957466511987e-05,36.784297704696655
1.0763727004814427e-05,1.0486692190170288e-05,36.787906885147095
1.076825810741866e-05,1.0458649740030523e-05,36.79157280921936
1.077252090908587e-05,1.043084375851322e-05,36.79528594017029
1.0776503586384933e-05,1.0403288797533605e-05,36.79950523376465
1.0780194315884728e-05,1.0375998499512207e-05,36.80305886268616
1.078358127415413e-05,1.0348989235353656e-05,36.806663274765015
1.0786654456751421e-05,1.0322272828489076e-05,36.81033730506897
1.078940385923488e-05,1.0295862921338994e-05,36.81504702568054
1.079181947716279e-05,1.026977497531334e-05,36.818872690200806
1.0793893125082832e-05,1.0244018994853832e-05,36.82278609275818
1.0795614798553288e-05,1.02186095318757e-05,36.82670068740845
1.079697540262714e-05,1.0193555681325961e-05,36.83204531669617
1.0797968570841476e-05,1.0168872904614545e-05,36.835620164871216
1.0798585208249278e-05,1.014456938719377e-05,36.83920741081238
1.0798818948387634e-05,1.0120658771484159e-05,36.8428840637207
1.0798662515298929e-05,1.0097148333443329e-05,36.84680509567261
1.0798110452014953e-05,1.0074050805997103e-05,36.850420236587524
1.0797155482578091e-05,1.0051373465103097e-05,36.854103326797485
1.0795793969009537e-05,1.0029127224697731e-05,36.85774064064026
1.0794018635351676e-05,1.000731936073862e-05,36.86149001121521
1.0791827662615106e-05,9.985957149183378e-06,36.86582040786743
1.0789215593831614e-05,9.96504877548432e-06,36.86996412277222
1.0786178791022394e-05,9.944603334588464e-06,36.87400436401367
1.0782713616208639e-05,9.924622645485215e-06,36.877668619155884
1.0778818250400946e-05,9.905115803121589e-06,36.88197612762451
1.0774489965115208e-05,9.886087354971096e-06,36.88554620742798
1.0769726941362023e-05,9.867541848507244e-06,36.88914775848389
1.0764527360151988e-05,9.849482921708841e-06,36.89279747009277
1.07588912214851e-05,9.831914212554693e-06,36.89681839942932
1.075281670637196e-05,9.814839359023608e-06,36.90078639984131
1.0746303814812563e-05,9.79826018010499e-06,36.904592514038086
1.0739355275291018e-05,9.78217849478824e-06,36.90824794769287
1.0731967449828517e-05,9.766594303073362e-06,36.91197395324707
1.0724144885898568e-05,9.751510333444458e-06,36.91659212112427
1.0715887583501171e-05,9.736926585901529e-06,36.920109033584595
1.0707198271120433e-05,9.72284033196047e-06,36.92359399795532
1.0698078767745756e-05,9.70925157162128e-06,36.92739391326904
1.0688530892366543e-05,9.696159395389259e-06,36.93205213546753
1.0678559192456305e-05,9.683560165285598e-06,36.935887575149536
1.0668166396499146e-05,9.671452971815597e-06,36.93979215621948
1.0657356142473873e-05,9.659832358011045e-06,36.943440675735474
1.0646133887348697e-05,9.648695595387835e-06,36.94779300689697
1.0634502359607723e-05,9.638037226977758e-06,36.95124864578247
1.062246610672446e-05,9.627853614802007e-06,36.95469880104065
1.0610033314151224e-05,9.61813930189237e-06,36.95838236808777
1.0597207619866822e-05,9.608887012291234e-06,36.962281227111816
1.0583994480839465e-05,9.600091289030388e-06,36.966951847076416
1.0570401173026767e-05,9.591744856152218e-06,36.9708251953125
1.0556433153396938e-05,9.583841347193811e-06,36.97479057312012
1.0542098607402295e-05,9.576370757713448e-06,36.979148387908936
1.0527402992011048e-05,9.569327630742919e-06,36.98339080810547
1.0512355402170215e-05,9.562701052345801e-06,36.9875910282135
1.0496962204342708e-05,9.55648283706978e-06,36.99276041984558
1.0481232493475545e-05,9.550664799462538e-06,36.99869108200073
1.046517354552634e-05,9.545235116092954e-06,37.00306177139282
1.0448794455442112e-05,9.540184692014009e-06,37.00666689872742
1.0432103408675175e-05,9.535503522783983e-06,37.010294675827026
1.0415109500172548e-05,9.531180694466457e-06,37.015827655792236
1.039782273437595e-05,9.527204383630306e-06,37.019551038742065
1.0380250387242995e-05,9.52356458583381e-06,37.02327847480774
1.0362403372710105e-05,9.520249477645848e-06,37.026877880096436
1.0344291695218999e-05,9.517247235635296e-06,37.032503843307495
1.0325925359211396e-05,9.514545126876328e-06,37.03651428222656
1.0307314369129017e-05,9.512132237432525e-06,37.0404098033905
1.028846872941358e-05,9.509996743872762e-06,37.044331073760986
1.0269397535012104e-05,9.508125003776513e-06,37.04886221885681
1.0250113518850412e-05,9.506504284217954e-06,37.05269932746887
1.0230626685370225e-05,9.50512276176596e-06,37.05679798126221
1.0210947039013263e-05,9.503967703494709e-06,37.06059670448303
1.0191084584221244e-05,9.503026376478374e-06,37.06565833091736
1.0171052963414695e-05,9.50228604779113e-06,37.06941103935242
1.0150862181035336e-05,9.501733075012453e-06,37.07300686836243
1.0130523151019588e-05,9.501355634711217e-06,37.07666325569153
1.0110046787303872e-05,9.501139174972195e-06,37.081690073013306
1.008944400382461e-05,9.501071872364264e-06,37.085368156433105
1.0068727533507627e-05,9.5011419034563e-06,37.08906006813049
1.0047906471299939e-05,9.501334716333076e-06,37.092772006988525
1.0026994459622074e-05,9.501637578068767e-06,37.096839427948
1.0006001502915751e-05,9.50203957472695e-06,37.10057520866394
9.984938515117392e-06,9.502526154392399e-06,37.104156255722046
9.963819138647523e-06,9.50308549363399e-06,37.10779285430908
9.94265155895846e-06,9.503705769020598e-06,37.111472606658936
9.921448508976027e-06,9.504374247626401e-06,37.11631202697754
9.900220902636647e-06,9.505079106020276e-06,37.11979079246521
9.878980563371442e-06,9.505807611276396e-06,37.123329401016235
9.857738405116834e-06,9.506549758953042e-06,37.12693548202515
9.836504432314541e-06,9.507291906629689e-06,37.131601333618164
9.815289558900986e-06,9.508024049864616e-06,37.13582754135132
9.79410560830729e-06,9.508734365226701e-06,37.13982057571411
9.772962584975176e-06,9.509411938779522e-06,37.14374303817749
9.751871402841061e-06,9.51004676608136e-06,37.148672580718994
9.730841156851966e-06,9.510626114206389e-06,37.15254092216492
9.709884579933714e-06,9.511141797702294e-06,37.15612506866455
9.689009857538622e-06,9.511582902632654e-06,37.15969133377075
9.668226084613707e-06,9.51194033405045e-06,37.16349172592163
9.647545994084794e-06,9.512202268524561e-06,37.16736459732056
9.626975952414796e-06,9.512361430097371e-06,37.17112183570862
9.606527783034835e-06,9.512409633316565e-06,37.1748468875885
9.586209671397228e-06,9.51233505475102e-06,37.17861270904541
9.566030712448992e-06,9.512131327937823e-06,37.18361020088196
9.545999091642443e-06,9.511789357929956e-06,37.187344551086426
9.5261239039246e-06,9.511301868769806e-06,37.19114446640015
9.506414244242478e-06,9.510660675005056e-06,37.19559645652771
9.486876479058992e-06,9.50985759118339e-06,37.20017337799072
9.467519703321159e-06,9.508887160336599e-06,37.20390605926514
9.448351192986593e-06,9.507741197012365e-06,37.20767140388489
9.429378224012908e-06,9.506413334747776e-06,37.21157503128052
9.410607162863016e-06,9.504898116574623e-06,37.21634316444397
9.392046194989234e-06,9.50318826653529e-06,37.21987056732178
9.373700777359772e-06,9.50128014665097e-06,37.22336292266846
9.355577276437543e-06,9.499165571469348e-06,37.22690963745117
9.337682968180161e-06,9.496841812506318e-06,37.23158049583435
9.320021490566432e-06,9.494302503298968e-06,37.23537540435791
9.302598300564568e-06,9.49154400586849e-06,37.239091634750366
9.285420674132183e-06,9.488562682236079e-06,37.24289083480835
9.26849043025868e-06,9.485353075433522e-06,37.24778938293457
9.251814844901673e-06,9.481912456976715e-06,37.25185179710388
9.235394827555865e-06,9.478237188886851e-06,37.2556037902832
9.219237654178869e-06,9.474324542679824e-06,37.259387254714966
9.203345143760089e-06,9.470171789871529e-06,37.2634174823761
9.187720934278332e-06,9.465775292483158e-06,37.26736927032471
9.172367754217703e-06,9.461134141020011e-06,37.271079301834106
9.157287422567606e-06,9.456245606997982e-06,37.27493095397949
9.142483577306848e-06,9.451108780922368e-06,37.27926731109619
9.127958946919534e-06,9.445721843803767e-06,37.28341245651245
9.113712621910963e-06,9.440082976652775e-06,37.287219524383545
9.09974733076524e-06,9.434192179469392e-06,37.290863275527954
9.086063982977066e-06,9.428048542758916e-06,37.294517040252686
9.072664397535846e-06,9.421651157026645e-06,37.29918885231018
9.059548574441578e-06,9.415000931767281e-06,37.30291771888733
9.046715604199562e-06,9.408096957486123e-06,37.30658531188965
9.0341663963045e-06,9.400940143677872e-06,37.31026530265808
9.021900041261688e-06,9.393530490342528e-06,37.31492733955383
9.009916539071128e-06,9.385869816469494e-06,37.31882953643799
8.998214070743416e-06,9.377959031553473e-06,37.322514057159424
8.986792636278551e-06,9.369798135594465e-06,37.3261923789978
8.97564950719243e-06,9.361389857076574e-06,37.330167055130005
8.964782864495646e-06,9.352735105494503e-06,37.334160566329956
8.9541917986935e-06,9.343836609332357e-06,37.33777976036072
8.943873581301887e-06,9.334696187579539e-06,37.34139943122864
8.933824574341998e-06,9.325316568720154e-06,37.34527063369751
8.924043868319131e-06,9.315698662248906e-06,37.34971594810486
8.91452691575978e-06,9.3058461061446e-06,37.353299379348755
8.905271897674538e-06,9.295762538386043e-06,37.35693693161011
8.896274266589899e-06,9.28544977796264e-06,37.36057448387146
8.887529475032352e-06,9.274912372347899e-06,37.36532258987427
8.879035704012495e-06,9.264153050025925e-06,37.36901307106018
8.870786587067414e-06,9.253174539480824e-06,37.37259602546692
8.862780305207707e-06,9.241982297680806e-06,37.37624645233154
8.855011401465163e-06,9.230579053109977e-06,37.38015604019165
8.84747441887157e-06,9.218969353241846e-06,37.38397932052612
8.840164809953421e-06,9.20715683605522e-06,37.38797402381897
8.833078936731908e-06,9.195146049023606e-06,37.39259719848633
8.826209523249418e-06,9.182941539620515e-06,37.39683651924133
8.819552931527141e-06,9.170548764814157e-06,37.400567054748535
8.813102795102168e-06,9.15797136258334e-06,37.40404796600342
8.806854566500988e-06,9.14521388040157e-06,37.407599687576294
8.800800969765987e-06,9.132281775237061e-06,37.411213874816895
8.794937457423657e-06,9.11917959456332e-06,37.416157484054565
8.789257663011085e-06,9.105914614337962e-06,37.42012810707092
8.78375612956006e-06,9.092487744055688e-06,37.4239935874939
8.778426490607671e-06,9.078908988158219e-06,37.427982568740845
8.773261470196303e-06,9.065181075129658e-06,37.432825803756714
8.768255611357745e-06,9.05131128092762e-06,37.436410903930664
8.763403457123786e-06,9.037303243530914e-06,37.439921379089355
8.758697731536813e-06,9.02316332940245e-06,37.44347596168518
8.754132068133913e-06,9.008897905005142e-06,37.44837999343872
8.74969828146277e-06,8.994513336801901e-06,37.45214319229126
8.745393643039279e-06,8.980013262771536e-06,37.4556188583374
8.74120814842172e-06,8.965404958871659e-06,37.4591760635376
8.737136340641882e-06,8.950694791565184e-06,37.46356821060181
8.733171853236854e-06,8.93588821782032e-06,37.4678590297699
8.729307410249021e-06,8.920991604099981e-06,37.4716055393219
8.725537554710172e-06,8.90601131686708e-06,37.475147008895874
8.721854101167992e-06,8.890950994100422e-06,37.47871279716492
8.718250683159567e-06,8.875821549736429e-06,37.483070850372314
8.714721843716688e-06,8.860624802764505e-06,37.486915588378906
8.711259397387039e-06,8.845368938636966e-06,37.490684032440186
8.707857887202408e-06,8.830060323816724e-06,37.494373083114624
8.704510037205182e-06,8.814703505777288e-06,37.49860429763794
8.70121039042715e-06,8.799306669970974e-06,37.502466678619385
8.697951670910697e-06,8.783875273365993e-06,37.50620460510254
8.694725693203509e-06,8.768415682425257e-06,37.510037422180176
8.691528819326777e-06,8.752933354116976e-06,37.51500654220581
8.688352863828186e-06,8.737435564398766e-06,37.518709897994995
8.685192369739525e-06,8.721928679733537e-06,37.52244520187378
8.682040970597882e-06,8.7064172475948e-06,37.526249408721924
8.678892299940344e-06,8.69090945343487e-06,37.531116008758545
8.675739991303999e-06,8.675408935232554e-06,37.53501510620117
8.672578587720636e-06,8.659923878440168e-06,37.53877329826355
8.669401722727343e-06,8.644459740025923e-06,37.542306900024414
8.666203029861208e-06,8.62902288645273e-06,37.546109437942505
8.66297705215402e-06,8.613618774688803e-06,37.55021333694458
8.659718332637567e-06,8.598252861702349e-06,37.553935527801514
8.656422323838342e-06,8.582931513956282e-06,37.5577757358551
8.653079930809326e-06,8.567661097913515e-06,37.56151366233826
8.649689334561117e-06,8.552446161047556e-06,37.56632423400879
8.6462432591361e-06,8.537293069821317e-06,37.5701003074646
8.642737157060765e-06,8.522208190697711e-06,37.5738730430603
8.639165571366902e-06,8.507195161655545e-06,37.57773780822754
8.635523045086302e-06,8.492261258652434e-06,37.582465410232544
8.631805940240156e-06,8.477411029161885e-06,37.58620357513428
8.628008799860254e-06,8.462649020657409e-06,37.59003496170044
8.624126166978385e-06,8.447982509096619e-06,37.593849182128906
8.620154403615743e-06,8.43341422296362e-06,37.59865069389343
8.616088962298818e-06,8.418950528721325e-06,37.60237407684326
8.6119243860594e-06,8.404595973843243e-06,37.60586643218994
8.607657946413383e-06,8.390356015297584e-06,37.609410524368286
8.603284186392557e-06,8.376234291063156e-06,37.61342430114746
8.598800377512816e-06,8.362235348613467e-06,37.617048263549805
8.594201972300652e-06,8.348364644916728e-06,37.62087416648865
8.589485332777258e-06,8.334624908457045e-06,37.624433755874634
8.584647730458528e-06,8.321021596202627e-06,37.628132820129395
8.579683708376251e-06,8.307560165121686e-06,37.632569789886475
8.574591447541025e-06,8.294240615214221e-06,37.636468172073364
8.569368219468743e-06,8.281070222437847e-06,37.64022636413574
8.564009476685897e-06,8.268050805781968e-06,37.64396691322327
8.558513400203083e-06,8.255186912720092e-06,37.648287534713745
8.552877261536196e-06,8.242481271736324e-06,37.65187454223633
8.54709833220113e-06,8.229937520809472e-06,37.65533971786499
8.54117297421908e-06,8.217559297918342e-06,37.65886569023132
8.535102097084746e-06,8.205347512557637e-06,37.66255974769592
8.528878424840514e-06,8.193306712200865e-06,37.666913747787476
8.522504685970489e-06,8.181437806342728e-06,37.67083692550659
8.515977242495865e-06,8.169746251951437e-06,37.67461705207825
8.509292456437834e-06,8.15823113953229e-06,37.67897891998291
8.502453056280501e-06,8.146895197569393e-06,37.683459758758545
8.495454494550359e-06,8.135742064041551e-06,37.68707323074341
8.488295861752704e-06,8.124771738948766e-06,37.69057536125183
8.480976248392835e-06,8.113986950775143e-06,37.694112062454224
8.473495654470753e-06,8.103387699520681e-06,37.69859719276428
8.465852260997053e-06,8.092976713669486e-06,37.70215821266174
8.458046067971736e-06,8.082753083726857e-06,37.70561146736145
8.450075256405398e-06,8.072719538176898e-06,37.70918273925781
8.441941645287443e-06,8.06287607701961e-06,37.71288466453552
8.433644325123169e-06,8.053222700254992e-06,37.71671795845032
8.425182386417873e-06,8.043760317377746e-06,37.720438718795776
8.416555829171557e-06,8.034488018893171e-06,37.724220752716064
8.407767381868325e-06,8.025406714295968e-06,37.72805881500244
8.398814316024072e-06,8.016515494091436e-06,37.73246502876282
8.389700269617606e-06,8.007814358279575e-06,37.73624539375305
8.380424333154224e-06,7.999302397365682e-06,37.740198850631714
8.370987416128628e-06,7.990977792360354e-06,37.744099855422974
8.361391337530222e-06,7.982841452758294e-06,37.748632192611694
8.351637006853707e-06,7.974890650075395e-06,37.75217866897583
8.341725333593786e-06,7.967123565322254e-06,37.75572061538696
8.331659046234563e-06,7.959540198498871e-06,37.75937271118164
8.321439963765442e-06,7.95213691162644e-06,37.76343250274658
8.311068995681126e-06,7.944913704704959e-06,37.76703357696533
8.30054977996042e-06,7.93786603026092e-06,37.77058029174805
8.289881407108624e-06,7.930993888294324e-06,37.774341106414795
8.279070243588649e-06,7.924292731331661e-06,37.77829194068909
8.268116289400496e-06,7.91776164987823e-06,37.78350901603699
8.25702227302827e-06,7.911396096460521e-06,37.78788924217224
8.245791832450777e-06,7.90519334259443e-06,37.79169297218323
8.234428605646826e-06,7.89915065979585e-06,37.79534983634949
8.222933502111118e-06,7.893265319580678e-06,37.800466775894165
8.211311978811864e-06,7.887532774475403e-06,37.80418682098389
8.199566764233168e-06,7.881949386501219e-06,37.807953119277954
8.187701496353839e-06,7.876510608184617e-06,37.81194615364075
8.17571890365798e-06,7.871213711041491e-06,37.81714129447937
8.163623533619102e-06,7.866054147598334e-06,37.82100486755371
8.151419933710713e-06,7.861028279876336e-06,37.82486271858215
8.139110832416918e-06,7.85613065090729e-06,37.82899308204651
8.126700777211227e-06,7.851355803722981e-06,37.833640336990356
8.114195225061849e-06,7.84670191933401e-06,37.83728790283203
8.101597813947592e-06,7.84216263127746e-06,37.84081530570984
8.088913091341965e-06,7.837731573090423e-06,37.84434914588928
8.076143785729073e-06,7.833406016288791e-06,37.84924817085266
8.063298082561232e-06,7.829180503904354e-06,37.85297465324402
8.050378710322548e-06,7.825049578968901e-06,37.85668683052063
8.03739112598123e-06,7.82100687501952e-06,37.86024069786072
8.024339877010789e-06,7.817049663572107e-06,37.86503338813782
8.011230420379434e-06,7.813169759174343e-06,37.86877751350403
7.998068213055376e-06,7.809363523847423e-06,37.87249541282654
7.984857802512124e-06,7.805623681633733e-06,37.8762891292572
7.971604645717889e-06,7.801946594554465e-06,37.88014817237854
7.958315109135583e-06,7.798325896146707e-06,37.88397526741028
7.944993740238715e-06,7.794756129442248e-06,37.88770151138306
7.931645086500794e-06,7.791230927978177e-06,37.891470193862915
7.918276423879433e-06,7.78774392529158e-06,37.89537310600281
7.904892299848143e-06,7.78429148340365e-06,37.90000653266907
7.891497261880431e-06,7.780867235851474e-06,37.90346431732178
7.878098585933913e-06,7.777464816172142e-06,37.90701198577881
7.864701728976797e-06,7.77407785790274e-06,37.910545349121094
7.851311238482594e-06,7.77070272306446e-06,37.91501188278198
7.837933480914216e-06,7.767331226204988e-06,37.918524742126465
7.824573913239874e-06,7.763960638840217e-06,37.92217969894409
7.81123890192248e-06,7.760582775517832e-06,37.92572259902954
7.79793208494084e-06,7.757193088764325e-06,37.92955207824707
7.784659828757867e-06,7.753786121611483e-06,37.933494329452515
7.771427590341773e-06,7.750355507596396e-06,37.9372935295105
7.75824264565017e-06,7.746897608740255e-06,37.94107913970947
7.745107723167166e-06,7.743406058580149e-06,37.94464302062988
7.73202827986097e-06,7.739874490653165e-06,37.949105739593506
7.719011591689195e-06,7.736300176475197e-06,37.95281434059143
7.70606129663065e-06,7.732675840088632e-06,37.95655179023743
7.693183761148248e-06,7.728997843514662e-06,37.960344552993774
7.680382623220794e-06,7.725260729785077e-06,37.96493077278137
7.6676633398165e-06,7.721459041931666e-06,37.968735218048096
7.655031367903575e-06,7.717590051470324e-06,37.972464084625244
7.642490345460828e-06,7.713647391938139e-06,37.97625279426575
7.63004572945647e-06,7.7096265158616e-06,37.98019027709961
7.6177011578693055e-06,7.705524694756605e-06,37.984090089797974
7.605462087667547e-06,7.70133647165494e-06,37.98756146430969
7.593331702082651e-06,7.697059118072502e-06,37.99109482765198
7.581314093840774e-06,7.69268717704108e-06,37.99464440345764
7.569414719910128e-06,7.68821882957127e-06,37.999345541000366
7.557635399280116e-06,7.683647709200159e-06,38.00281739234924
7.545980679424247e-06,7.678973815927748e-06,38.00633478164673
7.5344541983213276e-06,7.674189873796422e-06,38.0098762512207
7.523058684455464e-06,7.669296792300884e-06,38.01443099975586
7.511798230552813e-06,7.664290023967624e-06,38.01796340942383
7.500674655602779e-06,7.659166840312537e-06,38.0216383934021
7.489690688089468e-06,7.653923603356816e-06,38.02541923522949
7.478849511244334e-06,7.648560313100461e-06,38.029136657714844
7.468153853551485e-06,7.643071512575261e-06,38.03339982032776
7.4576041697582696e-06,7.637458111275919e-06,38.037156105041504
7.447204097843496e-06,7.631716471223626e-06,38.04094076156616
7.436955456796568e-06,7.625846137671033e-06,38.04469656944275
7.426858701364836e-06,7.619844382134033e-06,38.04916310310364
7.416915650537703e-06,7.613711204612628e-06,38.05288052558899
7.407127668557223e-06,7.607444786117412e-06,38.056605100631714
7.397495664918097e-06,7.601043762406334e-06,38.060394048690796
7.388020549115026e-06,7.594508588226745e-06,38.06496500968933
7.378702321148012e-06,7.58783698984189e-06,38.068700075149536
7.369541435764404e-06,7.581030331493821e-06,38.07219934463501
7.360537892964203e-06,7.574087703687837e-06,38.07574009895325
7.351693056989461e-06,7.567009106423939e-06,38.07944393157959
7.343004654103424e-06,7.559794539702125e-06,38.08333945274353
7.3344731390534434e-06,7.552444913017098e-06,38.08681511878967
7.3260976023448166e-06,7.5449606811162084e-06,38.09035539627075
7.317877134482842e-06,7.537341389252106e-06,38.09389925003052
7.309810371225467e-06,7.529589311161544e-06,38.0983464717865
7.30189640307799e-06,7.5217058110865764e-06,38.10205364227295
7.294133865798358e-06,7.5136908890272025e-06,38.10576033592224
7.2865213951445185e-06,7.505546818720177e-06,38.1095232963562
7.279055807885015e-06,7.497274509660201e-06,38.114380836486816
7.271736649272498e-06,7.488876690331381e-06,38.11839294433594
7.2645602813281585e-06,7.480355179723119e-06,38.12212586402893
7.257524430315243e-06,7.4717113420774695e-06,38.12593626976013
7.250627731991699e-06,7.4629474511311855e-06,38.13108015060425
7.243866548378719e-06,7.454066690115724e-06,38.13495206832886
7.237238150992198e-06,7.445070423273137e-06,38.13847064971924
7.2307393566006795e-06,7.435962288582232e-06,38.14202666282654
7.224367436720058e-06,7.426745014527114e-06,38.1458683013916
7.218118753371527e-06,7.417421329591889e-06,38.150208711624146
7.2119901233236305e-06,7.407993507513311e-06,38.15391659736633
7.205977908597561e-06,7.3984660957648885e-06,38.157487869262695
7.200077561719809e-06,7.388841822830727e-06,38.16103219985962
7.1942868089536205e-06,7.379123871942284e-06,38.16597056388855
7.188601102825487e-06,7.3693154263310134e-06,38.1696662902832
7.18301635060925e-06,7.359421488217777e-06,38.17440485954285
7.177528004831402e-06,7.349444331339328e-06,38.17865824699402
7.172132882260485e-06,7.339388048421824e-06,38.184064626693726
7.16682598067564e-06,7.329257186938776e-06,38.18779373168945
7.1616032073507085e-06,7.319054930121638e-06,38.19155550003052
7.156460924306884e-06,7.30878582544392e-06,38.195343017578125
7.1513941293233074e-06,7.298453510884428e-06,38.20055627822876
7.1463991844211705e-06,7.288062079169322e-06,38.20429730415344
7.141469723137561e-06,7.277615623024758e-06,38.208067655563354
7.136603016988374e-06,7.267119144671597e-06,38.21197247505188
7.131793609005399e-06,7.256575827341294e-06,38.217204332351685
7.127038315957179e-06,7.245990218507359e-06,38.22092056274414
7.122330771380803e-06,7.2353668656433e-06,38.22445511817932
7.117667792044813e-06,7.224710316222627e-06,38.227988481521606
7.113044830475701e-06,7.214024208224146e-06,38.232975244522095
7.1084568844526075e-06,7.203313089121366e-06,38.23672032356262
7.103899406502023e-06,7.192581051640445e-06,38.24051308631897
7.0993687586451415e-06,7.181833098002244e-06,38.24406385421753
7.094859938661102e-06,7.171072866185568e-06,38.249611139297485
7.090369763318449e-06,7.160304448916577e-06,38.25384187698364
7.08589186615427e-06,7.149532393668778e-06,38.25771403312683
7.081423973431811e-06,7.1387607931683306e-06,38.26166391372681
7.07696062818286e-06,7.127993740141392e-06,38.266685962677
7.072499101923313e-06,7.11723532731412e-06,38.270426988601685
7.06803439243231e-06,7.106489647412673e-06,38.27422094345093
7.063562406983692e-06,7.0957598836685065e-06,38.27800416946411
7.059079962346004e-06,7.08505058355513e-06,38.282552003860474
7.054583420540439e-06,7.074365839798702e-06,38.28640556335449
7.050069143588189e-06,7.063708835630678e-06,38.2902135848999
7.0455330387630966e-06,7.053083663777215e-06,38.293991804122925
7.040972377581056e-06,7.0424930527224205e-06,38.29872012138367
7.03638306731591e-06,7.031941549939802e-06,38.30243802070618
7.031762379483553e-06,7.021431883913465e-06,38.306556701660156
7.027107585599879e-06,7.010966783127515e-06,38.31044578552246
7.022415502433432e-06,7.000550340308109e-06,38.31493258476257
7.017682492005406e-06,6.990185283939354e-06,38.3187153339386
7.012907644821098e-06,6.9798743425053544e-06,38.32241868972778
7.008086868154351e-06,6.969619789742865e-06,38.326218366622925
7.00321834301576e-06,6.959426173125394e-06,38.33016586303711
6.998299340921221e-06,6.9492934926529415e-06,38.33405375480652
6.99332758813398e-06,6.939225841051666e-06,38.33795976638794
6.988302175159333e-06,6.929225037310971e-06,38.342040061950684
6.983219918765826e-06,6.9192933551676106e-06,38.34615993499756
6.9780799094587564e-06,6.909433068358339e-06,38.35003399848938
6.97287987350137e-06,6.899645086377859e-06,38.353506088256836
6.967618901398964e-06,6.889932592457626e-06,38.357062339782715
6.962295174162136e-06,6.880296041344991e-06,38.36072111129761
6.956908237043535e-06,6.8707372520293575e-06,38.36592674255371
6.9514562710537575e-06,6.861257588752778e-06,38.370099782943726
6.94593791195075e-06,6.851857961009955e-06,38.37406802177429
6.940353159734514e-06,6.842540187790291e-06,38.37800168991089
6.934701104910346e-06,6.833304723841138e-06,38.38333439826965
6.928981747478247e-06,6.824152478657197e-06,38.38706922531128
6.923193723196164e-06,6.8150834522384685e-06,38.39059352874756
6.917337486811448e-06,6.806098554079654e-06,38.39413666725159
6.911412583576748e-06,6.797198693675455e-06,38.39892506599426
6.9054190134920646e-06,6.7883838710258715e-06,38.40294122695923
6.899356776557397e-06,6.779653631383553e-06,38.407116651535034
6.8932267822674476e-06,6.771008429495851e-06,38.41097807884216
6.887028121127514e-06,6.762448265362764e-06,38.416059494018555
6.8807626121270005e-06,6.753972229489591e-06,38.42044925689697
6.874429345771205e-06,6.745580321876332e-06,38.42512249946594
6.86803014104953e-06,6.7372720877756365e-06,38.42925834655762
6.861565452709328e-06,6.729047072440153e-06,38.43384504318237
6.85503573549795e-06,6.72090436637518e-06,38.437594175338745
6.848442808404798e-06,6.712842605338665e-06,38.441367387771606
6.8417866714298725e-06,6.704861789330607e-06,38.445292472839355
6.8350695983099286e-06,6.696960099361604e-06,38.45059823989868
6.828292043792317e-06,6.689137080684304e-06,38.454357385635376
6.8214558268664405e-06,6.681390914309304e-06,38.45813798904419
6.8145609475323e-06,6.673720235994551e-06,38.46209383010864
6.807611043768702e-06,6.666124136245344e-06,38.46717953681946
6.800606115575647e-06,6.658600341324927e-06,38.47092914581299
6.79354889143724e-06,6.651148396485951e-06,38.474703311920166
6.786439371353481e-06,6.64376602799166e-06,38.47862458229065
6.779281193303177e-06,6.636451416852651e-06,38.483853816986084
6.772074812033679e-06,6.629203198826872e-06,38.487589836120605
6.764822501281742e-06,6.6220191001775675e-06,38.49140691757202
6.757526080036769e-06,6.6148973019153345e-06,38.495317220687866
6.750187367288163e-06,6.607836894545471e-06,38.50062370300293
6.742808182025328e-06,6.600834240089171e-06,38.50442671775818
6.735390797985019e-06,6.593888883799082e-06,38.5084490776062
6.727937034156639e-06,6.586998097191099e-06,38.512553453445435
6.720449164276943e-06,6.580160061275819e-06,38.51685857772827
6.712928552587982e-06,6.573372502316488e-06,38.520583629608154
6.705377018079162e-06,6.5666331465763506e-06,38.52439594268799
6.697797743981937e-06,6.559941084560705e-06,38.52824306488037
6.690192549285712e-06,6.553292678290745e-06,38.5332510471344
6.682562343485188e-06,6.5466870182717685e-06,38.53720664978027
6.674910309811821e-06,6.540120921272319e-06,38.54114103317261
6.667237812507665e-06,6.5335934777976945e-06,38.545283794403076
6.659546670562122e-06,6.527102414111141e-06,38.55007290840149
6.651839157711947e-06,6.5206440922338516e-06,38.55380845069885
6.644117547693895e-06,6.514218512165826e-06,38.557557582855225
6.636383659497369e-06,6.507822945422959e-06,38.56136608123779
6.628638857364422e-06,6.501455573015846e-06,38.566203594207764
6.6208854150318075e-06,6.495113666460384e-06,38.57024550437927
6.61312515148893e-06,6.488796316261869e-06,38.5743522644043
6.605359430977842e-06,6.482501248683548e-06,38.578190088272095
6.597590981982648e-06,6.476226644736016e-06,38.583049058914185
6.589819349755999e-06,6.469970685429871e-06,38.587671756744385
6.582048627024051e-06,6.463731097028358e-06,38.592082500457764
6.5742792685341556e-06,6.457507424784126e-06,38.596352100372314
6.5665130932757165e-06,6.45129739496042e-06,38.600579023361206
6.558750555996085e-06,6.445098733820487e-06,38.60425543785095
6.550993930432014e-06,6.438911441364326e-06,38.608251094818115
6.543245035572909e-06,6.432732789107831e-06,38.6119704246521
6.5355043261661194e-06,6.426561867556302e-06,38.61669898033142
6.527773166453699e-06,6.420398221962387e-06,38.620508670806885
6.520052920677699e-06,6.4142391238419805e-06,38.62446045875549
6.512344498332823e-06,6.408084118447732e-06,38.62811017036438
6.504648808913771e-06,6.40193229628494e-06,38.63345766067505
6.496967216662597e-06,6.395781838364201e-06,38.63721537590027
6.4892997215793e-06,6.389633199432865e-06,38.64140725135803
6.481647687905934e-06,6.383483651006827e-06,38.645655155181885
6.474012025137199e-06,6.3773341025807895e-06,38.65068435668945
6.466393188020447e-06,6.371182735165348e-06,38.65428161621094
6.458791631303029e-06,6.365030003507854e-06,38.657941818237305
6.4512078097322956e-06,6.3588736338715535e-06,38.66158604621887
6.4436421780555975e-06,6.352714535751147e-06,38.66684341430664
6.436094736272935e-06,6.346551799651934e-06,38.670466899871826
6.42856684862636e-06,6.340385425573913e-06,38.67416572570801
6.421057150873821e-06,6.334214504022384e-06,38.677857637405396
6.413567462004721e-06,6.328039034997346e-06,38.68278789520264
6.4060959630296566e-06,6.321859927993501e-06,38.68659949302673
6.39864401819068e-06,6.315675364021445e-06,38.69041681289673
6.39121071799309e-06,6.309486707323231e-06,38.69411516189575
6.383796517184237e-06,6.303293503151508e-06,38.69886875152588
6.3764005062694196e-06,6.2970957515062764e-06,38.70280957221985
6.3690231399959885e-06,6.290894361882238e-06,38.706666469573975
6.361663054121891e-06,6.284689334279392e-06,38.7105598449707
6.354320703394478e-06,6.278480668697739e-06,38.71552133560181
6.346995178319048e-06,6.272269274631981e-06,38.71955895423889
6.339685569400899e-06,6.266055606829468e-06,38.72346568107605
6.332392331387382e-06,6.259840120037552e-06,38.72741937637329
6.325114100036444e-06,6.253622814256232e-06,38.7327995300293
6.317849511106033e-06,6.2474055084749125e-06,38.736918926239014
6.310599019343499e-06,6.241188202693593e-06,38.74124789237976
6.303360805759439e-06,6.234971806406975e-06,38.745346784591675
6.2961344156065024e-06,6.228757683857111e-06,38.75087857246399
6.288918939389987e-06,6.222545835044002e-06,38.75458335876465
6.281713467615191e-06,6.2163376242097e-06,38.75807762145996
6.274517090787413e-06,6.210133960848907e-06,38.76159191131592
6.267327535169898e-06,6.2039357544563245e-06,38.766621351242065
6.260145710257348e-06,6.197744369274005e-06,38.77084422111511
6.252969342313008e-06,6.191559805301949e-06,38.775046825408936
6.245797067094827e-06,6.185384791024262e-06,38.77874946594238
6.238628884602804e-06,6.1792188716935925e-06,38.783002614974976
6.231462521100184e-06,6.173064775794046e-06,38.78658699989319
6.224297521839617e-06,6.1669225033256225e-06,38.79024314880371
6.217131613084348e-06,6.160793418530375e-06,38.79392695426941
6.209965249581728e-06,6.154679340397706e-06,38.79853701591492
6.202795248100301e-06,6.148580723674968e-06,38.80268692970276
6.195622063387418e-06,6.142498932604212e-06,38.80656576156616
6.1884429669589736e-06,6.136435331427492e-06,38.8108332157135
6.1812579588149674e-06,6.13039128438686e-06,38.815428733825684
6.174065674713347e-06,6.124367700977018e-06,38.81915879249573
6.166863840917358e-06,6.1183659454400185e-06,38.822829246520996
6.159652457427001e-06,6.112387382017914e-06,38.827078104019165
6.15242925050552e-06,6.106433829700109e-06,38.83163523674011
6.145193310658215e-06,6.100504833739251e-06,38.83535838127136
6.137944637885084e-06,6.094603122619446e-06,38.838987827301025
6.130680503702024e-06,6.088729151088046e-06,38.842905044555664
6.123399998614332e-06,6.082883828639751e-06,38.847795486450195
6.116102667874657e-06,6.077068974263966e-06,38.851385831832886
6.108787147240946e-06,6.071285042708041e-06,38.85494637489319
6.101452527218498e-06,6.06553385296138e-06,38.858848094940186
6.094097443565261e-06,6.059815859771334e-06,38.86263370513916
6.086720986786531e-06,6.054131517885253e-06,38.867024660110474
6.079321337892907e-06,6.048483101039892e-06,38.87080216407776
6.071899406379089e-06,6.042870609235251e-06,38.87443733215332
6.064452918508323e-06,6.037294951966032e-06,38.87809681892395
6.056981874280609e-06,6.031757493474288e-06,38.882574796676636
6.049484909453895e-06,6.02625914325472e-06,38.88605570793152
6.041961569280829e-06,6.020799446559977e-06,38.88952875137329
6.0344109442667104e-06,6.015380222379463e-06,38.893078565597534
6.026833034411538e-06,6.010001925460529e-06,38.8968403339386
6.019225565978559e-06,6.004664555803174e-06,38.90044403076172
6.011590357957175e-06,5.999369022902101e-06,38.90402030944824
6.003925136610633e-06,5.994116690999363e-06,38.907824754714966
5.996230356686283e-06,5.988906650600256e-06,38.91200661659241
5.988505108689424e-06,5.983739811199484e-06,38.91710638999939
5.980749392620055e-06,5.978616172797047e-06,38.92093467712402
5.972962753730826e-06,5.973536190140294e-06,38.924856185913086
5.965145646769088e-06,5.968500317976577e-06,38.92898201942444
5.957297616987489e-06,5.9635085563058965e-06,38.93362069129944
5.949418209638679e-06,5.958560905128252e-06,38.93733239173889
5.94150833421736e-06,5.953656454948941e-06,38.941097259521484
5.93356708122883e-06,5.948796115262667e-06,38.944868326187134
5.925594905420439e-06,5.943979886069428e-06,38.94958305358887
5.917592261539539e-06,5.939206403127173e-06,38.95329284667969
5.909559604333481e-06,5.934477030677954e-06,38.95709490776062
5.901496933802264e-06,5.929789494985016e-06,38.96090626716614
5.893404249945888e-06,5.925144705543062e-06,38.96617317199707
5.885283371753758e-06,5.92054220760474e-06,38.96997618675232
5.8771338444785215e-06,5.915980182180647e-06,38.97372913360596
5.86895612286753e-06,5.9114595387654845e-06,38.97750759124756
5.860751571162837e-06,5.9069789131172e-06,38.98204779624939
5.852520644111792e-06,5.902536940993741e-06,38.985817670822144
5.844264251209097e-06,5.8981336223951075e-06,38.98959445953369
5.8359833019494545e-06,5.893767138331896e-06,38.99432921409607
5.827678705827566e-06,5.8894379435514566e-06,38.999961853027344
5.819350917590782e-06,5.885143309569685e-06,39.00387787818909
5.8110022109758575e-06,5.880883691133931e-06,39.007818937301636
5.802633040730143e-06,5.8766572692547925e-06,39.01172947883606
5.794245225843042e-06,5.872462679690216e-06,39.016762256622314
5.785839221061906e-06,5.868298558198148e-06,39.02047252655029
5.777416845376138e-06,5.864163540536538e-06,39.02413511276245
5.768979008280439e-06,5.860056717210682e-06,39.02779006958008
5.760527528764214e-06,5.855976723978529e-06,39.03241848945618
5.752064680564217e-06,5.851921287103323e-06,39.03598237037659
5.743590463680448e-06,5.847889497090364e-06,39.03945446014404
5.735108061344363e-06,5.843879080202896e-06,39.043012619018555
5.726618383050663e-06,5.839889126946218e-06,39.04696178436279
5.718123247788753e-06,5.835917363583576e-06,39.05085372924805
5.709624019800685e-06,5.831962425872916e-06,39.05464959144592
5.701123427570565e-06,5.828022949572187e-06,39.05916500091553
5.692622835340444e-06,5.824095751449931e-06,39.06501913070679
5.684124062099727e-06,5.820179922011448e-06,39.06893181800842
5.675629836332519e-06,5.816274097014684e-06,39.07279419898987
5.66714061278617e-06,5.812375093228184e-06,39.07671928405762
5.6586600294394884e-06,5.808481091662543e-06,39.081724643707275
5.650189905281877e-06,5.80459118282306e-06,39.0856351852417
5.641730695060687e-06,5.800702183478279e-06,39.089531898498535
5.633285582007375e-06,5.796812729386147e-06,39.09343409538269
5.624858204100747e-06,5.79292054680991e-06,39.0982666015625
5.616449470835505e-06,5.789023362012813e-06,39.102221965789795
5.6080602917063516e-06,5.7851193560054526e-06,39.10596323013306
5.599695668934146e-06,5.7812062550510745e-06,39.11033248901367
5.591355602518888e-06,5.777282240160275e-06,39.11541223526001
5.583042820944684e-06,5.7733450375963e-06,39.11937618255615
5.5747605074429885e-06,5.769392373622395e-06,39.12336301803589
5.5665091167611536e-06,5.7654215197544545e-06,39.127392053604126
5.558293196372688e-06,5.761431566497777e-06,39.13206768035889
5.550113655772293e-06,5.757419785368256e-06,39.135791540145874
5.541972313949373e-06,5.753382993134437e-06,39.139511823654175
5.533873263630085e-06,5.749320735048968e-06,39.14356565475464
5.52581695956178e-06,5.745230282627745e-06,39.148799657821655
5.517806584975915e-06,5.7411093621340115e-06,39.15265774726868
5.509844413609244e-06,5.736955245083664e-06,39.15650939941406
5.5019313549564686e-06,5.73276747672935e-06,39.16047739982605
5.494071501743747e-06,5.728542873839615e-06,39.16555857658386
5.486266218213132e-06,5.7242791626777034e-06,39.170138359069824
5.478517778101377e-06,5.719975433748914e-06,39.17415738105774
5.470827545650536e-06,5.715628049074439e-06,39.178786277770996
5.463198704092065e-06,5.71123700865428e-06,39.184043407440186
5.455632617668016e-06,5.706798674509628e-06,39.18790602684021
5.4481324696098454e-06,5.702312137145782e-06,39.1916925907135
5.4406982599175535e-06,5.6977755775733385e-06,39.19569277763367
5.433333171822596e-06,5.693186722055543e-06,39.20016050338745
5.4260385695670266e-06,5.688544206350343e-06,39.2039532661438
5.418818091129651e-06,5.683845756720984e-06,39.20771670341492
5.411670827015769e-06,5.679090008925414e-06,39.21147704124451
5.404600415204186e-06,5.674275598721579e-06,39.21638798713684
5.397608219936956e-06,5.669400252372725e-06,39.22009825706482
5.390694695961429e-06,5.6644635151315015e-06,39.224164962768555
5.383863936003763e-06,5.659463113261154e-06,39.22866868972778
5.377114575821906e-06,5.654397227772279e-06,39.23352789878845
5.3704493438999634e-06,5.649265403917525e-06,39.237343072891235
5.363870059227338e-06,5.64406627745484e-06,39.24122142791748
5.357377176551381e-06,5.63879802939482e-06,39.2453076839447
5.350972969608847e-06,5.633459750242764e-06,39.25008416175842
5.344657438399736e-06,5.62805053050397e-06,39.253830671310425
5.338432401913451e-06,5.622568551189033e-06,39.257556200027466
5.332298769644694e-06,5.617013812297955e-06,39.26133680343628
5.326256996340817e-06,5.6113849495886825e-06,39.266294956207275
5.32030799149652e-06,5.605681053566514e-06,39.27011466026306
5.314453574101208e-06,5.5999016694840975e-06,39.27452063560486
5.308693289407529e-06,5.5940458878467325e-06,39.27865719795227
5.3030275921628345e-06,5.588112344412366e-06,39.28344011306763
5.297457391861826e-06,5.5821019486756995e-06,39.28718423843384
5.291983597999206e-06,5.576013336394681e-06,39.29092478752136
5.2866057558276225e-06,5.5698460528219584e-06,39.29471158981323
5.281324320094427e-06,5.563600097957533e-06,39.29918575286865
5.2761397455469705e-06,5.557274562306702e-06,39.30265021324158
5.271051577437902e-06,5.550870810111519e-06,39.30620312690735
5.266060270514572e-06,5.544386567635229e-06,39.31000542640686
5.26116537002963e-06,5.537823653867235e-06,39.31449365615845
5.256366421235725e-06,5.531181159312837e-06,39.318246841430664
5.251662969385507e-06,5.524459993466735e-06,39.32195711135864
5.247056378721027e-06,5.517659246834228e-06,39.325740814208984
5.2425434660108294e-06,5.510779828910017e-06,39.32965612411499
5.2381255954969674e-06,5.5038221944414545e-06,39.33397126197815
5.233800948190037e-06,5.49678679817589e-06,39.33767032623291
5.229569524090039e-06,5.489674549608026e-06,39.341432332992554
5.225429958954919e-06,5.48248453924316e-06,39.3454692363739
5.221381798037328e-06,5.475219495565398e-06,39.350186824798584
5.217423222347861e-06,5.467878054332687e-06,39.353925466537476
5.213553777139168e-06,5.460463398776483e-06,39.35768127441406
5.209772098169196e-06,5.4529746194020845e-06,39.36147856712341
5.206076366448542e-06,5.445413535198895e-06,39.366257429122925
5.202466581977205e-06,5.437781055661617e-06,39.36997175216675
5.19893956152373e-06,5.4300776355376e-06,39.373772621154785
5.195494395593414e-06,5.4223055485636e-06,39.377556562423706
5.192130174691556e-06,5.414465704234317e-06,39.3820161819458
5.188844625081401e-06,5.406559466791805e-06,39.38636660575867
5.185636382520897e-06,5.398587745730765e-06,39.39058041572571
5.182502263778588e-06,5.390552814787952e-06,39.3943932056427
5.179441814107122e-06,5.382456038205419e-06,39.39913868904114
5.176452759769745e-06,5.3742983254778665e-06,39.40285563468933
5.173532827029703e-06,5.366082405089401e-06,39.40755772590637
5.170680196897592e-06,5.357809186534723e-06,39.411866426467896
5.1678921408893075e-06,5.3494813982979394e-06,39.41758108139038
5.165166840015445e-06,5.3410994951264e-06,39.422192096710205
5.162502475286601e-06,5.3326671149989124e-06,39.426865577697754
5.159896772966022e-06,5.324185167410178e-06,39.4320912361145
5.157345640327549e-06,5.315655471349601e-06,39.436025619506836
5.154848622623831e-06,5.307081210048636e-06,39.43994092941284
5.152402536623413e-06,5.298463293001987e-06,39.44393277168274
5.150004653842188e-06,5.289804448693758e-06,39.448845624923706
5.1476531552907545e-06,5.281107860355405e-06,39.45262336730957
5.145345312485006e-06,5.27237398273428e-06,39.456417083740234
5.143077942193486e-06,5.263605999061838e-06,39.460230588912964
5.1408483159320895e-06,5.254807092569536e-06,39.4651153087616
5.138655524206115e-06,5.245978172752075e-06,39.46904993057251
5.136495019542053e-06,5.237122422840912e-06,39.47289729118347
5.13436452820315e-06,5.22824166182545e-06,39.47683072090149
5.132261776452651e-06,5.219339982431848e-06,39.48170065879822
5.130184035806451e-06,5.210418294154806e-06,39.48524808883667
5.128128123033093e-06,5.201479780225782e-06,39.48884081840515
5.126092219143175e-06,5.192526714381529e-06,39.49244260787964
5.124072686157888e-06,5.183561825106153e-06,39.496431827545166
5.1220672503404785e-06,5.174588295631111e-06,39.500396966934204
5.120073183206841e-06,5.165607490198454e-06,39.504178285598755
5.118087756272871e-06,5.15662304678699e-06,39.50846219062805
5.116108241054462e-06,5.147636784386123e-06,39.51260328292847
5.114131454320159e-06,5.138652340974659e-06,39.51683020591736
5.112155577080557e-06,5.129671535542002e-06,39.52057862281799
5.110177426104201e-06,5.120698006066959e-06,39.524184465408325
5.108194727654336e-06,5.111732662044233e-06,39.527857542037964
5.106204298499506e-06,5.102779141452629e-06,39.532451152801514
5.104203864902956e-06,5.093840627523605e-06,39.53602170944214
5.102190698380582e-06,5.084918939246563e-06,39.539661169052124
5.100162979942979e-06,5.07601680510561e-06,39.543609380722046
5.098117071611341e-06,5.067137408332201e-06,39.54833126068115
5.096051154396264e-06,5.0582825679157395e-06,39.55204916000366
5.093962954560993e-06,5.0494550123403315e-06,39.555779457092285
5.091849288874073e-06,5.040657015342731e-06,39.55956172943115
5.08970879309345e-06,5.031892214901745e-06,39.56440472602844
5.087537829240318e-06,5.023161520512076e-06,39.568010568618774
5.085335487819975e-06,5.0144685701525304e-06,39.57152056694031
5.083099040348316e-06,5.005815182812512e-06,39.575499057769775
5.080826213088585e-06,4.997203632228775e-06,39.579713344573975
5.078514732304029e-06,4.988637101632776e-06,39.58369731903076
5.0761623242578935e-06,4.980116955266567e-06,39.58722901344299
5.073767624708125e-06,4.971646376361605e-06,39.591299295425415
5.0713279051706195e-06,4.963226274412591e-06,39.59532308578491
5.068841801403323e-06,4.954859832650982e-06,39.600114822387695
5.066307494416833e-06,4.946548870066181e-06,39.60394310951233
5.063723165221745e-06,4.938295660394942e-06,39.60768127441406
5.0610865400813054e-06,4.93010202262667e-06,39.611412525177
5.058396254753461e-06,4.9219697757507674e-06,39.61683392524719
5.0556509449961595e-06,4.913901193503989e-06,39.620872497558594
5.052848337072646e-06,4.905897640128387e-06,39.62478947639465
5.0499875214882195e-06,4.8979618441080675e-06,39.62872838973999
5.047066679253476e-06,4.890094714937732e-06,39.633370876312256
5.044084900873713e-06,4.882297616859432e-06,39.63708305358887
5.0410399126121774e-06,4.874573278357275e-06,39.640857219696045
5.0379312597215176e-06,4.866922608925961e-06,39.64488124847412
5.034758032707032e-06,4.8593465180601925e-06,39.64961647987366
5.031518412579317e-06,4.851847279496724e-06,39.6538462638855
5.02821148984367e-06,4.844426257477608e-06,39.65771007537842
5.024836355005391e-06,4.837084361497546e-06,39.661505460739136
5.021392553317128e-06,4.82982250105124e-06,39.66625189781189
5.017878265789477e-06,4.822642495128093e-06,39.66996908187866
5.014293492422439e-06,4.815545253222808e-06,39.673819065093994
5.010637323721312e-06,4.808531230082735e-06,39.678330183029175
5.006908850191394e-06,4.8016017899499275e-06,39.68350577354431
5.003107162337983e-06,4.794757387571735e-06,39.68723440170288
4.999233169655781e-06,4.7879993871902116e-06,39.69104790687561
4.995285053155385e-06,4.781328243552707e-06,39.694864988327026
4.991262812836794e-06,4.774744411406573e-06,39.699584007263184
4.987165993952658e-06,4.76824834549916e-06,39.703293800354004
4.982995051250327e-06,4.761840500577819e-06,39.70711946487427
4.97874862048775e-06,4.755521786137251e-06,39.71150088310242
4.974427611159626e-06,4.749291747430107e-06,39.71625852584839
4.970031568518607e-06,4.743150839203736e-06,39.72006940841675
4.965560492564691e-06,4.73709951620549e-06,39.724618673324585
4.961013928550528e-06,4.731137778435368e-06,39.72866463661194
4.956393240718171e-06,4.725265625893371e-06,39.733494997024536
4.951697519572917e-06,4.719483058579499e-06,39.73721122741699
4.946927674609469e-06,4.7137891669990495e-06,39.740978956222534
4.942083705827827e-06,4.708184860646725e-06,39.744789600372314
4.937166522722691e-06,4.702668775280472e-06,39.749513149261475
4.932175670546712e-06,4.697241820394993e-06,39.75324249267578
4.9271120587945916e-06,4.691902177000884e-06,39.757004499435425
4.921977051708382e-06,4.686650299845496e-06,39.76079320907593
4.916769739793381e-06,4.681485279434128e-06,39.76534843444824
4.911492396786343e-06,4.676406206272077e-06,39.76907467842102
4.906144113192568e-06,4.6714126256119926e-06,39.77295899391174
4.900727162748808e-06,4.666503627959173e-06,39.77762508392334
4.8952420002024155e-06,4.661678758566268e-06,39.78288793563843
4.889689080300741e-06,4.656936653191224e-06,39.78661012649536
4.884069312538486e-06,4.652276402339339e-06,39.79037833213806
4.878384515905054e-06,4.6476970965159126e-06,39.794169187545776
4.872635145147797e-06,4.643197371478891e-06,39.79870939254761
4.866822109761415e-06,4.638776317733573e-06,39.80250120162964
4.860947683482664e-06,4.634433025785256e-06,39.80627655982971
4.855011866311543e-06,4.630165221897187e-06,39.81007409095764
4.849016022490105e-06,4.625971996574663e-06,39.814497232437134
4.842961971007753e-06,4.621852440322982e-06,39.819146156311035
4.836851530853892e-06,4.617805188900093e-06,39.82349729537964
4.8306842472811695e-06,4.613827513821889e-06,39.828065395355225
4.8244642130157445e-06,4.6099189603410196e-06,39.8333306312561
4.818190518562915e-06,4.606077254720731e-06,39.83704876899719
4.811866347154137e-06,4.60230148746632e-06,39.84114336967468
4.805492153536761e-06,4.598589384841034e-06,39.84530162811279
4.7990702114475425e-06,4.5949395826028194e-06,39.849969148635864
4.792602339875884e-06,4.591349807014922e-06,39.853989601135254
4.786089448316488e-06,4.587818693835288e-06,39.857741594314575
4.779533355758758e-06,4.584343969327165e-06,39.8615198135376
4.77293724543415e-06,4.580924269248499e-06,39.866004943847656
4.766300662595313e-06,4.577557319862535e-06,39.8697144985199
4.759626790473703e-06,4.57424084743252e-06,39.873647928237915
4.752917448058724e-06,4.570973487716401e-06,39.87799119949341
4.746173999592429e-06,4.567752966977423e-06,39.88304829597473
4.7393991735589225e-06,4.564577011478832e-06,39.8978271484375
4.7325938794529065e-06,4.561444256978575e-06,39.907463788986206
4.7257608457584865e-06,4.558351520245196e-06,39.91242551803589
4.718901891465066e-06,4.555297891783994e-06,39.91709017753601
4.7120188355620485e-06,4.552280188363511e-06,39.92137050628662
4.7051134970388375e-06,4.549296590994345e-06,39.92533731460571
4.6981886043795384e-06,4.546345280687092e-06,39.93033766746521
4.691245521826204e-06,4.543423528957646e-06,39.934481382369995
4.684286977862939e-06,4.540529516816605e-06,39.938376665115356
4.677314336731797e-06,4.537660970527213e-06,39.942909479141235
4.670329872169532e-06,4.5348151616053656e-06,39.94814491271973
4.663335857912898e-06,4.531991180556361e-06,39.95298480987549
4.656335477193352e-06,4.529185389401391e-06,39.95708894729614
4.649328730010893e-06,4.5263964238984045e-06,39.96094584465027
4.642318799596978e-06,4.523622010310646e-06,39.96592688560486
4.635308414435713e-06,4.52085896540666e-06,39.96990776062012
4.628298484021798e-06,4.518106379691744e-06,39.9736692905426
4.62129219158669e-06,4.5153615246817935e-06,39.977444648742676
4.614290901372442e-06,4.5126221266400535e-06,39.98254132270813
4.607297341863159e-06,4.50988591182977e-06,39.986222982406616
4.600312877300894e-06,4.5071506065141875e-06,39.99099659919739
4.593340690917103e-06,4.504414391703904e-06,39.99530267715454
4.586382146953838e-06,4.5016754484095145e-06,40.00011205673218
