0.019823534414172173,0.020057419314980507,0
0.4423377215862274,0.006179669871926308,0.017162084579467773
0.29154255986213684,0.005395159590989351,0.026160478591918945
0.1655709594488144,0.0070153228007256985,0.03455066680908203
0.15563535690307617,0.004319497849792242,0.04375720024108887
0.11146862059831619,0.0033726042602211237,0.05322456359863281
0.08714807778596878,0.0028931593988090754,0.0617680549621582
0.07152120769023895,0.002036499558016658,0.07009172439575195
0.052605025470256805,0.0017338324105367064,0.07886791229248047
0.044710684567689896,0.0013233695644885302,0.08798575401306152
0.03557935357093811,0.0010234962683171034,0.09657549858093262
0.028614861890673637,0.0008526408928446472,0.10569453239440918
0.02312629297375679,0.0006715942290611565,0.1155862808227539
0.019274407997727394,0.000547733623534441,0.1247093677520752
0.016744084656238556,0.0004133513430133462,0.13375139236450195
0.01289360597729683,0.0003628247359301895,0.1417374610900879
0.011599309742450714,0.0002951505593955517,0.1505119800567627
0.010354336351156235,0.00020965099975001067,0.15906381607055664
0.008306880481541157,0.0001998668012674898,0.16790509223937988
0.007793887052685022,0.00015844599693082273,0.17653822898864746
0.007042423821985722,0.00011806259135482833,0.18517684936523438
0.006160506512969732,0.00011310853733448312,0.19481682777404785
0.005837414879351854,8.896853250917047e-05,0.2038581371307373
0.005380231887102127,7.328141509788111e-05,0.21353888511657715
0.004984256811439991,6.777252565370873e-05,0.22196507453918457
0.004740392789244652,5.532498471438885e-05,0.23065733909606934
0.00446078646928072,4.900501517113298e-05,0.23909831047058105
0.004236420150846243,4.429348700796254e-05,0.2482454776763916
0.004050244577229023,3.834489325527102e-05,0.25742411613464355
0.0038637539837509394,3.5170760384062305e-05,0.2666776180267334
0.0037076252046972513,3.193241354892962e-05,0.27684879302978516
0.0035640024580061436,2.8886124709970318e-05,0.2864990234375
0.0034260882530361414,2.697724812605884e-05,0.29537391662597656
0.0033058321569114923,2.483920798113104e-05,0.30425119400024414
0.0031912594567984343,2.3040289306663908e-05,0.3125934600830078
0.00308207212947309,2.1807520170114003e-05,0.321274995803833
0.0029852630104869604,2.0264735212549567e-05,0.3296642303466797
0.0028901835903525352,1.9133478417643346e-05,0.33812379837036133
0.002801039256155491,1.823762613639701e-05,0.3469526767730713
0.0027205159422010183,1.705081194813829e-05,0.356259822845459
0.00263953790999949,1.6369958757422864e-05,0.3665740489959717
0.002565904753282666,1.5593424905091524e-05,0.3752174377441406
0.002496448578312993,1.4706995898450259e-05,0.38476014137268066
0.0024270114954560995,1.4268956874730065e-05,0.39372706413269043
0.0023650291841477156,1.3494712220563088e-05,0.401979923248291
0.002303502056747675,1.2935268387082033e-05,0.4116172790527344
0.0022444280330091715,1.255800361832371e-05,0.42055416107177734
0.0021907223854213953,1.1867624380101915e-05,0.42922091484069824
0.002135873306542635,1.1563959560589865e-05,0.4376358985900879
0.0020856079645454884,1.110357425204711e-05,0.44504237174987793
0.0020374679006636143,1.0616970939736348e-05,0.4520556926727295
0.001989150419831276,1.0398973245173693e-05,0.45906805992126465
0.0019456943264231086,9.897638847178314e-06,0.4667658805847168
0.0019016701262444258,9.621017852623481e-06,0.4735138416290283
0.0018598430324345827,9.361921911477111e-06,0.4815704822540283
0.0018209049012511969,8.920688742364291e-06,0.48813414573669434
0.0017810148419812322,8.782618351688143e-06,0.4949681758880615
0.001744766253978014,8.44061651150696e-06,0.5018224716186523
0.0017088755266740918,8.157134288921952e-06,0.5081331729888916
0.0016734863165766,8.022790098038968e-06,0.5158183574676514
0.0016412270488217473,7.653957254660781e-06,0.5225105285644531
0.001607987331226468,7.516777259297669e-06,0.52927565574646
0.0015770046738907695,7.300429842871381e-06,0.5360643863677979
0.0015473389066755772,7.020578323135851e-06,0.5427076816558838
0.0015171699924394488,6.949062935746042e-06,0.5500352382659912
0.0014897581422701478,6.664775355602615e-06,0.5567736625671387
0.0014619679423049092,6.51558002573438e-06,0.564016580581665
0.0014351287391036749,6.396975095412927e-06,0.5709280967712402
0.0014101170236244798,6.130213478172664e-06,0.5776491165161133
0.001384326140396297,6.069787104934221e-06,0.5846560001373291
0.001360565540380776,5.876395334780682e-06,0.5916259288787842
0.0013371271779760718,5.70811289435369e-06,0.599247932434082
0.001313689281232655,5.6330295592488255e-06,0.6058154106140137
0.001292219152674079,5.4151400945556816e-06,0.6121351718902588
0.0012701272498816252,5.335568403097568e-06,0.6186738014221191
0.0012492716778069735,5.219453214522218e-06,0.625415563583374
0.0012292282190173864,5.0423013817635365e-06,0.6325633525848389
0.0012088343501091003,5.002455054636812e-06,0.639063835144043
0.0011900465469807386,4.832053491554689e-06,0.6455421447753906
0.0011710895923897624,4.742266355606262e-06,0.6521475315093994
0.001152611686848104,4.664272182708373e-06,0.6586630344390869
0.0011352418223395944,4.501029707171256e-06,0.666893720626831
0.0011174192186444998,4.455130692804232e-06,0.6747112274169922
0.0011007821885868907,4.329435341787757e-06,0.682488203048706
0.0010843509808182716,4.225102202326525e-06,0.6900649070739746
0.0010680126724764705,4.182473276159726e-06,0.6968648433685303
0.0010527594713494182,4.044820343551692e-06,0.7043392658233643
0.001037200796417892,3.999413365818327e-06,0.711132287979126
0.00102238729596138,3.917017238563858e-06,0.7186267375946045
0.0010080006904900074,3.804098469117889e-06,0.7256476879119873
0.000993525143712759,3.777782012548414e-06,0.7334318161010742
0.0009799622930586338,3.661543132693623e-06,0.7409870624542236
0.0009662879165261984,3.603409368224675e-06,0.7488300800323486
0.0009530262905173004,3.5479581583786057e-06,0.7559101581573486
0.0009403506992384791,3.446835080467281e-06,0.7624716758728027
0.0009274884941987693,3.4209242585347965e-06,0.7691996097564697
0.0009153393330052495,3.3271824122493854e-06,0.7758359909057617
0.0009032625239342451,3.2619655030430295e-06,0.7833688259124756
0.0008913640631362796,3.223948624508921e-06,0.7902429103851318
0.0008800826035439968,3.133455493298243e-06,0.7973473072052002
0.0008686308865435421,3.1048057280713692e-06,0.8038513660430908
0.0008577229455113411,3.0402184165723156e-06,0.8105568885803223
0.0008470077882520854,2.97593010145647e-06,0.8183035850524902
0.0008363154483959079,2.9498175990738673e-06,0.8252038955688477
0.0008262002374976873,2.8715619464492192e-06,0.832939624786377
0.0008159545250236988,2.8322444904915756e-06,0.839733362197876
0.000806087744422257,2.782107003440615e-06,0.8465003967285156
0.0007965340046212077,2.72360580311215e-06,0.8530540466308594
0.0007868895772844553,2.698677462831256e-06,0.859755277633667
0.0007777574937790632,2.6303648610337405e-06,0.8674914836883545
0.0007686017197556794,2.594397301436402e-06,0.8740770816802979
0.0007596779032610357,2.564366468504886e-06,0.8816709518432617
0.0007510847644880414,2.503846417312161e-06,0.8886823654174805
0.0007423742208629847,2.4799378479656298e-06,0.8952314853668213
0.0007341046002693474,2.42747455558856e-06,0.9018111228942871
0.0007258834666572511,2.3888496798463166e-06,0.9085955619812012
0.0007177453371696174,2.3616207727172878e-06,0.9166567325592041
0.0007099785143509507,2.3021952983981464e-06,0.9231321811676025
0.0007021206547506154,2.283896264998475e-06,0.9295637607574463
0.0006945740315131843,2.2385174816008657e-06,0.9364383220672607
0.0006871572113595903,2.1946011656837072e-06,0.9434928894042969
0.000679762742947787,2.1821786049258662e-06,0.9508721828460693
0.0006727243890054524,2.131657765858108e-06,0.957573652267456
0.0006656011682935059,2.1079151792946504e-06,0.965510368347168
0.0006587057723663747,2.076829332509078e-06,0.9720492362976074
0.0006520029273815453,2.0325683180999476e-06,0.97843337059021
0.00064524554181844,2.0210936781950295e-06,0.985058069229126
0.0006388184847310185,1.9766148398048244e-06,0.9914748668670654
0.000632371986284852,1.952244929270819e-06,0.9987587928771973
0.000626047607511282,1.9327967493154574e-06,1.0052175521850586
0.0006199615309014916,1.8889434159063967e-06,1.0117747783660889
0.0006137930322438478,1.878928514997824e-06,1.0186214447021484
0.0006078857695683837,1.8397494159216876e-06,1.0250718593597412
0.0006020295550115407,1.8093298876920016e-06,1.0324184894561768
0.0005961970891803503,1.7922150163940387e-06,1.0390534400939941
0.0005906477454118431,1.7527612499179668e-06,1.0453729629516602
0.0005850192392244935,1.742315134833916e-06,1.0520293712615967
0.0005795753677375615,1.7123418274422875e-06,1.058337688446045
0.0005742561770603061,1.6827493709570263e-06,1.0654797554016113
0.000568904506508261,1.6762285213189898e-06,1.0718255043029785
0.0005637964932247996,1.6364297152904328e-06,1.078235387802124
0.0005586489569395781,1.6197217291846755e-06,1.0846619606018066
0.0005536236567422748,1.6016305153243593e-06,1.090956687927246
0.0005487590096890926,1.5681542890888522e-06,1.0982556343078613
0.0005438288790173829,1.5615073607477825e-06,1.1046783924102783
0.0005391231388784945,1.5314958545786794e-06,1.111168622970581
0.0005344232777133584,1.512281301074836e-06,1.1180717945098877
0.0005297691677697003,1.5016979659776553e-06,1.1243646144866943
0.0005252949194982648,1.465616719542595e-06,1.131584882736206
0.0005207673530094326,1.460721932744491e-06,1.13796067237854
0.0005164067260921001,1.439025368199509e-06,1.144416332244873
0.000512105121742934,1.4168134612191352e-06,1.1509301662445068
0.0005077811074443161,1.4072115845920052e-06,1.1572260856628418
0.0005036654183641076,1.3794704045722028e-06,1.1635968685150146
0.0004994906485080719,1.3668118299392518e-06,1.169959306716919
0.0004954381147399545,1.3539894325731439e-06,1.1764545440673828
0.0004914872697554529,1.330043915004353e-06,1.1837024688720703
0.0004874825244769454,1.3229273463366553e-06,1.1900081634521484
0.0004836547886952758,1.2964886764166295e-06,1.1963484287261963
0.0004798193112947047,1.281934601138346e-06,1.2029433250427246
0.00047603476559743285,1.2719436881525326e-06,1.2092547416687012
0.0004723853198811412,1.2464055316740996e-06,1.2166495323181152
0.00046868412755429745,1.2414780030667316e-06,1.222994327545166
0.00046512193512171507,1.2226389571878826e-06,1.2293238639831543
0.000461590476334095,1.2057173535140464e-06,1.2358343601226807
0.0004580639360938221,1.2006238421236048e-06,1.2423062324523926
0.00045466949813999236,1.172999645859818e-06,1.2495853900909424
0.00045124103780835867,1.1647031215034076e-06,1.2558834552764893
0.0004479076887946576,1.1499713536977652e-06,1.262228012084961
0.00044465268729254603,1.1342824564053444e-06,1.268953561782837
0.0004413700953591615,1.1326849289616803e-06,1.2754945755004883
0.00043820764403790236,1.1089965710198157e-06,1.282484531402588
0.0004350348317530006,1.0983542324538575e-06,1.288872241973877
0.00043191350414417684,1.0886107020269264e-06,1.2953147888183594
0.00042888635653071105,1.0689172995625995e-06,1.301931381225586
0.0004258332191966474,1.0691925353967235e-06,1.3089091777801514
0.00042287656106054783,1.0508103969186777e-06,1.3166792392730713
0.0004199360846541822,1.0377908665759605e-06,1.3235657215118408
0.00041701123700477183,1.0317831993233995e-06,1.3306820392608643
0.00041419087210670114,1.0128260328201577e-06,1.337613582611084
0.00041134003549814224,1.0083427923746058e-06,1.344344139099121
0.0004085688851773739,9.961146361092688e-07,1.3513617515563965
0.00040583856753073633,9.818081707635429e-07,1.357680320739746
0.0004030901181977242,9.74480940385547e-07,1.364905834197998
0.0004004560178145766,9.598546739653102e-07,1.3712852001190186
0.000397803436499089,9.542867474010563e-07,1.3778786659240723
0.00039519817801192403,9.463007017984637e-07,1.384284496307373
0.00039264519000425935,9.278190873374115e-07,1.3906867504119873
0.0003900754381902516,9.23090624382894e-07,1.3973076343536377
0.0003876037080772221,9.123147037826129e-07,1.4036836624145508
0.00038513177423737943,9.050359608409053e-07,1.410008430480957
0.0003826704923994839,8.960932973423041e-07,1.4171137809753418
0.0003802861028816551,8.800251407592441e-07,1.4235327243804932
0.00037789129419252276,8.798347721494792e-07,1.430248498916626
0.0003755508514586836,8.667537940709735e-07,1.4367115497589111
0.00037323657306842506,8.555678050470306e-07,1.4434876441955566
0.00037093463470228016,8.554702048968466e-07,1.4504973888397217
0.0003686930285766721,8.395906547775667e-07,1.4568595886230469
0.0003664394316729158,8.333678920280363e-07,1.4631667137145996
0.00036423400160856545,8.250744940596633e-07,1.4698891639709473
0.000362067628884688,8.133108622132568e-07,1.4771385192871094
0.0003598936600610614,8.109302598313661e-07,1.4841794967651367
0.00035778575693257153,7.990737458385411e-07,1.4915709495544434
0.00035567634040489793,7.928703098514234e-07,1.4994335174560547
0.0003535926516633481,7.872941409914347e-07,1.5061886310577393
0.00035155779914930463,7.756279387649556e-07,1.512685775756836
0.0003495104028843343,7.727662136858271e-07,1.5193672180175781
0.00034751862403936684,7.633481118318741e-07,1.5259582996368408
0.00034553901059553027,7.560963695141254e-07,1.533250093460083
0.0003435678081586957,7.51931452214194e-07,1.539703130722046
0.00034164986573159695,7.40798554943467e-07,1.5461444854736328
0.0003397220862098038,7.372264008154161e-07,1.5527112483978271
0.00033783577964641154,7.301530331460526e-07,1.5589683055877686
0.00033597269793972373,7.215689379336254e-07,1.566239356994629
0.0003341014962643385,7.151563181650999e-07,1.572525978088379
0.0003322843986097723,7.032905955384194e-07,1.5788516998291016
0.0003304744022898376,7.01757301158068e-07,1.585482120513916
0.00032868795096874237,6.97738812505122e-07,1.5918047428131104
0.0003269328153692186,6.898608262417838e-07,1.5987706184387207
0.00032517066574655473,6.87590556935902e-07,1.6051220893859863
0.0003234448377043009,6.756844186384114e-07,1.6113684177398682
0.00032173574436455965,6.722205512232904e-07,1.617997646331787
0.0003200308419764042,6.6521738517622e-07,1.6246943473815918
0.0003183743974659592,6.590715884158271e-07,1.6320521831512451
0.00031670910539105535,6.575191378033196e-07,1.6383671760559082
0.000315070734359324,6.477949341388012e-07,1.6446969509124756
0.0003134485159534961,6.397976335392741e-07,1.6513023376464844
0.0003118336317129433,6.359449002957263e-07,1.6576013565063477
0.0003102573973592371,6.274783004300843e-07,1.6640143394470215
0.0003086780779995024,6.239658318918373e-07,1.6712262630462646
0.00030713295564055443,6.224908020158182e-07,1.6780881881713867
0.0003056033456232399,6.171895279294404e-07,1.6853013038635254
0.00030407344456762075,6.160294105939101e-07,1.6923861503601074
0.00030257689650170505,6.094894615671365e-07,1.699995517730713
0.0003010737127624452,6.017029932081641e-07,1.7076442241668701
0.000299590959912166,5.959590225756983e-07,1.7149658203125
0.00029813512810505927,5.880683033865353e-07,1.7223474979400635
0.0002966820902656764,5.87248791816819e-07,1.7290687561035156
0.0002952570794150233,5.820201636197453e-07,1.7364747524261475
0.00029383518267422915,5.75745900732727e-07,1.743224859237671
0.00029242399614304304,5.720320359614561e-07,1.7508840560913086
0.00029104467830620706,5.670840437232982e-07,1.758119821548462
0.00028965796809643507,5.631455906041083e-07,1.7654187679290771
0.00028829940129071474,5.595617835751909e-07,1.7727065086364746
0.0002869493910111487,5.53343738829426e-07,1.7795515060424805
0.0002856040664482862,5.503341640178405e-07,1.7869441509246826
0.00028428956284187734,5.459943963614933e-07,1.7936620712280273
0.00028297037351876497,5.415707846623263e-07,1.8008196353912354
0.00028166905394755304,5.37069752226671e-07,1.8081164360046387
0.00028038560412824154,5.314888653629168e-07,1.8159613609313965
0.0002791032020468265,5.291596494316764e-07,1.8234741687774658
0.00027784466510638595,5.23701771726337e-07,1.830212116241455
0.00027659451006911695,5.220749699219596e-07,1.837028980255127
0.00027534968103282154,5.180577886676474e-07,1.845048189163208
0.000274124788120389,5.119921411278483e-07,1.8518540859222412
0.0002729008556343615,5.095315600556205e-07,1.858752727508545
0.00027169703389517963,5.048513571637159e-07,1.8668103218078613
0.0002705016522668302,5.008047310184338e-07,1.8740668296813965
0.0002693127025850117,4.984215706826944e-07,1.8819775581359863
0.000268143747234717,4.933878585688944e-07,1.888777256011963
0.00026697578141465783,4.910594952889369e-07,1.8954920768737793
0.0002658237935975194,4.876627599514904e-07,1.9023768901824951
0.0002646828070282936,4.835183062823489e-07,1.9093279838562012
0.00026354106375947595,4.793289463123074e-07,1.9167711734771729
0.00026242376770824194,4.756239775360882e-07,1.923579216003418
0.000261308450717479,4.73312411486404e-07,1.9306187629699707
0.00026020436780527234,4.707437710749218e-07,1.9375157356262207
0.0002591097727417946,4.6451896196231246e-07,1.9442055225372314
0.00025802210438996553,4.635957679965941e-07,1.9514214992523193
0.0002569467469584197,4.580249139962689e-07,1.958317518234253
0.0002558815758675337,4.562196238566685e-07,1.965857744216919
0.00025481905322521925,4.5230510181681893e-07,1.9726285934448242
0.0002537764376029372,4.494628171869408e-07,1.9796743392944336
0.0002527307369746268,4.4629601347878634e-07,1.986783742904663
0.00025169987929984927,4.421031292167754e-07,1.9934968948364258
0.00025068054674193263,4.40359315234673e-07,2.000849485397339
0.00024966467753984034,4.390927585973259e-07,2.0079126358032227
0.0002486594021320343,4.3356027390473173e-07,2.01545786857605
0.0002476609079167247,4.324549536249833e-07,2.022371292114258
0.0002466732112225145,4.3049809050899057e-07,2.0291004180908203
0.00024569040397182107,4.25326589947872e-07,2.036074638366699
0.00024471545475535095,4.246421667630784e-07,2.0429940223693848
0.00024375037173740566,4.198886927042622e-07,2.0505945682525635
0.0002427898143650964,4.168543910054723e-07,2.05737042427063
0.00024183743516914546,4.139339182529511e-07,2.064927339553833
0.0002408966247458011,4.1029690578398004e-07,2.07200288772583
0.00023996125673875213,4.104187496523082e-07,2.0794692039489746
0.00023903310648165643,4.0618192542751785e-07,2.0874245166778564
0.0002381139202043414,4.047359993819555e-07,2.094029664993286
0.00023719655291642994,4.0167353176912e-07,2.101231098175049
0.00023629139468539506,3.977674509769713e-07,2.108003854751587
0.0002353919844608754,3.975496554176061e-07,2.115525960922241
0.00023449824948329479,3.937920212138124e-07,2.12247896194458
0.00023361523926723748,3.923744600342616e-07,2.129183769226074
0.00023273139959201217,3.8925480794205214e-07,2.136143922805786
0.0002318595943506807,3.852090628697624e-07,2.142853260040283
0.00023099152895156294,3.8298892945931584e-07,2.1501662731170654
0.00023013140889815986,3.8043046401980973e-07,2.157025098800659
0.0002292800199938938,3.7777255101900664e-07,2.163989543914795
0.00022843095939606428,3.76160926407465e-07,2.1708896160125732
0.00022759538842365146,3.752737711693044e-07,2.177593946456909
0.0002267589297844097,3.7231004057503014e-07,2.1854817867279053
0.00022592832101508975,3.6943535519640136e-07,2.1933987140655518
0.00022510749113280326,3.6638866163229977e-07,2.201427459716797
0.00022428602096624672,3.62743350024175e-07,2.209007501602173
0.0002234783605672419,3.611681052007043e-07,2.2168357372283936
0.0002226747019449249,3.5936361086896795e-07,2.223839521408081
0.00022187491413205862,3.5779567042482086e-07,2.23069429397583
0.0002210843813372776,3.5554793953451735e-07,2.2376389503479004
0.0002202961186412722,3.54237386090972e-07,2.244570732116699
0.00021951440430711955,3.5186491231797845e-07,2.2516870498657227
0.00021873907826375216,3.4965037798428966e-07,2.2584519386291504
0.0002179665316361934,3.479875658740639e-07,2.265875816345215
0.00021720270160585642,3.4555424122117984e-07,2.2738633155822754
0.00021644178195856512,3.438252065279812e-07,2.2808213233947754
0.00021568653755821288,3.4184273545179167e-07,2.2884223461151123
0.0002149381471099332,3.395166174868791e-07,2.295365571975708
0.00021419182303361595,3.378725921265868e-07,2.3030343055725098
0.00021345408458728343,3.359201343755558e-07,2.3110833168029785
0.00021271628793329,3.3199066251654585e-07,2.318566083908081
0.00021198792092036456,3.3143615496555867e-07,2.3262901306152344
0.00021126568026375026,3.2969543894978415e-07,2.334545373916626
0.0002105449530063197,3.282899001533224e-07,2.3419888019561768
0.0002098310797009617,3.2640164704389463e-07,2.3498408794403076
0.00020912147010676563,3.2450213893753244e-07,2.3570876121520996
0.0002084125590045005,3.2130748195413616e-07,2.3650643825531006
0.0002077147364616394,3.2009467076932197e-07,2.37219500541687
0.00020701863104477525,3.190079098658316e-07,2.3789734840393066
0.00020632772066164762,3.1747853768138157e-07,2.3861031532287598
0.0002056416415143758,3.1556544399791164e-07,2.3930811882019043
0.000204955053050071,3.12128349833074e-07,2.400895357131958
0.00020427985873539,3.112431841145735e-07,2.408012866973877
0.00020360339840408415,3.080309056713304e-07,2.4159555435180664
0.00020293590205255896,3.0780068982494413e-07,2.4231629371643066
0.0002022702101385221,3.047410359613423e-07,2.4302220344543457
0.0002016103535424918,3.046234837711381e-07,2.4376649856567383
0.00020095556101296097,3.0349005442076304e-07,2.4448771476745605
0.00020030068117193878,3.001183017659059e-07,2.4522721767425537
0.0001996504288399592,2.9779945975860755e-07,2.4593284130096436
0.00019900679762940854,2.9555801006608817e-07,2.466841697692871
0.00019836548017337918,2.939585215244733e-07,2.474976062774658
0.00019772988162003458,2.924071793586336e-07,2.4827685356140137
0.00019710129708983004,2.9299053494469263e-07,2.4906342029571533
0.00019647058798000216,2.9053762773401104e-07,2.498347282409668
0.0001958491193363443,2.901476818806259e-07,2.5062034130096436
0.0001952259917743504,2.873724440632941e-07,2.5132172107696533
0.00019460827752482146,2.8525676043500425e-07,2.521555185317993
0.00019399549637455493,2.8339221103124146e-07,2.528909683227539
0.00019338841957505792,2.842144226633536e-07,2.5363848209381104
0.00019278161926195025,2.8127263362875965e-07,2.5441362857818604
0.00019218178931623697,2.8152840059192386e-07,2.5514814853668213
0.0001915810425998643,2.787465689380042e-07,2.5593955516815186
0.00019098598568234593,2.764649877917691e-07,2.5675394535064697
0.00019039354810956866,2.749513896560529e-07,2.5755207538604736
0.00018980616005137563,2.7334635888109915e-07,2.5837717056274414
0.00018922211893368512,2.7208147912460845e-07,2.5918362140655518
0.00018864081357605755,2.708437421006238e-07,2.599952220916748
0.00018806681327987462,2.7122260348733107e-07,2.6081953048706055
0.00018749049922917038,2.68848907580832e-07,2.616166591644287
0.00018692234880290926,2.691520535336167e-07,2.6242713928222656
0.0001863532088464126,2.6639659722604847e-07,2.631718158721924
0.0001857904571807012,2.6663093422030215e-07,2.63960337638855
0.00018523108155932277,2.65842402313865e-07,2.64676833152771
0.0001846706582000479,2.6295998623027117e-07,2.6536166667938232
0.0001841149787651375,2.609502871564473e-07,2.66029691696167
0.00018356328655499965,2.590295480331406e-07,2.6675517559051514
0.00018301396630704403,2.575760333911603e-07,2.6742658615112305
0.00018246914260089397,2.561525320743385e-07,2.6816325187683105
0.0001819267781684175,2.548155464410229e-07,2.688333034515381
0.00018138749874196947,2.536997953939135e-07,2.6950864791870117
0.0001808519009500742,2.523153455058491e-07,2.7022910118103027
0.00018032117804978043,2.532909775254666e-07,2.7094039916992188
0.00017978966934606433,2.508803049749986e-07,2.717290163040161
0.00017926169675774872,2.490398856025422e-07,2.724196434020996
0.00017873688193503767,2.4790060138002445e-07,2.731612205505371
0.00017821587971411645,2.4657839503561263e-07,2.738412857055664
0.00017769672558642924,2.453611784858367e-07,2.7451467514038086
0.00017718110757414252,2.4427311018371256e-07,2.7521142959594727
0.00017666850180830806,2.4318106284226815e-07,2.7590761184692383
0.0001761578896548599,2.422032139293151e-07,2.766413450241089
0.00017565087182447314,2.410093884464004e-07,2.7731714248657227
0.00017514557112008333,2.3971938389877323e-07,2.7801027297973633
0.00017464355914853513,2.3875685428720317e-07,2.7870349884033203
0.0001741443993523717,2.3751411504235875e-07,2.793776273727417
0.00017364743689540774,2.366851674651116e-07,2.8009018898010254
0.00017315339937340468,2.354182413455419e-07,2.807739734649658
0.00017266154463868588,2.3413807070937764e-07,2.8154845237731934
0.0001721724111121148,2.3320222908296273e-07,2.822624921798706
0.0001716862025205046,2.3193886988792656e-07,2.8293678760528564
0.00017120217671617866,2.3113260283480486e-07,2.836355209350586
0.00017072084301616997,2.299881742828802e-07,2.843268632888794
0.00017024215776473284,2.2902312935002556e-07,2.850869655609131
0.0001697654224699363,2.2806109711837053e-07,2.8576226234436035
0.0001692916703177616,2.2689143008847168e-07,2.8655073642730713
0.00016881989722605795,2.2595691007154528e-07,2.872523069381714
0.00016834768757689744,2.2267154520250187e-07,2.879251480102539
0.00016788250650279224,2.2269132671226544e-07,2.8865058422088623
0.00016741864965297282,2.2243520447773335e-07,2.8933637142181396
0.0001669570483500138,2.2156264378736523e-07,2.9008922576904297
0.00016649733879603446,2.2073837158131937e-07,2.9077672958374023
0.00016603988478891551,2.199114703671512e-07,2.9155173301696777
0.00016558503557462245,2.1895053237130924e-07,2.9224929809570312
0.00016513180162291974,2.1807774430726568e-07,2.9306881427764893
0.000164681434398517,2.1719134224440495e-07,2.938154458999634
0.0001642330171307549,2.1630162905239558e-07,2.9450104236602783
0.00016378644795622677,2.153159925910586e-07,2.951842784881592
0.00016333999519702047,2.1229737967587425e-07,2.9587411880493164
0.00016289927589241415,2.1250777137993282e-07,2.9665913581848145
0.00016246034647338092,2.121710309666014e-07,2.9736275672912598
0.00016202310507651418,2.114663004704198e-07,2.980802536010742
0.00016158750804606825,2.1071889477752848e-07,2.987778902053833
0.00016115422477014363,2.0970566083633457e-07,2.9947242736816406
0.00016072302241809666,2.0905407893678785e-07,3.0018911361694336
0.00016029359539970756,2.0809943634958472e-07,3.0089237689971924
0.0001598666567588225,2.072679166076341e-07,3.0169870853424072
0.00015943864127621055,2.0443962966965046e-07,3.024311065673828
0.0001590171450516209,2.0469592243443913e-07,3.0322084426879883
0.00015859615814406425,2.040508917389161e-07,3.039398670196533
0.00015817739767953753,2.0362897146242176e-07,3.0466396808624268
0.00015776061627548188,2.029617434118336e-07,3.0536909103393555
0.00015734251064714044,2.0011692924981617e-07,3.0604796409606934
0.00015693051682319492,2.002527992317482e-07,3.0675506591796875
0.00015651987632736564,2.0001125733415392e-07,3.0745272636413574
0.00015611051640007645,1.994608140876153e-07,3.0823912620544434
0.00015570316463708878,1.9871815482019883e-07,3.0892820358276367
0.0001552972971694544,1.9797236916474503e-07,3.096060037612915
0.00015489054203499109,1.949004797552334e-07,3.1032238006591797
0.00015449024795088917,1.9538417461717472e-07,3.1100833415985107
0.00015409057959914207,1.952061694510121e-07,3.1175425052642822
0.0001536926720291376,1.9468232892450033e-07,3.1245405673980713
0.000153293352923356,1.9181661059519683e-07,3.1321299076080322
0.00015289982547983527,1.921383301350943e-07,3.1389198303222656
0.000152507665916346,1.9192930267308839e-07,3.1458044052124023
0.0001521138910902664,1.8933761225525814e-07,3.1526429653167725
0.00015172301209531724,1.8739025620106986e-07,3.159442186355591
0.00015133728447835892,1.883104232547339e-07,3.1668975353240967
0.00015095225535333157,1.885011187141572e-07,3.173752784729004
0.0001505658874521032,1.8603348905799066e-07,3.180691719055176
0.00015018496196717024,1.8685594227463298e-07,3.187629461288452
0.00014980457490310073,1.8656399447536387e-07,3.194430351257324
0.00014942562847863883,1.8610492702464398e-07,3.2013752460479736
0.00014904557610861957,1.8358232978243905e-07,3.208327531814575
0.00014866824494674802,1.8167895632359432e-07,3.2158401012420654
0.0001482959050917998,1.8272483259806904e-07,3.22282075881958
0.00014792422007303685,1.8292423931143276e-07,3.229783773422241
0.00014755358279217035,1.82600089715379e-07,3.236877202987671
0.000147181490319781,1.799743216679417e-07,3.243732452392578
0.00014681481115985662,1.802657862981505e-07,3.2508928775787354
0.00014644887414760888,1.8001148305302195e-07,3.25773549079895
0.00014608447963837534,1.797784960899662e-07,3.2654683589935303
0.00014572152576874942,1.7931233742274344e-07,3.272545576095581
0.00014535967784468085,1.7869258783775877e-07,3.279352903366089
0.0001449967676308006,1.7580254052518285e-07,3.286407947540283
0.00014463686966337264,1.7418801689927932e-07,3.29319167137146
0.00014428177382797003,1.7534907215122075e-07,3.3006649017333984
0.0001439269253751263,1.7534898688609246e-07,3.3077967166900635
0.00014357046165969223,1.729696634811262e-07,3.3161630630493164
0.00014321922208182514,1.7359735693389666e-07,3.3233001232147217
0.00014286604709923267,1.713518997803476e-07,3.330653190612793
0.00014251764514483511,1.720466542565191e-07,3.337757110595703
0.00014216768613550812,1.700700096307628e-07,3.3445193767547607
0.00014182235463522375,1.7086864545490243e-07,3.3518130779266357
0.0001414749276591465,1.687226927060692e-07,3.358588933944702
0.00014113253564573824,1.6954768966570555e-07,3.365631103515625
0.0001407905510859564,1.696714235777108e-07,3.372682571411133
0.00014044677664060146,1.6702057337170118e-07,3.3796136379241943
0.00014010573795530945,1.6554385240397096e-07,3.3868184089660645
0.00013976669288240373,1.6464456109588355e-07,3.393998146057129
0.00013943186786491424,1.6603380004198698e-07,3.4014222621917725
0.0001390969118801877,1.6631418020551791e-07,3.408202648162842
0.00013876294542569667,1.6622486498363287e-07,3.4159770011901855
0.00013843017222825438,1.6604408870080078e-07,3.4229354858398438
0.00013809811207465827,1.6539807745630242e-07,3.4298465251922607
0.0001377649896312505,1.6263687996342924e-07,3.4369752407073975
0.00013743435556534678,1.609821538295364e-07,3.4439449310302734
0.00013710824714507908,1.6201970254314801e-07,3.4512414932250977
0.00013678244431503117,1.6219782139614836e-07,3.457998514175415
0.00013645755825564265,1.6217713039168302e-07,3.4660065174102783
0.00013613217743113637,1.6053058971010614e-07,3.473505735397339
0.0001358089066343382,1.5969936839610455e-07,3.4802587032318115
0.0001354882842861116,1.600683816604942e-07,3.487330436706543
0.0001351658720523119,1.5776355155594501e-07,3.4940972328186035
0.00013484568626154214,1.5642663697690296e-07,3.501521348953247
0.00013452845450956374,1.5641990103176795e-07,3.508789300918579
0.00013421336188912392,1.5730203983821411e-07,3.518444299697876
0.00013389733794610947,1.5636362604709575e-07,3.525336980819702
0.00013358285650610924,1.5563429656140215e-07,3.5334842205047607
0.00013326932094059885,1.5478921966405323e-07,3.5405690670013428
0.0001329575025010854,1.5433464284342335e-07,3.5486724376678467
0.00013264681911095977,1.538506353426783e-07,3.5555202960968018
0.0001323371398029849,1.5329869995639456e-07,3.562380313873291
0.00013202856644056737,1.5258694929798367e-07,3.5698673725128174
0.00013172128819860518,1.5207476167233835e-07,3.576568603515625
0.00013141414092388004,1.5066279956954531e-07,3.584218740463257
0.00013110850704833865,1.4953106131088134e-07,3.5913257598876953
0.00013080563803669065,1.4991306329648069e-07,3.59920597076416
0.00013050221605226398,1.4873231179990398e-07,3.606194019317627
0.0001302001328440383,1.4779861601255107e-07,3.613232374191284
0.00012990066898055375,1.4821250715613132e-07,3.620269775390625
0.00012960190360900015,1.4818839133567963e-07,3.626984119415283
0.00012930392404086888,1.4798509084812395e-07,3.6342239379882812
0.00012900687579531223,1.4758258259917056e-07,3.6412453651428223
0.00012870949285570532,1.4596371045172418e-07,3.64987850189209
0.0001284138415940106,1.449416231480427e-07,3.6568078994750977
0.00012812104250770062,1.4540788129124849e-07,3.663550853729248
0.00012782849080394953,1.4522483127166197e-07,3.6711502075195312
0.0001275356044061482,1.4381100754690124e-07,3.678032875061035
0.00012724431871902198,1.4282963434197882e-07,3.6852121353149414
0.000126955725136213,1.4341280518692656e-07,3.692157745361328
0.00012666761176660657,1.4340730558615178e-07,3.700103521347046
0.00012637898907996714,1.42081503895497e-07,3.7072041034698486
0.00012609301484189928,1.4221036792605446e-07,3.715338945388794
0.00012580642942339182,1.408353966780851e-07,3.7220942974090576
0.00012552147381938994,1.4008367088536033e-07,3.728879451751709
0.00012523897748906165,1.4057427222269325e-07,3.7360141277313232
0.00012495565169956535,1.3944953991540388e-07,3.7427592277526855
0.00012467504711821675,1.399014450953473e-07,3.7508766651153564
0.00012439484999049455,1.3979341417780233e-07,3.7576441764831543
0.0001241140707861632,1.383314440772665e-07,3.7650294303894043
0.00012383493594825268,1.3741158966240619e-07,3.7718045711517334
0.00012355702347122133,1.3674983279088337e-07,3.778547763824463
0.00012328139564488083,1.3729257375416637e-07,3.785647392272949
0.00012300511298235506,1.3634323181577201e-07,3.7923436164855957
0.00012272990716155618,1.355404180003461e-07,3.7997207641601562
0.00012245711695868522,1.3605793469650962e-07,3.806576728820801
0.0001221834245370701,1.3491711570168263e-07,3.8136463165283203
0.00012191223504487425,1.3519296260255942e-07,3.820423126220703
0.00012164169311290607,1.3520167385649984e-07,3.8272509574890137
0.00012137178418925032,1.3495636608240602e-07,3.834226369857788
0.00012110277020838112,1.347161031617361e-07,3.840914249420166
0.00012083450565114617,1.3428359579847893e-07,3.848281145095825
0.00012056598643539473,1.3283721500556567e-07,3.8550374507904053
0.0001202989587909542,1.3189531955504208e-07,3.8630168437957764
0.0001200331753352657,1.3126356179782306e-07,3.8856756687164307
0.00011976945825153962,1.317341684625717e-07,3.902756452560425
0.00011950494081247598,1.306359678210356e-07,3.9118056297302246
0.00011924167483812198,1.2989089270831755e-07,3.9199864864349365
0.00011897971126018092,1.2951285555118375e-07,3.927424669265747
0.00011871843889821321,1.2899566570467869e-07,3.934831142425537
0.00011845799599541351,1.284389128386465e-07,3.9417803287506104
0.00011819848441518843,1.279178434288042e-07,3.9494218826293945
0.00011793980957008898,1.2742584942770918e-07,3.958230972290039
0.0001176835285150446,1.283124362316812e-07,3.9663753509521484
0.00011742603237507865,1.2732020593375637e-07,3.9748036861419678
0.00011716972949216142,1.2666973248087743e-07,3.982640504837036
0.00011691435793181881,1.260659274748832e-07,3.991311550140381
0.00011666117643471807,1.267326297238469e-07,4.000149488449097
0.00011640697630355135,1.2572614593864273e-07,4.007684946060181
0.00011615394032560289,1.249915584367045e-07,4.015812397003174
0.0001159020175691694,1.245436891395002e-07,4.022934913635254
0.00011565222666831687,1.2531491222489421e-07,4.02973747253418
0.00011540117702679709,1.2415259220688313e-07,4.0371949672698975
0.00011515281221363693,1.2476220945245586e-07,4.044152021408081
0.00011490345059428364,1.2367118529255094e-07,4.05202579498291
0.00011465641000540927,1.2403249627368496e-07,4.059130907058716
0.00011440880916779861,1.2310751174027246e-07,4.067094564437866
0.00011416340566938743,1.2350376721315115e-07,4.074049234390259
0.00011391714360797778,1.2238416502441396e-07,4.081599473953247
0.00011367197294021025,1.2155359740972926e-07,4.088744640350342
0.00011342915968270972,1.221759333702721e-07,4.095503568649292
0.00011318524047965184,1.210663214123997e-07,4.103359699249268
0.00011294244177406654,1.2025941487081582e-07,4.110130786895752
0.00011270060349488631,1.1966557167397696e-07,4.117692708969116
0.00011245985660934821,1.193568408552892e-07,4.124912261962891
0.00011221984459552914,1.1903818375458286e-07,4.132532835006714
0.00011198052379768342,1.1867513194374624e-07,4.139969348907471
0.00011174190876772627,1.1824473489241427e-07,4.146745681762695
0.00011150409409310669,1.1789966691821974e-07,4.154307126998901
0.0001112669488065876,1.1746480055307984e-07,4.160999536514282
0.0001110307130147703,1.1722448789441842e-07,4.168683290481567
0.00011079513933509588,1.1689136414361201e-07,4.175431251525879
0.00011056019138777629,1.1646402242604381e-07,4.182947397232056
0.00011032609472749755,1.1615666295483607e-07,4.1902782917022705
0.00011009279114659876,1.159204288114779e-07,4.19729208946228
0.00010986009147018194,1.1557374079984584e-07,4.204694509506226
0.00010962798114633188,1.1512543096614536e-07,4.211443662643433
0.00010939680214505643,1.1486427808904409e-07,4.219363451004028
0.00010916628525592387,1.145738863783663e-07,4.226106882095337
0.00010893641592701897,1.1423995971426848e-07,4.233515024185181
0.00010870721598621458,1.1387392362394166e-07,4.241043567657471
0.00010847878002095968,1.1356873130807799e-07,4.2482969760894775
0.00010825104254763573,1.1325595039579639e-07,4.255827188491821
0.00010802390170283616,1.1289037615824782e-07,4.262572526931763
0.00010779756848933175,1.1260654986244845e-07,4.270314931869507
0.00010757181735243648,1.1223716001040884e-07,4.277123212814331
0.0001073467792593874,1.1190476811862027e-07,4.28463339805603
0.00010712245421018451,1.1162404689457617e-07,4.2921366691589355
0.000106898631202057,1.1118282117195122e-07,4.299616575241089
0.0001066757322405465,1.1097196050968705e-07,4.307288408279419
0.00010645336442394182,1.1062112292847814e-07,4.31493353843689
0.0001062317387550138,1.103756517295551e-07,4.3223981857299805
0.00010601057147141546,1.099071695875864e-07,4.329131841659546
0.00010579032095847651,1.0972024000466263e-07,4.336758852005005
0.00010557056521065533,1.0937567651581048e-07,4.343477487564087
0.00010535148612689227,1.0904991398774655e-07,4.350930690765381
0.00010513302549952641,1.0869749900166426e-07,4.358073711395264
0.00010491534339962527,1.0847369225075454e-07,4.365434646606445
0.00010469814878888428,1.081119833656885e-07,4.372954845428467
0.0001044816744979471,1.0783175952155943e-07,4.379783391952515
0.00010426572407595813,1.0743199396756609e-07,4.38720965385437
0.00010405039211036637,1.0704874853217916e-07,4.393879413604736
0.00010383599874330685,1.0693297269881441e-07,4.401042461395264
0.00010362212196923792,1.0673772976588225e-07,4.409279823303223
0.00010340878361603245,1.064499457470447e-07,4.4171082973480225
0.00010319591092411429,1.0603294953170916e-07,4.424631595611572
0.00010298387496732175,1.0581312892554706e-07,4.4324188232421875
0.00010277223191224039,1.0538434480622527e-07,4.440256595611572
0.00010256138921249658,1.0513853254678907e-07,4.447271823883057
0.00010235109948553145,1.0485350543376626e-07,4.454739570617676
0.00010214139183517545,1.0453541676724853e-07,4.461498498916626
0.00010193249909207225,1.0440473374728754e-07,4.468763113021851
0.00010172271868214011,1.0286030516226674e-07,4.47576117515564
0.00010151544120162725,1.03155613828676e-07,4.483396053314209
0.00010130854934686795,1.0327004673627016e-07,4.490490674972534
0.00010110186849487945,1.029809055808073e-07,4.497313737869263
0.0001008946419460699,1.015990847008652e-07,4.504793882369995
0.00010068850679090247,1.0072535161498308e-07,4.511610507965088
0.00010048356489278376,1.004231435786096e-07,4.519274473190308
0.00010027905955212191,1.0000123040754261e-07,4.525981903076172
0.00010007634409703314,1.0077621226400879e-07,4.5335657596588135
9.987376688513905e-05,1.0110518644523836e-07,4.541010618209839
9.967126970877871e-05,1.0095514824115526e-07,4.5483551025390625
9.946819045580924e-05,9.967917691255934e-08,4.555721044540405
9.926738130161539e-05,1.0007495632180508e-07,4.562559366226196
9.906665945891291e-05,1.0002698047628655e-07,4.570384502410889
9.886527550406754e-05,9.87447990041801e-08,4.577125787734985
9.86649829428643e-05,9.798782230063807e-08,4.584288597106934
9.846674220170826e-05,9.871205719491627e-08,4.591304540634155
9.826848690863699e-05,9.888009344649618e-08,4.598761320114136
9.807066089706495e-05,9.89330786183018e-08,4.606110095977783
9.787316230358556e-05,9.875562767547308e-08,4.612852096557617
9.767620940692723e-05,9.858528216000195e-08,4.620362043380737
9.747853619046509e-05,9.714702287055843e-08,4.6270751953125
9.728204167913646e-05,9.635301978505595e-08,4.634273529052734
9.708752622827888e-05,9.69921956084363e-08,4.64246129989624
9.689310536487028e-05,9.718402793623682e-08,4.650925397872925
9.669900464359671e-05,9.716846705032367e-08,4.6579554080963135
9.6505245892331e-05,9.695738611981142e-08,4.665403127670288
9.631193825043738e-05,9.665222222565717e-08,4.672818422317505
9.611808491172269e-05,9.531633793358196e-08,4.679626703262329
9.592646529199556e-05,9.566544889594297e-08,4.687158584594727
9.573510033078492e-05,9.574242909593522e-08,4.693952322006226
9.554402640787885e-05,9.55761052523485e-08,4.700934171676636
9.535340359434485e-05,9.538529610608748e-08,4.707926273345947
9.51633119257167e-05,9.516474364090755e-08,4.715400218963623
9.497364953858778e-05,9.48624290231237e-08,4.722504377365112
9.4784569228068e-05,9.466882744391114e-08,4.729276657104492
9.459600551053882e-05,9.444396198432514e-08,4.73628830909729
9.440686699235812e-05,9.313813364997259e-08,4.743066072463989
9.421877621207386e-05,9.23752025983049e-08,4.750626087188721
9.4032526249066e-05,9.298167924498557e-08,4.7577526569366455
9.384530130773783e-05,9.207082030115998e-08,4.765408039093018
9.365993901155889e-05,9.252246258029118e-08,4.7724597454071045
9.347471495857462e-05,9.26358296737817e-08,4.779193162918091
9.328978194389492e-05,9.25564123122058e-08,4.786370515823364
9.310532914241776e-05,9.244628529359034e-08,4.793042182922363
9.292121103499085e-05,9.220023855505133e-08,4.800586223602295
9.273767500417307e-05,9.200853412494325e-08,4.807682275772095
9.255458280676976e-05,9.181195537166786e-08,4.8153886795043945
9.237194171873853e-05,9.155375124692e-08,4.822226524353027
9.218983177561313e-05,9.135581535701931e-08,4.829031229019165
9.200828935718164e-05,9.123567679125699e-08,4.835755348205566
9.182601206703112e-05,8.98999914511478e-08,4.842618942260742
9.164585208054632e-05,9.0217731951725e-08,4.850045680999756
9.146462252829224e-05,8.897107761640655e-08,4.85677170753479
9.128448436968029e-05,8.83270061535768e-08,4.863518238067627
9.110513201449066e-05,8.801273310155011e-08,4.87023401260376
9.092730761040002e-05,8.879700175157268e-08,4.876967668533325
9.074948320630938e-05,8.908107673732957e-08,4.884136199951172
9.057075658347458e-05,8.798558326361672e-08,4.890805006027222
9.039298311108723e-05,8.737872292385873e-08,4.898330450057983
9.02158280950971e-05,8.694303232914535e-08,4.905007362365723
9.004032472148538e-05,8.772441617566074e-08,4.9117865562438965
8.986370085040107e-05,8.688841290904747e-08,4.918496608734131
8.968784823082387e-05,8.63563940356471e-08,4.925160884857178
8.951256313594058e-05,8.59433484379224e-08,4.932492256164551
8.933783101383597e-05,8.562611242268758e-08,4.9398651123046875
8.916352817323059e-05,8.530810902129815e-08,4.946655035018921
8.899082604330033e-05,8.615561597480337e-08,4.9538679122924805
8.881698886398226e-05,8.538327023188685e-08,4.960683822631836
8.86450070538558e-05,8.60702940030933e-08,4.967637538909912
8.847300341585651e-05,8.627646508330145e-08,4.9744040966033936
8.830120350467041e-05,8.621788083473803e-08,4.982022523880005
8.812864689389244e-05,8.495118208884378e-08,4.989869117736816
8.795824396656826e-05,8.542734519778605e-08,4.998993396759033
8.778792107477784e-05,8.554671637739375e-08,5.007678747177124
8.761681237956509e-05,8.440400023346228e-08,5.015768051147461
8.744651859160513e-05,8.36633731182701e-08,5.022419214248657
8.727698877919465e-05,8.321640621034021e-08,5.029159069061279
8.710797555977479e-05,8.290668063182238e-08,5.0359039306640625
8.694062125869095e-05,8.384809291328565e-08,5.04365086555481
8.677301229909062e-05,8.409638496686966e-08,5.050909757614136
8.660559251438826e-05,8.409290330746444e-08,5.057887077331543
8.643737237434834e-05,8.282163577177926e-08,5.066556453704834
8.627015631645918e-05,8.21516579208037e-08,5.0736119747161865
8.610352233517915e-05,8.165933707005024e-08,5.080707550048828
8.593867823947221e-05,8.256328953848424e-08,5.087714910507202
8.577250991947949e-05,8.167405951553519e-08,5.094876527786255
8.56083061080426e-05,8.238055215770146e-08,5.101780891418457
8.544401498511434e-05,8.258728456667086e-08,5.1089701652526855
8.527995669282973e-05,8.257938333144921e-08,5.116657257080078
8.511503256158903e-05,8.127523187795305e-08,5.123295545578003
8.495230576954782e-05,8.18093326415692e-08,5.13161563873291
8.478840754833072e-05,8.068327872479131e-08,5.138599634170532
8.462656842311844e-05,8.129830320058318e-08,5.145416736602783
8.446467109024525e-05,8.14493432699237e-08,5.152308702468872
8.43019297462888e-05,8.026601250321619e-08,5.159236907958984
8.414118201471865e-05,8.07469291430607e-08,5.16710090637207
8.397933561354876e-05,7.964890613720854e-08,5.173793315887451
8.38195628602989e-05,8.032807841118483e-08,5.182129144668579
8.365853864233941e-05,7.927528145046381e-08,5.189069032669067
8.34983293316327e-05,7.864085915798569e-08,5.195730686187744
8.333877485711128e-05,7.82845717139935e-08,5.20272970199585
8.317970787175e-05,7.80139046696604e-08,5.20979905128479
8.302223432110623e-05,7.902491461209138e-08,5.217325925827026
8.286342199426144e-05,7.821528669182953e-08,5.224022388458252
8.270528633147478e-05,7.769403254087592e-08,5.231570243835449
8.25488823466003e-05,7.859526363063196e-08,5.238163709640503
8.239121962105855e-05,7.775948773769414e-08,5.245431184768677
8.223525946959853e-05,7.83226639100576e-08,5.252739906311035
8.207933569792658e-05,7.849963168382601e-08,5.259415626525879
8.192249515559524e-05,7.732564455409374e-08,5.267406225204468
8.176658593583852e-05,7.672090873711568e-08,5.275048017501831
8.16112442407757e-05,7.629596865399435e-08,5.283022403717041
8.145636093104258e-05,7.597027718020399e-08,5.290531158447266
8.130191417876631e-05,7.569978777155484e-08,5.299333572387695
8.114909724099562e-05,7.676691637925614e-08,5.306543588638306
8.099604019662365e-05,7.717144967500644e-08,5.313952445983887
8.084193541435525e-05,7.607228980077707e-08,5.321033477783203
8.06886309874244e-05,7.543724223069148e-08,5.328110933303833
8.053700003074482e-05,7.616704778001804e-08,5.335220575332642
8.038421219680458e-05,7.52926965219558e-08,5.343105792999268
8.023212285479531e-05,7.475278351876113e-08,5.35085391998291
8.008066652109846e-05,7.450117323060113e-08,5.358389854431152
7.9930636275094e-05,7.537241231148073e-08,5.365832090377808
7.97794054960832e-05,7.458248063585415e-08,5.373567581176758
7.96298700151965e-05,7.520735323396366e-08,5.38157057762146
7.948039274197072e-05,7.5525036891122e-08,5.389436483383179
7.932991866255179e-05,7.43698080896138e-08,5.3962016105651855
7.918135088402778e-05,7.488363706897871e-08,5.403739929199219
7.903176447143778e-05,7.390286782538169e-08,5.410701751708984
7.88828037912026e-05,7.322997674918952e-08,5.417699575424194
7.873560389271006e-05,7.405165547424986e-08,5.425085783004761
7.858830213081092e-05,7.437657245645823e-08,5.432498455047607
7.844108040444553e-05,7.442363170184763e-08,5.440260171890259
7.829310925444588e-05,7.328902995595854e-08,5.447383642196655
7.814595301169902e-05,7.26364959291459e-08,5.455135107040405
7.799932063790038e-05,7.216664243969717e-08,5.462084531784058
7.785431807860732e-05,7.307453842031464e-08,5.469519138336182
7.770801312290132e-05,7.222445930210597e-08,5.4768226146698
7.756234117550775e-05,7.166006099623701e-08,5.48439621925354
7.741716399323195e-05,7.127432155584756e-08,5.492100238800049
7.727250340394676e-05,7.106890365093932e-08,5.499691009521484
7.712923979852349e-05,7.197826334959245e-08,5.5078418254852295
7.698480476392433e-05,7.126878642793599e-08,5.515779972076416
7.684090087423101e-05,7.077424868384696e-08,5.523419618606567
7.669860497117043e-05,7.164074844467905e-08,5.530309200286865
7.655615627299994e-05,7.197562013061543e-08,5.537161350250244
7.641273259650916e-05,7.09019261080357e-08,5.543993234634399
7.627015293110162e-05,7.03685358871553e-08,5.551091432571411
7.61279952712357e-05,6.9918520750889e-08,5.557794570922852
7.598623051308095e-05,6.953811038101776e-08,5.5658204555511475
7.584503327962011e-05,6.941072427935069e-08,5.572832822799683
7.570398156531155e-05,6.907464467076352e-08,5.579325199127197
7.55634464439936e-05,6.894774173815676e-08,5.5863258838653564
7.542323874076828e-05,6.880948433263256e-08,5.593177318572998
7.52834093873389e-05,6.873784741401323e-08,5.600867986679077
7.514389290008694e-05,6.86401335769915e-08,5.608009576797485
7.500570791307837e-05,6.962783771768954e-08,5.615867853164673
7.486721733585e-05,6.992986811837909e-08,5.622607469558716
7.472775905625895e-05,6.885550618562775e-08,5.629651308059692
7.459017069777474e-05,6.943251662505645e-08,5.636869430541992
7.445152004947886e-05,6.851296063814516e-08,5.644201278686523
7.431352423736826e-05,6.79576288575845e-08,5.6516852378845215
7.417605229420587e-05,6.7615403054333e-08,5.658543348312378
7.403898780466989e-05,6.73591671329632e-08,5.665843725204468
7.390224345726892e-05,6.712610911563388e-08,5.673249244689941
7.376587018370628e-05,6.692918219641797e-08,5.680701971054077
7.362983888015151e-05,6.67775452711794e-08,5.687872409820557
7.349519000854343e-05,6.777805339197585e-08,5.694692850112915
7.336042472161353e-05,6.832659948941e-08,5.70216178894043
7.32244661776349e-05,6.719650968989299e-08,5.709856986999512
7.308931526495144e-05,6.664492246954978e-08,5.717857599258423
7.295469549717382e-05,6.630766336002125e-08,5.724708318710327
7.28215673007071e-05,6.726487811192783e-08,5.732456207275391
7.268704212037846e-05,6.6355902106352e-08,5.740093469619751
7.255436503328383e-05,6.712478750614537e-08,5.747344970703125
7.242048013722524e-05,6.624561166290732e-08,5.754684925079346
7.228837785078213e-05,6.698930832271799e-08,5.761720180511475
7.215506047941744e-05,6.605383617852567e-08,5.769081115722656
7.202239066828042e-05,6.55031300311748e-08,5.776981592178345
7.189011375885457e-05,6.504359362224932e-08,5.7852089405059814
7.175945211201906e-05,6.601509028314467e-08,5.792232513427734
7.16285067028366e-05,6.634719795783894e-08,5.800231218338013
7.149762677727267e-05,6.642032701620337e-08,5.807687759399414
7.136591011658311e-05,6.525937124024495e-08,5.815853118896484
7.123500108718872e-05,6.46324096464923e-08,5.823007345199585
7.110457227099687e-05,6.422197174060784e-08,5.8298046588897705
7.09746454958804e-05,6.404297892004251e-08,5.83657169342041
7.084603566909209e-05,6.495178439536176e-08,5.844160795211792
7.071613799780607e-05,6.414907716134621e-08,5.851588487625122
7.05869824741967e-05,6.383201167636798e-08,5.8589231967926025
7.045759411994368e-05,6.29243359639986e-08,5.868010520935059
7.032933353912085e-05,6.294958154740016e-08,5.875993013381958
7.02013130648993e-05,6.289921117286212e-08,5.8844804763793945
7.007410749793053e-05,6.343827863020124e-08,5.8914573192596436
6.99473821441643e-05,6.419492137865745e-08,5.899529218673706
6.982000195421278e-05,6.389601736600525e-08,5.906308650970459
6.969245441723615e-05,6.309945632665404e-08,5.913949966430664
6.956551078474149e-05,6.265032936880743e-08,5.921063423156738
6.943848711671308e-05,6.18016358089335e-08,5.92840051651001
6.93120455252938e-05,6.12506170227789e-08,5.93532133102417
6.918656436027959e-05,6.146441222654175e-08,5.942565679550171
6.906125781824812e-05,6.157171128506889e-08,5.95048189163208
6.893667159602046e-05,6.213500114427006e-08,5.957350730895996
6.881201261421666e-05,6.23351255057969e-08,5.965248107910156
6.868693162687123e-05,6.173015520971603e-08,5.972209930419922
6.856241088826209e-05,6.145033637494635e-08,5.979757070541382
6.843818846391514e-05,6.117615214407124e-08,5.986552715301514
6.83143807691522e-05,6.106364480729098e-08,5.993607997894287
6.819130794610828e-05,6.145836550786044e-08,6.001157999038696
6.806775490986183e-05,6.10093948694157e-08,6.008989572525024
6.794457294745371e-05,6.064659885396395e-08,6.017988204956055
6.782182026654482e-05,6.047862655123026e-08,6.0250794887542725
6.769936589989811e-05,6.033052812881579e-08,6.032884836196899
6.757715891581029e-05,6.013906528323787e-08,6.040504455566406
6.74552793498151e-05,6.001157260016043e-08,6.048609972000122
6.733420741511509e-05,6.050144918390288e-08,6.0558342933654785
6.721261161146685e-05,6.008905728549507e-08,6.063002109527588
6.709139415761456e-05,5.9789996953441e-08,6.070552825927734
6.697059870930389e-05,5.966609251117916e-08,6.077921628952026
6.685048720100895e-05,5.999696384151321e-08,6.085221529006958
6.67304266244173e-05,6.008782094113485e-08,6.092363357543945
6.660996587015688e-05,5.9442069044735035e-08,6.10051965713501
6.64900362608023e-05,5.907914868430453e-08,6.108044385910034
6.637100159423426e-05,5.94191327252247e-08,6.116168737411499
6.625155219808221e-05,5.8997230212298746e-08,6.123135089874268
6.613248842768371e-05,5.872857755662153e-08,6.130195379257202
6.601426866836846e-05,5.908533395881932e-08,6.137644290924072
6.589557597180828e-05,5.8631094645988924e-08,6.144791126251221
6.577731255674735e-05,5.8354189036435855e-08,6.152082204818726
6.565936200786382e-05,5.813968328993724e-08,6.159289598464966
6.554168066941202e-05,5.792523438685748e-08,6.167304754257202
6.542431947309524e-05,5.779011758022534e-08,6.175180912017822
6.530724203912541e-05,5.768174915488089e-08,6.183243036270142
6.519048474729061e-05,5.762654353702601e-08,6.190099477767944
6.507388025056571e-05,5.74593457258743e-08,6.197297096252441
6.49575813440606e-05,5.734876040719428e-08,6.204120397567749
6.484152254415676e-05,5.722562335108705e-08,6.212017774581909
6.472569657489657e-05,5.706032979446718e-08,6.219265460968018
6.461015436798334e-05,5.694046123494445e-08,6.226958513259888
6.449493957916275e-05,5.6897349054452206e-08,6.2345216274261475
6.437989941332489e-05,5.676321990222277e-08,6.242377281188965
6.426557956729084e-05,5.716479734019231e-08,6.250776767730713
6.415077223209664e-05,5.6731732200887564e-08,6.258403778076172
6.4036350522656e-05,5.6438683060378025e-08,6.266849517822266
6.39222635072656e-05,5.623899212992001e-08,6.274293661117554
6.380846753017977e-05,5.609847519849609e-08,6.282390117645264
6.369493348756805e-05,5.595980567818515e-08,6.290055513381958
6.358171231113374e-05,5.590431584323596e-08,6.2973315715789795
6.346861482597888e-05,5.569571825958519e-08,6.304821252822876
6.335585931083187e-05,5.5595567260979806e-08,6.312080383300781
6.324332935037091e-05,5.547803283434405e-08,6.319985389709473
6.313106132438406e-05,5.537219749385258e-08,6.327114582061768
6.301897519733757e-05,5.519812873444607e-08,6.3347601890563965
6.290720193646848e-05,5.508869804771166e-08,6.342288017272949
6.279565423028544e-05,5.497724586689401e-08,6.35046124458313
6.26843175268732e-05,5.483056852995105e-08,6.3576202392578125
6.257325003389269e-05,5.4688715778183905e-08,6.365965366363525
6.246248085517436e-05,5.4625246548312134e-08,6.373270034790039
6.235187902348116e-05,5.449127016277089e-08,6.380629777908325
6.224154640221968e-05,5.437257755147584e-08,6.387629270553589
6.213148299138993e-05,5.429086513686343e-08,6.394477844238281
6.202157965162769e-05,5.4114149605766215e-08,6.40188193321228
6.191193097038195e-05,5.395914470796015e-08,6.408904075622559
6.180266791488975e-05,5.3964782864568406e-08,6.417230129241943
6.169346306705847e-05,5.378819523116363e-08,6.424086332321167
6.158457836136222e-05,5.3696563639960004e-08,6.431949615478516
6.147642125142738e-05,5.414153037008873e-08,6.4391374588012695
6.13676747889258e-05,5.366926103533842e-08,6.446239471435547
6.125937215983868e-05,5.343839504234893e-08,6.4532575607299805
6.115143332863227e-05,5.3344582084946524e-08,6.460276365280151
6.104365456849337e-05,5.3160917445893574e-08,6.467870473861694
6.0936152294743806e-05,5.3049163284413225e-08,6.475583791732788
6.082890467951074e-05,5.294211646855729e-08,6.483309268951416
6.072190808481537e-05,5.286462823050897e-08,6.490930795669556
6.061507519916631e-05,5.271107994531121e-08,6.498650550842285
6.0508435126394033e-05,5.251705914588456e-08,6.506547212600708
6.040216612746008e-05,5.248406509394954e-08,6.513964891433716
6.0296057199593633e-05,5.2365521696629e-08,6.521981716156006
6.0189679061295465e-05,5.166926442257136e-08,6.528865575790405
6.0084301367169246e-05,5.1878799922633334e-08,6.536363363265991
5.9978938224958256e-05,5.183092000038414e-08,6.54357385635376
5.9873837017221376e-05,5.181518858421441e-08,6.551271200180054
5.9768852224806324e-05,5.169544792238412e-08,6.558911323547363
5.966360549791716e-05,5.1009621415687434e-08,6.566481351852417
5.9559424698818475e-05,5.128329760850647e-08,6.574072360992432
5.9455276641529053e-05,5.1334595241314673e-08,6.581658363342285
5.935127046541311e-05,5.130703684130822e-08,6.588750600814819
5.924748256802559e-05,5.125229662894526e-08,6.595702409744263
5.9143862017663196e-05,5.115766654739673e-08,6.6028032302856445
5.9040463384008035e-05,5.1047916116431225e-08,6.609819412231445
5.893723573535681e-05,5.0883972591009297e-08,6.618110656738281
5.883426274522208e-05,5.075008502331002e-08,6.625590801239014
5.8731489843921736e-05,5.060558905256585e-08,6.632970571517944
5.8629029808798805e-05,5.0565546416692086e-08,6.641013145446777
5.852677350048907e-05,5.051157714319743e-08,6.649433135986328
5.842471728101373e-05,5.041974660002779e-08,6.657205820083618
5.832283204654232e-05,5.029654204236067e-08,6.6652443408966064
5.822115781484172e-05,5.015766291194268e-08,6.672962427139282
5.811974551761523e-05,5.0063079015671974e-08,6.679697751998901
5.801847146358341e-05,4.987730051198014e-08,6.687317132949829
5.7917492085834965e-05,4.9799446344422904e-08,6.694064140319824
5.781671279692091e-05,4.968423539253308e-08,6.701364755630493
5.771619180450216e-05,4.963932198620569e-08,6.708550930023193
5.761585998698138e-05,4.956373444997553e-08,6.716484785079956
5.7515779189998284e-05,4.951526832996933e-08,6.723972797393799
5.741536006098613e-05,4.8834593258106906e-08,6.7333009243011475
5.731586861656979e-05,4.8988706424779593e-08,6.74024224281311
5.7215962442569435e-05,4.841040990299916e-08,6.747317790985107
5.711647099815309e-05,4.807727194133804e-08,6.755253076553345
5.701784903067164e-05,4.850324231142622e-08,6.762722015380859
5.6919197959359735e-05,4.8659199336498205e-08,6.771007537841797
5.682014307240024e-05,4.809075448974909e-08,6.778098106384277
5.672190309269354e-05,4.822610932819771e-08,6.786016225814819
5.6623299315106124e-05,4.7702140903993495e-08,6.793601989746094
5.652563049807213e-05,4.802618391863689e-08,6.801312446594238
5.6427958043059334e-05,4.811030507312353e-08,6.808781147003174
5.632982720271684e-05,4.7408509118440634e-08,6.81670880317688
5.623276229016483e-05,4.771039030515567e-08,6.824163913726807
5.613578832708299e-05,4.7893205845639386e-08,6.8316731452941895
5.603879253612831e-05,4.780221374289795e-08,6.838317632675171
5.5942069593584165e-05,4.778184958809106e-08,6.845119476318359
5.584545942838304e-05,4.766558348023864e-08,6.8520612716674805
5.574906026595272e-05,4.755702676106921e-08,6.859318971633911
5.565291940001771e-05,4.750123139274365e-08,6.867345094680786
5.5556942243129015e-05,4.741554349152466e-08,6.874378442764282
5.5460634030168876e-05,4.670381059668216e-08,6.882429838180542
5.5364827858284116e-05,4.6332736758358806e-08,6.889139175415039
5.526986933546141e-05,4.672682862860711e-08,6.895941257476807
5.51748598809354e-05,4.6843272372143474e-08,6.902660608291626
5.5079974117688835e-05,4.684200760607382e-08,6.90933895111084
5.498521568370052e-05,4.677551856957507e-08,6.9167680740356445
5.489063187269494e-05,4.666989639190433e-08,6.923983812332153
5.479628816829063e-05,4.662470942662367e-08,6.931568622589111
5.470215546665713e-05,4.658507535282297e-08,6.938238620758057
5.46081610082183e-05,4.6473751069697755e-08,6.945118188858032
5.451435936265625e-05,4.636595463125559e-08,6.9547178745269775
5.442074325401336e-05,4.624291705113137e-08,6.962886333465576
5.4327370889950544e-05,4.6176246826235e-08,6.9718382358551025
5.4234176786849275e-05,4.610048520703458e-08,6.982089281082153
5.414117549662478e-05,4.600467917725837e-08,6.99056339263916
5.404831244959496e-05,4.585339041796033e-08,6.998680114746094
5.395514381234534e-05,4.510609130647936e-08,7.006263732910156
5.386301563703455e-05,4.537113440505891e-08,7.012649059295654
5.377091292757541e-05,4.542975062804544e-08,7.020077466964722
5.367898484109901e-05,4.546796006366094e-08,7.027405023574829
5.3587122238241136e-05,4.536012099265463e-08,7.034945011138916
5.349548882804811e-05,4.529616504100886e-08,7.041791200637817
5.340404459275305e-05,4.522259544614826e-08,7.049638986587524
5.331276042852551e-05,4.5127034553615886e-08,7.056843519210815
5.322167635313235e-05,4.503836947833406e-08,7.063656568527222
5.313075234880671e-05,4.491217708846307e-08,7.070228576660156
5.30400502611883e-05,4.4829285172909294e-08,7.076920986175537
5.2949588280171156e-05,4.4801765852753306e-08,7.084065914154053
5.285875522531569e-05,4.412298437728168e-08,7.090915203094482
5.276886440697126e-05,4.4321357250964866e-08,7.098310947418213
5.2678980864584446e-05,4.4317594927179016e-08,7.105072021484375
5.2588718972401693e-05,4.364685324276252e-08,7.111777067184448
5.2499439334496856e-05,4.3904780255843434e-08,7.118689775466919
5.241015969659202e-05,4.3958628737073013e-08,7.125608205795288
5.2320599934319034e-05,4.345439208464086e-08,7.132941961288452
5.223137850407511e-05,4.3130143012604094e-08,7.139678478240967
5.214295015321113e-05,4.3533482596558315e-08,7.146430015563965
5.205398701946251e-05,4.307145218263031e-08,7.15329909324646
5.196531492401846e-05,4.27583550788313e-08,7.1603803634643555
5.187694478081539e-05,4.257255881157107e-08,7.167386293411255
5.178884748602286e-05,4.249892526786425e-08,7.174255132675171
5.170084841665812e-05,4.231452876979347e-08,7.181591510772705
5.1613613322842866e-05,4.2840323288828586e-08,7.18940281867981
5.152628364157863e-05,4.303813128103684e-08,7.196852445602417
5.1439015805954114e-05,4.309150014591978e-08,7.204077243804932
5.135136598255485e-05,4.247588236694355e-08,7.21144437789917
5.1264149078633636e-05,4.214892257436986e-08,7.219343662261963
5.117765613249503e-05,4.249218221730189e-08,7.227030515670776
5.1091188652208075e-05,4.264583353119633e-08,7.2345826625823975
5.1004299166379496e-05,4.2075139816688534e-08,7.241980791091919
5.0918239139718935e-05,4.229766759067388e-08,7.249979257583618
5.083232099423185e-05,4.245672613478746e-08,7.257354497909546
5.074646105640568e-05,4.2495184260360475e-08,7.26595401763916
5.0660728447837755e-05,4.2464169069944546e-08,7.273113012313843
5.0575079512782395e-05,4.232158445915957e-08,7.280129671096802
5.048961247666739e-05,4.219197435872957e-08,7.287330865859985
5.0404418288962916e-05,4.2179362225169825e-08,7.294496059417725
5.031936234445311e-05,4.212976278950009e-08,7.302062511444092
5.023444100515917e-05,4.2025792623689995e-08,7.309278726577759
5.014967609895393e-05,4.189044489066873e-08,7.3172478675842285
5.006514038541354e-05,4.183109325595069e-08,7.324273586273193
4.998077929485589e-05,4.177686463435748e-08,7.331961154937744
4.989656008547172e-05,4.167938882915223e-08,7.338851690292358
4.981251186109148e-05,4.159341671083894e-08,7.345662832260132
4.972866372554563e-05,4.1529983008103954e-08,7.352821588516235
4.964493928127922e-05,4.141436349414107e-08,7.360626697540283
4.956142220180482e-05,4.134271236466702e-08,7.367915868759155
4.947758134221658e-05,4.0667966771934516e-08,7.374837398529053
4.9394180678064004e-05,4.032717271229558e-08,7.382698059082031
4.931103831040673e-05,4.007501885894271e-08,7.390152454376221
4.9228659918298945e-05,4.0564515302321524e-08,7.396915674209595
4.914569581160322e-05,4.012913024098452e-08,7.404183387756348
4.9063553888117895e-05,4.04941005172077e-08,7.411140203475952
4.898139013675973e-05,4.062172109797757e-08,7.418183088302612
4.88987825519871e-05,4.001384112939377e-08,7.425106763839722
4.881710628978908e-05,4.032479594684446e-08,7.43250584602356
4.8735353630036116e-05,4.035337042296305e-08,7.4396045207977295
4.865373921347782e-05,4.0332569284373676e-08,7.446366786956787
4.8572313971817493e-05,4.0353455688091344e-08,7.453646898269653
4.849049946642481e-05,3.96965305071717e-08,7.460789203643799
4.840907786274329e-05,3.9308730492848554e-08,7.468370676040649
4.832845297642052e-05,3.9699337150977954e-08,7.475703477859497
4.824778443435207e-05,3.983143770369679e-08,7.485036373138428
4.816713772015646e-05,3.979732099423927e-08,7.492834091186523
4.808669109479524e-05,3.9802763751595194e-08,7.500982999801636
4.800589886144735e-05,3.9195469980768394e-08,7.509071350097656
4.7926008846843615e-05,3.947497972944802e-08,7.517972707748413
4.784609336638823e-05,3.95337558245501e-08,7.526070594787598
4.776581045007333e-05,3.8953043457468084e-08,7.534953355789185
4.768588041770272e-05,3.858705710513277e-08,7.54229736328125
4.7606215957785025e-05,3.835755535419594e-08,7.550216436386108
4.7526820708299056e-05,3.8268002100494414e-08,7.557347059249878
4.744808757095598e-05,3.8790048506598396e-08,7.564221382141113
4.736922346637584e-05,3.896280631465743e-08,7.57216739654541
4.729043212137185e-05,3.901575595932627e-08,7.579002618789673
4.7211244236677885e-05,3.83943969950451e-08,7.586382865905762
4.7132925828918815e-05,3.864633058014988e-08,7.593546628952026
4.705461105913855e-05,3.8705849192410824e-08,7.600988149642944
4.697591793956235e-05,3.8110254507728314e-08,7.608475685119629
4.689765046350658e-05,3.783245361432819e-08,7.615960597991943
4.682003418565728e-05,3.816799676314986e-08,7.622958421707153
4.674239971791394e-05,3.8288728632096536e-08,7.6297526359558105
4.666487075155601e-05,3.8353654474576615e-08,7.636693716049194
4.6586956159444526e-05,3.774885470875233e-08,7.644136190414429
4.65098928543739e-05,3.7996578328147734e-08,7.651144981384277
4.643240026780404e-05,3.7520880624697384e-08,7.657939910888672
4.635523146134801e-05,3.725554265088249e-08,7.665511131286621
4.627826638170518e-05,3.7059219692991974e-08,7.6725380420684814
4.6202003431972116e-05,3.753205390921721e-08,7.679780960083008
4.612519114743918e-05,3.712912288733605e-08,7.686791658401489
4.60491246485617e-05,3.747552312916014e-08,7.693619966506958
4.597307270159945e-05,3.764179723475536e-08,7.700828790664673
4.589656964526512e-05,3.7060544855194166e-08,7.7081403732299805
4.582091423799284e-05,3.733390485649579e-08,7.715879678726196
4.574524064082652e-05,3.740731457924085e-08,7.722788095474243
4.566922871163115e-05,3.6865124286578066e-08,7.729625701904297
4.559398439596407e-05,3.709529750040019e-08,7.736806154251099
4.551832898869179e-05,3.662950120997266e-08,7.744139909744263
4.544345210888423e-05,3.693338257448886e-08,7.751146554946899
4.536855703918263e-05,3.7034688205039856e-08,7.757915496826172
4.529326906776987e-05,3.645954294029252e-08,7.765531539916992
4.521830487647094e-05,3.609981291674558e-08,7.77265739440918
4.5143591705709696e-05,3.586510288755562e-08,7.779849529266357
4.5069176849210635e-05,3.581368801519602e-08,7.786754131317139
4.499535862123594e-05,3.632558787103335e-08,7.793625354766846
4.49209546786733e-05,3.59267779970196e-08,7.800926446914673
4.484685996430926e-05,3.572631612769328e-08,7.807687759399414
4.4773401896236464e-05,3.613878263308834e-08,7.815507173538208
4.469987834454514e-05,3.628358058449521e-08,7.82284140586853
4.462597280507907e-05,3.5759420313752344e-08,7.829705476760864
4.455282396520488e-05,3.6010991522061886e-08,7.837356090545654
4.44792713096831e-05,3.556992922426616e-08,7.844246864318848
4.440648990566842e-05,3.5919679675089355e-08,7.851461172103882
4.433316644281149e-05,3.5399882136744054e-08,7.858510971069336
4.426019950187765e-05,3.5149369637110794e-08,7.866768836975098
4.4187916500959545e-05,3.557316219371387e-08,7.874070167541504
4.4115102355135605e-05,3.51466376002918e-08,7.88189172744751
4.404260471346788e-05,3.492937139526475e-08,7.88964581489563
4.397076554596424e-05,3.536742809728821e-08,7.896531343460083
4.3898395233554766e-05,3.496850808915042e-08,7.903947353363037
4.382631232147105e-05,3.474726284480312e-08,7.9107465744018555
4.3754393118433654e-05,3.45386226285882e-08,7.918050289154053
4.368314330349676e-05,3.4996595843495015e-08,7.924803256988525
4.361139872344211e-05,3.466512765726293e-08,7.932567834854126
4.3540363549254835e-05,3.503227219425753e-08,7.939665079116821
4.346927016740665e-05,3.516557711691348e-08,7.94645094871521
4.339822044130415e-05,3.517020275012328e-08,7.953545093536377
4.332684329710901e-05,3.4586058461627545e-08,7.960273504257202
4.3255840864731e-05,3.429045491998295e-08,7.967664480209351
4.3185482354601845e-05,3.4643520052668464e-08,7.974429368972778
4.3114643631270155e-05,3.4206820487270306e-08,7.982059478759766
4.3044117774115875e-05,3.3986200520530474e-08,7.989129066467285
4.297377745388076e-05,3.382668367635233e-08,7.995903491973877
4.290360811864957e-05,3.370661616486359e-08,8.003022909164429
4.283361340640113e-05,3.363662415267754e-08,8.009892463684082
4.276377512724139e-05,3.358846001333404e-08,8.017657279968262
4.269451164873317e-05,3.408788984415878e-08,8.02437448501587
4.2624655179679394e-05,3.367468437431853e-08,8.031656503677368
4.255511157680303e-05,3.347777877138469e-08,8.038617849349976
4.248578261467628e-05,3.338279341846828e-08,8.04544448852539
4.241657006787136e-05,3.325200026438324e-08,8.052853107452393
4.234751031617634e-05,3.315311758456119e-08,8.059720754623413
4.2278592445654795e-05,3.3054288195444315e-08,8.067566871643066
4.220983464620076e-05,3.299464879091829e-08,8.074590682983398
4.21412150899414e-05,3.2935727034555384e-08,8.082088470458984
4.207317397231236e-05,3.343075150041841e-08,8.090274095535278
4.200457624392584e-05,3.3054231352025454e-08,8.097298622131348
4.19362258980982e-05,3.283645000351498e-08,8.10458254814148
4.1868108382914215e-05,3.272833026812805e-08,8.111528158187866
4.180010728305206e-05,3.259954439727153e-08,8.118630170822144
4.173230627202429e-05,3.256497294046312e-08,8.125670194625854
4.1664610762381926e-05,3.249279956207829e-08,8.133234977722168
4.159705713391304e-05,3.242665513880638e-08,8.14025092124939
4.1530063754180446e-05,3.29101510487817e-08,8.147261142730713
4.146256469539367e-05,3.2575947273016936e-08,8.154492616653442
4.139532393310219e-05,3.241187584990257e-08,8.161230564117432
4.1328195948153734e-05,3.221687450150057e-08,8.167975425720215
4.126130079384893e-05,3.215450306015555e-08,8.174747943878174
4.1194525692844763e-05,3.207801668736465e-08,8.182088851928711
4.112788519705646e-05,3.200165821226619e-08,8.189018964767456
4.106140841031447e-05,3.1974547454183266e-08,8.195749759674072
4.099503348697908e-05,3.1918542475750655e-08,8.202454805374146
4.092877861694433e-05,3.184013408485953e-08,8.209362030029297
4.086262924829498e-05,3.173297002945219e-08,8.216773271560669
4.079661448486149e-05,3.163049910881455e-08,8.223843812942505
4.073076706845313e-05,3.158644545919742e-08,8.231575012207031
4.06650360673666e-05,3.152868544020748e-08,8.23836374282837
4.0599443309474736e-05,3.146619675931106e-08,8.24520230293274
4.053398879477754e-05,3.1432271896392194e-08,8.252126216888428
4.046860340167768e-05,3.1318919013756386e-08,8.258939743041992
4.0403854654869065e-05,3.185790831139457e-08,8.266723155975342
4.033853838336654e-05,3.15056567501415e-08,8.27357792854309
4.027390605187975e-05,3.187647834579366e-08,8.280322551727295
4.020876804133877e-05,3.143708227071329e-08,8.287262201309204
4.014435762655921e-05,3.175713914060907e-08,8.294067859649658
4.007946699857712e-05,3.1310804615714005e-08,8.30095362663269
4.0014849219005555e-05,3.10577519258004e-08,8.30770754814148
3.995044971816242e-05,3.091293621082514e-08,8.314956903457642
3.98866759496741e-05,3.141534676842639e-08,8.32175588607788
3.982235648436472e-05,3.1049303572672216e-08,8.328745365142822
3.975826984969899e-05,3.082825372757725e-08,8.335686206817627
3.969438330386765e-05,3.070605103516755e-08,8.342334270477295
3.9630609535379335e-05,3.0577155030186987e-08,8.350103378295898
3.95670322177466e-05,3.053149555398704e-08,8.356801271438599
3.950352765969001e-05,3.043289709125929e-08,8.363551616668701
3.944013224099763e-05,3.0302096831746894e-08,8.370592594146729
3.937693691113964e-05,3.027028938618059e-08,8.377401351928711
3.931383980670944e-05,3.0225891123336623e-08,8.384384632110596
3.9250862755579874e-05,3.016483773876644e-08,8.3917875289917
3.918800939572975e-05,3.011379945405679e-08,8.399195671081543
3.912528700311668e-05,3.006090665280681e-08,8.405943870544434
3.9062702853698283e-05,3.0046603427535956e-08,8.412703275680542
3.9000657125143334e-05,3.056843311810553e-08,8.419800043106079
3.8938036595936865e-05,3.018308092350708e-08,8.426807641983032
3.887567072524689e-05,2.9983375782194344e-08,8.434030532836914
3.881346492562443e-05,2.9821539015983944e-08,8.440757989883423
3.8751437386963516e-05,2.9751397789823386e-08,8.448301076889038
3.8689555367454886e-05,2.969902368477051e-08,8.455472230911255
3.8627775211352855e-05,2.9634980691639612e-08,8.462605237960815
3.856610783259384e-05,2.9564445114260707e-08,8.469508647918701
3.8504575059050694e-05,2.9504231946475556e-08,8.476848840713501
3.844357343041338e-05,2.9992165195835696e-08,8.484245300292969
3.8382026104955e-05,2.9607345908289062e-08,8.491024255752563
3.832077345578e-05,2.9448651517327562e-08,8.498882532119751
3.825965177384205e-05,2.931878562151269e-08,8.506011009216309
3.819866833509877e-05,2.9228605313846856e-08,8.51306676864624
3.813781950157136e-05,2.9139785695520004e-08,8.52017617225647
3.807713801506907e-05,2.9120243993929762e-08,8.527352571487427
3.801652928814292e-05,2.9050578831402163e-08,8.534207105636597
3.795603333855979e-05,2.8972078069955387e-08,8.541001319885254
3.7895897548878565e-05,2.9202588791577e-08,8.54881477355957
3.7835565308341756e-05,2.9039144422426943e-08,8.555792331695557
3.777561505557969e-05,2.9210740493113008e-08,8.562741756439209
3.7715642974944785e-05,2.9213971686203877e-08,8.570719957351685
3.7655325286323205e-05,2.8620045000593564e-08,8.578140497207642
3.759579703910276e-05,2.8898639925500902e-08,8.58566689491272
3.753647979465313e-05,2.9306020721264758e-08,8.593448162078857
3.747683877008967e-05,2.9145624580451113e-08,8.600826263427734
3.741736873053014e-05,2.9057538597498933e-08,8.6084885597229
3.7357796827564016e-05,2.8686713449133094e-08,8.616273880004883
3.729870149982162e-05,2.8787825456788596e-08,8.623635530471802
3.723942791111767e-05,2.8516501160424923e-08,8.631578922271729
3.7180594517849386e-05,2.8658755368837774e-08,8.638413190841675
3.7121553759789094e-05,2.8398641660487556e-08,8.64566969871521
3.7062698538647965e-05,2.8226272874576352e-08,8.652750492095947
3.700400338857435e-05,2.8107635330343328e-08,8.660210371017456
3.694543192978017e-05,2.8018341424740356e-08,8.66737174987793
3.6887009628117085e-05,2.7970624927320387e-08,8.674023151397705
3.6828718293691054e-05,2.795272280309291e-08,8.682075023651123
3.6770714359590784e-05,2.8165498378029952e-08,8.688778638839722
3.6712484870804474e-05,2.7937666402522154e-08,8.696189641952515
3.665443364297971e-05,2.7795698187560447e-08,8.703359603881836
3.6596538848243654e-05,2.771134077761417e-08,8.71056079864502
3.653876046882942e-05,2.7638540345265028e-08,8.718279600143433
3.648133497335948e-05,2.7889557330240677e-08,8.725866794586182
3.642365845735185e-05,2.7672253821720005e-08,8.734837055206299
3.636614928836934e-05,2.7515422829083036e-08,8.741793870925903
3.6308829294284806e-05,2.7464846397151632e-08,8.749501705169678
3.625163299147971e-05,2.7441181771337142e-08,8.756961584091187
3.619449489633553e-05,2.735112047957955e-08,8.764163255691528
3.613747321651317e-05,2.726700287780659e-08,8.771918296813965
3.608057522797026e-05,2.7207358144210048e-08,8.77852988243103
3.602380456868559e-05,2.7171637384526548e-08,8.785900115966797
3.5967132134828717e-05,2.7119568812850048e-08,8.793091535568237
3.5910568840336055e-05,2.7077344810777504e-08,8.801182270050049
3.5854114685207605e-05,2.703316326346794e-08,8.809372901916504
3.5797762393485755e-05,2.6983158818438824e-08,8.817105531692505
3.574150468921289e-05,2.692517320213028e-08,8.823589324951172
3.5685367038240656e-05,2.687177946825159e-08,8.829919576644897
3.5629327612696216e-05,2.6815541787073016e-08,8.836687326431274
3.557339732651599e-05,2.6764547911284353e-08,8.843104362487793
3.551757617969997e-05,2.6708322664603656e-08,8.85043478012085
3.546186781022698e-05,2.6666111097028988e-08,8.856979608535767
3.540623220033012e-05,2.6586485901702872e-08,8.863980293273926
3.5350738471606746e-05,2.6556733700999757e-08,8.871458292007446
3.5295313864480704e-05,2.6478627290771328e-08,8.878423690795898
3.524000567267649e-05,2.6413955467319283e-08,8.885339260101318
3.518484300002456e-05,2.6399105124141897e-08,8.891891956329346
3.5129767638863996e-05,2.636462070881862e-08,8.899247169494629
3.507474684738554e-05,2.6268409669683024e-08,8.90604829788208
3.5019878851016983e-05,2.6235982275579772e-08,8.912794589996338
3.496510544209741e-05,2.6185562163050236e-08,8.919787406921387
3.4910437534563243e-05,2.6153969656661502e-08,8.926437377929688
3.485584966256283e-05,2.6079387538402443e-08,8.933439016342163
3.48014036717359e-05,2.6053818658056116e-08,8.93986177444458
3.4747015888569877e-05,2.5978492246281348e-08,8.946194410324097
3.469276271061972e-05,2.5940419590142483e-08,8.95278549194336
3.463860775809735e-05,2.5900551037238984e-08,8.959400177001953
3.458454739302397e-05,2.5846075502045096e-08,8.966700077056885
3.4530599805293605e-05,2.5813791992845836e-08,8.973472356796265
3.447673952905461e-05,2.5754975041536454e-08,8.98064112663269
3.442296292632818e-05,2.5683375426410748e-08,8.987873077392578
3.436933548073284e-05,2.5671688774764334e-08,8.994936466217041
3.4315795346628875e-05,2.5640352063760474e-08,9.002288341522217
3.426232433412224e-05,2.556495282135529e-08,9.009634017944336
3.420893699512817e-05,2.546896205046778e-08,9.017318964004517
3.415548417251557e-05,2.5154257343729114e-08,9.024251699447632
3.410223871469498e-05,2.4977609314191795e-08,9.03194284439087
3.404933158890344e-05,2.5131507541686915e-08,9.039284944534302
3.39964717568364e-05,2.5203696907283302e-08,9.045804023742676
3.3943662856472656e-05,2.5220844079854032e-08,9.052342414855957
3.3890901249833405e-05,2.5162581351878544e-08,9.05998420715332
3.383825605851598e-05,2.512983066083052e-08,9.067931652069092
3.378569817868993e-05,2.5077426357711374e-08,9.074875354766846
3.3733238524291664e-05,2.5029168071455388e-08,9.083033084869385
3.3680888009257615e-05,2.5002783843319776e-08,9.090303421020508
3.36286575475242e-05,2.500170204200458e-08,9.098342418670654
3.357646710355766e-05,2.4916513297057463e-08,9.105540990829468
3.3524411264806986e-05,2.4891031458196267e-08,9.112843036651611
3.3472424547653645e-05,2.4826558586710235e-08,9.12041974067688
3.342051786603406e-05,2.4737262904750423e-08,9.127654075622559
3.3368763979524374e-05,2.4720433700053945e-08,9.134772062301636
3.331687912577763e-05,2.4397266429332376e-08,9.14180874824524
3.326539444969967e-05,2.4484709371108693e-08,9.149251699447632
3.321393160149455e-05,2.4477781579435032e-08,9.156282424926758
3.3162577892653644e-05,2.4473795434687418e-08,9.163979053497314
3.31113078573253e-05,2.4467825099350193e-08,9.170965194702148
3.306012513348833e-05,2.4449512636692816e-08,9.178091526031494
3.3008815080393106e-05,2.4131884046596497e-08,9.185363531112671
3.2957930670818314e-05,2.4245034424552614e-08,9.192487239837646
3.290683525847271e-05,2.396011389294017e-08,9.201051950454712
3.285615093773231e-05,2.4100931028669947e-08,9.207858562469482
3.2805470254970714e-05,2.4115740515640027e-08,9.215709209442139
3.2754684070823714e-05,2.3859934472625355e-08,9.224132537841797
3.270402521593496e-05,2.3652626524039988e-08,9.232708215713501
3.265376653871499e-05,2.385891484379954e-08,9.240797996520996
3.2603486033622175e-05,2.3909747071115817e-08,9.248626708984375
3.255326737416908e-05,2.391583464600444e-08,9.25567364692688
3.2503103284398094e-05,2.3870486032251392e-08,9.262651920318604
3.245307379984297e-05,2.388186892687827e-08,9.269551515579224
3.24031243508216e-05,2.3876101096220737e-08,9.276519536972046
3.235321491956711e-05,2.3799094250875896e-08,9.28473687171936
3.230344009352848e-05,2.378353336496275e-08,9.291799783706665
3.2253723475150764e-05,2.3719715969150457e-08,9.300175905227661
3.220389044145122e-05,2.3366141022052034e-08,9.30697250366211
3.215450851712376e-05,2.350956762597889e-08,9.315262794494629
3.21051302307751e-05,2.3529727499749242e-08,9.32217812538147
3.205579560017213e-05,2.3484638234094746e-08,9.329274654388428
3.20065846608486e-05,2.3481083744059106e-08,9.336166858673096
3.1957431929185987e-05,2.343927540948698e-08,9.343241214752197
3.190818824805319e-05,2.3137369353776194e-08,9.350662469863892
3.1859312002779916e-05,2.3226959910971345e-08,9.357489585876465
3.18102611345239e-05,2.2948434263980744e-08,9.36543869972229
3.1761417631059885e-05,2.282837741063304e-08,9.372128248214722
3.171287971781567e-05,2.3010830574321517e-08,9.379135370254517
3.1664098059991375e-05,2.272726007390702e-08,9.385905981063843
3.161575295962393e-05,2.2923307696487427e-08,9.393085718154907
3.156737147946842e-05,2.2944455224660487e-08,9.400566101074219
3.1518866308033466e-05,2.2683526168520984e-08,9.407281637191772
3.147056850139052e-05,2.256856213023184e-08,9.414912700653076
3.142258356092498e-05,2.2776969643700795e-08,9.422320127487183
3.1374602258438244e-05,2.2857800985320864e-08,9.429380178451538
3.132663186988793e-05,2.28395116153024e-08,9.436328887939453
3.127877789665945e-05,2.2862144177793198e-08,9.443575143814087
3.123096757917665e-05,2.281229072309543e-08,9.451051473617554
3.1183026294456795e-05,2.2470631577675704e-08,9.458796262741089
3.11355252051726e-05,2.2607546057429317e-08,9.466627359390259
3.1088031391846016e-05,2.2644286445938633e-08,9.47383975982666
3.104059214820154e-05,2.262880549608326e-08,9.480696678161621
3.0993003747425973e-05,2.2289800227781598e-08,9.489387273788452
3.0945819162297994e-05,2.2391223097883994e-08,9.496546506881714
3.0898670956958085e-05,2.241324459362204e-08,9.503819465637207
3.08515845972579e-05,2.2400318044901724e-08,9.510658264160156
3.080437454627827e-05,2.2109292174832262e-08,9.517966032028198
3.075753920711577e-05,2.2204945437920287e-08,9.525142908096313
3.071075479965657e-05,2.2267093058303544e-08,9.534621000289917
3.066381759708747e-05,2.1986576115295975e-08,9.541325807571411
3.061723327846266e-05,2.2084849504722115e-08,9.54908561706543
3.0570685339625925e-05,2.210770055910416e-08,9.555975437164307
3.052397369174287e-05,2.1784646975220312e-08,9.56290078163147
3.047770405828487e-05,2.1960088858463678e-08,9.569655418395996
3.043122160306666e-05,2.171964474939614e-08,9.576576471328735
3.0385106583707966e-05,2.1878889810977853e-08,9.584262132644653
3.03388005704619e-05,2.1657074356085104e-08,9.59090256690979
3.0292840165202506e-05,2.178666314023303e-08,9.598791360855103
3.0246887035900727e-05,2.1823739260184993e-08,9.605671167373657
3.020102303707972e-05,2.1863188592874394e-08,9.61252760887146
3.015498077729717e-05,2.15265849590196e-08,9.61926794052124
3.010933505720459e-05,2.1633024260836464e-08,9.626231670379639
3.006372025993187e-05,2.1670379268812212e-08,9.633941650390625
3.001815639436245e-05,2.1660472526718877e-08,9.640569925308228
2.997244337166194e-05,2.1329649158019492e-08,9.648294448852539
2.992693225678522e-05,2.115795894042094e-08,9.65563440322876
2.9881548471166752e-05,2.1043579323531958e-08,9.662434816360474
2.9836497560609132e-05,2.1294368934832164e-08,9.669661521911621
2.979121018142905e-05,2.109359975577263e-08,9.677272319793701
2.974605195049662e-05,2.0955596369276464e-08,9.685437679290771
2.9701242965529673e-05,2.118911446302718e-08,9.69300889968872
2.965640123875346e-05,2.1271462813388098e-08,9.701674222946167
2.961140125989914e-05,2.1014596285340303e-08,9.709510326385498
2.9566554076154716e-05,2.0851770088370358e-08,9.71849536895752
2.9521832402679138e-05,2.0753214258206754e-08,9.726197004318237
2.947721441159956e-05,2.069049465092121e-08,9.734815835952759
2.9432672818074934e-05,2.0617031637470973e-08,9.74181056022644
2.938824582088273e-05,2.0591956584326e-08,9.749532461166382
2.9343869755393825e-05,2.0529908439925748e-08,9.756738901138306
2.929981201305054e-05,2.0792713328887658e-08,9.763469457626343
2.925549961219076e-05,2.058777504032605e-08,9.77022647857666
2.9211529181338847e-05,2.0764353791946633e-08,9.776970863342285
2.9167375032557175e-05,2.0552546331487065e-08,9.784228563308716
2.9123551939846948e-05,2.0706037773265962e-08,9.790895462036133
2.907974339905195e-05,2.0763154751080037e-08,9.798357486724854
2.9035989427939057e-05,2.079078420536007e-08,9.805057048797607
2.899205901485402e-05,2.0454132609870612e-08,9.81177306175232
2.8948350518476218e-05,2.0315658488812005e-08,9.818567037582397
2.8904954888275824e-05,2.051053193952157e-08,9.825530767440796
2.8861335522378795e-05,2.0278347889757242e-08,9.833378314971924
2.8818081773351878e-05,2.0445066084562313e-08,9.84005331993103
2.877483348129317e-05,2.0521296661968336e-08,9.846789598464966
2.8731632482958958e-05,2.05500771954803e-08,9.853513956069946
2.868827141355723e-05,2.0236171849319362e-08,9.860778570175171
2.864528687496204e-05,2.0345510165498126e-08,9.867738008499146
2.860212953237351e-05,2.0112249643489122e-08,9.874374866485596
2.8559106795000844e-05,1.994751919198734e-08,9.881625175476074
2.8516215024865232e-05,1.9867080425228778e-08,9.889169454574585
2.8473412385210395e-05,1.9798218175992588e-08,9.896126508712769
2.8430926249711774e-05,2.0066185157929795e-08,9.903180599212646
2.838817636074964e-05,1.985108255553314e-08,9.910162448883057
2.8345784812700003e-05,2.004490262663694e-08,9.917986392974854
2.8303176804911345e-05,1.981047859089813e-08,9.925219774246216
2.826091440510936e-05,1.9966629238865607e-08,9.932977199554443
2.8218468287377618e-05,1.97467091567205e-08,9.940690517425537
2.8176344130770303e-05,1.988682996056923e-08,9.948635578155518
2.8134252715972252e-05,1.9961836628112906e-08,9.95636796951294
2.8092190405004658e-05,1.996949450244756e-08,9.963134527206421
2.8050195396644995e-05,1.9967288267253025e-08,9.970693349838257
2.8008038498228416e-05,1.9617699464902216e-08,9.977531433105469
2.7966085326625034e-05,1.946731309487859e-08,9.98498249053955
2.7924241294385865e-05,1.9352906832637018e-08,9.992746829986572
2.78827064903453e-05,1.957385720174898e-08,10.000556230545044
2.784096432151273e-05,1.9396100725543874e-08,10.00741720199585
2.7799338568001986e-05,1.9277072382806182e-08,10.016013622283936
2.7758011128753424e-05,1.946900063387602e-08,10.02365517616272
2.7716483600670472e-05,1.9279671192862224e-08,10.031927108764648
2.767528894764837e-05,1.9461253941699397e-08,10.038964986801147
2.7633892386802472e-05,1.9242621718262853e-08,10.045782327651978
2.759262679319363e-05,1.9110398596922096e-08,10.052700281143188
2.755145942501258e-05,1.9009201324138303e-08,10.0597665309906
2.751061401795596e-05,1.9258513006548128e-08,10.06748080253601
2.7469537599245086e-05,1.9083444158241036e-08,10.074278831481934
2.742877222772222e-05,1.9247503146857525e-08,10.081626176834106
2.7387992304284126e-05,1.9280079754935286e-08,10.088515043258667
2.734728332143277e-05,1.9313283416977356e-08,10.095353603363037
2.7306421543471515e-05,1.9024835040681864e-08,10.102354049682617
2.7265919925412163e-05,1.914910008338211e-08,10.109135866165161
2.7225431040278636e-05,1.9184748012435193e-08,10.116888523101807
2.7184782084077597e-05,1.8887938324496645e-08,10.123828411102295
2.7144305931869894e-05,1.8730434092617543e-08,10.131774425506592
2.710392072913237e-05,1.8603833140673487e-08,10.139229536056519
2.7063659217674285e-05,1.8559177306087804e-08,10.146231174468994
2.7023481379728764e-05,1.85200885738368e-08,10.153667449951172
2.6983572752214968e-05,1.8771626031366395e-08,10.161374807357788
2.6943434932036325e-05,1.858984610692005e-08,10.168737173080444
2.690341352717951e-05,1.8470887042099093e-08,10.176048755645752
2.6863715902436525e-05,1.8715049066031497e-08,10.184127807617188
2.6823978259926662e-05,1.8802630563641287e-08,10.191549062728882
2.6784038709593005e-05,1.8505126320178533e-08,10.199596881866455
2.6744492060970515e-05,1.8662865031160436e-08,10.207290172576904
2.670473259058781e-05,1.8412203317552667e-08,10.215227365493774
2.6665133191272616e-05,1.829111617723811e-08,10.222948789596558
2.6625632017385215e-05,1.821218198472252e-08,10.229780673980713
2.6586223611957394e-05,1.8159422410235493e-08,10.237441778182983
2.6546858862275258e-05,1.8084030273257667e-08,10.244166135787964
2.650761052791495e-05,1.8061861339901952e-08,10.251648902893066
2.646862958499696e-05,1.833444152055108e-08,10.25884199142456
2.6429404897498898e-05,1.814957251156102e-08,10.268054723739624
2.6390307539259084e-05,1.8047320082814622e-08,10.275240182876587
2.6351493943366222e-05,1.8258674572280142e-08,10.282533645629883
2.6312465706723742e-05,1.8062616291558697e-08,10.290340662002563
2.627356479933951e-05,1.7948222463815e-08,10.297461748123169
2.6234765755361877e-05,1.7877690439149774e-08,10.305153131484985
2.619624137878418e-05,1.810818694991667e-08,10.311976671218872
2.615748962853104e-05,1.7912865857283577e-08,10.319648027420044
2.6119048925465904e-05,1.806738048060197e-08,10.326686143875122
2.6080420866492204e-05,1.7852842759680243e-08,10.334382772445679
2.6041931050713174e-05,1.773600821763921e-08,10.341373205184937
2.600353764137253e-05,1.766697010907592e-08,10.348826169967651
2.5965440727304667e-05,1.7928279305579053e-08,10.356719255447388
2.5927087335730903e-05,1.771421054286293e-08,10.363502025604248
2.5888870368362404e-05,1.7608455138429235e-08,10.371705532073975
2.5850955353234895e-05,1.783946146360904e-08,10.378809452056885
2.5812800231506117e-05,1.7622085124457953e-08,10.386253356933594
2.57747797149932e-05,1.7505595195643764e-08,10.393385171890259
2.5736846509971656e-05,1.7418566145011027e-08,10.401273012161255
2.569901516835671e-05,1.7377429273324196e-08,10.408856630325317
2.566145485616289e-05,1.7638493332583494e-08,10.416727542877197
2.5623643523431383e-05,1.74394436669445e-08,10.424730777740479
2.5585970433894545e-05,1.733871179965263e-08,10.432932138442993
2.5548584744683467e-05,1.7566895493814627e-08,10.44068694114685
2.551097895775456e-05,1.7378441796722655e-08,10.448585271835327
2.547366966609843e-05,1.7523273498909475e-08,10.455755233764648
2.5436391297262162e-05,1.762446899533643e-08,10.462622165679932
2.5398925572517328e-05,1.7345396230439292e-08,10.469563007354736
2.5361610823892988e-05,1.719233111430185e-08,10.476408243179321
2.5324397938675247e-05,1.7092208537405895e-08,10.484145641326904
2.5287496100645512e-05,1.736085764036943e-08,10.490922689437866
2.525051786506083e-05,1.7419347742020364e-08,10.498895406723022
2.5213390472345054e-05,1.7161939425136552e-08,10.50623106956482
2.5176414055749774e-05,1.702831120553583e-08,10.513084173202515
2.513952858862467e-05,1.6936979818638065e-08,10.520143032073975
2.5102937797782943e-05,1.718042241805051e-08,10.527080535888672
2.5066106900339946e-05,1.698314022746672e-08,10.534187316894531
2.502960523997899e-05,1.7164602184038813e-08,10.541041612625122
2.4993090846692212e-05,1.7239939253954617e-08,10.548795461654663
2.495659646228887e-05,1.725449827461034e-08,10.555645942687988
2.491995837772265e-05,1.69601594990354e-08,10.562560558319092
2.4883493097149767e-05,1.6826332327468663e-08,10.569491863250732
2.4847109671100043e-05,1.671373084377592e-08,10.576473474502563
2.4810817194520496e-05,1.6645504530288235e-08,10.584067821502686
2.4774599296506494e-05,1.659581982949021e-08,10.590927124023438
2.4738459615036845e-05,1.6567367921993537e-08,10.598851203918457
2.4702369046281092e-05,1.6515064871214236e-08,10.60648488998413
2.4666558601893485e-05,1.6785271839125926e-08,10.613422632217407
2.4630497136968188e-05,1.659413051413594e-08,10.621273756027222
2.4594564820290543e-05,1.6501111588240747e-08,10.628238201141357
2.4558696168242022e-05,1.64076574549199e-08,10.635942697525024
2.452292392263189e-05,1.6370295341516794e-08,10.64417815208435
2.4487208065693267e-05,1.6318399076453716e-08,10.651551246643066
2.4451586796203628e-05,1.6313741468820808e-08,10.658898115158081
2.4416018277406693e-05,1.6292279525487174e-08,10.667734384536743
2.4380695322179236e-05,1.6547000214472973e-08,10.6756911277771
2.4345124984392896e-05,1.6348939979593524e-08,10.683940172195435
2.4309703803737648e-05,1.6273078884410097e-08,10.690795660018921
2.4274351744679734e-05,1.621511103166995e-08,10.698646068572998
2.4239041522378102e-05,1.6123482993180005e-08,10.705417394638062
2.4203827706514858e-05,1.6083173903780335e-08,10.712291717529297
2.416867937427014e-05,1.6048337769802856e-08,10.719050645828247
2.4133589249686338e-05,1.6013574466455793e-08,10.72615098953247
2.4098559151752852e-05,1.5975397005263403e-08,10.733512163162231
2.4063610908342525e-05,1.59696575963153e-08,10.74037790298462
2.4028908228501678e-05,1.6238457689610186e-08,10.747298002243042
2.3993950890144333e-05,1.6036352690207423e-08,10.754257678985596
2.395912815700285e-05,1.594794873938099e-08,10.76117467880249
2.392438727838453e-05,1.5899633609706143e-08,10.767950057983398
2.388991924817674e-05,1.6150710990814332e-08,10.77474045753479
2.3855394829297438e-05,1.624004575262461e-08,10.782526731491089
2.382070670137182e-05,1.5990890389616652e-08,10.789350986480713
2.3786138626746833e-05,1.5834821454063785e-08,10.796247243881226
2.3751681510475464e-05,1.5753407467400393e-08,10.802998781204224
2.3717300791759044e-05,1.569895324848858e-08,10.810034275054932
2.368300010857638e-05,1.567782703659759e-08,10.817328691482544
2.3648948626942e-05,1.5934103814174705e-08,10.824112892150879
2.361467522860039e-05,1.5768424788120683e-08,10.831602811813354
2.3580485503771342e-05,1.5646623552356687e-08,10.838353633880615
2.35464012803277e-05,1.559416062946184e-08,10.84518027305603
2.3512380721513182e-05,1.5544479481377493e-08,10.853328466415405
2.3478422008338384e-05,1.550803396810352e-08,10.8612380027771
2.3444725229637697e-05,1.576363217736798e-08,10.868839263916016
2.3410770154441707e-05,1.5559693977706957e-08,10.876751184463501
2.3377137040370144e-05,1.5736201675053962e-08,10.884752750396729
2.334329838049598e-05,1.552731454523837e-08,10.89248013496399
2.3309597963816486e-05,1.5438621048247114e-08,10.901254653930664
2.327616857655812e-05,1.566397145325027e-08,10.909499883651733
2.3242513634613715e-05,1.5464083347183077e-08,10.917635440826416
2.320897147001233e-05,1.535060967228219e-08,10.925208568572998
2.317551479791291e-05,1.5272256348453084e-08,10.93300986289978
2.3142330974224024e-05,1.5527890084854334e-08,10.939992904663086
2.310890704393387e-05,1.5331542257968067e-08,10.946850776672363
2.3075603166944347e-05,1.5232236805218236e-08,10.95378303527832
2.3042386601446196e-05,1.517156178465484e-08,10.96068811416626
2.3009220967651345e-05,1.510998792753071e-08,10.96800684928894
2.2976124455453828e-05,1.505818758573696e-08,10.975169658660889
2.2943111616768874e-05,1.505246594035725e-08,10.982652187347412
2.2910140614840202e-05,1.502036717226929e-08,10.989562511444092
2.287741517648101e-05,1.5279836063086805e-08,10.99644923210144
2.28444769163616e-05,1.5125428021178777e-08,11.005569458007812
2.2811616872786544e-05,1.501059365693891e-08,11.012434482574463
2.277884414070286e-05,1.4934222747342574e-08,11.019290924072266
2.2746338800061494e-05,1.5188991397963036e-08,11.0261971950531
2.2713806174579076e-05,1.5310133605339615e-08,11.033578395843506
2.268106436531525e-05,1.5034927969281853e-08,11.040560960769653
2.2648482627118938e-05,1.491453716084834e-08,11.048556089401245
2.261597001051996e-05,1.4815398685641412e-08,11.055528163909912
2.258372842334211e-05,1.504672653140915e-08,11.062387704849243
2.255146137031261e-05,1.51456180930154e-08,11.069234609603882
2.2519014237332158e-05,1.4898407840746586e-08,11.07613492012024
2.2486705347546376e-05,1.4770961342946975e-08,11.083505630493164
2.245448558824137e-05,1.4691909022701566e-08,11.090219497680664
2.2422340407501906e-05,1.4648107615755634e-08,11.097275733947754
2.2390246158465743e-05,1.460014154019973e-08,11.104147672653198
2.2358215574058704e-05,1.4564459860366696e-08,11.11091160774231
2.2326425096252933e-05,1.480725764224644e-08,11.117726802825928
2.2294419977697544e-05,1.4641330814413323e-08,11.124523401260376
2.2262518541538157e-05,1.4550602500662535e-08,11.132079601287842
2.2230693502933718e-05,1.4494751177096532e-08,11.138887882232666
2.2198937585926615e-05,1.4464766273647456e-08,11.14572286605835
2.2167419956531376e-05,1.4711247331433697e-08,11.15245771408081
2.2135665858513676e-05,1.4513955370887288e-08,11.159443140029907
2.210401726188138e-05,1.440365071658789e-08,11.16677474975586
2.2072455976740457e-05,1.4333405573552227e-08,11.17359972000122
2.2040971089154482e-05,1.4302573347890757e-08,11.18065595626831
2.200954986619763e-05,1.4289520677834844e-08,11.187443733215332
2.1978163204039447e-05,1.4241476442578005e-08,11.194436311721802
2.1946834749542177e-05,1.4205886245122201e-08,11.201176166534424
2.1915566321695223e-05,1.417946915438506e-08,11.207951545715332
2.188435428251978e-05,1.4161036787641024e-08,11.2155020236969
2.1853185899090022e-05,1.4132575110181733e-08,11.222278594970703
2.1822068447363563e-05,1.4087437882892573e-08,11.229548215866089
2.179102557420265e-05,1.4083679111820402e-08,11.236823081970215
2.176003181375563e-05,1.4074231557970052e-08,11.244149208068848
2.1729070795117877e-05,1.4031122930191486e-08,11.251099586486816
2.1698171622119844e-05,1.4007888182732131e-08,11.258864879608154
2.1667337932740338e-05,1.4002015547021074e-08,11.266826629638672
2.1636542442138307e-05,1.3967228262856679e-08,11.273618936538696
2.1605806978186592e-05,1.3957316191692826e-08,11.28065824508667
2.157510243705474e-05,1.3907896168063871e-08,11.287832021713257
2.1544454284594394e-05,1.3869108528297147e-08,11.295229196548462
2.1513871615752578e-05,1.385144710042141e-08,11.302531480789185
2.148333442164585e-05,1.3818475252946882e-08,11.30953598022461
2.1452864530147053e-05,1.3812098131893435e-08,11.317447662353516
2.1422431018436328e-05,1.3784691610396749e-08,11.324679613113403
2.1392044800450094e-05,1.3751377814230636e-08,11.332071781158447
2.13617295230506e-05,1.3746521254631716e-08,11.339013814926147
2.1331459720386192e-05,1.3730400816314159e-08,11.346338272094727
2.1301231754478067e-05,1.3705986567913442e-08,11.353523969650269
2.1271052901283838e-05,1.367503976723583e-08,11.36064600944519
2.1240924979792908e-05,1.3644965157766364e-08,11.367716073989868
2.1210853446973488e-05,1.36224107549765e-08,11.37454104423523
2.1180832845857367e-05,1.3601215265168776e-08,11.382476091384888
2.1150852262508124e-05,1.355887757625851e-08,11.389402866363525
2.1120944438735023e-05,1.3561400002970458e-08,11.396445035934448
2.1091069356771186e-05,1.3525748521203695e-08,11.40365982055664
2.106123611156363e-05,1.3485915495436984e-08,11.41106390953064
2.103147744492162e-05,1.347944156293579e-08,11.418160676956177
2.100174424413126e-05,1.3438649304475803e-08,11.425267934799194
2.097207288898062e-05,1.3407373877782902e-08,11.433501958847046
2.0942467017448507e-05,1.3402409848595198e-08,11.4405357837677
2.0912906620651484e-05,1.339609578820955e-08,11.448282957077026
2.0883373508695513e-05,1.3356238781625507e-08,11.456333875656128
2.0853904061368667e-05,1.3339513493804134e-08,11.46337103843689
2.0824381863349117e-05,1.3157179346023895e-08,11.470209836959839
2.0795047021238133e-05,1.3193123926669159e-08,11.477089643478394
2.076575401588343e-05,1.3215913696740245e-08,11.484392166137695
2.073648829536978e-05,1.3206180149438751e-08,11.491156578063965
2.0707260773633607e-05,1.3176133961678715e-08,11.499078512191772
2.0678096916526556e-05,1.317452102966854e-08,11.505804300308228
2.0649067664635368e-05,1.3299283452283817e-08,11.512660264968872
2.0620031136786565e-05,1.3342386750991864e-08,11.519452571868896
2.059102916973643e-05,1.3362603468181078e-08,11.526445150375366
2.056205630651675e-05,1.3353077754629794e-08,11.53351092338562
2.05330452445196e-05,1.3208538263143055e-08,11.540195226669312
2.0504116037045605e-05,1.3116126851286936e-08,11.547270774841309
2.047525231319014e-05,1.3042913415972635e-08,11.554077386856079
2.0446368580451235e-05,1.2870319920921247e-08,11.560837268829346
2.0417579435161315e-05,1.2768269108676122e-08,11.56768798828125
2.0388953998917714e-05,1.2851530506452491e-08,11.574310064315796
2.0360246708150953e-05,1.2722659370467682e-08,11.582054376602173
2.0331724954303354e-05,1.2817524819297432e-08,11.588806629180908
2.0303094061091542e-05,1.2665923421195657e-08,11.5955970287323
2.027457594522275e-05,1.260771398392535e-08,11.602311372756958
2.024619243456982e-05,1.2699597817800168e-08,11.609047889709473
2.0217832570779137e-05,1.2741054433718091e-08,11.616729736328125
2.0189479982946068e-05,1.2732680687577158e-08,11.623508930206299
2.0161185602773912e-05,1.2729996612392824e-08,11.63033127784729
2.013294397329446e-05,1.2742139787746964e-08,11.637208461761475
2.0104731447645463e-05,1.2722201070403116e-08,11.64414119720459
2.007656621572096e-05,1.2708373020586805e-08,11.650971412658691
2.0048431906616315e-05,1.2667904059071589e-08,11.65766716003418
2.0020366719109006e-05,1.2661076631559354e-08,11.664983987808228
1.9992245142930187e-05,1.2489103085044917e-08,11.671884298324585
1.9964310922659934e-05,1.254024528662967e-08,11.678901433944702
1.9936400349251926e-05,1.2560313678022794e-08,11.68588900566101
1.9908420654246584e-05,1.2397418203136112e-08,11.692918062210083
1.988063013413921e-05,1.2455608100481186e-08,11.700727224349976
1.9852863260894082e-05,1.2480574795858956e-08,11.707605838775635
1.98251200345112e-05,1.2467454624243146e-08,11.716403245925903
1.9797435015789233e-05,1.2475416255597338e-08,11.723256826400757
1.9769775462918915e-05,1.2452654019057263e-08,11.730143547058105
1.9742172298720106e-05,1.2444745678408253e-08,11.737009286880493
1.9714601876330562e-05,1.2415245720376333e-08,11.743804454803467
1.9687071471707895e-05,1.2378071012619785e-08,11.750793695449829
1.965960291272495e-05,1.236958269146271e-08,11.757525205612183
1.9632172552519478e-05,1.2339689270390863e-08,11.765004634857178
1.9604787667049095e-05,1.2318467135230549e-08,11.771703481674194
1.9577459170250222e-05,1.2318022157842279e-08,11.778415441513062
1.9550156139303e-05,1.2278245087316009e-08,11.78515887260437
1.9522818547557108e-05,1.2119203418592406e-08,11.791881561279297
1.9495655578793958e-05,1.2157882700591927e-08,11.799142360687256
1.946851989487186e-05,1.2170539243072653e-08,11.805946588516235
1.944141877174843e-05,1.2170693786117681e-08,11.812719106674194
1.941435766639188e-05,1.2161194717918988e-08,11.819413423538208
1.938732930284459e-05,1.2129977022823368e-08,11.826419353485107
1.9360260921530426e-05,1.1965423318827106e-08,11.833937644958496
1.9333370801177807e-05,1.2017514094964099e-08,11.840681076049805
1.930650614667684e-05,1.2038435137640136e-08,11.847459077835083
1.9279670596006326e-05,1.2035326513171185e-08,11.854251861572266
1.925287324411329e-05,1.2018717576722793e-08,11.8611741065979
1.9226123185944743e-05,1.2007867589147736e-08,11.867980241775513
1.9199320377083495e-05,1.1843500402619611e-08,11.874895334243774
1.917270310514141e-05,1.1903869001628209e-08,11.882662534713745
1.9146011254633777e-05,1.177766417725934e-08,11.890361785888672
1.9119392163702287e-05,1.1696129398330868e-08,11.897384643554688
1.909293860080652e-05,1.1810704414472184e-08,11.904794216156006
1.906648321892135e-05,1.1846590375341748e-08,11.912580251693726
1.904004420794081e-05,1.184761977413018e-08,11.92020058631897
1.901354880828876e-05,1.1686572598534894e-08,11.927012205123901
1.8987244402524084e-05,1.1758865881006386e-08,11.934747457504272
1.896095091069583e-05,1.1779037301096196e-08,11.942562341690063
1.893468652269803e-05,1.1783314768365472e-08,11.951235055923462
1.8908463971456513e-05,1.1774673680520209e-08,11.958047866821289
1.888226870505605e-05,1.1750666217835715e-08,11.965807914733887
1.8856133465305902e-05,1.1744744732311574e-08,11.973823547363281
1.883002551039681e-05,1.1718203296595675e-08,11.982517957687378
1.8803963030222803e-05,1.1702660174250923e-08,11.989757299423218
1.8777944205794483e-05,1.1684005762901961e-08,11.99648380279541
1.8751868992694654e-05,1.1504636354686681e-08,12.00371265411377
1.8725982954492792e-05,1.1557309775866997e-08,12.010918378829956
1.870012783911079e-05,1.159648821413839e-08,12.01816463470459
1.867418541223742e-05,1.14227178826809e-08,12.024945497512817
1.8648430341272615e-05,1.1483280992763412e-08,12.032891511917114
1.8622695279191248e-05,1.1515087550151293e-08,12.039961338043213
1.859689837147016e-05,1.1372446095947453e-08,12.047276735305786
1.8571276086731814e-05,1.1445724368286392e-08,12.054442644119263
1.8545657439972274e-05,1.1460350890502013e-08,12.061287641525269
1.852008244895842e-05,1.1470509875266544e-08,12.068328380584717
1.8494522009859793e-05,1.1441905201081681e-08,12.075220346450806
1.8469010683475062e-05,1.1423082924011396e-08,12.084201097488403
1.844344660639763e-05,1.1253260545629473e-08,12.091218709945679
1.841805897129234e-05,1.1299913893481062e-08,12.099101781845093
1.8392684069112875e-05,1.1303211699953408e-08,12.106009721755981
1.836736555560492e-05,1.1325522741856275e-08,12.113383054733276
1.8341970644542016e-05,1.1158773460806515e-08,12.121230840682983
1.831675945140887e-05,1.1226578777723262e-08,12.128039836883545
1.8291564629180357e-05,1.124808512997788e-08,12.135130643844604
1.8266293409396894e-05,1.1087069928805704e-08,12.141890287399292
1.8241213183500804e-05,1.1163981739059636e-08,12.149756669998169
1.8216129319625907e-05,1.1171385594366257e-08,12.156550645828247
1.8191083654528484e-05,1.117241321679785e-08,12.163945198059082
1.81660579983145e-05,1.1142835987243416e-08,12.1707763671875
1.8141092368750833e-05,1.1138725497517044e-08,12.177994966506958
1.811616493796464e-05,1.1135622202118611e-08,12.184667825698853
1.8091184756485745e-05,1.097610002886995e-08,12.191492080688477
1.8066288248519413e-05,1.088801493409619e-08,12.19919753074646
1.8041546354652382e-05,1.0987615262081363e-08,12.206096410751343
1.8016809917753562e-05,1.1032737390337388e-08,12.21351146697998
1.799208803276997e-05,1.1037069924668685e-08,12.22103214263916
1.7967297026189044e-05,1.085490541896661e-08,12.22800087928772
1.7942616977961734e-05,1.0794932947533198e-08,12.235644817352295
1.7917978766490705e-05,1.0736552091827889e-08,12.242848634719849
1.7893386029754765e-05,1.0685035078950023e-08,12.250568151473999
1.786894426913932e-05,1.0817085005498939e-08,12.25736927986145
1.784440246410668e-05,1.0722649435024323e-08,12.265715599060059
1.7820006178226322e-05,1.0798397731548448e-08,12.27301287651062
1.779563353920821e-05,1.0852786225257205e-08,12.28010892868042
1.7771273633115925e-05,1.085768985831237e-08,12.287088632583618
1.7746846424415708e-05,1.0690268226198896e-08,12.293998956680298
1.7722595657687634e-05,1.0745658585165074e-08,12.301172971725464
1.7698368537821807e-05,1.0780165204948844e-08,12.308556079864502
1.767407957231626e-05,1.0641002745614969e-08,12.31840991973877
1.7649957953835838e-05,1.0717944753935171e-08,12.328065872192383
1.762574174790643e-05,1.0579432441204517e-08,12.336725234985352
1.7601611034478992e-05,1.050688691606183e-08,12.34501314163208
1.757761674525682e-05,1.0601348243710618e-08,12.353302240371704
1.755353696353268e-05,1.0490945889785053e-08,12.362645149230957
1.752952994138468e-05,1.0432351871259016e-08,12.370948076248169
1.750557748891879e-05,1.0402673389364736e-08,12.378494501113892
1.748175054672174e-05,1.05159205787686e-08,12.386120080947876
1.7457832655054517e-05,1.0413632622885416e-08,12.394327640533447
1.7434071196475998e-05,1.0513200976447479e-08,12.40198278427124
1.74102187884273e-05,1.039131625191203e-08,12.409239292144775
1.738643550197594e-05,1.0326429489282418e-08,12.417659997940063
1.736270496621728e-05,1.0278437656552342e-08,12.424541473388672
1.7339116311632097e-05,1.0409864970029048e-08,12.432455062866211
1.7315524019068107e-05,1.0467029909477787e-08,12.439457416534424
1.7291858966927975e-05,1.033948571205201e-08,12.446690320968628
1.7268252122448757e-05,1.025468776560956e-08,12.456193923950195
1.724470712360926e-05,1.0203186739943249e-08,12.463479995727539
1.7221223970409483e-05,1.0185893906111687e-08,12.470802307128906
1.7197859051520936e-05,1.0308434106320874e-08,12.477882146835327
1.717440136417281e-05,1.02149426695064e-08,12.484878301620483
1.715108737698756e-05,1.0296919761287882e-08,12.491900205612183
1.7127782484749332e-05,1.0333915057003651e-08,12.500051975250244
1.710449760139454e-05,1.033634422498153e-08,12.50683307647705
1.7081161786336452e-05,1.0193324406770898e-08,12.5140061378479
1.705797330942005e-05,1.0240711389997159e-08,12.52163314819336
1.7034813936334103e-05,1.0268256467327319e-08,12.528383255004883
1.7011587260640226e-05,1.0119029170141403e-08,12.535756587982178
1.698852975096088e-05,1.0197334532335844e-08,12.542798280715942
1.696538492979016e-05,1.0061390831594963e-08,12.550943851470947
1.69423201441532e-05,1.000159954855917e-08,12.558288335800171
1.6919400877668522e-05,1.012285988366557e-08,12.567234754562378
1.6896385204745457e-05,1.0020245078123935e-08,12.574673891067505
1.6873416825546883e-05,9.933469158340813e-09,12.582212448120117
1.685060306044761e-05,1.0048716525545842e-08,12.58912467956543
1.682769834587816e-05,9.944638890146962e-09,12.596309185028076
1.6804855476948433e-05,9.887232366168064e-09,12.603087663650513
1.6782150851213373e-05,9.999460814924532e-09,12.609958171844482
1.6759364370955154e-05,9.908427855975788e-09,12.617877006530762
1.6736712495912798e-05,9.993836869170991e-09,12.624833345413208
1.6714066077838652e-05,1.0018671225964226e-08,12.632536172866821
1.6691445125616156e-05,1.003121763432091e-08,12.63936185836792
1.6668853277224116e-05,1.0024640673123031e-08,12.646177053451538
1.664620685914997e-05,9.873063255838588e-09,12.653270959854126
1.662372233113274e-05,9.931421907083404e-09,12.660451412200928
1.6601159586571157e-05,9.798512223824218e-09,12.667810201644897
1.6578760551055893e-05,9.873584616570952e-09,12.674672365188599
1.6556359696551226e-05,9.893213359646325e-09,12.682555437088013
1.6533991583855823e-05,9.904153053241771e-09,12.689388990402222
1.651155798754189e-05,9.746185192227586e-09,12.69612741470337
1.6489198969793506e-05,9.65462110258386e-09,12.702898979187012
1.6466912711621262e-05,9.623289720650519e-09,12.709989786148071
1.6444661014247686e-05,9.588194238574488e-09,12.717553615570068
1.642244569666218e-05,9.56413881425533e-09,12.724301815032959
1.6400281310779974e-05,9.559188107743921e-09,12.731594800949097
1.6378135114791803e-05,9.528379862899783e-09,12.738797187805176
1.6356118067051284e-05,9.651768273499783e-09,12.745505809783936
1.6334090105374344e-05,9.704147707623179e-09,12.752316236495972
1.631199847906828e-05,9.583427384995957e-09,12.759093761444092
1.6289968698401935e-05,9.513495768942448e-09,12.76681137084961
1.6267980754491873e-05,9.453502869405384e-09,12.773742198944092
1.62461419677129e-05,9.586065274902467e-09,12.780645370483398
1.622429226699751e-05,9.641643927693622e-09,12.787384986877441
1.6202446204260923e-05,9.643977172402174e-09,12.79416799545288
1.6180561942746863e-05,9.526234023837787e-09,12.801031827926636
1.615873225091491e-05,9.437974846093766e-09,12.808094263076782
1.6136953490786254e-05,9.378603671450492e-09,12.815438032150269
1.6115222024382092e-05,9.342131512823926e-09,12.822162628173828
1.609353239473421e-05,9.322071115036579e-09,12.828881978988647
1.6071877325884998e-05,9.298004144397964e-09,12.836214303970337
1.6050249541876838e-05,9.257517419314354e-09,12.843158960342407
1.6028760001063347e-05,9.398238631774802e-09,12.850718975067139
1.600725772732403e-05,9.46328881923364e-09,12.8578462600708
1.598575727257412e-05,9.472609363569973e-09,12.865827560424805
1.5964213162078522e-05,9.341398765627673e-09,12.87323522567749
1.5942721802275628e-05,9.256184263506384e-09,12.880029439926147
1.5921281374176033e-05,9.188021898864918e-09,12.88711166381836
1.589998646522872e-05,9.315968441114819e-09,12.894157886505127
1.587859878782183e-05,9.227167474534781e-09,12.901527404785156
1.5857352991588414e-05,9.324366168073084e-09,12.908573389053345
1.583602170285303e-05,9.2125969075596e-09,12.916304111480713
1.581474134582095e-05,9.13831410542798e-09,12.923397302627563
1.579351919644978e-05,9.10357211836299e-09,12.930144309997559
1.577242619532626e-05,9.23454557266723e-09,12.937262296676636
1.575123314978555e-05,9.133539258243673e-09,12.944169521331787
1.573010922584217e-05,9.089310637477865e-09,12.951288938522339
1.5709098079241812e-05,9.18890297185726e-09,12.95803713798523
1.568799780216068e-05,9.07442654352053e-09,12.965439319610596
1.566696482768748e-05,9.02250718581854e-09,12.972487211227417
1.5646059182472527e-05,9.13330744367613e-09,12.979299068450928
1.5625066225766204e-05,9.033747083719845e-09,12.986188411712646
1.5604126019752584e-05,8.968226161698567e-09,12.99316930770874
1.558324038342107e-05,8.940742368679366e-09,13.000979900360107
1.5562476619379595e-05,9.066566164506185e-09,13.00800108909607
1.554161644889973e-05,8.96916318993135e-09,13.015529870986938
1.5520898159593344e-05,9.064201833552943e-09,13.022417783737183
1.5500085282837972e-05,8.941420936992017e-09,13.029458045959473
1.5479428839171305e-05,9.024891056697015e-09,13.036290168762207
1.5458774214494042e-05,9.059805350375427e-09,13.04374623298645
1.5438139598700218e-05,9.073758633348916e-09,13.051035642623901
1.5417526810779236e-05,9.069442974407593e-09,13.058057069778442
1.5396853996207938e-05,8.902498294105499e-09,13.065834522247314
1.537625939818099e-05,8.81917561201817e-09,13.073899745941162
1.535572846478317e-05,8.788203054166388e-09,13.080683708190918
1.5335232092184015e-05,8.758010316967102e-09,13.088190078735352
1.531476664240472e-05,8.730251188637794e-09,13.094938516616821
1.529442124592606e-05,8.854263988666844e-09,13.10220742225647
1.5274074030457996e-05,8.91907969702288e-09,13.10953164100647
1.5253637684509158e-05,8.77495853757182e-09,13.117651224136353
1.5233367776090745e-05,8.860720157599644e-09,13.125245809555054
1.5213016013149172e-05,8.7546965232832e-09,13.133102416992188
1.5192802493402269e-05,8.835384868177698e-09,13.14076042175293
1.5172511666605715e-05,8.721695365920823e-09,13.148284673690796
1.5152267224038951e-05,8.63539462159224e-09,13.155851364135742
1.5132087355596013e-05,8.607057289111708e-09,13.162593841552734
1.511195114289876e-05,8.593032063686223e-09,13.170227289199829
1.509184130554786e-05,8.579986499057668e-09,13.17841362953186
1.5071762391016819e-05,8.561364950310235e-09,13.186075925827026
1.505172076576855e-05,8.554945196692643e-09,13.193289518356323
1.503178100392688e-05,8.669415407780434e-09,13.201646566390991
1.5011829418654088e-05,8.712112808950678e-09,13.208633661270142
1.4991811440268066e-05,8.58522497537706e-09,13.216397523880005
1.4971949894970749e-05,8.67150173888831e-09,13.223512411117554
1.4951999219192658e-05,8.555669950283118e-09,13.230202913284302
1.4932191334082745e-05,8.63154436814284e-09,13.23781132698059
1.4912304322933778e-05,8.514093430278535e-09,13.244807004928589
1.4892481885908637e-05,8.452941457903762e-09,13.252145767211914
1.4872700376145076e-05,8.415552699148066e-09,13.259677648544312
1.4853043467155658e-05,8.538459717044589e-09,13.267879724502563
1.4833384739176836e-05,8.607341506206012e-09,13.2747962474823
1.4813640518696047e-05,8.474290602578094e-09,13.282655954360962
1.4793959962844383e-05,8.395081962930817e-09,13.289696216583252
1.4774327610211913e-05,8.346461299879593e-09,13.296544075012207
1.4754737094335724e-05,8.322470712585073e-09,13.30380916595459
1.4735187505721115e-05,8.313883803623412e-09,13.310761213302612
1.4715667020936962e-05,8.301877407745906e-09,13.317979097366333
1.4696253856527619e-05,8.429806186427413e-09,13.324695587158203
1.4676741557195783e-05,8.32511481974052e-09,13.332132816314697
1.4657280189567246e-05,8.26087287464361e-09,13.339439868927002
1.4637954336649273e-05,8.381228155940335e-09,13.346269130706787
1.461853662476642e-05,8.28791346663138e-09,13.353020906448364
1.4599178030039184e-05,8.24250889763789e-09,13.359999179840088
1.4579851267626509e-05,8.204088075558502e-09,13.367696285247803
1.4560556337528396e-05,8.16994649710523e-09,13.374431848526001
1.4541307791660074e-05,8.160787601241282e-09,13.381656169891357
1.4522088349622209e-05,8.153216768391758e-09,13.388424634933472
1.4502897101920098e-05,8.139322105193969e-09,13.395153045654297
1.448372768209083e-05,8.113079985605509e-09,13.401811838150024
1.4464595551544335e-05,8.102794879505382e-09,13.409454345703125
1.4445493434322998e-05,8.090395908766368e-09,13.416819334030151
1.4426415873458609e-05,8.07537325897556e-09,13.423533916473389
1.4407453818421345e-05,8.203964618758164e-09,13.430657386779785
1.4388398085429799e-05,8.12039502307016e-09,13.43755054473877
1.4369468772201799e-05,8.20992784866803e-09,13.444254398345947
1.435054491594201e-05,8.25586621289176e-09,13.451026439666748
1.433153920515906e-05,8.105484283760234e-09,13.458047866821289
1.4312694474938326e-05,8.18955303572011e-09,13.465437889099121
1.4293769709183834e-05,8.078605340244849e-09,13.47208857536316
1.427490497007966e-05,8.018036901091818e-09,13.478837728500366
1.4256081158237066e-05,7.985165417778717e-09,13.485491752624512
1.4237290088203736e-05,7.956530545527585e-09,13.492848873138428
1.4218609976524021e-05,8.073079094117475e-09,13.50089979171753
1.4199922588886693e-05,8.126686878995315e-09,13.507651329040527
1.418116062268382e-05,7.998788298380077e-09,13.515499591827393
1.4162542356643826e-05,8.072405854875342e-09,13.522282838821411
1.4143925000098534e-05,8.096709969152016e-09,13.5290367603302
1.4125249435892329e-05,7.96613974785032e-09,13.535710334777832
1.4106629350862931e-05,7.886618469399309e-09,13.542488098144531
1.4088146599533502e-05,7.995769379931517e-09,13.550199747085571
1.406958017469151e-05,7.910099242280921e-09,13.557260274887085
1.4051054677111097e-05,7.844091598485647e-09,13.564002275466919
1.4032571925781667e-05,7.803583557119964e-09,13.57070803642273
1.4014211956236977e-05,7.93033105850327e-09,13.577492237091064
1.3995754670759197e-05,7.836438165043091e-09,13.584574222564697
1.3977351045468822e-05,7.784989541903542e-09,13.591306447982788
1.3959069292468484e-05,7.900787579728785e-09,13.59878158569336
1.3940770259068813e-05,7.9416171416824e-09,13.605452060699463
1.3922401194577105e-05,7.80048381443521e-09,13.612192153930664
1.3904102161177434e-05,7.73718955571212e-09,13.618915319442749
1.388584769301815e-05,7.702674054144154e-09,13.626122951507568
1.386762687616283e-05,7.678891300599844e-09,13.633415460586548
1.3849431525159162e-05,7.649584077284999e-09,13.640067338943481
1.3831279829901177e-05,7.650656108637577e-09,13.64680027961731
1.3813152691000141e-05,7.64502061656458e-09,13.653711795806885
1.379503828502493e-05,7.61202656462956e-09,13.660624265670776
1.377696025883779e-05,7.595712503416507e-09,13.667387008666992
1.3758915883954614e-05,7.588026207372423e-09,13.6741304397583
1.3740898793912493e-05,7.582012351292633e-09,13.681607246398926
1.3722908079216722e-05,7.571135718364985e-09,13.688629627227783
1.3704939192393795e-05,7.55666906826491e-09,13.695334434509277
1.3687002137885429e-05,7.544206148679677e-09,13.702307939529419
1.366917149425717e-05,7.679442859398478e-09,13.709599256515503
1.365124717267463e-05,7.589894046589052e-09,13.717461824417114
1.3633365597343072e-05,7.532594992198938e-09,13.724634408950806
1.36155276777572e-05,7.506083754549309e-09,13.732460498809814
1.3597723409475293e-05,7.487913400439083e-09,13.739764928817749
1.3580021004599985e-05,7.60769847119036e-09,13.746506690979004
1.3562232197728008e-05,7.522010569971371e-09,13.753838062286377
1.3544492503569927e-05,7.473872187802044e-09,13.760722398757935
1.3526782822737005e-05,7.4338006861296435e-09,13.76802921295166
1.3509114978660364e-05,7.419064473879189e-09,13.77558970451355
1.3491468962456565e-05,7.396200984999268e-09,13.783657550811768
1.3473857507051434e-05,7.386196099190556e-09,13.790614128112793
1.3456273336487357e-05,7.378465838314696e-09,13.798321962356567
1.3438792848319281e-05,7.510566391033535e-09,13.806020975112915
1.3421216863207519e-05,7.421294245801846e-09,13.813097715377808
1.3403689990809653e-05,7.3714185866435855e-09,13.820272445678711
1.3386202226683963e-05,7.346721453416194e-09,13.827035427093506
1.3368828149395995e-05,7.475209784502113e-09,13.834408521652222
1.3351354027690832e-05,7.375794197628238e-09,13.841563940048218
1.3333935385162476e-05,7.332922713487733e-09,13.849159240722656
1.331654675595928e-05,7.2957466734635545e-09,13.856254816055298
1.3299196325533558e-05,7.278089686479916e-09,13.863309621810913
1.3281874998938292e-05,7.266808044192885e-09,13.870627164840698
1.326457550021587e-05,7.248569744433553e-09,13.87750506401062
1.3247304195829201e-05,7.233110554949462e-09,13.884665727615356
1.3230062904767692e-05,7.223121656352305e-09,13.89239239692688
1.3212833437137306e-05,7.189641326732499e-09,13.899970769882202
1.3195649444242008e-05,7.187813011455546e-09,13.907231330871582
1.3178487279219553e-05,7.182050065779322e-09,13.915040493011475
1.3161356037016958e-05,7.183737160687542e-09,13.922032117843628
1.3144235708750784e-05,7.1574115523276305e-09,13.92876410484314
1.3127143574820366e-05,7.140021018869902e-09,13.935810327529907
1.3110087820678018e-05,7.135187107820684e-09,13.944148302078247
1.3093053894408513e-05,7.125415812936353e-09,13.95177435874939
1.3076046343485359e-05,7.118408085204919e-09,13.958584308624268
1.305906152992975e-05,7.105899868520282e-09,13.966417789459229
1.3042185855738353e-05,7.24845872213109e-09,13.974024534225464
1.3025203770666849e-05,7.1444534732734155e-09,13.98193073272705
1.300827534578275e-05,7.0953110054006174e-09,13.989241600036621
1.2991385119676124e-05,7.0673631391571234e-09,13.996063470840454
1.2974527635378763e-05,7.052825434783472e-09,14.003178119659424
1.2957680155523121e-05,7.014123060145039e-09,14.010685443878174
1.2940876331413165e-05,7.006197400016845e-09,14.019070386886597
1.2924099792144261e-05,7.000800827938747e-09,14.030717372894287
1.2907346899737604e-05,6.99042379537218e-09,14.039381504058838
1.289061583520379e-05,6.978505773247434e-09,14.058274269104004
1.2873904779553413e-05,6.956307974093079e-09,14.07931637763977
1.2857226465712301e-05,6.950063191624167e-09,14.08719515800476
1.2840567251259927e-05,6.9299486149532186e-09,14.09390139579773
1.2823937140638009e-05,6.914726125017978e-09,14.100876092910767
1.2807334314857144e-05,6.910408245630606e-09,14.11009407043457
1.279075240745442e-05,6.895062742984237e-09,14.11823034286499
1.2774201422871556e-05,6.887879600014912e-09,14.125792503356934
1.2757671356666833e-05,6.8765437788442796e-09,14.134145021438599
1.274116675631376e-05,6.865458868077212e-09,14.141365051269531
1.2724687621812336e-05,6.854716350090939e-09,14.149244785308838
1.2708236681646667e-05,6.853871692413804e-09,14.156527757644653
1.2691798474406824e-05,6.8286687415763936e-09,14.164020299911499
1.267539118998684e-05,6.815762176870521e-09,14.17044186592102
1.2659013918892015e-05,6.8122782970192475e-09,14.176946878433228
1.2642661204154138e-05,6.811544661644575e-09,14.183796882629395
1.2626330317289103e-05,6.803963170654015e-09,14.190194845199585
1.2610020348802209e-05,6.789381945537798e-09,14.196907043457031
1.2593740393640473e-05,6.784945050242186e-09,14.203630685806274
1.2577475899888668e-05,6.7621046540011776e-09,14.211268186569214
1.256124050996732e-05,6.749663938876438e-09,14.21850037574768
1.2545029676402919e-05,6.739046209958133e-09,14.225752353668213
1.2528840670711361e-05,6.722925327551366e-09,14.233937978744507
1.251267622137675e-05,6.7097842837426924e-09,14.241352796554565
1.2496538147388492e-05,6.700337618070762e-09,14.24948525428772
1.2480428267735988e-05,6.698956056538918e-09,14.256649494171143
1.2464338396966923e-05,6.687110865044588e-09,14.263325214385986
1.2448269444575999e-05,6.671774244182416e-09,14.270287990570068
1.2432225048542023e-05,6.653863238170743e-09,14.277164220809937
1.2416208846843801e-05,6.6443899271462215e-09,14.284740209579468
1.2400211744534317e-05,6.632551841079248e-09,14.291451930999756
1.2384244655549992e-05,6.6260086306613175e-09,14.299142837524414
1.2368294846965e-05,6.609750080599497e-09,14.305835008621216
1.2352370504231658e-05,6.597200119529134e-09,14.312608003616333
1.2336477993812878e-05,6.597334234470509e-09,14.319317102432251
1.2320598216319922e-05,6.579067513001746e-09,14.326159715652466
1.230474572366802e-05,6.5675926919084304e-09,14.333409786224365
1.2288917787373066e-05,6.557208998003716e-09,14.340075254440308
1.227311440743506e-05,6.5486958078508906e-09,14.34687614440918
1.2257331945875194e-05,6.535116447992095e-09,14.353569269180298
1.2241569493198767e-05,6.515580075472371e-09,14.360394716262817
1.2225837963342201e-05,6.50886011754892e-09,14.367383003234863
1.2210127351863775e-05,6.499296212325589e-09,14.374094486236572
1.2194444025226403e-05,6.497063331778463e-09,14.381573677062988
1.2178777978988364e-05,6.484076831014818e-09,14.388281106948853
1.2163142855570186e-05,6.483320103001233e-09,14.395056009292603
1.2147516827099025e-05,6.456279066924253e-09,14.401754140853882
1.2131921721447725e-05,6.446404299254027e-09,14.40859317779541
1.2116352081648074e-05,6.4372245311972165e-09,14.415862321853638
1.21007187772193e-05,6.2676743795009315e-09,14.422553300857544
1.208523735840572e-05,6.340297620255342e-09,14.429340362548828
1.2069757758581545e-05,6.369829108621161e-09,14.436041593551636
1.2054286344209686e-05,6.37534158798303e-09,14.442829608917236
1.2038837667205371e-05,6.376775996130846e-09,14.450108528137207
1.202340627060039e-05,6.372739225213309e-09,14.456831455230713
1.200799579237355e-05,6.35943653293225e-09,14.463606119155884
1.1992608051514253e-05,6.351134729243313e-09,14.470304250717163
1.1977244867011905e-05,6.3456120358296175e-09,14.477086782455444
1.1961906238866504e-05,6.341303038226442e-09,14.484102010726929
1.1946582162636332e-05,6.321974055367718e-09,14.490824460983276
1.193128900922602e-05,6.3165153108002414e-09,14.49834680557251
1.1916010407730937e-05,6.299573751533671e-09,14.505263328552246
1.1900762729055714e-05,6.296101418001854e-09,14.512012720108032
1.1885534149769228e-05,6.287220521983272e-09,14.518762588500977
1.1870322850882076e-05,6.2702096847999655e-09,14.525606393814087
1.1855138836835977e-05,6.261219986924971e-09,14.533146858215332
1.1839973922178615e-05,6.242874661666065e-09,14.53987169265747
1.1824839930341113e-05,6.243075389988917e-09,14.546618223190308
1.1809718671429437e-05,6.2268221689976144e-09,14.55376124382019
1.1794626516348217e-05,6.217892867255159e-09,14.560738325119019
1.1779512533394154e-05,6.131748886417654e-09,14.56778621673584
1.1764524060708936e-05,6.23746876371456e-09,14.57456350326538
1.1749483746825717e-05,6.204218472305456e-09,14.582387685775757
1.1734470717783552e-05,6.17944584391239e-09,14.589146614074707
1.1719519534381106e-05,6.231997140559997e-09,14.595909357070923
1.1704577445925679e-05,6.258589202445819e-09,14.602643966674805
1.168960352515569e-05,6.183573653117946e-09,14.609515190124512
1.167467598861549e-05,6.157031329223628e-09,14.617157936096191
1.1659739357128274e-05,6.070079550113405e-09,14.623952150344849
1.1644881851680111e-05,6.0893161624164804e-09,14.630892515182495
1.163007163995644e-05,6.159791787752056e-09,14.639149188995361
1.1615187759161927e-05,6.04642957924284e-09,14.645921230316162
1.16003484436078e-05,5.979091888264065e-09,14.65261435508728
1.1585629181354307e-05,6.095638660497116e-09,14.659502267837524
1.1570850801945198e-05,6.062707225140684e-09,14.667026042938232
1.1556112440302968e-05,6.0588329908739524e-09,14.673657178878784
1.1541389540070668e-05,6.048248568646386e-09,14.680675506591797
1.1526686648721807e-05,6.035319355390811e-09,14.687564849853516
1.151200649474049e-05,6.018971543397811e-09,14.694627523422241
1.149731451732805e-05,5.942093928013037e-09,14.701489686965942
1.1482660738693085e-05,5.899321475766328e-09,14.708332538604736
1.1468076081655454e-05,5.944524872347756e-09,14.71593976020813
1.1453453225840349e-05,5.875663067200776e-09,14.722735166549683
1.1438876754255034e-05,5.8547655612528615e-09,14.729668140411377
1.1424357580835931e-05,5.905687050500319e-09,14.736504077911377
1.1409851140342653e-05,5.937727198812581e-09,14.743360042572021
1.139535288530169e-05,5.9411058295211205e-09,14.750703811645508
1.1380863725207746e-05,5.928295188084576e-09,14.757503271102905
1.1366362741682678e-05,5.849003503755057e-09,14.764959335327148
1.1351898137945682e-05,5.8009992365271046e-09,14.771816968917847
1.1337509931763634e-05,5.8554969761814846e-09,14.778668403625488
1.1323088983772323e-05,5.806926495210973e-09,14.785483360290527
1.1308728062431328e-05,5.836859884311707e-09,14.792426586151123
1.1294381693005562e-05,5.8533498048518595e-09,14.800076246261597
1.128001167671755e-05,5.780647960307306e-09,14.806963205337524
1.1265685316175222e-05,5.750789622283037e-09,14.814906120300293
1.1251416253799107e-05,5.7998472691167535e-09,14.821779727935791
1.1237117178097833e-05,5.739868136345194e-09,14.828681707382202
1.1222883586015087e-05,5.774560385418681e-09,14.835533142089844
1.1208626347070094e-05,5.718978179913847e-09,14.842501640319824
1.1194440958206542e-05,5.764509314332145e-09,14.85005807876587
1.1180221008544322e-05,5.702053051948042e-09,14.85689377784729
1.116603561968077e-05,5.665200752957844e-09,14.863956212997437
1.1151921171403956e-05,5.726689344953684e-09,14.870747804641724
1.1137807632621843e-05,5.749769549368011e-09,14.877662658691406
1.1123706826765556e-05,5.760031118740017e-09,14.884509801864624
1.1109614206361584e-05,5.744910325233832e-09,14.891333103179932
1.1095511581515893e-05,5.668051361595872e-09,14.899174213409424
1.1081483535235748e-05,5.698868044134997e-09,14.905958414077759
1.1067469131376129e-05,5.718730378134751e-09,14.91285252571106
1.1053462003474124e-05,5.708758354927568e-09,14.919724941253662
1.1039477612939663e-05,5.703799210721172e-09,14.926701784133911
1.102551232179394e-05,5.699960059502018e-09,14.934015274047852
1.1011563401552849e-05,5.687228465944827e-09,14.940855503082275
1.0997639947163407e-05,5.6848956653254845e-09,14.948284149169922
1.0983732863678597e-05,5.672003311474327e-09,14.955117464065552
1.0969848517561331e-05,5.6660671710062616e-09,14.962031126022339
1.0955942343571223e-05,5.580430340046405e-09,14.968844413757324
1.0942118024104275e-05,5.612132092380762e-09,14.975792407989502
1.0928300071100239e-05,5.617390108625386e-09,14.983383655548096
1.091450121748494e-05,5.620255372207339e-09,14.990280628204346
1.0900717825279571e-05,5.616715981204834e-09,14.99732255935669
1.0886917152674869e-05,5.5384470343256e-09,15.004239797592163
1.087319014914101e-05,5.5661795173023165e-09,15.011073112487793
1.0859434951271396e-05,5.497700072965017e-09,15.01791000366211
1.0845717952179257e-05,5.467792441038455e-09,15.024840116500854
1.0832061889232136e-05,5.516200385358161e-09,15.032157897949219
1.0818367627507541e-05,5.4540447713691265e-09,15.03899621963501
1.080471156456042e-05,5.424413362931091e-09,15.046205759048462
1.0791118256747723e-05,5.483392850891278e-09,15.053114175796509
1.0777529496408533e-05,5.509617206911344e-09,15.060001134872437
1.0763952559500467e-05,5.519497747741298e-09,15.067713975906372
1.075038562703412e-05,5.511740397423637e-09,15.074564456939697
1.073680141416844e-05,5.4346593891807515e-09,15.082458734512329
1.072329450835241e-05,5.467855945795463e-09,15.089401245117188
1.0709793968999293e-05,5.476968212292377e-09,15.096285104751587
1.0696307981561404e-05,5.474269482164118e-09,15.103253364562988
1.0682801985240076e-05,5.394273916436987e-09,15.110445022583008
1.066933327820152e-05,5.351521448204721e-09,15.117911338806152
1.0655930964276195e-05,5.395516922135357e-09,15.124927520751953
1.0642535926308483e-05,5.421350035561545e-09,15.13283634185791
1.062915089278249e-05,5.426298965716114e-09,15.13966679573059
1.0615778592182323e-05,5.422118309894586e-09,15.146564245223999
1.0602429938444402e-05,5.4219175815717335e-09,15.153384923934937
1.0589059456833638e-05,5.3416431278208165e-09,15.16043734550476
1.057576355378842e-05,5.369985345282657e-09,15.167518854141235
1.0562476745690219e-05,5.382611689697114e-09,15.174338817596436
1.0549204489507247e-05,5.383892887067532e-09,15.181705474853516
1.0535947694734205e-05,5.3743032246700295e-09,15.188539266586304
1.0522704542381689e-05,5.359762855761119e-09,15.195458889007568
1.0509448657103349e-05,5.279389370116405e-09,15.202281713485718
1.0496235518075991e-05,5.2467403754974384e-09,15.209138870239258
1.0483041478437372e-05,5.213323994723851e-09,15.216787815093994
1.0469912012922578e-05,5.272173808634761e-09,15.223594427108765
1.045678618538659e-05,5.29830046502866e-09,15.230640172958374
1.0443629435030743e-05,5.227491772785697e-09,15.237502336502075
1.0430509973957669e-05,5.191415297645108e-09,15.244347095489502
1.0417453268019017e-05,5.243945278010642e-09,15.251202583312988
1.0404362001281697e-05,5.193053098651035e-09,15.258065700531006
1.039133894664701e-05,5.237181355255416e-09,15.265828609466553
1.037828315020306e-05,5.178655282378486e-09,15.27259087562561
1.0365256457589567e-05,5.143371506477479e-09,15.27954363822937
1.0352257049817126e-05,5.122848367733468e-09,15.286406755447388
1.03393158497056e-05,5.179808137967257e-09,15.293294191360474
1.0326339179300703e-05,5.133551361780064e-09,15.300778865814209
1.031338979373686e-05,5.103356404134729e-09,15.307547569274902
1.030050316330744e-05,5.160055049913126e-09,15.314961194992065
1.0287580153089948e-05,5.1093054231898805e-09,15.321751117706299
1.0274692613165826e-05,5.089445753725386e-09,15.328477144241333
1.0261821444146335e-05,5.069104691557413e-09,15.335317373275757
1.0249011211271863e-05,5.129453750640778e-09,15.343316555023193
1.0236161870125216e-05,5.07817699002544e-09,15.350988864898682
1.0223378012597095e-05,5.1204711581931406e-09,15.357823133468628
1.0210568689217325e-05,5.074852982289713e-09,15.36566162109375
1.0197816664003767e-05,5.107769318613009e-09,15.3723623752594
1.0185037353949156e-05,5.04932939904279e-09,15.37910509109497
1.01722862382303e-05,5.01171415479007e-09,15.385933876037598
1.015956968331011e-05,5.004781478135101e-09,15.392862319946289
1.0146864951821044e-05,4.9852224570656745e-09,15.400934934616089
1.0134220246982295e-05,5.049936024903445e-09,15.407844543457031
1.0121573723154142e-05,5.07580866226931e-09,15.415762424468994
1.0108898095495533e-05,5.009692216617623e-09,15.422600269317627
1.0096296136907768e-05,5.051250084875392e-09,15.429515838623047
1.0083697816298809e-05,5.065011965399435e-09,15.4363374710083
1.0071072210848797e-05,4.9883559505303765e-09,15.443344831466675
1.0058487532660365e-05,4.956296706382091e-09,15.45113754272461
1.0045923772850074e-05,4.932873221008549e-09,15.457948684692383
1.003338456939673e-05,4.921678176117439e-09,15.465526819229126
1.0020861736848019e-05,4.906772765878031e-09,15.472362518310547
1.0008354365709238e-05,4.888338178687945e-09,15.479193210601807
9.99590520223137e-06,4.952144916359202e-09,15.486850023269653
9.983422387449536e-06,4.907212414195783e-09,15.493810653686523
9.970964129024651e-06,4.881270498913182e-09,15.50119161605835
9.958524969988503e-06,4.855907231871015e-09,15.508611917495728
9.946145837602671e-06,4.9166235527309254e-09,15.516509532928467
9.933771252690349e-06,4.95218133167441e-09,15.524093389511108
9.921364835463464e-06,4.885861049075402e-09,15.531658172607422
9.908990250551142e-06,4.850951196289088e-09,15.539439678192139
9.896672963805031e-06,4.89528462210842e-09,15.546406745910645
9.884326573228464e-06,4.841866463323186e-09,15.553942918777466
9.87201292446116e-06,4.822859445141603e-09,15.560909032821655
9.859717465587892e-06,4.8079153991409385e-09,15.568174839019775
9.847477485891432e-06,4.865819747124078e-09,15.57581377029419
9.835202035901602e-06,4.8159893850652225e-09,15.583477258682251
9.822952961258125e-06,4.786457452610193e-09,15.590980291366577
9.810728442971595e-06,4.7703889727301885e-09,15.598320960998535
9.798519386094995e-06,4.750781101847679e-09,15.60555100440979
9.78633852355415e-06,4.75761874341174e-09,15.612545490264893
9.774168574949726e-06,4.746636861341358e-09,15.619661331176758
9.762021363712847e-06,4.744821424651491e-09,15.626510381698608
9.749882337928284e-06,4.7290180660297665e-09,15.634389400482178
9.737801519804634e-06,4.79514428164407e-09,15.641382455825806
9.725715244712774e-06,4.818324850219824e-09,15.649154424667358
9.713638974062633e-06,4.823366595019252e-09,15.657204866409302
9.70154087553965e-06,4.7516937051739205e-09,15.664925336837769
9.689478247310035e-06,4.714062473709646e-09,15.672640085220337
9.677478374214843e-06,4.77136108401055e-09,15.679709672927856
9.665476682130247e-06,4.79173900558294e-09,15.686781883239746
9.653483175497968e-06,4.793702323979687e-09,15.693813562393188
9.641470569476951e-06,4.722867874562553e-09,15.70113754272461
9.62952799454797e-06,4.757183980075297e-09,15.708621978759766
9.617591786081903e-06,4.772740869185554e-09,15.716641902923584
9.60562738328008e-06,4.6965920041941445e-09,15.72381591796875
9.593702088750433e-06,4.663399000293111e-09,15.731691360473633
9.581828635418788e-06,4.7049146800759445e-09,15.739139080047607
9.56992880674079e-06,4.655946295173408e-09,15.74614405632019
9.55809355218662e-06,4.7038515305075634e-09,15.754178285598755
9.546252840664238e-06,4.7115489287818946e-09,15.761012315750122
9.534394848742522e-06,4.64512739384304e-09,15.76824688911438
9.52256959863007e-06,4.611222514938618e-09,15.775022029876709
9.510767995379865e-06,4.5947698978920926e-09,15.782859086990356
9.499019142822362e-06,4.6496348993230185e-09,15.789734601974487
9.487233000982087e-06,4.5956021210713516e-09,15.79666256904602
9.475468687014654e-06,4.553084131941887e-09,15.803883790969849
9.463774404139258e-06,4.618809334999696e-09,15.810947895050049
9.452078302274458e-06,4.645642093237257e-09,15.818311214447021
9.440391295356676e-06,4.661342423162296e-09,15.825027465820312
9.42867700359784e-06,4.58633664379704e-09,15.832857608795166
9.417029104952235e-06,4.6117412111357226e-09,15.83998441696167
9.405388482264243e-06,4.621198979037899e-09,15.846938371658325
9.393725122208707e-06,4.547898058149258e-09,15.853914976119995
9.38209723244654e-06,4.5146286709041306e-09,15.861100673675537
9.370487532578409e-06,4.485746885052322e-09,15.868109464645386
9.35890511755133e-06,4.4796735210184124e-09,15.874611854553223
9.347338163934182e-06,4.4681724986617155e-09,15.883018970489502
9.335788490716368e-06,4.46433912060229e-09,15.890069961547852
9.324256097897887e-06,4.461963687418802e-09,15.89689040184021
9.31273552851053e-06,4.449213442114797e-09,15.904170274734497
9.301234968006611e-06,4.441848666658643e-09,15.910943031311035
9.289781701227184e-06,4.500229522363952e-09,15.918399572372437
9.278294783143792e-06,4.457795910184359e-09,15.925312519073486
9.266865163226612e-06,4.499224104392852e-09,15.933628797531128
9.255408258468378e-06,4.45225367684543e-09,15.941229104995728
9.243978638551198e-06,4.428132527323214e-09,15.949156045913696
9.232602678821422e-06,4.482547222295352e-09,15.956093072891235
9.221229447575752e-06,4.508608153486193e-09,15.962927341461182
9.209859854308888e-06,4.511096385328983e-09,15.970794677734375
9.198472980642691e-06,4.4427213019559986e-09,15.977593898773193
9.187153409584425e-06,4.480888105007352e-09,15.985054969787598
9.17579836823279e-06,4.41460867861565e-09,15.991935014724731
9.16451244847849e-06,4.456715441136794e-09,15.999839067459106
9.153193786914926e-06,4.398524211524091e-09,16.007104873657227
9.141901500697713e-06,4.359702376888208e-09,16.014160633087158
9.130671060120221e-06,4.423474475601097e-09,16.021308422088623
9.119401511270553e-06,4.369638872958603e-09,16.028154373168945
9.10816015675664e-06,4.340448445105949e-09,16.035878658294678
9.096935173147358e-06,4.314090862322928e-09,16.04277515411377
9.085738383873831e-06,4.315200641258343e-09,16.050544500350952
9.074551599042024e-06,4.302644018849833e-09,16.057421684265137
9.063383004104253e-06,4.2961079138592595e-09,16.06522226333618
9.052267159859184e-06,4.366781158893218e-09,16.07365846633911
9.041113116836641e-06,4.32412505801949e-09,16.080668210983276
9.029979992192239e-06,4.294971045482043e-09,16.087868690490723
9.01890052773524e-06,4.344971937797482e-09,16.094600200653076
9.007790140458383e-06,4.2959746870963045e-09,16.10188579559326
8.996740689326543e-06,4.34731539655786e-09,16.108628749847412
8.98569396667881e-06,4.3669521332390104e-09,16.117194652557373
8.974620868684724e-06,4.300451994510013e-09,16.123979091644287
8.963573236542288e-06,4.25786961244512e-09,16.130868434906006
8.952589269028977e-06,4.314098855928705e-09,16.138741970062256
8.941568012232892e-06,4.259811170470584e-09,16.1459219455719
8.930574949772563e-06,4.234724571006154e-09,16.153260946273804
8.91960098670097e-06,4.216169191550989e-09,16.16006374359131
8.908645213523414e-06,4.203072556663301e-09,16.167765617370605
8.89770581125049e-06,4.193493552406835e-09,16.17487645149231
8.886818250175565e-06,4.2601304706124665e-09,16.182525157928467
8.875890671333764e-06,4.212594717500906e-09,16.189457654953003
8.864990377333015e-06,4.1882382006974694e-09,16.196386575698853
8.854108273226302e-06,4.1706536002550365e-09,16.203514337539673
8.843246178003028e-06,4.16344647646838e-09,16.21048617362976
8.832394996716175e-06,4.14996881303864e-09,16.217686891555786
8.821563824312761e-06,4.143786203059108e-09,16.224425792694092
8.810748113319278e-06,4.1385619375944316e-09,16.231707334518433
8.799945135251619e-06,4.131858410971745e-09,16.23854088783264
8.789156709099188e-06,4.121130992018607e-09,16.245317697525024
8.778424671618268e-06,4.201488046362556e-09,16.252063035964966
8.767681720200926e-06,4.2240051456587935e-09,16.259172677993774
8.756945135246497e-06,4.229095740271305e-09,16.267094612121582
8.746226740186103e-06,4.240082951412205e-09,16.27377700805664
8.735476512811147e-06,4.157968636064879e-09,16.28068709373474
8.724766303203069e-06,4.123983377013474e-09,16.287445068359375
8.71407155500492e-06,4.0938710199611705e-09,16.294294595718384
8.703433195478283e-06,4.149102839079433e-09,16.301132917404175
8.692762094142381e-06,4.104878215116514e-09,16.30790400505066
8.682113730174024e-06,4.08039557697748e-09,16.315804719924927
8.671487194078509e-06,4.065368930383784e-09,16.322481632232666
8.660872481414117e-06,4.046389445733212e-09,16.329240322113037
8.650276868138462e-06,4.038592571475874e-09,16.33595371246338
8.639730367576703e-06,4.107178153134328e-09,16.34289240837097
8.629149306216277e-06,4.064327541186685e-09,16.35021471977234
8.618621905043256e-06,4.10998390876216e-09,16.35700559616089
8.608096322859637e-06,4.1273753303983085e-09,16.36400556564331
8.597548003308475e-06,4.062911784785683e-09,16.37078547477722
8.587026968598366e-06,4.027876254752982e-09,16.377670288085938
8.576531399739906e-06,4.0139935819638595e-09,16.38503646850586
8.566045835323166e-06,3.993355868203707e-09,16.391980171203613
8.55557755130576e-06,3.978031237750201e-09,16.399906635284424
8.54512836667709e-06,3.972004058994116e-09,16.40669536590576
8.534729204257019e-06,4.042081780397666e-09,16.413550853729248
8.524290933564771e-06,3.998633868462775e-09,16.420308828353882
8.51387630973477e-06,3.975954232515733e-09,16.42719006538391
8.503479875798803e-06,3.958905647749589e-09,16.43414330482483
8.493098903272767e-06,3.944762738683494e-09,16.440935134887695
8.482735211146064e-06,3.939541581843287e-09,16.448352813720703
8.472384251945186e-06,3.9284704378417246e-09,16.455140829086304
8.462082405458204e-06,3.992635111416121e-09,16.462011098861694
8.451745088677853e-06,3.952376648186373e-09,16.46886396408081
8.441431418759748e-06,3.930690883890975e-09,16.475807666778564
8.431135029240977e-06,3.9144554264680664e-09,16.48373293876648
8.420853191637434e-06,3.903009027084181e-09,16.490566968917847
8.41059136291733e-06,3.901162060060415e-09,16.498708248138428
8.40034135762835e-06,3.893984246161608e-09,16.505878925323486
8.39010226627579e-06,3.881527099736104e-09,16.512796640396118
8.379913197131827e-06,3.945927140591721e-09,16.51977014541626
8.369687748199794e-06,3.8994238948930615e-09,16.526636362075806
8.359483217645902e-06,3.873337206528049e-09,16.534783363342285
8.34929960547015e-06,3.8604905938655065e-09,16.542688369750977
8.33912690723082e-06,3.83924358970944e-09,16.55067467689514
8.32897967484314e-06,3.8441116956278165e-09,16.557866096496582
8.318842446897179e-06,3.83951048732456e-09,16.565882921218872
8.308718861371744e-06,3.834939921176783e-09,16.573304414749146
8.29861073725624e-06,3.833234174521749e-09,16.579850435256958
8.288511708087754e-06,3.822789196306076e-09,16.587337970733643
8.278462701127864e-06,3.886457378143859e-09,16.594971895217896
8.268378223874606e-06,3.846819307540272e-09,16.602753400802612
8.258312846010085e-06,3.8202125907105255e-09,16.61022973060608
8.248267477029003e-06,3.807039128389533e-09,16.618048667907715
8.23823665996315e-06,3.792629765797528e-09,16.62503480911255
8.228224942286033e-06,3.790844083084721e-09,16.632585525512695
8.218224138545338e-06,3.78394604538812e-09,16.638986349105835
8.208236067730468e-06,3.774894175023746e-09,16.645670890808105
8.198292562155984e-06,3.83343845555828e-09,16.652461767196655
8.188314495782834e-06,3.7886396242470255e-09,16.659109115600586
8.178363714250736e-06,3.770264989100269e-09,16.66676092147827
8.16842384665506e-06,3.748414467708017e-09,16.67374563217163
8.158509444911033e-06,3.748559240790428e-09,16.68065071105957
8.148604138114024e-06,3.743837240222092e-09,16.68774104118347
8.13871156424284e-06,3.735867615262123e-09,16.694121599197388
8.128829904308077e-06,3.7218585990927977e-09,16.701144218444824
8.118967343762051e-06,3.719592411854933e-09,16.70829463005066
8.109118425636552e-06,3.7173335520890305e-09,16.71591091156006
8.099279511952773e-06,3.71040442814774e-09,16.722475290298462
8.089489710982889e-06,3.779817792093354e-09,16.728901624679565
8.079658073256724e-06,3.7292102739172606e-09,16.737076997756958
8.069855539361015e-06,3.712955054524514e-09,16.746613264083862
8.060066647885833e-06,3.697789630052739e-09,16.75571632385254
8.050295036809985e-06,3.689354377556242e-09,16.76406717300415
8.040570719458628e-06,3.754729860361294e-09,16.773231744766235
8.030806384340394e-06,3.7030545296801165e-09,16.780146837234497
8.021063877095003e-06,3.674302417877584e-09,16.78788733482361
8.011344107217155e-06,3.664193615193767e-09,16.795260667800903
8.001637070265133e-06,3.6512011192257887e-09,16.80235505104065
7.991943675733637e-06,3.642237178524965e-09,16.808982610702515
7.982266652106773e-06,3.6401563985322127e-09,16.816810607910156
7.972598723426927e-06,3.627197875388788e-09,16.823210954666138
7.962948075146414e-06,3.625621580738425e-09,16.829601049423218
7.953311069286428e-06,3.6207268294674577e-09,16.83674907684326
7.943684977362864e-06,3.6171785566807557e-09,16.843419790267944
7.93407434684923e-06,3.6143885662198727e-09,16.851252555847168
7.924508281575982e-06,3.6808520675890577e-09,16.85825538635254
7.914901289041154e-06,3.632713019285916e-09,16.866305351257324
7.905320671852678e-06,3.609008869531749e-09,16.872936964035034
7.89575915405294e-06,3.6024887517527304e-09,16.879626512527466
7.886209459684324e-06,3.5908980233756438e-09,16.887305736541748
7.87667158874683e-06,3.5780496343562618e-09,16.8936927318573
7.867148269724566e-06,3.5698815015194896e-09,16.901122093200684
7.857643140596338e-06,3.5715970181371404e-09,16.908674001693726
7.848145287425723e-06,3.561844597044228e-09,16.916996955871582
7.838659257686231e-06,3.55255402872956e-09,16.923959493637085
7.829189598851372e-06,3.546428484213493e-09,16.93195128440857
7.819730853952933e-06,3.5375828932870945e-09,16.939597129821777
7.810286660969723e-06,3.5326281899727974e-09,16.946718215942383
7.80085611040704e-06,3.529027514659333e-09,16.954135179519653
7.791436473780777e-06,3.523251690396023e-09,16.961086988449097
7.782028660585638e-06,3.5141607401811825e-09,16.9685115814209
7.772636308800429e-06,3.510848500809516e-09,16.97593641281128
7.763258508930448e-06,3.5131326736603796e-09,16.983968496322632
7.75389253249159e-06,3.51125128972285e-09,16.990596532821655
7.744533832010347e-06,3.5000595755008135e-09,16.997366905212402
7.735191502433736e-06,3.4969873663470707e-09,17.00467276573181
7.72586190578295e-06,3.4919318547821376e-09,17.012235403060913
7.71657687437255e-06,3.5573559653556686e-09,17.019968509674072
7.707250006205868e-06,3.5051508362471395e-09,17.026815176010132
7.697954970353749e-06,3.492567568486038e-09,17.03490114212036
7.688669029448647e-06,3.475848497913603e-09,17.041642427444458
7.679399459448177e-06,3.4647362756601296e-09,17.05022692680359
7.670140803384129e-06,3.4499834100643056e-09,17.056725025177002
7.660896699235309e-06,3.443229035227091e-09,17.06356167793274
7.651703526789788e-06,3.519479374602952e-09,17.0709490776062
7.642466698598582e-06,3.470413512118853e-09,17.07831907272339
7.63325260777492e-06,3.446099627879562e-09,17.085994243621826
7.6240576163399965e-06,3.4353395683695e-09,17.09306287765503
7.6148771768203005e-06,3.4295715156673623e-09,17.100948333740234
7.605706286994973e-06,3.4190088538110786e-09,17.10767126083374
7.59658360038884e-06,3.485026711658179e-09,17.115450620651245
7.587422715005232e-06,3.4408014215614457e-09,17.121955394744873
7.5782845669891685e-06,3.420204341963995e-09,17.12869095802307
7.569160061393632e-06,3.4019604910895396e-09,17.135918617248535
7.560051471955376e-06,3.3917109121262e-09,17.14298391342163
7.550957434432348e-06,3.3896003781563877e-09,17.150700569152832
7.541875220340444e-06,3.38175976111188e-09,17.156972885131836
7.532804829679662e-06,3.375841606256813e-09,17.164037942886353
7.523746717197355e-06,3.369820644749666e-09,17.170960903167725
7.514701337640872e-06,3.3640135121970616e-09,17.1781804561615
7.505669145757565e-06,3.359163391891684e-09,17.18512511253357
7.49664786781068e-06,3.356169786528085e-09,17.19201683998108
7.487638413294917e-06,3.3494003126577354e-09,17.19922709465027
7.478641691704979e-06,3.3443807723188e-09,17.205715894699097
7.469657248293515e-06,3.3395941567704313e-09,17.212471961975098
7.460685083060525e-06,3.336090736993924e-09,17.21949052810669
7.451723377016606e-06,3.3293610091078563e-09,17.226332902908325
7.442775768140564e-06,3.327881081816031e-09,17.23389458656311
7.433805421896977e-06,3.246978685922386e-09,17.240270376205444
7.4248969212931115e-06,3.278270765960656e-09,17.246942043304443
7.415991149173351e-06,3.288364691655943e-09,17.253833532333374
7.4070931077585556e-06,3.2884965861512683e-09,17.260411262512207
7.398208254016936e-06,3.2927838233831608e-09,17.267549991607666
7.389333404717036e-06,3.292750294647817e-09,17.274075031280518
7.380467195616802e-06,3.2852018883033907e-09,17.280749797821045
7.371613719442394e-06,3.2775695490983026e-09,17.287591218948364
7.3627702477097046e-06,3.2692109019905047e-09,17.29426145553589
7.353942237386946e-06,3.2685090189943367e-09,17.301402807235718
7.345123776758555e-06,3.2634652757934646e-09,17.30831480026245
7.3363194132980425e-06,3.2602456290220516e-09,17.31576132774353
7.3275255090266e-06,3.255336666896369e-09,17.322205543518066
7.3187443376809824e-06,3.2541953576270544e-09,17.32870888710022
7.309974080271786e-06,3.2493201462813204e-09,17.335651397705078
7.3012165557884146e-06,3.2468903121696258e-09,17.342336893081665
7.29246767150471e-06,3.239914780905906e-09,17.349996328353882
7.283730610652128e-06,3.2293510088265975e-09,17.35697913169861
7.275008101714775e-06,3.2292171159298277e-09,17.36491107940674
7.266296506713843e-06,3.226109379639297e-09,17.37192726135254
7.257594006659929e-06,3.217076383066342e-09,17.37862801551819
7.248903784784488e-06,3.209650989433044e-09,17.385517358779907
7.24022493159282e-06,3.2015685658137727e-09,17.392048358917236
7.231557901832275e-06,3.1952067658380656e-09,17.39967155456543
7.2229045144922566e-06,3.1904234809587706e-09,17.406336784362793
7.214264314825414e-06,3.191959807580247e-09,17.4129478931427
7.205599558801623e-06,3.1102951325578942e-09,17.419885873794556
7.1969984674069565e-06,3.1480638096326174e-09,17.42668128013611
7.188396466517588e-06,3.1565876579264796e-09,17.434154748916626
7.179805379564641e-06,3.1659712629306114e-09,17.440735578536987
7.171223387558712e-06,3.166339856974787e-09,17.448237419128418
7.162649581005098e-06,3.1636755437602915e-09,17.45526695251465
7.154087143135257e-06,3.158217909415839e-09,17.461775302886963
7.145535164454486e-06,3.149560834359022e-09,17.46845817565918
7.136960448406171e-06,3.066025655584781e-09,17.47570037841797
7.128448942239629e-06,3.101487955348148e-09,17.484285831451416
7.119941528799245e-06,3.1168956304838957e-09,17.49156093597412
7.111407285265159e-06,3.0474969214822067e-09,17.500124216079712
7.102934432623442e-06,3.09104053464182e-09,17.50956153869629
7.0944579420029186e-06,3.099979606346892e-09,17.51767110824585
7.08598918208736e-06,3.1032014735643543e-09,17.524494171142578
7.077530881360872e-06,3.101739087796318e-09,17.5319607257843
7.069083039823454e-06,3.102728962645074e-09,17.538562059402466
7.0606452027277555e-06,3.0957483243554407e-09,17.545368432998657
7.052222827041987e-06,3.103527657088989e-09,17.551921844482422
7.0438072725664824e-06,3.099014822538493e-09,17.55826497077942
7.0354039962694515e-06,3.097080369940386e-09,17.565824508666992
7.027009814919438e-06,3.087815114710679e-09,17.572633743286133
7.018628821242601e-06,3.086773503468976e-09,17.57980990409851
7.010256013018079e-06,3.078195254246907e-09,17.586502075195312
7.0018950282246806e-06,3.071839005386323e-09,17.593209981918335
6.993546321609756e-06,3.0663767081051674e-09,17.60045862197876
6.985205800447147e-06,3.056751962660087e-09,17.60688853263855
6.976878466957714e-06,3.0504980763623735e-09,17.613609790802002
6.968562502152054e-06,3.0455078459112883e-09,17.62081003189087
6.9602601797669195e-06,3.045502294796165e-09,17.62915587425232
6.951931027288083e-06,2.9608457907670527e-09,17.63813281059265
6.943667358427774e-06,2.9989084548986966e-09,17.646475076675415
6.935404144314816e-06,3.014564153858146e-09,17.654752254486084
6.927149115654174e-06,3.023526540246735e-09,17.662830591201782
6.91890318194055e-06,3.0266440464998823e-09,17.671087503433228
6.910663159942487e-06,3.0191975586291164e-09,17.679256200790405
6.902438144607004e-06,3.022619488035616e-09,17.687015771865845
6.894219950481784e-06,3.016068284011908e-09,17.69520378112793
6.8860135797876865e-06,3.0111704241164716e-09,17.703240633010864
6.877815849293256e-06,2.9994959849233283e-09,17.71121835708618
6.869629942229949e-06,2.9953182156816638e-09,17.71932625770569
6.861454949103063e-06,2.9859898997841583e-09,17.727009296417236
6.853293143649353e-06,2.9858562289319934e-09,17.734907627105713
6.845139978395309e-06,2.977727397990293e-09,17.7419753074646
6.837000000814442e-06,2.9779512189520574e-09,17.750011920928955
6.828867299191188e-06,2.969671175634403e-09,17.757344484329224
6.820749604230514e-06,2.969336998503991e-09,17.7653706073761
6.812639639974805e-06,2.9646198829169634e-09,17.773792505264282
6.804541953897569e-06,2.961087597341816e-09,17.782049417495728
6.796453817514703e-06,2.955872435705942e-09,17.789879083633423
6.788377504562959e-06,2.9546716184825073e-09,17.796396017074585
6.780311650800286e-06,2.9519258148980043e-09,17.803831577301025
6.772253072995227e-06,2.9410902602222677e-09,17.811256885528564
6.764208592358045e-06,2.936102250217232e-09,17.81834387779236
6.756174116162583e-06,2.9337721141331485e-09,17.825940370559692
6.748148280166788e-06,2.926140885151085e-09,17.83320379257202
6.740137450833572e-06,2.926443309902993e-09,17.840605974197388
6.7321329879632685e-06,2.9206002061243908e-09,17.84884810447693
6.724140348524088e-06,2.9157614100938645e-09,17.856828451156616
6.716124971717363e-06,2.8339737223603834e-09,17.86359739303589
6.708170531055657e-06,2.8691840014971604e-09,17.870984315872192
6.700217454636004e-06,2.8832438658810133e-09,17.877843141555786
6.6922721089213155e-06,2.888131511724623e-09,17.885438442230225
6.6843017521023285e-06,2.816188393595098e-09,17.892908811569214
6.676404609606834e-06,2.886550110048347e-09,17.900318384170532
6.668469268333865e-06,2.8437050492158278e-09,17.908297538757324
6.66058713250095e-06,2.9021671732465393e-09,17.915786504745483
6.6526677073852625e-06,2.847998725741263e-09,17.92288827896118
6.644801487709628e-06,2.895148121240254e-09,17.92941689491272
6.6369188971293624e-06,2.8792352946283017e-09,17.936279773712158
6.629049948969623e-06,2.86973267371593e-09,17.942967653274536
6.621192824241007e-06,2.8655637862584626e-09,17.951542377471924
6.61333024254418e-06,2.824902312070776e-09,17.95870590209961
6.605501312151318e-06,2.8372995064529505e-09,17.967050552368164
6.5976787482213695e-06,2.842670987490692e-09,17.973766088485718
6.589850272575859e-06,2.807812427008116e-09,17.980655908584595
6.5820340751088224e-06,2.7792557144579177e-09,17.987382411956787
6.574252893187804e-06,2.8078701586053967e-09,17.994995832443237
6.566439878952224e-06,2.7372568656147678e-09,18.002620458602905
6.558667337230872e-06,2.739139359775322e-09,18.00958824157715
6.550906164193293e-06,2.74290701263169e-09,18.01764416694641
6.543153631355381e-06,2.7435151928045798e-09,18.024365425109863
6.535426564369118e-06,2.777432950296088e-09,18.031987190246582
6.52768676445703e-06,2.7614714959156572e-09,18.039191246032715
6.519957878481364e-06,2.7469162500182165e-09,18.04596972465515
6.512259460578207e-06,2.778920649149086e-09,18.053014039993286
6.5045428527810145e-06,2.7459394758011513e-09,18.0599467754364
6.49686126052984e-06,2.769513729461437e-09,18.067649364471436
6.48916602585814e-06,2.739118931671669e-09,18.075843811035156
6.481502623501001e-06,2.7586268824819626e-09,18.084070920944214
6.47382785246009e-06,2.727428505266971e-09,18.09080147743225
6.466182185249636e-06,2.7426236837158058e-09,18.097374439239502
6.458544703491498e-06,2.753872463401308e-09,18.104352235794067
6.45091267870157e-06,2.753744787753476e-09,18.110853672027588
6.443292477342766e-06,2.7576410044360955e-09,18.118435621261597
6.435679097194225e-06,2.7528272994459257e-09,18.126235246658325
6.4280770857294556e-06,2.7531921187318176e-09,18.134612560272217
6.420483714464353e-06,2.7494129195559935e-09,18.141687154769897
6.412900347640971e-06,2.74745337591753e-09,18.1495144367218
6.4053228925331496e-06,2.736491477861591e-09,18.15697479248047
6.3977608988352586e-06,2.7380062661563898e-09,18.16398000717163
6.390206635842333e-06,2.73203792922061e-09,18.171316862106323
6.382645551639143e-06,2.688448130783172e-09,18.178476095199585
6.375119937729323e-06,2.70743960584241e-09,18.185585260391235
6.367581590893678e-06,2.6704747302375154e-09,18.19255018234253
6.360078259604052e-06,2.694366285638239e-09,18.200612783432007
6.352576747303829e-06,2.69788746898314e-09,18.20837664604187
6.345068868540693e-06,2.6638486971819475e-09,18.216230630874634
6.337593731586821e-06,2.683697042371591e-09,18.223418951034546
6.330105861707125e-06,2.6511726147759873e-09,18.230228185653687
6.322632998490008e-06,2.632792206469503e-09,18.237114906311035
6.315188329608645e-06,2.656685760271671e-09,18.243831396102905
6.307750027190195e-06,2.6711473033458333e-09,18.251532316207886
6.3003158174979035e-06,2.6745385905968533e-09,18.25830841064453
6.292890702752629e-06,2.673133048247678e-09,18.265918731689453
6.28547331871232e-06,2.6718611767506673e-09,18.273305416107178
6.2780663938610815e-06,2.671154630817796e-09,18.28028130531311
6.270649919315474e-06,2.6238637929054676e-09,18.288025617599487
6.263269824557938e-06,2.64165711527653e-09,18.295236110687256
6.255895186768612e-06,2.6475026615457864e-09,18.303385496139526
6.248512818274321e-06,2.612352778541549e-09,18.31087303161621
6.241162282094592e-06,2.630438089568088e-09,18.318584442138672
6.2338194766198285e-06,2.6439992417692793e-09,18.32583260536194
6.226462119229836e-06,2.6028579291903498e-09,18.33389973640442
6.219138867891161e-06,2.617050798292553e-09,18.341984510421753
6.211807431100169e-06,2.5918374113587106e-09,18.35017204284668
6.204490091477055e-06,2.5744255616189093e-09,18.35745358467102
6.197183211043011e-06,2.5608060116866227e-09,18.365299940109253
6.189904524944723e-06,2.591723946565594e-09,18.373342752456665
6.182629476825241e-06,2.609992222346591e-09,18.38018488883972
6.175342605274636e-06,2.5750945820135485e-09,18.388150453567505
6.16808574704919e-06,2.591152181707912e-09,18.395185470581055
6.160833436297253e-06,2.5960011917902648e-09,18.40282893180847
6.1535770328191575e-06,2.5665991554291168e-09,18.409944534301758
6.146346549940063e-06,2.577773106082759e-09,18.41798710823059
6.1391256167553365e-06,2.58982524314888e-09,18.424895763397217
6.1319083215494175e-06,2.586712177787831e-09,18.432570695877075
6.124701030785218e-06,2.5867707975635312e-09,18.439566612243652
6.117486009316053e-06,2.5455382246519775e-09,18.447439908981323
6.110305548645556e-06,2.5645525703055227e-09,18.454631567001343
6.103127361711813e-06,2.56654475450091e-09,18.461806297302246
6.095957814977737e-06,2.568674606351351e-09,18.469512224197388
6.0887946347065736e-06,2.5616648802184727e-09,18.476826429367065
6.081644187361235e-06,2.562466239197647e-09,18.484719038009644
6.07448555456358e-06,2.524543019077896e-09,18.492732763290405
6.067342837923206e-06,2.4986046565089737e-09,18.500943660736084
6.06022967986064e-06,2.5256499114334474e-09,18.50872540473938
6.053120614524232e-06,2.5369693013033157e-09,18.516902208328247
6.046001544746105e-06,2.503896645578152e-09,18.5239417552948
6.038912033545785e-06,2.522099640245301e-09,18.531631231307983
6.031813882145798e-06,2.4934696529754774e-09,18.539682865142822
6.024728918418987e-06,2.476055804834232e-09,18.546414852142334
6.017657142365351e-06,2.4661164221839726e-09,18.554184198379517
6.010610377416015e-06,2.4956219313310157e-09,18.560961484909058
6.0035658862034325e-06,2.5104911482998205e-09,18.56850528717041
5.996525487717008e-06,2.5142619097806573e-09,18.57593560218811
5.989492365188198e-06,2.510548213763286e-09,18.585675954818726
5.98247061134316e-06,2.5130493241931617e-09,18.59301233291626
5.975438398309052e-06,2.4699473577527442e-09,18.60197639465332
5.968439836578909e-06,2.4858242131386987e-09,18.6097149848938
5.961446731816977e-06,2.4929163178200042e-09,18.618297815322876
5.954458629275905e-06,2.4903688000676993e-09,18.62585186958313
5.947482350165956e-06,2.492205775084244e-09,18.63431191444397
5.940494702372234e-06,2.449052072250879e-09,18.64257287979126
5.933525699219899e-06,2.4269819487443556e-09,18.65166163444519
5.926586709392723e-06,2.456205239198539e-09,18.659024000167847
5.9196504480496515e-06,2.4674788878797926e-09,18.667502641677856
5.912702818022808e-06,2.4325588210416527e-09,18.675323963165283
5.905770649405895e-06,2.4146986632445078e-09,18.68377661705017
5.898867584619438e-06,2.4437396550780477e-09,18.691408157348633
5.891963155590929e-06,2.448489633266604e-09,18.699602842330933
5.885051905352157e-06,2.4150881294815463e-09,18.70770025253296
5.878157026018016e-06,2.4009325638729706e-09,18.715744733810425
5.871272151125595e-06,2.3874147103697396e-09,18.72401738166809
5.864399554411648e-06,2.3821349337538322e-09,18.73192572593689
5.857551514054649e-06,2.4171256107763384e-09,18.740208864212036
5.850703928445e-06,2.430937673381095e-09,18.747337102890015
5.8438613450562116e-06,2.4342154958389983e-09,18.75472593307495
5.837024218635634e-06,2.430304402167849e-09,18.761753797531128
5.8301957324147224e-06,2.4277042598441767e-09,18.76999020576477
5.8233626987203024e-06,2.389934028457219e-09,18.777082681655884
5.816560133098392e-06,2.4064683579183566e-09,18.78515648841858
5.809747108287411e-06,2.376048691132837e-09,18.7921040058136
5.802962732559536e-06,2.39481812158715e-09,18.800410509109497
5.7961824495578185e-06,2.401073118107888e-09,18.807758808135986
5.789409897261066e-06,2.4060204939502228e-09,18.8158700466156
5.7826282500172965e-06,2.368217622006341e-09,18.823868989944458
5.775862064183457e-06,2.3448030184169966e-09,18.831925868988037
5.769124527432723e-06,2.373608198880106e-09,18.83995246887207
5.762374257756164e-06,2.345895033784018e-09,18.846999406814575
5.755637630500132e-06,2.330833304142743e-09,18.854862213134766
5.7489273785904516e-06,2.3620558842196715e-09,18.861836671829224
5.742203939007595e-06,2.3392763282004125e-09,18.869380950927734
5.735491868108511e-06,2.3225072975918692e-09,18.877244472503662
5.72880708205048e-06,2.350532657402482e-09,18.885143280029297
5.722123660234502e-06,2.361385531557403e-09,18.892362117767334
5.715445240639383e-06,2.3641915092298404e-09,18.901013135910034
5.708759090339299e-06,2.3282558103687734e-09,18.908077001571655
5.702088401449146e-06,2.308089275260272e-09,18.91643786430359
5.695446361642098e-06,2.337571691768403e-09,18.9238760471344
5.688804776582401e-06,2.3464352683078005e-09,18.930877208709717
5.682155460817739e-06,2.3151558448120113e-09,18.93836784362793
5.675519332726253e-06,2.296823176095586e-09,18.945122003555298
5.668910034728469e-06,2.3217654465668147e-09,18.952810764312744
5.662301191478036e-06,2.3295461115679927e-09,18.959930896759033
5.655699169437867e-06,2.3318509345671146e-09,18.96838068962097
5.649101694871206e-06,2.3261650383687993e-09,18.975854873657227
5.6425024013151415e-06,2.2926951448454247e-09,18.984426259994507
5.635915385937551e-06,2.270560850448078e-09,18.991612434387207
5.629342012980487e-06,2.2602837379537277e-09,18.99972176551819
5.62279274163302e-06,2.289246792130939e-09,19.007009267807007
5.6162311921070796e-06,2.26692664639927e-09,19.013996839523315
5.609696472674841e-06,2.2902491014775705e-09,19.023550033569336
5.603167664958164e-06,2.307616542296387e-09,19.03029990196228
5.596626124315662e-06,2.272364740818489e-09,19.037907123565674
5.590113232756266e-06,2.288076395018379e-09,19.044686555862427
5.583589427260449e-06,2.2564079493747613e-09,19.052298545837402
5.577081992669264e-06,2.2448467529301297e-09,19.059146881103516
5.570582288783044e-06,2.2316140046996225e-09,19.06761336326599
5.5640939535805956e-06,2.2244368569346307e-09,19.07453155517578
5.557631538977148e-06,2.2619139894430873e-09,19.082544326782227
5.551150934479665e-06,2.2345345573882014e-09,19.089988231658936
5.544699433812639e-06,2.2590074255646186e-09,19.096774101257324
5.538250206882367e-06,2.2684596423516723e-09,19.103893518447876
5.531805982172955e-06,2.2692208112573553e-09,19.110962867736816
5.525369033421157e-06,2.2690160861316144e-09,19.1182963848114
5.518926627701148e-06,2.2342614425241436e-09,19.12532377243042
5.512496954906965e-06,2.21139151435068e-09,19.133018493652344
5.506094566953834e-06,2.2341082317467453e-09,19.1401264667511
5.499677172338124e-06,2.2023625145806136e-09,19.14730429649353
5.493278877111152e-06,2.1959203344579237e-09,19.155298233032227
5.486889676831197e-06,2.1903165947634307e-09,19.162139177322388
5.4805072977615055e-06,2.183032865588075e-09,19.170047283172607
5.4741344683861826e-06,2.1784853920792102e-09,19.177177906036377
5.467768005473772e-06,2.1722263987555834e-09,19.185238122940063
5.46142655366566e-06,2.2056656501234784e-09,19.192503452301025
5.455085101857549e-06,2.2187385262384396e-09,19.20090389251709
5.448746833280893e-06,2.2205628447125036e-09,19.208736896514893
5.442417204903904e-06,2.224820772056546e-09,19.216946840286255
5.436078481579898e-06,2.1865460553271987e-09,19.223949909210205
5.429755219665822e-06,2.1646917591766623e-09,19.231946229934692
5.423443781182868e-06,2.153447198338654e-09,19.239626169204712
5.4171432566363364e-06,2.1497192914665675e-09,19.24664068222046
5.410852281784173e-06,2.148488498221468e-09,19.254603147506714
5.404567673394922e-06,2.1450421439084266e-09,19.261622667312622
5.398292159952689e-06,2.1411892259237675e-09,19.269645929336548
5.392037110141246e-06,2.1724839704972965e-09,19.27752661705017
5.385782969824504e-06,2.1840798059002964e-09,19.285303592681885
5.3795333769812714e-06,2.187907854889204e-09,19.292367219924927
5.373276053433074e-06,2.1528230309542096e-09,19.301190853118896
5.367033281800104e-06,2.134440402201676e-09,19.30814027786255
5.360802333598258e-06,2.125196241209437e-09,19.31618595123291
5.3545959417533595e-06,2.157786394008099e-09,19.324095249176025
5.348374997993233e-06,2.134082244253932e-09,19.3318874835968
5.342164968169527e-06,2.1190018628658436e-09,19.339138746261597
5.335964942787541e-06,2.1083215173689496e-09,19.346250295639038
5.3297749218472745e-06,2.1025996499446364e-09,19.35339593887329
5.323594450601377e-06,2.101670393273025e-09,19.360532999038696
5.317421710060444e-06,2.1010386763720135e-09,19.368545055389404
5.311255790729774e-06,2.0970900571626316e-09,19.37659978866577
5.3050985115987714e-06,2.0957933166698695e-09,19.385009050369263
5.298961241351208e-06,2.1245902814825968e-09,19.39262366294861
5.292812147672521e-06,2.106895102826911e-09,19.40153217315674
5.286673058435554e-06,2.0927186650254725e-09,19.408738613128662
5.280558980302885e-06,2.121174569325035e-09,19.41729736328125
5.27443125974969e-06,2.0948542900356415e-09,19.425010204315186
5.268314453132916e-06,2.0787693788548722e-09,19.433380842208862
5.262208560452564e-06,2.0708161851956675e-09,19.440534830093384
5.256111762719229e-06,2.064932669298969e-09,19.449039936065674
5.250040430837544e-06,2.102952922911072e-09,19.455979824066162
5.243950454314472e-06,2.0773205378077364e-09,19.463507890701294
5.2378727559698746e-06,2.061639081674116e-09,19.47077202796936
5.231807790551102e-06,2.060208670329189e-09,19.47806668281555
5.225766017247224e-06,2.0964425750946702e-09,19.485084772109985
5.219721970206592e-06,2.1070982736404176e-09,19.492026567459106
5.2136688282189425e-06,2.076491867342156e-09,19.500144243240356
5.207626600167714e-06,2.055060344119397e-09,19.507596492767334
5.201596195547609e-06,2.0435075853697526e-09,19.515495777130127
5.195574885874521e-06,2.034768575853718e-09,19.522562742233276
5.189561761653749e-06,2.0283232871065593e-09,19.52970576286316
5.183558641874697e-06,2.0277250989408913e-09,19.538017749786377
5.177561888558557e-06,2.0244668164082213e-09,19.54507827758789
5.1715728659473825e-06,2.0219135254961884e-09,19.552361488342285
5.16559020979912e-06,2.0170347614367756e-09,19.55917000770569
5.159616648597876e-06,2.0157229219108785e-09,19.567471027374268
5.153666279511526e-06,2.051210090669997e-09,19.575908422470093
5.147699084773194e-06,2.0295365388278697e-09,19.584452152252197
5.141758265381213e-06,2.053496261922305e-09,19.591436862945557
5.135804258316057e-06,2.0259258715071837e-09,19.59958529472351
5.129862984176725e-06,2.0100547892809573e-09,19.606578588485718
5.123932169226464e-06,2.0006798440164175e-09,19.615304708480835
5.1180099944758695e-06,1.997586318580602e-09,19.622583150863647
5.112096914672293e-06,1.9969506048767016e-09,19.62933325767517
5.106203389004804e-06,2.027775725110814e-09,19.636953353881836
5.100296220916789e-06,2.004706178837523e-09,19.6443612575531
5.094401785754599e-06,1.99661420730024e-09,19.651970624923706
5.088514171802672e-06,1.9849910604108345e-09,19.65966773033142
5.082636107545113e-06,1.977928487661984e-09,19.667951345443726
5.07676577399252e-06,1.974744812116569e-09,19.675870895385742
5.070904080639593e-06,1.972147112283551e-09,19.684229135513306
5.065050117991632e-06,1.9713370935647845e-09,19.691410779953003
5.059201612311881e-06,1.966478757609025e-09,19.699338674545288
5.053362201579148e-06,1.9644945670194147e-09,19.706196546554565
5.0475282478146255e-06,1.959844064813865e-09,19.713537216186523
5.041702024755068e-06,1.9551413821261576e-09,19.721498250961304
5.0358848966425285e-06,1.9538064499613483e-09,19.728487253189087
5.030075044487603e-06,1.95300220440231e-09,19.73619055747986
5.024269739806186e-06,1.9479056145854656e-09,19.744312047958374
5.018473984819138e-06,1.944661542907511e-09,19.752309799194336
5.012685051042354e-06,1.9430992370672584e-09,19.759188890457153
5.0069020289811306e-06,1.9373491699781198e-09,19.76751470565796
5.001127192372223e-06,1.934084892241117e-09,19.775854110717773
4.995362360205036e-06,1.9367727421837344e-09,19.78519630432129
4.989602530258708e-06,1.9338908252564124e-09,19.79251742362976
4.983849521522643e-06,1.930918314130281e-09,19.80080556869507
4.978102879249491e-06,1.926134807206381e-09,19.80832052230835
4.972378519596532e-06,1.9604027290398562e-09,19.81621026992798
4.966654614690924e-06,1.9756141167448504e-09,19.823777437210083
4.960918886354193e-06,1.941368177327263e-09,19.832648515701294
4.955196800437989e-06,1.925625436882683e-09,19.8404324054718
4.949484718963504e-06,1.917927594519142e-09,19.848588466644287
4.943781732436037e-06,1.913274427778333e-09,19.856743097305298
4.938085112371482e-06,1.907525915001429e-09,19.86587929725647
4.932397132506594e-06,1.905707369687093e-09,19.873299598693848
4.9267159738519695e-06,1.903237567546512e-09,19.881998538970947
4.921041636407608e-06,1.900346102701178e-09,19.889618635177612
4.91537412017351e-06,1.897396462169354e-09,19.89640736579895
4.909713879897026e-06,1.8925874201158877e-09,19.904285430908203
4.904061370325508e-06,1.8900083720296834e-09,19.91179084777832
4.898416136711603e-06,1.8892407638304576e-09,19.91938352584839
4.8927786338026635e-06,1.888866840715764e-09,19.92638349533081
4.887146133114584e-06,1.8831340931058094e-09,19.93474769592285
4.881522272626171e-06,1.8824815040119347e-09,19.941742181777954
4.875902959611267e-06,1.8772223775442853e-09,19.949525594711304
4.8702927415433805e-06,1.874287836045596e-09,19.956993341445923
4.864689799433108e-06,1.873647903494202e-09,19.965259313583374
4.859107320953626e-06,1.9084902547206184e-09,19.97326350212097
4.853510290558916e-06,1.8853585359579483e-09,19.98064923286438
4.847937361773802e-06,1.908488700408384e-09,19.988633632659912
4.842352154810214e-06,1.879829625295315e-09,19.99570083618164
4.836779680772452e-06,1.8656673983485916e-09,20.003931522369385
4.831214937439654e-06,1.8568547810460245e-09,20.011577129364014
4.825659743801225e-06,1.8512787969271471e-09,20.019386053085327
4.820112280867761e-06,1.849995046043773e-09,20.026663541793823
4.814570274902508e-06,1.845893216056993e-09,20.035221099853516
4.80903645438957e-06,1.8438971460810194e-09,20.043535947799683
4.8035240070021246e-06,1.8790162759074747e-09,20.05169916152954
4.7979970076994505e-06,1.8590122774497786e-09,20.059194803237915
4.792480467585847e-06,1.846557906581836e-09,20.067689418792725
4.786971658177208e-06,1.8399394230428356e-09,20.07504892349243
4.781470124726184e-06,1.832360485565232e-09,20.083572149276733
4.775976776727475e-06,1.8275297941627855e-09,20.09203290939331
4.770491159433732e-06,1.825831152935109e-09,20.101261615753174
4.765011908602901e-06,1.8225190245857448e-09,20.108726739883423
4.759538569487631e-06,1.8163484050148782e-09,20.117119789123535
4.754072051582625e-06,1.8123679224046896e-09,20.124704122543335
4.7486150833719876e-06,1.8134824752991108e-09,20.132608652114868
4.74316311738221e-06,1.81181158964705e-09,20.140470266342163
4.737719336844748e-06,1.810955607695064e-09,20.147343158721924
4.732280558528146e-06,1.8059147510740559e-09,20.155367136001587
4.726848146674456e-06,1.8035692939122328e-09,20.16244864463806
4.721424829767784e-06,1.8026801162918105e-09,20.170811891555786
4.716006060334621e-06,1.7977082045206316e-09,20.178033351898193
4.710594112111721e-06,1.7954995268354423e-09,20.18564796447754
4.705204446509015e-06,1.8309194160792686e-09,20.19302272796631
4.699797955254326e-06,1.8070558382987656e-09,20.201589345932007
4.6944032874307595e-06,1.79388492949073e-09,20.20919704437256
4.689017714554211e-06,1.7883409197949618e-09,20.21747350692749
4.683639417635277e-06,1.7849171030093203e-09,20.22494077682495
4.678267941926606e-06,1.7814205666155658e-09,20.233014822006226
4.672903742175549e-06,1.7804034913027067e-09,20.241142511367798
4.667559096560581e-06,1.8110616339939156e-09,20.249253511428833
4.6622008085250854e-06,1.7894817849750666e-09,20.257035732269287
4.65685252493131e-06,1.7776902172528253e-09,20.264005422592163
4.651527433452429e-06,1.807208604986954e-09,20.27194595336914
4.646188244805671e-06,1.784504433111067e-09,20.279058694839478
4.640860879590036e-06,1.7750272363059594e-09,20.287129640579224
4.635553978005191e-06,1.8022295877884176e-09,20.293907165527344
4.630234798241872e-06,1.7778977179361277e-09,20.30149221420288
4.624925168172922e-06,1.7625528814235736e-09,20.309064149856567
4.619625997293042e-06,1.756869538738215e-09,20.317424774169922
4.6143331928760745e-06,1.751889189272049e-09,20.32455587387085
4.609046754922019e-06,1.7468732016467925e-09,20.332560777664185
4.603768957167631e-06,1.7455059619919666e-09,20.340040683746338
4.598496616381453e-06,1.7418875231101083e-09,20.346805095672607
4.593229732563486e-06,1.7380243910736226e-09,20.354363918304443
4.587971034197835e-06,1.7341778013602038e-09,20.36151885986328
4.582718702295097e-06,1.733094556755077e-09,20.369157314300537
4.577473646349972e-06,1.7323298351357153e-09,20.376494646072388
4.5722331378783565e-06,1.7269241592288154e-09,20.38432240486145
4.567000814859057e-06,1.7259765838772978e-09,20.39205574989319
4.56177485830267e-06,1.7243119154741748e-09,20.400445699691772
4.556553903967142e-06,1.7203735103166196e-09,20.40792179107666
4.5513415898312815e-06,1.7224066617416156e-09,20.415807723999023
4.546133368421579e-06,1.716282116426271e-09,20.42396593093872
4.540933332464192e-06,1.715417030645483e-09,20.43248224258423
4.535737389232963e-06,1.709533181681877e-09,20.440171480178833
4.530550540948752e-06,1.7087927739467546e-09,20.44747257232666
4.525369149632752e-06,1.7061971835374834e-09,20.45564293861389
4.520195034274366e-06,1.7061639878690471e-09,20.462637424468994
4.515026830631541e-06,1.7039661903694991e-09,20.470262050628662
4.509864083956927e-06,1.700005247684544e-09,20.478065252304077
4.504721800913103e-06,1.7323694700976944e-09,20.48558259010315
4.49956496595405e-06,1.711550678962226e-09,20.49344253540039
4.494419044931419e-06,1.7034614829825045e-09,20.50148105621338
4.489280854613753e-06,1.6959854631792837e-09,20.509775161743164
4.48414948550635e-06,1.6921184453622118e-09,20.518292665481567
4.479025847103912e-06,1.6880622455417438e-09,20.526626586914062
4.473905846680282e-06,1.6809255098948483e-09,20.536623001098633
4.46879539595102e-06,1.6816243952888499e-09,20.544419050216675
4.463689947442617e-06,1.678363226176316e-09,20.552082538604736
4.458591320144478e-06,1.6770654864828316e-09,20.559311628341675
4.453497695067199e-06,1.6714051254140827e-09,20.567861557006836
4.448410891200183e-06,1.6668912916628642e-09,20.575381755828857
4.443330453796079e-06,1.6639256639194855e-09,20.58392024040222
4.438256382854888e-06,1.6613377340490842e-09,20.59137487411499
4.433190042618662e-06,1.6612473618948798e-09,20.59913969039917
4.428129159350647e-06,1.659937298725822e-09,20.60692834854126
4.423074187798193e-06,1.6579237982483619e-09,20.614012002944946
4.418026037456002e-06,1.6553396431362444e-09,20.621628284454346
4.4129819798399694e-06,1.650579561918164e-09,20.628394603729248
4.407946107676253e-06,1.64859204065948e-09,20.63597321510315
4.402917056722799e-06,1.6502547106611587e-09,20.644030332565308
4.397892098495504e-06,1.645181768594739e-09,20.652381420135498
4.392874416225823e-06,1.643507996362814e-09,20.659640312194824
4.387862645671703e-06,1.6400963920304434e-09,20.66774272918701
4.382857241580496e-06,1.6381553891164913e-09,20.674845695495605
4.37785774920485e-06,1.633984392235277e-09,20.68269634246826
4.3728641685447656e-06,1.6301937577622994e-09,20.690312385559082
4.367877409094945e-06,1.6280859993500485e-09,20.697323322296143
4.362897925602738e-06,1.629537393910141e-09,20.705013751983643
4.357923899078742e-06,1.6295362836871163e-09,20.71222233772278
4.352956239017658e-06,1.6291179516514376e-09,20.719820737838745
4.347993126430083e-06,1.6262592383853303e-09,20.72685194015503
4.343035470810719e-06,1.6198378194332008e-09,20.734192371368408
4.338085091148969e-06,1.6164456440037611e-09,20.741604566574097
4.333140168455429e-06,1.6120753620896267e-09,20.749181270599365
4.328200702730101e-06,1.607210808884929e-09,20.75706911087036
4.323269422457088e-06,1.6071669550754564e-09,20.76492691040039
4.3183440538996365e-06,1.6061304508596663e-09,20.77264666557312
4.313424142310396e-06,1.6041891148788068e-09,20.779648303985596
4.308510597184068e-06,1.6019831017288766e-09,20.787392139434814
4.30360250902595e-06,1.6007476455470737e-09,20.794394493103027
4.29869851359399e-06,1.5911699735582374e-09,20.801741123199463
4.29380452260375e-06,1.5933206976015413e-09,20.80922245979309
4.288913260097615e-06,1.588028486487758e-09,20.81689143180847
4.284031547285849e-06,1.5902741345996674e-09,20.82458806037903
4.279153927200241e-06,1.5909289441395913e-09,20.832439422607422
4.274282218830194e-06,1.587253883883477e-09,20.840378999710083
4.269416422175709e-06,1.5849015433389013e-09,20.848231554031372
4.264556991984136e-06,1.584819386835079e-09,20.855666399002075
4.259703473508125e-06,1.5826192578671794e-09,20.862406492233276
4.254855412000325e-06,1.5814868303820617e-09,20.86983370780945
4.250014171702787e-06,1.5810276421390768e-09,20.877362728118896
4.245177024131408e-06,1.5769774375229417e-09,20.88495898246765
4.240347607264994e-06,1.5754185733740655e-09,20.8923921585083
4.2355222831247374e-06,1.571920815734984e-09,20.900137662887573
4.230704234942095e-06,1.570629182268135e-09,20.90759038925171
4.225890734232962e-06,1.5651274720696051e-09,20.915876388549805
4.221084964228794e-06,1.5647979578758964e-09,20.923362255096436
4.216282832203433e-06,1.5570137401610396e-09,20.930147647857666
4.211487521388335e-06,1.5554423304919851e-09,20.937662839889526
4.206699031783501e-06,1.5549332932351945e-09,20.944834232330322
4.201914180157473e-06,1.5473429204604372e-09,20.9523344039917
4.197137968731113e-06,1.5480624560026968e-09,20.959759950637817
4.192367214272963e-06,1.5473808900878794e-09,20.967489004135132
4.187601462035673e-06,1.5447179091410135e-09,20.974170684814453
4.182842531008646e-06,1.5448176071686248e-09,20.981621503829956
4.178087237960426e-06,1.5386290019847593e-09,20.98837447166443
4.1733396756171715e-06,1.5367853656300667e-09,20.99533486366272
4.168598024989478e-06,1.5377111806103017e-09,21.002207040786743
4.163862286077347e-06,1.5376843132131057e-09,21.00918197631836
4.159131549386075e-06,1.5353378568505605e-09,21.017110347747803
4.1544062696630135e-06,1.5326573343799055e-09,21.02400302886963
4.1496878111502156e-06,1.5320792412509832e-09,21.032017946243286
4.144974354858277e-06,1.5289363108905718e-09,21.03879404067993
4.140253167861374e-06,1.4899688149938584e-09,21.045580863952637
4.13555699196877e-06,1.5039187672982735e-09,21.05227041244507
4.130864908802323e-06,1.5123753360768433e-09,21.059195280075073
4.126176008867333e-06,1.5147904042223104e-09,21.06726884841919
4.1214912016585e-06,1.511739400328338e-09,21.073964834213257
4.11681276091258e-06,1.5092888050460829e-09,21.08165979385376
4.112140686629573e-06,1.5113619244999654e-09,21.088518142700195
4.107473159820074e-06,1.5091984328918784e-09,21.0952570438385
4.102810180484084e-06,1.5048675638951181e-09,21.101993799209595
4.098154477105709e-06,1.503348334708221e-09,21.10873579978943
4.093505140190246e-06,1.5052132873449864e-09,21.116836547851562
4.088860350748291e-06,1.5010628295897277e-09,21.12475061416626
4.084207375854021e-06,1.4621577282269982e-09,21.13280463218689
4.079580776306102e-06,1.47901235703074e-09,21.139848947525024
4.0749569052422885e-06,1.4875759513088838e-09,21.14664316177368
4.070336217409931e-06,1.4896222033655704e-09,21.153663873672485
4.065720077051083e-06,1.488558498685677e-09,21.16050100326538
4.061109848407796e-06,1.4887210353364821e-09,21.167749166488647
4.0565046219853684e-06,1.486627376756644e-09,21.174468994140625
4.051904852531152e-06,1.4845357165782502e-09,21.18236780166626
4.047310085297795e-06,1.4821711635804036e-09,21.189168691635132
4.042723048769403e-06,1.4823492433535534e-09,21.196208000183105
4.038139650219819e-06,1.4796470715339183e-09,21.20353102684021
4.033562618133146e-06,1.4777316037495325e-09,21.21051263809204
4.028991043014685e-06,1.4760540567593239e-09,21.218798398971558
4.024424924864434e-06,1.475279454155043e-09,21.227715253829956
4.019863354187692e-06,1.4697544292729958e-09,21.23488187789917
4.015307695226511e-06,1.4670644699066315e-09,21.241809129714966
4.010757947980892e-06,1.4637812073559076e-09,21.249818325042725
4.0062136577034835e-06,1.4611913901063645e-09,21.256577253341675
4.001676188636338e-06,1.4627307143300072e-09,21.263309240341187
3.997144176537404e-06,1.4627254962817915e-09,21.270098447799683
3.992616711911978e-06,1.4610765930456182e-09,21.277247667312622
3.9880933400127105e-06,1.4542232973369096e-09,21.28436779975891
3.983562237408478e-06,1.4126591008079004e-09,21.291308403015137
3.979058874392649e-06,1.4313622509476431e-09,21.29915499687195
3.974556875618873e-06,1.4385793667415214e-09,21.30745792388916
3.970058969571255e-06,1.4427988803689118e-09,21.315415143966675
3.965565156249795e-06,1.4435719286609583e-09,21.322682857513428
3.961076345149195e-06,1.4426250194432555e-09,21.329965114593506
3.956593445764156e-06,1.4418378713187963e-09,21.33715033531189
3.952116458094679e-06,1.4420710181539675e-09,21.34426236152649
3.947643108404009e-06,1.4392246283634336e-09,21.35137104988098
3.943160663766321e-06,1.3965203438104368e-09,21.358324766159058
3.938705958717037e-06,1.413083428047912e-09,21.366737604141235
3.934252617909806e-06,1.4202419240660902e-09,21.373533248901367
3.929803369828733e-06,1.4234153855596787e-09,21.38066339492798
3.925358669221168e-06,1.4242677037756835e-09,21.38738203048706
3.920919425581815e-06,1.424776741032474e-09,21.39488124847412
3.916484274668619e-06,1.4224791344830123e-09,21.402342796325684
3.912054125976283e-06,1.419364292765124e-09,21.409202575683594
3.907616246578982e-06,1.3801189080453469e-09,21.41705298423767
3.903205197275383e-06,1.399500959564648e-09,21.42376470565796
3.898794602719136e-06,1.405409788546308e-09,21.43215537071228
3.894374458468519e-06,1.368314239691415e-09,21.43897318840027
3.889979780069552e-06,1.3909429164016274e-09,21.44578766822815
3.885586465912638e-06,1.3983794122651716e-09,21.45359754562378
3.881196789734531e-06,1.404963811957316e-09,21.46167802810669
3.876810751535231e-06,1.4041930951336212e-09,21.46848702430725
3.872429715556791e-06,1.403216542961161e-09,21.47537350654602
3.868052772304509e-06,1.3987996316799922e-09,21.482919931411743
3.863681286020437e-06,1.3957812683429438e-09,21.48978543281555
3.859316620946629e-06,1.3957536237896306e-09,21.497323751449585
3.854955593851628e-06,1.3931545916889831e-09,21.50460958480835
3.850601842714241e-06,1.3943208809763519e-09,21.511780977249146
3.84625127480831e-06,1.3900145479084358e-09,21.519148111343384
3.841907982859993e-06,1.390711434900993e-09,21.526337146759033
3.837568783637835e-06,1.3893443062684696e-09,21.534117698669434
3.833220489468658e-06,1.348094968989244e-09,21.54087519645691
3.8288981158984825e-06,1.3635046425264363e-09,21.5483136177063
3.824578470812412e-06,1.3722644132130313e-09,21.555004119873047
3.820261099463096e-06,1.372844060654188e-09,21.561875820159912
3.815950094576692e-06,1.3760602657342247e-09,21.569032669067383
3.8116440919111483e-06,1.380039749143691e-09,21.576689958572388
3.8073405903560342e-06,1.3745028448752805e-09,21.584184885025024
3.803029358095955e-06,1.3351501015890221e-09,21.591010570526123
3.798743819061201e-06,1.3521948005745799e-09,21.598350286483765
3.7944605537632015e-06,1.3597147852095759e-09,21.605417251586914
3.7901806990703335e-06,1.3644109175814378e-09,21.612823247909546
3.785905164477299e-06,1.3651927366353789e-09,21.619893550872803
3.781633495236747e-06,1.3634438023046869e-09,21.626857042312622
3.7773656913486775e-06,1.357544632263341e-09,21.634138345718384
3.7731051634182222e-06,1.3571934687206522e-09,21.640918970108032
3.7688485008402495e-06,1.354904188843875e-09,21.650087356567383
3.7645977499778382e-06,1.3536216592058281e-09,21.656817197799683
3.7603517739626113e-06,1.3513453689384392e-09,21.66359305381775
3.7561042063316563e-06,1.3290527567377808e-09,21.67025923728943
3.751865733647719e-06,1.3196905790380242e-09,21.677191972732544
3.747646360352519e-06,1.3491195938186706e-09,21.68445110321045
3.7434206205944065e-06,1.3463010706260548e-09,21.69114089012146
3.7391939713415923e-06,1.3257920317144567e-09,21.699124574661255
3.734976644409471e-06,1.3188654612861228e-09,21.705775499343872
3.7307645470718853e-06,1.3111003394072895e-09,21.71348810195923
3.7265651826601243e-06,1.3246100882824408e-09,21.720478534698486
3.722367182490416e-06,1.3289032096963638e-09,21.72760009765625
3.718166908583953e-06,1.313135267189125e-09,21.735114097595215
3.713981413966394e-06,1.3230115891715855e-09,21.742081880569458
3.7097988752066158e-06,1.3260125220071473e-09,21.7501859664917
3.705626340888557e-06,1.3450410785154077e-09,21.757317781448364
3.7014353893027874e-06,1.297658425158943e-09,21.76545214653015
3.6972642192267813e-06,1.2915770675192562e-09,21.772419929504395
3.6931057820766e-06,1.307647212733798e-09,21.780023336410522
3.6889487091684714e-06,1.3131529197352165e-09,21.787168979644775
3.684794364744448e-06,1.3123514497337396e-09,21.794776916503906
3.6806459320359863e-06,1.3148723221334535e-09,21.80209755897522
3.67649522559077e-06,1.295398233125411e-09,21.809261560440063
3.6723524772241944e-06,1.2839423968458163e-09,21.817425966262817
3.6682156405731803e-06,1.2763720080855023e-09,21.82441473007202
3.664085852506105e-06,1.2738182730842595e-09,21.83207869529724
3.659959929791512e-06,1.2700519524955212e-09,21.838768005371094
3.6558403735398315e-06,1.2677006111516675e-09,21.847169637680054
3.6517251373879844e-06,1.2661095505350772e-09,21.854414701461792
3.647622634161962e-06,1.2844525443256316e-09,21.8613440990448
3.643514446594054e-06,1.2728403886441697e-09,21.868151664733887
3.639412625489058e-06,1.2667377147224101e-09,21.87496256828308
3.6353162613522727e-06,1.2608806221336977e-09,21.883527994155884
3.631225808931049e-06,1.2582487274315213e-09,21.890678882598877
3.6271401313570095e-06,1.2555586570428545e-09,21.898728370666504
3.623060138124856e-06,1.2545703365063332e-09,21.9070782661438
3.6189856018609134e-06,1.255139658873361e-09,21.915205478668213
3.6149212974123657e-06,1.270696659005921e-09,21.92291808128357
3.6108517633692827e-06,1.2584518982450277e-09,21.93068265914917
3.6067908695258666e-06,1.2558974971099701e-09,21.938493013381958
3.6027397527504945e-06,1.2687974004776947e-09,21.945563077926636
3.598684315875289e-06,1.2544232319555704e-09,21.953317880630493
3.59464252142061e-06,1.2661413029135815e-09,21.960515022277832
3.590597543734475e-06,1.2530245729891476e-09,21.968608856201172
3.586559159884928e-06,1.2451206732322362e-09,21.976020097732544
3.58253328158753e-06,1.2597430876226667e-09,21.984044075012207
3.578509449653211e-06,1.2666548920847731e-09,21.99171257019043
3.574480842871708e-06,1.2475833699454597e-09,22.00024724006653
3.5704617857845733e-06,1.2386677239462074e-09,22.007853269577026
3.566448413039325e-06,1.233940283285051e-09,22.015902280807495
3.5624402698886115e-06,1.2302832086419357e-09,22.023615837097168
3.5584439501690213e-06,1.2464457244121263e-09,22.03198504447937
3.5544487673178082e-06,1.2529352000356653e-09,22.039432525634766
3.5504506286088144e-06,1.2371234037189538e-09,22.048598289489746
3.546459311110084e-06,1.2280693129085307e-09,22.056023597717285
3.5424745874479413e-06,1.2215312095165132e-09,22.062901735305786
3.5384955481276847e-06,1.2190207732132308e-09,22.070254802703857
3.5345203741599107e-06,1.2148053674110315e-09,22.077165603637695
3.530551566655049e-06,1.2138617888624026e-09,22.084627389907837
3.526593900460284e-06,1.2311727193292654e-09,22.09178876876831
3.5226307772973087e-06,1.2209857569445148e-09,22.09998893737793
3.5186751574656228e-06,1.216570733042488e-09,22.107438325881958
3.5147240851074457e-06,1.2122306491946233e-09,22.11529302597046
3.510778242343804e-06,1.2092911116923233e-09,22.123364210128784
3.50683649230632e-06,1.2060741294561694e-09,22.130651473999023
3.5029001992370468e-06,1.2039108598926873e-09,22.138728857040405
3.4989691357623087e-06,1.2033789520415894e-09,22.14573860168457
3.495042847134755e-06,1.202302257752308e-09,22.153931617736816
3.491120423859684e-06,1.1997008941833087e-09,22.161443948745728
3.4872091418947093e-06,1.214784606240471e-09,22.16935920715332
3.4833001336664893e-06,1.223664392036028e-09,22.176820993423462
3.4793865779647604e-06,1.206137856257783e-09,22.18511152267456
3.4754812077153474e-06,1.198327437279545e-09,22.192562103271484
3.471587888270733e-06,1.2121246228957716e-09,22.200928211212158
3.467689793978934e-06,1.1990469728218045e-09,22.20874810218811
3.4638046599866357e-06,1.2089366174805605e-09,22.216806411743164
3.459922481852118e-06,1.2142687966232302e-09,22.224635362625122
3.45604280482803e-06,1.2140064509225112e-09,22.232930421829224
3.4521688121458283e-06,1.2152796546871514e-09,22.24015784263611
3.448292090979521e-06,1.1972736135845707e-09,22.24729609489441
3.444429239607416e-06,1.2045034969432322e-09,22.254804372787476
3.440562750256504e-06,1.188766640680683e-09,22.261730194091797
3.436703536863206e-06,1.1814159650569422e-09,22.269651412963867
3.4328572837694082e-06,1.1960116230724793e-09,22.276899337768555
3.4290042094653472e-06,1.1801227772778589e-09,22.284924030303955
3.425159775360953e-06,1.1734662130891138e-09,22.293251276016235
3.4213212529721204e-06,1.1713520153833201e-09,22.3012957572937
3.417485913814744e-06,1.166950869269101e-09,22.30829954147339
3.4136633075831924e-06,1.1839779157085673e-09,22.316588401794434
3.4098411560989916e-06,1.1903875662966357e-09,22.324178218841553
3.4060158213833347e-06,1.1754203166347565e-09,22.333168506622314
3.402197307877941e-06,1.1644709640989959e-09,22.340506315231323
3.39838516083546e-06,1.1595130411379273e-09,22.347338438034058
3.3945848372241016e-06,1.1757105289333936e-09,22.354437112808228
3.3907799661392346e-06,1.166520435802454e-09,22.361980199813843
3.38698146151728e-06,1.160925355847553e-09,22.369304180145264
3.3831870496214833e-06,1.1556362533582387e-09,22.37641930580139
3.3793980946938973e-06,1.1532869104158294e-09,22.38450813293457
3.37561368723982e-06,1.1505147945456429e-09,22.391581296920776
3.3718340546329273e-06,1.1479037720363294e-09,22.400023221969604
3.368059424246894e-06,1.146991057687785e-09,22.40720009803772
3.3642891139606945e-06,1.146797545814593e-09,22.415555000305176
3.3605294902372407e-06,1.163272478343913e-09,22.422395944595337
3.356764409545576e-06,1.1509047048718912e-09,22.4298677444458
3.353012289153412e-06,1.1627921958634602e-09,22.43722152709961
3.3492544844193617e-06,1.1472957028857422e-09,22.444884777069092
3.3455112316005398e-06,1.1586663850593482e-09,22.452160120010376
3.341770025144797e-06,1.164602525527414e-09,22.4596688747406
3.3380256354575977e-06,1.1474733385696823e-09,22.467366456985474
3.334294888190925e-06,1.1568687119378751e-09,22.474426984786987
3.3305595934507437e-06,1.1408830546955073e-09,22.482486248016357
3.3268381685047643e-06,1.1525620458030517e-09,22.489139318466187
3.3231196994165657e-06,1.1586973602817352e-09,22.495952367782593
3.319402821944095e-06,1.1574841085604248e-09,22.503098964691162
3.3156909466924844e-06,1.158008133828048e-09,22.510244369506836
3.311976115583093e-06,1.1371192876197256e-09,22.51802921295166
3.3082685604313156e-06,1.1242986541759592e-09,22.524737119674683
3.3045687359845033e-06,1.120523007713814e-09,22.532324075698853
3.3008798254741123e-06,1.1368873620298814e-09,22.539335012435913
3.297191824458423e-06,1.1429596158407662e-09,22.546077728271484
3.2935010949586285e-06,1.1276712896801655e-09,22.553231477737427
3.289816504548071e-06,1.1185079529241193e-09,22.56052589416504
3.2861385079741012e-06,1.1142127220864495e-09,22.567725658416748
3.2824711979628773e-06,1.1294565283037628e-09,22.574443340301514
3.2787988857307937e-06,1.1181836567786263e-09,22.582104444503784
3.2751329399616225e-06,1.1117122777903887e-09,22.589229822158813
3.271471996413311e-06,1.1076036754431584e-09,22.5961332321167
3.267815372964833e-06,1.1023201240689673e-09,22.60356879234314
3.2641708003211534e-06,1.1197883731384195e-09,22.61072564125061
3.2605271371721756e-06,1.1285946621697462e-09,22.618042707443237
3.2568859751336277e-06,1.1306566793933825e-09,22.625054597854614
3.25324231198465e-06,1.1137133437699731e-09,22.63266658782959
3.249604787924909e-06,1.1017736722962468e-09,22.639705896377563
3.245974312449107e-06,1.0975291786508024e-09,22.646817207336426
3.2423477023257874e-06,1.0927450055930876e-09,22.657531023025513
3.238726776544354e-06,1.0903729030786735e-09,22.676803827285767
3.23511585520464e-06,1.106928326777279e-09,22.686645984649658
3.2315067528543295e-06,1.114420222769752e-09,22.694437503814697
3.2278933304041857e-06,1.0982630360700796e-09,22.703125
3.2242869565379806e-06,1.0892219348690446e-09,22.71499538421631
3.220686039639986e-06,1.0837172270683482e-09,22.723132848739624
3.2170892154681496e-06,1.0779815928785297e-09,22.730013847351074
3.2134978482645238e-06,1.0763060442897654e-09,22.737165689468384
3.209912165402784e-06,1.0771186165214885e-09,22.743713855743408
3.2063362596090883e-06,1.0948721929082694e-09,22.751111268997192
3.2027542147261556e-06,1.0827568841520474e-09,22.758360385894775
3.1991785363061354e-06,1.077015032713291e-09,22.766469955444336
3.1956083148543257e-06,1.0748391066073282e-09,22.775599718093872
3.1920424135023495e-06,1.0716624254669682e-09,22.784701108932495
3.1884808322502067e-06,1.0696116214958806e-09,22.79322075843811
3.1849299375608098e-06,1.087354983830835e-09,22.802061080932617
3.181379724992439e-06,1.0938491223910773e-09,22.8102605342865
3.1778270113136386e-06,1.0805331074337232e-09,22.819008350372314
3.1742790724820225e-06,1.069163091393932e-09,22.82870316505432
3.1707436392025556e-06,1.0830274455031486e-09,22.836323738098145
3.1672104796598433e-06,1.090054269070606e-09,22.843480587005615
3.1636795938538853e-06,1.0918824733252563e-09,22.851266145706177
3.1601452974427957e-06,1.0727257970799542e-09,22.85875177383423
3.156619641231373e-06,1.0640017755747522e-09,22.867183685302734
3.153099441988161e-06,1.0600239574998227e-09,22.874332189559937
3.149589701934019e-06,1.0758867130533645e-09,22.882550716400146
3.1460749596590176e-06,1.0636880265479931e-09,22.890347957611084
3.1425659017259022e-06,1.0564982222405206e-09,22.898578882217407
3.139061618639971e-06,1.051429165954687e-09,22.90641140937805
3.1355623377748998e-06,1.048452435981062e-09,22.913494110107422
3.1320678317570128e-06,1.0466914002194017e-09,22.92119526863098
3.1285771910916083e-06,1.0440792674870636e-09,22.928194046020508
3.1250899610313354e-06,1.0410174944297523e-09,22.935178518295288
3.1216140996548347e-06,1.0584438880911762e-09,22.942089796066284
3.1181327813101234e-06,1.0472743783296323e-09,22.9496853351593
3.1146569199336227e-06,1.0396898897369056e-09,22.95672917366028
3.111187197646359e-06,1.0392388061220004e-09,22.963530778884888
3.107721340711578e-06,1.0377166903552393e-09,22.97065043449402
3.1042648060974898e-06,1.0513987458438123e-09,22.97766923904419
3.100810545220156e-06,1.0605032407795534e-09,22.98466444015503
3.09735241899034e-06,1.045486253126171e-09,22.992065906524658
3.0939006592234364e-06,1.0370126979353245e-09,22.99976134300232
3.0904539016773924e-06,1.0310257092527308e-09,23.0070743560791
3.0870116916048573e-06,1.028118368218145e-09,23.01404118537903
3.083574938500533e-06,1.026758789102189e-09,23.020952701568604
3.0801413686276646e-06,1.0258148774866527e-09,23.02809238433838
3.07671211885463e-06,1.0238051517674762e-09,23.035099029541016
3.0732867344340775e-06,1.022258500071871e-09,23.042097330093384
3.069865897487034e-06,1.0210652323650038e-09,23.049742221832275
3.0664486985187978e-06,1.0190590593595061e-09,23.05712604522705
3.0630355922767194e-06,1.0181985254931192e-09,23.06496024131775
3.0596329452237114e-06,1.0349193724223937e-09,23.072284698486328
3.0562302981707035e-06,1.041017161362845e-09,23.07915496826172
3.0528312890965026e-06,1.0440612818740647e-09,23.086352586746216
3.0494281872961437e-06,1.025421525469028e-09,23.093944787979126
3.0460387279163115e-06,1.034209162753541e-09,23.101072072982788
3.0426515422732336e-06,1.038976571443584e-09,23.107952117919922
3.0392616281460505e-06,1.0219539658962162e-09,23.115958213806152
3.0358773983607534e-06,1.0120333460150732e-09,23.123228788375854
3.0324997624120442e-06,1.0080100087961341e-09,23.13062286376953
3.0291264465631684e-06,1.0058319732664245e-09,23.138365268707275
3.0257572234404506e-06,1.0031442343461094e-09,23.145901203155518
3.022391183549189e-06,9.98767957227642e-10,23.153157949447632
3.019030600626138e-06,9.990385185787432e-10,23.16064763069153
3.0156734283082187e-06,9.981140358661378e-10,23.16818618774414
3.0123198939691065e-06,9.95269866521653e-10,23.175469636917114
3.0089699976088013e-06,9.91986603970929e-10,23.18350052833557
3.005625103469356e-06,9.923570853942465e-10,23.191160440444946
3.0022836199350422e-06,9.905056774783816e-10,23.198318481445312
2.9989462291268865e-06,9.901000019851836e-10,23.205458402633667
2.9956129310448887e-06,9.890454011340921e-10,23.21226477622986
2.9922830435680225e-06,9.864676853155174e-10,23.219043016433716
2.9889577035646653e-06,9.8600116960057e-10,23.226358652114868
2.9856355467927642e-06,9.842413550842366e-10,23.234221935272217
2.9823181648680475e-06,9.842477943777794e-10,23.241211891174316
2.979003966174787e-06,9.821264912446281e-10,23.248849868774414
2.9756940875813598e-06,9.80560188601487e-10,23.25593900680542
2.972388074340415e-06,9.795504407605904e-10,23.262729167938232
2.9690854717046022e-06,9.77824932135718e-10,23.269449472427368
2.9657865070475964e-06,9.753199359252562e-10,23.27635931968689
2.9624986837006873e-06,9.944867152000825e-10,23.284031867980957
2.959204721264541e-06,9.819967061730495e-10,23.290926456451416
2.9559171252913075e-06,9.783648335925932e-10,23.298296213150024
2.9526329399232054e-06,9.745199092137113e-10,23.305120944976807
2.9493528472812613e-06,9.705019010652904e-10,23.311930179595947
2.9460775294865016e-06,9.68093494257971e-10,23.318603038787842
2.9428060770442244e-06,9.670172440578995e-10,23.325478076934814
2.9395389447017806e-06,9.662666222709504e-10,23.332985639572144
2.93628113468003e-06,9.835702252658507e-10,23.340107440948486
2.933016958195367e-06,9.690597213563024e-10,23.34829044342041
2.9297598302946426e-06,9.643303933160041e-10,23.35541582107544
2.926507704614778e-06,9.639407050343607e-10,23.36239218711853
2.9232587621663697e-06,9.601786032931159e-10,23.36941170692444
2.9200145945651457e-06,9.592826533122434e-10,23.376529455184937
2.916773155448027e-06,9.568181802421805e-10,23.384082555770874
2.9135355816833908e-06,9.541136769541936e-10,23.39113163948059
2.910302782765939e-06,9.53801704284274e-10,23.398798942565918
2.9070731670799432e-06,9.518293930810273e-10,23.405937671661377
2.903848326241132e-06,9.522485022728233e-10,23.413038730621338
2.900626213886426e-06,9.507463705205055e-10,23.420435905456543
2.897407739510527e-06,9.48646161624822e-10,23.427247285842896
2.894199042202672e-06,9.63875979032025e-10,23.434961557388306
2.8909917091368698e-06,9.727724181729513e-10,23.442089080810547
2.8877807380922604e-06,9.578197124326948e-10,23.449867010116577
2.884575906136888e-06,9.51166589935326e-10,23.456644535064697
2.881375394281349e-06,9.460847660847094e-10,23.46396493911743
2.8781792025256436e-06,9.428968716918007e-10,23.47148895263672
2.874988012990798e-06,9.427050251531455e-10,23.478233337402344
2.8717995519400574e-06,9.406341261453122e-10,23.485046863555908
2.8686158657365013e-06,9.41374866947342e-10,23.493212699890137
2.8654339985223487e-06,9.365686004514373e-10,23.50113081932068
2.8622575882764068e-06,9.36293931275145e-10,23.50799322128296
2.859084361261921e-06,9.351631691245643e-10,23.515542030334473
2.8559147722262423e-06,9.316187821184485e-10,23.52242875099182
2.8527485937956953e-06,9.303594561416162e-10,23.529170751571655
2.8495865080913063e-06,9.285170410322507e-10,23.535905361175537
2.8464280603657244e-06,9.273135037624058e-10,23.54274034500122
2.843273477992625e-06,9.253470767411898e-10,23.550230026245117
2.8401225335983327e-06,9.243773524403309e-10,23.558810472488403
2.8369813662720844e-06,9.41068334370243e-10,23.56689429283142
2.8338351967249764e-06,9.312557947005473e-10,23.573781967163086
2.8306942567724036e-06,9.268770195802745e-10,23.580687046051025
2.8275574095459888e-06,9.227980046766504e-10,23.58750295639038
2.8244244276720565e-06,9.214417562297683e-10,23.594377040863037
2.821294856403256e-06,9.175988302523308e-10,23.60128927230835
2.818169832607964e-06,9.165228576080153e-10,23.6087806224823
2.815048219417804e-06,9.149009883024917e-10,23.616811275482178
2.8119304715801263e-06,9.142048229549005e-10,23.623728275299072
2.8088156796002295e-06,9.121278177204317e-10,23.631646871566772
2.8057058898411924e-06,9.126548405902213e-10,23.63848042488098
2.802598601192585e-06,9.108492848852734e-10,23.645618200302124
2.799495405270136e-06,9.097184672235414e-10,23.652405500411987
2.796395847326494e-06,9.085870944502972e-10,23.659454822540283
2.7933001547353342e-06,9.084182850394029e-10,23.6672625541687
2.7902074180019554e-06,9.065012629427827e-10,23.674192428588867
2.787118091873708e-06,9.039760051621215e-10,23.68253469467163
2.784032403724268e-06,9.022996239060888e-10,23.68936014175415
2.780951263048337e-06,9.026937530798307e-10,23.69642448425293
2.777873987724888e-06,9.02506347433274e-10,23.703441858291626
2.7747992135118693e-06,9.019922586617213e-10,23.710570335388184
2.771728304651333e-06,8.996757228096897e-10,23.717628955841064
2.7686612611432793e-06,8.980898802413151e-10,23.724331378936768
2.7655971734930063e-06,8.971156595372065e-10,23.732090950012207
2.762537633316242e-06,8.970784670658816e-10,23.739139556884766
2.759480139502557e-06,8.933357942275677e-10,23.74646019935608
2.7564269657887053e-06,8.911450466442261e-10,23.753655433654785
2.7533835691428976e-06,9.08492225892843e-10,23.760839700698853
2.7503347155288793e-06,8.975212240081021e-10,23.76791000366211
2.747291546256747e-06,8.944445739622608e-10,23.77493691444397
2.744252014963422e-06,8.914171067964105e-10,23.78303337097168
2.741216121648904e-06,8.881253510395481e-10,23.789725303649902
2.738184321060544e-06,8.859014632989215e-10,23.796786546707153
2.7351559310773155e-06,8.838874632211002e-10,23.803699016571045
2.732131179072894e-06,8.827616970741303e-10,23.810786247253418
2.72911006504728e-06,8.818648589148381e-10,23.817696809768677
2.726092589000473e-06,8.796230410723638e-10,23.82445502281189
2.723078296185122e-06,8.779259541569218e-10,23.83253765106201
2.7200735530641396e-06,8.952333319101058e-10,23.839587688446045
2.717063580348622e-06,8.85834849917444e-10,23.846912145614624
2.7140586098539643e-06,8.803565654247336e-10,23.854076623916626
2.7110581868328154e-06,8.76921923964602e-10,23.86143708229065
2.708061629164149e-06,8.754023617107975e-10,23.868531227111816
2.7050680273532635e-06,8.729508782501227e-10,23.876155614852905
2.702077608773834e-06,8.697229603171763e-10,23.88398003578186
2.699091510294238e-06,8.684040153639216e-10,23.890793085098267
2.6961095045408e-06,8.693269437642925e-10,23.898791313171387
2.693130454645143e-06,8.683107011187019e-10,23.905881881713867
2.6901550427282928e-06,8.665888562298107e-10,23.913161754608154
2.6871821319218725e-06,8.649161942209105e-10,23.920286178588867
2.684213768588961e-06,8.642755955357018e-10,23.927536725997925
2.681248588487506e-06,8.631179659879251e-10,23.934648275375366
2.6782863642438315e-06,8.611948376646694e-10,23.941888093948364
2.675328232726315e-06,8.604641443810124e-10,23.950140953063965
2.672372374945553e-06,8.572935139561366e-10,23.957123517990112
2.6694210646383e-06,8.557909381146089e-10,23.964946746826172
2.666473392309854e-06,8.554899566526331e-10,23.972864389419556
2.663528448465513e-06,8.540003704204935e-10,23.98017978668213
2.6605875973473303e-06,8.540260165723623e-10,23.986750841140747
2.6576499294606037e-06,8.531504946951429e-10,23.994192600250244
2.6547158995526843e-06,8.541427010122504e-10,24.001645803451538
2.6517843707551947e-06,8.515151916910213e-10,24.008174896240234
2.648857389431214e-06,8.508394544470832e-10,24.016000747680664
2.6459331365913386e-06,8.500529724564387e-10,24.0229229927063
2.6430125217302702e-06,8.485062652496822e-10,24.031662464141846
2.6400941806059564e-06,8.453761579652053e-10,24.038713455200195
2.6371803869551513e-06,8.45366499024891e-10,24.045998334884644
2.634270003909478e-06,8.442497256844206e-10,24.053410530090332
2.63136234934791e-06,8.428663322845864e-10,24.06086015701294
2.6284585601388244e-06,8.422209596403718e-10,24.06813335418701
2.625557954161195e-06,8.391111694372455e-10,24.075125217437744
2.622660986162373e-06,8.389551831022857e-10,24.083574295043945
2.6197735678579193e-06,8.573490251073679e-10,24.090656280517578
2.6168800104642287e-06,8.464894341031481e-10,24.09836769104004
2.6139912279177224e-06,8.398901574224737e-10,24.105133533477783
2.611106992844725e-06,8.366905501766553e-10,24.112125873565674
2.6082263957505347e-06,8.35079339012168e-10,24.119128465652466
2.6053551209770376e-06,8.523611816357857e-10,24.12617325782776
2.602477934487979e-06,8.397678108451601e-10,24.133924961090088
2.59960575021978e-06,8.324054778796608e-10,24.140707969665527
2.5967383407987654e-06,8.302415421823639e-10,24.148288011550903
2.5938743419828825e-06,8.276581642263636e-10,24.155325651168823
2.5910135263984557e-06,8.260477302179936e-10,24.162590980529785
2.588156348792836e-06,8.239711135615835e-10,24.169797897338867
2.5853028091660235e-06,8.231310077988496e-10,24.17708110809326
2.582452907518018e-06,8.239915971763878e-10,24.184105157852173
2.579605734354118e-06,8.229499304235333e-10,24.191219091415405
2.5767619717953494e-06,8.208955737387669e-10,24.199291706085205
2.573920937720686e-06,8.192648781601974e-10,24.206202745437622
2.5710842237458564e-06,8.191171074756198e-10,24.213449001312256
2.568250238255132e-06,8.181686439456826e-10,24.220889568328857
2.5654198907432146e-06,8.174788068693317e-10,24.22839093208313
2.562592044341727e-06,8.156794684133217e-10,24.235605716705322
2.559768518040073e-06,8.145709107232335e-10,24.24283742904663
2.556947492848849e-06,8.138419382852646e-10,24.250709295272827
2.5541298782627564e-06,8.119133698691883e-10,24.25749373435974
2.55131544690812e-06,8.110326299437531e-10,24.265883445739746
2.5485048809059663e-06,8.11012423884705e-10,24.273021936416626
2.5456972707615932e-06,8.105598969798677e-10,24.280333518981934
2.5428923891013255e-06,8.074299007176933e-10,24.289355754852295
2.5400909180461895e-06,8.063947287695328e-10,24.29673957824707
2.537293312343536e-06,8.069492296591818e-10,24.303949117660522
2.534498662498663e-06,8.064647283312354e-10,24.310974836349487
2.5317071958852466e-06,8.050881628030027e-10,24.31797456741333
2.5289184577559354e-06,8.026556086448977e-10,24.324782133102417
2.526133812352782e-06,8.026113107462152e-10,24.333122491836548
2.5233516680600587e-06,8.013073538037929e-10,24.339860677719116
2.520572934372467e-06,8.001850293481994e-10,24.34689474105835
2.5177973839163315e-06,7.975334281873359e-10,24.353756427764893
2.515025016691652e-06,7.963335546534722e-10,24.360856294631958
2.51225628744578e-06,7.966383108737318e-10,24.367868423461914
2.5094896045629866e-06,7.933236845225622e-10,24.374529600143433
2.5067276965273777e-06,7.937504542532281e-10,24.38246989250183
2.503968062228523e-06,7.915762489929534e-10,24.389398336410522
2.5012122932821512e-06,7.925942124842322e-10,24.396428108215332
2.49845948019356e-06,7.913745769805303e-10,24.403405904769897
2.4957089408417232e-06,7.885005426366831e-10,24.410426139831543
2.4929620394686935e-06,7.866703399805886e-10,24.417611837387085
2.4902190034481464e-06,7.869211393618514e-10,24.424333333969116
2.4874791506590554e-06,7.883214636628111e-10,24.432140827178955
2.48474202635407e-06,7.868412033040784e-10,24.438846349716187
2.482008312654216e-06,7.860084805244583e-10,24.44589614868164
2.4792709609755548e-06,7.650811650883327e-10,24.452778577804565
2.476547024343745e-06,7.753754860395645e-10,24.459967851638794
2.473824224580312e-06,7.800830537085801e-10,24.467281341552734
2.471102789058932e-06,7.791281508851e-10,24.47403120994568
2.4683847641426837e-06,7.783235722591542e-10,24.481617212295532
2.465669695084216e-06,7.768065635183063e-10,24.488436937332153
2.462957581883529e-06,7.766028931044389e-10,24.49578595161438
2.460248424540623e-06,7.746671082387024e-10,24.502818822860718
2.457543359923875e-06,7.749276220714307e-10,24.509987831115723
2.454841023791232e-06,7.746632779692675e-10,24.517468690872192
2.4521414161426947e-06,7.733987894553707e-10,24.524186372756958
2.4494449917256134e-06,7.721258077353355e-10,24.532087087631226
2.4467456114507513e-06,7.506749111207967e-10,24.538807153701782
2.444052825012477e-06,7.426372850005691e-10,24.54569125175476
2.4413700430159224e-06,7.542949043148894e-10,24.552377939224243
2.438688852635096e-06,7.611863361844939e-10,24.559309244155884
2.4360092538699973e-06,7.64841912026526e-10,24.56782841682434
2.433331701467978e-06,7.649908484452794e-10,24.5750892162323
2.430657104923739e-06,7.634110010812378e-10,24.582540035247803
2.427985918984632e-06,7.634327614525205e-10,24.589175939559937
2.4253174615296302e-06,7.623204290041485e-10,24.596147775650024
2.4226519599324092e-06,7.615558739182404e-10,24.603062868118286
2.41998986894032e-06,7.620003517061491e-10,24.609730005264282
2.4173307338060113e-06,7.603187524019006e-10,24.61742067337036
2.4146740997821325e-06,7.587901418304455e-10,24.624422073364258
2.41202064898971e-06,7.561006820644423e-10,24.632094860076904
2.409370608802419e-06,7.548419111991223e-10,24.63877248764038
2.4067242065939354e-06,7.564449067132273e-10,24.645504474639893
2.4040803054958815e-06,7.55848827971306e-10,24.65236735343933
2.401439132881933e-06,7.543289881617454e-10,24.659362316131592
2.3988015982467914e-06,7.536649637707171e-10,24.66714596748352
2.396160425632843e-06,7.326960149711681e-10,24.673824310302734
2.3935313038236927e-06,7.413276659207213e-10,24.680654525756836
2.3909042283776216e-06,7.452243822037019e-10,24.687440156936646
2.388278971920954e-06,7.450379757578673e-10,24.69440269470215
2.385657126069418e-06,7.47222506092271e-10,24.70122218132019
2.383038236075663e-06,7.478433983187927e-10,24.708247900009155
2.3804207103239605e-06,7.455617234697343e-10,24.715986728668213
2.3778075046720915e-06,7.453053729733483e-10,24.722894430160522
2.375196572756977e-06,7.442159666304349e-10,24.7301082611084
2.372582912357757e-06,7.237681565186449e-10,24.73697805404663
2.3699751636740984e-06,7.124690282189761e-10,24.743860006332397
2.3673778741795104e-06,7.255626099933465e-10,24.750893115997314
2.364781494179624e-06,7.322132900000611e-10,24.757549285888672
2.362187160542817e-06,7.351491082552286e-10,24.764934539794922
2.359589416300878e-06,7.182262007354723e-10,24.771918773651123
2.357003040742711e-06,7.279982172647692e-10,24.778635501861572
2.3544178020529216e-06,7.311595773273893e-10,24.785502672195435
2.351835064473562e-06,7.337948582097908e-10,24.792155265808105
2.3492543732572813e-06,7.334698404193318e-10,24.799650192260742
2.3466768652724568e-06,7.336866669760411e-10,24.806321620941162
2.3441025405190885e-06,7.347003005975239e-10,24.81329035758972
2.3415302621287992e-06,7.314972516603291e-10,24.820112228393555
2.3389607122226153e-06,7.288328274235312e-10,24.826970100402832
2.3363948002952384e-06,7.284609027102817e-10,24.834301948547363
2.333832298972993e-06,7.289518988429222e-10,24.84124445915222
2.3312725261348533e-06,7.292503823030927e-10,24.84879755973816
2.3287150270334678e-06,7.276796942790043e-10,24.855687141418457
2.326160938537214e-06,7.260387846486083e-10,24.863617420196533
2.32360935115139e-06,7.249056910296758e-10,24.87238311767578
2.3210609469970223e-06,7.235904098124024e-10,24.880225658416748
2.3185157260741107e-06,7.23198556595861e-10,24.887332916259766
2.3159736883826554e-06,7.234318699644859e-10,24.894776105880737
2.3134334696806036e-06,7.21211035337177e-10,24.9016170501709
2.3108966615836835e-06,7.196598317271707e-10,24.90847396850586
2.308363264091895e-06,7.193280415762615e-10,24.91600275039673
2.305832595084212e-06,7.180424033137456e-10,24.922895908355713
2.303304199813283e-06,7.166836013539069e-10,24.93008065223694
2.300779215147486e-06,7.153292957973179e-10,24.936997413635254
2.298256958965794e-06,7.145371516692478e-10,24.943878412246704
2.295732429047348e-06,6.962131982035658e-10,24.950963020324707
2.2932133560971124e-06,6.860966239585764e-10,24.95825433731079
2.290698375873035e-06,6.808778540978722e-10,24.96650767326355
2.288192490595975e-06,6.94444890481094e-10,24.973337411880493
2.2856877421872923e-06,7.027185500163569e-10,24.980178117752075
2.283184130646987e-06,7.060129703084783e-10,24.98712921142578
2.2806830202171113e-06,7.079851704894224e-10,24.99442481994629
2.2781839561503148e-06,7.072778474004338e-10,25.002885818481445
2.275687847941299e-06,7.064728801964293e-10,25.010135173797607
2.273189011248178e-06,6.878640990137797e-10,25.018240451812744
2.270701088491478e-06,6.954193332298075e-10,25.025814056396484
2.268214529976831e-06,6.978078670449861e-10,25.033894777297974
2.265730699946289e-06,6.989966938597547e-10,25.04064440727234
2.2632491436525015e-06,6.997133428221503e-10,25.04832649230957
2.2607703158428194e-06,6.995944379362129e-10,25.05514168739319
2.258294443890918e-06,7.007163738137479e-10,25.062352180480957
2.2558206183020957e-06,6.976005884062886e-10,25.06911826133728
2.2533504306920804e-06,6.979317679345343e-10,25.075968503952026
2.250882289445144e-06,6.959214871038455e-10,25.08348298072815
2.248417331429664e-06,6.949482100893078e-10,25.090261220932007
2.24595555664564e-06,6.949681385925999e-10,25.09823751449585
2.2434965103457216e-06,6.947546982161157e-10,25.10495352745056
2.2410406472772593e-06,6.948093211889272e-10,25.111764430999756
2.238586830571876e-06,6.941483499112167e-10,25.118777751922607
2.2361359697242733e-06,6.917430517283663e-10,25.12581205368042
2.2336880647344515e-06,6.923829842797602e-10,25.133414030075073
2.2312426608550595e-06,6.905163107973067e-10,25.140108108520508
2.2287997580860974e-06,6.884056102940406e-10,25.146931648254395
2.226359811174916e-06,6.862370116600403e-10,25.15373134613037
2.2239237296162173e-06,6.871866964353046e-10,25.16111445426941
2.221489467046922e-06,6.864288026875442e-10,25.167967319488525
2.2190577055880567e-06,6.83796463896158e-10,25.174628019332886
2.216624125139788e-06,6.653321227290121e-10,25.182084798812866
2.21420145862794e-06,6.745500269467186e-10,25.18917727470398
2.2117799289844697e-06,6.785845774182064e-10,25.195958137512207
2.2093606730777537e-06,6.798692164800002e-10,25.202751636505127
2.206943690907792e-06,6.800835450349041e-10,25.20969820022583
2.2045287551009096e-06,6.786634587641061e-10,25.217338800430298
2.2021170025254833e-06,6.781541994627105e-10,25.224130392074585
2.199702294092276e-06,6.58230747685451e-10,25.232038259506226
2.1972991817165166e-06,6.681423192489433e-10,25.238749504089355
2.194896978835459e-06,6.717591483074159e-10,25.245531797409058
2.19249682231748e-06,6.726451062810668e-10,25.25269842147827
2.1900987121625803e-06,6.712935762820393e-10,25.259685754776
2.1877035578654613e-06,6.719207967798013e-10,25.267632484436035
2.1853054477105616e-06,6.529692342382987e-10,25.274293661117554
2.1829189336131094e-06,6.626657556019211e-10,25.28209400177002
2.1805335563840345e-06,6.669820251659075e-10,25.288965940475464
2.1781445411761524e-06,6.514097594667589e-10,25.295706510543823
2.17576553040999e-06,6.597504209615579e-10,25.30247950553894
2.1733881112595554e-06,6.629973237082254e-10,25.309728860855103
2.1710125110985246e-06,6.646446726321642e-10,25.31742572784424
2.1686398667952744e-06,6.662286278213969e-10,25.324073553085327
2.1662688141077524e-06,6.651707518123828e-10,25.331594705581665
2.1638952603098005e-06,6.462902435444562e-10,25.338680267333984
2.16153262044827e-06,6.54537979372094e-10,25.345407009124756
2.1591720269498182e-06,6.594841339691015e-10,25.352259635925293
2.156812570319744e-06,6.616113767954346e-10,25.35914707183838
2.1544497030845378e-06,6.421814191526209e-10,25.36672854423523
2.1520979771594284e-06,6.509635053220109e-10,25.37356925010681
2.1497476154763717e-06,6.546179709410183e-10,25.381576776504517
2.1473995275300695e-06,6.57639054324477e-10,25.388286590576172
2.1450530311994953e-06,6.570518573667528e-10,25.395065307617188
2.1427092633530265e-06,6.565150645343465e-10,25.40226459503174
2.140368223990663e-06,6.552082210120602e-10,25.409268856048584
2.1380296857387293e-06,6.556664655654743e-10,25.416743516921997
2.135693875970901e-06,6.550608389055412e-10,25.423507690429688
2.133360794687178e-06,6.546040931532104e-10,25.430258750915527
2.1310306692612357e-06,6.542134056708448e-10,25.43710446357727
2.1286969058564864e-06,6.341071556725808e-10,25.44443392753601
2.1263745111355092e-06,6.426571497186728e-10,25.451334476470947
2.12405370803026e-06,6.46735942577692e-10,25.458038568496704
2.1217340417933883e-06,6.475341374212462e-10,25.46547842025757
2.1194168766669463e-06,6.472150593239689e-10,25.472209692001343
2.117102667398285e-06,6.469515478890742e-10,25.479279041290283
2.1147907318663783e-06,6.475600611288712e-10,25.48609948158264
2.1124817521922523e-06,6.466465696242096e-10,25.493383407592773
2.1101743641338544e-06,6.438840571831861e-10,25.501023530960083
2.107870386680588e-06,6.435912913715924e-10,25.50797414779663
2.105569137711427e-06,6.436162158784953e-10,25.51561427116394
2.1032706172263715e-06,6.43944286782272e-10,25.522513151168823
2.1009743704780703e-06,6.430911358989988e-10,25.529349088668823
2.0986803974665236e-06,6.411995934207937e-10,25.536225080490112
2.096389607686433e-06,6.402784968884134e-10,25.54351305961609
2.0941015463904478e-06,6.402166019547906e-10,25.551027059555054
2.0918123482260853e-06,6.282936948487361e-10,25.557905435562134
2.089530880766688e-06,6.327333657019096e-10,25.565868377685547
2.087251232296694e-06,6.347029013475947e-10,25.573063611984253
2.084967263726867e-06,6.146165798526226e-10,25.579805850982666
2.0826951185881626e-06,6.243647820980414e-10,25.586766004562378
2.080426838801941e-06,6.388464757201007e-10,25.593522548675537
2.078152874673833e-06,6.253495499208839e-10,25.600830554962158
2.075886413877015e-06,6.283338294110763e-10,25.607903003692627
2.0736192709591705e-06,6.208192293577497e-10,25.616020917892456
2.071355766020133e-06,6.157945819929012e-10,25.62290930747986
2.0690984001703328e-06,6.235086336126017e-10,25.629775762557983
2.066836259473348e-06,6.072407021662229e-10,25.636733531951904
2.06458275897603e-06,6.093701654386052e-10,25.643944263458252
2.0623340333258966e-06,6.200203128692294e-10,25.651061058044434
2.060085762423114e-06,6.236669514159132e-10,25.657821655273438
2.057836354651954e-06,6.15669237813421e-10,25.665430307388306
2.055593995464733e-06,6.2061455974316e-10,25.672324419021606
2.0533525457722135e-06,6.223035975416735e-10,25.679683685302734
2.051113597190124e-06,6.228172977351676e-10,25.68655037879944
2.048876922344789e-06,6.222779513898047e-10,25.69351863861084
2.0466400201257784e-06,6.134823760106656e-10,25.70087170600891
2.044407210632926e-06,6.083666903577978e-10,25.707597017288208
2.0421771296241786e-06,6.046310119245391e-10,25.716713666915894
2.039950004473212e-06,6.019328369077925e-10,25.723653316497803
2.037728563664132e-06,6.103215155484065e-10,25.730689764022827
2.035508487097104e-06,6.144468267521574e-10,25.737600088119507
2.0332868189143483e-06,6.053236800696027e-10,25.744826316833496
2.031072199315531e-06,6.114644901522581e-10,25.751646518707275
2.0288589439587668e-06,6.126149032503747e-10,25.758441925048828
2.0266452338546515e-06,6.04167493811758e-10,25.765989780426025
2.024434934355668e-06,5.992172869007106e-10,25.77270746231079
2.0222310013195965e-06,6.068209823517634e-10,25.77996563911438
2.0200282051519025e-06,6.103250682620853e-10,25.786885738372803
2.0178242721158313e-06,6.011693365337578e-10,25.793655395507812
2.015626932916348e-06,6.06417138726556e-10,25.800814390182495
2.013428229474812e-06,5.98214255909113e-10,25.807449340820312
2.0112336187594337e-06,5.945432479670387e-10,25.81543254852295
2.00904128178081e-06,5.917425438539681e-10,25.822150468826294
2.0068550838914234e-06,5.99902461040358e-10,25.829070806503296
2.004667067012633e-06,5.944135184066113e-10,25.835755586624146
2.0024820059916237e-06,5.903936783901997e-10,25.84304904937744
2.0003001282020705e-06,5.883628584335554e-10,25.850608110427856
1.9981209788966225e-06,5.878922348934168e-10,25.85728406906128
1.9959443307016045e-06,5.86336812435917e-10,25.865169525146484
1.9937704109906917e-06,5.862755281249576e-10,25.872398376464844
1.991598537642858e-06,5.844855155423545e-10,25.879383087158203
1.989429165405454e-06,5.829858817918421e-10,25.88621759414673
1.9872629763995064e-06,5.8455429385873e-10,25.89305543899536
1.9851013348670676e-06,5.918733836374201e-10,25.90069580078125
1.9829378743452253e-06,5.863508567571785e-10,25.907381057739258
1.980777597054839e-06,5.820358639496703e-10,25.915554761886597
1.978620502995909e-06,5.807783698408286e-10,25.922196626663208
1.9764656826737337e-06,5.798619362451518e-10,25.928943634033203
1.9743165466934443e-06,5.876940600835212e-10,25.936317682266235
1.972168092834181e-06,5.909583933316753e-10,25.943058013916016
1.9700189568538917e-06,5.835831262679392e-10,25.950603008270264
1.967875732589164e-06,5.878962872074567e-10,25.95729351043701
1.965731598829734e-06,5.807599956497711e-10,25.964898109436035
1.963593831533217e-06,5.867054619912437e-10,25.971694469451904
1.961454245247296e-06,5.791129797927397e-10,25.97908926010132
1.959321252797963e-06,5.850777085036896e-10,25.98586916923523
1.957186668732902e-06,5.784713263956576e-10,25.992738485336304
1.9550559500203235e-06,5.753340581726718e-10,26.000349521636963
1.952927732418175e-06,5.727299745572623e-10,26.007088661193848
1.950802470673807e-06,5.721049189943983e-10,26.015097618103027
1.9486815290292725e-06,5.787626489173192e-10,26.022488594055176
1.9465596778900363e-06,5.731875529768615e-10,26.029574155807495
1.9444410099822562e-06,5.699418159643699e-10,26.03664994239807
1.9423250705585815e-06,5.681743409091666e-10,26.0440616607666
1.9402116322453367e-06,5.679055004037536e-10,26.050978422164917
1.9381031961529516e-06,5.75580638706441e-10,26.05781364440918
1.9359958969289437e-06,5.786316426004134e-10,26.065428495407104
1.9338874608365586e-06,5.704999250788489e-10,26.07220721244812
1.931785391207086e-06,5.75354985876686e-10,26.079044103622437
1.9296824120829115e-06,5.689875237635533e-10,26.08625626564026
1.9275826161901932e-06,5.657553314719621e-10,26.093119382858276
1.9254855487815803e-06,5.632285748902177e-10,26.10061025619507
1.9233937109675026e-06,5.709047679047785e-10,26.1078040599823
1.921303010021802e-06,5.737257890991998e-10,26.11589288711548
1.9192139006918296e-06,5.74589986701568e-10,26.122663497924805
1.9171245639881818e-06,5.662806890072147e-10,26.129456520080566
1.9150411390000954e-06,5.700784844187012e-10,26.13634443283081
1.912959760375088e-06,5.729352547945155e-10,26.143656969070435
1.910877017508028e-06,5.63708246748007e-10,26.15085530281067
1.908797912619775e-06,5.579965378643692e-10,26.157691478729248
1.9067218772761407e-06,5.554101623062024e-10,26.165489196777344
1.9046514125875547e-06,5.632729283000515e-10,26.17265558242798
1.902579583656916e-06,5.584457341001325e-10,26.179521322250366
1.9005103695235448e-06,5.545865433553843e-10,26.1864173412323
1.8984441112479544e-06,5.528973945345683e-10,26.193182945251465
1.896380354082794e-06,5.515884970996865e-10,26.200782775878906
1.8943189843412256e-06,5.507315714581296e-10,26.207995653152466
1.8922598883364117e-06,5.497715616087362e-10,26.215911626815796
1.8902057945524575e-06,5.578247308513085e-10,26.222681522369385
1.8881498817790998e-06,5.52016599097982e-10,26.229645013809204
1.8860971522371983e-06,5.483102305525733e-10,26.23677158355713
1.884050107037183e-06,5.576108463856144e-10,26.243603467941284
1.8820009017872508e-06,5.50251844089189e-10,26.250934839248657
1.8799553345161257e-06,5.470239261562426e-10,26.257927656173706
1.8779148831526982e-06,5.545507941739913e-10,26.265560150146484
1.8758729538603802e-06,5.481894937986453e-10,26.27228593826294
1.8738337530521676e-06,5.443400730165138e-10,26.279737949371338
1.8717976217885735e-06,5.42782263579511e-10,26.28656768798828
1.869764105322247e-06,5.41948375065715e-10,26.29361343383789
1.8677330899663502e-06,5.413742787396814e-10,26.300851821899414
1.8657069631444756e-06,5.509058764729957e-10,26.30754566192627
1.8636785625858465e-06,5.437983952027992e-10,26.315480947494507
1.8616534589455114e-06,5.411532888466297e-10,26.32234787940979
1.8596311974761193e-06,5.388174906251209e-10,26.32921266555786
1.8576112097434816e-06,5.38059707899663e-10,26.336064338684082
1.8555937231212738e-06,5.373903544381164e-10,26.342803478240967
1.853581125033088e-06,5.448969053745145e-10,26.350672960281372
1.8515693227527663e-06,5.482747034157853e-10,26.357351779937744
1.849556497290905e-06,5.407994607686817e-10,26.364892959594727
1.8475470824341755e-06,5.364970134813518e-10,26.371643543243408
1.845540509748389e-06,5.338534614374169e-10,26.37841272354126
1.8435363244861946e-06,5.324517493576764e-10,26.385538339614868
1.8415347540212679e-06,5.318278595289883e-10,26.392255067825317
1.8395354572930955e-06,5.314196860339848e-10,26.39969754219055
1.8375385479885153e-06,5.309364059513655e-10,26.406673192977905
1.8355436850470142e-06,5.303514849508417e-10,26.413525104522705
1.8335512095291051e-06,5.297046135055439e-10,26.420369625091553
1.831560780374275e-06,5.292380977905964e-10,26.428298473358154
1.8295753534403048e-06,5.377008838181041e-10,26.435627222061157
1.8275877664564177e-06,5.3093029972473e-10,26.4427387714386
1.8256035900776624e-06,5.277923653679295e-10,26.45057249069214
1.8236219148093369e-06,5.265611280336202e-10,26.4573233127594
1.8216453554487089e-06,5.345681675095193e-10,26.46525263786316
1.8196665223513264e-06,5.273629311020045e-10,26.472224950790405
1.8176939420300187e-06,5.34372712746034e-10,26.4791841506958
1.8157199974666582e-06,5.276831749334576e-10,26.485957622528076
1.8137491224479163e-06,5.251468704337015e-10,26.49309992790222
1.811780407479091e-06,5.226003518821187e-10,26.50032925605774
1.8098143073075335e-06,5.198464991806873e-10,26.50717043876648
1.8078536641041865e-06,5.293608884571199e-10,26.515334129333496
1.8058933619613526e-06,5.320837104250131e-10,26.52419638633728
1.8039352198684355e-06,5.346755260760006e-10,26.531611919403076
1.8019757135334658e-06,5.255787471902806e-10,26.53868055343628
1.8000199588641408e-06,5.213409703941352e-10,26.54595112800598
1.7980670463657589e-06,5.190852192527018e-10,26.552701473236084
1.7961164076041314e-06,5.17471954175619e-10,26.559425830841064
1.7941679288924206e-06,5.162845706507824e-10,26.56692385673523
1.7922219512911397e-06,5.149854986896685e-10,26.574185371398926
1.7902782474266132e-06,5.143461767609381e-10,26.581602811813354
1.788336476238328e-06,5.124519697474739e-10,26.58850622177124
1.786397092473635e-06,5.117098411666632e-10,26.595244646072388
1.7844595276983455e-06,5.105144640360493e-10,26.602121114730835
1.7825250324676745e-06,5.115703971547703e-10,26.609317302703857
1.780592356226407e-06,5.109309642037374e-10,26.616788864135742
1.7786644548323238e-06,5.193155350191603e-10,26.62347912788391
1.7767342797014862e-06,5.136595038202074e-10,26.630264282226562
1.7748071741152671e-06,5.0970883069823e-10,26.637346267700195
1.7728826833263156e-06,5.076071230014634e-10,26.64406180381775
1.7709609210214694e-06,5.077682163623365e-10,26.651016235351562
1.769043706190132e-06,5.160805116588563e-10,26.65785026550293
1.7671245586825535e-06,5.100299071969516e-10,26.665361642837524
1.7652084807195934e-06,5.074268782934155e-10,26.67218780517578
1.7632947901802254e-06,5.055205698489829e-10,26.67926049232483
1.7613836007512873e-06,5.043666040371875e-10,26.686055660247803
1.7594742303117528e-06,5.028523708539012e-10,26.693077564239502
1.7575675883563235e-06,5.02782704359106e-10,26.701029777526855
1.7556627653902979e-06,5.021218441036979e-10,26.707731008529663
1.7537603298478643e-06,5.01557295695676e-10,26.715391635894775
1.751859826981672e-06,5.008235492987012e-10,26.722111225128174
1.7499613704785588e-06,4.997379177140715e-10,26.728835105895996
1.7480653013990377e-06,4.989800239663111e-10,26.73565411567688
1.7461710513089201e-06,4.97903884788542e-10,26.742992639541626
1.7442815760659869e-06,5.056982055329229e-10,26.750654458999634
1.7423933513782686e-06,5.104758282747923e-10,26.757482051849365
1.7405038761353353e-06,5.031216554485241e-10,26.764915466308594
1.7386171293765074e-06,4.98701302475979e-10,26.771620750427246
1.7367333384754602e-06,4.96618968170992e-10,26.778773069381714
1.7348543224215973e-06,5.040316497506581e-10,26.78559112548828
1.7329732600046555e-06,4.970898137557356e-10,26.792251110076904
1.731095721879683e-06,4.944221698721663e-10,26.799702882766724
1.7292234133492457e-06,5.029877625517543e-10,26.806769847869873
1.7273489447688917e-06,4.968278566330753e-10,26.813657522201538
1.7254801605304237e-06,5.030147964824039e-10,26.82042407989502
1.7236097846762277e-06,4.965466371409377e-10,26.82726240158081
1.7217448657902423e-06,5.008412018447927e-10,26.834009170532227
1.719878696349042e-06,4.946196785482471e-10,26.84074091911316
1.7180158238261356e-06,4.918770946105155e-10,26.848705053329468
1.716155111353146e-06,4.899503580624298e-10,26.855444192886353
1.714296899990586e-06,4.88966478418007e-10,26.86223006248474
1.7124431224146974e-06,4.964947897256877e-10,26.869060277938843
1.7105877532230807e-06,4.907378392537964e-10,26.876328945159912
1.7087348851418938e-06,4.870528425016118e-10,26.883602380752563
1.70688485923165e-06,4.855689739180491e-10,26.89057230949402
1.7050365386239719e-06,4.831683941830534e-10,26.897332668304443
1.7031909465003991e-06,4.823313415336372e-10,26.90414047241211
1.7013472870530677e-06,4.819915022657995e-10,26.911575078964233
1.6995085161397583e-06,4.91209184438901e-10,26.918548345565796
1.6976676988633699e-06,4.854006085963647e-10,26.9256272315979
1.695831997494679e-06,4.912973361470563e-10,26.933785676956177
1.6939953866312862e-06,4.85596785004816e-10,26.941014766693115
1.6921615042519988e-06,4.832780842178863e-10,26.948758125305176
1.6903325104067335e-06,4.901213879193733e-10,26.955760717391968
1.6885015838852269e-06,4.833131672654645e-10,26.962960243225098
1.6866739542820142e-06,4.809520559589942e-10,26.97041940689087
1.6848484847287182e-06,4.791144703197858e-10,26.977659940719604
1.6830276763357688e-06,4.865176594925913e-10,26.984492301940918
1.6812052763270913e-06,4.801827824252314e-10,26.991448402404785
1.6793878785392735e-06,4.857242941191942e-10,26.998788118362427
1.6775699123172672e-06,4.809047604581451e-10,27.005940198898315
1.6757541061451775e-06,4.766957939494887e-10,27.012741088867188
1.67394068739668e-06,4.746000259459038e-10,27.019648790359497
1.6721296560717747e-06,4.727934155290825e-10,27.02673053741455
1.670321239544137e-06,4.73221517527378e-10,27.0341854095459
1.668514528319065e-06,4.726509184038719e-10,27.040887355804443
1.6667122508806642e-06,4.80393447244154e-10,27.048418283462524
1.6649082681396976e-06,4.752404025865076e-10,27.05523681640625
1.6631069001959986e-06,4.722488511355039e-10,27.062721729278564
1.6613079196758918e-06,4.705194567300452e-10,27.069541215896606
1.6595114402662148e-06,4.698415545512091e-10,27.07645606994629
1.6577170072196168e-06,4.701412592567067e-10,27.084003925323486
1.6559267805860145e-06,4.776810613726923e-10,27.090954542160034
1.654134621276171e-06,4.720357993370783e-10,27.098348379135132
1.6523455315109459e-06,4.695140387589447e-10,27.10513687133789
1.650558374421962e-06,4.671939501932343e-10,27.111884117126465
1.6487740595039213e-06,4.666982356127392e-10,27.118595123291016
1.646991222514771e-06,4.65144062156142e-10,27.1255202293396
1.645210659262375e-06,4.6471651526935887e-10,27.13298773765564
1.6434318013125448e-06,4.6365095096589926e-10,27.14065432548523
1.6416553307863069e-06,4.6309095447227833e-10,27.148531436920166
1.6398805655626347e-06,4.622073557225548e-10,27.15552306175232
1.6381078467020416e-06,4.6104350892584023e-10,27.162495374679565
1.6363371742045274e-06,4.598674219202792e-10,27.16941475868225
1.6345685480700922e-06,4.5945769411304127e-10,27.17633295059204
1.632801968298736e-06,4.5942463722248306e-10,27.184094429016113
1.6310375485772965e-06,4.5948078675195347e-10,27.19113516807556
1.6292749478452606e-06,4.59285998122283e-10,27.19883131980896
1.6275139387289528e-06,4.579148171757197e-10,27.2055606842041
1.625757818146667e-06,4.66649718866563e-10,27.212329626083374
1.6239996512013022e-06,4.6049447588458747e-10,27.21911859512329
1.6222442127400427e-06,4.578322998494144e-10,27.226428270339966
1.6204908206418622e-06,4.551825860676928e-10,27.233931303024292
1.618739815967274e-06,4.545730736271736e-10,27.24064612388611
1.6169908576557646e-06,4.540911258121838e-10,27.24738597869873
1.615244059394172e-06,4.5374351498317367e-10,27.254186630249023
1.6134990801219828e-06,4.5328121811571975e-10,27.261502742767334
1.6117556924655219e-06,4.521168439630685e-10,27.26825761795044
1.6100148059194908e-06,4.5204373577689694e-10,27.27494239807129
1.6082756246760255e-06,4.5146714144905786e-10,27.282512426376343
1.6065383761088015e-06,4.508321771456991e-10,27.28923773765564
1.604802946530981e-06,4.497557604121738e-10,27.29668378829956
1.6030699043767527e-06,4.4983394786868303e-10,27.30352473258972
1.6013383401514147e-06,4.491173266618631e-10,27.3102285861969
1.5996090496628312e-06,4.4926090625452275e-10,27.31740427017212
1.5978814644768136e-06,4.486965798911058e-10,27.324456453323364
1.5961558119670372e-06,4.4766254592154553e-10,27.332048416137695
1.594432092133502e-06,4.470641912224238e-10,27.33894181251526
1.5927105323498836e-06,4.469226377867841e-10,27.34568190574646
1.5909905641819932e-06,4.4550363398343507e-10,27.352739095687866
1.589275029800774e-06,4.540049447498973e-10,27.360228538513184
1.5875579038038268e-06,4.4911335761455007e-10,27.367315769195557
1.585843392604147e-06,4.4660186659939427e-10,27.374185800552368
1.5841308140807087e-06,4.4427642120759003e-10,27.381621837615967
1.582420395607187e-06,4.4392234332946146e-10,27.388670206069946
1.5807123645572574e-06,4.4344600214074603e-10,27.396137237548828
1.5790055840625428e-06,4.423160726574338e-10,27.403228759765625
1.5773009636177449e-06,4.4106684971012555e-10,27.410221576690674
1.575598389536026e-06,4.4049763836540023e-10,27.41764760017395
1.573897861817386e-06,4.40555786296315e-10,27.424842357635498
1.5721988120276364e-06,4.3900147406183976e-10,27.43312382698059
1.570502149661479e-06,4.3921458137141656e-10,27.4402437210083
1.5688070789110498e-06,4.382631202393128e-10,27.448246002197266
1.5671141682105372e-06,4.383807206131962e-10,27.455427885055542
1.565422735438915e-06,4.373300888094178e-10,27.46295189857483
1.563733690090885e-06,4.3799222582130426e-10,27.470417022705078
1.562049078529526e-06,4.466436109851202e-10,27.478063106536865
1.5603617384840618e-06,4.400419195693672e-10,27.485546350479126
1.5586773542963783e-06,4.373959805459293e-10,27.49327564239502
1.556995357532287e-06,4.3583872622043884e-10,27.500826358795166
1.5553154071312747e-06,4.353102878162929e-10,27.507953643798828
1.5536370483459905e-06,4.3351353062881515e-10,27.516262531280518
1.551960849610623e-06,4.332232905746025e-10,27.523273468017578
1.550286469864659e-06,4.3241213387723576e-10,27.531675577163696
1.548614136481774e-06,4.318985724616198e-10,27.53871250152588
1.5469436220882926e-06,4.312713797194334e-10,27.546082496643066
1.5452749266842147e-06,4.308913503781042e-10,27.553253889083862
1.5436081639563781e-06,4.304991640946554e-10,27.560943603515625
1.541943220217945e-06,4.294843924945724e-10,27.568244457244873
1.5402799817820778e-06,4.2886524886931454e-10,27.57551884651184
1.5386187897092896e-06,4.284154975220389e-10,27.58350920677185
1.5369594166259049e-06,4.2809256139975105e-10,27.59077763557434
1.535301748845086e-06,4.269898323805421e-10,27.599246740341187
1.533646127427346e-06,4.2680506351366887e-10,27.606217861175537
1.531992211312172e-06,4.263596975473405e-10,27.61364436149597
1.5303404552469146e-06,4.2634260011276126e-10,27.621083736419678
1.5286902907973854e-06,4.2588882420702134e-10,27.62848925590515
1.5270416042767465e-06,4.2459416538243033e-10,27.635855436325073
1.525395191492862e-06,4.2392667154445007e-10,27.64331340789795
1.5237504840115434e-06,4.2291681268125103e-10,27.650984048843384
1.5221075955196284e-06,4.2275610789843654e-10,27.65790033340454
1.5204666397039546e-06,4.2214964857123505e-10,27.666192531585693
1.5188278439381975e-06,4.222489857763634e-10,27.673704624176025
1.517190412414493e-06,4.2192341287439206e-10,27.6817786693573
1.5155549135670299e-06,4.2095035790445934e-10,27.68980383872986
1.5139212337089702e-06,4.2055472992963416e-10,27.697301387786865
1.5122892591534765e-06,4.200088610240016e-10,27.704733848571777
1.5106589899005485e-06,4.186653801419027e-10,27.711958646774292
1.5090306533238618e-06,4.179853685393198e-10,27.719521522521973
1.5074047041707672e-06,4.1858466692801244e-10,27.726914882659912
1.5057800055728876e-06,4.1803802086626263e-10,27.734527349472046
1.504156898590736e-06,4.163212274921335e-10,27.741654634475708
1.5025362927190145e-06,4.16770701283653e-10,27.74936032295227
1.5009169374025078e-06,4.15852186019805e-10,27.756410598754883
1.4992998558227555e-06,4.1637546188688646e-10,27.76354718208313
1.4976842521718936e-06,4.149558474608739e-10,27.770854711532593
1.4960704675104353e-06,4.147719112612691e-10,27.778016328811646
1.4944585018383805e-06,4.140353893067328e-10,27.785446166992188
1.4928483551557292e-06,4.139856790708052e-10,27.792321920394897
1.4912401411493192e-06,4.1356401636605256e-10,27.800368070602417
1.4896331776981242e-06,4.122854002641674e-10,27.807122468948364
1.4880284879836836e-06,4.1190870159191206e-10,27.81484580039978
1.486425389884971e-06,4.108869355867739e-10,27.821775436401367
1.4848239970888244e-06,4.1015532636912155e-10,27.8289475440979
1.4832246506557567e-06,4.098111017203365e-10,27.83618998527527
1.4816268958384171e-06,4.0945219437205083e-10,27.843178272247314
1.4800310736973188e-06,4.0895359321169167e-10,27.851260900497437
1.4784371842324617e-06,4.0923398003656075e-10,27.85818386077881
1.476844772696495e-06,4.081661952870519e-10,27.86642861366272
1.4752539527762565e-06,4.06612798986572e-10,27.874486684799194
1.473665179219097e-06,4.0597200601233396e-10,27.882524013519287
1.4720782246513409e-06,4.057991165318242e-10,27.889708995819092
1.4704933164466638e-06,4.065568992572821e-10,27.897326231002808
1.4689096587972017e-06,4.0559819391994267e-10,27.904601573944092
1.4673279338239809e-06,4.054263591513063e-10,27.91152262687683
1.4657479141533258e-06,4.045815349407178e-10,27.91892123222351
1.4641697134720744e-06,4.0396835876421733e-10,27.926110982894897
1.4625935591539019e-06,4.042332302223173e-10,27.934785842895508
1.4610185417041066e-06,4.028924971422043e-10,27.941765069961548
1.4594457979910658e-06,4.027355116065223e-10,27.949594736099243
1.4578743048332399e-06,4.018635424429817e-10,27.956753253936768
1.456304858038493e-06,4.013136767344605e-10,27.963597536087036
1.4547372302331496e-06,4.0081363228416933e-10,27.97070074081421
1.4531714214172098e-06,4.0094685904712435e-10,27.977783679962158
1.451607204216998e-06,4.003843090405468e-10,27.98518943786621
1.4500444649456767e-06,3.995530573064343e-10,27.99191188812256
1.448483544663759e-06,3.979176155244346e-10,27.99973177909851
1.4469219422608148e-06,3.8813346980859365e-10,28.006718158721924
1.4453662515734322e-06,3.929784553324822e-10,28.01345443725586
1.443811243007076e-06,3.949600091424088e-10,28.020618438720703
1.4422579397432855e-06,3.9589634348580205e-10,28.027441263198853
1.44070588703471e-06,3.958264549464019e-10,28.035111665725708
1.4391559943760512e-06,3.9703967891213665e-10,28.042191743850708
1.4376070112120942e-06,3.9535455464978497e-10,28.050600051879883
1.4360600744112162e-06,3.943542437045977e-10,28.05763578414917
1.4345149565997417e-06,3.9468697754507787e-10,28.065739631652832
1.4329713167171576e-06,3.932337788725704e-10,28.072795867919922
1.4314297231976525e-06,3.9349953850909003e-10,28.079625606536865
1.4298897212938755e-06,3.9336900403696973e-10,28.087172746658325
1.4283513110058266e-06,3.929576664063461e-10,28.094372987747192
1.4268121049099136e-06,3.8288691661669816e-10,28.101914167404175
1.425278469469049e-06,3.8747835495733796e-10,28.10885787010193
1.4237460845833994e-06,3.8955685899288994e-10,28.116843461990356
1.4222144955056137e-06,3.886166388689105e-10,28.123859167099
1.4206848391040694e-06,3.892459965459949e-10,28.131897926330566
1.4191568880050909e-06,3.8882536079754004e-10,28.139302730560303
1.4176306422086782e-06,3.892424715878917e-10,28.146113395690918
1.4161032595438883e-06,3.793207692392997e-10,28.1533522605896
1.4145817885946599e-06,3.842368923034911e-10,28.16025185585022
1.4130609997664578e-06,3.859943475958971e-10,28.168140411376953
1.4115415751803084e-06,3.8621389419901675e-10,28.175042390823364
1.4100237422098871e-06,3.863358521982718e-10,28.183258295059204
1.4085077282288694e-06,3.868897424652573e-10,28.190141916275024
1.4069929648030666e-06,3.853714569679312e-10,28.19699501991272
1.4054796793061541e-06,3.841656159853102e-10,28.20444345474243
1.4039685538591584e-06,3.8359568299561886e-10,28.211588621139526
1.4024591337147285e-06,3.836472806106883e-10,28.219041347503662
1.4009514188728645e-06,3.838795670230155e-10,28.22607183456421
1.3994448408993776e-06,3.8251499190344873e-10,28.234331369400024
1.397940195602132e-06,3.811397031316943e-10,28.241389274597168
1.3964374829811277e-06,3.814913385191687e-10,28.250138998031616
1.3949363619758515e-06,3.814232540921836e-10,28.257256269454956
1.3934368325863034e-06,3.8092740073381037e-10,28.265369653701782
1.3919391221861588e-06,3.813272475561291e-10,28.272544622421265
1.3904428897149046e-06,3.80798170773744e-10,28.279542207717896
1.388948476233054e-06,3.8033917681978835e-10,28.28728747367859
1.387455426993256e-06,3.79388048754592e-10,28.29454517364502
1.3859614682587562e-06,3.6927080837578785e-10,28.30239510536194
1.384473421239818e-06,3.7399025543116693e-10,28.309219360351562
1.3829861700287438e-06,3.760405320463178e-10,28.31761336326599
1.3815000556860468e-06,3.765217859719172e-10,28.32432460784912
1.380015532959078e-06,3.763634959241813e-10,28.331937789916992
1.3785301007374073e-06,3.673598092390762e-10,28.338865518569946
1.3770501254839473e-06,3.7154010423812167e-10,28.345311164855957
1.3755710597251891e-06,3.7357344995214703e-10,28.352111339569092
1.3740933582084836e-06,3.740740495139505e-10,28.35892915725708
1.3726170209338306e-06,3.7425773591337474e-10,28.367141723632812
1.3711420479012304e-06,3.732448794480092e-10,28.374362468719482
1.3696690075448714e-06,3.730896702691666e-10,28.382417917251587
1.3681978998647537e-06,3.73482106352796e-10,28.389602661132812
1.366728042739851e-06,3.737433973416415e-10,28.396531581878662
1.3652597772306763e-06,3.7340866509971704e-10,28.403752326965332
1.363792989650392e-06,3.721140895418529e-10,28.41070795059204
1.3623279073726735e-06,3.7133515706777587e-10,28.41802215576172
1.3608645303975209e-06,3.7108205397373695e-10,28.424894094467163
1.3594027450380963e-06,3.702566586660794e-10,28.433016538619995
1.3579426649812376e-06,3.702385897863536e-10,28.44001317024231
1.3564845176006202e-06,3.707403273267573e-10,28.44728922843933
1.3550276207752177e-06,3.70632829982398e-10,28.454122066497803
1.3535722018787055e-06,3.69793168308874e-10,28.46079444885254
1.3521182609110838e-06,3.6854211349357513e-10,28.46816611289978
1.3506661389328656e-06,3.6797490055029414e-10,28.474955558776855
1.3492154948835378e-06,3.67293390146628e-10,28.482949256896973
1.3477667835104512e-06,3.6726191532387986e-10,28.489938259124756
1.3463194363794173e-06,3.6579170248352e-10,28.49666666984558
1.344873908237787e-06,3.6616548682033567e-10,28.504366159439087
1.3434299717118847e-06,3.6594116625821016e-10,28.511168718338013
1.3419873994280351e-06,3.6487077248459343e-10,28.518473625183105
1.3405464187599136e-06,3.6443231765659334e-10,28.525237321853638
1.339107143394358e-06,3.640096002399673e-10,28.53305697441101
1.3376694596445304e-06,3.634341716463041e-10,28.540066242218018
1.3362335948841064e-06,3.6345179643682e-10,28.546810626983643
1.334798753305222e-06,3.622638578004711e-10,28.553882837295532
1.333365730715741e-06,3.6140246351124006e-10,28.560803413391113
1.3319346408025012e-06,3.610121923625087e-10,28.56833815574646
1.3305049151313142e-06,3.6105293754751244e-10,28.574819803237915
1.3290765537021798e-06,3.597589726123118e-10,28.58313250541687
1.3276498975756112e-06,3.5920863505900513e-10,28.58984112739563
1.3262250604384462e-06,3.5927080754838414e-10,28.596625089645386
1.3248017012301716e-06,3.5906158601939353e-10,28.605764627456665
1.3233776599008706e-06,3.500050527183163e-10,28.612544536590576
1.3219586207924294e-06,3.5414943200251514e-10,28.62009286880493
1.3205377626945847e-06,3.457485686642059e-10,28.627042055130005
1.3191222478781128e-06,3.5206046411495606e-10,28.63440442085266
1.3177076425563428e-06,3.546148097388624e-10,28.641300916671753
1.3162938330424367e-06,3.547680760274119e-10,28.649203062057495
1.3148816151442588e-06,3.5508340712198105e-10,28.656384706497192
1.3134708751749713e-06,3.5508285201046874e-10,28.663328409194946
1.3120589983373065e-06,3.4578209739954957e-10,28.672523260116577
1.3106526921546902e-06,3.503357604017765e-10,28.682228326797485
1.3092471817799378e-06,3.520917446486749e-10,28.69111394882202
1.3078430356472381e-06,3.5353162064488686e-10,28.700038194656372
1.3064401400697534e-06,3.538165593841569e-10,28.70785665512085
1.3050384950474836e-06,3.529395664614299e-10,28.7159104347229
1.303635940530512e-06,3.4283265115675476e-10,28.72323775291443
1.3022387292949134e-06,3.4731145737154634e-10,28.730291604995728
1.3008400401304243e-06,3.399481252053249e-10,28.73730492591858
1.299446353186795e-06,3.4577177232542056e-10,28.744113206863403
1.2980532346773543e-06,3.48068462940887e-10,28.751308917999268
1.2966613667231286e-06,3.4894936939977583e-10,28.75823974609375
1.2952708630109555e-06,3.494984579521798e-10,28.766356229782104
1.2938816098539974e-06,3.488589417344201e-10,28.773191213607788
1.2924914472023374e-06,3.3878300165213204e-10,28.779974937438965
1.2911068552057259e-06,3.4390457148703035e-10,28.787052392959595
1.2897229453301406e-06,3.4585154184973987e-10,28.79404640197754
1.2883376712125028e-06,3.368017531535372e-10,28.801274299621582
1.2869550118921325e-06,3.329197195700573e-10,28.80795168876648
1.2855770137321088e-06,3.3990649184190147e-10,28.81590700149536
1.284196969209006e-06,3.332475684292291e-10,28.822813034057617
1.2828219269067631e-06,3.4005456783781085e-10,28.82970643043518
1.2814447245546035e-06,3.3351338357689997e-10,28.83656883239746
1.280072751796979e-06,3.396952441558909e-10,28.843469858169556
1.2786983916157624e-06,3.319566566073462e-10,28.850820064544678
1.2773293747159187e-06,3.3854347103456917e-10,28.85788917541504
1.2759609262502636e-06,3.4151417804828554e-10,28.865522146224976
1.274593500966148e-06,3.4268596293962617e-10,28.87268853187561
1.2732270988635719e-06,3.4223451850223796e-10,28.879669427871704
1.2718624020635616e-06,3.419841909657606e-10,28.886684894561768
1.2704965683951741e-06,3.325555386624046e-10,28.8938205242157
1.2691361916949973e-06,3.377507440394112e-10,28.901231050491333
1.2677766108026844e-06,3.397458148146626e-10,28.907957553863525
1.2664179394050734e-06,3.4019431716103554e-10,28.915607929229736
1.2650605185626773e-06,3.393605951806933e-10,28.922813177108765
1.2637023019124172e-06,3.2995731147345e-10,28.929577589035034
1.2623495422303677e-06,3.353994582067088e-10,28.93654727935791
1.260997237295669e-06,3.371838641630376e-10,28.94357395172119
1.2596465239766985e-06,3.384235114367584e-10,28.950921297073364
1.2582967201524298e-06,3.3873970295417166e-10,28.957752466201782
1.2569457794597838e-06,3.284350846843864e-10,28.96543550491333
1.2555976809380809e-06,3.2294492080531256e-10,28.97265076637268
1.2542541298898868e-06,3.301729167848322e-10,28.979448318481445
1.252911260962719e-06,3.3371810870264085e-10,28.986517190933228
1.2515668004198233e-06,3.254117253437272e-10,28.993431568145752
1.2502275694714626e-06,3.312009833056351e-10,29.00114154815674
1.2488885658967774e-06,3.328524122991894e-10,29.00820231437683
1.2475510402509826e-06,3.337847775952696e-10,29.016327142715454
1.246214651473565e-06,3.343050003490333e-10,29.023406744003296
1.2448796269382e-06,3.33728711332526e-10,29.030179977416992
1.243546307705401e-06,3.34232308496496e-10,29.037765741348267
1.242214125340979e-06,3.333543163730468e-10,29.044888257980347
1.2408834209054476e-06,3.3296013168815364e-10,29.052374839782715
1.2395543080856442e-06,3.327226272276107e-10,29.059227466583252
1.2382266731947311e-06,3.3228428342191307e-10,29.06740975379944
1.2369004025458707e-06,3.317826291482362e-10,29.07422184944153
1.2355756098259008e-06,3.308976703753075e-10,29.081995010375977
1.2342522950348211e-06,3.308852913885829e-10,29.089231729507446
1.232930458172632e-06,3.2998392907046536e-10,29.096040725708008
1.231610099239333e-06,3.30102667422949e-10,29.103082180023193
1.2302909908612492e-06,3.288261052336594e-10,29.110116720199585
1.228973587785731e-06,3.287653205230612e-10,29.117589950561523
1.2276552752155112e-06,3.1970262548419726e-10,29.124587774276733
1.226341964866151e-06,3.2407795891309377e-10,29.132781744003296
1.2250269492142252e-06,3.1693750401906584e-10,29.139649152755737
1.2237167084094835e-06,3.2197511323772687e-10,29.14640235900879
1.2224070360389305e-06,3.238005974459668e-10,29.15326499938965
1.2210987279104302e-06,3.2475724887071067e-10,29.1602463722229
1.219791556650307e-06,3.252925706576093e-10,29.16738224029541
1.2184857496322365e-06,3.2512023628861186e-10,29.174082279205322
1.2171789194326266e-06,3.155532501963876e-10,29.18157958984375
1.215877205140714e-06,3.2042521413977454e-10,29.188526153564453
1.214576172969828e-06,3.223722677692109e-10,29.195255279541016
1.2132763913541567e-06,3.2302299723951933e-10,29.202189207077026
1.211977973980538e-06,3.2342564737497526e-10,29.208892822265625
1.2106806934752967e-06,3.2352753809306023e-10,29.21680450439453
1.2093821624148404e-06,3.1338656669710474e-10,29.22364568710327
1.2080893156962702e-06,3.184151831092663e-10,29.230663776397705
1.2067969237250509e-06,3.2037927866213067e-10,29.237486839294434
1.2055053275616956e-06,3.203668996754061e-10,29.24434185028076
1.2042154367009061e-06,3.201621467940896e-10,29.251174211502075
1.202926682708494e-06,3.203517728866956e-10,29.258037090301514
1.201639406644972e-06,3.2053840137713507e-10,29.265931844711304
1.2003511073999107e-06,3.106333246183368e-10,29.27270221710205
1.1990679240625468e-06,3.151095218090205e-10,29.279446840286255
1.197785536533047e-06,3.1790700627531976e-10,29.286680221557617
1.1965016710746568e-06,3.09161085620957e-10,29.293596744537354
1.1952228078371263e-06,3.139628002024608e-10,29.300739765167236
1.19394474040746e-06,3.166306938862107e-10,29.307666063308716
1.1926674687856575e-06,3.170623208426093e-10,29.314939260482788
1.1913892876691534e-06,3.0799707229078876e-10,29.32205629348755
1.1901159950866713e-06,3.131689907398538e-10,29.330023288726807
1.1888408835147857e-06,3.054341779495928e-10,29.33704423904419
1.1875680456796545e-06,3.012946281355511e-10,29.343937635421753
1.1862996416311944e-06,3.0876956547132295e-10,29.35105586051941
1.185031806016923e-06,3.1278882262064656e-10,29.358150720596313
1.1837644251500024e-06,3.1351021778647237e-10,29.366332530975342
1.1824984085251344e-06,3.1401559130728174e-10,29.37313199043274
1.1812336424554815e-06,3.1412877854464227e-10,29.379897832870483
1.1799704680015566e-06,3.14349546393089e-10,29.386619091033936
1.1787083167291712e-06,3.1387517585024227e-10,29.39359426498413
1.1774475296988385e-06,3.135864345971129e-10,29.400779962539673
1.1761882205973961e-06,3.1295827040977997e-10,29.40745210647583
1.1749302757380065e-06,3.12348813480412e-10,29.41496706008911
1.1736738088075072e-06,3.118346969532837e-10,29.421997547149658
1.172418478745385e-06,3.113393709508472e-10,29.428870677947998
1.171164740298991e-06,3.10819758819747e-10,29.435653686523438
1.1699098649842199e-06,3.0117341953683763e-10,29.442561626434326
1.1686601055771462e-06,3.05551361989842e-10,29.44999861717224
1.1674112556647742e-06,3.0812244422584456e-10,29.457114696502686
1.1661634289339418e-06,3.093992007041635e-10,29.463996171951294
1.1649166253846488e-06,3.0934796391157704e-10,29.470821142196655
1.1636687986538163e-06,3.000474591008384e-10,29.477746725082397
1.1624257467701682e-06,3.040542817522862e-10,29.485268592834473
1.161181103270792e-06,2.966074885701886e-10,29.492209911346436
1.1599413483054377e-06,3.0264588057882236e-10,29.499990224838257
1.1587020480874344e-06,3.05228148311798e-10,29.506751537322998
1.1574637710509705e-06,3.0608046652780274e-10,29.513649702072144
1.156224129772454e-06,2.9681765378875014e-10,29.52056097984314
1.154989604401635e-06,3.0237429227142343e-10,29.5273380279541
1.153753032667737e-06,2.945099997209155e-10,29.534342527389526
1.1525212357810233e-06,2.9975771864698686e-10,29.541098594665527
1.1512912578837131e-06,3.06416225726025e-10,29.549161434173584
1.1500605978653766e-06,3.0601438050226193e-10,29.556297779083252
1.14883243895747e-06,3.093827416478234e-10,29.563122510910034
1.1476039389890502e-06,3.068878762224614e-10,29.57082509994507
1.146377258010034e-06,3.05288516688762e-10,29.5778169631958
1.145149212788965e-06,2.9419411351483404e-10,29.584912538528442
1.1439267382229446e-06,2.9916297217269516e-10,29.591630220413208
1.1427049457779503e-06,3.0114541416104146e-10,29.599579334259033
1.1414829259592807e-06,2.971702606213711e-10,29.606325149536133
1.1402627251300146e-06,2.9491922792779235e-10,29.61308717727661
1.1390440022296389e-06,2.935786613811331e-10,29.619937896728516
1.1378278941265307e-06,2.968621737320376e-10,29.62692379951477
1.1366137186996639e-06,3.0317401367163654e-10,29.63404107093811
1.1353977242833935e-06,2.967605605697088e-10,29.640817642211914
1.1341854815327679e-06,2.990734881969104e-10,29.648293018341064
1.1329740345900063e-06,3.0003097228892273e-10,29.655835390090942
1.1317611097183544e-06,2.9045332805566204e-10,29.662481784820557
1.1305521638860228e-06,2.904276541482176e-10,29.67009711265564
1.1293456054772832e-06,2.9499136466881737e-10,29.676903009414673
1.1281385923211928e-06,2.921490549478989e-10,29.683961868286133
1.1269331707808306e-06,2.9076516194770363e-10,29.6906259059906
1.1257292271693586e-06,2.898326023625941e-10,29.6982204914093
1.1245266477999394e-06,2.8908925253645634e-10,29.7049298286438
1.1233264558541123e-06,2.9282826163878894e-10,29.712022066116333
1.1221274007766624e-06,2.9496571851694853e-10,29.718786239624023
1.120927777265024e-06,2.906420659698483e-10,29.725562810897827
1.1197313369848416e-06,2.9354874087061944e-10,29.73299813270569
1.1185345556441462e-06,2.897743156538013e-10,29.739798069000244
1.1173393659191788e-06,2.8714125521744904e-10,29.746562957763672
1.1161473594256677e-06,2.911490493140434e-10,29.753278970718384
1.1149546708111302e-06,2.88287310690194e-10,29.760138273239136
1.1137635738123208e-06,2.863430881294704e-10,29.767622470855713
1.1125739547424018e-06,2.850379376972967e-10,29.774324417114258
1.1113860409750487e-06,2.847342917000617e-10,29.78160309791565
1.110199150389235e-06,2.842038271388958e-10,29.788264751434326
1.109013624045474e-06,2.8333971280325443e-10,29.79540181159973
1.1078307124989806e-06,2.8790433925784953e-10,29.802425622940063
1.1066470051446231e-06,2.848931923704612e-10,29.809265851974487
1.1054653441533446e-06,2.8360863657539426e-10,29.817404985427856
1.1042850474041188e-06,2.8297530985099684e-10,29.824642419815063
1.1031073654521606e-06,2.8736199531032014e-10,29.832414388656616
1.1019301382475533e-06,2.8893260006768173e-10,29.839318990707397
1.1007539342244854e-06,2.894770811945335e-10,29.846067667007446
1.0995776165145799e-06,2.8429628096127146e-10,29.853326559066772
1.0984032314809156e-06,2.818867639309275e-10,29.860334873199463
1.0972306654366548e-06,2.808644150587014e-10,29.86780619621277
1.096059349947609e-06,2.802538756618844e-10,29.874814748764038
1.0948893987006159e-06,2.7992644313634685e-10,29.882499933242798
1.0937218348772149e-06,2.8392493911510996e-10,29.88950753211975
1.0925540436801384e-06,2.8151037057000394e-10,29.89628267288208
1.091387503038277e-06,2.8001453933335085e-10,29.903574466705322
1.0902238045673585e-06,2.838745905009432e-10,29.910644054412842
1.0890596513490891e-06,2.8119689909900103e-10,29.917486667633057
1.0878970897465479e-06,2.7965257887174744e-10,29.924389362335205
1.0867358923860593e-06,2.7848776062988634e-10,29.93188786506653
1.0855759455807856e-06,2.7753124798302053e-10,29.938933610916138
1.0844184998859419e-06,2.8137200902556003e-10,29.945677518844604
1.0832618499989621e-06,2.8307353683310055e-10,29.953257083892822
1.082106223293522e-06,2.8332378110285106e-10,29.960288524627686
1.0809505965880817e-06,2.7972757443706087e-10,29.968384981155396
1.0797978120535845e-06,2.82060680367735e-10,29.975554704666138
1.0786449138322496e-06,2.779835528432528e-10,29.984270572662354
1.0774945167213446e-06,2.8015587072438564e-10,29.992239475250244
1.0763444606709527e-06,2.773274665468506e-10,30.000382900238037
1.0751956551757758e-06,2.7510907441019583e-10,30.00799298286438
1.0740483276094892e-06,2.741642468606642e-10,30.016354084014893
1.072903728527308e-06,2.784507346920151e-10,30.023235082626343
1.0717584473241004e-06,2.755208561300293e-10,30.029597282409668
1.0706145303629455e-06,2.729756420905005e-10,30.036919116973877
1.0694724323911942e-06,2.722993219794745e-10,30.04490566253662
1.06833147128782e-06,2.716657176993209e-10,30.052013158798218
1.0671919881133363e-06,2.713858027192373e-10,30.05890464782715
1.066053528120392e-06,2.705008994574598e-10,30.06714415550232
1.0649164323695004e-06,2.699656054261368e-10,30.074635982513428
1.0637818377290387e-06,2.7441043881637484e-10,30.082903385162354
1.0626465609675506e-06,2.718003599966323e-10,30.089558362960815
1.0615128758217907e-06,2.7028179694355003e-10,30.096630573272705
1.060380668604921e-06,2.696513012878654e-10,30.104724884033203
1.0592498256301042e-06,2.6907101546846945e-10,30.1113920211792
1.0581204605841776e-06,2.6934612873397157e-10,30.11851191520691
1.0569918913461152e-06,2.6853644308211244e-10,30.125548601150513
1.0558646863501053e-06,2.6837274069713146e-10,30.1339168548584
1.0547389592829859e-06,2.6824287235882593e-10,30.1407687664032
1.0536141417105682e-06,2.676822929981171e-10,30.148526191711426
1.0524906883802032e-06,2.6780191952902044e-10,30.15533471107483
1.0513683719182154e-06,2.673538057607061e-10,30.162286520004272
1.0502484428798198e-06,2.710377478010173e-10,30.170113563537598
1.0491293096492882e-06,2.729024783931777e-10,30.17688512802124
1.0480097216714057e-06,2.687240430176985e-10,30.18439769744873
1.0468919526829268e-06,2.668327225840983e-10,30.1912682056427
1.045775775310176e-06,2.658049891302028e-10,30.1991229057312
1.0446607348058023e-06,2.6519539342295673e-10,30.206471920013428
1.0435471722303191e-06,2.6487279036757627e-10,30.213263511657715
1.0424357697047526e-06,2.689770073338593e-10,30.219967365264893
1.0413239124318352e-06,2.665672127477592e-10,30.226811408996582
1.0402135330878082e-06,2.643629481990928e-10,30.234094381332397
1.0391045179858338e-06,2.63311983328407e-10,30.24128746986389
1.0379969808127498e-06,2.6352589554967665e-10,30.248904705047607
1.0368904668212053e-06,2.6248259121786077e-10,30.255773544311523
1.0357865676269284e-06,2.670095811119211e-10,30.26210117340088
1.0346818726247875e-06,2.63982891102188e-10,30.268815994262695
1.0335788829252124e-06,2.6212823578397604e-10,30.27673649787903
1.0324782806492294e-06,2.6614255244084006e-10,30.284481525421143
1.0313771099390578e-06,2.6262783614505736e-10,30.291292905807495
1.030277644531452e-06,2.6114760354190025e-10,30.29920506477356
1.0291797707395745e-06,2.606454774234379e-10,30.30620789527893
1.0280829201292363e-06,2.603840199011387e-10,30.31296133995056
1.026987320074113e-06,2.5958549199067704e-10,30.319820165634155
1.0258930842610425e-06,2.5968704964185463e-10,30.326077938079834
1.0247998716295115e-06,2.5892130106619504e-10,30.333552360534668
1.0237079095531953e-06,2.5859717145415573e-10,30.340561151504517
1.0226170843452564e-06,2.58041782386087e-10,30.347314834594727
1.0215273960056948e-06,2.5737767472833184e-10,30.353704690933228
1.0204403224634007e-06,2.6226770755144457e-10,30.360188722610474
1.0193538173552952e-06,2.64552990625333e-10,30.36743664741516
1.018266743813001e-06,2.601562298920612e-10,30.374807596206665
1.0171827398153255e-06,2.6288529686446793e-10,30.382567405700684
1.016099531625514e-06,2.6424051835505225e-10,30.389111518859863
1.0150157550015138e-06,2.594236769848379e-10,30.396186351776123
1.0139341384274303e-06,2.57162402483857e-10,30.40345525741577
1.0128547955901013e-06,2.601988347006312e-10,30.4102201461792
1.0117754527527723e-06,2.5775703793584626e-10,30.41743016242981
1.0106984973390354e-06,2.6090751781282506e-10,30.424582958221436
1.0096212008647854e-06,2.5720350849134377e-10,30.43191957473755
1.0085453823194257e-06,2.5532384539950215e-10,30.439056158065796
1.0074709280161187e-06,2.542548394046662e-10,30.445861339569092
1.0063990885100793e-06,2.586406644411454e-10,30.45260238647461
1.0053277037513908e-06,2.5984708829085434e-10,30.45948576927185
1.0042559779321891e-06,2.556179989898766e-10,30.467800855636597
1.003187321657606e-06,2.5825871996509875e-10,30.474977254867554
1.0021180969488341e-06,2.550282762747713e-10,30.482194662094116
1.0010505775426282e-06,2.5329402464357997e-10,30.489124059677124
9.999844223784748e-07,2.522363151680196e-10,30.49582576751709
9.989206546379137e-07,2.5636934242179166e-10,30.50291633605957
9.97856318463164e-07,2.53324639043484e-10,30.510275840759277
9.967934602173045e-07,2.5186597252258025e-10,30.517313718795776
9.957319662134978e-07,2.5112378843061833e-10,30.523895025253296
9.946716090780683e-07,2.502427154382758e-10,30.53082776069641
9.936126161846914e-07,2.49821496822733e-10,30.537903308868408
9.925547601596918e-07,2.496267914597894e-10,30.54497981071472
9.914990641846089e-07,2.5352520083288255e-10,30.55192470550537
9.904440503305523e-07,2.559565059900848e-10,30.55849814414978
9.893886954159825e-07,2.5180435514471355e-10,30.565813064575195
9.883350458039786e-07,2.4992433123038893e-10,30.572805881500244
9.872826467471896e-07,2.486656713873714e-10,30.580631256103516
9.862316119324532e-07,2.483974970157732e-10,30.588988780975342
9.851816002992564e-07,2.47220771631973e-10,30.595755338668823
9.841328392212745e-07,2.4675272936036663e-10,30.60236668586731
9.830852150116698e-07,2.461618409110855e-10,30.60949420928955
9.82040091912495e-07,2.511315044806395e-10,30.617304801940918
9.80994173005456e-07,2.4801402598306765e-10,30.6239013671875
9.7994961834047e-07,2.4604013271201097e-10,30.630234479904175
9.789066552912118e-07,2.460936732173735e-10,30.63705611228943
9.77864829110331e-07,2.4596849557134703e-10,30.643952131271362
9.768241397978272e-07,2.4551249921955787e-10,30.65058922767639
9.757845873537008e-07,2.451305269879356e-10,30.656883716583252
9.74745944404276e-07,2.4433949308289016e-10,30.66335892677307
9.73708665696904e-07,2.441562507726758e-10,30.670572996139526
9.726724101710715e-07,2.4335897186311684e-10,30.67738938331604
9.716372915136162e-07,2.4326129999252544e-10,30.684091091156006
9.706033097245381e-07,2.4259924624736584e-10,30.690613508224487
9.69570578490675e-07,2.4243271279367207e-10,30.698251962661743
9.685400073067285e-07,2.467382687054709e-10,30.705239057540894
9.675088676885935e-07,2.4403598586353326e-10,30.71240735054016
9.664793196861865e-07,2.430202150627281e-10,30.719322204589844
9.65450794865319e-07,2.4211493920844873e-10,30.72605037689209
9.644236342865042e-07,2.4162019607310015e-10,30.733970880508423
9.633986337576061e-07,2.455900205422523e-10,30.740891218185425
9.623730647945195e-07,2.431269907621214e-10,30.749647617340088
9.613489737603231e-07,2.418371614076875e-10,30.757812976837158
9.603261332813418e-07,2.409696331362454e-10,30.765946865081787
9.593044296707376e-07,2.4057794645315767e-10,30.772557020187378
9.582839766153484e-07,2.3971713503101455e-10,30.77888774871826
9.572645467414986e-07,2.3896842837878296e-10,30.785996913909912
9.562460263623507e-07,2.383026831420665e-10,30.79280662536621
9.55228983912093e-07,2.3816004723897777e-10,30.800695657730103
9.54212964643375e-07,2.38003838859413e-10,30.807541131973267
9.531992191114114e-07,2.4264060205503313e-10,30.81527042388916
9.521847346150025e-07,2.397816667443209e-10,30.822576761245728
9.511718417343218e-07,2.3883151012427106e-10,30.829519748687744
9.501600288785994e-07,2.376506214041285e-10,30.836817741394043
9.49149466578092e-07,2.373609087058526e-10,30.84364104270935
9.481400411459617e-07,2.369295593052101e-10,30.85141372680664
9.471316957387899e-07,2.36734382097481e-10,30.85862708091736
9.461244303565763e-07,2.3595270182141803e-10,30.867238759994507
9.451181881559023e-07,2.3542992555469766e-10,30.87401032447815
9.441131396670244e-07,2.3481527833268956e-10,30.88166069984436
9.431093985767802e-07,2.354264561077457e-10,30.889503002166748
9.421064532944001e-07,2.346823013699151e-10,30.896405458450317
9.411046448803972e-07,2.342484817230428e-10,30.903460025787354
9.401040301781904e-07,2.34280095323669e-10,30.91027522087097
9.391044386575231e-07,2.3403479154637807e-10,30.917758464813232
9.381059271618142e-07,2.3364329915231963e-10,30.924885988235474
9.371096894028597e-07,2.3787766201266436e-10,30.932904720306396
9.361128832097165e-07,2.3558177630889077e-10,30.939634561538696
9.351184644401656e-07,2.3855306618969507e-10,30.946487188339233
9.341247846350598e-07,2.40093028791577e-10,30.953264951705933
9.331308774562785e-07,2.3653895508957135e-10,30.960277557373047
9.321385618932254e-07,2.3448604169473697e-10,30.967375993728638
9.311473263551306e-07,2.330907966641149e-10,30.974053859710693
9.301573413722508e-07,2.3226913448137765e-10,30.98160219192505
9.291685501011671e-07,2.3182085417960963e-10,30.988802909851074
9.281808388550417e-07,2.312431218731703e-10,30.996012687683105
9.271954013456707e-07,2.3543045291063436e-10,31.002843141555786
9.262103048968129e-07,2.370758866998557e-10,31.009795904159546
9.252261179426569e-07,2.3775437174577974e-10,31.017401695251465
9.242415899279877e-07,2.3314539188135086e-10,31.024268865585327
9.232587672158843e-07,2.3077484367917123e-10,31.031617164611816
9.222772519024147e-07,2.2939035393410023e-10,31.038329601287842
9.212969871441601e-07,2.286273809160022e-10,31.045037746429443
9.203178592542827e-07,2.283053884832853e-10,31.05193066596985
9.193398682327825e-07,2.2829217682929226e-10,31.05863904953003
9.18362786705984e-07,2.274653659872783e-10,31.06627368927002
9.173868988909817e-07,2.2727650317300174e-10,31.072946310043335
9.164121479443565e-07,2.272307897399628e-10,31.07986354827881
9.154381928055955e-07,2.266445364718095e-10,31.086529970169067
9.144657155957248e-07,2.2705369528974728e-10,31.09324550628662
9.134941478805558e-07,2.2695563484109726e-10,31.100601196289062
9.12523375973251e-07,2.26414581527834e-10,31.107454538345337
9.115537977777421e-07,2.2594685844534723e-10,31.114904403686523
9.105863227887312e-07,2.2971602398058621e-10,31.121558904647827
9.096183930523694e-07,2.276831084779829e-10,31.128226041793823
9.086517138712225e-07,2.263287890436061e-10,31.134944200515747
9.076861715584528e-07,2.2514383413163586e-10,31.141701221466064
9.067217661140603e-07,2.2483588602018045e-10,31.149122953414917
9.057585543814639e-07,2.2422867729243734e-10,31.15576481819153
9.047964226738259e-07,2.243055047257414e-10,31.162513732910156
9.038351436174707e-07,2.2340826411060277e-10,31.169223308563232
9.028751719597494e-07,2.2398928545275254e-10,31.17615294456482
9.01916052953311e-07,2.2363380591805537e-10,31.1834819316864
9.00958013971831e-07,2.2282646561233577e-10,31.190230131149292
9.000009413284715e-07,2.2257178045048676e-10,31.19737696647644
8.990450623969082e-07,2.2250186415551099e-10,31.204835414886475
8.980901498034655e-07,2.2220969508879307e-10,31.21159076690674
8.971362035481434e-07,2.2182036762963264e-10,31.218491077423096
8.961833941611985e-07,2.214210620410384e-10,31.225921154022217
8.952316079557932e-07,2.2128772425578092e-10,31.233508586883545
8.942810154621839e-07,2.2147335354549824e-10,31.24101185798645
8.93331048246182e-07,2.2056158288652483e-10,31.248796939849854
8.923822747419763e-07,2.1988288967378367e-10,31.255650997161865
8.914346949495666e-07,2.1983773135225704e-10,31.262409687042236
8.904880814952776e-07,2.1970220087652592e-10,31.27058482170105
8.895436849343241e-07,2.2416073164333028e-10,31.277493715286255
8.885984925655066e-07,2.2164332869056835e-10,31.284881591796875
8.87654550751904e-07,2.1955166851217456e-10,31.291666507720947
8.86712030023773e-07,2.194164017144118e-10,31.299676418304443
8.857706461640191e-07,2.1924599635791964e-10,31.307020664215088
8.848300581121293e-07,2.190342351937602e-10,31.313985586166382
8.838906069286168e-07,2.1884166701013896e-10,31.321025609970093
8.82952065239806e-07,2.1795648619260533e-10,31.3278751373291
8.820146604193724e-07,2.178129482333091e-10,31.3346848487854
8.810781650936406e-07,2.1743019884556958e-10,31.342718839645386
8.801427497928671e-07,2.1705813535444207e-10,31.351314067840576
8.79208414517052e-07,2.1662364957375502e-10,31.358134746551514
8.782749887359387e-07,2.1626916923978e-10,31.36600089073181
8.773437230047421e-07,2.2018675771562357e-10,31.373668670654297
8.764118888393568e-07,2.180317454358871e-10,31.38082242012024
8.754814189160243e-07,2.1704808783606921e-10,31.38770031929016
8.745518584873935e-07,2.15826231886318e-10,31.394566535949707
8.736234349271399e-07,2.154103145857178e-10,31.40133023262024
8.726961482352635e-07,2.1490335899709834e-10,31.40815234184265
8.717698278815078e-07,2.1432676466925926e-10,31.41584873199463
8.708446443961293e-07,2.1425813900854962e-10,31.42273259162903
8.699202567186148e-07,2.1365935409800585e-10,31.42953109741211
8.689970059094776e-07,2.1360979651774414e-10,31.43624472618103
8.680747782818798e-07,2.1326031218737995e-10,31.44314217567444
8.67153403305565e-07,2.1306531539089235e-10,31.45066475868225
8.662332220410462e-07,2.1298954266946168e-10,31.457472801208496
8.653150871396065e-07,2.1725367338465418e-10,31.464937925338745
8.643973501420987e-07,2.1938573180335652e-10,31.47308325767517
8.634791583972401e-07,2.1512248926658373e-10,31.479884386062622
8.625625014246907e-07,2.1338751599042638e-10,31.487048149108887
8.616470950073563e-07,2.1241440550934243e-10,31.494091749191284
8.607326549281424e-07,2.1171191189051086e-10,31.50122094154358
8.598192380304681e-07,2.1114922310605522e-10,31.508256196975708
8.58906958001171e-07,2.1102200542522098e-10,31.51632261276245
8.579956443099945e-07,2.106680940805461e-10,31.523234367370605
8.570852969569387e-07,2.1030324703907866e-10,31.530028820037842
8.561760296288412e-07,2.103656693286382e-10,31.53738570213318
8.552676149520266e-07,2.0997871497119291e-10,31.544129848480225
8.543602234567516e-07,2.0984596005302336e-10,31.551619052886963
8.53453855143016e-07,2.0958557112038534e-10,31.558438301086426
8.525485100108199e-07,2.0955580326553758e-10,31.566200017929077
8.51643903843069e-07,2.08314115957009e-10,31.5729923248291
8.507404913871142e-07,2.081541189413727e-10,31.579785108566284
8.4983804526928e-07,2.0807089384788924e-10,31.586570739746094
8.489366791764041e-07,2.0836483927144656e-10,31.593499660491943
8.480362794216489e-07,2.083139633013431e-10,31.600769758224487
8.471366754747578e-07,2.0784964027686925e-10,31.607393741607666
8.462380378659873e-07,2.0723973925829142e-10,31.614978790283203
8.453415603071335e-07,2.1160143082177285e-10,31.621683597564697
8.444444006272533e-07,2.092214318460961e-10,31.628431797027588
8.435484346591693e-07,2.075309646354384e-10,31.635300397872925
8.426536055594624e-07,2.067635646030297e-10,31.642747163772583
8.417599701715517e-07,2.063796217255387e-10,31.650684356689453
8.408672442783427e-07,2.062658099877268e-10,31.65737009048462
8.399754278798355e-07,2.0568877157067789e-10,31.66522240638733
8.390846915062866e-07,2.0573387438105328e-10,31.67204737663269
8.381949214708584e-07,2.056347869761055e-10,31.67880153656006
8.373060609301319e-07,2.0535002864807694e-10,31.685690879821777
8.364181667275261e-07,2.051407654857229e-10,31.692366361618042
8.355312388630409e-07,2.0468264583239915e-10,31.699772119522095
8.346451636498387e-07,2.043488711578334e-10,31.706507444381714
8.337603389918513e-07,2.0463540584270135e-10,31.713247299194336
8.328761396114714e-07,2.0387268262478386e-10,31.720093250274658
8.319930770994688e-07,2.0361136388036272e-10,31.727048635482788
8.31110867238749e-07,2.0319909643795597e-10,31.734098434448242
8.302296805595688e-07,2.030480089620923e-10,31.7412531375885
8.293494602185092e-07,2.029091339394995e-10,31.749236822128296
8.284702630589891e-07,2.027214091038232e-10,31.756093978881836
8.275919185507519e-07,2.0249134313754524e-10,31.762836456298828
8.267144835372164e-07,2.0200456585239834e-10,31.76977562904358
8.258380717052205e-07,2.0139707956889907e-10,31.776623487472534
8.249626262113452e-07,2.013953448454231e-10,31.784030437469482
8.240879765253339e-07,2.0088168628529246e-10,31.79072642326355
8.232143500208622e-07,2.004061500082699e-10,31.798332452774048
8.223416898545111e-07,2.002809862400312e-10,31.805047750473022
8.214700528696994e-07,1.9988399824200087e-10,31.811776638031006
8.205993253795896e-07,1.997460530311912e-10,31.81850266456604
8.197296779144381e-07,2.0008164569595976e-10,31.82513666152954
8.188608831005695e-07,2.0015727963951235e-10,31.832478523254395
8.179931114682404e-07,1.998531617974919e-10,31.839620351791382
8.171259651135188e-07,1.9930412875623915e-10,31.846602201461792
8.162600124705932e-07,1.994423654005928e-10,31.856518745422363
8.153949124789506e-07,1.9889283275897895e-10,31.877768993377686
8.145307219820097e-07,1.9857637756359736e-10,31.88897728919983
8.136676115100272e-07,1.989403225488573e-10,31.898457050323486
8.128052968459087e-07,1.9834732467582938e-10,31.906847953796387
8.119438348330732e-07,1.9794506311843207e-10,31.91712212562561
8.11083452845196e-07,1.9774484827372873e-10,31.924033164978027
8.102239235086017e-07,1.9760632019583113e-10,31.930695056915283
8.093642804851697e-07,1.92605834059556e-10,31.938181400299072
8.085072522590053e-07,1.9480357604795273e-10,31.94630002975464
8.076507356236107e-07,1.9538347328929007e-10,31.953171491622925
8.067950716394989e-07,1.9558681063625016e-10,31.959474325180054
8.059404308369267e-07,1.9614136703705043e-10,31.966841220855713
8.050865289987996e-07,1.960168277692631e-10,31.97314190864563
8.042333661251178e-07,1.9535648099200387e-10,31.97951054573059
8.033813401198131e-07,1.9518645033578252e-10,31.986515283584595
8.025302236092102e-07,1.952462358456586e-10,31.99359941482544
8.016801871235657e-07,1.9536339213033216e-10,32.001067876815796
8.008308896023664e-07,1.951578065817472e-10,32.00792646408081
7.999823878890311e-07,1.9465920542138804e-10,32.01550769805908
7.991347388269787e-07,1.9400654693857433e-10,32.02212381362915
7.982882266333036e-07,1.9366810932730516e-10,32.02888202667236
7.974427376211679e-07,1.9413491647579662e-10,32.03576588630676
7.965979875734774e-07,1.937569688026386e-10,32.0423846244812
7.957541470204887e-07,1.9344276180888187e-10,32.049663066864014
7.949112159622018e-07,1.9295068320879238e-10,32.05633306503296
7.940693649288733e-07,1.9311346965977805e-10,32.06311392784119
7.932281391731522e-07,1.9263363126853505e-10,32.06985926628113
7.923880502858083e-07,1.9262813566456316e-10,32.07685899734497
7.915487003629096e-07,1.9199014600346231e-10,32.08403921127319
7.907103736215504e-07,1.918292191760429e-10,32.090831995010376
7.898728426880552e-07,1.9130511064169298e-10,32.09827995300293
7.890364486229373e-07,1.9157748998299695e-10,32.10519003868103
7.882007935222646e-07,1.9155300956530397e-10,32.112709522247314
7.873661047597125e-07,1.9117821214997832e-10,32.119645833969116
7.865322686484433e-07,1.9056856093158103e-10,32.12651085853577
7.856993988752947e-07,1.9078225110824576e-10,32.13422918319702
7.848673817534291e-07,1.9064801126678077e-10,32.14090299606323
7.840362172828463e-07,1.9046368648911738e-10,32.14862775802612
7.832059054635465e-07,1.894390200263274e-10,32.15550994873047
7.823765599823673e-07,1.8918673572176914e-10,32.16226625442505
7.815481239958899e-07,1.8921821054451726e-10,32.169204235076904
7.80720711190952e-07,1.8914450561346996e-10,32.17611861228943
7.798940373504593e-07,1.8900402076749145e-10,32.18379259109497
7.790683298480872e-07,1.888286194073885e-10,32.19052743911743
7.78243474996998e-07,1.8878648644360396e-10,32.1973352432251
7.774194727971917e-07,1.881635819378502e-10,32.2060010433197
7.765964937789249e-07,1.8822397807038982e-10,32.21275973320007
7.757742537251033e-07,1.881134692460762e-10,32.21949911117554
7.749517294541874e-07,1.8291208825349514e-10,32.22616791725159
7.741320473542146e-07,1.8552823166650967e-10,32.233964681625366
7.733128200015926e-07,1.8619848718426368e-10,32.2407488822937
7.724941610831593e-07,1.8615636809826697e-10,32.2481529712677
7.716764685028465e-07,1.862910242733662e-10,32.25578737258911
7.708586053922772e-07,1.815522177039952e-10,32.262566804885864
7.700433002355567e-07,1.8426539460936198e-10,32.26929974555969
7.69228449826187e-07,1.849443792556471e-10,32.27612257003784
7.684143383812625e-07,1.8548856894895493e-10,32.283390522003174
7.676011932744586e-07,1.8572819671103247e-10,32.29005408287048
7.667886734452622e-07,1.8531760848095047e-10,32.29683256149292
7.659770631107676e-07,1.8507403942713552e-10,32.30353283882141
7.651664191143936e-07,1.8501528087355723e-10,32.310431718826294
7.643565140824649e-07,1.846900687940689e-10,32.31798696517944
7.635476322320756e-07,1.8461057682550575e-10,32.324697732925415
7.627395461895503e-07,1.8442852800504284e-10,32.33241653442383
7.619324264851457e-07,1.8437852633557128e-10,32.33920168876648
7.611261025886051e-07,1.8404323898213448e-10,32.346001386642456
7.603206313433475e-07,1.8379264776768878e-10,32.352736949920654
7.595160695927916e-07,1.8398300938304857e-10,32.35943818092346
7.587123036500998e-07,1.8348644825749716e-10,32.36712193489075
7.579095040455286e-07,1.8344364915989786e-10,32.37378454208374
7.571073865619837e-07,1.827662188258472e-10,32.38082027435303
7.563051553916011e-07,1.7804009655453257e-10,32.38767075538635
7.555054253316484e-07,1.7997991985652106e-10,32.3945996761322
7.547063205493032e-07,1.8077180030662277e-10,32.40149235725403
7.539078410445654e-07,1.810688127212856e-10,32.40817856788635
7.531103278779483e-07,1.8116991240546554e-10,32.41615414619446
7.523135536757763e-07,1.8132739754150862e-10,32.422847032547
7.515176889683062e-07,1.8125745349095723e-10,32.42971897125244
7.507225632252812e-07,1.8085678787915782e-10,32.43643021583557
7.49927096421743e-07,1.756386008855415e-10,32.44320821762085
7.491344149457291e-07,1.7826332077142126e-10,32.450950622558594
7.48342188217066e-07,1.794067117089071e-10,32.457669734954834
7.47550757296267e-07,1.8000170798337933e-10,32.4650399684906
7.467600084964943e-07,1.7999085555331362e-10,32.47202944755554
7.459700555045856e-07,1.7984012889993295e-10,32.47878360748291
7.451810120073787e-07,1.7958247389149307e-10,32.48553109169006
7.443927643180359e-07,1.796083004546034e-10,32.49229145050049
7.436054261233949e-07,1.796509052631734e-10,32.50002884864807
7.42818826893199e-07,1.7920667727544526e-10,32.506691217422485
7.420331371577049e-07,1.7885379288706815e-10,32.513482332229614
7.412483569169126e-07,1.7878185043507244e-10,32.52035474777222
7.404643156405655e-07,1.785196712678072e-10,32.527095079422
7.396811270155013e-07,1.782609199141305e-10,32.53458523750305
7.388988478851388e-07,1.7817021469301864e-10,32.541266679763794
7.381173645626404e-07,1.7784901329420677e-10,32.54907989501953
7.373355970230477e-07,1.7272708263682546e-10,32.55576968193054
7.365564442807226e-07,1.7511538052961129e-10,32.5627326965332
7.357765525739524e-07,1.7111545513870396e-10,32.56941747665405
7.349992756644497e-07,1.7408456620682244e-10,32.57611274719238
7.342222829720413e-07,1.7519324879700093e-10,32.58380365371704
7.334450060625386e-07,1.71368044754594e-10,32.590415954589844
7.326700028897903e-07,1.7327089762986247e-10,32.59861660003662
7.318943744394346e-07,1.6967108273924225e-10,32.60527276992798
7.311213039429276e-07,1.7306464594746274e-10,32.612024545669556
7.303474376385566e-07,1.695145135371945e-10,32.61874771118164
7.295759019143588e-07,1.7233284244078106e-10,32.6256046295166
7.288049914677686e-07,1.7378030958692392e-10,32.63332724571228
7.28034592611948e-07,1.7457849055269037e-10,32.63995671272278
7.272649327205727e-07,1.7441841027032723e-10,32.64669966697693
7.264960117936425e-07,1.742814365046641e-10,32.65337681770325
7.257279435179953e-07,1.742434529994341e-10,32.66019892692566
7.24960727893631e-07,1.7421941667095098e-10,32.66741180419922
7.241943080771307e-07,1.7419179987321343e-10,32.67444086074829
7.234274903566984e-07,1.6907400479659884e-10,32.68241906166077
7.226633442769526e-07,1.7109684502525369e-10,32.689074754714966
7.218996529445576e-07,1.7194039247936388e-10,32.69583535194397
7.211367005766078e-07,1.7241703897941107e-10,32.70253038406372
7.203743734862655e-07,1.7237795912894427e-10,32.70941376686096
7.196130127340439e-07,1.7271718777411849e-10,32.716832876205444
7.188523341028485e-07,1.725822540432631e-10,32.72348594665527
7.180925081229361e-07,1.7228411752778783e-10,32.730224609375
7.1733336426405e-07,1.7187351541991802e-10,32.73696279525757
7.165753004301223e-07,1.7191532919458297e-10,32.7436900138855
7.15817861873802e-07,1.718933884120588e-10,32.75099754333496
7.150602527872252e-07,1.6674933656091184e-10,32.75770115852356
7.143050879676593e-07,1.6916053280358057e-10,32.76528000831604
7.135503778954444e-07,1.700673768478822e-10,32.772218465805054
7.127963499442558e-07,1.700073415378256e-10,32.77898383140564
7.120431746443501e-07,1.7038108424127785e-10,32.785688161849976
7.112896014405123e-07,1.6579547457151733e-10,32.79239201545715
7.105384156602668e-07,1.6792817136845883e-10,32.80040144920349
7.097878551576287e-07,1.6894750876073061e-10,32.80709886550903
7.09037919932598e-07,1.6949308623281922e-10,32.81400966644287
7.082887805154314e-07,1.6961552995464757e-10,32.82070064544678
7.075402095324534e-07,1.690190348790921e-10,32.827436208724976
7.067915817060566e-07,1.6458928664420114e-10,32.83448576927185
7.060453413032519e-07,1.6691449611361264e-10,32.84114623069763
7.052984187794209e-07,1.629985452167304e-10,32.848843574523926
7.045538268357632e-07,1.6561386984026427e-10,32.85549545288086
7.038086664579168e-07,1.623219197943726e-10,32.86221122741699
7.030657229734061e-07,1.6523574175586475e-10,32.86905288696289
7.023232910796651e-07,1.6658933954527555e-10,32.87576699256897
7.015813707766938e-07,1.6717871531568562e-10,32.88404321670532
7.008402462815866e-07,1.6708680272703447e-10,32.890764236450195
7.000999744377623e-07,1.6730784813123734e-10,32.89861273765564
6.993603278715455e-07,1.671353472287862e-10,32.90625596046448
6.986214771131927e-07,1.6696988236475363e-10,32.91303277015686
6.978833653192851e-07,1.66644836818719e-10,32.919729471206665
6.971462198634981e-07,1.6671415636881903e-10,32.92654323577881
6.964098133721563e-07,1.6666139301957372e-10,32.93463349342346
6.956740890018409e-07,1.6635222366279123e-10,32.94131588935852
6.949392172828084e-07,1.6622973830759946e-10,32.94910955429077
6.94205084528221e-07,1.6584078554870985e-10,32.955790519714355
6.934718044249166e-07,1.654095194147942e-10,32.9625608921051
6.927393769728951e-07,1.6552394177526963e-10,32.969284534454346
6.920076316418999e-07,1.6513178324739641e-10,32.97612929344177
6.912767389621877e-07,1.6494997034932624e-10,32.9835000038147
6.905466989337583e-07,1.652768338855637e-10,32.99016880989075
6.898160904711403e-07,1.5994264246366185e-10,32.9969379901886
6.890869599374128e-07,1.5729603730640918e-10,33.00362968444824
6.883589662720624e-07,1.5582483914311496e-10,33.010361433029175
6.876329621263721e-07,1.5997207725160223e-10,33.01744890213013
6.869072421977762e-07,1.616946576632472e-10,33.02414321899414
6.8618203385995e-07,1.6275401859555672e-10,33.03166580200195
6.854563139313541e-07,1.5790742324828244e-10,33.03865194320679
6.847330382697692e-07,1.603648741577146e-10,33.04538011550903
6.840091941739956e-07,1.5667116215478671e-10,33.05211019515991
6.832865437900182e-07,1.5503137662520317e-10,33.05896019935608
6.825658829257009e-07,1.5859885627023118e-10,33.06667947769165
6.818456199653156e-07,1.6034469585424205e-10,33.07334494590759
6.811259254391189e-07,1.6136952885048572e-10,33.08012008666992
6.804056624787336e-07,1.5667596386936822e-10,33.086819887161255
6.79687957472197e-07,1.5964617128272351e-10,33.09369444847107
6.789706503695925e-07,1.6084318599229874e-10,33.100839138031006
6.7825374117092e-07,1.6105734801374894e-10,33.1075541973114
6.775376846235304e-07,1.610929584172638e-10,33.11521887779236
6.768225375708425e-07,1.614202799204989e-10,33.12190556526184
6.761079589523433e-07,1.610413191688309e-10,33.12867307662964
6.753941192982893e-07,1.608919386608676e-10,33.1353805065155
6.746800522705598e-07,1.5629190996957476e-10,33.14212203025818
6.739683158230036e-07,1.5833219457750403e-10,33.14992618560791
6.732570341227984e-07,1.5912945960927516e-10,33.15659284591675
6.72545354518661e-07,1.5473403114363293e-10,33.16335892677307
6.718348686263198e-07,1.526630905024362e-10,33.170055866241455
6.711253490720992e-07,1.5124899943597114e-10,33.176907539367676
6.704179327243764e-07,1.5531269326185537e-10,33.1843695640564
6.697107437503291e-07,1.5732215530306348e-10,33.191046953201294
6.690029294986743e-07,1.5330414715464258e-10,33.198317766189575
6.682975026706117e-07,1.5612054704572387e-10,33.20496845245361
6.675913368781039e-07,1.5271728326382572e-10,33.21171522140503
6.668875016657694e-07,1.5582532486568823e-10,33.21841883659363
6.661838938271103e-07,1.5703327527205602e-10,33.22523069381714
6.654809681094775e-07,1.5770693084782295e-10,33.232532024383545
6.647787245128711e-07,1.5787898766106423e-10,33.23925709724426
6.640769925070344e-07,1.5754654525412803e-10,33.24600839614868
6.633762836827373e-07,1.5773196637702824e-10,33.25267052650452
6.626761432926287e-07,1.5744658354854835e-10,33.25945472717285
6.619767418669653e-07,1.5721682289360217e-10,33.26676034927368
6.612769993807888e-07,1.5210904757978483e-10,33.27345013618469
6.605786779800837e-07,1.49940629357026e-10,33.28018307685852
6.598812660740805e-07,1.4845660811779737e-10,33.286954164505005
6.591859573745751e-07,1.5263616759408904e-10,33.293726444244385
6.584907623619074e-07,1.543139921400538e-10,33.30072546005249
6.577961357834283e-07,1.5517406803944311e-10,33.30742335319519
6.571011113010172e-07,1.5096644767620404e-10,33.314916133880615
6.564083037119417e-07,1.5316398149778365e-10,33.32158374786377
6.557160077136359e-07,1.5453742452375963e-10,33.32834196090698
6.550243369929376e-07,1.5482591597670847e-10,33.33506798744202
6.543332347064279e-07,1.5505360884127128e-10,33.34179067611694
6.536428713843634e-07,1.550216760515255e-10,33.34916305541992
6.529533038701629e-07,1.5509071804586938e-10,33.35581731796265
6.522643616335699e-07,1.5475465353631535e-10,33.362558364868164
6.51576215204841e-07,1.5466264380314954e-10,33.3692307472229
6.508887508971384e-07,1.5452047974484628e-10,33.37611389160156
6.50202025553881e-07,1.5407312925486139e-10,33.38338088989258
6.495150159935292e-07,1.4930505443100373e-10,33.39006543159485
6.488293138318113e-07,1.4688786298400203e-10,33.396830558776855
6.481445211647952e-07,1.4558557137611672e-10,33.40353870391846
6.474606379924808e-07,1.447602870907616e-10,33.41037058830261
6.467775506280304e-07,1.4415375837462108e-10,33.41739010810852
6.460963959398214e-07,1.485468692496994e-10,33.424036741256714
6.454142180700728e-07,1.4592128894097556e-10,33.431565046310425
6.447343707804976e-07,1.4933956848928176e-10,33.438265323638916
6.4405463717776e-07,1.509738306593178e-10,33.44501614570618
6.433755288526299e-07,1.5164217104235433e-10,33.45173406600952
6.426969889616885e-07,1.5195171509940764e-10,33.45838785171509
6.420191311917733e-07,1.518527525945501e-10,33.46582269668579
6.413419555428845e-07,1.5148018950306152e-10,33.47276782989502
6.406655188584409e-07,1.5147687271177546e-10,33.4795503616333
6.399898211384425e-07,1.512558411853604e-10,33.486218214035034
6.393149192263081e-07,1.512938385683782e-10,33.492908000946045
6.386406994352001e-07,1.511693686895299e-10,33.50045680999756
6.379670480782806e-07,1.5079168469434023e-10,33.507123947143555
6.37294306216063e-07,1.5075729553615247e-10,33.51400279998779
6.366221896314528e-07,1.502640234463115e-10,33.520686864852905
6.359508688547066e-07,1.503220603549238e-10,33.527446269989014
6.352790933306096e-07,1.4543506676734097e-10,33.534496784210205
6.346097620735236e-07,1.4787134017257841e-10,33.54122853279114
6.339407718769507e-07,1.4846276985558404e-10,33.549034118652344
6.332713837764459e-07,1.4435241890708994e-10,33.555726289749146
6.326031325443182e-07,1.420432937937477e-10,33.562501668930054
6.319370413621073e-07,1.460572357503409e-10,33.5693576335907
6.312711207101529e-07,1.474191463346486e-10,33.57612729072571
6.306057116489683e-07,1.4807409465245058e-10,33.583932876586914
6.299409278653911e-07,1.485694067770993e-10,33.59059691429138
6.292767693594215e-07,1.4845982776456879e-10,33.59953498840332
6.286122697929386e-07,1.4373602308381805e-10,33.6062228679657
6.279500439632102e-07,1.4590498254030138e-10,33.613001108169556
6.272871928558743e-07,1.4229924183428722e-10,33.619699239730835
6.266266154852929e-07,1.4534619341421973e-10,33.62653684616089
6.259662654883869e-07,1.4653366020578318e-10,33.63424468040466
6.253064839256695e-07,1.46975528969584e-10,33.6409637928009
6.246467592063709e-07,1.446391478809872e-10,33.648643255233765
6.239876597646798e-07,1.4169680706555e-10,33.655346393585205
6.233305498426489e-07,1.4454104579897376e-10,33.66210222244263
6.226731557035237e-07,1.4323270347560424e-10,33.66894841194153
6.220162163117493e-07,1.4035196616024592e-10,33.67567825317383
6.213613232830539e-07,1.436888524830593e-10,33.68355584144592
6.207062028806831e-07,1.429186491375134e-10,33.690242528915405
6.20052446720365e-07,1.4499902667441944e-10,33.697293758392334
6.193996000547486e-07,1.479217304201086e-10,33.70404100418091
6.187455028339173e-07,1.4231506251238812e-10,33.71080780029297
6.180925424814632e-07,1.3901906015245657e-10,33.71783995628357
6.174413442749938e-07,1.400191212974633e-10,33.72451424598694
6.167912260934827e-07,1.4248947854955674e-10,33.73240542411804
6.161420174066734e-07,1.4619314092634283e-10,33.739123821258545
6.154915013212303e-07,1.4097591150008526e-10,33.745879888534546
6.148428042251908e-07,1.4076016741082498e-10,33.752612590789795
6.141959261185548e-07,1.4532496039887377e-10,33.7594690322876
6.135480248303793e-07,1.4232987011197906e-10,33.76755356788635
6.129017151579319e-07,1.4351013433167026e-10,33.77426195144653
6.122559739196731e-07,1.4407197657106963e-10,33.781954288482666
6.116102326814143e-07,1.416888550931361e-10,33.78862142562866
6.109655146246951e-07,1.4041874607517713e-10,33.79538869857788
6.103221608100284e-07,1.4237419576623722e-10,33.802090644836426
6.096786364651052e-07,1.4059335640137505e-10,33.80896878242493
6.090359647714649e-07,1.3931630848951215e-10,33.81642484664917
6.083942025725264e-07,1.3915081586990397e-10,33.8231098651886
6.077535772419651e-07,1.4094804490216717e-10,33.82988095283508
6.071134066587547e-07,1.4178681839727147e-10,33.836763858795166
6.06473349762382e-07,1.3969321532858459e-10,33.84368658065796
6.058341455172922e-07,1.3875388338302486e-10,33.851436376571655
6.051957939234853e-07,1.383309439217939e-10,33.8581268787384
6.045585223546368e-07,1.400851795674285e-10,33.86619567871094
6.039213076292071e-07,1.3861439773776851e-10,33.872880697250366
6.032854003024113e-07,1.4007971171903222e-10,33.87964415550232
6.026495498190343e-07,1.387227138716085e-10,33.88632130622864
6.020144383001025e-07,1.378919201044937e-10,33.893235206604004
6.013806910232233e-07,1.3934772780110904e-10,33.90096139907837
6.007467163726687e-07,1.3774421880885512e-10,33.90765070915222
6.001137649036536e-07,1.3710446666870268e-10,33.91528296470642
5.994816092425026e-07,1.368789387390379e-10,33.92195248603821
5.98850078858959e-07,1.3685065580748557e-10,33.92871403694153
5.982192305964418e-07,1.362753104805492e-10,33.93562865257263
5.975890644549509e-07,1.361558227275239e-10,33.94234347343445
5.969595804344863e-07,1.3600900961030504e-10,33.95014476776123
5.963312901258178e-07,1.3798812092957746e-10,33.95681691169739
5.957033977210813e-07,1.3894356498678206e-10,33.9635956287384
5.950760737505334e-07,1.392579662695681e-10,33.97040581703186
5.94449375057593e-07,1.3920670172140603e-10,33.97716307640076
5.938231879554223e-07,1.3903078688315418e-10,33.984389305114746
5.931972282269271e-07,1.368528346201714e-10,33.991130352020264
5.925726895839034e-07,1.3765746875726848e-10,33.99907207489014
5.919482646277174e-07,1.359995033256567e-10,34.00581192970276
5.913246923228144e-07,1.3520401465072496e-10,34.012718200683594
5.907018589823565e-07,1.3466995574251683e-10,34.01947522163391
5.900796509195061e-07,1.3419138022996435e-10,34.02621126174927
5.894587502552895e-07,1.3626755279716463e-10,34.03382158279419
5.888376790608163e-07,1.3481883665011907e-10,34.04047155380249
5.882175173610449e-07,1.3427199629933995e-10,34.04735255241394
5.875979809388809e-07,1.3375926755099243e-10,34.05404806137085
5.869796950719319e-07,1.3569080581365967e-10,34.06081008911133
5.863612955181452e-07,1.3427126077658613e-10,34.06785321235657
5.857436349288037e-07,1.3338244397864685e-10,34.074755907058716
5.85126826990745e-07,1.3299340795303038e-10,34.08247923851013
5.845107011737127e-07,1.326805054713276e-10,34.089123249053955
5.838952006342879e-07,1.3272645482675927e-10,34.09590792655945
5.832803822158894e-07,1.3241452379020302e-10,34.10297918319702
5.826662459185172e-07,1.3217565930645492e-10,34.10987567901611
5.820533033329411e-07,1.3426634803970217e-10,34.11760854721069
5.814401333736896e-07,1.32736294178315e-10,34.124322175979614
5.808277592223021e-07,1.3180170843618555e-10,34.13198447227478
5.802161808787787e-07,1.3155586342517012e-10,34.13891792297363
5.796053983431193e-07,1.3132342435717703e-10,34.14565896987915
5.789951273982297e-07,1.312782660356504e-10,34.152897357940674
5.783855954177852e-07,1.3102560703082133e-10,34.159523725509644
5.777767455583671e-07,1.3088689854168223e-10,34.16713237762451
5.771684072897187e-07,1.305902608272902e-10,34.173813581466675
5.765608648289344e-07,1.3065033777071022e-10,34.180662393569946
5.759538339589199e-07,1.3031170587041174e-10,34.1873562335968
5.753476557401882e-07,1.3049061831083009e-10,34.19411873817444
5.747419322688074e-07,1.3013962130159484e-10,34.201184034347534
5.741369477618719e-07,1.2987695641175634e-10,34.20791435241699
5.735325316891249e-07,1.2968531803991823e-10,34.215766191482544
5.729294230150117e-07,1.318467418576219e-10,34.222394943237305
5.723260869672231e-07,1.3062927128881796e-10,34.22919034957886
5.717235467272985e-07,1.2973022656126432e-10,34.23605728149414
5.711216317649814e-07,1.291430573591157e-10,34.242810010910034
5.705204557671095e-07,1.2898174195363765e-10,34.25045394897461
5.699200755771017e-07,1.2892735490321883e-10,34.25714945793152
5.693202638212824e-07,1.2899990797787808e-10,34.26400566101074
5.687210204996518e-07,1.2883928646179044e-10,34.27104187011719
5.681223456122098e-07,1.2823687944862883e-10,34.27796006202698
5.675244665326318e-07,1.2797743420556174e-10,34.2851448059082
5.669272127306613e-07,1.2810548455366444e-10,34.29181933403015
5.663311526404868e-07,1.3031638268490298e-10,34.30042338371277
5.657353767674067e-07,1.3124881736992222e-10,34.30712389945984
5.651396577377454e-07,1.292656259810343e-10,34.31401538848877
5.645446776725294e-07,1.281295486377232e-10,34.3206901550293
5.639505502585962e-07,1.2775212832050187e-10,34.32747960090637
5.633569912788516e-07,1.2731792009557097e-10,34.33447456359863
5.627641712635523e-07,1.26983729087371e-10,34.34115719795227
5.621719765258604e-07,1.2684514549832215e-10,34.34904932975769
5.615809754999646e-07,1.2911725855158096e-10,34.355714321136475
5.60989860787231e-07,1.277912498043321e-10,34.36248159408569
5.603993713521049e-07,1.268535970710971e-10,34.36922335624695
5.598096777248429e-07,1.2637343949073454e-10,34.37613654136658
5.592204956883506e-07,1.2591724884991606e-10,34.38387680053711
5.586321663031413e-07,1.2566633844635078e-10,34.3906090259552
5.580444621955394e-07,1.257614012928343e-10,34.39855098724365
5.57457781269477e-07,1.2774392654790745e-10,34.40520405769348
5.568715550907655e-07,1.2868002496890796e-10,34.41196298599243
5.562852720686351e-07,1.2690527795289341e-10,34.41866445541382
5.556997848543688e-07,1.256804105231879e-10,34.425392627716064
5.551156050387362e-07,1.2771386725951572e-10,34.432995557785034
5.545318799704546e-07,1.2858956954797662e-10,34.43962907791138
5.539480980587541e-07,1.2655766712388328e-10,34.44639039039612
5.533651687983365e-07,1.2572902441387868e-10,34.453057050704956
5.527829216589453e-07,1.2483113154271308e-10,34.45990824699402
5.522012997971615e-07,1.2452937292461996e-10,34.46725273132324
5.516209853340115e-07,1.2653099401571666e-10,34.47393822669983
5.510404434971861e-07,1.2528662829414117e-10,34.481552600860596
5.504607543116435e-07,1.246711345270768e-10,34.4882698059082
5.498821451510594e-07,1.2649931102615142e-10,34.49505829811096
5.493033654602186e-07,1.246665271015246e-10,34.50180387496948
5.487254384206608e-07,1.2394489601330605e-10,34.50845122337341
5.481481935021293e-07,1.2343343014364905e-10,34.515854835510254
5.47571687548043e-07,1.2337464383449515e-10,34.52251410484314
5.469957500281453e-07,1.2317279141083048e-10,34.52928376197815
5.464203809424362e-07,1.2275538918693485e-10,34.53600549697876
5.458456939777534e-07,1.22816035119655e-10,34.5428204536438
5.452715754472592e-07,1.2271651750328516e-10,34.5501389503479
5.446980821943725e-07,1.223441764564015e-10,34.556811809539795
5.441257826532819e-07,1.2439201058089822e-10,34.563576221466064
5.435532557385159e-07,1.2313794428564506e-10,34.57024621963501
5.429815814750327e-07,1.2255280124051637e-10,34.57731580734253
5.424108735496702e-07,1.2407966321070774e-10,34.58437156677246
5.418401656243077e-07,1.2272838301186084e-10,34.59105730056763
5.412703103502281e-07,1.2205787769392629e-10,34.59863829612732
5.407010235103371e-07,1.2159678819401165e-10,34.60533952713013
5.401324187914724e-07,1.2136626426073605e-10,34.61208462715149
5.395643825067964e-07,1.2098953783290511e-10,34.61921048164368
5.389969714997278e-07,1.2094004964158245e-10,34.626139879226685
5.384302426136856e-07,1.2070174026934666e-10,34.633854150772095
5.37864025318413e-07,1.2045804631544144e-10,34.64051675796509
5.372985469875857e-07,1.203983163167166e-10,34.64735245704651
5.36733637090947e-07,1.2042417063540256e-10,34.654359102249146
5.361698640626855e-07,1.2282858063983326e-10,34.66127109527588
5.356063752515183e-07,1.2367296076121193e-10,34.66852569580078
5.350432843442832e-07,1.239973540512196e-10,34.675198793411255
5.344802502804669e-07,1.2153611450571589e-10,34.68286108970642
5.339180688679335e-07,1.2026450668667366e-10,34.689534187316895
5.333566832632641e-07,1.200504140541625e-10,34.69628620147705
5.327959797796211e-07,1.1992690174267295e-10,34.703394651412964
5.32235731043329e-07,1.1952168421647258e-10,34.71026873588562
5.316762212714821e-07,1.1946263422935033e-10,34.71801543235779
5.311173367772426e-07,1.1923374787503604e-10,34.72473120689392
5.305589638737729e-07,1.1926444554166693e-10,34.73244595527649
5.300012162479106e-07,1.1899825569372524e-10,34.73914289474487
5.294439802128181e-07,1.1856145232247428e-10,34.74592065811157
5.28887426298752e-07,1.1838811875275468e-10,34.75271272659302
5.283314408188744e-07,1.1817012646186953e-10,34.75947976112366
5.27776592207374e-07,1.2048340103376631e-10,34.76709246635437
5.272215162221983e-07,1.190184062416222e-10,34.77379322052002
5.266672928883054e-07,1.183512038371859e-10,34.78067398071289
5.2611369483202e-07,1.1795978083206649e-10,34.787691593170166
5.255606652099232e-07,1.1780927622329074e-10,34.79461312294006
5.25008204022015e-07,1.1765340091063337e-10,34.80145788192749
5.244563112682954e-07,1.1735271088220145e-10,34.80814218521118
5.239051006356021e-07,1.1709594405218127e-10,34.81618285179138
5.233545152805164e-07,1.171135688426972e-10,34.82281041145325
5.228044415162003e-07,1.1679630873562274e-10,34.82958769798279
5.222549361860729e-07,1.166172158839629e-10,34.83675169944763
5.217066245677415e-07,1.1879969230577103e-10,34.843703508377075
5.211580287323159e-07,1.1747078310087034e-10,34.85102152824402
5.206102287047543e-07,1.167278496083668e-10,34.857704639434814
5.200635655455699e-07,1.1877791805670057e-10,34.865317583084106
5.195167318561289e-07,1.1738664207339156e-10,34.87201166152954
5.18970693974552e-07,1.167488328235322e-10,34.878756046295166
5.184257929613523e-07,1.1850788406153612e-10,34.88552117347717
5.178806645744771e-07,1.1692485868408653e-10,34.892334938049316
5.17336331995466e-07,1.1616096279309929e-10,34.90000510215759
5.16793193128251e-07,1.1836503999163028e-10,34.906694173812866
5.162497700439417e-07,1.165873647623883e-10,34.913431882858276
5.157076543582662e-07,1.1806917943335549e-10,34.920132637023926
5.151654249857529e-07,1.1627213081233378e-10,34.92692708969116
5.146239345776848e-07,1.152399911608093e-10,34.934399127960205
5.140831262906431e-07,1.1489065948611099e-10,34.941107988357544
5.135429432812089e-07,1.1447165437772355e-10,34.94882369041443
5.130033287059632e-07,1.1431881830059609e-10,34.955483198165894
5.12464339408325e-07,1.1427896823290595e-10,34.96222996711731
5.119259753882943e-07,1.1408188976824718e-10,34.96891140937805
5.113881229590334e-07,1.1407974565003087e-10,34.975656509399414
5.108508958073799e-07,1.1400102389869105e-10,34.983351945877075
5.103146918372659e-07,1.1630375135185389e-10,34.99004530906677
5.097783173368953e-07,1.1488947987414733e-10,34.99863028526306
5.09242624957551e-07,1.1414078016080964e-10,35.00553822517395
5.087076146992331e-07,1.1377325470629529e-10,35.012309074401855
5.081731160316849e-07,1.1346300288206379e-10,35.01917791366577
5.076391857983253e-07,1.1309989056407233e-10,35.02600932121277
5.071058808425732e-07,1.1279787520690476e-10,35.03369092941284
5.065733148512663e-07,1.129352097950509e-10,35.04036331176758
5.060410899204726e-07,1.1278201983433433e-10,35.047340631484985
5.055095471107052e-07,1.1258673160430277e-10,35.05435848236084
5.049785727351264e-07,1.1249171733007657e-10,35.061283826828
5.044481667937362e-07,1.1248332126845284e-10,35.068190574645996
5.039182724431157e-07,1.1226328200386604e-10,35.074926137924194
5.033889465266839e-07,1.1217595602408537e-10,35.08245253562927
5.028602458878595e-07,1.1191150089961965e-10,35.08911943435669
5.023320568398049e-07,1.1200541188971513e-10,35.095887899398804
5.018044362259388e-07,1.1183801107428337e-10,35.102967739105225
5.012778956370312e-07,1.1396233956517676e-10,35.10987091064453
5.007511845178669e-07,1.1265353927480959e-10,35.117786169052124
5.002250986763102e-07,1.1183303588735427e-10,35.12452530860901
4.996997517991986e-07,1.1174146330450441e-10,35.13233017921448
4.991748596694379e-07,1.1113559378328475e-10,35.139015674591064
4.986505928172846e-07,1.1095023511042967e-10,35.145771980285645
4.981268375559011e-07,1.1043201075811027e-10,35.152567625045776
4.976036507287063e-07,1.1021215884365887e-10,35.15947389602661
4.970810891791189e-07,1.1018138484919504e-10,35.1668541431427
4.965591529071389e-07,1.1009593930966233e-10,35.17348837852478
4.960376713825099e-07,1.1010108796893903e-10,35.180248498916626
4.955168151354883e-07,1.1004885197563041e-10,35.1869432926178
4.949964704792365e-07,1.0994939680930571e-10,35.19371771812439
4.944767511005921e-07,1.0981996562131613e-10,35.20080256462097
4.939579980600683e-07,1.1195942090092004e-10,35.20753479003906
4.93439074489288e-07,1.1075073497179844e-10,35.21496319770813
4.92920833039534e-07,1.0996515503736148e-10,35.221606492996216
4.924031600239687e-07,1.0968263103317e-10,35.22833609580994
4.918860554425919e-07,1.0920229304156592e-10,35.235090017318726
4.913696329822415e-07,1.0898711100271186e-10,35.24191641807556
4.908537221126608e-07,1.0893762281138919e-10,35.24967551231384
4.903383228338498e-07,1.0862940408307153e-10,35.256427526474
4.898234919892275e-07,1.0859554228082047e-10,35.26331925392151
4.893092864222126e-07,1.08544812027489e-10,35.27014684677124
4.887961040367372e-07,1.1088650136992229e-10,35.277064085006714
4.882825805907487e-07,1.0936977712372453e-10,35.284085512161255
4.877698529526242e-07,1.0885688878081723e-10,35.29088640213013
4.872576369052695e-07,1.0828458962830467e-10,35.29832053184509
4.867461029789411e-07,1.0787840065695775e-10,35.30515456199646
4.862351374868012e-07,1.078639330631681e-10,35.31204581260681
4.857246835854312e-07,1.0775259157158601e-10,35.31892490386963
4.852148549616686e-07,1.0783705872707827e-10,35.325719594955444
4.847055379286758e-07,1.078277050980958e-10,35.33342003822327
4.841972440772224e-07,1.1012566553114667e-10,35.340282678604126
4.836886091652559e-07,1.0822924501052711e-10,35.347312688827515
4.831807700611535e-07,1.0772010367032792e-10,35.35411834716797
4.826734993912396e-07,1.0706521086367715e-10,35.360968589782715
4.821668539989332e-07,1.068880539634165e-10,35.36781716346741
4.816606633539777e-07,1.0667185884605246e-10,35.37459206581116
4.811550979866297e-07,1.0634245567464617e-10,35.38212323188782
4.806501010534703e-07,1.0643631115359042e-10,35.38890767097473
4.801455020242429e-07,1.0613127043868076e-10,35.395777463912964
4.796415851160418e-07,1.0608226796993137e-10,35.402567863464355
4.791381797986105e-07,1.0594430194243998e-10,35.40948987007141
4.786353429153678e-07,1.0592182686508522e-10,35.41725420951843
4.78132960779476e-07,1.0558635910040692e-10,35.424054861068726
4.776312607646105e-07,1.0591488103228741e-10,35.43162727355957
4.771298449668393e-07,1.0542747924668916e-10,35.438406467437744
4.7662911129009444e-07,1.0504548619838516e-10,35.445297956466675
4.761288607824099e-07,1.0495669611199077e-10,35.45212912559509
4.7562923555233283e-07,1.0509371844991122e-10,35.459009408950806
4.751300934913161e-07,1.0496150476546617e-10,35.46677780151367
4.746314914427785e-07,1.047234104989414e-10,35.47361135482788
4.7413348625013896e-07,1.0494412283623689e-10,35.48065900802612
4.7363587896143144e-07,1.0454018900540873e-10,35.487454414367676
4.7313895379375026e-07,1.0470542488594248e-10,35.494515895843506
4.7264239810829167e-07,1.0441530973182012e-10,35.50136637687683
4.721464392787311e-07,1.0426615820735563e-10,35.50822114944458
4.7165102046164975e-07,1.0421326301912615e-10,35.51612138748169
4.7115614165704756e-07,1.042060673861478e-10,35.52289867401123
4.7066180286492454e-07,1.041432010073784e-10,35.52980899810791
4.701679188201524e-07,1.0396865313122561e-10,35.536619663238525
4.6967457478785946e-07,1.038636746053534e-10,35.543609619140625
4.691817707680457e-07,1.037546437654413e-10,35.55083632469177
4.686895067607111e-07,1.0348442935903535e-10,35.55764579772949
4.6819769750072737e-07,1.0313189885424734e-10,35.56550598144531
4.6770654194006056e-07,1.0325575811043208e-10,35.5723237991333
4.672157842833258e-07,1.0290026469794711e-10,35.57921314239502
4.6672562348248903e-07,1.0289656626749633e-10,35.586061000823975
4.6623591742900317e-07,1.0263680183530965e-10,35.59288287162781
4.657468650748342e-07,1.0276739875747509e-10,35.600614070892334
4.652582390463067e-07,1.0276832856925822e-10,35.6073853969574
4.6477015303025837e-07,1.025495036111046e-10,35.615113496780396
4.642825786049798e-07,1.0251667570404521e-10,35.62191677093506
4.6379543050534267e-07,1.0190014110289525e-10,35.62874150276184
4.6330896452673187e-07,1.0205381678618508e-10,35.63552951812744
4.6282286803034367e-07,1.0182539533776236e-10,35.64235973358154
4.6233739681156294e-07,1.0165043806686924e-10,35.65043044090271
4.618524656052614e-07,1.0189698390616897e-10,35.65723276138306
4.6136801756802015e-07,1.0178808490524105e-10,35.66529297828674
4.6088399585642037e-07,1.0140185913165567e-10,35.67211318016052
4.6040059942242806e-07,1.0152922252926189e-10,35.67897033691406
4.599177430009149e-07,1.0141117112727471e-10,35.68578839302063
4.5943522763991496e-07,1.010071193352502e-10,35.692824602127075
4.589533659782319e-07,1.0109652698320204e-10,35.701154708862305
4.58472044329028e-07,1.0107021469751842e-10,35.707947731018066
4.5799114900546556e-07,1.0105698222684367e-10,35.715770959854126
4.5751076527267287e-07,1.0077419454468384e-10,35.72274088859558
4.570309499740688e-07,1.007806893493779e-10,35.7296462059021
4.565515894228156e-07,1.005224792294257e-10,35.736475467681885
4.5607274046233215e-07,1.004365202117441e-10,35.74328970909119
4.555944599360373e-07,1.0044745590853665e-10,35.75104022026062
4.5511660573538393e-07,1.0010285655948081e-10,35.75784921646118
4.54639376812338e-07,1.001380020571041e-10,35.76552963256836
4.54162602636643e-07,1.000671281947696e-10,35.772315979003906
4.5368628320829885e-07,9.99085536523836e-11,35.77919864654541
4.532105037924339e-07,9.988035398755812e-11,35.78605651855469
4.527352643890481e-07,9.975274078977137e-11,35.79287075996399
4.522604797330132e-07,9.973280534758544e-11,35.800687313079834
4.517862350894575e-07,9.952834389981291e-11,35.8074734210968
4.513124167715432e-07,9.928956268279165e-11,35.814964294433594
4.50839195309527e-07,9.921953536551342e-11,35.821709394454956
4.5036642859486165e-07,9.90394086186619e-11,35.828497886657715
4.4989417347096605e-07,9.881763463059912e-11,35.83520030975342
4.4942237309442135e-07,9.868445643990142e-11,35.8419132232666
4.489511979954841e-07,9.850849302939224e-11,35.8491792678833
4.4848044922218833e-07,9.843031945067082e-11,35.85586214065552
4.4801018361795286e-07,9.81745448824789e-11,35.86261773109436
4.4754054329132487e-07,9.83025813527938e-11,35.869335889816284
4.470713008686289e-07,9.836814002239791e-11,35.87615919113159
4.4660245634986495e-07,9.790494109873649e-11,35.883435010910034
4.4613432237383677e-07,9.807556156093966e-11,35.89010453224182
4.4566604628926143e-07,9.562475811186744e-11,35.89686346054077
4.451990776033199e-07,9.6882404876375e-11,35.90353012084961
4.447324499778915e-07,9.71013616735128e-11,35.910400390625
4.4426630552152346e-07,9.746552176448375e-11,35.91740584373474
4.43800530547378e-07,9.746269763466486e-11,35.924192667007446
4.433352955857117e-07,9.731087463604737e-11,35.931618452072144
4.4287054379310575e-07,9.735026673673985e-11,35.93839192390442
4.4240630359126953e-07,9.719556409715224e-11,35.945255517959595
4.419425181367842e-07,9.712293469466005e-11,35.95207118988037
4.414791590079403e-07,9.687359942001095e-11,35.95900368690491
4.410158567225153e-07,9.421773083939655e-11,35.96670651435852
4.405538618357241e-07,9.544868367905579e-11,35.973501205444336
4.4009220800944604e-07,9.593598832013939e-11,35.98066687583923
4.396309236653906e-07,9.619745972022642e-11,35.98744320869446
4.3917012249039544e-07,9.627279529134114e-11,35.99473237991333
4.3870974764104176e-07,9.587802080046615e-11,36.001564741134644
4.382499412258767e-07,9.600973488455011e-11,36.008373975753784
4.377905895580625e-07,9.590164079531505e-11,36.01595640182495
4.3733174948101805e-07,9.577146020678384e-11,36.022791624069214
4.368728241388453e-07,9.322483063289866e-11,36.029685974121094
4.364152061953064e-07,9.44520572865315e-11,36.03650903701782
4.3595795773399004e-07,9.507510057016333e-11,36.0433304309845
4.3550105033318687e-07,9.507440668077294e-11,36.05076551437378
4.3504465452315344e-07,9.511921805760437e-11,36.05757451057434
4.3458874188218033e-07,9.51126885584408e-11,36.065215826034546
4.341332839885581e-07,9.508840936867102e-11,36.07200360298157
4.3367833768570563e-07,9.496377295636904e-11,36.07886290550232
4.332237892867852e-07,9.4744545542369e-11,36.08567500114441
4.327697809003439e-07,9.457552796465762e-11,36.0924711227417
4.3231625568296295e-07,9.445029480747991e-11,36.10013437271118
4.3186324205635174e-07,9.452501975593108e-11,36.10691022872925
4.314106831770914e-07,9.442024939687599e-11,36.11396503448486
4.30958579045182e-07,9.442088777511515e-11,36.120742321014404
4.305069865040423e-07,9.430488334682963e-11,36.12759804725647
4.300558487102535e-07,9.410970613910052e-11,36.134408473968506
4.2960522250723443e-07,9.410373175144926e-11,36.14119505882263
4.291549942081474e-07,9.38079336432196e-11,36.148762464523315
4.2870530592153955e-07,9.360499875210593e-11,36.15564727783203
4.28256100803992e-07,9.33765634258954e-11,36.162545680999756
4.2780735043379536e-07,9.333636641351006e-11,36.1693651676178
4.2735911165436846e-07,9.324807592747675e-11,36.17624878883362
4.2691132762229245e-07,9.304365611306764e-11,36.18448615074158
4.264640551809862e-07,9.306989207091831e-11,36.191285610198975
4.260166690528422e-07,9.073095746936488e-11,36.19912123680115
4.2557016399769054e-07,8.956962255224354e-11,36.20589590072632
4.251246821240784e-07,9.137515744050972e-11,36.21275281906128
4.2467891603337193e-07,8.975205301187117e-11,36.21954011917114
4.2423434365446155e-07,9.119401761514823e-11,36.226346015930176
4.237900554926455e-07,9.183247218214063e-11,36.23456168174744
4.2334616523476143e-07,9.220485486238772e-11,36.24134016036987
4.2290272972422827e-07,9.249327692639753e-11,36.249133825302124
4.2245972053933656e-07,9.248760091118413e-11,36.255926847457886
4.220171092583769e-07,9.238593917659799e-11,36.26281499862671
4.215749811464775e-07,9.202707346167571e-11,36.26962471008301
4.2113333620363846e-07,9.19270631838387e-11,36.27658987045288
4.2069220285156916e-07,9.182787169548234e-11,36.284486532211304
4.202514674034319e-07,9.158255404040361e-11,36.29125356674194
4.198113003894832e-07,9.178759835526407e-11,36.299116134643555
4.1937150285775715e-07,9.162647029992144e-11,36.305938959121704
4.189322169168008e-07,9.14551975816913e-11,36.31282043457031
4.1849287413242564e-07,8.908190157752571e-11,36.31962060928345
4.1805472505984653e-07,8.986503902130849e-11,36.32659673690796
4.1761697389119945e-07,9.037755266394498e-11,36.33440947532654
4.171796206264844e-07,9.075648566003736e-11,36.34119701385498
4.167426936874108e-07,9.066756373465878e-11,36.34908080101013
4.163061646522692e-07,9.055816513336978e-11,36.355851888656616
4.158701472078974e-07,9.048181648374509e-11,36.36273503303528
4.15434556089167e-07,9.038750997669709e-11,36.36951279640198
4.149994765612064e-07,9.023592290047233e-11,36.37654089927673
4.145648233588872e-07,9.024061359275137e-11,36.38436841964722
4.1413017015656806e-07,8.795342926193328e-11,36.39138317108154
4.136961706535658e-07,8.670236750774052e-11,36.399099826812744
4.1326333644065016e-07,8.84230119679863e-11,36.406867027282715
4.1283070117970055e-07,8.910593790600885e-11,36.413981437683105
4.1239843540097354e-07,8.94450624677745e-11,36.42092990875244
4.11966595947888e-07,8.9678049708386e-11,36.42791509628296
4.115351828204439e-07,8.952655283778199e-11,36.43488001823425
4.111037696929998e-07,8.738444690070679e-11,36.44166684150696
4.106734934339329e-07,8.826066266731658e-11,36.44952416419983
4.1024355823537917e-07,8.879569995956516e-11,36.45633006095886
4.0981399251904804e-07,8.900180592519291e-11,36.4632089138031
4.093848815500678e-07,8.889176894566475e-11,36.47002053260803
4.0895622532843845e-07,8.899980058485468e-11,36.47697997093201
4.0852799543245055e-07,8.90582538271012e-11,36.4844274520874
4.0810022028381354e-07,8.9025051219771e-11,36.4912896156311
4.076728998825274e-07,8.887518498923441e-11,36.49913263320923
4.072460342285922e-07,8.879248031279374e-11,36.505889654159546
4.068195949002984e-07,8.854730143559308e-11,36.51277780532837
4.0639366716277436e-07,8.85713100085006e-11,36.51961421966553
4.059681941726012e-07,8.863551559379346e-11,36.52660417556763
4.0554309066465066e-07,8.845146143299232e-11,36.534533739089966
4.0511849874746986e-07,8.81525408225059e-11,36.54136347770691
4.0469379314345133e-07,8.567848513996168e-11,36.54913663864136
4.0426979808216856e-07,8.429203168791588e-11,36.55595779418945
4.0384639987678383e-07,8.351306451936935e-11,36.56284856796265
4.034240248529386e-07,8.5618311052027e-11,36.569740772247314
4.030018772027688e-07,8.648511073960918e-11,36.57662391662598
4.0258012745653105e-07,8.70385222229153e-11,36.58438587188721
4.0215871877080644e-07,8.725779820917268e-11,36.591228723526
4.0173767956730444e-07,8.718899213722153e-11,36.5991096496582
4.0131720879799104e-07,8.733550688200253e-11,36.605900287628174
4.008970506674814e-07,8.703777976126759e-11,36.61277151107788
4.0047737570603203e-07,8.706669413216517e-11,36.619614601135254
4.000581554919336e-07,8.703554543743053e-11,36.62660622596741
3.9963933318176714e-07,8.674187063073546e-11,36.63435077667236
3.992204824498913e-07,8.430665887626532e-11,36.641151666641235
3.988022854173323e-07,8.303762538686144e-11,36.649208784103394
3.9838522525315057e-07,8.470416035244455e-11,36.6562237739563
3.979684208843537e-07,8.568468157221787e-11,36.663177251815796
3.9755201441948884e-07,8.607784623970716e-11,36.670241355895996
3.9713586375000887e-07,8.590587963208662e-11,36.677135944366455
3.9672022467129864e-07,8.603589368716413e-11,36.68456768989563
3.9630498349652044e-07,8.600601481001391e-11,36.69129419326782
3.9589011180396483e-07,8.581568788912364e-11,36.69912028312683
3.9547580854559783e-07,8.581094168569336e-11,36.70610857009888
3.95061846347744e-07,8.564737113969656e-11,36.71317005157471
3.9464788414989016e-07,8.325354988736322e-11,36.72021770477295
3.9423508724212297e-07,8.43717942733413e-11,36.727132081985474
3.938221198040992e-07,8.265595846657092e-11,36.734663009643555
3.934102608127432e-07,8.395508593883605e-11,36.74147582054138
3.929986291950627e-07,8.449067140370303e-11,36.7495641708374
3.9258748074644245e-07,8.488692387897956e-11,36.756359815597534
3.9217661651491653e-07,8.499455306232306e-11,36.76333832740784
3.9176617860903207e-07,8.467410800294672e-11,36.77056074142456
3.9135616702878906e-07,8.465856488060197e-11,36.77760934829712
3.9094663861760637e-07,8.458404116007401e-11,36.78501749038696
3.9053753653206513e-07,8.455398881057619e-11,36.79202580451965
3.901288039287465e-07,8.436385617871522e-11,36.80045819282532
3.8972052607277874e-07,8.421931901869684e-11,36.80802130699158
3.8931270296416187e-07,8.406707968644511e-11,36.816266775131226
3.889053346028959e-07,8.405598439509276e-11,36.823132276535034
3.8849844941069023e-07,8.419903663181572e-11,36.83004903793335
3.880913368448091e-07,8.153468872285075e-11,36.837414264678955
3.876855316775618e-07,8.267674739270703e-11,36.844501972198486
3.8728003914911824e-07,8.34012650607896e-11,36.851706981658936
3.868748592594784e-07,8.367852938340192e-11,36.85852336883545
3.8646956568300084e-07,8.11863562488746e-11,36.86686038970947
3.8606498264925904e-07,8.007157437095458e-11,36.8736789226532
3.8566142279705673e-07,8.191437111948474e-11,36.88066482543945
3.8525809031852987e-07,8.266538148449243e-11,36.8873987197876
3.84854558888037e-07,8.056025291303115e-11,36.89419221878052
3.844522211693402e-07,8.185006145078333e-11,36.90132546424866
3.8405011082431884e-07,8.241392290830873e-11,36.90806555747986
3.836478299490409e-07,8.019034047901386e-11,36.91577196121216
3.8324682805068733e-07,8.171786164412609e-11,36.92249011993408
3.828459682608809e-07,8.220795572055906e-11,36.929253816604614
3.824455063750065e-07,8.235093162944906e-11,36.93617057800293
3.820453855496453e-07,8.250314320612517e-11,36.942904472351074
3.816457478933444e-07,8.237131116084484e-11,36.95088815689087
3.812465365626849e-07,8.248284694145624e-11,36.95765447616577
3.8084766629253863e-07,8.233493747900056e-11,36.965293884277344
3.8044925076974323e-07,8.22604137584726e-11,36.97204875946045
3.8005074998181954e-07,7.962702025521295e-11,36.978813886642456
3.796534429056919e-07,8.081380009627992e-11,36.98557138442993
3.792564200466586e-07,8.148528379825493e-11,36.99236083030701
3.7885925507907814e-07,7.923695033440481e-11,36.99999761581421
3.784632269798749e-07,8.047765231999904e-11,37.00691056251526
3.780675115194754e-07,8.111641219832322e-11,37.013941287994385
3.776721086978796e-07,8.142508889363853e-11,37.02064561843872
3.77277046936797e-07,8.138423962522623e-11,37.02753281593323
3.7688195675400493e-07,7.915445382478126e-11,37.03437948226929
3.764880034395901e-07,8.036210585871117e-11,37.04120469093323
3.760943343422696e-07,8.074004659297529e-11,37.048805236816406
3.757005231364019e-07,7.866454015958979e-11,37.05549216270447
3.7530787722062087e-07,7.981793698208506e-11,37.062259674072266
3.749154586785153e-07,8.039598153875005e-11,37.06894087791443
3.745228696061531e-07,7.817478608895811e-11,37.07573175430298
3.741314458238776e-07,7.961636905307046e-11,37.083019971847534
3.737397946679266e-07,7.767577553385863e-11,37.08971643447876
3.7334871194616426e-07,7.670824392347342e-11,37.09647846221924
3.729586808276508e-07,7.86084392023767e-11,37.10318040847778
3.7256879181768454e-07,7.939635754405927e-11,37.10995674133301
3.7217927228994085e-07,7.990354905507147e-11,37.11778259277344
3.717900654010009e-07,8.000049234180295e-11,37.124537229537964
3.714012848377024e-07,8.006801471838187e-11,37.13234543800354
3.710124758526945e-07,7.785623534761754e-11,37.13910174369812
3.7062469004922605e-07,7.890908759744519e-11,37.14597010612488
3.7023721688456135e-07,7.940455931665369e-11,37.152759075164795
3.698496016113495e-07,7.701950188732098e-11,37.15963864326477
3.6946312320651487e-07,7.844887933705635e-11,37.167418241500854
3.690769005970651e-07,7.887490660607455e-11,37.174259424209595
3.6869104746983794e-07,7.935935936176364e-11,37.18166375160217
3.6830556382483337e-07,7.939406077017708e-11,37.188496351242065
3.679204496620514e-07,7.939723184469116e-11,37.19538378715515
3.6753573340320145e-07,7.917523581202346e-11,37.20221304893494
3.671509034575138e-07,7.675220875524857e-11,37.20906710624695
3.667672672236222e-07,7.789791034440441e-11,37.216819047927856
3.663833467726363e-07,7.591772349657688e-11,37.223607778549194
3.6600062003344647e-07,7.74627931243721e-11,37.23064422607422
3.6561809224622266e-07,7.81568282315348e-11,37.23741817474365
3.6523584867609316e-07,7.826513048758699e-11,37.244269609451294
3.6485397458818625e-07,7.833241000287927e-11,37.25107145309448
3.6447258366933966e-07,7.843550808850352e-11,37.258217096328735
3.6409153381100623e-07,7.833780846233651e-11,37.26611018180847
3.6371034184412565e-07,7.585215788807886e-11,37.2729434967041
3.633303720107506e-07,7.725840106553861e-11,37.27984142303467
3.6295062955105095e-07,7.76590389217624e-11,37.28666830062866
3.625712281518645e-07,7.783834687913327e-11,37.293649673461914
3.621921962349006e-07,7.776237986867329e-11,37.30083179473877
3.618135622218688e-07,7.793032885672346e-11,37.307666063308716
3.614347861002898e-07,7.53031109690383e-11,37.315486431121826
3.6105720369050687e-07,7.643957689040803e-11,37.322285652160645
3.6067990549781825e-07,7.69788607857258e-11,37.32917594909668
3.603029199439334e-07,7.725277362258254e-11,37.336020946502686
3.5992624702885223e-07,7.708690630270354e-11,37.3428909778595
3.595494888486428e-07,7.46826142594692e-11,37.350571393966675
3.5917392438022944e-07,7.58573759362946e-11,37.357341051101685
3.587986441289104e-07,7.653209316282883e-11,37.36494588851929
3.584231649256253e-07,7.448632682871548e-11,37.37178039550781
3.5804825415652886e-07,7.333372797901916e-11,37.378637075424194
3.5767394024333043e-07,7.300805793253318e-11,37.38544297218323
3.572999673906452e-07,7.24668033913467e-11,37.392385721206665
3.569270177194994e-07,7.477875957340174e-11,37.40012288093567
3.565541817351914e-07,7.583540739819483e-11,37.406930685043335
3.561816015462682e-07,7.62152285727069e-11,37.41396713256836
3.558093624178582e-07,7.641236948741081e-11,37.42081952095032
3.554370096026105e-07,7.415031783031267e-11,37.427653789520264
3.550657083906117e-07,7.510626842677226e-11,37.43448853492737
3.5469426507006574e-07,7.339361757230378e-11,37.44133925437927
3.5432333334028954e-07,7.245697791757877e-11,37.44883584976196
3.5395342479205283e-07,7.41908548484993e-11,37.455657958984375
3.5358371519578213e-07,7.512718225299864e-11,37.46255850791931
3.5321428981660574e-07,7.548417446656686e-11,37.46937131881714
3.5284514865452365e-07,7.5595078807833e-11,37.47621417045593
3.524759222273133e-07,7.308793847915496e-11,37.48394012451172
3.5210737792112923e-07,7.216905545393004e-11,37.49075102806091
3.517397715313564e-07,7.377495142568691e-11,37.49853181838989
3.513724209369684e-07,7.476099600500774e-11,37.50533437728882
3.510047292820673e-07,7.251313438594309e-11,37.51220965385437
3.5063771974819247e-07,7.15831074971085e-11,37.519042015075684
3.502717049741477e-07,7.345678926240495e-11,37.525794506073
3.499059175737784e-07,7.447522459846923e-11,37.53351283073425
3.4954032912537514e-07,7.464678181134943e-11,37.540282011032104
3.491751670026133e-07,7.491155612493472e-11,37.5474693775177
3.488103175186552e-07,7.500514792591062e-11,37.554288387298584
3.4844578067350085e-07,7.470155743982687e-11,37.56124567985535
3.480817269974068e-07,7.479476066274415e-11,37.56803774833679
3.4771747436934675e-07,7.227964754497052e-11,37.5749146938324
3.4735441545308277e-07,7.342843694191359e-11,37.582513093948364
3.4699158391049423e-07,7.395919987551736e-11,37.58929252624512
3.46629036585e-07,7.398081453002803e-11,37.59616541862488
3.462668871634378e-07,7.40512651198344e-11,37.60303592681885
3.459051356458076e-07,7.411574826088341e-11,37.60997676849365
3.4554369676698116e-07,7.398722606799524e-11,37.61735987663269
3.4518220104473585e-07,7.180692845887293e-11,37.62421774864197
3.4482184219086776e-07,7.301689114447285e-11,37.631614208221436
3.4446119911990536e-07,7.110276950550443e-11,37.6384801864624
3.4410157923048246e-07,7.230669535340795e-11,37.6453320980072
3.4374221513644443e-07,7.302933258124256e-11,37.6521942615509
3.4338316368121014e-07,7.323509854106902e-11,37.65906381607056
3.4302448170819844e-07,7.346212527181706e-11,37.6667914390564
3.4266562920493016e-07,7.105098454029957e-11,37.67358160018921
3.423079135700391e-07,7.233424276220646e-11,37.6806902885437
3.4195042530882347e-07,7.271715174450577e-11,37.68755531311035
3.4159322126470215e-07,7.294391479728546e-11,37.694578647613525
3.4123641512451286e-07,7.292752512988443e-11,37.7014102935791
3.4087997846654616e-07,7.296588333538523e-11,37.708213806152344
3.4052334285661345e-07,7.043424177233248e-11,37.715843200683594
3.401679009584768e-07,7.170685573099078e-11,37.723020792007446
3.3981268643401563e-07,7.228866116815169e-11,37.73064732551575
3.394577845483582e-07,7.245980204739766e-11,37.73757314682007
3.3910319530150446e-07,7.251441808131531e-11,37.74470853805542
3.387484639461036e-07,6.9952994785627e-11,37.75155186653137
3.3839489788078936e-07,7.11515638074367e-11,37.75835108757019
3.3804104759838083e-07,6.931947377220027e-11,37.76661705970764
3.3768827734093065e-07,7.091353199095707e-11,37.77358555793762
3.373357344571559e-07,7.164716042673547e-11,37.78032875061035
3.369829926214152e-07,6.963957188688141e-11,37.787415742874146
3.3663127396721393e-07,7.082599784435928e-11,37.79435729980469
3.3627932793933724e-07,6.914697980864304e-11,37.80143475532532
3.3592840509300004e-07,7.054884454404942e-11,37.808765172958374
3.3557768119862885e-07,7.110883409877644e-11,37.81644082069397
3.3522729836477083e-07,7.150314368375987e-11,37.82503414154053
3.348771997480071e-07,7.158412057561847e-11,37.83361458778381
3.345272148180811e-07,7.034343940670595e-11,37.840609550476074
3.341779404308909e-07,7.087143372164206e-11,37.84735321998596
3.338290071042138e-07,7.117959693880849e-11,37.85428237915039
3.3348035799463105e-07,7.112589683888615e-11,37.86148643493652
3.331323910060746e-07,7.23405294000834e-11,37.86870622634888
3.327843671740993e-07,7.169222160374744e-11,37.87607455253601
3.324365138723806e-07,7.022458309302593e-11,37.88413333892822
3.3208920058314106e-07,6.947963732129026e-11,37.890836238861084
3.317423420412524e-07,6.906970828612913e-11,37.89836525917053
3.3139585298158636e-07,6.882322489687454e-11,37.905410289764404
3.3104979024756176e-07,6.872594160434176e-11,37.912368059158325
3.307040685740503e-07,6.861916590494843e-11,37.91962170600891
3.303584321656672e-07,6.725311973987402e-11,37.92665195465088
3.3001356314343866e-07,6.767424121090215e-11,37.93411350250244
3.2966877938633843e-07,6.668022384248573e-11,37.94125938415527
3.2932470617197396e-07,6.747322145450596e-11,37.94882130622864
3.289809171747038e-07,6.776016553411424e-11,37.95581078529358
3.286376681899128e-07,6.902115684548349e-11,37.962844371795654
3.2829464657879726e-07,6.962735943361054e-11,37.97001814842224
3.27951909184776e-07,6.975808819476015e-11,37.97714686393738
3.276093138993019e-07,6.875378044668423e-11,37.9841787815094
3.272673438914353e-07,6.938688512647673e-11,37.99109196662903
3.2692571494408185e-07,6.960909626485545e-11,37.99905037879944
3.2658442705724156e-07,6.974732597031519e-11,38.00618577003479
3.262431960138201e-07,6.851758743708913e-11,38.01297307014465
3.25902448139459e-07,6.79591868890661e-11,38.01999831199646
3.255620981690299e-07,6.753981401930176e-11,38.02670407295227
3.252221745242423e-07,6.743452324320387e-11,38.0341272354126
3.248828477353527e-07,6.832712173832078e-11,38.04117727279663
3.245438051635574e-07,6.893247778139155e-11,38.048919916152954
3.2420498996543756e-07,6.89451690183418e-11,38.05594038963318
3.2386631687586487e-07,6.792719858816909e-11,38.06295442581177
3.235283259073185e-07,6.847547528998632e-11,38.07020711898804
3.231906759992853e-07,6.879743302823371e-11,38.077107667922974
3.228533103083464e-07,6.899503190993528e-11,38.08407640457153
3.225162288345018e-07,6.881888808818459e-11,38.09083008766174
3.221795736862987e-07,6.875770092173994e-11,38.098249673843384
3.2184300380322384e-07,6.754236059336449e-11,38.10505414009094
3.2150686024579045e-07,6.670540508846301e-11,38.11229681968689
3.2117117143570795e-07,6.637602273373844e-11,38.11937141418457
3.208359089512669e-07,6.628973758804335e-11,38.12631893157959
3.20500987527339e-07,6.619000486596249e-11,38.13405442237854
3.2016646400734317e-07,6.627121768021382e-11,38.14126753807068
3.198322247044416e-07,6.618034592564825e-11,38.14881134033203
3.1949835488376266e-07,6.605926916591898e-11,38.15564727783203
3.1916508191898174e-07,6.698815113725942e-11,38.162354469299316
3.188317805324914e-07,6.620361203690805e-11,38.16923427581787
3.1849896231506136e-07,6.591704265757059e-11,38.17622947692871
3.1816651357985393e-07,6.581126615889943e-11,38.18345260620117
3.1783440590515966e-07,6.571806293598215e-11,38.190083265304565
3.175028950863634e-07,6.685074716017425e-11,38.19691729545593
3.171715832195332e-07,6.720363848744526e-11,38.20401406288147
3.1684032819612185e-07,6.603296381912926e-11,38.21085739135742
3.1650978371544625e-07,6.668448432334273e-11,38.21773624420166
3.161792960781895e-07,6.578925598743623e-11,38.22439742088318
3.158494052968308e-07,6.644827743595982e-11,38.23163866996765
3.155195997806004e-07,6.56696710898963e-11,38.23882436752319
3.151902490117209e-07,6.51354872815979e-11,38.245792865753174
3.1486126772506395e-07,6.503511618127789e-11,38.25276207923889
3.145327127640485e-07,6.500552873767163e-11,38.259612798690796
3.1420438517670846e-07,6.474656921717781e-11,38.267306327819824
3.1387645549330045e-07,6.46572378970589e-11,38.27426242828369
3.135488668704056e-07,6.4447676362267e-11,38.28166198730469
3.1322190352511825e-07,6.563698196071499e-11,38.28839564323425
3.128951391317969e-07,6.593377233077291e-11,38.295143365859985
3.125686873772793e-07,6.623070147870891e-11,38.30191349983215
3.122422924661805e-07,6.518390688325937e-11,38.30908250808716
3.1191635230243264e-07,6.466019386586197e-11,38.31681513786316
3.115908384643262e-07,6.442325145572525e-11,38.32383346557617
3.112656088433141e-07,6.403377827979284e-11,38.33160448074341
3.1094080554794346e-07,6.402654101345107e-11,38.33869934082031
3.1061634331308596e-07,6.390665080457936e-11,38.34571385383606
3.1029242109070765e-07,6.49571715860553e-11,38.35249185562134
3.099685557117482e-07,6.432042398696325e-11,38.3591148853302
3.096453156103962e-07,6.513552891496133e-11,38.366774797439575
3.0932230288271967e-07,6.551217901495932e-11,38.37390446662903
3.08999346998462e-07,6.451433137710794e-11,38.38157820701599
3.0867681743984576e-07,6.397672669411492e-11,38.3884859085083
3.08354714206871e-07,6.372161132084386e-11,38.39519739151001
3.080329520344094e-07,6.358488041646737e-11,38.40190601348877
3.0771153092246095e-07,6.336976082765844e-11,38.40910816192627
3.0739050771444454e-07,6.334457264278726e-11,38.41676306724548
3.0706999609719787e-07,6.434225374718494e-11,38.42340588569641
3.067494560582418e-07,6.345998032619704e-11,38.43063449859619
3.06429399188346e-07,6.337641522691229e-11,38.4376015663147
3.061098823309294e-07,6.425941029286619e-11,38.44487428665161
3.0579062126889767e-07,6.476464503579749e-11,38.45167016983032
3.054714170502848e-07,6.375342614939328e-11,38.45918273925781
3.0515261073560396e-07,6.316612510826047e-11,38.46701502799988
3.0483420232485514e-07,6.288693871203677e-11,38.474156618118286
3.045161633963289e-07,6.257457052516457e-11,38.48163151741028
3.0419872132370074e-07,6.365177829259494e-11,38.48853778839111
3.038812508293631e-07,6.298565835560765e-11,38.49540901184082
3.035641498172481e-07,6.258592949448527e-11,38.50281262397766
3.032474467090651e-07,6.228094429072684e-11,38.50965857505798
3.0293102781797643e-07,6.207490771403812e-11,38.518097162246704
3.0261506367423863e-07,6.209550929003882e-11,38.52480363845825
3.0229938374759513e-07,6.198899726861384e-11,38.53222393989563
3.0198427225514024e-07,6.297200261240476e-11,38.54039788246155
3.0166916076268535e-07,6.246170941581752e-11,38.547321796417236
3.0135441875245306e-07,6.206580388523619e-11,38.554810523986816
3.0104004622444336e-07,6.192615170652616e-11,38.56169939041138
3.007260147569468e-07,6.185866402441675e-11,38.5689857006073
3.0041232434996346e-07,6.164732613278545e-11,38.57585525512695
3.000989465817838e-07,6.164161542310254e-11,38.584662199020386
2.9978590987411735e-07,6.1446903121265e-11,38.591447591781616
2.994734700223489e-07,6.253186857207993e-11,38.59925103187561
2.9916097332716163e-07,6.187902967802472e-11,38.606459617614746
2.988489029576158e-07,6.156396920031781e-11,38.613388776779175
2.985371452268737e-07,6.12613293426989e-11,38.62061953544617
2.982257569783542e-07,6.125077528507106e-11,38.62759065628052
2.9791470979034784e-07,6.102013339059909e-11,38.63444638252258
2.976042310365301e-07,6.217349551862483e-11,38.64178514480591
2.9729363859587465e-07,6.131512658713589e-11,38.64973020553589
2.969835293242795e-07,6.094022508840169e-11,38.65684413909912
2.966738179566164e-07,6.081563724835704e-11,38.66401124000549
2.9636461817972304e-07,6.190302437314443e-11,38.67169237136841
2.9605538998112024e-07,6.115308259779795e-11,38.67838740348816
2.957467870601249e-07,6.191137880140474e-11,38.68511509895325
2.9543824098254845e-07,6.101230631827548e-11,38.69187545776367
2.9513029176087e-07,6.176334443885878e-11,38.700090646743774
2.948223425391916e-07,6.090939558278663e-11,38.707008361816406
2.945150754385395e-07,6.176672368018998e-11,38.71495318412781
2.942078083378874e-07,6.110083272670153e-11,38.721975564956665
2.9390088229774847e-07,6.051779216642572e-11,38.72895431518555
2.93594581535217e-07,6.138545227685199e-11,38.736287355422974
2.9328830919439497e-07,6.064000690475524e-11,38.7435564994812
2.9298240633579553e-07,6.027583293599648e-11,38.75091338157654
2.9267681611599983e-07,5.998609248214493e-11,38.7579128742218
2.9237162380013615e-07,5.99253147104406e-11,38.76599621772766
2.9206677254478564e-07,5.972842359591723e-11,38.77338933944702
2.9176217708482e-07,5.966035998561381e-11,38.781585693359375
2.914579226853675e-07,5.952451725965702e-11,38.788511514663696
2.9115403776813764e-07,5.953039450279363e-11,38.79565620422363
2.9085072128509637e-07,6.066080970867915e-11,38.80263829231262
2.905472911152174e-07,5.996179941458735e-11,38.810218334198
2.9024428727097984e-07,5.954497311888574e-11,38.81760334968567
2.8994162448725547e-07,5.934765179294033e-11,38.82458209991455
2.896395301377197e-07,6.036711408530238e-11,38.83269286155701
2.8933743578818394e-07,5.969762184587779e-11,38.840259313583374
2.890359382945462e-07,6.046931705361303e-11,38.84733772277832
2.887344408009085e-07,5.96990651358098e-11,38.854373931884766
2.884332843677839e-07,5.920314932739146e-11,38.861477851867676
2.881325258385914e-07,5.893803500800487e-11,38.86871385574341
2.8783213679162145e-07,5.891849508277147e-11,38.87627291679382
2.8753206038345525e-07,5.882107301236061e-11,38.884249687194824
2.872324955660588e-07,5.988253642952301e-11,38.89126706123352
2.8693295917037176e-07,5.921502177486104e-11,38.898818492889404
2.8663370699177904e-07,5.879322029223033e-11,38.90601372718811
2.8633488113882777e-07,5.865775226654435e-11,38.91344666481018
2.860363395029708e-07,5.853200563121774e-11,38.92058825492859
2.85738138927627e-07,5.835396749143129e-11,38.92777705192566
2.854405067864718e-07,5.936694885688709e-11,38.934664726257324
2.8514278938018833e-07,5.861785362659688e-11,38.94195199012756
2.8484552672125574e-07,5.838479005815245e-11,38.95035147666931
2.84548519857708e-07,5.822889392881336e-11,38.95732808113098
2.842519108980923e-07,5.8194924573706786e-11,38.96498250961304
2.839558419509558e-07,5.923034285260087e-11,38.97340750694275
2.83659687738691e-07,5.843502071112283e-11,38.980672121047974
2.8336415880403365e-07,5.921380746842786e-11,38.988571882247925
2.8306865829108574e-07,5.844156408807422e-11,38.99598050117493
2.82773498838651e-07,5.7910655437698466e-11,39.0036723613739
2.8247870886843884e-07,5.770716543507248e-11,39.01182746887207
2.8218423153703043e-07,5.758712950942879e-11,39.01961922645569
2.8189006684442575e-07,5.732246621814596e-11,39.027567863464355
2.8159627163404366e-07,5.727311333525442e-11,39.03496050834656
2.8130273221904645e-07,5.72380927377214e-11,39.04332613945007
2.8100950544285297e-07,5.716351350604221e-11,39.05134034156799
2.807166481488821e-07,5.714931652911481e-11,39.05993580818176
2.804240750720055e-07,5.705659555932385e-11,39.06815552711487
2.801317577905138e-07,5.691030979804168e-11,39.07516121864319
2.798398384129541e-07,5.702123495598954e-11,39.0833306312561
2.795481464090699e-07,5.694188176530446e-11,39.09030795097351
2.7925682388740825e-07,5.688553794680473e-11,39.09734892845154
2.7896572873942205e-07,5.674998318494495e-11,39.10426187515259
2.7867500307365844e-07,5.672588093696973e-11,39.112003564834595
2.7838456162498915e-07,5.668375491207911e-11,39.11904335021973
2.780944328151236e-07,5.661082366770209e-11,39.12611508369446
2.778045882223523e-07,5.645132972187383e-11,39.13393187522888
2.7751508469009423e-07,5.645247463936798e-11,39.1415114402771
2.7722589379663987e-07,5.6424087624407093e-11,39.14995765686035
2.769369871202798e-07,5.6355965033505484e-11,39.15759015083313
2.766483930827235e-07,5.6392654435022393e-11,39.16683030128479
2.7636005484055204e-07,5.620623411140002e-11,39.17429184913635
2.7607231345427863e-07,5.7313997298136243e-11,39.18243622779846
2.7578448680287693e-07,5.670002661828377e-11,39.18937087059021
2.754972854290827e-07,5.747586781512659e-11,39.19641327857971
2.752100272118696e-07,5.659522503420611e-11,39.20399618148804
2.7492319532029796e-07,5.61737843740584e-11,39.211270809173584
2.746366192241112e-07,5.586283519098956e-11,39.218222856521606
2.7435044103185646e-07,5.576123590644855e-11,39.225239276885986
2.7406457547840546e-07,5.585827286824774e-11,39.2329740524292
2.737790225637582e-07,5.56902059190012e-11,39.24031162261963
2.7349369702278636e-07,5.5521857944551556e-11,39.24734401702881
2.7320874096403713e-07,5.560515242697406e-11,39.25464200973511
2.729240691223822e-07,5.559190260906455e-11,39.26136064529419
2.7263973834124045e-07,5.5582167340917366e-11,39.26888966560364
2.7235563493377413e-07,5.5457121533875053e-11,39.276145696640015
2.7207184416511154e-07,5.5350269506648786e-11,39.28454327583313
2.717883660352527e-07,5.524583915339498e-11,39.29176330566406
2.715052005441976e-07,5.532106023276029e-11,39.300731897354126
2.7122231927023677e-07,5.5261972081721566e-11,39.307629108428955
2.709396653699514e-07,5.5033373691504295e-11,39.31591534614563
2.7065740937359806e-07,5.504432326608466e-11,39.3231418132782
2.7037546601604845e-07,5.496930688408952e-11,39.33063101768494
2.7009372161046485e-07,5.488533932895834e-11,39.33784317970276
2.698123182653944e-07,5.479530371110819e-11,39.34509348869324
2.695311991374183e-07,5.4624343243103723e-11,39.35237646102905
2.6925044949166477e-07,5.4723833103897945e-11,39.35950469970703
2.6896989879787725e-07,5.44638500965533e-11,39.36754512786865
2.6868963232118404e-07,5.429199451123523e-11,39.37421011924744
2.6840976374842285e-07,5.441135042527634e-11,39.38211941719055
2.6813015097104653e-07,5.4480194661143955e-11,39.38907480239868
2.678508224107645e-07,5.43557872323408e-11,39.396111726760864
2.675717780675768e-07,5.429767399589558e-11,39.40326404571533
2.672930747849023e-07,5.4260498871805396e-11,39.41022706031799
2.670146272976126e-07,5.4246163116999924e-11,39.4175820350647
2.6673646402741724e-07,5.4180136072057294e-11,39.42426919937134
2.664585849743162e-07,5.399986013898683e-11,39.432087898254395
2.6618101856001886e-07,5.393764948569135e-11,39.438979387283325
2.6590376478452526e-07,5.396112723321522e-11,39.445680379867554
2.6562676680441655e-07,5.390786428360883e-11,39.453017711639404
2.6535005304140213e-07,5.382119402930208e-11,39.45972537994385
2.650736803389009e-07,5.372832040384523e-11,39.46744918823242
2.647975350100751e-07,5.365905983434338e-11,39.47483825683594
2.64521702320053e-07,5.351068199654918e-11,39.48261570930481
2.6424618226883467e-07,5.344719111732843e-11,39.48958969116211
2.6397094643471064e-07,5.354625076670061e-11,39.49649262428284
2.636959948176809e-07,5.343019429671081e-11,39.503803968429565
2.634213558394549e-07,5.346965578634233e-11,39.51055693626404
2.631469726566138e-07,5.327049218406543e-11,39.51791524887085
2.628729021125764e-07,5.33799150714831e-11,39.524802923202515
2.625990873639239e-07,5.3275099609617627e-11,39.53211450576782
2.6232561367578455e-07,5.330352478849498e-11,39.53935241699219
2.620523957830301e-07,5.316515977460412e-11,39.54613924026489
2.617794336856605e-07,5.3008996497849736e-11,39.553491830825806
2.615067842270946e-07,5.296930602471939e-11,39.56045699119568
2.6123441898562305e-07,5.2914801013104196e-11,39.56777906417847
2.609626221783401e-07,5.407588266059804e-11,39.57459998130798
2.6069068326251e-07,5.3393709592564065e-11,39.58212876319885
2.604191422506119e-07,5.2969340719188907e-11,39.58908033370972
2.6014788545580814e-07,5.2740048439581244e-11,39.59588837623596
2.598769412998081e-07,5.2569261443924375e-11,39.602991580963135
2.5960628136090236e-07,5.2462208188774895e-11,39.61033320426941
2.5933593406080035e-07,5.24313162331147e-11,39.61757254600525
2.5906587097779266e-07,5.230107319453836e-11,39.624348163604736
2.5879606369016983e-07,5.221765728147254e-11,39.63160467147827
2.5852659746306017e-07,5.226673954750183e-11,39.6385395526886
2.582575859833014e-07,5.338568823121115e-11,39.645376443862915
2.5798851766012376e-07,5.265211530658398e-11,39.652902126312256
2.5772004619284417e-07,5.34717374545135e-11,39.66006541252136
2.574515178821457e-07,5.276257555864028e-11,39.66782188415527
2.5718335905366985e-07,5.2324648086576886e-11,39.674994707107544
2.5691554128570715e-07,5.217343224117599e-11,39.6826286315918
2.566479793131293e-07,5.19702891832452e-11,39.68956756591797
2.5638072997935524e-07,5.1843532938855574e-11,39.696330308914185
2.5611376486267545e-07,5.1788604654712245e-11,39.70353150367737
2.5584708396308997e-07,5.178676237838076e-11,39.711219787597656
2.5558065885888936e-07,5.166422498148471e-11,39.71807074546814
2.553145463934925e-07,5.158010130124069e-11,39.724759340286255
2.550487181451899e-07,5.150286794264325e-11,39.73254418373108
2.5478314569227223e-07,5.1434023706775633e-11,39.73970556259155
2.5451785745644884e-07,5.144511205923408e-11,39.74683856964111
2.542528818594292e-07,5.143389533723841e-11,39.75369834899902
2.539881620577944e-07,5.1396664701997e-11,39.760737657547
2.537237264732539e-07,5.125846622155983e-11,39.76765036582947
2.534595466840983e-07,5.126900293195291e-11,39.77459669113159
2.53195651112037e-07,5.117940793386566e-11,39.782546520233154
2.5293206817877945e-07,5.1207135753905675e-11,39.78923845291138
2.526686841974879e-07,5.0950851177011813e-11,39.796281576156616
2.5240561285500007e-07,5.091433177839555e-11,39.80344247817993
2.52142854151316e-07,5.0865468087524235e-11,39.810551166534424
2.518803512430168e-07,5.0888824404404787e-11,39.8173942565918
2.5161813255181187e-07,5.085025803208687e-11,39.824310541152954
2.5135619807770126e-07,5.0852291128000715e-11,39.8321213722229
2.5109451939897554e-07,5.084301035740424e-11,39.83899259567261
2.508330965156347e-07,5.061645547144167e-11,39.84599828720093
2.5057198627109756e-07,5.0629594267048716e-11,39.852824211120605
2.503111318219453e-07,5.053004542565631e-11,39.85979151725769
2.5005053316817794e-07,5.041251097126498e-11,39.8673095703125
2.4979021873150486e-07,5.030559996344053e-11,39.87421774864197
2.495301885119261e-07,5.032165309448722e-11,39.88213753700256
2.4927047093115107e-07,5.031676811317887e-11,39.88891124725342
2.4901095230234205e-07,5.011907902585655e-11,39.89593982696533
2.4875171789062733e-07,5.0125091577424286e-11,39.90290451049805
2.4849279611771635e-07,5.004413897169435e-11,39.909977436065674
2.4823413014019025e-07,4.991761864969746e-11,39.91739559173584
2.47975719958049e-07,4.985528656575866e-11,39.92410731315613
2.477175939930021e-07,4.994864591378878e-11,39.93160533905029
2.4745975224504946e-07,4.979241671754231e-11,39.938469886779785
2.4720219471419114e-07,4.983850138140511e-11,39.94525623321533
2.469448929787177e-07,4.9837162174881655e-11,39.952019929885864
2.466878470386291e-07,4.971102696149643e-11,39.95870566368103
2.464310568939254e-07,4.9548129488208303e-11,39.9663941860199
2.4617457938802545e-07,4.9635649757018285e-11,39.97321629524231
2.459183860992198e-07,4.9608036428727686e-11,39.97996139526367
2.4566239176238014e-07,4.9428787451955e-11,39.98673892021179
2.454066816426348e-07,4.9327170820179234e-11,39.9938907623291
2.451512841616932e-07,4.94159123343163e-11,40.001904010772705
2.448961708978459e-07,4.938405934185042e-11,40.00909423828125
2.446412565859646e-07,4.9313407524120834e-11,40.01747417449951
2.443866264911776e-07,4.916729176573931e-11,40.02420735359192
2.4413230903519434e-07,4.923886298691116e-11,40.03256392478943
2.4387821895288653e-07,4.907605224979683e-11,40.039300203323364
2.436243846659636e-07,4.9081315400822945e-11,40.04631590843201
2.4337083459613496e-07,4.896546015875636e-11,40.053096532821655
2.431175687434006e-07,4.888165913707887e-11,40.0603141784668
2.4286453026434174e-07,4.874986525571501e-11,40.06739521026611
2.4261177600237716e-07,4.866240396750321e-11,40.07418346405029
2.423593343792163e-07,4.8816086589686947e-11,40.082123041152954
2.421071201297309e-07,4.877538997694053e-11,40.088796615600586
2.4185516167563037e-07,4.862161367968909e-11,40.09587621688843
2.4160348743862414e-07,4.858428243048607e-11,40.102758169174194
2.4135204057529336e-07,4.850670906608734e-11,40.10975360870361
2.411009063507663e-07,4.8530835600191224e-11,40.11727333068848
2.408499994999147e-07,4.844748213717054e-11,40.12395191192627
2.405993768661574e-07,4.8404870389706645e-11,40.1316237449646
2.4034901002778497e-07,4.830207414596721e-11,40.13836932182312
2.400988989847974e-07,4.8185809509160293e-11,40.1454815864563
2.3984907215890416e-07,4.825793931129141e-11,40.15228796005249
2.3959947270668636e-07,4.8173295214004597e-11,40.15909433364868
2.3935015747156285e-07,4.8196627244756485e-11,40.16673707962036
2.391010980318242e-07,4.808364817421307e-11,40.1735200881958
2.3885229438747047e-07,4.8036283284424997e-11,40.180678844451904
2.38603774960211e-07,4.800696992712794e-11,40.1874144077301
2.3835549711748172e-07,4.78429830474969e-11,40.19456148147583
2.3810727611817128e-07,4.673556333600892e-11,40.20136737823486
2.3785962355304946e-07,4.723384183780155e-11,40.20819306373596
2.3761219836160308e-07,4.744748344220895e-11,40.21584987640381
2.3736501475468685e-07,4.7575058476079235e-11,40.222527503967285
2.3711805852144607e-07,4.7592124685635895e-11,40.2295982837677
2.3687135808359017e-07,4.7600208497033947e-11,40.23652744293213
2.3662491344111913e-07,4.7587971757634406e-11,40.243659019470215
2.3637872459403297e-07,4.7521833690389315e-11,40.25069332122803
2.361327915423317e-07,4.7489335380790365e-11,40.257344007492065
2.3588710007516056e-07,4.73588633587152e-11,40.26569056510925
2.356414654514083e-07,4.621965310480647e-11,40.27241635322571
2.3539642768355407e-07,4.6739723202904315e-11,40.27952456474304
2.3515158886766585e-07,4.698262612290449e-11,40.286452770233154
2.3490697742545308e-07,4.708843037715127e-11,40.29365515708923
2.3466259335691575e-07,4.702826322811049e-11,40.300750732421875
2.3441849350547272e-07,4.705371162150307e-11,40.30738615989685
2.3417462102770514e-07,4.7018805515719464e-11,40.31548309326172
2.3393099013446772e-07,4.7017331000764884e-11,40.32213997840881
2.336876434583246e-07,4.6914666596009624e-11,40.32922911643982
2.3344453836671164e-07,4.688075622150123e-11,40.33642244338989
2.3320170328133827e-07,4.681323731436926e-11,40.343653440475464
2.3295908135878562e-07,4.671976694403668e-11,40.3506920337677
2.3271674365332728e-07,4.66605747095894e-11,40.357383012771606
2.3247466174325382e-07,4.6693315880474984e-11,40.36497950553894
2.3223283562856523e-07,4.656939070479815e-11,40.3718638420105
2.319912653092615e-07,4.6527965508191826e-11,40.379091024398804
2.3174990815277852e-07,4.637497330595153e-11,40.38598942756653
2.3150863626142382e-07,4.521154631231816e-11,40.39307498931885
2.3126796122596716e-07,4.5893479988512453e-11,40.40060210227966
2.3102745672076708e-07,4.6119857932680475e-11,40.40756320953369
2.3078717958924244e-07,4.6254652885657777e-11,40.415422677993774
2.3054712983139325e-07,4.627044580818307e-11,40.42209482192993
2.3030709428439877e-07,4.5029074219327114e-11,40.42921161651611
2.3006766980415705e-07,4.5616496691103237e-11,40.43615436553955
2.298284158541719e-07,4.590675756199758e-11,40.44345831871033
2.2958914769333205e-07,4.469015088548467e-11,40.450650691986084
2.293502632255695e-07,4.421000371346295e-11,40.45736289024353
2.29111876137722e-07,4.5042962415475785e-11,40.46494483947754
2.2887346062816505e-07,4.4354353523345935e-11,40.471660137176514
2.2863557092023257e-07,4.5142379417884015e-11,40.479007959365845
2.2839762436888122e-07,4.42488927443474e-11,40.48589777946472
2.2816021783000906e-07,4.493760225043886e-11,40.493205070495605
2.2792298182139348e-07,4.5237032869627214e-11,40.500913858413696
2.2768600160816277e-07,4.5448547703053066e-11,40.50801753997803
2.2744920613604336e-07,4.547425630496704e-11,40.516801834106445
2.2721266645930882e-07,4.546034382268971e-11,40.52373552322388
2.2697636836710444e-07,4.544539050632679e-11,40.53165531158447
2.2674032607028494e-07,4.541945292091398e-11,40.53840231895447
2.2650449693628616e-07,4.528981009666033e-11,40.54635310173035
2.2626893780852697e-07,4.5291805028657706e-11,40.55315923690796
2.2603364868700737e-07,4.529300198785613e-11,40.560328245162964
2.2579860115001793e-07,4.5321250224938936e-11,40.5673451423645
2.2556376677584922e-07,4.5294455686129e-11,40.57576322555542
2.2532918819706538e-07,4.5149408517408673e-11,40.5834059715271
2.250948512028117e-07,4.509422696363785e-11,40.59068250656128
2.2486079842565232e-07,4.512136497769603e-11,40.59967923164368
2.2462697302216839e-07,4.508255227464453e-11,40.606743574142456
2.2439336078150518e-07,4.493309890829522e-11,40.61490750312805
2.2416000433622685e-07,4.4856566377982077e-11,40.6216607093811
2.239269036863334e-07,4.48681543308016e-11,40.62887763977051
2.2369407304267952e-07,4.4884214400742195e-11,40.63569355010986
2.234614697727011e-07,4.481312890214362e-11,40.64315390586853
2.2322910808725283e-07,4.479464715823056e-11,40.65064811706543
2.2299697377548e-07,4.464504113621537e-11,40.65737509727478
2.227648536745619e-07,4.332770947579334e-11,40.6649444103241
2.2253334464039654e-07,4.393026220572693e-11,40.67191553115845
2.2230200613648776e-07,4.411648130142609e-11,40.67898631095886
2.2207089500625443e-07,4.430881009320764e-11,40.68587636947632
2.2183998282798711e-07,4.4276853017333195e-11,40.692797899246216
2.2160936907766882e-07,4.438189399325054e-11,40.700605630874634
2.213789258576071e-07,4.429960911989106e-11,40.70728802680969
2.2114851105925482e-07,4.306186657254685e-11,40.71537923812866
2.2091867890594585e-07,4.350044630063721e-11,40.723326206207275
2.2068905991545762e-07,4.388822291701011e-11,40.731865644454956
2.204596398769354e-07,4.3936194960014774e-11,40.73914551734924
2.2023020562755846e-07,4.2753099671610784e-11,40.74624037742615
2.2000138244493428e-07,4.346029439106225e-11,40.75332307815552
2.1977270137085725e-07,4.371980555362143e-11,40.75993299484253
2.1954424767045566e-07,4.3854947451293924e-11,40.76761603355408
2.1931599292202009e-07,4.38129948987509e-11,40.77439904212952
2.190880081798241e-07,4.383639978788878e-11,40.78222727775574
2.1885996659420925e-07,4.252889707068164e-11,40.78908562660217
2.186325644970566e-07,4.308186793422486e-11,40.796003341674805
2.1840534714101523e-07,4.342695994474788e-11,40.803070306777954
2.18178072941555e-07,4.2277001344182e-11,40.81013870239258
2.1795139559799281e-07,4.3024427770488316e-11,40.81751585006714
2.1772461877844762e-07,4.2042012232679227e-11,40.82427930831909
2.1749842460394575e-07,4.271718395676416e-11,40.832162857055664
2.1727241517055518e-07,4.3134482097251237e-11,40.83897876739502
2.170465904782759e-07,4.324348865103467e-11,40.84569072723389
2.1682096473796264e-07,4.3191610010762105e-11,40.85273003578186
2.165955521604701e-07,4.315464305348904e-11,40.86010265350342
2.1637038116750773e-07,4.3067382993200454e-11,40.86764669418335
2.1614523859625479e-07,4.184032287302131e-11,40.87438726425171
2.1592069288089988e-07,4.246324125656287e-11,40.88224411010742
2.1569628927409212e-07,4.2738184519164335e-11,40.88909125328064
2.154721130409598e-07,4.282402210620262e-11,40.89614820480347
2.1524789417526335e-07,4.155337879341303e-11,40.90319061279297
2.1502430058717437e-07,4.225969574278565e-11,40.91035580635071
2.1480087752934196e-07,4.258079999708286e-11,40.91767477989197
2.1457761079091142e-07,4.269406356227634e-11,40.924489974975586
2.1435461405872047e-07,4.2764326801947306e-11,40.93213605880737
2.1413154627225595e-07,4.150578492012613e-11,40.93910789489746
2.139091179742536e-07,4.213878204706312e-11,40.94604778289795
2.1368683178479841e-07,4.2353839185826914e-11,40.95318937301636
2.1346475875816395e-07,4.244390602869963e-11,40.96034502983093
2.1324289889435022e-07,4.2550473561275837e-11,40.967777967453
2.1302126640421193e-07,4.2557287555089474e-11,40.97494435310364
2.1279984707689437e-07,4.247116200395418e-11,40.98271441459656
2.1257868354496168e-07,4.2359026009020084e-11,40.9894015789032
2.1235774738670443e-07,4.239693665586408e-11,40.995816469192505
2.1213679701759247e-07,4.1180298754328604e-11,41.00273060798645
2.1191642929352383e-07,4.165886732798718e-11,41.00924777984619
2.116962463105665e-07,4.1962180258314774e-11,41.01675724983215
2.1147626227957517e-07,4.206465731293463e-11,41.023555278778076
2.1125647720054985e-07,4.205802373036249e-11,41.03032040596008
2.1103670633237925e-07,4.096348954485407e-11,41.03735566139221
2.1081751810925198e-07,4.159453684260406e-11,41.04422640800476
2.1059845778381714e-07,4.173483780789411e-11,41.05132603645325
2.1037938324752758e-07,4.0678585500053543e-11,41.057682275772095
2.1016089135628135e-07,4.1251033838785034e-11,41.06495189666748
2.09942555784437e-07,4.1525980570833454e-11,41.072137117385864
2.0972440495370392e-07,4.1659085903145154e-11,41.078641414642334
2.0950645307493687e-07,4.1673421657950627e-11,41.08534812927246
2.0928872856984526e-07,4.150576410344442e-11,41.092036485672
2.090712456492838e-07,4.155822561080491e-11,41.09932327270508
2.088539901023978e-07,4.152137314528126e-11,41.106040716171265
2.0863697614004195e-07,4.1599928363167393e-11,41.11275625228882
2.0842013270794268e-07,4.1373876547012856e-11,41.11968231201172
2.0820331769755285e-07,4.016194321554423e-11,41.12633752822876
2.0798684374767618e-07,3.956521221759601e-11,41.13416290283203
2.0777089559942397e-07,4.048201704409671e-11,41.14057374000549
2.0755510377057362e-07,4.091855326793237e-11,41.146892786026
2.0733948247197986e-07,4.110651749544836e-11,41.153764486312866
2.0712406012535212e-07,4.124504557334596e-11,41.160396575927734
2.0690883673069038e-07,4.117349516885582e-11,41.16754460334778
2.0669382649884938e-07,4.105987078117934e-11,41.17416787147522
2.0647907206239324e-07,4.1095998132290035e-11,41.18162536621094
2.0626454499961255e-07,4.1108731002603704e-11,41.18877172470093
2.0605020267794316e-07,4.102527692562141e-11,41.19549202919006
2.0583610194080393e-07,4.087593458157457e-11,41.2025249004364
2.0562225699904957e-07,4.094448738389822e-11,41.209214210510254
2.0540861100926122e-07,4.0927605055030014e-11,41.21701407432556
2.051951781822936e-07,4.084466098674966e-11,41.22357535362244
2.0498197272900143e-07,4.081237084396783e-11,41.22991228103638
2.0476875306485454e-07,3.950676244479645e-11,41.23682880401611
2.0455613025660568e-07,4.0149491370433665e-11,41.24364948272705
2.0434364955690398e-07,4.0343138552056956e-11,41.250913858413696
2.041313678091683e-07,4.0365249337481757e-11,41.25765895843506
2.0391928501339862e-07,4.0425145869660284e-11,41.26497268676758
2.037074438021591e-07,4.043618911930835e-11,41.272106647491455
2.0349581575374032e-07,4.0470272966164345e-11,41.27889585494995
2.0328440086814226e-07,4.040973805574666e-11,41.285988092422485
2.030729859825442e-07,3.923517066795057e-11,41.292818546295166
2.028619121574593e-07,3.8742668795332946e-11,41.30030393600464
2.0265132150143472e-07,3.9476776014790715e-11,41.30718374252319
2.024408729539573e-07,3.988709015856351e-11,41.314926862716675
2.0223060914759117e-07,4.0079519564306665e-11,41.32199239730835
2.0202051587148162e-07,4.004230627630001e-11,41.328707218170166
2.0181064996904752e-07,4.0034822679224646e-11,41.335710525512695
2.0160102565114357e-07,4.012649587603612e-11,41.34247136116028
2.0139160028520564e-07,4.0070460838315114e-11,41.35021996498108
2.01182160708413e-07,3.885789606750123e-11,41.35685205459595
2.0097326114409952e-07,3.9360313619507536e-11,41.36360192298889
2.007643189472219e-07,3.844327634006106e-11,41.37067222595215
2.0055591676282347e-07,3.916979587903491e-11,41.37768292427063
2.003474008915873e-07,3.8186752371327515e-11,41.384682178497314
2.0013922608086432e-07,3.777786070080502e-11,41.391626834869385
1.999315060174922e-07,3.8747977049169435e-11,41.39881658554077
1.9972392806266726e-07,3.917485780213781e-11,41.405659198760986
1.9951627905356872e-07,3.82032461221371e-11,41.412779569625854
1.993091984786588e-07,3.898196695995004e-11,41.419976234436035
1.991022315905866e-07,3.928798605890016e-11,41.42806529998779
1.988954494436257e-07,3.938580017681659e-11,41.43538570404053
1.9868863887495536e-07,3.829588729464817e-11,41.44244337081909
1.9848238252961892e-07,3.886537272568269e-11,41.45066714286804
1.9827604091915418e-07,3.786372604341892e-11,41.45735430717468
1.9807023932116863e-07,3.8559426485118564e-11,41.463968992233276
1.9786435245805478e-07,3.7656912310612967e-11,41.47106194496155
1.976589913965654e-07,3.846690674325082e-11,41.478097915649414
1.9745354506994772e-07,3.7677350822606925e-11,41.485198736190796
1.972486103340998e-07,3.8382085704169455e-11,41.492016315460205
1.9704381770679902e-07,3.872994633336013e-11,41.49989438056946
1.9683920982060954e-07,3.885379865065097e-11,41.50706195831299
1.9663453088014649e-07,3.7776427819213865e-11,41.515334606170654
1.9643046300643618e-07,3.841013965222295e-11,41.52225708961487
1.9622625302417873e-07,3.7452305146068454e-11,41.52884221076965
1.9602259726525517e-07,3.811589932567472e-11,41.53600072860718
1.9581909782573348e-07,3.849738236527678e-11,41.54298663139343
1.9561576891646837e-07,3.8675770919205377e-11,41.55053496360779
1.9541261053745984e-07,3.866901590598992e-11,41.55743980407715
1.9520967953212676e-07,3.8671666563461216e-11,41.565001010894775
1.9500672010508424e-07,3.745926485665407e-11,41.57209753990173
1.9480408752770018e-07,3.689901509340565e-11,41.57882642745972
1.946017249565557e-07,3.6607310932579296e-11,41.58591032028198
1.943996323916508e-07,3.640123966142106e-11,41.59216523170471
1.9419793773067795e-07,3.7515456019487914e-11,41.59997272491455
1.9399639938910695e-07,3.8040508243408766e-11,41.606513261795044
1.937949889452284e-07,3.828745306910797e-11,41.61284422874451
1.9359376324246114e-07,3.8399190077642587e-11,41.61975336074829
1.9339250911798445e-07,3.7215844989058056e-11,41.62665367126465
1.9319180921684165e-07,3.781385621293154e-11,41.634236335754395
1.9299122300253657e-07,3.803338893826336e-11,41.6409056186676
1.9279060836652206e-07,3.679856419580574e-11,41.648273944854736
1.9259054795384145e-07,3.755471975064317e-11,41.65528726577759
1.9239061543885327e-07,3.7816371561971707e-11,41.66201066970825
1.921908676649764e-07,3.790313202189921e-11,41.66912651062012
1.9199131884306553e-07,3.797951536599342e-11,41.67538523674011
1.917919973948301e-07,3.811118434726701e-11,41.6827278137207
1.9159261910317582e-07,3.694614406080099e-11,41.68942165374756
1.9139379503485543e-07,3.7512472295109234e-11,41.69586944580078
1.9119509886422748e-07,3.764552905516361e-11,41.70275545120239
1.909963742718901e-07,3.660801523031054e-11,41.70961403846741
1.9079816127032245e-07,3.7155820087342306e-11,41.71706485748291
1.906001330098661e-07,3.7522474710671716e-11,41.72375226020813
1.9040200527342677e-07,3.6394304236964103e-11,41.73071789741516
1.902044175494666e-07,3.693996150633261e-11,41.73746967315674
1.9000701456661773e-07,3.7231700361628484e-11,41.74377179145813
1.89809753692316e-07,3.732857078997398e-11,41.75092577934265
1.8961272019168973e-07,3.7395350704905184e-11,41.75741410255432
1.894158287996106e-07,3.7410449738040086e-11,41.763967514038086
1.8921917899206164e-07,3.745173268732138e-11,41.770936250686646
1.890227423473334e-07,3.7361856664031023e-11,41.77785134315491
1.8882647623286175e-07,3.729571859678593e-11,41.78470754623413
1.886304090703561e-07,3.724117195180732e-11,41.791369915008545
1.8843435611870518e-07,3.610681892363132e-11,41.79880166053772
1.88238615805858e-07,3.548663099484095e-11,41.8058648109436
1.8804337287292583e-07,3.6363332484024014e-11,41.82176399230957
1.8784822941597668e-07,3.673535781123505e-11,41.83852958679199
1.8765300069389923e-07,3.571997905793545e-11,41.85545086860657
1.8745811303233495e-07,3.525310945939886e-11,41.86365795135498
1.8726346695530083e-07,3.505103499112927e-11,41.872925996780396
1.8706901983023272e-07,3.485265895331047e-11,41.87968969345093
1.868750274525155e-07,3.588716476765619e-11,41.886420488357544
1.8668090717710584e-07,3.527034567185616e-11,41.89364457130432
1.8648704269708105e-07,3.48371817504578e-11,41.901986598968506
1.8629364717526187e-07,3.576413817873991e-11,41.909308671951294
1.861003511294257e-07,3.6297877897828457e-11,41.91670322418213
1.8590699824017065e-07,3.54039610128698e-11,41.92324161529541
1.8571414273083064e-07,3.61468251164343e-11,41.93002724647522
1.8552141511918308e-07,3.6368397876573866e-11,41.936635971069336
1.8532864487497136e-07,3.534503245639087e-11,41.94328594207764
1.8513635779981996e-07,3.5868794046045593e-11,41.95071196556091
1.8494402809210442e-07,3.498186115780122e-11,41.95769476890564
1.847521957643039e-07,3.573589341110406e-11,41.9653685092926
1.8456051975590526e-07,3.617314434101182e-11,41.9721884727478
1.8436897164519905e-07,3.6362482469520785e-11,41.97895789146423
1.8417760827560414e-07,3.635085635278479e-11,41.985737800598145
1.839862164842998e-07,3.519536051488359e-11,41.9928035736084
1.8379536470547464e-07,3.579464849523539e-11,42.000386238098145
1.8360459819177777e-07,3.5930494690639136e-11,42.007582664489746
1.8341407326261105e-07,3.611231452760322e-11,42.015066385269165
1.8322346306831605e-07,3.49069662064494e-11,42.02204966545105
1.830331939345342e-07,3.4343927007851605e-11,42.02899670600891
1.828434079698127e-07,3.528215219983366e-11,42.03582048416138
1.8265369305936474e-07,3.562537764789653e-11,42.04339003562927
1.824641628900281e-07,3.588725844272389e-11,42.050816774368286
1.8227481746180274e-07,3.5967218786625565e-11,42.05769467353821
1.8208562835297926e-07,3.603430748233549e-11,42.065826654434204
1.818966524069765e-07,3.600676007353698e-11,42.07368993759155
1.8170784699123033e-07,3.5919857366284447e-11,42.08079290390015
1.8151904157548415e-07,3.469959736213113e-11,42.088597536087036
1.8133076196136244e-07,3.530621281444546e-11,42.095370292663574
1.8114239708211244e-07,3.439036208585655e-11,42.1030650138855
1.8095431641995674e-07,3.391663339069595e-11,42.1099898815155
1.8076669050515193e-07,3.487635180654536e-11,42.1179301738739
1.8057893669265468e-07,3.404950973950882e-11,42.124844551086426
1.8039169447092718e-07,3.483870830711666e-11,42.1326322555542
1.8020432435150724e-07,3.407106888286826e-11,42.139944314956665
1.8001748003371176e-07,3.491636840768919e-11,42.14683651924133
1.7983070677018986e-07,3.516080829268908e-11,42.15436148643494
1.7964411824777926e-07,3.530553627228983e-11,42.16130208969116
1.7945750130365923e-07,3.4237179064033896e-11,42.16977405548096
1.7927139595030894e-07,3.489616928753492e-11,42.17673420906067
1.7908539007294166e-07,3.511805429790016e-11,42.1845862865448
1.7889955472583097e-07,3.515199936687807e-11,42.19123291969299
1.7871369095701084e-07,3.3951078060034945e-11,42.19928812980652
1.7852835298981518e-07,3.4606442711471175e-11,42.20639371871948
1.7834314292031195e-07,3.4878901850055044e-11,42.21336579322815
1.7815811759192002e-07,3.5004728282661546e-11,42.22101044654846
1.7797323437207524e-07,3.498905679077957e-11,42.22805881500244
1.7778835115223046e-07,3.389145561416562e-11,42.235329389572144
1.7760397952315543e-07,3.452712421525561e-11,42.24278521537781
1.7741963631578983e-07,3.413236013272147e-11,42.25042271614075
1.7723550627124496e-07,3.3994834724992984e-11,42.257293701171875
1.770515751786661e-07,3.390778977041542e-11,42.26490545272827
1.7686785724890797e-07,3.3845374419749774e-11,42.27180886268616
1.7668455143393658e-07,3.487767366583405e-11,42.27912139892578
1.7650108929956332e-07,3.423003200331287e-11,42.28641366958618
1.7631802506912209e-07,3.457802100204077e-11,42.293418645858765
1.7613507452551858e-07,3.4586479513709634e-11,42.30096244812012
1.7595232293388108e-07,3.457984940058445e-11,42.30836844444275
1.757697702942096e-07,3.47078893403463e-11,42.31596779823303
1.7558728870881168e-07,3.409473744997449e-11,42.3228235244751
1.7540517660563637e-07,3.444272991814934e-11,42.32958149909973
1.7522307871331577e-07,3.389248603991035e-11,42.336918592453
1.7504132188150834e-07,3.4170329760163654e-11,42.343692779541016
1.7485987768850464e-07,3.493125233511307e-11,42.35086536407471
1.7467851876062923e-07,3.5216930066583885e-11,42.35753893852234
1.7449708877848025e-07,3.418015870337854e-11,42.364927768707275
1.7431584353744256e-07,3.3098038199064206e-11,42.37206482887268
1.7413523778486706e-07,3.432455708551885e-11,42.37908315658569
1.7395468887571042e-07,3.4922700148376506e-11,42.38633131980896
1.7377401206886134e-07,3.393259978556884e-11,42.393266677856445
1.73593647900816e-07,3.351964192321866e-11,42.401017904281616
1.734135111064461e-07,3.324784197955566e-11,42.407999753952026
1.7323370116173464e-07,3.370143053516017e-11,42.4154417514801
1.7305387700616848e-07,3.332388878729553e-11,42.422369718551636
1.728743228568419e-07,3.3078661337837545e-11,42.42918157577515
1.7269498187033605e-07,3.304788040447981e-11,42.43626523017883
1.7251579720323207e-07,3.2919538622833144e-11,42.44335317611694
1.7233692517493182e-07,3.33956751141784e-11,42.450870513916016
1.7215819525517873e-07,3.372542523027988e-11,42.45761227607727
1.719795221788445e-07,3.321260974575857e-11,42.46494126319885
1.7180106226533098e-07,3.300287126917212e-11,42.47201132774353
1.716228013037835e-07,3.2819750389601055e-11,42.479010581970215
1.7144476771591144e-07,3.276130061680149e-11,42.48606610298157
1.7126690465829597e-07,3.2673135030858447e-11,42.49397873878479
1.7108934002862952e-07,3.3168096741365005e-11,42.503347635269165
1.709117896098178e-07,3.2832254276415895e-11,42.51207733154297
1.707344807755362e-07,3.2659777660093425e-11,42.520004749298096
1.7055747036920366e-07,3.3117928538439756e-11,42.52819752693176
1.7038048838458053e-07,3.2854736292664555e-11,42.53499484062195
1.7020383324961585e-07,3.324864342180156e-11,42.54166650772095
1.7002717811465118e-07,3.2721578918648575e-11,42.549224853515625
1.698507929859261e-07,3.253525573954086e-11,42.55588746070862
1.6967457838745759e-07,3.235937212631157e-11,42.562602281570435
1.694985627409551e-07,3.2272753913709096e-11,42.569744348526
1.693227318355639e-07,3.2240606018252294e-11,42.57727336883545
1.6914709988213872e-07,3.220370844991827e-11,42.58509588241577
1.6897166688067955e-07,3.217692778889614e-11,42.592079639434814
1.6879639019862225e-07,3.2199937161081493e-11,42.59980869293213
1.6862131246853096e-07,3.217853414283489e-11,42.606942653656006
1.6844641947955097e-07,3.2131710486771325e-11,42.61398506164551
1.6827168280997284e-07,3.20135619402695e-11,42.62080407142639
1.6809715930321545e-07,3.2066283656151384e-11,42.62767004966736
1.6792290580269764e-07,3.2525000054350883e-11,42.63499712944031
1.6774868072388927e-07,3.21726846552739e-11,42.64161992073059
1.6757476828388462e-07,3.260904740676196e-11,42.64918756484985
1.6740099795242713e-07,3.270304166358429e-11,42.65584063529968
1.6722739815122623e-07,3.275124962898168e-11,42.66296672821045
1.6705384098258946e-07,3.219066332937892e-11,42.66979002952576
1.66880568031047e-07,3.202294332482758e-11,42.67729210853577
1.667074371880517e-07,3.1820660689740876e-11,42.68417811393738
1.6653454792958655e-07,3.1744346734585704e-11,42.69081091880798
1.6636181499052327e-07,3.162684350521694e-11,42.69835329055786
1.66189380479409e-07,3.2180532544279217e-11,42.70542621612549
1.660170880768419e-07,3.240381921121305e-11,42.71222972869873
1.658447956742748e-07,3.182784591437837e-11,42.71906900405884
1.65672886964785e-07,3.225994124611553e-11,42.725842237472534
1.655009924661499e-07,3.182409891167026e-11,42.7334144115448
1.6532931113033555e-07,3.159722136714116e-11,42.74058961868286
1.6515784295734193e-07,3.145710428253956e-11,42.74824786186218
1.649865595254596e-07,3.138485304976513e-11,42.754993200302124
1.6481544662383385e-07,3.128833650500873e-11,42.76181125640869
1.646445184633194e-07,3.1230650010538596e-11,42.76857304573059
1.6447376083306153e-07,3.115308011558682e-11,42.775827407836914
1.6430333005246212e-07,3.1784484766372856e-11,42.78339767456055
1.6413288506100798e-07,3.142646559650686e-11,42.79009127616882
1.639626674432293e-07,3.1334768113566724e-11,42.79693269729614
1.6379262035570719e-07,3.1181186105344594e-11,42.8040611743927
1.6362275800929638e-07,3.117095470628328e-11,42.81101155281067
1.6345308040399686e-07,3.114562427408707e-11,42.81781768798828
1.6328358753980865e-07,3.1045829101961075e-11,42.82445478439331
1.6311436468186002e-07,3.1558412133536606e-11,42.83208894729614
1.6294517024562083e-07,3.117437211153096e-11,42.839189291000366
1.6277628844818537e-07,3.163266523720232e-11,42.84623670578003
1.6260743507245934e-07,3.124892705708149e-11,42.85321545600891
1.6243878064869932e-07,3.103524728875762e-11,42.860196590423584
1.6227032517690532e-07,3.084908370420969e-11,42.86754870414734
1.621020544462226e-07,3.0808709750029806e-11,42.87473702430725
1.619339684566512e-07,3.0747300538980227e-11,42.88213539123535
1.6176603878648166e-07,3.0612772733418225e-11,42.88987183570862
1.6159832227913284e-07,3.067811282786437e-11,42.896888732910156
1.614308615671689e-07,3.115971369815895e-11,42.903809785842896
1.6126354296375212e-07,3.147460764241217e-11,42.91087865829468
1.6109633804717305e-07,3.150541286189856e-11,42.91782069206238
1.6092921839572227e-07,3.0944639212160396e-11,42.924503564834595
1.6076243980478466e-07,3.128954387254801e-11,42.93217611312866
1.6059567542470177e-07,3.0880045048808924e-11,42.939231634140015
1.6042913841829431e-07,3.0669300432606406e-11,42.946298122406006
1.6026278615299816e-07,3.056099817655422e-11,42.953248739242554
1.600966044179586e-07,3.04194169853389e-11,42.96020197868347
1.5993060742403031e-07,3.035905901671576e-11,42.967442750930786
1.5976478096035862e-07,3.032254308754645e-11,42.97477698326111
1.5959913923779823e-07,3.029548140132121e-11,42.98249578475952
1.5943366804549441e-07,3.0214542673379086e-11,42.989195346832275
1.5926841001601133e-07,3.027599351779209e-11,42.99613952636719
1.5910326567336597e-07,3.0223632624393204e-11,43.003427267074585
1.589383060718319e-07,3.020387412400183e-11,43.01045489311218
1.5877354542226385e-07,3.0151742214101773e-11,43.017585039138794
1.5860892688124295e-07,3.010060950492388e-11,43.024511098861694
1.5844447887047863e-07,2.995887565804267e-11,43.032164096832275
1.5828021560082561e-07,2.993150172159176e-11,43.038997650146484
1.581161370722839e-07,2.99555519278627e-11,43.04616856575012
1.5795220065228932e-07,2.98859340053248e-11,43.052897930145264
1.5778844897340605e-07,2.981049088135457e-11,43.05965447425842
1.576248962464888e-07,2.983194594130545e-11,43.067193031311035
1.5746148562811868e-07,2.981852265104834e-11,43.07428050041199
1.5729824554000515e-07,2.9725968214711074e-11,43.081634521484375
1.571351759821482e-07,2.973192525512758e-11,43.088294506073
1.5697230537625728e-07,2.974601467919946e-11,43.09513068199158
1.568095626680588e-07,2.967000256592911e-11,43.102009534835815
1.566470047009716e-07,2.960743455959758e-11,43.109254360198975
1.564846314749957e-07,2.960905479132414e-11,43.116769313812256
1.5632251404440467e-07,3.010398527680813e-11,43.12349081039429
1.5616042503552308e-07,2.983546742996168e-11,43.13019776344299
1.5599852076775278e-07,2.966455553421454e-11,43.13782048225403
1.5583678703023907e-07,2.9497942283240874e-11,43.144861698150635
1.5567526645554608e-07,2.9490392766673423e-11,43.15182065963745
1.5551388798940025e-07,2.9474787194283536e-11,43.15844678878784
1.55352680053511e-07,2.9420549330083645e-11,43.1659140586853
1.5519177054557076e-07,2.99992392038817e-11,43.17272210121155
1.550308326159211e-07,2.960071077140469e-11,43.179548501968384
1.5487009363823745e-07,2.938857490697444e-11,43.18663501739502
1.5470958203422924e-07,2.930772985410002e-11,43.193798780441284
1.5454919832791347e-07,2.922354025436391e-11,43.20121097564697
1.5438901357356372e-07,2.924946743143586e-11,43.208346366882324
1.5422899934947054e-07,2.918584124378398e-11,43.21632385253906
1.5406912723392452e-07,2.9124026107441026e-11,43.22305750846863
1.539094398594898e-07,2.9115501676280076e-11,43.22966909408569
1.5374992301531165e-07,2.910484006579672e-11,43.23698711395264
1.535906761773731e-07,2.965273512844924e-11,43.243990659713745
1.5343142933943454e-07,2.929689824071602e-11,43.25362968444824
1.532723672426073e-07,2.915042859874539e-11,43.26060914993286
1.5311350409774604e-07,2.900895496038558e-11,43.26757550239563
1.5295479727228667e-07,2.8991661502053567e-11,43.27444410324097
1.527963888747763e-07,2.957938061154408e-11,43.28222155570984
1.5263798047726596e-07,2.9225857844927816e-11,43.28913593292236
1.524798420859952e-07,2.958094186267246e-11,43.29594945907593
1.5232174632728857e-07,2.916865013413705e-11,43.302820920944214
1.5216383530969324e-07,2.8881360844557058e-11,43.30972766876221
1.5200612324406393e-07,2.8817054645302598e-11,43.31741452217102
1.5184856749783648e-07,2.8668302107237587e-11,43.32436943054199
1.5169121070357505e-07,2.867323739552674e-11,43.331668853759766
1.515340102287155e-07,2.8641301136334008e-11,43.338653564453125
1.513769660732578e-07,2.8639424165533e-11,43.345457792282104
1.5122007823720196e-07,2.8594328294051508e-11,43.35238695144653
1.510633609314027e-07,2.8520493258743507e-11,43.3592209815979
1.5090679994500533e-07,2.8467799298437235e-11,43.366806983947754
1.5075043791057396e-07,2.8540635133023073e-11,43.373746156692505
1.505941753521256e-07,2.8414100933238373e-11,43.380677938461304
1.5043814016735269e-07,2.8417839262329103e-11,43.38771057128906
1.5028224709112692e-07,2.8433928822568788e-11,43.39468264579773
1.5012651033430302e-07,2.836893567281784e-11,43.40153121948242
1.49970929896881e-07,2.8310073035830996e-11,43.408459186553955
1.4981561946569855e-07,2.8871210977499118e-11,43.41593861579895
1.4966032324537082e-07,2.8481847089145695e-11,43.42292857170105
1.4950519755529967e-07,2.8339639662755545e-11,43.42973232269287
1.4935027081719454e-07,2.8210295210939762e-11,43.43668866157532
1.4919548618763656e-07,2.814474348022955e-11,43.44381523132324
1.4904087208833516e-07,2.8060791537609653e-11,43.450868368148804
1.4888645694099978e-07,2.8043211849904104e-11,43.45771765708923
1.4873219811306626e-07,2.814166955023012e-11,43.46543002128601
1.4857806718282518e-07,2.80489746012913e-11,43.47234654426575
1.4842410678284068e-07,2.7987709372290226e-11,43.47920536994934
1.4827041638909577e-07,2.8586818676124004e-11,43.48616623878479
1.4811672599535086e-07,2.8190583548082238e-11,43.493348121643066
1.4796322034271725e-07,2.8014640954254766e-11,43.50103139877319
1.4780989943119494e-07,2.7885692019391506e-11,43.507954359054565
1.476567348390745e-07,2.786319092118461e-11,43.51574230194092
1.4750375498806534e-07,2.7869097654620312e-11,43.52279472351074
1.4735101672158635e-07,2.8335925619793478e-11,43.52966856956482
1.4719827845510736e-07,2.8007754102055138e-11,43.5365788936615
1.4704572492973966e-07,2.7798765026010308e-11,43.54354214668274
1.468934840431757e-07,2.836604735823034e-11,43.55093336105347
1.4674122894575703e-07,2.80190072532438e-11,43.557783365249634
1.4658927227628737e-07,2.8375975180683355e-11,43.56549334526062
1.46437301395963e-07,2.788891513560987e-11,43.57247567176819
1.4628554367845936e-07,2.7701941435198663e-11,43.57929301261902
1.4613398491292173e-07,2.764355584716771e-11,43.58626580238342
1.4598255404507654e-07,2.7557969795033443e-11,43.59343695640564
1.4583130791834265e-07,2.748132450769436e-11,43.60131788253784
1.4568021811101062e-07,2.7446314318502196e-11,43.60831165313721
1.4552938409906346e-07,2.7920001380299375e-11,43.616541147232056
1.4537856429797102e-07,2.76258217690728e-11,43.62344145774841
1.4522792923798988e-07,2.7530278404186426e-11,43.63064742088318
1.4507746470826532e-07,2.7433685531597085e-11,43.63774538040161
1.4492717070879735e-07,2.7419030587672033e-11,43.64469814300537
1.447769903961671e-07,2.725009974613446e-11,43.651674032211304
1.4462700903550285e-07,2.7246987652218557e-11,43.65850877761841
1.444772976810782e-07,2.7858161957827754e-11,43.66599917411804
1.443275436940894e-07,2.7422357787298957e-11,43.672919273376465
1.4417810234590434e-07,2.7790837339725094e-11,43.679787397384644
1.4402867520857399e-07,2.744770556672993e-11,43.68666958808899
1.4387944702320965e-07,2.7214079947879277e-11,43.69347381591797
1.437303893681019e-07,2.7182310222140238e-11,43.7007737159729
1.435814738215413e-07,2.709553414970145e-11,43.70751452445984
1.43432743016092e-07,2.7044064904169218e-11,43.7149703502655
1.4328415431918984e-07,2.7004284225418118e-11,43.721882820129395
1.4313573615254427e-07,2.70256525491952e-11,43.7286331653595
1.4298746009444585e-07,2.6991506252294073e-11,43.73546862602234
1.428394398317323e-07,2.7461775908843578e-11,43.742499351501465
1.4269140535816405e-07,2.7150226511452047e-11,43.750141620635986
1.425435698365618e-07,2.6954126430833725e-11,43.756983518600464
1.4239589063436142e-07,2.6860264012995572e-11,43.763975858688354
1.4224839617327234e-07,2.6796634355896742e-11,43.77085089683533
1.421010296098757e-07,2.6747931994308694e-11,43.77764678001404
1.4195384778759035e-07,2.67008359866594e-11,43.78448438644409
1.4180679386299744e-07,2.6662748398020852e-11,43.791356801986694
1.416599104686611e-07,2.6631774910357287e-11,43.79884195327759
1.4151316918287193e-07,2.6595690927333493e-11,43.80570983886719
1.4136659842733934e-07,2.6574841285875728e-11,43.81244349479675
1.4122015556949918e-07,2.648330513221886e-11,43.8192720413208
1.410738832419156e-07,2.647359068075339e-11,43.826314210891724
1.4092788092057162e-07,2.7070743216506266e-11,43.83404350280762
1.407818501775182e-07,2.6714583670206515e-11,43.840885400772095
1.406360183864308e-07,2.6615855353018247e-11,43.84829497337341
1.4049034291474527e-07,2.6470096947672772e-11,43.855117321014404
1.4034480955160689e-07,2.639878420029884e-11,43.86259889602661
1.401994609295798e-07,2.638205973126695e-11,43.87066102027893
1.4005425441609987e-07,2.6388887602868394e-11,43.87762188911438
1.3990917580031237e-07,2.6334169220265657e-11,43.884520053863525
1.3976426771478145e-07,2.6278694498227395e-11,43.89143419265747
1.3961962963549013e-07,2.6785547738161775e-11,43.89885497093201
1.394750768213271e-07,2.7031536731225714e-11,43.90575170516968
1.3933053821801877e-07,2.6605492114972762e-11,43.91271734237671
1.3918618435582175e-07,2.637535849447925e-11,43.919718503952026
1.3904201523473603e-07,2.6282122311815925e-11,43.926753282547
1.3889798822219745e-07,2.6108963949167396e-11,43.934002161026
1.3875413173991547e-07,2.605315442549827e-11,43.9411358833313
1.3861044578789006e-07,2.6052304410995042e-11,43.948811292648315
1.3846687352270237e-07,2.5995960592495315e-11,43.95589566230774
1.3832347178777127e-07,2.5977976714219864e-11,43.96286654472351
1.3818021216138732e-07,2.5931898989250968e-11,43.969815254211426
1.3803715148696938e-07,2.598272985654404e-11,43.9773211479187
1.3789416186682502e-07,2.5859387547955137e-11,43.984511852264404
1.3775137119864667e-07,2.5912782336545703e-11,43.99161171913147
1.3760870842816075e-07,2.5839195366694767e-11,43.999746799468994
1.37466187766222e-07,2.5779279752558004e-11,44.00742721557617
1.3732383763453981e-07,2.574706420288564e-11,44.015036821365356
1.371816296114048e-07,2.573788404625077e-11,44.021812438964844
1.370395636968169e-07,2.566500137413108e-11,44.0285849571228
1.368976541016309e-07,2.5675343795494854e-11,44.03537392616272
1.3675588661499205e-07,2.5682780555036366e-11,44.04337525367737
1.3661427544775506e-07,2.5612227616544914e-11,44.051135778427124
1.3647280638906523e-07,2.5638536432781578e-11,44.058204650878906
1.3633149364977726e-07,2.556702419220791e-11,44.066861391067505
1.3619030880818173e-07,2.5591051847073665e-11,44.074373722076416
1.3604928028598806e-07,2.55278003596926e-11,44.08209300041199
1.3590840808319626e-07,2.5502315537107023e-11,44.089667320251465
1.3576767798895162e-07,2.5517187321466572e-11,44.096593618392944
1.3562709000325412e-07,2.547962014987082e-11,44.10326528549194
1.3548654465012078e-07,2.4882085974953227e-11,44.11013722419739
1.3534628351408173e-07,2.509308386078324e-11,44.117355823516846
1.3520616448658984e-07,2.5235119549549268e-11,44.124938011169434
1.350661875676451e-07,2.5299113498578052e-11,44.13262319564819
1.3492632433553808e-07,2.526018283433018e-11,44.139633893966675
1.3478661742283293e-07,2.5265230879645273e-11,44.146947622299194
1.3464706682952965e-07,2.527641637661837e-11,44.154255628585815
1.3450765834477352e-07,2.527167884680548e-11,44.161516427993774
1.3436839196856454e-07,2.523325992598302e-11,44.1686053276062
1.34229253490048e-07,2.5208607770665914e-11,44.175405979156494
1.3409027133093332e-07,2.5187968030748742e-11,44.18347930908203
1.3395141706951108e-07,2.512013513866762e-11,44.19029116630554
1.3381274754920014e-07,2.5067706591053174e-11,44.19823741912842
1.336741632940175e-07,2.5018438709611956e-11,44.20517659187317
1.3353576377994614e-07,2.4937872947217166e-11,44.212220430374146
1.3339752058527665e-07,2.496498320569973e-11,44.21914863586426
1.3325941949915432e-07,2.5002671807938803e-11,44.22588348388672
1.3312144631072442e-07,2.49128929291631e-11,44.233481884002686
1.3298361523084168e-07,2.49792686535244e-11,44.24013304710388
1.3284592625950609e-07,2.4898649114701854e-11,44.247328758239746
1.3270839360757236e-07,2.488900925634585e-11,44.254169940948486
1.3257098885333107e-07,2.48284500597995e-11,44.26119589805603
1.3243364094250865e-07,2.427270190397124e-11,44.268043756484985
1.3229657724878052e-07,2.45154469641351e-11,44.27479362487793
1.3215962724189012e-07,2.4613816193563842e-11,44.28255009651184
1.3202283355440159e-07,2.4679702725904917e-11,44.28916144371033
1.3188615355375077e-07,2.469474104371816e-11,44.296250104904175
1.317496156616471e-07,2.4660076064497716e-11,44.3031222820282
1.316132198780906e-07,2.4671584220037346e-11,44.31019163131714
1.314768383053888e-07,2.3974093543710495e-11,44.31825232505798
1.3134078358234547e-07,2.420376052358897e-11,44.325093269348145
1.3120485675699456e-07,2.439837741563533e-11,44.33356833457947
1.3106904361848137e-07,2.447959890350404e-11,44.34031009674072
1.3093335837766062e-07,2.445028381148351e-11,44.34859013557434
1.307978010345323e-07,2.4404041287784395e-11,44.3552930355072
1.306624284325153e-07,2.444964543324435e-11,44.36230731010437
1.30527169517336e-07,2.4431500225685632e-11,44.369160413742065
1.3039205271070387e-07,2.4411587334904894e-11,44.3759183883667
1.3025704959090945e-07,2.434245340021679e-11,44.38358163833618
1.301222170013716e-07,2.4371202972384154e-11,44.39026165008545
1.299874128335432e-07,2.3767963291954075e-11,44.39734506607056
1.2985292130451853e-07,2.4065069381684623e-11,44.40421938896179
1.2971851504062215e-07,2.41715380350227e-11,44.411187410354614
1.295842366744182e-07,2.419760225524925e-11,44.41802501678467
1.2945011462761613e-07,2.418113626001528e-11,44.424739837646484
1.2931609205679706e-07,2.4115702490501434e-11,44.433016538619995
1.291822542270893e-07,2.4108841659153946e-11,44.43972730636597
1.2904854429507395e-07,2.412428069809014e-11,44.44647836685181
1.2891497647160577e-07,2.4144996765840254e-11,44.453160762786865
1.287815223349753e-07,2.408156313249421e-11,44.460097789764404
1.28648210306892e-07,2.4063844666910583e-11,44.46761965751648
1.2851506880906527e-07,2.4075536703138667e-11,44.47549080848694
1.2838204099807626e-07,2.4005443466368348e-11,44.48308277130127
1.282490416087967e-07,2.3432523282851392e-11,44.49075531959534
1.2811635485832085e-07,2.371693987035517e-11,44.500502586364746
1.27983767583828e-07,2.3827042769375417e-11,44.50792837142944
1.278512939961729e-07,2.380910919808077e-11,44.51581621170044
1.2771899093877437e-07,2.38294991378174e-11,44.523271560668945
1.2758678735735884e-07,2.3852116462497186e-11,44.53172969818115
1.274547543061999e-07,2.3854047209725948e-11,44.53872275352478
1.2732270704418625e-07,2.3186791028861897e-11,44.545751094818115
1.2719100084268575e-07,2.3586707240119686e-11,44.55285143852234
1.2705936569545884e-07,2.364517782960096e-11,44.560638666152954
1.2692787265677907e-07,2.3667399637328224e-11,44.56783723831177
1.2679650751579175e-07,2.363021237017371e-11,44.574946641922
1.2666527027249685e-07,2.3649747091236684e-11,44.582517862319946
1.2653418934860383e-07,2.367027754357487e-11,44.58938145637512
1.2640322211154853e-07,2.3629721443430007e-11,44.597288846969604
1.2627239698304038e-07,2.3586027228517104e-11,44.604259967803955
1.2614171396307938e-07,2.3561031597951754e-11,44.6113920211792
1.2601117305166554e-07,2.3580167332615254e-11,44.618263244628906
1.2588077424879884e-07,2.3602293730551338e-11,44.6258499622345
1.2575047492191516e-07,2.3511630142802886e-11,44.63349890708923
1.2562034612528805e-07,2.3522806966158605e-11,44.64026427268982
1.2549033101549867e-07,2.3498371651275995e-11,44.64733910560608
1.2536045801425644e-07,2.343415392291881e-11,44.65421652793884
1.2523071291070664e-07,2.3400876722479147e-11,44.661062240600586
1.25101109915704e-07,2.3365739898473237e-11,44.66855597496033
1.2497166324010323e-07,2.3369089649505348e-11,44.67552065849304
1.248423444621949e-07,2.3352679165422607e-11,44.68307042121887
1.2471313937112427e-07,2.3305090496306136e-11,44.68997859954834
1.245840621777461e-07,2.3232582524457257e-11,44.69697570800781
1.2445512709291506e-07,2.3203343760269668e-11,44.70396184921265
1.243263341166312e-07,2.3192074996569723e-11,44.711026430130005
1.2419766903803975e-07,2.3131873153059423e-11,44.717937707901
1.2406916027885018e-07,2.314970437566899e-11,44.72496271133423
1.2394066573051532e-07,2.251390220087135e-11,44.73249292373657
1.2381246961012948e-07,2.2863794191252396e-11,44.7391881942749
1.2368437296572665e-07,2.2995041634721325e-11,44.74606776237488
1.2355639000816154e-07,2.3005451710300662e-11,44.75285029411316
1.2342854915914359e-07,2.305427550253203e-11,44.75972557067871
1.2330082199696335e-07,2.2984640232759368e-11,44.76728963851929
1.2317322273247555e-07,2.2945532626716947e-11,44.774117946624756
1.230457655765349e-07,2.2914260766615513e-11,44.781569719314575
1.229184363182867e-07,2.2922771319988655e-11,44.788437604904175
1.2279124916858564e-07,2.2886786216202992e-11,44.795278549194336
1.2266420412743173e-07,2.288830062979752e-11,44.802053689956665
1.2253727277311555e-07,2.2886107939323885e-11,44.808842420578
1.224104693164918e-07,2.285325401141236e-11,44.81630349159241
1.2228382217926992e-07,2.2834723695241976e-11,44.82302117347717
1.2215728872888576e-07,2.2835134824705783e-11,44.8299024105072
1.2203088317619404e-07,2.2780898695229368e-11,44.836867809295654
1.2190461973204947e-07,2.275948526864191e-11,44.8439736366272
1.2177848418559734e-07,2.268855589515617e-11,44.851059675216675
1.2165249074769235e-07,2.2703502272625187e-11,44.85810828208923
1.215265115206421e-07,2.209954962084648e-11,44.86588191986084
1.2140081651068613e-07,2.239155388883418e-11,44.87283706665039
1.212752351875679e-07,2.2475148478418028e-11,44.879782915115356
1.2114976755128737e-07,2.2511596753371776e-11,44.88670229911804
1.2102442781269929e-07,2.2530378604446177e-11,44.89349102973938
1.2089920176094893e-07,2.2508604355375716e-11,44.90068483352661
1.2077411781774572e-07,2.245681765544738e-11,44.90746855735779
1.2064916177223495e-07,2.2482980754912063e-11,44.9149432182312
1.205243336244166e-07,2.2462641122156235e-11,44.921870946884155
1.2039963337429072e-07,2.245773705888965e-11,44.92862939834595
1.2027507523271197e-07,2.2387015852221026e-11,44.935508251190186
1.2015063077797095e-07,2.2424421694533514e-11,44.94223642349243
1.2002632843177707e-07,2.239517599145202e-11,44.94972825050354
1.1990213977242092e-07,2.2339798413928413e-11,44.95674252510071
1.1977799374562892e-07,2.169619345293583e-11,44.963996171951294
1.196541177250765e-07,2.191823805786086e-11,44.970969676971436
1.1953036960221652e-07,2.2136037794440178e-11,44.977914571762085
1.1940672095533955e-07,2.226547245187671e-11,44.98488783836365
1.192831859953003e-07,2.221496424315017e-11,44.99180006980896
1.1915980735466292e-07,2.2227514967498863e-11,44.99999737739563
1.1903650687372647e-07,2.2144374875465722e-11,45.0067400932312
1.1891336271219188e-07,2.2130920360186046e-11,45.01345491409302
1.1879034644834974e-07,2.2106028813029255e-11,45.02031135559082
1.1866746518762739e-07,2.214136166078795e-11,45.02726078033447
1.1854469761374276e-07,2.2084971004754372e-11,45.03554105758667
1.184220508321232e-07,2.2046732495173416e-11,45.042537689208984
1.182995461590508e-07,2.2005805164204695e-11,45.05072855949402
1.1817716938367084e-07,2.202364506043164e-11,45.057427167892456
1.1805492050598332e-07,2.1996323165685006e-11,45.06529259681702
1.1793279952598823e-07,2.1968373301040067e-11,45.07214117050171
1.1781079223283086e-07,2.1943780126321144e-11,45.07885551452637
1.1768892704822065e-07,2.192264078604289e-11,45.08582806587219
1.1756717555044816e-07,2.1846285197524296e-11,45.09255886077881
1.1744555905579546e-07,2.1861606275264123e-11,45.1002094745636
1.173240704588352e-07,2.182034761211149e-11,45.1069700717926
1.1720269554871265e-07,2.1728046445401716e-11,45.11395716667175
1.1708146274713727e-07,2.1739948383170393e-11,45.12080097198486
1.1696035073782696e-07,2.1724774756926024e-11,45.12766718864441
1.168393808370638e-07,2.1746592374083384e-11,45.13473391532898
1.1671851751771101e-07,2.1752434922750474e-11,45.14178776741028
1.1659778209605065e-07,2.1706549752087412e-11,45.14921474456787
1.1647717457208273e-07,2.1655427451250375e-11,45.15625762939453
1.1635669494580725e-07,2.1673680211664603e-11,45.163390159606934
1.162363432172242e-07,2.1685613374455848e-11,45.170350790023804
1.1611610517547888e-07,2.1612460085473906e-11,45.17732334136963
1.1599599503142599e-07,2.1523196419570567e-11,45.18435454368591
1.1587601278506554e-07,2.158517288519679e-11,45.191346645355225
1.1575615843639753e-07,2.1529465710212747e-11,45.19921875
1.1563642487999459e-07,2.150590122651508e-11,45.206212282180786
1.1551682632671145e-07,2.1484990869735654e-11,45.21309208869934
1.1539734146026603e-07,2.1460657903538127e-11,45.22015404701233
1.152779773860857e-07,2.1432799979237416e-11,45.227272272109985
1.1515864173361479e-07,2.082913182210877e-11,45.234368562698364
1.1503959029823818e-07,2.1147288781220297e-11,45.241257190704346
1.1492063833884458e-07,2.1271120281829425e-11,45.248790979385376
1.1480177875000663e-07,2.1237062455825573e-11,45.2558114528656
1.1468294047745076e-07,2.0685090793004512e-11,45.262924671173096
1.1456437931656183e-07,2.0954373652903868e-11,45.26994585990906
1.1444592473708326e-07,2.1111975015419837e-11,45.27685594558716
1.143275696335877e-07,2.112032597423319e-11,45.284095287323
1.1420932821692986e-07,2.1108932310442974e-11,45.29090929031372
1.1409121469796446e-07,2.1144681491835904e-11,45.29878759384155
1.139732290766915e-07,2.1173110140160212e-11,45.30572199821472
1.1385534293140154e-07,2.1116362131090582e-11,45.3127338886261
1.1373759178923137e-07,2.1093723989729085e-11,45.31970286369324
1.1361985485791593e-07,2.048223916861769e-11,45.326791763305664
1.1350240924912214e-07,2.081529566766438e-11,45.33421444892883
1.1338493521861892e-07,2.0287464416735013e-11,45.34103989601135
1.1326774540521001e-07,2.0637424061331622e-11,45.348782539367676
1.1315053427551902e-07,2.0215003282419985e-11,45.35568928718567
1.1303347235980254e-07,1.999709599298516e-11,45.362778186798096
1.1291657386891529e-07,1.991670196821449e-11,45.369900941848755
1.1279978906486576e-07,1.9859308642011797e-11,45.37678408622742
1.1268324584534639e-07,2.044482985685825e-11,45.38399600982666
1.1256675946924588e-07,2.068508385411061e-11,45.39103388786316
1.1245037967455573e-07,2.077731736660482e-11,45.39876055717468
1.123340993558486e-07,2.0833194544489508e-11,45.405681133270264
1.1221793272397917e-07,2.083416425491258e-11,45.412647008895874
1.1210188688437484e-07,2.0844504941552877e-11,45.41965460777283
1.1198597604789029e-07,2.0804113640138233e-11,45.42679834365845
1.1187014337110668e-07,2.074158553244665e-11,45.43413233757019
1.1175446701372493e-07,2.0751074469860242e-11,45.44105553627014
1.1163891144860827e-07,2.075322726169393e-11,45.448744773864746
1.1152346957032933e-07,2.0747781964702838e-11,45.45574378967285
1.1140814848431546e-07,2.0709588557932257e-11,45.46275448799133
1.112929268742846e-07,2.063078007041863e-11,45.46979093551636
1.1117785447822826e-07,2.066144130785652e-11,45.47680592536926
1.1106288866358227e-07,2.0635462089080292e-11,45.48413014411926
1.1094804364120137e-07,2.061825016275165e-11,45.491328716278076
1.1083331230565818e-07,2.0592494723303822e-11,45.49950695037842
1.1071870886780744e-07,2.0554561525054638e-11,45.50623440742493
1.1060421911679441e-07,2.0554384583260088e-11,45.512988805770874
1.1048986436890118e-07,2.0532230429748388e-11,45.51987314224243
1.1037561620241831e-07,2.0538872685937903e-11,45.52686595916748
1.1026136803593545e-07,1.989546548342158e-11,45.53424596786499
1.1014741119197424e-07,2.0184420107538514e-11,45.54112005233765
1.1003355382399604e-07,2.0317357171673045e-11,45.54890298843384
1.0991978172114614e-07,2.034352721003163e-11,45.55574035644531
1.0980614462141602e-07,2.039200579229128e-11,45.56270217895508
1.096924933108312e-07,1.9789213670518002e-11,45.56967616081238
1.0957914753362274e-07,2.0117612437031696e-11,45.576777935028076
1.0946587281068787e-07,2.0241645165564037e-11,45.58419227600098
1.0935270466916336e-07,2.0302818454220883e-11,45.59111499786377
1.0923965021447657e-07,2.0334406033994945e-11,45.5992214679718
1.0912670234120014e-07,2.0312265758271053e-11,45.605998277664185
1.0901386815476144e-07,2.028329587622224e-11,45.612740993499756
1.0890115476058781e-07,2.02412218930359e-11,45.61962652206421
1.0878855505325191e-07,2.0233212674747314e-11,45.62679934501648
1.0867608324360845e-07,2.019168339473243e-11,45.63414001464844
1.085637251208027e-07,2.0173664821987458e-11,45.64106869697571
1.0845136699799696e-07,1.9560512931615648e-11,45.648810625076294
1.0833919361630251e-07,1.9252923907919772e-11,45.65598130226135
1.0822726181913822e-07,1.9678158408309443e-11,45.66354966163635
1.0811539397082015e-07,1.981650434024207e-11,45.67062497138977
1.080035403333568e-07,1.937195195922392e-11,45.67769956588745
1.0789193538585096e-07,1.969134057200339e-11,45.6849799156189
1.077803162274904e-07,1.9244401211482298e-11,45.691914081573486
1.0766884628310436e-07,1.9016418648098998e-11,45.70038652420044
1.0755762502867583e-07,1.9513902646539627e-11,45.70716166496277
1.0744636114168316e-07,1.9090591954484815e-11,45.7159686088562
1.0733525357409235e-07,1.8893159606236942e-11,45.723002672195435
1.0722437338017698e-07,1.9358183458995093e-11,45.7299919128418
1.0711345055369748e-07,1.8965762987877e-11,45.736830711364746
1.0700268404661983e-07,1.8737020615611222e-11,45.743457078933716
1.0689216622949971e-07,1.9286105698568257e-11,45.75181317329407
1.0678170525579844e-07,1.9531582948206783e-11,45.75848841667175
1.0667133665265283e-07,1.964003092103095e-11,45.766724824905396
1.0656097515493457e-07,1.9101749695882297e-11,45.7735321521759
1.0645077708204553e-07,1.8853946182062487e-11,45.78025722503662
1.0634070690684894e-07,1.8722117606229105e-11,45.787123680114746
1.062308783161825e-07,1.9215842458897292e-11,45.793991565704346
1.0612110656893492e-07,1.9484289182081227e-11,45.800933599472046
1.0601142008681563e-07,1.9564240852365522e-11,45.80766558647156
1.0590173360469635e-07,1.8971546555945906e-11,45.81504845619202
1.0579220344197893e-07,1.8685634636805837e-11,45.821799993515015
1.0568292907464638e-07,1.9124155384298014e-11,45.82870888710022
1.0557372576158741e-07,1.932619168865113e-11,45.83551216125488
1.0546461481908409e-07,1.9414459623279257e-11,45.84213948249817
1.0535560335256378e-07,1.9426559319524195e-11,45.84973978996277
1.0524670557288118e-07,1.947352522291279e-11,45.85641646385193
1.0513792148003631e-07,1.9492111050234406e-11,45.863367557525635
1.0502922265231973e-07,1.9415651378307253e-11,45.87020707130432
1.0492065882772295e-07,1.9397863523784586e-11,45.877137899398804
1.0481220868996388e-07,1.9375778759211926e-11,45.884135484695435
1.0470386513361518e-07,1.9363793554716402e-11,45.89091515541077
1.0459565658038628e-07,1.9382280502799887e-11,45.89828634262085
1.0448754039771302e-07,1.941842520114534e-11,45.90497279167175
1.0437953079645013e-07,1.9370867757051435e-11,45.911855697631836
1.0427163488202496e-07,1.9331185957538466e-11,45.91899752616882
1.0416387397071958e-07,1.931688142775556e-11,45.92586874961853
1.0405620542996985e-07,1.9300141346212385e-11,45.933592557907104
1.0394853688922012e-07,1.867760460183554e-11,45.94018578529358
1.038411525655647e-07,1.8985266483917407e-11,45.946914196014404
1.0373385350703757e-07,1.910139060812277e-11,45.953935384750366
1.0362663971363872e-07,1.915989762679704e-11,45.96064853668213
1.035195396070776e-07,1.9185875110849793e-11,45.9678418636322
1.0341253897649949e-07,1.910884124545209e-11,45.97460985183716
1.0330555255677609e-07,1.856836906455328e-11,45.982138872146606
1.0319883614329228e-07,1.885388373201735e-11,45.989147663116455
1.0309208420267169e-07,1.833113348614912e-11,45.9961314201355
1.0298561647914539e-07,1.8754452851821313e-11,46.003138065338135
1.028791984936106e-07,1.890137525661917e-11,46.010094165802
1.0277287998405882e-07,1.8940153265201154e-11,46.01765823364258
1.026666680559174e-07,1.8945752952581607e-11,46.024357080459595
1.025605698146137e-07,1.8974906715318873e-11,46.03170728683472
1.0245457815472037e-07,1.8988954506027333e-11,46.03878736495972
1.0234868597081004e-07,1.8958732153628866e-11,46.04552984237671
1.0224290036831007e-07,1.8910229285240554e-11,46.05256986618042
1.0213723555807519e-07,1.8885904992660407e-11,46.05923414230347
1.0203168443467803e-07,1.893019074827862e-11,46.06701064109802
1.0192613331128086e-07,1.8291347603227592e-11,46.073747396469116
1.0182084508869593e-07,1.860851230051086e-11,46.08066439628601
1.0171564213123929e-07,1.8726693806758732e-11,46.08779788017273
1.016105315443383e-07,1.874473146146194e-11,46.09474277496338
1.0150541385200995e-07,1.8153535966125567e-11,46.10153102874756
1.014005803767759e-07,1.847877927063646e-11,46.10822868347168
1.0129581795581544e-07,1.8619850453149844e-11,46.115851640701294
1.0119114079998326e-07,1.8673151566672708e-11,46.122562408447266
1.0108657022556145e-07,1.868555137007899e-11,46.129379987716675
1.0098209912712264e-07,1.8640132840030965e-11,46.136202573776245
1.0087775592637627e-07,1.8644742000306636e-11,46.14305591583252
1.0077349799075819e-07,1.8606118382114012e-11,46.15062165260315
1.0066936084740519e-07,1.8605065404964094e-11,46.15729069709778
1.0056523080947954e-07,1.8040596794222097e-11,46.164928913116455
1.0046136367236613e-07,1.8330470821781297e-11,46.17194962501526
1.0035757469495366e-07,1.8444990326771382e-11,46.17870831489563
1.002537644012591e-07,1.79221498752824e-11,46.18567967414856
1.001502312192315e-07,1.8235328178017873e-11,46.19255304336548
1.0004676198605011e-07,1.8333166582062965e-11,46.200095415115356
9.994339222885174e-08,1.840158928012592e-11,46.20680499076843
9.984012905306372e-08,1.8434656579024988e-11,46.21403193473816
9.9736951142404e-08,1.841753832776405e-11,46.220808267593384
9.963390112943671e-08,1.845223973617749e-11,46.227898597717285
9.953095059245243e-08,1.8465548534685183e-11,46.234742879867554
9.942811374230587e-08,1.845383915122234e-11,46.24145698547363
9.932536926271496e-08,1.84410681169922e-11,46.24913454055786
9.922261057226933e-08,1.7738732357996945e-11,46.25618600845337
9.912014320434537e-08,1.8052481384756014e-11,46.263383865356445
9.901764030928462e-08,1.75503604704641e-11,46.27079629898071
9.891539320960874e-08,1.7928148549062328e-11,46.278284311294556
9.881321716420643e-08,1.8110230329271282e-11,46.285598039627075
9.871102690794942e-08,1.757453210737836e-11,46.29255557060242
9.860909955250463e-08,1.7921070877280343e-11,46.300328731536865
9.85071295644957e-08,1.7489327694408807e-11,46.307018518447876
9.840540826644428e-08,1.780312702814868e-11,46.313966512680054
9.83036656521108e-08,1.73770338396384e-11,46.32069420814514
9.820216462230746e-08,1.7782428307633324e-11,46.327325105667114
9.810072754135035e-08,1.7938369539782784e-11,46.3341281414032
9.799927624953853e-08,1.7411667593836277e-11,46.34080696105957
9.789808785853893e-08,1.778885025394139e-11,46.34829759597778
9.779685683497519e-08,1.734426838262415e-11,46.35494089126587
9.769588160679632e-08,1.7705696284120442e-11,46.36164712905884
9.759497032746367e-08,1.7850165789923267e-11,46.36831855773926
9.749405194270366e-08,1.732388191233447e-11,46.37499809265137
9.739338224790117e-08,1.7708317451292643e-11,46.382460594177246
9.729266992053454e-08,1.722026167494395e-11,46.38927483558655
9.719223470483485e-08,1.763792063791403e-11,46.39601683616638
9.70917426457163e-08,1.716739424229008e-11,46.40273594856262
9.699149927655526e-08,1.7569458041211128e-11,46.409592628479004
9.689121327483008e-08,1.7140911953705817e-11,46.41675686836243
9.679107648707941e-08,1.6915979034193285e-11,46.42334008216858
9.669116707300418e-08,1.7391504902875e-11,46.43011784553528
9.659131450234781e-08,1.761409768041844e-11,46.436774015426636
9.649154719681974e-08,1.773497841639493e-11,46.44348621368408
9.639175857500959e-08,1.715227612719694e-11,46.4514741897583
9.629211916717395e-08,1.684787552524991e-11,46.45814323425293
9.61926147624581e-08,1.6687177681329324e-11,46.46600556373596
9.609323115000734e-08,1.6632629301627233e-11,46.472710371017456
9.599395411896694e-08,1.6617833845100627e-11,46.47944664955139
9.589489735617462e-08,1.7227200568847856e-11,46.48665380477905
9.57958761205191e-08,1.745063295255367e-11,46.49349856376648
9.56969330445645e-08,1.7540479485544935e-11,46.50098896026611
9.55980752337382e-08,1.75984886385816e-11,46.50783824920654
9.549922452833925e-08,1.7054123738202698e-11,46.51588296890259
9.540051593148746e-08,1.6762030999317723e-11,46.522602558135986
9.530203470831111e-08,1.7176799912976826e-11,46.52938485145569
9.52036316448357e-08,1.7405197075270884e-11,46.53660607337952
9.510517884336878e-08,1.6827466503555044e-11,46.54346013069153
9.500701025899616e-08,1.7209993846689642e-11,46.550960540771484
9.49087990420594e-08,1.6821813039746836e-11,46.55770540237427
9.481082230422544e-08,1.718145070661592e-11,46.56558918952942
9.471281003925469e-08,1.6759076765238134e-11,46.572755575180054
9.46150393588141e-08,1.7102349050834853e-11,46.5796537399292
9.451733973264709e-08,1.7328184026554894e-11,46.58667993545532
9.441971116075365e-08,1.735870475139123e-11,46.593445777893066
9.432207548343285e-08,1.678220236389638e-11,46.60094237327576
9.422470270692429e-08,1.710861140258313e-11,46.60808444023132
9.41274009846893e-08,1.7260902776539133e-11,46.61615562438965
9.40300850515996e-08,1.676411440221237e-11,46.623305559158325
9.393301070304005e-08,1.705833044263194e-11,46.63026714324951
9.383601451418144e-08,1.7216925801699645e-11,46.637513875961304
9.373910359045112e-08,1.726735421314629e-11,46.64475345611572
9.364217135043873e-08,1.670718598190124e-11,46.65189027786255
9.354550911666593e-08,1.7003301544527005e-11,46.658565521240234
9.344890372631198e-08,1.7164502458255626e-11,46.66620707511902
9.335227701967597e-08,1.6579727174503844e-11,46.67320942878723
9.325581373786918e-08,1.6325872945199826e-11,46.680211544036865
9.315957782973783e-08,1.677623144569207e-11,46.6873095035553
9.306332771075176e-08,1.6664858729087406e-11,46.694077491760254
9.296725522744964e-08,1.692564838284838e-11,46.7011559009552
9.287131064183995e-08,1.7314170930315953e-11,46.707765102386475
9.27752594748199e-08,1.6612586306585797e-11,46.71572995185852
9.26794854194668e-08,1.6884299514074996e-11,46.722575187683105
9.258371846954105e-08,1.670355520566602e-11,46.72937989234924
9.248812915529925e-08,1.6886192097387287e-11,46.73685073852539
9.239256826276687e-08,1.6632879101807774e-11,46.743969678878784
9.229711395164486e-08,1.655512185672059e-11,46.75221276283264
9.220188701419829e-08,1.708811217526751e-11,46.76029896736145
9.210665297132437e-08,1.70459566600778e-11,46.76849985122681
9.201151840443345e-08,1.6983065995179736e-11,46.77528929710388
9.191643357553403e-08,1.670471053150102e-11,46.78355646133423
9.182152638231855e-08,1.6803875999005236e-11,46.79029297828674
9.17266476108125e-08,1.65787626682512e-11,46.79729437828064
9.163195358041776e-08,1.6739052852154934e-11,46.80621099472046
9.153728797173244e-08,1.657253674569592e-11,46.813188314437866
9.144271473360277e-08,1.640902864974425e-11,46.820515871047974
9.13483262365844e-08,1.6649197645546288e-11,46.82744312286377
9.125389510700188e-08,1.6163237415156573e-11,46.83511233329773
9.115971977280424e-08,1.651355094334228e-11,46.84213066101074
9.106555864946131e-08,1.6390241594499422e-11,46.85040235519409
9.097148989667403e-08,1.6306733741089374e-11,46.85702729225159
9.087752772529711e-08,1.626950310584796e-11,46.86396670341492
9.078367213533056e-08,1.6226823704168503e-11,46.87200593948364
9.068996575933852e-08,1.6487334067449844e-11,46.87908697128296
9.059627359420119e-08,1.6324845988902048e-11,46.88647437095642
9.050270222132895e-08,1.6233890967609632e-11,46.89350605010986
9.040922321901235e-08,1.612437613984774e-11,46.901143312454224
9.031585079810611e-08,1.6087537552111897e-11,46.908546924591064
9.022257785318288e-08,1.606311784974057e-11,46.91668462753296
9.012941148967002e-08,1.606793864628031e-11,46.9233033657074
9.00363374967128e-08,1.6055195367625785e-11,46.930198192596436
8.99434127177301e-08,1.635701123159361e-11,46.938042402267456
8.985055899302097e-08,1.652803414964321e-11,46.94514012336731
8.975772658459391e-08,1.6253188031556398e-11,46.952611684799194
8.966506470642344e-08,1.6383500459071776e-11,46.95982336997986
8.957242414453503e-08,1.615811130728506e-11,46.967902421951294
8.947991148033907e-08,1.604651828079895e-11,46.97503685951233
8.938749829212611e-08,1.598043919415204e-11,46.98330473899841
8.929519168532352e-08,1.5940372286027404e-11,46.99068260192871
8.920302718706807e-08,1.620941748881055e-11,46.99867630004883
8.911092663765885e-08,1.629338677866521e-11,47.005774974823
8.901887582624113e-08,1.6066174432505242e-11,47.01280355453491
8.892697422879792e-08,1.6223820897831587e-11,47.02018713951111
8.883512236934621e-08,1.603110699743837e-11,47.02738118171692
8.874337709130486e-08,1.5915307266523016e-11,47.03472185134888
8.865173128924653e-08,1.5871460395944226e-11,47.04160761833191
8.85602347011627e-08,1.612530768635434e-11,47.049296617507935
8.846875942936094e-08,1.5931821834014315e-11,47.056177854537964
8.83773836335422e-08,1.5802052374946918e-11,47.06299567222595
8.828612152456117e-08,1.5771526445940154e-11,47.07005214691162
8.81949659969905e-08,1.5761936894564954e-11,47.07682991027832
8.810395257796699e-08,1.60477638122547e-11,47.08417272567749
8.801294626437084e-08,1.5840192005289744e-11,47.09081816673279
8.792211048103127e-08,1.6078598522040188e-11,47.098878383636475
8.783128890854641e-08,1.585024819727998e-11,47.10553050041199
8.774057391747192e-08,1.5719672091796255e-11,47.11217522621155
8.764995840238043e-08,1.5613562526217706e-11,47.11940956115723
8.755945657412667e-08,1.557563453213895e-11,47.126392126083374
8.746905422185591e-08,1.5559923141617027e-11,47.1341609954834
8.737879397813231e-08,1.5872962666474422e-11,47.140947580337524
8.728855505069077e-08,1.57150906870962e-11,47.14828372001648
8.719840849380489e-08,1.5629978214470874e-11,47.15523147583008
8.710837562375673e-08,1.5539989434154577e-11,47.16214656829834
8.70184209134095e-08,1.5486206067505393e-11,47.169193744659424
8.692857988989999e-08,1.5512419473950878e-11,47.17714023590088
8.683882413151878e-08,1.5514797779836442e-11,47.184666872024536
8.674916074369321e-08,1.5452578452923582e-11,47.19157671928406
8.665963235898744e-08,1.5692926125243645e-11,47.199880838394165
8.657014660684581e-08,1.5546515463871202e-11,47.20663022994995
8.648075322525983e-08,1.544367932149182e-11,47.21336889266968
8.639145931965686e-08,1.539145547124754e-11,47.22062110900879
8.630225778460954e-08,1.5382018575538225e-11,47.227380990982056
8.621314862011786e-08,1.5328238678335993e-11,47.23444390296936
8.61241389316092e-08,1.5313509141301473e-11,47.24098181724548
8.603522871908353e-08,1.53021484372573e-11,47.2483286857605
8.59463966662588e-08,1.5261288760504144e-11,47.255204916000366
8.585767119484444e-08,1.5251156240680963e-11,47.26224875450134
8.576902388313101e-08,1.5237018244351752e-11,47.269355058670044
8.568046894197323e-08,1.5194269453733256e-11,47.27627348899841
8.559206321478996e-08,1.546226861826039e-11,47.28410458564758
8.550367880388876e-08,1.530993561094096e-11,47.291030168533325
8.541538676354321e-08,1.5225229063609014e-11,47.29832673072815
8.532721551546274e-08,1.521558573580606e-11,47.305258989334106
8.523916505964735e-08,1.5481544865525443e-11,47.31200957298279
8.515114302554139e-08,1.5282546061978763e-11,47.319087982177734
8.506327020540994e-08,1.548512013060943e-11,47.32595896720886
8.497548265040678e-08,1.556726969553779e-11,47.33358716964722
8.488775904424983e-08,1.5602042227613744e-11,47.34025716781616
8.480007807065704e-08,1.533417316734731e-11,47.34733748435974
8.471251788932932e-08,1.5212650583684706e-11,47.35437369346619
8.46250429731299e-08,1.5105788148117583e-11,47.36113524436951
8.453767463834083e-08,1.5033909880890484e-11,47.368245124816895
8.445041288496213e-08,1.500019726485835e-11,47.37501263618469
8.436322929128437e-08,1.4981960116955406e-11,47.382636070251465
8.42761309627349e-08,1.495957177577445e-11,47.38960337638855
8.418913211016843e-08,1.4935457384734896e-11,47.396358489990234
8.410222562815761e-08,1.4926188757202752e-11,47.40345621109009
8.401541151670244e-08,1.4914821114264676e-11,47.410157203674316
8.392867556494821e-08,1.4871786094272643e-11,47.41744351387024
8.384204619460434e-08,1.4901628542229872e-11,47.42415714263916
8.37554949839614e-08,1.4884401003389947e-11,47.431633949279785
8.366903614387411e-08,1.4853430985173333e-11,47.4384400844574
8.358266967434247e-08,1.4844599507957135e-11,47.445226430892944
8.349643820793062e-08,1.5084749421800936e-11,47.45242786407471
8.341022805780085e-08,1.4932655806321193e-11,47.45928120613098
8.332416712164559e-08,1.5147584575547768e-11,47.46695113182068
8.323813460719975e-08,1.4966161990259685e-11,47.47371864318848
8.315225130672843e-08,1.5192113192452616e-11,47.48070192337036
8.306642484967597e-08,1.5238392145344726e-11,47.487797498703
8.298064102518765e-08,1.4935806064153567e-11,47.49497103691101
8.28949637821097e-08,1.4838094294922222e-11,47.50210905075073
8.280938601501475e-08,1.4748979815237817e-11,47.50883722305298
8.272390772390281e-08,1.471935594243856e-11,47.516634464263916
8.263851469791916e-08,1.4654031460503703e-11,47.52338242530823
8.255322114791852e-08,1.4643508627898427e-11,47.530131578445435
8.246801286304617e-08,1.4670582457187997e-11,47.53717017173767
8.238288984330211e-08,1.4641805129445018e-11,47.54398226737976
8.229791603753256e-08,1.4924263214144418e-11,47.551180362701416
8.221294223176301e-08,1.4761955546838124e-11,47.558085680007935
8.212806790197646e-08,1.4655233623872554e-11,47.56559777259827
8.204334278616443e-08,1.48885348494332e-11,47.57235288619995
8.195863188120711e-08,1.4686387522777622e-11,47.579086780548096
8.187402755766016e-08,1.4583450766436634e-11,47.58637094497681
8.178950849924149e-08,1.4538365303295997e-11,47.593502044677734
8.170508891680583e-08,1.4492193903259398e-11,47.600884437561035
8.162076881035318e-08,1.4534574932500988e-11,47.60753798484802
8.153651975817411e-08,1.4458803078432059e-11,47.61495780944824
8.145236307655068e-08,1.4455029187510071e-11,47.621835470199585
8.136830587091026e-08,1.4475309839667716e-11,47.62878441810608
8.128431971954342e-08,1.4465126145501994e-11,47.63582730293274
8.120042593873222e-08,1.4400311672269073e-11,47.64260005950928
8.11166032121946e-08,1.4365345718525546e-11,47.650304555892944
8.103288706706735e-08,1.4338039436290195e-11,47.65756034851074
8.094926329249574e-08,1.4365580773556541e-11,47.66557455062866
8.086571767762507e-08,1.4331654786536863e-11,47.6723997592926
8.07822715387374e-08,1.4351506961995941e-11,47.67912435531616
8.069889645412331e-08,1.4341742203549668e-11,47.68618392944336
8.061561374006487e-08,1.4309474612173023e-11,47.693469524383545
8.053246602912623e-08,1.4578255269626084e-11,47.700859785079956
8.044931831818758e-08,1.4418291213735834e-11,47.707520723342896
8.036628429408665e-08,1.4330953958252568e-11,47.714964628219604
8.028334264054138e-08,1.4312458336551703e-11,47.721880197525024
8.020047204126968e-08,1.4245983732952272e-11,47.72893571853638
8.011770802340834e-08,1.420924836126325e-11,47.73595976829529
8.003502216524794e-08,1.4165135210630897e-11,47.74264717102051
7.995242867764318e-08,1.4160021245823717e-11,47.75024652481079
7.986991334973936e-08,1.415453084602225e-11,47.75690674781799
7.978748328696383e-08,1.4126350263155008e-11,47.763988971710205
7.970514559474395e-08,1.4117497969257098e-11,47.77105093002319
7.962295711649858e-08,1.4418575708385895e-11,47.77805471420288
7.954080416539e-08,1.4511593315891247e-11,47.785200357437134
7.945867963599085e-08,1.429173272782247e-11,47.79192352294922
7.937666168800206e-08,1.4176326779136161e-11,47.80030274391174
7.929475032142363e-08,1.4137471575359495e-11,47.806920528411865
7.921295974711029e-08,1.4368602661851693e-11,47.814016342163086
7.913123312164316e-08,1.441802146423532e-11,47.82149910926819
7.904954202331282e-08,1.419527342894078e-11,47.8298602104187
7.896795040096549e-08,1.4081203217330973e-11,47.837244749069214
7.888645825460117e-08,1.405352310218655e-11,47.843998193740845
7.880504426793777e-08,1.4002378249944325e-11,47.851184368133545
7.872371554640267e-08,1.3928883220437616e-11,47.85834336280823
7.864247919542322e-08,1.3888922997806752e-11,47.86606192588806
7.856132810957206e-08,1.391732996208761e-11,47.87275290489197
7.848026228884919e-08,1.3913170095192218e-11,47.87955594062805
7.839933147124611e-08,1.4202993815770615e-11,47.88852596282959
7.831841486449775e-08,1.403158839119456e-11,47.89543294906616
7.823758352287769e-08,1.3928440865951242e-11,47.90284562110901
7.815683744638591e-08,1.3880116674080956e-11,47.909743547439575
7.807617663502242e-08,1.3785027806745287e-11,47.91778874397278
7.79956224050693e-08,1.3814240550080736e-11,47.92445087432861
7.791514633481711e-08,1.3816162623692119e-11,47.932429790496826
7.78347413188385e-08,1.3756375379092578e-11,47.93939208984375
7.775448551683439e-08,1.4034617218383616e-11,47.946261167526245
7.767422971483029e-08,1.3906773302374553e-11,47.95371603965759
7.759406628338184e-08,1.3794136839717641e-11,47.9605188369751
7.751400232791639e-08,1.374680664439909e-11,47.96774077415466
7.743400942672451e-08,1.369905751336109e-11,47.97440147399902
7.735410889608829e-08,1.3686284744407473e-11,47.981624364852905
7.727430073600772e-08,1.3668708526148876e-11,47.98877811431885
7.719456363020072e-08,1.3675958802916721e-11,47.99616575241089
7.711496863294087e-08,1.3931295353430961e-11,48.00392460823059
7.703543047909989e-08,1.406422461130985e-11,48.01108956336975
7.695590653611362e-08,1.38325123924532e-11,48.01823830604553
7.687648206911035e-08,1.3713519035618571e-11,48.02525591850281
7.67972068160816e-08,1.3926679254261387e-11,48.0327205657959
7.67179884064717e-08,1.4050335547799442e-11,48.039509296417236
7.663879841857124e-08,1.3799109424561529e-11,48.04627227783203
7.655975764464529e-08,1.3946760413219295e-11,48.05334782600403
7.648072397614669e-08,1.3722834500684566e-11,48.06066632270813
7.640180399448582e-08,1.3626034328639847e-11,48.067755460739136
7.632296217252588e-08,1.3575127133513831e-11,48.07474613189697
7.624426956454045e-08,1.3782000714279707e-11,48.082244873046875
7.616563379997388e-08,1.391451884269479e-11,48.08934164047241
7.608706198425352e-08,1.3953468588900897e-11,48.096314668655396
7.60085185902426e-08,1.371962526225401e-11,48.10345649719238
7.593006756678733e-08,1.3583714882081654e-11,48.11016058921814
7.585171601931506e-08,1.347168730736481e-11,48.117634296417236
7.577345684239845e-08,1.341839746954454e-11,48.12464642524719
7.569528293061012e-08,1.3393999451216665e-11,48.13342332839966
7.561718717852273e-08,1.3398404781483908e-11,48.14051294326782
7.553916958613627e-08,1.3371833154640633e-11,48.14829421043396
7.546124436430546e-08,1.3356490392857356e-11,48.15511965751648
7.538339019674822e-08,1.3340924719107417e-11,48.162272214889526
7.530562129431928e-08,1.3330770515240786e-11,48.16924452781677
7.522793055159127e-08,1.3258930411930159e-11,48.17594528198242
7.51503179685642e-08,1.3273752756670643e-11,48.18350410461426
7.507279065066541e-08,1.3241822569010075e-11,48.19040775299072
7.499534859789492e-08,1.3249544690563386e-11,48.19892883300781
7.4917977599398e-08,1.3260843811924161e-11,48.20560622215271
7.484069186602937e-08,1.3228154682742854e-11,48.21237063407898
7.476347718693432e-08,1.3223944508866659e-11,48.21953010559082
7.468636198382228e-08,1.3215448700643062e-11,48.226773262023926
7.46093036241291e-08,1.3195660709952595e-11,48.234052419662476
7.453234474041892e-08,1.320852021508001e-11,48.240737199783325
7.445545691098232e-08,1.3169857565609178e-11,48.248255491256714
7.43786401358193e-08,1.3098441602188426e-11,48.2556631565094
7.430191573121192e-08,1.3131885336081783e-11,48.262566328048706
7.422526948630548e-08,1.3112033160622705e-11,48.2696213722229
7.414869429567261e-08,1.3086061748102118e-11,48.27644968032837
7.40722114755954e-08,1.3105401312774045e-11,48.284050941467285
7.399580681521911e-08,1.308667757493609e-11,48.29217028617859
7.391946610368905e-08,1.3067023157953273e-11,48.30117201805115
7.384321776271463e-08,1.3060985452895135e-11,48.309035778045654
7.376704758144115e-08,1.3055557503138804e-11,48.3178174495697
7.369096266529596e-08,1.3045674783496164e-11,48.32594418525696
7.361493459256963e-08,1.2999865073304306e-11,48.3337242603302
7.353899178497159e-08,1.2985310743340861e-11,48.34063363075256
7.34631413479292e-08,1.2989186115586193e-11,48.347301959991455
7.338736196516038e-08,1.2965846278578663e-11,48.35536551475525
7.331166784751986e-08,1.2956117081963647e-11,48.36212754249573
7.323603767872555e-08,1.2958816311692267e-11,48.37004351615906
7.31604998804869e-08,1.2929509025927377e-11,48.37687015533447
7.308503313652182e-08,1.290547790161467e-11,48.38457417488098
7.300964455225767e-08,1.2894329701196305e-11,48.392282485961914
7.293433412769446e-08,1.2874787173877689e-11,48.40058732032776
7.285910186283218e-08,1.283939534552081e-11,48.40786170959473
7.278395486309819e-08,1.2867281892758875e-11,48.415687799453735
7.270887891763778e-08,1.2830343558423163e-11,48.42336940765381
7.26338811318783e-08,1.2836837495755482e-11,48.43030023574829
7.255896861124711e-08,1.2813124693200617e-11,48.43828630447388
7.248412003946214e-08,1.2760802831079943e-11,48.44536352157593
7.240935673280546e-08,1.2784520837805236e-11,48.453359603881836
7.233467158584972e-08,1.2758727234440936e-11,48.46018409729004
7.226005749316755e-08,1.2725445697192583e-11,48.467872619628906
7.218552866561367e-08,1.2699989497544362e-11,48.47535157203674
7.211107799776073e-08,1.2717178005106078e-11,48.48340439796448
7.203669838418136e-08,1.2702013052479089e-11,48.49101281166077
7.196240403573029e-08,1.2706675121820776e-11,48.49917268753052
7.188818074155279e-08,1.2687186370929915e-11,48.50594639778137
7.181403560707622e-08,1.2674450031169293e-11,48.512696266174316
7.173996863230059e-08,1.267533994431247e-11,48.51969599723816
7.166597981722589e-08,1.2654569232772861e-11,48.526421546936035
7.159204784557005e-08,1.261855290396463e-11,48.53418040275574
7.151822245532458e-08,1.2620531356088982e-11,48.54096078872681
7.144446101392532e-08,1.2610416183500561e-11,48.54835844039917
7.1370777732227e-08,1.2629786105833318e-11,48.55516982078552
7.12971583993749e-08,1.2565492917004928e-11,48.561933517456055
7.122362433165108e-08,1.2546953927217164e-11,48.56885361671448
7.115017552905556e-08,1.2548220275354627e-11,48.57550311088562
7.107679067530626e-08,1.2546129933566075e-11,48.58335876464844
7.100349108668524e-08,1.253496872272164e-11,48.59157991409302
7.093026255233781e-08,1.2512290682720195e-11,48.60035681724548
7.085710507226395e-08,1.2495349373253806e-11,48.60800886154175
7.078403996274574e-08,1.2508950472667202e-11,48.61555552482605
7.071102459121903e-08,1.2433326937455469e-11,48.62456703186035
7.063810159024797e-08,1.2429914736378223e-11,48.63247227668762
7.056524964355049e-08,1.241274617813648e-11,48.640172481536865
7.04924829619813e-08,1.2436491940437389e-11,48.6473445892334
7.041978733468568e-08,1.2429625904919472e-11,48.65539288520813
7.034715565623628e-08,1.2401501700565198e-11,48.662785053253174
7.027460924291518e-08,1.2369341662044064e-11,48.67040991783142
7.020213388386765e-08,1.235272127642073e-11,48.678093671798706
7.012973668452105e-08,1.2344705119238242e-11,48.68561816215515
7.005741764487539e-08,1.233201648437321e-11,48.69294285774231
6.99851696595033e-08,1.2330814321004357e-11,48.701154947280884
6.991299983383215e-08,1.2323687209603307e-11,48.708845138549805
6.984090816786193e-08,1.232249545457531e-11,48.717098236083984
6.976886623988321e-08,1.2275559041485806e-11,48.72465252876282
6.969691668246014e-08,1.2252544465130022e-11,48.73223614692688
6.962505949559272e-08,1.2276293696877882e-11,48.739994049072266
6.955325204671681e-08,1.2252257368394748e-11,48.748316526412964
6.948152986296918e-08,1.2222309102305484e-11,48.7565803527832
6.940987162806778e-08,1.2207059148228172e-11,48.763394832611084
6.933829865829466e-08,1.2220626420533787e-11,48.77122783660889
6.926680384822248e-08,1.2212417709045464e-11,48.77863812446594
6.919538009242387e-08,1.2185713375856277e-11,48.78626585006714
6.912402028547149e-08,1.2159058482286156e-11,48.793527364730835
6.905268890022853e-08,1.1858710194379007e-11,48.80125403404236
6.898151383438744e-08,1.2026901176354077e-11,48.808762550354004
6.891039561196521e-08,1.2093410474423028e-11,48.81666374206543
6.883934844381656e-08,1.2136780296045924e-11,48.82422637939453
6.876835811908677e-08,1.212779616316384e-11,48.8316605091095
6.869743884863055e-08,1.2074992047916844e-11,48.83880305290222
6.862660484330263e-08,1.208096123139768e-11,48.84568524360657
6.855584899767564e-08,1.2070247579210047e-11,48.852434158325195
6.848515710089487e-08,1.2075828184632265e-11,48.85904026031494
6.841454336381503e-08,1.2076482175382708e-11,48.86682081222534
6.834399357558141e-08,1.2040682687008974e-11,48.87360739707947
6.827351484162136e-08,1.2027666189406983e-11,48.88062357902527
6.820311426736225e-08,1.2034627634716077e-11,48.88746929168701
6.813279895823143e-08,1.200754860125608e-11,48.89439630508423
6.806254049251947e-08,1.1969273662482127e-11,48.901936531066895
6.799236729193581e-08,1.1963504839562766e-11,48.90928888320923
6.792225804019836e-08,1.1977821512410003e-11,48.91717171669006
6.785222694816184e-08,1.1957042127253015e-11,48.924853563308716
6.778225980497155e-08,1.195679839860464e-11,48.93270778656006
6.771237082148218e-08,1.1942658667551953e-11,48.9408745765686
6.764255999769375e-08,1.193027187457174e-11,48.94832921028137
6.757281312275154e-08,1.1908091700207901e-11,48.95622515678406
6.75031373020829e-08,1.1901810266501389e-11,48.96303153038025
6.74335396411152e-08,1.1885986118953529e-11,48.97079253196716
6.736401303442108e-08,1.1889221378236225e-11,48.97782802581787
6.729455748200053e-08,1.1887043432912137e-11,48.985316038131714
6.722517298385355e-08,1.1857698850592513e-11,48.99348187446594
6.715585953998016e-08,1.183216111894092e-11,49.00123047828674
6.708662425580769e-08,1.1818790737749829e-11,49.00876474380493
6.701745292048145e-08,1.1820034534482105e-11,49.01740050315857
6.694835974485613e-08,1.1833669461003282e-11,49.0251727104187
6.687933051807704e-08,1.1805888731897252e-11,49.03329586982727
6.681038655642624e-08,1.1798922949779467e-11,49.04102110862732
6.674149233276694e-08,1.1760867453525226e-11,49.04944825172424
6.667267626880857e-08,1.1737114752330413e-11,49.05717635154724
6.66039454699785e-08,1.1730636427509378e-11,49.06502151489258
6.653527151456728e-08,1.171269851940604e-11,49.07263159751892
6.646668282428436e-08,1.1710325417690903e-11,49.079407691955566
6.63981012394288e-08,1.1381559757162041e-11,49.08613109588623
6.632966886854774e-08,1.1522182513656887e-11,49.09310507774353
6.62613004465129e-08,1.1582073841664986e-11,49.1008083820343
6.619299597332429e-08,1.1621923041993387e-11,49.107526540756226
6.612476255440924e-08,1.1650886852510034e-11,49.114996671676636
6.60565788734857e-08,1.1599314390930981e-11,49.121683835983276
6.598848756311781e-08,1.161137505589771e-11,49.128589391708374
6.592045309616879e-08,1.157895914566387e-11,49.135273933410645
6.585248968349333e-08,1.1572358522837778e-11,49.14235258102417
6.578459732509145e-08,1.1566271378160575e-11,49.14967942237854
6.571678312639051e-08,1.15373457315604e-11,49.15637016296387
6.564903287653578e-08,1.1526176714460323e-11,49.16310381889343
6.558129683753577e-08,1.1212443300212538e-11,49.16981029510498
6.551373132879235e-08,1.1406792177481861e-11,49.17688751220703
6.54462013471857e-08,1.1453741600997436e-11,49.184101581573486
6.537873531442528e-08,1.1473178310184018e-11,49.19079637527466
6.531134033593844e-08,1.1473718676546785e-11,49.19828248023987
6.524400930629781e-08,1.1475896621870874e-11,49.205111503601074
6.517669959293926e-08,1.1154101080268486e-11,49.21210789680481
6.510953909355521e-08,1.1300050305196319e-11,49.218854665756226
6.504242833216267e-08,1.1354108625516446e-11,49.22548699378967
6.49753388870522e-08,1.108062166327306e-11,49.23300504684448
6.490837733963417e-08,1.1233848920544354e-11,49.23969030380249
6.484149395191707e-08,1.1347583463161559e-11,49.24683403968811
6.477466030219148e-08,1.1370744623651063e-11,49.253673791885376
6.470788349588474e-08,1.1368001158473806e-11,49.260300397872925
6.464112800586008e-08,1.1037779197586861e-11,49.267359495162964
6.457452883523729e-08,1.1197677333985023e-11,49.274320125579834
6.450797229717864e-08,1.1267584087981675e-11,49.28173041343689
6.444148681339357e-08,1.131504178547571e-11,49.28838920593262
6.437505817302736e-08,1.1283589514132775e-11,49.2952356338501
6.430870058693472e-08,1.1277981153134942e-11,49.30197477340698
6.424241405511566e-08,1.1303622968195093e-11,49.30900835990906
6.417618436671546e-08,1.1279373268724413e-11,49.31636667251587
6.411004704887091e-08,1.1278526723668136e-11,49.323057889938354
6.404395946901786e-08,1.123965417265671e-11,49.329771757125854
6.397787899459217e-08,1.0943134419461042e-11,49.33650851249695
6.391196905042307e-08,1.1098794626407393e-11,49.343517541885376
6.384609463339075e-08,1.114739030250167e-11,49.350679874420166
6.378029837605936e-08,1.1153976180178216e-11,49.358482837677
6.371449501330062e-08,1.0867218583343607e-11,49.366904497146606
6.36488550753711e-08,1.1037217147180645e-11,49.37357425689697
6.358321513744158e-08,1.0784343036640553e-11,49.38032388687134
6.35177030972045e-08,1.0974473066416301e-11,49.38706994056702
6.345224790038628e-08,1.1038830440013303e-11,49.39391589164734
6.338685665241428e-08,1.1085223017293089e-11,49.40109348297119
6.33215293532885e-08,1.1105676274436593e-11,49.407817363739014
6.325620915959007e-08,1.0791179581859378e-11,49.4155056476593
6.319104528529351e-08,1.096556959817585e-11,49.42215061187744
6.312591693813374e-08,1.1008244663046618e-11,49.42892599105835
6.306085964524755e-08,1.1046939404901757e-11,49.43570685386658
6.299586630120757e-08,1.1043947874267435e-11,49.442962884902954
6.293093690601381e-08,1.1040529601658022e-11,49.45065426826477
6.286607145966627e-08,1.1058668737684574e-11,49.457221269607544
6.280128417301967e-08,1.1062491200863889e-11,49.464001417160034
6.273655372979192e-08,1.102750443043865e-11,49.4706335067749
6.26718872354104e-08,1.0998594396349759e-11,49.47757530212402
6.260729179530244e-08,1.097784970566229e-11,49.48441290855408
6.254276740946807e-08,1.0972765231154202e-11,49.491131067276
6.247830697247991e-08,1.096136549583182e-11,49.499096632003784
6.241391048433798e-08,1.0946244778653469e-11,49.505765438079834
6.234957794504226e-08,1.0915957374124652e-11,49.512871742248535
6.228532356544747e-08,1.0925218195401154e-11,49.51995038986206
6.22211331346989e-08,1.0901357941350831e-11,49.526883125305176
6.21569995473692e-08,1.0897185931391107e-11,49.53412842750549
6.209294411974042e-08,1.0907641109780819e-11,49.54120063781738
6.20289313246758e-08,1.0854556836692453e-11,49.54884171485901
6.196501800559417e-08,1.0865278295135727e-11,49.55550742149353
6.19010975810852e-08,1.05444568007651e-11,49.56223392486572
6.183733347597808e-08,1.0697374409895932e-11,49.56905674934387
6.177361200343512e-08,1.0772154002136602e-11,49.575947523117065
6.170996158516573e-08,1.0819031434627924e-11,49.583447217941284
6.16463680103152e-08,1.0809729847349736e-11,49.59021711349487
6.158283127888353e-08,1.0803076315457627e-11,49.597296714782715
6.15193727071528e-08,1.0798115006316333e-11,49.60430645942688
6.145596387341357e-08,1.0773181825796119e-11,49.61145758628845
6.139263319937527e-08,1.07929290504849e-11,49.618244886398315
6.132936647418319e-08,1.0781677634019715e-11,49.62486553192139
6.126616369783733e-08,1.078733716936009e-11,49.63222336769104
6.120302487033769e-08,1.0748960749262793e-11,49.63917350769043
6.113994999168426e-08,1.0741392150737106e-11,49.64620661735535
6.10769319564497e-08,1.0697861867192682e-11,49.65308952331543
6.101399208091607e-08,1.0678787715212579e-11,49.6597843170166
6.095111615422866e-08,1.0673288641793732e-11,49.66726303100586
6.088830417638746e-08,1.067685523326034e-11,49.674644947052
6.082555614739249e-08,1.0662353812362912e-11,49.6821346282959
6.076287917267109e-08,1.0678641998440597e-11,49.68899750709534
6.070026614679591e-08,1.0656682133958206e-11,49.69581699371338
6.063770285891223e-08,1.0638060744805333e-11,49.70311999320984
6.057522483615685e-08,1.0650276667523162e-11,49.70979142189026
6.051275391882882e-08,1.0351123604090962e-11,49.71725583076477
6.045041800462059e-08,1.0467765543253904e-11,49.72397565841675
6.038808209041235e-08,1.0229869035205397e-11,49.73159050941467
6.032588828475127e-08,1.0441237284497529e-11,49.73838496208191
6.026373711165434e-08,1.048343616777414e-11,49.74560213088989
6.020164278197626e-08,1.0532186234257779e-11,49.75251126289368
6.01396124011444e-08,1.0547607058597475e-11,49.75928258895874
6.007763886373141e-08,1.0542258906121038e-11,49.766730070114136
6.001568664260049e-08,1.0232310658497834e-11,49.77341032028198
5.9953862319162e-08,1.0389005627997605e-11,49.78160381317139
5.989209483914237e-08,1.0440768909159015e-11,49.788376569747925
5.983039130796897e-08,1.0453153967415751e-11,49.79525351524353
5.976873751478706e-08,1.0462202285066446e-11,49.80207800865173
5.970715477587873e-08,1.0468593873713683e-11,49.80899405479431
5.964562888038927e-08,1.0465183407359913e-11,49.81634569168091
5.95841704864597e-08,1.0440144408707663e-11,49.82336783409119
5.952277248866267e-08,1.0416283287295602e-11,49.83002305030823
5.9461438439711856e-08,1.0430154136209513e-11,49.83691620826721
5.940012215432944e-08,1.0146303068558904e-11,49.844043254852295
5.933894797749417e-08,1.029460110907321e-11,49.851078033447266
5.927781643322305e-08,1.0342110848271524e-11,49.85779690742493
5.9216738179657114e-08,1.0348273453419932e-11,49.86556601524353
5.915567413694589e-08,1.007011054404705e-11,49.87250733375549
5.909475220278182e-08,1.0222052371222645e-11,49.87929034233093
5.9033872901181894e-08,1.0310400970492406e-11,49.88623762130737
5.897305399571451e-08,1.0311034144561138e-11,49.893004417419434
5.891223509024712e-08,1.0019104469682905e-11,49.9007511138916
5.8851565398754246e-08,1.017735808822584e-11,49.907745361328125
5.879088860183401e-08,9.94483141669722e-12,49.91546082496643
5.8730343255319895e-08,1.0112577442100701e-11,49.922162771224976
5.866984764679728e-08,1.0188747415207366e-11,49.92887759208679
5.8609405328979847e-08,1.0222203292165055e-11,49.9358274936676
5.8549023407294953e-08,1.0252762180917863e-11,49.94313192367554
5.84887018817426e-08,1.0269875228008374e-11,49.95076131820679
5.8428387461617604e-08,9.967181593961705e-12,49.95751881599426
5.836821870275344e-08,1.0115104066843461e-11,49.9649441242218
5.830808902373974e-08,1.016638509487855e-11,49.97160220146179
5.82480161881449e-08,1.0191702516648693e-11,49.978602170944214
5.818800730139628e-08,1.0194052199596904e-11,49.985631704330444
5.81280588107802e-08,1.0185824406150346e-11,49.9928195476532
5.806817071629666e-08,1.0190753622907334e-11,50.000365018844604
5.8008339465231984e-08,1.0147366454049678e-11,50.007028102874756
5.794852242502202e-08,9.840543310768446e-12,50.015021085739136
5.788884394064553e-08,9.984331070245211e-12,50.021769523620605
5.782921519426054e-08,1.0068465158830087e-11,50.028624534606934
5.7769646844008093e-08,1.0094459122755861e-11,50.035566568374634
5.7710074941041967e-08,9.794355430858825e-12,50.04266381263733
5.765065225205035e-08,9.952957728820433e-12,50.050217628479004
5.759121179949034e-08,9.705984280183877e-12,50.056997299194336
5.753191700819116e-08,9.907773386441665e-12,50.065635681152344
5.7472661296742444e-08,9.995506158877454e-12,50.07243490219116
5.741340558529373e-08,9.721625414405022e-12,50.07969927787781
5.735429198239217e-08,9.900412954733095e-12,50.086782693862915
5.7295213906627396e-08,9.9563612562803e-12,50.09362578392029
5.723619267428148e-08,9.985925281119634e-12,50.10117697715759
5.717723539078179e-08,1.0023221835853136e-11,50.10826539993286
5.7118331397987276e-08,1.0022332790071697e-11,50.115936279296875
5.7059487801325304e-08,1.0019068907851647e-11,50.122865200042725
5.700070460079587e-08,1.0014571637240177e-11,50.129915952682495
5.69419782436853e-08,9.996402143552796e-12,50.136833906173706
5.688331938813462e-08,9.972846333472507e-12,50.14406061172485
5.682471737600281e-08,9.955040264353343e-12,50.15106225013733
5.6766175760003534e-08,9.951957660736532e-12,50.157668352127075
5.670769809285048e-08,9.955599712674346e-12,50.16496205329895
5.6649273716402604e-08,9.924077185030633e-12,50.17188858985901
5.659091328880095e-08,9.897166419747805e-12,50.178656816482544
5.653256351934033e-08,9.564397884798126e-12,50.185649156570435
5.647435230571318e-08,9.741140186148023e-12,50.19230508804321
5.641619438279122e-08,9.824358340737582e-12,50.20002031326294
5.6358029354441896e-08,9.559263970670973e-12,50.20675230026245
5.6300006434639727e-08,9.722279405155465e-12,50.213512897491455
5.624202970011538e-08,9.810108454744171e-12,50.22026586532593
5.618409559815518e-08,9.822405042103632e-12,50.227033376693726
5.6126214786900164e-08,9.827172062215617e-12,50.23401165008545
5.606835529192722e-08,9.526441267782015e-12,50.24067044258118
5.6010613036505674e-08,9.638695223912475e-12,50.24826955795288
5.595293472993035e-08,9.727428931793902e-12,50.255046367645264
5.589525287064134e-08,9.457011562741258e-12,50.26199650764465
5.583770601447213e-08,9.632082458022051e-12,50.268795013427734
5.578019823815339e-08,9.698845025718494e-12,50.27543330192566
5.5722747305253506e-08,9.724258724641555e-12,50.28294777870178
5.5665349663058805e-08,9.731437010385147e-12,50.289735555648804
5.5608012416996644e-08,9.720706010962754e-12,50.29664611816406
5.5550732014353343e-08,9.713447060577529e-12,50.303439140319824
5.549351200784258e-08,9.715368266827173e-12,50.31023287773132
5.543634884475068e-08,9.720510854571707e-12,50.317458391189575
5.537924252507764e-08,9.69854491855715e-12,50.32405114173889
5.532214331083196e-08,9.367624731471125e-12,50.33160614967346
5.526514001985561e-08,9.2303040211128e-12,50.338332176208496
5.5208253968430654e-08,9.477319970474518e-12,50.34528088569641
5.515140344414249e-08,9.550685763082267e-12,50.35208034515381
5.5094602657845826e-08,9.590115160329482e-12,50.359010457992554
5.503786582039538e-08,9.63898145328601e-12,50.36673164367676
5.4981171615509083e-08,9.627357938635228e-12,50.3735077381134
5.49244916214775e-08,9.323975619368596e-12,50.380274295806885
5.486788978714685e-08,9.155017022255407e-12,50.38703155517578
5.481141940322232e-08,9.394380239002853e-12,50.39409923553467
5.475497744100721e-08,9.468920439403838e-12,50.40143537521362
5.469853903150579e-08,9.2378067001464e-12,50.408281326293945
5.464223207241048e-08,9.406041050208369e-12,50.41585183143616
5.458596064045196e-08,9.472754178285747e-12,50.4225287437439
5.45297460519123e-08,9.488038826832579e-12,50.42959761619568
5.447353146337264e-08,9.194852344796e-12,50.43672156333923
5.441745543066645e-08,9.374121270888658e-12,50.443721294403076
5.436142203052441e-08,9.440307910391077e-12,50.45078992843628
5.430543126294651e-08,9.466128401969254e-12,50.45770812034607
5.4249504444214836e-08,9.47676312423873e-12,50.465439796447754
5.419363446890202e-08,9.479775471554763e-12,50.4721884727478
5.413782133700806e-08,9.489627833536574e-12,50.478949308395386
5.408205794310561e-08,9.472290139755923e-12,50.48569846153259
5.402635139262202e-08,9.451720656139528e-12,50.49300694465637
5.3970712343698324e-08,9.458847767540579e-12,50.5009069442749
5.391506974206095e-08,9.121355580565815e-12,50.50762057304382
5.385957280168441e-08,9.28812582401406e-12,50.51505470275879
5.380411138844465e-08,9.33102813766018e-12,50.52171564102173
5.374870326591008e-08,9.378615939414914e-12,50.52869486808777
5.369329869608919e-08,9.094517673668978e-12,50.53551483154297
5.363802912938809e-08,9.25423019465521e-12,50.54214119911194
5.3582798642537455e-08,9.312980074616117e-12,50.549864530563354
5.3527617893678325e-08,9.33296842586806e-12,50.556920528411865
5.3472440697532875e-08,9.048859751781269e-12,50.56502890586853
5.341739850450722e-08,9.197038096375731e-12,50.57830739021301
5.336240249675939e-08,9.281571171360081e-12,50.58716011047363
5.33074491215757e-08,9.298891517905972e-12,50.59608793258667
5.3252552589810875e-08,9.300665272660158e-12,50.604886054992676
5.319770579603755e-08,9.281911177161373e-12,50.61679458618164
5.314291939839677e-08,9.279356796842997e-12,50.626035928726196
5.3088143658897025e-08,8.980770120625703e-12,50.63406181335449
5.303344607909821e-08,8.828300070151673e-12,50.64036440849304
5.29788657388508e-08,9.046418995850569e-12,50.64849328994751
5.2924320925740176e-08,9.140085389935937e-12,50.656909465789795
5.2869829403334734e-08,9.193262470730268e-12,50.66406750679016
5.2815384066207116e-08,9.219663227311159e-12,50.67069411277771
5.276099557249836e-08,9.218387338194578e-12,50.677335262298584
5.270661418421696e-08,8.911608430361984e-12,50.684112787246704
5.2652364246341676e-08,9.077330033469e-12,50.690815925598145
5.259815338831686e-08,9.137537948511465e-12,50.69888877868652
5.254394253029204e-08,8.871970866297652e-12,50.70589995384216
5.248986312267334e-08,9.024898883769339e-12,50.712939739227295
5.243581924219143e-08,9.09315851782555e-12,50.72029709815979
5.23818286524147e-08,9.14034299637212e-12,50.72742581367493
5.232788780062947e-08,9.142229508152244e-12,50.73457098007202
5.227400023954942e-08,9.114283980315996e-12,50.74154019355774
5.222016596917456e-08,9.11456674024258e-12,50.749258041381836
5.2166392094932235e-08,9.106273027303935e-12,50.75610375404358
5.211267506410877e-08,9.119083092812286e-12,50.76329231262207
5.205901487670417e-08,9.115179964991338e-12,50.77034544944763
5.200540442729107e-08,9.097775484356863e-12,50.77776002883911
5.195185082129683e-08,9.098380902849978e-12,50.78521800041199
5.189835405872145e-08,9.098517078642843e-12,50.79324412345886
5.184486084885975e-08,8.779890876831065e-12,50.80108094215393
5.179149908940417e-08,8.911876445139022e-12,50.80786180496216
5.173817640979905e-08,8.973401015299753e-12,50.81586194038391
5.168490702089912e-08,9.011341152442842e-12,50.82256102561951
5.1631690922704365e-08,9.039861741111377e-12,50.82929182052612
5.157847837722329e-08,8.738754511683489e-12,50.836315870285034
5.1525390176720975e-08,8.871963927403748e-12,50.843124866485596
5.1472344608782805e-08,8.94331050188546e-12,50.850746154785156
5.141934877883614e-08,8.960978660488284e-12,50.85747742652893
5.136640623959465e-08,8.977568688450788e-12,50.86500692367554
5.131346014763949e-08,8.685158495169709e-12,50.87173104286194
5.1260599320812616e-08,8.51511743060751e-12,50.878676414489746
5.1207855733537144e-08,8.736357123839689e-12,50.885799169540405
5.115509793540696e-08,8.540537201062737e-12,50.893030405044556
5.110246092954185e-08,8.733537330829488e-12,50.90075731277466
5.1049806160108346e-08,8.558378832013158e-12,50.90780305862427
5.099722955037578e-08,8.457379761794837e-12,50.91551733016968
5.094475952205357e-08,8.700031146890996e-12,50.922746896743774
5.0892271730162975e-08,8.510345206325098e-12,50.929816246032715
5.083985499254595e-08,8.396108461261598e-12,50.936925411224365
5.078755194176665e-08,8.660940888083335e-12,50.94404745101929
5.073528086541046e-08,8.769891930715534e-12,50.95110011100769
5.068305242161841e-08,8.81612491343553e-12,50.95837163925171
5.063081687239901e-08,8.526434766564783e-12,50.965927600860596
5.057865948288054e-08,8.365011808231237e-12,50.97287344932556
5.0526576700349324e-08,8.315454227969532e-12,50.97994017601013
5.047455076123697e-08,8.307165719201315e-12,50.98684287071228
5.04226278508213e-08,8.586575027391685e-12,50.99404311180115
5.037073691482874e-08,8.695418517168374e-12,51.001527309417725
5.0318885058686647e-08,8.741920382027146e-12,51.00852870941162
5.02670758351087e-08,8.751673864770826e-12,51.01637268066406
5.021527371695811e-08,8.464743662950358e-12,51.023481130599976
5.016360660192731e-08,8.644872144525362e-12,51.03081154823303
5.011196790860595e-08,8.703624626571482e-12,51.03800940513611
5.0060325662570904e-08,8.426414080386913e-12,51.04503035545349
5.0008811314228296e-08,8.585106583969271e-12,51.05216336250305
4.9957336045736156e-08,8.656969238685086e-12,51.059372425079346
4.990591051523552e-08,8.678278581863985e-12,51.06725335121155
4.9854534722726385e-08,8.710681481671756e-12,51.074310541152954
4.980315537750357e-08,8.413930142892045e-12,51.08262038230896
4.975186129740905e-08,8.284715795336961e-12,51.089760065078735
4.970062406073339e-08,8.200638085265055e-12,51.09681797027588
4.964944011476291e-08,8.127226322485193e-12,51.10375642776489
4.959838051377119e-08,8.433961862230888e-12,51.11059546470642
4.954733867634786e-08,8.552663785521553e-12,51.117610454559326
4.949628262806982e-08,8.296721816514196e-12,51.12474727630615
4.9445361582911573e-08,8.488309881371503e-12,51.132304668426514
4.9394412116043895e-08,8.239901816420314e-12,51.13960790634155
4.934360120500969e-08,8.443976420857702e-12,51.14644479751587
4.929281516297124e-08,8.541104455639381e-12,51.153860330581665
4.924207530621061e-08,8.577348900584703e-12,51.16093158721924
4.919138518744148e-08,8.585018113071996e-12,51.16807532310486
4.91407377012365e-08,8.56348759264991e-12,51.17498159408569
4.909010087317256e-08,8.272928349317699e-12,51.18316435813904
4.9039588390087374e-08,8.430234808842751e-12,51.18993067741394
4.8989118539566334e-08,8.500260391397507e-12,51.19674015045166
4.893863803090426e-08,8.231532643010464e-12,51.20370697975159
4.8888232129229436e-08,8.090135332483595e-12,51.21083736419678
4.883795057253337e-08,8.328999816231697e-12,51.217915058135986
4.878769033211938e-08,8.422380848305266e-12,51.22493267059326
4.8737419433564355e-08,8.168618559345475e-12,51.23279333114624
4.8687276432701765e-08,8.331822211327111e-12,51.239766359329224
4.863711566827078e-08,8.103233362088957e-12,51.24682831764221
4.858708280153223e-08,8.315226979194179e-12,51.253886699676514
4.8537078356503116e-08,8.384224738089419e-12,51.26086139678955
4.848709522775607e-08,8.270401724574938e-12,51.26809024810791
4.843719736413732e-08,8.36602835618816e-12,51.275022745132446
4.838729594780489e-08,8.13836931873313e-12,51.28310489654541
4.8337515323737534e-08,8.306333051932846e-12,51.2901976108551
4.828774180509754e-08,8.214639038439664e-12,51.29831147193909
4.823803223530376e-08,8.205209081624254e-12,51.30541443824768
4.818836885078781e-08,8.172643117809741e-12,51.31307029724121
4.813879073140015e-08,8.298796545791465e-12,51.32017254829407
4.808924103372192e-08,8.35363635903752e-12,51.32743263244629
4.803974462674887e-08,8.367849815837936e-12,51.3347589969635
4.7990273088771573e-08,8.231281108106447e-12,51.341654777526855
4.794088681592257e-08,8.326495742894124e-12,51.34978723526001
4.789153962292403e-08,8.341924373489462e-12,51.35682392120361
4.7842270589626423e-08,8.490043737485742e-12,51.36401438713074
4.7793012214469854e-08,8.440964073541668e-12,51.37109684944153
4.7743810682732146e-08,8.395173445308046e-12,51.37837505340576
4.769463046727651e-08,8.194583032972158e-12,51.38550305366516
4.764554972780388e-08,8.258657646642575e-12,51.39303207397461
4.75965116208954e-08,8.279522033249886e-12,51.4006872177124
4.754749483026899e-08,8.157296886579513e-12,51.4073965549469
4.749855975205719e-08,8.210891168369816e-12,51.415515422821045
4.7449677964550574e-08,8.252300752464858e-12,51.42227649688721
4.740081749332603e-08,8.118807709456277e-12,51.42936682701111
4.73520387345161e-08,8.205201275368612e-12,51.436601638793945
4.730328129198824e-08,8.089673028677247e-12,51.443727254867554
4.7254580692879244e-08,8.036414415879545e-12,51.4508752822876
4.720596535889854e-08,8.150495903191946e-12,51.45771837234497
4.715735713034519e-08,8.046567752384437e-12,51.46549129486084
4.710881285063806e-08,7.993289190266761e-12,51.472480058670044
4.7060314756208754e-08,7.957175716943876e-12,51.479246377944946
4.701187350519831e-08,7.936805726527218e-12,51.48621106147766
4.696350686117512e-08,8.074025822923936e-12,51.493589878082275
4.6915161533434e-08,8.00090028951761e-12,51.50106930732727
4.686685883825703e-08,7.952960338897253e-12,51.50819802284241
4.681864140820835e-08,8.063069309449666e-12,51.51755952835083
4.6770441741728064e-08,7.982715183318945e-12,51.52439260482788
4.672229181323928e-08,7.935273098336193e-12,51.53206205368042
4.667422359716511e-08,8.045966670700011e-12,51.539570569992065
4.6626194460941406e-08,8.098551343427296e-12,51.54658389091492
4.657817953557242e-08,7.968020340753945e-12,51.55349397659302
4.653022500633597e-08,7.888762559860041e-12,51.560808420181274
4.648233442594574e-08,7.855032596593148e-12,51.56803321838379
4.643449003083333e-08,7.827676874738732e-12,51.57469391822815
4.638669537371243e-08,7.829430680172944e-12,51.582260608673096
4.633895045458303e-08,7.821035485910954e-12,51.5890908241272
4.629125882615881e-08,7.812613403435087e-12,51.595768451690674
4.624364180472185e-08,7.961937532885432e-12,51.60279560089111
4.619603188871224e-08,7.870635566897821e-12,51.609920024871826
4.614850723783093e-08,7.978225718963117e-12,51.61752676963806
4.610098969237697e-08,7.860180388508109e-12,51.62421107292175
4.6053557412051305e-08,7.940073078194221e-12,51.63169050216675
4.600614644800771e-08,7.847513437686526e-12,51.63842988014221
4.59587887746693e-08,7.824570852354995e-12,51.645309925079346
4.591148439203607e-08,7.776846874807397e-12,51.652400493621826
4.5864233300108026e-08,7.75909371475425e-12,51.65985155105591
4.5817024840744125e-08,7.740997946814598e-12,51.66783022880554
4.576986611937173e-08,7.729805510947596e-12,51.67457127571106
4.572276068870451e-08,7.710395689974892e-12,51.68286347389221
4.567570854874248e-08,7.720051160842178e-12,51.689544439315796
4.562870259405827e-08,7.714472290143437e-12,51.69637107849121
4.5581739271938204e-08,7.693643465367384e-12,51.703338623046875
4.5534822135095965e-08,7.66798517043421e-12,51.71026253700256
4.5487965394386265e-08,7.664335312240755e-12,51.71749496459961
4.544115128624071e-08,7.653161958331989e-12,51.72425937652588
4.539438336337298e-08,7.638205172522117e-12,51.73173999786377
4.5347665178496754e-08,7.637711643693201e-12,51.73863649368286
4.530099673161203e-08,7.620634158433948e-12,51.74595546722412
4.525437447000513e-08,7.627468101567558e-12,51.75311851501465
4.5207801946389736e-08,7.61369092772135e-12,51.76023888587952
4.5161279160765844e-08,7.610015048675756e-12,51.7680230140686
4.51147990077061e-08,7.609213606429854e-12,51.77493095397949
4.506836859263785e-08,7.586289235694821e-12,51.78259253501892
4.502201633727054e-08,7.717439534649095e-12,51.789490699768066
4.497566763461691e-08,7.636833006252619e-12,51.79732942581177
4.492937932809582e-08,7.605557676704233e-12,51.80507802963257
4.488314075956623e-08,7.579104011057325e-12,51.81220746040344
4.4836951929028146e-08,7.586019486194306e-12,51.81940746307373
4.4790809283767885e-08,7.559844243665292e-12,51.82652282714844
4.474471282378545e-08,7.538727454792227e-12,51.83408284187317
4.4698669654508194e-08,7.54322299068022e-12,51.8407301902771
4.4652669117795085e-08,7.549178296373249e-12,51.848848819732666
4.460671831907348e-08,7.529881232426483e-12,51.856224060058594
4.456081725834338e-08,7.525391768070655e-12,51.86351680755615
4.45149623828911e-08,7.50826744527755e-12,51.87049746513367
4.446917500899872e-08,7.637947566085934e-12,51.877684593200684
4.4423423162243125e-08,7.710800747906532e-12,51.88473391532898
4.4377689079055926e-08,7.570723561944881e-12,51.891759634017944
4.433201183928759e-08,7.518763389668948e-12,51.89976167678833
4.428639499565179e-08,7.493236933719949e-12,51.90650773048401
4.424081723186646e-08,7.458644812885495e-12,51.91398239135742
4.419529275878631e-08,7.456291660490333e-12,51.92117643356323
4.4149814470983983e-08,7.446998746829525e-12,51.92832398414612
4.410438236845948e-08,7.436770817215166e-12,51.93568515777588
4.405901776749488e-08,7.561977086179006e-12,51.942387342453
4.401367093009867e-08,7.483370693950331e-12,51.95057940483093
4.396837383069396e-08,7.453333089602054e-12,51.957613706588745
4.392312646928076e-08,7.419687260423746e-12,51.96561026573181
4.387792529314538e-08,7.399087419146522e-12,51.97251534461975
4.3832777407715184e-08,7.385535759352191e-12,51.979607582092285
4.378767215484913e-08,7.368705472188264e-12,51.98657703399658
4.374264150897034e-08,7.510761110274267e-12,51.993887186050415
4.369762152123258e-08,7.446335215099964e-12,52.00138831138611
4.365264771877264e-08,7.393976056424556e-12,52.0081045627594
4.360772720701789e-08,7.375962687850013e-12,52.01599144935608
4.356285288054096e-08,7.35412859081963e-12,52.02272987365723
4.3518053161051284e-08,7.471046351015254e-12,52.0297417640686
4.347325699427529e-08,7.392888384805119e-12,52.036818504333496
4.342852122363183e-08,7.343863364650538e-12,52.04379868507385
4.338385650726195e-08,7.463041469535359e-12,52.05079245567322
4.333919889631943e-08,7.369424515069056e-12,52.05748152732849
4.329460523422313e-08,7.335639040650932e-12,52.06549906730652
4.325005065197729e-08,7.308496689784061e-12,52.072200298309326
4.320557067671871e-08,7.431834661564274e-12,52.07925534248352
4.316110491231484e-08,7.343337743437317e-12,52.08624315261841
4.31166853331888e-08,7.295040439780909e-12,52.09338688850403
4.307234391376369e-08,7.418502444289654e-12,52.100781202316284
4.3028016705193295e-08,7.334972039474419e-12,52.107447147369385
4.2983732129187047e-08,7.278527607013086e-12,52.11548376083374
4.293950794931334e-08,7.258384865371781e-12,52.12223839759827
4.289531929657642e-08,7.227882788812812e-12,52.129228830337524
4.285118748725836e-08,7.209816511172251e-12,52.13624048233032
4.2807091205077086e-08,7.193697894314344e-12,52.14313840866089
4.2763048213600996e-08,7.186178301726853e-12,52.15078854560852
4.271905140740273e-08,7.1893038397496944e-12,52.157448291778564
4.267509723376861e-08,7.193282428041847e-12,52.16551232337952
4.2631192798125994e-08,7.176270428593812e-12,52.172234773635864
4.2587327442333844e-08,7.156948211156644e-12,52.179232120513916
4.25435118245332e-08,7.1554953802455135e-12,52.18628263473511
4.24997388392967e-08,7.143762144334875e-12,52.19339609146118
4.24560155920517e-08,7.1408360995117715e-12,52.20072031021118
4.241233497737085e-08,7.155613775122749e-12,52.20749592781067
4.236870054796782e-08,7.144613026199842e-12,52.2155020236969
4.232510519841526e-08,7.1210836706525615e-12,52.22233247756958
4.228156669228156e-08,7.129585116727455e-12,52.22921586036682
4.223806016057097e-08,7.128434127701144e-12,52.23715353012085
4.219460336685188e-08,7.1035122228835235e-12,52.244091510772705
4.215118920569694e-08,7.0873550084282755e-12,52.251508712768555
4.210782833524718e-08,7.0902706449105235e-12,52.25834894180298
4.2064527860929957e-08,7.2256545365079194e-12,52.26683449745178
4.202124159746745e-08,7.149339280310141e-12,52.27360439300537
4.197800151928277e-08,7.098443794567588e-12,52.28084349632263
4.193481117908959e-08,7.063841265392279e-12,52.28783893585205
4.189166702417424e-08,7.0569097440631445e-12,52.29527807235718
4.184856550182303e-08,7.037269638549004e-12,52.30265808105469
4.180553858645908e-08,7.183856808035127e-12,52.30983090400696
4.1762515223808805e-08,7.0915478350697114e-12,52.31751227378845
4.171954515186371e-08,7.048028827227881e-12,52.32422232627869
4.1676621265196445e-08,7.02822956083482e-12,52.33175253868103
4.163374001109332e-08,6.9949098596699955e-12,52.338430404663086
4.1590908494981704e-08,6.99335121062683e-12,52.345335960388184
4.154812316414791e-08,6.987376822975566e-12,52.35237526893616
4.150538046587826e-08,6.995819722133145e-12,52.359710931777954
4.146268040017276e-08,6.978590448569744e-12,52.367451906204224
4.14200229670314e-08,6.975501773420767e-12,52.37441062927246
4.1377415271881546e-08,6.966772644889652e-12,52.38218855857849
4.133484665658216e-08,6.946854116257617e-12,52.39002990722656
4.1292324226560595e-08,6.934201043223842e-12,52.39735674858093
4.124984442910318e-08,6.9325990260937775e-12,52.40483784675598
4.1207407264209905e-08,6.916269640333539e-12,52.41179823875427
4.116501628459446e-08,6.921050104552462e-12,52.418906927108765
4.1122667937543156e-08,6.901497602573858e-12,52.426520586013794
4.108036577576968e-08,6.907272497025385e-12,52.43422555923462
4.1038106246560346e-08,6.905788007410818e-12,52.441072940826416
4.099588934991516e-08,6.9063535272639864e-12,52.448877573013306
4.095374350754355e-08,7.041392208889663e-12,52.45593619346619
4.091159411245826e-08,6.942349473071374e-12,52.46303725242615
4.086950866621919e-08,6.9108425579389454e-12,52.470000982284546
4.082745874711691e-08,6.874881740281946e-12,52.47689771652222
4.078545856600613e-08,6.852430081694116e-12,52.48464059829712
4.0743525886455245e-08,6.9678282241247835e-12,52.49152636528015
4.070160031233172e-08,6.909970425711398e-12,52.49928522109985
4.06597244761997e-08,6.864358907676671e-12,52.50623631477356
4.061792679976861e-08,6.98616338390412e-12,52.51322913169861
4.0576125570623844e-08,6.905717317429172e-12,52.5202910900116
4.053438118489794e-08,6.854316159793372e-12,52.52742266654968
4.049268298444986e-08,6.825249566910774e-12,52.53455209732056
4.045102741656592e-08,6.806893156768856e-12,52.541226625442505
4.040941448124613e-08,6.7763568194212365e-12,52.54879307746887
4.0367847731204165e-08,6.77781702290714e-12,52.55558729171753
4.0326320061012666e-08,6.779605956491741e-12,52.562652349472046
4.028483857609899e-08,6.754048275520175e-12,52.569830656051636
4.0243424592745214e-08,6.904219383707666e-12,52.576929807662964
4.020202126753247e-08,6.828250638524214e-12,52.58412289619446
4.016066057488388e-08,6.783570666996086e-12,52.59095883369446
4.0119346067513106e-08,6.758520392641243e-12,52.59874367713928
4.007808129813384e-08,6.748027484015928e-12,52.60573863983154
4.003684850317768e-08,6.727158760599927e-12,52.61274981498718
3.9995665446213025e-08,6.713946672926019e-12,52.61987614631653
3.9954553443521945e-08,6.855548680823054e-12,52.62694597244263
3.9913444993544545e-08,6.794779149055241e-12,52.63407349586487
3.987238272884497e-08,6.74004558762209e-12,52.640968322753906
3.983136309670954e-08,6.703256873186181e-12,52.64875388145447
3.979039320256561e-08,6.674872026629641e-12,52.65572810173035
3.974946594098583e-08,6.672252160500047e-12,52.66276431083679
3.9708577759256514e-08,6.664422919772095e-12,52.66959834098816
3.96677393155187e-08,6.6696960454581955e-12,52.67639112472534
3.962693639891768e-08,6.664448073262497e-12,52.684022665023804
3.958617966759448e-08,6.671831056376254e-12,52.69076418876648
3.9545462016121746e-08,6.657217745814625e-12,52.69828796386719
3.950478344449948e-08,6.647577020096884e-12,52.70526099205017
3.946415105815504e-08,6.611750643509273e-12,52.712231159210205
3.9423561304374743e-08,6.609164604487461e-12,52.719000577926636
3.9383014183158593e-08,6.615126849074393e-12,52.72573971748352
3.934250614179291e-08,6.617736740544e-12,52.732975482940674
3.930204073299137e-08,6.610560189523884e-12,52.73966431617737
3.926161795675398e-08,6.592291816598372e-12,52.74641275405884
3.9221234260367055e-08,6.593138795335518e-12,52.75338554382324
3.9180893196544275e-08,6.593509592478508e-12,52.7603018283844
3.914059476528564e-08,6.580027321623216e-12,52.76751637458801
3.9100335413877474e-08,6.560512983561084e-12,52.77435493469238
3.906012224774713e-08,6.5463650125718864e-12,52.78208088874817
3.9019948161467255e-08,6.542778471785304e-12,52.78912901878357
3.8979816707751525e-08,6.546413584829214e-12,52.796151638031006
3.893972433388626e-08,6.529016476769511e-12,52.803141355514526
3.889967814529882e-08,6.54163789109985e-12,52.810261487960815
3.885966748384817e-08,6.5340016383586e-12,52.81740665435791
3.8819703007675344e-08,6.5168946628002544e-12,52.82441520690918
3.8779774058639305e-08,6.513212712222494e-12,52.83208656311035
3.873989129488109e-08,6.521050626567826e-12,52.838773250579834
3.870005116368702e-08,6.50719061967564e-12,52.84587287902832
3.866025011234342e-08,6.513730093499204e-12,52.85291123390198
3.8620488140850284e-08,6.503892910347808e-12,52.86024856567383
3.8580765249207616e-08,6.49124981197402e-12,52.86826968193054
3.854108854284277e-08,6.4826325731071055e-12,52.87562894821167
3.8501450916328395e-08,6.470455247986617e-12,52.88337206840515
3.8461852369664484e-08,6.463597452405212e-12,52.89055395126343
3.842229645556472e-08,6.450592664186683e-12,52.89750075340271
3.838277606860174e-08,6.4379044630025195e-12,52.905457496643066
3.834330897234395e-08,6.452807906065505e-12,52.91261053085327
3.830387740322294e-08,6.4382067385682085e-12,52.91977572441101
3.826448136123872e-08,6.428958927717776e-12,52.92693901062012
3.822512795181865e-08,6.4150130520135296e-12,52.93404984474182
3.81858207276764e-08,6.423181431181035e-12,52.940868854522705
3.814654547795726e-08,6.405389239849679e-12,52.94824028015137
3.8107316413515946e-08,6.404183607033875e-12,52.95641231536865
3.806812287621142e-08,6.395330012093359e-12,52.963284969329834
3.8028975524184716e-08,6.381047166353904e-12,52.97059202194214
3.798986725200848e-08,6.374096996747403e-12,52.97738218307495
3.795079805968271e-08,6.3732786409476105e-12,52.98440885543823
3.791176794720741e-08,6.355606145536097e-12,52.991074323654175
3.787278046729625e-08,6.3510694099655485e-12,52.998902797698975
3.783383206723556e-08,6.3543532415055726e-12,53.0061469078064
3.779492274702534e-08,6.3322125321008116e-12,53.01288461685181
3.775605961209294e-08,6.326803230621847e-12,53.01994276046753
3.771722845158365e-08,6.313729920826017e-12,53.02690672874451
3.7678443476352186e-08,6.315514517601928e-12,53.0340359210968
3.763969402825751e-08,6.301839258759934e-12,53.04081392288208
3.760098721272698e-08,6.29401912533023e-12,53.048269748687744
3.756232302976059e-08,6.28482639195016e-12,53.055049419403076
3.7523694373930994e-08,6.301041285960984e-12,53.06211519241333
3.748510835066554e-08,6.280177766715411e-12,53.069209575653076
3.7446561407250556e-08,6.275194773530668e-12,53.0761456489563
3.740805354368604e-08,6.2820291503451475e-12,53.083993673324585
3.7369584759971985e-08,6.2731265494664346e-12,53.09075403213501
3.733115860882208e-08,6.272264825579743e-12,53.09828186035156
3.729276798480896e-08,6.264661966265406e-12,53.10508155822754
3.725441644064631e-08,6.249385557655085e-12,53.11197900772095
3.7216107529047804e-08,6.23713363942513e-12,53.11892247200012
3.7177841250013444e-08,6.246678521670823e-12,53.12572908401489
3.713960694540219e-08,6.217746803538482e-12,53.133402824401855
3.710141527335509e-08,6.216016850552064e-12,53.14008665084839
3.706326268115845e-08,6.210426704150729e-12,53.1468985080719
3.7025152721525956e-08,6.208903616938821e-12,53.153897523880005
3.698708184174393e-08,6.196863334972935e-12,53.160792112350464
3.694904648909869e-08,6.193569528772924e-12,53.167704343795776
3.691105732173128e-08,6.185116221274489e-12,53.17466998100281
3.6873096576073294e-08,6.181828486606644e-12,53.182151317596436
3.6835182015693135e-08,6.169293808450105e-12,53.18898797035217
3.6797302982449764e-08,6.159849106485149e-12,53.19602727890015
3.675946658177054e-08,6.1423886810185735e-12,53.203125
3.67216657082281e-08,6.140828730932801e-12,53.21031880378723
3.668390746724981e-08,6.143022722449043e-12,53.21829175949097
3.6646184753408306e-08,6.130964225886659e-12,53.22529411315918
3.660850822484463e-08,6.1314711988225135e-12,53.23278999328613
3.657086367070406e-08,6.115943688989045e-12,53.2400062084198
3.6533258196413954e-08,6.112002397251626e-12,53.246761083602905
3.6495698907401675e-08,6.109083725003295e-12,53.25442719459534
3.6458168040098826e-08,6.0972802327918796e-12,53.26148986816406
3.64206833580738e-08,6.106073546091606e-12,53.26902937889099
3.6383237755899245e-08,6.095504309633348e-12,53.27573585510254
3.63458241281478e-08,6.082741081658849e-12,53.28454256057739
3.6308453132960494e-08,6.083927632516417e-12,53.29172968864441
3.627112121762366e-08,6.079242144407804e-12,53.29973363876343
3.623382838213729e-08,6.075868974608767e-12,53.30717396736145
3.619657107378771e-08,6.06424719468146e-12,53.31419062614441
3.6159352845288595e-08,6.0773153003068625e-12,53.321943283081055
3.6122177249353626e-08,6.068435684514206e-12,53.32904243469238
3.608503362784177e-08,6.055905343166357e-12,53.336952209472656
3.6047932638894054e-08,6.034813274102824e-12,53.34408140182495
3.601086717708313e-08,6.036201052883605e-12,53.35178899765015
3.597384434783635e-08,6.033946779726573e-12,53.35885977745056
3.5936849940299e-08,6.021060820066149e-12,53.3664608001709
3.589990527075315e-08,6.024184189684645e-12,53.372968435287476
3.5862992575630415e-08,6.015693151950607e-12,53.37956666946411
3.5826118960358144e-08,6.001716484904662e-12,53.386542558670044
3.578928442493634e-08,6.005554126914392e-12,53.39363384246826
3.575246410036925e-08,5.847956667526244e-12,53.40074276924133
3.571571838278942e-08,5.923663035783955e-12,53.407817363739014
3.5679001086919016e-08,5.948334706740166e-12,53.41544842720032
3.564232287089908e-08,5.965073920921604e-12,53.422293186187744
3.560567662930225e-08,5.960157280909817e-12,53.42935109138489
3.556907302026957e-08,5.9632580991231254e-12,53.43650984764099
3.553250493837368e-08,5.9699051258021996e-12,53.44330406188965
3.549596883090089e-08,5.957391698008241e-12,53.45076537132263
3.5459471803278575e-08,5.941879367005187e-12,53.45756244659424
3.542302096093408e-08,5.9390968705497205e-12,53.4653058052063
3.53866020930127e-08,5.940182373764813e-12,53.47223949432373
3.535021519951442e-08,5.915514172255554e-12,53.478967905044556
3.5313870938580294e-08,5.900298478966892e-12,53.48582363128662
3.527756575749663e-08,5.899410734228061e-12,53.49270725250244
3.524129255083608e-08,5.8898749592806166e-12,53.500121116638184
3.520506908216703e-08,5.892261505102692e-12,53.5068302154541
3.516887048249373e-08,5.884241878473251e-12,53.513596057891846
3.513271451538458e-08,5.87015115335876e-12,53.520514249801636
3.509659762812589e-08,5.873514782178679e-12,53.52738547325134
3.5060516268003994e-08,5.88204311646745e-12,53.534430742263794
3.502447398773256e-08,5.87030207430117e-12,53.54116439819336
3.498846368188424e-08,5.8685621466547655e-12,53.548781871795654
3.495248890317271e-08,5.848699129173962e-12,53.55581259727478
3.491655675702532e-08,5.8422320800555205e-12,53.56259727478027
3.488066013801472e-08,5.8346777929985105e-12,53.5694260597229
3.4844799046140906e-08,5.829341783586406e-12,53.57615685462952
3.480898058683124e-08,5.842876529826846e-12,53.58349418640137
3.477319765465836e-08,5.830204374834835e-12,53.59019756317139
3.473744669690859e-08,5.8235282915375386e-12,53.59740614891052
3.470172771358193e-08,5.8016911587410736e-12,53.604562520980835
3.4666058468246774e-08,5.783686030103041e-12,53.611653327941895
3.4630421197334726e-08,5.794936579206489e-12,53.61975383758545
3.4594819453559467e-08,5.798988025884633e-12,53.62692308425903
3.4559256789634674e-08,5.787542320390138e-12,53.63392233848572
3.452372965284667e-08,5.785528306434529e-12,53.64067578315735
3.448820962148602e-08,5.618282315072998e-12,53.64738750457764
3.4452771302539986e-08,5.692442611032744e-12,53.65420699119568
3.441736140530338e-08,5.731899763855575e-12,53.66122364997864
3.4381983482489886e-08,5.744741488067362e-12,53.669135332107544
3.43466375340995e-08,5.741023108296606e-12,53.676116943359375
3.431133066555958e-08,5.738176427072528e-12,53.684399366378784
3.427606287687013e-08,5.734311463168051e-12,53.69147491455078
3.4240827062603785e-08,5.739326115056231e-12,53.69959735870361
3.420560190647848e-08,5.582888318311774e-12,53.70662474632263
3.4170422935630995e-08,5.500146778997239e-12,53.71341872215271
3.413531501905709e-08,5.601899152885004e-12,53.72048306465149
3.410020710248318e-08,5.489591854007658e-12,53.727911710739136
3.406517379289653e-08,5.603661631936596e-12,53.73524785041809
3.403016890501931e-08,5.658107229272735e-12,53.74243950843811
3.399518888613784e-08,5.6658657800190415e-12,53.75023579597473
3.3960247947106836e-08,5.68510126128241e-12,53.75721287727356
3.3925335429785264e-08,5.6910765162954124e-12,53.76399803161621
3.389046554502784e-08,5.685573539748745e-12,53.771180868148804
3.385560276569777e-08,5.53410182263514e-12,53.778395652770996
3.382081459335495e-08,5.596328522122773e-12,53.78539252281189
3.378605484272157e-08,5.622625195295106e-12,53.79204201698303
3.3751323513797615e-08,5.6262312517207924e-12,53.80014395713806
3.371660639572838e-08,5.474213096712255e-12,53.807034969329834
3.3681960331932714e-08,5.553728484042342e-12,53.81497097015381
3.364734624256016e-08,5.5911434336530785e-12,53.82196927070618
3.3612767680324396e-08,5.612257186760061e-12,53.828797817230225
3.357821753979806e-08,5.6219568930759856e-12,53.83597540855408
3.3543702926408514e-08,5.60829074153224e-12,53.84306859970093
3.3509223840155755e-08,5.607934255857927e-12,53.85070848464966
3.3474780281039784e-08,5.609906636450113e-12,53.85765814781189
3.34403722490606e-08,5.609044912563421e-12,53.864959478378296
3.340599619150453e-08,5.6007143367509116e-12,53.872406244277954
3.337165566108524e-08,5.593304465423277e-12,53.878777265548706
3.3337354210516423e-08,5.578213672224885e-12,53.88558053970337
3.330309183979807e-08,5.585736300578459e-12,53.8924286365509
3.326886144350283e-08,5.583282967902559e-12,53.90023422241211
3.3234663021630695e-08,5.563953811571487e-12,53.90691351890564
3.3200478810613276e-08,5.419029374537088e-12,53.914018392562866
3.316634433758736e-08,5.3428247069609025e-12,53.92083215713501
3.3132270260693986e-08,5.461205272727643e-12,53.927831411361694
3.309822460551004e-08,5.502238421828398e-12,53.93483066558838
3.3064207372035526e-08,5.513769128773216e-12,53.94188475608826
3.303022211298412e-08,5.518534414161724e-12,53.949400663375854
3.29962723810695e-08,5.5101400872614725e-12,53.9561653137207
3.2962354623577994e-08,5.501520246309344e-12,53.9630446434021
3.292847949865063e-08,5.506508009983646e-12,53.97104358673096
3.28946327954327e-08,5.482564922887345e-12,53.97830057144165
3.2860821619351555e-08,5.481369264731528e-12,53.985527753829956
3.2827021101411447e-08,5.3390868115510415e-12,53.992228507995605
3.279329874317227e-08,5.413374609686272e-12,53.9998881816864
3.275959414850149e-08,5.438303019716928e-12,54.00684905052185
3.272592863368118e-08,5.456902291145482e-12,54.01413941383362
3.2692291540570295e-08,5.449244788041652e-12,54.02103352546692
3.26586899745962e-08,5.452483950452169e-12,54.02782320976257
3.262512748847257e-08,5.4634699542255305e-12,54.034687519073486
3.25915721077763e-08,5.299311770651238e-12,54.04168343544006
3.2558087781353606e-08,5.376121856720539e-12,54.04920744895935
3.252460345493091e-08,5.254552869204954e-12,54.05591011047363
3.249119018278179e-08,5.341577874462544e-12,54.06315064430237
3.2457808885055783e-08,5.389533437594185e-12,54.07041811943054
3.2424448903611847e-08,5.396209087210613e-12,54.07713294029236
3.2391103133022625e-08,5.267121374469275e-12,54.085243940353394
3.235780354771123e-08,5.1970177293581e-12,54.09398436546326
3.232456435853237e-08,5.305828693069614e-12,54.10247564315796
3.229132516935351e-08,5.196955279312965e-12,54.11123847961426
3.22581286127388e-08,5.149440335944222e-12,54.11959505081177
3.2224971135974556e-08,5.117870970766658e-12,54.12675476074219
3.219187760805653e-08,5.263036100683349e-12,54.13496398925781
3.2158805396420576e-08,5.312255843548108e-12,54.14208626747131
3.212575805378037e-08,5.3248043994924554e-12,54.150418519973755
3.209271426385385e-08,5.189097849328528e-12,54.15754175186157
3.205974508091458e-08,5.280858649675535e-12,54.16505551338196
3.202680431968474e-08,5.308310215001999e-12,54.17274785041809
3.1993895532878014e-08,5.330460465385878e-12,54.179683208465576
3.1961015167780715e-08,5.332670503094272e-12,54.18737196922302
3.1928166777106526e-08,5.327312809638718e-12,54.194201946258545
3.18953574662828e-08,5.325860412408456e-12,54.20223879814148
3.186257657716851e-08,5.317431391038685e-12,54.209455728530884
3.182983121519101e-08,5.3148505561873005e-12,54.21794891357422
3.179711782763661e-08,5.309121198227018e-12,54.2252357006073
3.176441865093693e-08,5.157433508040654e-12,54.233458280563354
3.173178697579715e-08,5.2294414458475824e-12,54.240928411483765
3.169918016965312e-08,5.261491763108861e-12,54.24936819076538
3.1666608890645875e-08,5.282269413542373e-12,54.25679111480713
3.1634062480634384e-08,5.269575574506913e-12,54.264164686203
3.160155870318704e-08,5.2779703350880336e-12,54.27144503593445
3.1569076242021765e-08,5.272722362892335e-12,54.278995752334595
3.1536611544424886e-08,5.127589759040818e-12,54.28741765022278
3.1504214348387904e-08,5.189822530060617e-12,54.29452323913574
3.147184912677403e-08,5.231573420999558e-12,54.30238914489746
3.143948745787384e-08,5.100096560350931e-12,54.309956073760986
3.140716131611043e-08,5.020697399493734e-12,54.31839609146118
3.137490978133428e-08,5.14493092226842e-12,54.32550358772278
3.1342676010126524e-08,5.188037933284706e-12,54.33360481262207
3.1310445791632446e-08,5.072153200919027e-12,54.34128952026367
3.127826531112987e-08,5.0102773492544106e-12,54.34965252876282
3.124611325233673e-08,4.9621947176281545e-12,54.35724472999573
3.12140251423898e-08,5.0909068627369436e-12,54.3650643825531
3.1181933479729196e-08,5.004066605529545e-12,54.37345600128174
3.114990931862849e-08,5.1063155440123076e-12,54.381773233413696
3.111790647380985e-08,5.1514300637711674e-12,54.3897168636322
3.108593560341433e-08,5.1701195408204725e-12,54.39666771888733
3.105396828573248e-08,5.032073282368321e-12,54.404754877090454
3.102206846961053e-08,5.101356403275359e-12,54.41271424293518
3.099019707519801e-08,5.144208409940676e-12,54.42062973976135
3.095832923349917e-08,5.000276668415404e-12,54.42778277397156
3.092652889336023e-08,5.089082367321085e-12,54.435965061187744
3.089473565864864e-08,4.9790263058346884e-12,54.44307589530945
3.0863006372783275e-08,5.08116378833412e-12,54.45157837867737
3.083126642877687e-08,4.94904985048894e-12,54.45885944366455
3.07996046444714e-08,5.047743906888558e-12,54.46726059913635
3.0767964176448004e-08,5.0888963182282865e-12,54.47419619560242
3.0736323708424607e-08,4.956336556449781e-12,54.4823842048645
3.0704757847388464e-08,5.0432678866396685e-12,54.490209341049194
3.0673213302634394e-08,5.089238926114792e-12,54.49839639663696
3.064167586330768e-08,4.958240849145534e-12,54.50642442703247
3.061020237282719e-08,5.049204977736199e-12,54.514007568359375
3.057875375134245e-08,5.076651338892235e-12,54.5226616859436
3.054731578799874e-08,4.943900757531372e-12,54.52986145019531
3.0515938220787575e-08,5.018567592746104e-12,54.53770685195923
3.048458907528584e-08,5.063261875742908e-12,54.544668674468994
3.0453264798779855e-08,5.0665999173915566e-12,54.552407026290894
3.042197604941066e-08,5.082251459953557e-12,54.55974364280701
3.039071927446457e-08,5.082438376408094e-12,54.568031311035156
3.0359466052232165e-08,4.928586618685449e-12,54.574865102767944
3.032825901527758e-08,4.856388728657901e-12,54.582836627960205
3.0297115927169216e-08,4.961774480866099e-12,54.58989596366882
3.0265990602629245e-08,4.992579700352495e-12,54.59677290916443
3.023489725251238e-08,5.0174712475092864e-12,54.60467314720154
3.020383587681863e-08,5.039811450113785e-12,54.611785650253296
3.017280292283431e-08,5.045572466777504e-12,54.61925721168518
3.0141798390559416e-08,5.029447344706561e-12,54.62665677070618
3.011080451642556e-08,4.887073818543586e-12,54.63399863243103
3.00798781438516e-08,4.957718697379265e-12,54.641114950180054
3.0048980192987074e-08,4.991541902032992e-12,54.64878964424133
3.001810355840462e-08,5.007470132989411e-12,54.65548920631409
2.998726245095895e-08,5.007279313407054e-12,54.66301965713501
2.9956449765222715e-08,5.0118611517879774e-12,54.669870138168335
2.992566905390959e-08,4.9996690815179434e-12,54.67660427093506
2.9894927422446926e-08,4.996383515254443e-12,54.684123277664185
2.986420710726634e-08,4.994091511861809e-12,54.69102907180786
2.983352587193622e-08,4.9901458833157e-12,54.69927787780762
2.9802873058315527e-08,4.9912825608733336e-12,54.70628356933594
2.9772252219117945e-08,4.994989231260627e-12,54.71331477165222
2.9741634932634042e-08,4.824286803373212e-12,54.7203893661499
2.9711088700423716e-08,4.89460035002498e-12,54.72793745994568
2.968056733720914e-08,4.916102247509713e-12,54.735159397125244
2.9650074395703996e-08,4.9353372950922125e-12,54.74221706390381
2.961961342862196e-08,4.937414626454695e-12,54.75013756752014
2.9589182659606195e-08,4.947500308744024e-12,54.75749659538269
2.95587820886567e-08,4.941868528979265e-12,54.765469789505005
2.9528413492130312e-08,4.941556278753589e-12,54.77227807044983
2.9498075093670195e-08,4.936715532893876e-12,54.7794930934906
2.9467766893276348e-08,4.92335165691582e-12,54.786914348602295
2.943749066730561e-08,4.9154352463332e-12,54.7942590713501
2.940724819211482e-08,4.920779062000946e-12,54.801701068878174
2.937700926963771e-08,4.766434209130255e-12,54.80907988548279
2.9346841401434176e-08,4.837833258997115e-12,54.81672286987305
2.9316696625869554e-08,4.868945958219628e-12,54.82353711128235
2.928655185030493e-08,4.730728395824224e-12,54.830299377441406
2.9256476352657046e-08,4.8087896512005734e-12,54.83751344680786
2.922640085500916e-08,4.694930208493098e-12,54.844637632369995
2.9196391082564332e-08,4.7857425487796146e-12,54.85183787345886
2.9166377757405826e-08,4.6796889280331655e-12,54.858943462371826
2.9136430157450377e-08,4.784786716144351e-12,54.866782903671265
2.910650209742016e-08,4.820369797764457e-12,54.873894929885864
2.9076604235456216e-08,4.8437213441554494e-12,54.88164210319519
2.904673301884486e-08,4.848087643144483e-12,54.888513803482056
2.9016893776656616e-08,4.850980294540674e-12,54.8953857421875
2.898708117982096e-08,4.846148222298341e-12,54.902660846710205
2.8957273912055825e-08,4.68549938431595e-12,54.909915924072266
2.8927537698564265e-08,4.760861409963679e-12,54.917628049850464
2.8897826354068457e-08,4.791679639876145e-12,54.924551486968994
2.886814165492524e-08,4.803936328595659e-12,54.93216872215271
2.8838483601134612e-08,4.8022766319100185e-12,54.939112424850464
2.8808859298123934e-08,4.8085567645739236e-12,54.946547508239746
2.8779238547826935e-08,4.6637515897784976e-12,54.95368957519531
2.8749687075446673e-08,4.735796824140159e-12,54.96125817298889
2.872013560306641e-08,4.625425476662004e-12,54.96918320655823
2.8690642750461848e-08,4.706971357820722e-12,54.976478576660156
2.8661176543209876e-08,4.75617418713159e-12,54.984015226364136
2.8631736981310496e-08,4.7669758765356285e-12,54.99079918861389
2.8602324064763707e-08,4.767963801555197e-12,54.99891924858093
2.8572916477287436e-08,4.617524678590668e-12,55.006306648254395
2.8543572838657383e-08,4.689680501573923e-12,55.013954639434814
2.8514234529097848e-08,4.573188182310783e-12,55.02153277397156
2.8484929970318262e-08,4.5084045004195605e-12,55.02839136123657
2.8455666267745983e-08,4.4844006980016005e-12,55.03530764579773
2.8426455855878885e-08,4.623877235959695e-12,55.041983127593994
2.839726498393702e-08,4.686831218264631e-12,55.05016589164734
2.8368100757347747e-08,4.720368627225691e-12,55.05695366859436
2.8338934754401635e-08,4.575340106782733e-12,55.0639808177948
2.8309811384019667e-08,4.500420001940508e-12,55.07151770591736
2.828075018612708e-08,4.616874157287176e-12,55.078842878341675
2.8251706751802885e-08,4.667903650418248e-12,55.08657383918762
2.8222688186474443e-08,4.696637610074328e-12,55.09381675720215
2.819367317385968e-08,4.553262281103976e-12,55.1017119884491
2.8164727439161652e-08,4.637591959760767e-12,55.10866403579712
2.8135801244388858e-08,4.668355112202871e-12,55.116671323776245
2.8106903471325495e-08,4.6861169458733976e-12,55.124173402786255
2.8078030567257883e-08,4.6911606543798e-12,55.132108211517334
2.804918786125654e-08,4.689755962045128e-12,55.139198303222656
2.802037357696463e-08,4.6697827896236e-12,55.146384954452515
2.7991593043452667e-08,4.683685297240947e-12,55.154961347579956
2.7962814286297544e-08,4.53167971897761e-12,55.162124156951904
2.7934076385349726e-08,4.442115512232059e-12,55.169026613235474
2.790539888053445e-08,4.554353855851234e-12,55.17657446861267
2.7876742692001244e-08,4.602887515581244e-12,55.185036420822144
2.784810959610695e-08,4.614029644467443e-12,55.191853523254395
2.7819508474635768e-08,4.629388886123742e-12,55.20047736167908
2.7790907353164584e-08,4.477186416745882e-12,55.20787954330444
2.7762350640614386e-08,4.414215954567924e-12,55.21613812446594
2.7733852547839888e-08,4.5274821218466155e-12,55.22338247299194
2.7705372218633784e-08,4.574235521609404e-12,55.23064851760864
2.767692031113711e-08,4.6052705919563675e-12,55.23837399482727
2.7648466627283597e-08,4.455506276423993e-12,55.245747327804565
2.762007866863314e-08,4.532824202790886e-12,55.25347709655762
2.7591715578978437e-08,4.569904350770759e-12,55.26088762283325
2.7563375581962646e-08,4.588564771201842e-12,55.2685980796814
2.7535042690374212e-08,4.444064474057319e-12,55.27540159225464
2.7506770194918317e-08,4.52290115082743e-12,55.284747838974
2.7478497699462423e-08,4.398047464410082e-12,55.29179859161377
2.7450264283856995e-08,4.353272083090776e-12,55.30077266693115
2.7422089488027268e-08,4.471578489428918e-12,55.3081169128418
2.7393907586770183e-08,4.374638238463513e-12,55.31676387786865
2.7365787858002477e-08,4.481648992887832e-12,55.323843002319336
2.7337685892803165e-08,4.519295961763481e-12,55.33157825469971
2.7309608796599605e-08,4.532606061313782e-12,55.33914232254028
2.7281561898462314e-08,4.549384740454299e-12,55.346442222595215
2.7253541645677615e-08,4.550234321276658e-12,55.35387396812439
2.7225548038245506e-08,4.558789543779307e-12,55.36131262779236
2.7197584628879667e-08,4.554598885542216e-12,55.36840867996216
2.716964964122326e-08,4.550806346342862e-12,55.37566113471985
2.7141741298919442e-08,4.539930931191094e-12,55.38403511047363
2.7113863154681894e-08,4.538442538448706e-12,55.390838861465454
2.7085988563158025e-08,4.3750471995229745e-12,55.398847818374634
2.7058154827841463e-08,4.29021011424946e-12,55.405534982681274
2.7030358396018528e-08,4.251194014870396e-12,55.413031816482544
2.7002618807614454e-08,4.390066001697113e-12,55.42038607597351
2.6974868561069343e-08,4.296425194783016e-12,55.427773237228394
2.694718226337045e-08,4.406205435236732e-12,55.43518114089966
2.6919511952883113e-08,4.453947193699959e-12,55.44273233413696
2.6891868287748366e-08,4.471036822023544e-12,55.45068955421448
2.686422462261362e-08,4.332300143627954e-12,55.45741271972656
2.683664668268193e-08,4.4090837751642464e-12,55.465436697006226
2.6809088282675475e-08,4.438524200955918e-12,55.472602128982544
2.678153165902586e-08,4.311086643921103e-12,55.4801607131958
2.675401589158355e-08,4.242496978723587e-12,55.48732137680054
2.67265569675601e-08,4.354337636985894e-12,55.49489235877991
2.6699115807105045e-08,4.416967226000823e-12,55.503008127212524
2.667170306835942e-08,4.452203796606602e-12,55.510586977005005
2.664430809318219e-08,4.4458070037889375e-12,55.51790976524353
2.6616945092428068e-08,4.448032654008616e-12,55.52493691444397
2.6589583868030786e-08,4.298019839338307e-12,55.5329794883728
2.656226349984081e-08,4.23262163165572e-12,55.54013729095459
2.6534999975069695e-08,4.334339311073965e-12,55.548261642456055
2.65077328975849e-08,4.2417670938210694e-12,55.55507946014404
2.6480501347236896e-08,4.192933326929715e-12,55.56228709220886
2.645329821859832e-08,4.1576872153448186e-12,55.56918382644653
2.6426155486092284e-08,4.301158387787218e-12,55.57643508911133
2.6399025188084124e-08,4.360867136149471e-12,55.58382749557495
2.6371893113719125e-08,4.231913430796652e-12,55.59059023857117
2.6344798342847753e-08,4.17023403656569e-12,55.59823131561279
2.631773732275633e-08,4.1402697242842734e-12,55.60508704185486
2.6290729593370088e-08,4.27338112812814e-12,55.61284518241882
2.626371653491333e-08,4.18310915420439e-12,55.61969804763794
2.6236737227236517e-08,4.13691650380521e-12,55.62656569480896
2.6209786341269137e-08,4.110577763588585e-12,55.63393545150757
2.6182890522363778e-08,4.245708385558489e-12,55.64081382751465
2.615598759803106e-08,4.156904421376284e-12,55.64881134033203
2.6129143293474044e-08,4.25563794273498e-12,55.65594434738159
2.610231852884226e-08,4.310059687623324e-12,55.66302132606506
2.607551330413571e-08,4.324150412737815e-12,55.67027306556702
2.604874005385227e-08,4.338281470173122e-12,55.67751216888428
2.6021988119850903e-08,4.340521865542346e-12,55.68456196784973
2.5995241514920053e-08,4.193602496510573e-12,55.69166564941406
2.5968558858835422e-08,4.267316101175256e-12,55.69931483268738
2.5941895742676024e-08,4.298940110142313e-12,55.70637106895447
2.591525571915554e-08,4.308751706122438e-12,55.71327066421509
2.5888642340987644e-08,4.31637408107588e-12,55.72035789489746
2.586205738452918e-08,4.316125148257077e-12,55.727582693099976
2.5835474204427555e-08,4.168050453390304e-12,55.73441457748413
2.580895497317215e-08,4.240463882809742e-12,55.741294860839844
2.5782458834555655e-08,4.279363755715915e-12,55.749083280563354
2.5755984012221234e-08,4.288555188053378e-12,55.75550985336304
2.5729509189886812e-08,4.140316128137256e-12,55.761964559555054
2.5703075223759697e-08,4.071615440637277e-12,55.76848888397217
2.5676699877408282e-08,4.187821530526881e-12,55.77501463890076
2.5650340518268422e-08,4.235865564555796e-12,55.7830286026001
2.5624004251767474e-08,4.26025143981934e-12,55.790082693099976
2.5597691077905438e-08,4.270190971655818e-12,55.797325134277344
2.557138323311392e-08,4.128127093633305e-12,55.80435371398926
2.5545135784454942e-08,4.20464661352038e-12,55.81134033203125
2.5518911428434876e-08,4.2431206118132e-12,55.81853461265564
2.5492706612340044e-08,4.2520028296910706e-12,55.82548499107361
2.546653021795464e-08,4.254278786891552e-12,55.83306407928467
2.544037869256499e-08,4.251653282910661e-12,55.83995580673218
2.5414252036171092e-08,4.2398870872539796e-12,55.84682106971741
2.5388157354200303e-08,4.249725137767113e-12,55.85400605201721
2.5362059119515834e-08,4.08607175872433e-12,55.860973834991455
2.5336026610034423e-08,4.160182181384142e-12,55.8680636882782
2.5310017193191925e-08,4.193497545740277e-12,55.87492799758911
2.528402731627466e-08,4.207917000953465e-12,55.882604360580444
2.5258067637423665e-08,4.216126579803525e-12,55.89034700393677
2.523210795857267e-08,4.0711522694691915e-12,55.89733695983887
2.5206183806858462e-08,3.991448230961092e-12,55.90427827835083
2.5180295182281043e-08,3.947276967092295e-12,55.911301136016846
2.5154459848408806e-08,4.076100134503546e-12,55.9182653427124
2.5128640501748123e-08,4.1395112164444026e-12,55.92519688606262
2.510281760237376e-08,4.006196416272978e-12,55.932921409606934
2.5077030230136188e-08,3.953843329129736e-12,55.93973970413208
2.5051301477674315e-08,4.078220400272059e-12,55.946895360946655
2.502557627792612e-08,4.061398786725512e-12,55.95371985435486
2.499990081616943e-08,4.1975546302697175e-12,55.96084690093994
2.49742146962717e-08,4.107597942337726e-12,55.967875719070435
2.4948578314365477e-08,4.1383914524406595e-12,55.97470545768738
2.492295081424345e-08,4.0778053676804316e-12,55.9821834564209
2.4897353512187692e-08,4.043344652149283e-12,55.98927140235901
2.4871786408198204e-08,4.032423266825402e-12,55.99614119529724
2.4846247725918147e-08,4.018080573126026e-12,56.00299072265625
2.4820719701779126e-08,3.928989078527678e-12,56.01001691818237
2.4795252073772645e-08,4.034942952674259e-12,56.01737928390503
2.4769787998479842e-08,4.015018352510058e-12,56.02422308921814
2.474435234489647e-08,4.00281500653743e-12,56.031641483306885
2.4718930902167813e-08,3.918702601996005e-12,56.03859305381775
2.4693543210219104e-08,3.8744437345916705e-12,56.045482873916626
2.4668210585332417e-08,4.000146568150509e-12,56.052724838256836
2.4642865525947855e-08,3.904326081188847e-12,56.05993628501892
2.461755777005692e-08,3.8709322205954244e-12,56.06736731529236
2.459229087037329e-08,3.915290834599627e-12,56.07449007034302
2.4567043510614894e-08,3.9377906317639155e-12,56.082130432128906
2.4541812138068053e-08,3.885295297295643e-12,56.08898186683655
2.451661806901484e-08,3.926732636966301e-12,56.095962047576904
2.44914453162437e-08,3.928612643533391e-12,56.102845191955566
2.4466315196036703e-08,4.021363537304312e-12,56.10992741584778
2.4441186852186547e-08,3.972564031201609e-12,56.11743187904358
2.4416101140900537e-08,4.0235041860736676e-12,56.124531507492065
2.4391022535041884e-08,3.96603973620846e-12,56.13247227668762
2.436597590360634e-08,3.950548655567987e-12,56.13931608200073
2.4340968352021264e-08,4.0042170967868884e-12,56.14637851715088
2.4315967905863545e-08,3.959725776436773e-12,56.15337419509888
2.429101186862681e-08,4.013144417475134e-12,56.160356283187866
2.4266062936817434e-08,3.959493323490992e-12,56.16745972633362
2.4241156637572203e-08,4.0043606451545255e-12,56.17438983917236
2.421625922011117e-08,3.95727374480348e-12,56.18221735954285
2.4191393777073245e-08,3.933801201450038e-12,56.189199924468994
2.416655320303107e-08,3.926263827946919e-12,56.196109771728516
2.414173927434149e-08,3.903489944473426e-12,56.203035831451416
2.411694843829082e-08,3.8854392793441495e-12,56.21032667160034
2.4092191353020098e-08,3.900191801464725e-12,56.21749544143677
2.406745558403145e-08,3.894474586568775e-12,56.22442936897278
2.4042742907681713e-08,3.884048464797285e-12,56.23208785057068
2.4018058653041408e-08,3.876116008022512e-12,56.23896789550781
2.3993399267396853e-08,3.878018132313921e-12,56.24617266654968
2.3968775408889087e-08,3.939847580125555e-12,56.253077030181885
2.3944160432165518e-08,3.892300544372507e-12,56.259920835494995
2.3919575653508218e-08,3.881232141234037e-12,56.26709580421448
2.389501574384667e-08,3.86638507668402e-12,56.27416968345642
2.387049491403559e-08,3.930572013699507e-12,56.2815797328949
2.3845981189651866e-08,3.89154030180916e-12,56.28836417198181
2.3821492334263894e-08,3.859902415054295e-12,56.29512047767639
2.3797033676942192e-08,3.8385392954476405e-12,56.30187916755676
2.377260166497308e-08,3.8300070580310486e-12,56.308757066726685
2.374819452199972e-08,3.825769128579237e-12,56.31649827957153
2.3723812248022114e-08,3.813922701961792e-12,56.32331991195679
2.3699456619397097e-08,3.819348049632909e-12,56.33027482032776
2.367512585976783e-08,3.811503630074542e-12,56.337096214294434
2.3650830627275354e-08,3.888416932190664e-12,56.3442177772522
2.3626544276567074e-08,3.851603931626091e-12,56.35112714767456
2.3602284571211385e-08,3.820155129730107e-12,56.35835790634155
2.3578053287565126e-08,3.802814400183374e-12,56.365973472595215
2.355384509655778e-08,3.7997192198213625e-12,56.37288427352905
2.3529663550903024e-08,3.798257715292852e-12,56.38004922866821
2.350550865060086e-08,3.7866996864532876e-12,56.386903285980225
2.3481376842937607e-08,3.7928453780478044e-12,56.39379644393921
2.3457268127913267e-08,3.780901373234835e-12,56.400843143463135
2.3433187834598357e-08,3.785336627482039e-12,56.407715797424316
2.340913063392236e-08,3.781669422053824e-12,56.41541814804077
2.3385098302242113e-08,3.772063824486471e-12,56.42247533798218
2.336109083955762e-08,3.7681546251333575e-12,56.42935347557068
2.3337108245868876e-08,3.767801175225127e-12,56.43629336357117
2.3313146968462206e-08,3.757071910526211e-12,56.443331480026245
2.3289215889121806e-08,3.7552174911303915e-12,56.45071339607239
2.3265307902420318e-08,3.7543982679688614e-12,56.45759677886963
2.3241423008357742e-08,3.746006109472955e-12,56.465227127075195
2.321756120693408e-08,3.737534153697153e-12,56.472036838531494
2.3193724274506167e-08,3.728802856761693e-12,56.479228496551514
2.3169913987430846e-08,3.722372670517116e-12,56.48609709739685
2.3146130345708116e-08,3.72950672081207e-12,56.492870807647705
2.3122382231122174e-08,3.7998710081255105e-12,56.50073313713074
2.309863944560675e-08,3.766185713988124e-12,56.50773572921753
2.3074923305443917e-08,3.7438537513201364e-12,56.516028881073
2.3051235586990515e-08,3.739796666790696e-12,56.52291965484619
2.3027570961176025e-08,3.725205907634255e-12,56.52982234954834
2.3003929428000447e-08,3.712454822724087e-12,56.53663635253906
2.298031276382062e-08,3.704477263138939e-12,56.54383182525635
2.2956724521350225e-08,3.699093115150376e-12,56.55076360702515
2.29331575951619e-08,3.695365628081371e-12,56.5576446056366
2.290961553796933e-08,3.698032331744816e-12,56.565481424331665
2.288609834977251e-08,3.690904352982027e-12,56.5723032951355
2.286261491235564e-08,3.756888029837757e-12,56.57920241355896
2.2839136804009286e-08,3.70669293869863e-12,56.586119413375854
2.281569955187024e-08,3.75931013749109e-12,56.59324789047241
2.2792272957872228e-08,3.712622223539519e-12,56.60117840766907
2.276887300922681e-08,3.683835788498291e-12,56.60805821418762
2.274549792957714e-08,3.6683039418561325e-12,56.616286516189575
2.27221601534211e-08,3.731647369581426e-12,56.62313508987427
2.2698827706335578e-08,3.686575350547727e-12,56.63020873069763
2.2675525457316326e-08,3.661912353208896e-12,56.6369903087616
2.26522605117907e-08,3.7342060867084914e-12,56.644028663635254
2.2629000895335594e-08,3.6850605032723305e-12,56.650981426239014
2.260576614787624e-08,3.6624687657638155e-12,56.65802049636841
2.2582559822126314e-08,3.6470566150414996e-12,56.665913581848145
2.255938014172898e-08,3.649447931353134e-12,56.67276644706726
2.253622177761372e-08,3.641286924760401e-12,56.679654121398926
2.251308828249421e-08,3.6334678755328698e-12,56.686522245407104
2.2489977880013612e-08,3.6251375165607946e-12,56.69373345375061
2.2466894122885606e-08,3.6310895696473056e-12,56.700841188430786
2.2443829905682833e-08,3.617001446618029e-12,56.707606077194214
2.242079055747581e-08,3.6116259722468458e-12,56.71540546417236
2.239777963097822e-08,3.6163517926762756e-12,56.722212076187134
2.237479712619006e-08,3.67435032053165e-12,56.72935700416565
2.2351825279542936e-08,3.6404867835571064e-12,56.73627519607544
2.2328881854605243e-08,3.6213699140114075e-12,56.74325132369995
2.2305970404090658e-08,3.681105333747103e-12,56.75069522857666
2.228306605900343e-08,3.6310741739764563e-12,56.75766396522522
2.226020079376667e-08,3.6763040528464686e-12,56.765416860580444
2.2237346186670948e-08,3.623450931661276e-12,56.77223086357117
2.2214514672214136e-08,3.599487678404567e-12,56.77888464927673
2.2191711579466755e-08,3.5889214777123923e-12,56.78548264503479
2.2168944013856162e-08,3.644881705483494e-12,56.79226756095886
2.2146181777316087e-08,3.6008956233457567e-12,56.80009698867798
2.2123447962485443e-08,3.5799273701703216e-12,56.80693078041077
2.210073724029371e-08,3.5670945364163487e-12,56.814051389694214
2.2078063821595606e-08,3.6345696417805495e-12,56.820964336395264
2.2055406390109056e-08,3.658324945060576e-12,56.82799196243286
2.2032757840406703e-08,3.5962615264201192e-12,56.83489966392517
2.201014126512746e-08,3.5673783805451054e-12,56.8419075012207
2.1987546006130287e-08,3.5460900708883525e-12,56.84991908073425
2.1964977392485707e-08,3.5357175087041837e-12,56.85683608055115
2.1942442529621076e-08,3.6053816182546328e-12,56.86397051811218
2.191991832489748e-08,3.5705230005261823e-12,56.870912313461304
2.1897415436455958e-08,3.5502250011337777e-12,56.87795972824097
2.1874948075151224e-08,3.604489753547546e-12,56.884894132614136
2.1852487819273847e-08,3.554393107965681e-12,56.89175724983215
2.18300559851059e-08,3.5314784950502e-12,56.89926362037659
2.1807647243576866e-08,3.5214316271986457e-12,56.90611529350281
2.1785265147400423e-08,3.5157378310696208e-12,56.91297125816345
2.1762904367506053e-08,3.497091288426346e-12,56.919827699661255
2.1740566680250595e-08,3.4968018064462925e-12,56.927008867263794
2.1718253861990888e-08,3.500486792790136e-12,56.93411302566528
2.169597301815429e-08,3.5672079439635906e-12,56.94088339805603
2.1673697503388212e-08,3.5172500762598036e-12,56.94876027107239
2.1651452186688402e-08,3.503953637656876e-12,56.955650806427
2.1629228186270666e-08,3.4945362575866667e-12,56.96255016326904
2.160702727849184e-08,3.491832691049357e-12,56.969374656677246
2.158485123970877e-08,3.486287213777528e-12,56.975698709487915
2.156269474085093e-08,3.477210923710783e-12,56.98286008834839
2.154056488734568e-08,3.4759103147846693e-12,56.98940873146057
2.1518458126479345e-08,3.4700629956280205e-12,56.99652123451233
2.1496370905538242e-08,3.4600074541590864e-12,57.00355815887451
2.147430855359289e-08,3.4567990830902673e-12,57.01085090637207
2.1452267517929613e-08,3.453636465353127e-12,57.01790189743042
2.1430251351262086e-08,3.4504898938081396e-12,57.02502417564392
2.1408256500876632e-08,3.4396530762537125e-12,57.032973289489746
2.138628474313009e-08,3.4416590671132452e-12,57.03967261314392
2.136433607802246e-08,3.4435846101715795e-12,57.04637598991394
2.1342408729196904e-08,3.437924641150336e-12,57.053261041641235
2.132050447301026e-08,3.431309056334264e-12,57.06032609939575
2.1298621533105688e-08,3.4275215044649032e-12,57.06761598587036
2.1276774120337905e-08,3.490931935884456e-12,57.07468318939209
2.1254944471138515e-08,3.527734528108173e-12,57.08216094970703
2.1233121927366483e-08,3.471481348910066e-12,57.088860750198364
2.121132780530388e-08,3.4427890226174096e-12,57.095703125
2.1189553223166513e-08,3.419795262943337e-12,57.1025116443634
2.116781949723645e-08,3.484941502041039e-12,57.10918474197388
2.114608577130639e-08,3.4417913397782884e-12,57.116796255111694
2.1124382243442597e-08,3.4194958063032965e-12,57.12356972694397
2.1102700031860877e-08,3.4079004809089986e-12,57.13030409812927
2.108104268927491e-08,3.399723861804982e-12,57.13707232475281
2.1059406662971014e-08,3.3899547665500185e-12,57.143771171569824
2.103779550566287e-08,3.3978349647800776e-12,57.15076303482056
2.101620388827996e-08,3.384559993380165e-12,57.15754294395447
2.0994635363535963e-08,3.3874669562450332e-12,57.16494154930115
2.0973089931430877e-08,3.386339169145214e-12,57.17164063453674
2.0951565815607864e-08,3.3751100872447815e-12,57.17842984199524
2.0930063016066924e-08,3.3651022506714368e-12,57.185184717178345
2.0908581532808057e-08,3.3565645922439824e-12,57.19202661514282
2.088712491854494e-08,3.360585898101731e-12,57.19971442222595
2.08656896205639e-08,3.357190393737941e-12,57.20643210411072
2.0844277415221768e-08,3.3545445067562074e-12,57.21323847770691
2.0822897184302747e-08,3.4214211325211963e-12,57.21998167037964
2.0801522282454243e-08,3.3865859335596715e-12,57.227001905441284
2.0780170473244652e-08,3.3586772685972877e-12,57.233969926834106
2.0758843533030813e-08,3.341045756027894e-12,57.240723848342896
2.0737539685455886e-08,3.339004420177538e-12,57.24827527999878
2.071625893051987e-08,3.33047912165485e-12,57.254997968673706
2.069499771550909e-08,3.3235534550174473e-12,57.26173233985901
2.067376136949406e-08,3.3324783904609134e-12,57.268616914749146
2.0652544563404263e-08,3.3243204196342635e-12,57.275320291519165
2.0631350849953378e-08,3.3115053667959193e-12,57.28293585777283
2.0610178452784567e-08,3.305477636397769e-12,57.289782762527466
2.0589029148254667e-08,3.316154859392406e-12,57.2965304851532
2.056790116000684e-08,3.3112176195393417e-12,57.30509042739868
2.0546792711684247e-08,3.3106390892601034e-12,57.31214213371277
2.0525709132357406e-08,3.3039367682702325e-12,57.319069623947144
2.0504645092955798e-08,3.302285962042406e-12,57.32581353187561
2.0483604146193102e-08,3.297481428535254e-12,57.33373475074768
2.046258451571248e-08,3.29658631122165e-12,57.34078621864319
2.044158442515709e-08,3.2885454342296283e-12,57.34859800338745
2.0420605650883772e-08,3.281676796626498e-12,57.355340242385864
2.0399649969249367e-08,3.278386893554308e-12,57.3620982170105
2.0378717380253875e-08,3.267616862853706e-12,57.368918895721436
2.0357804331183615e-08,3.2659578166893688e-12,57.37586331367493
2.0336916151109108e-08,3.2649334624768045e-12,57.38339161872864
2.0316047510959834e-08,3.266735189647041e-12,57.39009237289429
2.0295200187092632e-08,3.268087840277434e-12,57.396936655044556
2.0274374179507504e-08,3.2632035094903866e-12,57.40373492240906
2.0253569488204448e-08,3.2633548641136656e-12,57.41068196296692
2.0232787889540305e-08,3.2689300485250206e-12,57.418044090270996
2.0212022278087716e-08,3.253665132457728e-12,57.425029039382935
2.019128153563088e-08,3.2516385417569182e-12,57.4325213432312
2.0170562109456114e-08,3.2504023344398503e-12,57.43927788734436
2.0149863999563422e-08,3.235951871044529e-12,57.44640398025513
2.0129190758666482e-08,3.241809815382468e-12,57.453237771987915
2.0108533504981096e-08,3.234722602621365e-12,57.46035838127136
2.0087899343934623e-08,3.2280374120258193e-12,57.46739101409912
2.0067286499170223e-08,3.2289964972676e-12,57.47429394721985
2.0046694970687895e-08,3.228134122859605e-12,57.48209571838379
2.002612475848764e-08,3.2224789243279206e-12,57.48893070220947
2.000557408621262e-08,3.2161892506848977e-12,57.49580240249634
1.998504650657651e-08,3.2141568052923564e-12,57.50276041030884
1.9964540243222473e-08,3.2131161880472048e-12,57.509939432144165
1.994405174343683e-08,3.199352024627067e-12,57.517423152923584
1.992358811264694e-08,3.2040700388008547e-12,57.52428197860718
1.990314757449596e-08,3.2041840968694e-12,57.531625747680664
1.9882724799913376e-08,3.2068486321285006e-12,57.53850483894348
1.9862321565256025e-08,3.197153696302135e-12,57.5455858707428
1.9841941423237586e-08,3.1952205638285935e-12,57.552550077438354
1.982157904478754e-08,3.184559820706978e-12,57.55944299697876
1.9801245088046926e-08,3.18927610015729e-12,57.56677484512329
1.9780927118517866e-08,3.1858979430282597e-12,57.573726654052734
1.97606269125572e-08,3.1752690754505153e-12,57.58071494102478
1.9740349799235446e-08,3.168945574699711e-12,57.58763074874878
1.9720095778552604e-08,3.169311167672273e-12,57.59461808204651
1.9699863074151835e-08,3.169969928912275e-12,57.60152626037598
1.967964813331946e-08,3.1566858502141137e-12,57.608386278152466
1.9659459837839677e-08,3.1697463664243086e-12,57.61632466316223
1.9639287529571448e-08,3.1595791521316086e-12,57.62315583229065
1.9619132984871612e-08,3.1487737764401835e-12,57.630098819732666
1.959900330916753e-08,3.147064423295043e-12,57.63693022727966
1.957889317338868e-08,3.151478427179666e-12,57.64380860328674
1.95588043538919e-08,3.1410100215234493e-12,57.65089440345764
1.9538735074320357e-08,3.14351496222276e-12,57.65782308578491
1.9518690663744565e-08,3.1422388562657444e-12,57.66571283340454
1.9498662240380327e-08,3.1426790423477735e-12,57.67260479927063
1.9478656909655e-08,3.1422989210661e-12,57.679819107055664
1.945866934249807e-08,3.1311142914547396e-12,57.68666982650757
1.943870309162321e-08,3.113783319727559e-12,57.693734645843506
1.9418758157030425e-08,3.117727647231061e-12,57.70080208778381
1.939883453871971e-08,3.1158493753874472e-12,57.70766305923462
1.937893046033423e-08,3.1141042435706145e-12,57.71547865867615
1.9359049474587664e-08,3.1146467783377263e-12,57.722302198410034
1.933918802876633e-08,3.110927964886101e-12,57.72919487953186
1.931934434651339e-08,3.1035788088801253e-12,57.736124753952026
1.9299520204185683e-08,3.0892250563185897e-12,57.7432804107666
1.9279706719999012e-08,3.010247216425621e-12,57.750691413879395
1.925993231566281e-08,3.049847267094785e-12,57.75756764411926
1.9240175674895e-08,3.081975430072048e-12,57.76543140411377
1.9220438574052423e-08,3.0896576529854114e-12,57.77230763435364
1.920071923677824e-08,3.08878291867265e-12,57.779359340667725
1.9181019439429292e-08,3.0865993354972643e-12,57.78630232810974
1.916132852386454e-08,3.0093022258120827e-12,57.79328274726868
1.9141673135436577e-08,3.035932182732237e-12,57.800721883773804
1.9122039063290686e-08,3.0550781088961587e-12,57.807573318481445
1.910242097835635e-08,3.0622034855737335e-12,57.81496548652649
1.9082824209704086e-08,3.0712155908718675e-12,57.821794748306274
1.9063245204620216e-08,3.0619189909236733e-12,57.828516244888306
1.904368751581842e-08,3.056842322671227e-12,57.835317611694336
1.9024149366941856e-08,3.059144951245152e-12,57.842143058776855
1.900461832349265e-08,2.9765805705656012e-12,57.84997487068176
1.898512813625075e-08,3.0147045883971435e-12,57.85681438446045
1.8965653936220406e-08,3.0402319117078802e-12,57.86398220062256
1.8946197499758455e-08,3.04812902349183e-12,57.870933532714844
1.8926760603221737e-08,3.0443538315272356e-12,57.87795639038086
1.8907341470253414e-08,3.043166630148364e-12,57.88492178916931
1.8887943653567163e-08,3.0338951836905714e-12,57.891706466674805
1.8868565376806146e-08,3.033297354612663e-12,57.899261713027954
1.8849195981829325e-08,2.957364171260468e-12,57.9062123298645
1.8829862113989293e-08,2.9876661040983965e-12,57.91319155693054
1.8810547786074494e-08,2.9981882861823683e-12,57.92006778717041
1.879125122172809e-08,3.003462279230207e-12,57.9270544052124
1.8771974197306918e-08,3.021114825321747e-12,57.934075355529785
1.875271671281098e-08,3.0195897865459287e-12,57.94094705581665
1.873346455738556e-08,2.9370817843793473e-12,57.94877338409424
1.8714253258167446e-08,2.980921716064233e-12,57.955626010894775
1.8695057946160887e-08,2.9918973114967384e-12,57.96258735656738
1.8675876845009043e-08,2.9867287029000655e-12,57.96959328651428
1.865671883649611e-08,2.9859810370819195e-12,57.976603984832764
1.8637580367908413e-08,2.9901534807225127e-12,57.98402762413025
1.861845788653227e-08,2.9835112245329976e-12,57.99093317985535
1.8599356721438198e-08,2.9823116632493596e-12,57.99830460548401
1.858027509626936e-08,2.9781210050122686e-12,58.005210161209106
1.8561214787382596e-08,2.9728864769235086e-12,58.01320719718933
1.8542174018421065e-08,2.9783953081619075e-12,58.020135164260864
1.8523154565741606e-08,2.9766102777051273e-12,58.027061462402344
1.8504151100273702e-08,2.9769244794947136e-12,58.03472423553467
1.848516895108787e-08,2.9730831511975975e-12,58.04164361953735
1.8466202789113595e-08,2.9641976807132098e-12,58.04955077171326
1.844725971977823e-08,2.9694708063993103e-12,58.05650758743286
1.842833441401126e-08,2.9595635837875722e-12,58.06338334083557
1.8409428648169524e-08,2.95617328359421e-12,58.070271492004395
1.839054242225302e-08,2.944046699135394e-12,58.077404499053955
1.837167928897543e-08,2.948624200707628e-12,58.084351539611816
1.8352830366552553e-08,2.9419561405064076e-12,58.091201066970825
1.833400276041175e-08,2.943436726993154e-12,58.09885907173157
1.831519824690986e-08,2.9443129791889566e-12,58.1057813167572
1.8296407944262683e-08,2.9351002964889128e-12,58.11263823509216
1.827763895789758e-08,2.9399494991255715e-12,58.11959958076477
1.825888951145771e-08,2.933556175754859e-12,58.12664532661438
1.8240157828586234e-08,2.934148150141036e-12,58.13401985168457
1.822144746199683e-08,2.9302107615314377e-12,58.14104628562927
1.8202753082618983e-08,2.9259802046543992e-12,58.14874339103699
1.8184080019523208e-08,2.9178261369555702e-12,58.15556740760803
1.816541406185479e-08,2.8435383388203395e-12,58.16252660751343
1.814678718403684e-08,2.875985257236313e-12,58.169596672058105
1.8128174517073603e-08,2.8932568146844417e-12,58.1766197681427
1.810957961367876e-08,2.8960959064933123e-12,58.18401288986206
1.8090993592068116e-08,2.8294938007183967e-12,58.19086241722107
1.807243954488058e-08,2.860709499147296e-12,58.19829821586609
1.805390326126144e-08,2.8732992547741976e-12,58.20520782470703
1.803538474121069e-08,2.8762209627886115e-12,58.21220779418945
1.8016887537442017e-08,2.8836390740527573e-12,58.21913194656372
1.7998404544528057e-08,2.88969824631391e-12,58.22613215446472
1.797994109153933e-08,2.8801390525995396e-12,58.233460426330566
1.7961486520334802e-08,2.8078088899069487e-12,58.24043297767639
1.79430692526239e-08,2.8448465371616605e-12,58.24825429916382
1.7924653761269838e-08,2.7879009864562043e-12,58.25509595870972
1.7906273797052563e-08,2.83160300762475e-12,58.26213240623474
1.7887909820046843e-08,2.8531667046333142e-12,58.269092082977295
1.7869563606609518e-08,2.864080500541988e-12,58.27612066268921
1.7851231604026907e-08,2.8616939547199127e-12,58.2835533618927
1.7832924470440048e-08,2.8637478673154693e-12,58.290447473526
1.7814631547707904e-08,2.8600442326942588e-12,58.298301219940186
1.7796358164900994e-08,2.8618401051727638e-12,58.30510926246643
1.7778102545662477e-08,2.855982811356128e-12,58.31228065490723
1.7759866466349195e-08,2.853526009233276e-12,58.3191134929657
1.7741649926961145e-08,2.843040039501865e-12,58.326114892959595
1.772345115114149e-08,2.8415984842933284e-12,58.33351111412048
1.7705271915247067e-08,2.8428531230473286e-12,58.34071612358093
1.76871086665642e-08,2.843432520688305e-12,58.34853792190552
1.7668966734163405e-08,2.83212906251884e-12,58.355398178100586
1.7650831907189968e-08,2.756274375403933e-12,58.36236763000488
1.7632720172855443e-08,2.717399222307293e-12,58.36919832229614
1.761463153115983e-08,2.6953498027254552e-12,58.3761510848999
1.7596574863887327e-08,2.7667423473792807e-12,58.383994817733765
1.75785306311127e-08,2.792815241223212e-12,58.39079833030701
1.7560500609192786e-08,2.802728535367116e-12,58.39835548400879
1.7542490127198107e-08,2.8085840944602758e-12,58.40526628494263
1.752449918512866e-08,2.809950406038042e-12,58.41215896606445
1.750652245391393e-08,2.8045755821881624e-12,58.41909670829773
1.7488565262624434e-08,2.80034242322591e-12,58.42613744735718
1.747062761126017e-08,2.804730189417959e-12,58.43341898918152
1.74527077234643e-08,2.793621670799107e-12,58.4402642250061
1.7434809151950503e-08,2.8008493961617642e-12,58.44734716415405
1.741692479129142e-08,2.7975532047169738e-12,58.454190492630005
1.7399059970557573e-08,2.794906450373502e-12,58.461326599121094
1.7381214689748958e-08,2.7928258664045025e-12,58.468207359313965
1.7363385396151898e-08,2.79465513230992e-12,58.47502088546753
1.734557564248007e-08,2.784438695238589e-12,58.48257827758789
1.7327787205090317e-08,2.7912123567314095e-12,58.489381074905396
1.7310012978555278e-08,2.7818743402602264e-12,58.49626803398132
1.7292258291945473e-08,2.779204167149829e-12,58.50320076942444
1.727452136890406e-08,2.7682253191108064e-12,58.51006484031677
1.7256793327646847e-08,2.6985119867817264e-12,58.517346143722534
1.723910081352642e-08,2.7404849223255923e-12,58.524272441864014
1.722141895754703e-08,2.7442425502149925e-12,58.53211975097656
1.7203756641492873e-08,2.749698906068243e-12,58.53895831108093
1.718611208900711e-08,2.754329750387363e-12,58.545915842056274
1.716848707644658e-08,2.748459662985092e-12,58.55281209945679
1.7150878051097607e-08,2.7587151313346325e-12,58.5597939491272
1.7133286789317026e-08,2.7577729596467426e-12,58.56743550300598
1.711571506746168e-08,2.7577363136133126e-12,58.57433342933655
1.709814689832001e-08,2.6744062693595527e-12,58.58216881752014
1.7080605374530933e-08,2.6348213975208035e-12,58.5893919467926
1.7063095825164964e-08,2.68776971165674e-12,58.596315145492554
1.704560048665371e-08,2.7188206113554214e-12,58.60315418243408
1.7028119358997174e-08,2.723516290964456e-12,58.610414266586304
1.701065599490903e-08,2.7283299317698573e-12,58.61742448806763
1.699321039438928e-08,2.722990669751235e-12,58.624269008636475
1.6975782557437924e-08,2.727790215928394e-12,58.632099628448486
1.6958372484054962e-08,2.7282475324047484e-12,58.63890886306763
1.694096596338568e-08,2.647036452876894e-12,58.645907163619995
1.6923586088068987e-08,2.6070571482877947e-12,58.65281677246094
1.6906238187175404e-08,2.667386060292709e-12,58.65996742248535
1.6888904497136537e-08,2.6953485016828482e-12,58.66740965843201
1.6871572583454508e-08,2.6277727823570407e-12,58.67428421974182
1.6854276196909268e-08,2.666377969112732e-12,58.68211388587952
1.6836992244861904e-08,2.680193523715846e-12,58.68890690803528
1.6819724280026094e-08,2.6896603434051203e-12,58.695900678634644
1.6802477631472357e-08,2.687744341325904e-12,58.70287084579468
1.6785245193773335e-08,2.690248197823042e-12,58.709981203079224
1.6768030519642707e-08,2.6892164710357047e-12,58.71744465827942
1.6750835385437313e-08,2.6880006467194795e-12,58.72521424293518
1.6733656238443473e-08,2.6908909128708913e-12,58.73301911354065
1.6716494855018027e-08,2.688150049778848e-12,58.739816188812256
1.6699351235160975e-08,2.6872020233992266e-12,58.746912717819214
1.668222182615864e-08,2.6794757818776604e-12,58.754637718200684
1.6665113733438375e-08,2.6775699712988654e-12,58.76159739494324
1.664801274614547e-08,2.608738095336016e-12,58.768381118774414
1.663094373327567e-08,2.6353814963631095e-12,58.77513933181763
1.661389070761743e-08,2.653367976723775e-12,58.782675981521606
1.659685366917074e-08,2.653118393383669e-12,58.789427757263184
1.6579832617935608e-08,2.6480883458246396e-12,58.79632210731506
1.656282933026887e-08,2.6500416444585895e-12,58.8033390045166
1.6545843806170524e-08,2.6501795549749296e-12,58.81049656867981
1.6528861834785857e-08,2.5783383674621296e-12,58.81747794151306
1.6511906508753782e-08,2.5415876001022575e-12,58.82433247566223
1.6494981380787976e-08,2.5964811897760676e-12,58.83211660385132
1.647805625282217e-08,2.543806311428032e-12,58.838892221450806
1.6461168428349993e-08,2.595965326382399e-12,58.84584307670593
1.6444278827520975e-08,2.547880526351798e-12,58.852911949157715
1.642741054297403e-08,2.5189360146338213e-12,58.8600869178772
1.6410574232850195e-08,2.5842503050682586e-12,58.86784529685974
1.6393750357224235e-08,2.606928561910138e-12,58.87476468086243
1.637693891609615e-08,2.619890632563071e-12,58.8826322555542
1.636014523853646e-08,2.6171037992989143e-12,58.889445066452026
1.6343367548188326e-08,2.6197464336741305e-12,58.896422147750854
1.6326609397765424e-08,2.624713380666721e-12,58.90334415435791
1.6309865458197237e-08,2.6195352310909303e-12,58.91040396690369
1.6293139282197444e-08,2.6193175232946952e-12,58.91770315170288
1.6276430869766045e-08,2.613537641513175e-12,58.92466449737549
1.625974022090304e-08,2.6131770358706063e-12,58.932140588760376
1.624306555925159e-08,2.6090754990520937e-12,58.938934326171875
1.6226408661168534e-08,2.609528045038889e-12,58.946019887924194
1.6209767750297033e-08,2.6059310959114512e-12,58.95292258262634
1.6193144602993925e-08,2.6007494768887085e-12,58.959981203079224
1.6176539219259212e-08,2.5975656087889876e-12,58.96753001213074
1.6159937388238177e-08,2.521763397059229e-12,58.97434759140015
1.614337286071077e-08,2.5553272605532973e-12,58.9821617603302
1.6126820767681238e-08,2.5783578831012344e-12,58.98898696899414
1.61102864382201e-08,2.583539068443108e-12,58.99589681625366
1.609376454325684e-08,2.5790623976729155e-12,59.00276446342468
1.607726218821881e-08,2.582750853463711e-12,59.00999999046326
1.6060774044035497e-08,2.574697399726489e-12,59.017433404922485
1.6044303663420578e-08,2.5724979871993847e-12,59.02426099777222
1.6027842164589856e-08,2.497112759625164e-12,59.03148412704468
1.6011398429327528e-08,2.4586120899589003e-12,59.038344383239746
1.5994990221201988e-08,2.5146302141260124e-12,59.04571080207825
1.5978592671217484e-08,2.543166415305831e-12,59.05284571647644
1.5962209332087696e-08,2.5509308207438686e-12,59.06002330780029
1.5945829545671586e-08,2.475572264543091e-12,59.06754231452942
1.592947285189439e-08,2.4422948472629935e-12,59.07461714744568
1.59131481325403e-08,2.495747315409136e-12,59.082517862319946
1.5896834071327248e-08,2.5251944632542767e-12,59.089624643325806
1.588053422096891e-08,2.5286665122914442e-12,59.09677839279175
1.5864241476037932e-08,2.4674758763998383e-12,59.103924036026
1.5847980705530063e-08,2.508633491909995e-12,59.111398220062256
1.583173236952007e-08,2.526140321229553e-12,59.11856174468994
1.581550002072163e-08,2.5321086373486512e-12,59.12563514709473
1.5799281882777905e-08,2.5315095072281357e-12,59.13350176811218
1.57830690739047e-08,2.454869207219046e-12,59.140615940093994
1.5766881134027244e-08,2.4211049831635023e-12,59.14840817451477
1.575072161585922e-08,2.470798305537203e-12,59.15572500228882
1.5734574532189072e-08,2.501861348300216e-12,59.16296410560608
1.5718445212087317e-08,2.517421817879728e-12,59.17028212547302
1.57023265501266e-08,2.5225613698581784e-12,59.178032636642456
1.5686227428091115e-08,2.5236999989797226e-12,59.185171604156494
1.567013008241247e-08,2.4443628544867924e-12,59.192267417907715
1.5654068263870613e-08,2.4749265137291587e-12,59.200275897979736
1.563802065618347e-08,2.5009441132622934e-12,59.2074499130249
1.5621987259351044e-08,2.5038679896810523e-12,59.215545415878296
1.5605969849730172e-08,2.499207871903275e-12,59.22263503074646
1.5589966650964016e-08,2.4991959456793778e-12,59.22979378700256
1.5573981215766253e-08,2.494438683386946e-12,59.23704814910889
1.555799933328217e-08,2.4171142518070177e-12,59.24432921409607
1.5542040543436997e-08,2.3820511535488365e-12,59.2514591217041
1.5526113728014934e-08,2.438217813413579e-12,59.25863528251648
1.5510185136236032e-08,2.3880474420839848e-12,59.266416788101196
1.549429029523708e-08,2.43979988122367e-12,59.273335695266724
1.547840966509284e-08,2.4684421173759574e-12,59.2806236743927
1.546253969308964e-08,2.4735283266075214e-12,59.287702798843384
1.544668748465483e-08,2.48181835325878e-12,59.29471826553345
1.5430837052576862e-08,2.4045867293848167e-12,59.30185604095459
1.5415020371278843e-08,2.437233791521831e-12,59.308719873428345
1.5399217900835538e-08,2.456174803475153e-12,59.316410779953
1.5383417206749073e-08,2.3859701107215026e-12,59.32348132133484
1.5367652039799395e-08,2.426409550712605e-12,59.33067464828491
1.5351897530990755e-08,2.4474905609139785e-12,59.33777189254761
1.533615900939367e-08,2.4566082675037126e-12,59.34522795677185
1.532042404051026e-08,2.380847038616074e-12,59.35236310958862
1.5304721046049963e-08,2.419393678454451e-12,59.35950565338135
1.528903048608754e-08,2.436977269287821e-12,59.36750268936157
1.5273357689693512e-08,2.4479979675307018e-12,59.37462115287781
1.52576991041542e-08,2.4504580222600714e-12,59.3825786113739
1.5242044071328564e-08,2.3767945077357577e-12,59.38961625099182
1.522642278928288e-08,2.4150130679967408e-12,59.39675259590149
1.521081394173507e-08,2.43359520903097e-12,59.403849601745605
1.5195219305041974e-08,2.434194989672789e-12,59.41125154495239
1.5179626444705718e-08,2.359767112616873e-12,59.41834831237793
1.516406733514941e-08,2.394468954711182e-12,59.425405502319336
1.514852421280466e-08,2.4143039997759352e-12,59.433063983917236
1.5132995301314622e-08,2.4264713502364366e-12,59.4401113986969
1.51174806006793e-08,2.427522809503313e-12,59.44931364059448
1.5101980110898694e-08,2.4267974782499202e-12,59.4562041759491
1.508649738468648e-08,2.4230710753830875e-12,59.46336102485657
1.5071028869328984e-08,2.4209798662327975e-12,59.470539808273315
1.5055565683042005e-08,2.342119337014892e-12,59.47773504257202
1.5040134471178135e-08,2.3806152361915967e-12,59.48525667190552
1.502471924652582e-08,2.3972536195709937e-12,59.4923574924469
1.500931645637138e-08,2.4110234208424286e-12,59.500537633895874
1.499391544257378e-08,2.339003123130734e-12,59.50785279273987
1.4978549955912968e-08,2.376698230582841e-12,59.51553225517273
1.496319690375003e-08,2.3974101783647006e-12,59.52263569831848
1.4947843851587095e-08,2.3226882656796066e-12,59.530006647109985
1.493251211570623e-08,2.2885358972463132e-12,59.53709602355957
1.4917212354248477e-08,2.3384157023936814e-12,59.54430413246155
1.490192325093176e-08,2.368962448082157e-12,59.55148196220398
1.48866368121503e-08,2.306067012694535e-12,59.558669090270996
1.4871368136937235e-08,2.277439521691793e-12,59.56641435623169
1.48561323243257e-08,2.3371807961192204e-12,59.57349944114685
1.4840893847178904e-08,2.2925181718258525e-12,59.58076071739197
1.4825686456276799e-08,2.3372031306839736e-12,59.587833642959595
1.481049061169415e-08,2.3550484479217815e-12,59.59525656700134
1.4795308089787795e-08,2.359374197749564e-12,59.60243892669678
1.4780139778736157e-08,2.3662220186709826e-12,59.60956144332886
1.4764975020398197e-08,2.2940078656108476e-12,59.617374897003174
1.474983069016389e-08,2.250963738320566e-12,59.624492168426514
1.4734707676211656e-08,2.2340811926119253e-12,59.63213753700256
1.4719613083968852e-08,2.3000698567976485e-12,59.63898324966431
1.4704527373510246e-08,2.332611751323932e-12,59.64599418640137
1.4689441663051639e-08,2.2661061395423676e-12,59.65295934677124
1.4674377268875105e-08,2.2351586727309414e-12,59.660056829452515
1.4659343072764841e-08,2.297515259638838e-12,59.66739082336426
1.4644307100297738e-08,2.251404358083464e-12,59.67449402809143
1.4629302214075324e-08,2.3005152470501056e-12,59.68253135681152
1.4614308874172366e-08,2.3282547764735817e-12,59.68988084793091
1.4599315534269408e-08,2.2615201811931884e-12,59.69729471206665
1.4584355945146399e-08,2.304395606625431e-12,59.70437526702881
1.456939546784497e-08,2.251415200105189e-12,59.71172332763672
1.455446785314507e-08,2.2973274758225637e-12,59.71886706352234
1.4539537573909911e-08,2.2395412347525623e-12,59.72615575790405
1.4524627722778405e-08,2.212414496396975e-12,59.734076738357544
1.4509748069713169e-08,2.271979045870287e-12,59.741180181503296
1.4494865752112673e-08,2.2243997008924987e-12,59.74918842315674
1.4480014520756868e-08,2.269445482233623e-12,59.75618863105774
1.4465173947542098e-08,2.302394169415023e-12,59.76335096359253
1.4450335150684168e-08,2.2356571888898502e-12,59.77078294754028
1.4435528328249347e-08,2.2800255607136055e-12,59.77806854248047
1.4420733052133983e-08,2.3011323749266843e-12,59.78517770767212
1.4405951098694914e-08,2.3060821915249496e-12,59.79228162765503
1.439118335611056e-08,2.3097986197317955e-12,59.80024743080139
1.437643160073776e-08,2.3131238677948085e-12,59.80731749534607
1.4361694056219676e-08,2.3130876554422475e-12,59.814966678619385
1.4346959176236851e-08,2.236125997909233e-12,59.82200503349304
1.4332257158855555e-08,2.271613452897725e-12,59.829150438308716
1.4317566687793715e-08,2.2843484916157397e-12,59.836549043655396
1.430289131576501e-08,2.2948784799553534e-12,59.84383964538574
1.428823015459102e-08,2.29670817954164e-12,59.851152181625366
1.4273582316093325e-08,2.293259115590529e-12,59.85835289955139
1.4258950464807185e-08,2.2886354270057474e-12,59.86674618721008
1.4244322166234724e-08,2.214390129595678e-12,59.87390995025635
1.4229724065728533e-08,2.249105415796926e-12,59.88198184967041
1.4215140176077057e-08,2.265929631428687e-12,59.88910365104675
1.4200570497280296e-08,2.274479432920473e-12,59.89641785621643
1.4186013252981411e-08,2.278875005368164e-12,59.90366768836975
1.4171458673217785e-08,2.2019946629980858e-12,59.910948038101196
1.4156939620590947e-08,2.2412421311207575e-12,59.91852641105652
1.4142428561569886e-08,2.253738428520391e-12,59.92576599121094
1.4127931713403541e-08,2.2538219120876724e-12,59.933857679367065
1.4113439306129294e-08,2.1885048027275866e-12,59.94089937210083
1.4098977096921317e-08,2.2297051358033393e-12,59.94866681098938
1.4084527322211216e-08,2.2444452980191487e-12,59.955541133880615
1.4070092646534249e-08,2.2503511640931118e-12,59.962613344192505
1.4055670405355158e-08,2.2552521915936152e-12,59.96998119354248
1.4041260598673944e-08,2.247750163081319e-12,59.9771203994751
1.4026868555561123e-08,2.253635862994874e-12,59.984657526016235
1.4012478288805141e-08,2.178944524811044e-12,59.99169397354126
1.3998119996472269e-08,2.2155374323346022e-12,60.00015211105347
