0.07304192334413528,0.08986825495958328,0
0.06705603748559952,0.09123854339122772,0.003812074661254883
0.06311710178852081,0.09179830551147461,0.008305072784423828
0.06156854331493378,0.09154248237609863,0.011947870254516602
0.06241608411073685,0.09048762917518616,0.01619243621826172
0.06530174612998962,0.08866962790489197,0.01981520652770996
0.06964968144893646,0.08614198118448257,0.02330803871154785
0.07485485076904297,0.08297459036111832,0.026909589767456055
0.08039724081754684,0.07925290614366531,0.03073406219482422
0.08587352931499481,0.07507766783237457,0.03447103500366211
0.09098697453737259,0.07056503742933273,0.03792071342468262
0.09552610665559769,0.06584746390581131,0.041619062423706055
0.09934519231319427,0.06107489764690399,0.045144081115722656
0.10234946012496948,0.05641605705022812,0.04958701133728027
0.10448453575372696,0.05205816403031349,0.05350232124328613
0.10572908073663712,0.0482022650539875,0.05741691589355469
0.1060895025730133,0.045049361884593964,0.061167001724243164
0.10559608042240143,0.04277292266488075,0.06592297554016113
0.10429994016885757,0.04147986322641373,0.0696253776550293
0.10227072983980179,0.041175477206707,0.07360601425170898
0.09959464520215988,0.041755031794309616,0.07736706733703613
0.09637270122766495,0.04303096979856491,0.08194756507873535
0.092719167470932,0.044779594987630844,0.0856926441192627
0.08876001834869385,0.04678276181221008,0.08948016166687012
0.08463107794523239,0.048852041363716125,0.09329819679260254
0.08047564327716827,0.050836991518735886,0.09723854064941406
0.07644087076187134,0.05262426659464836,0.10149598121643066
0.07267244905233383,0.05413295701146126,0.10525035858154297
0.06930679082870483,0.055309366434812546,0.10902786254882812
0.06646072119474411,0.05612226948142052,0.11287736892700195
0.06421952694654465,0.056559011340141296,0.11740851402282715
0.0626259371638298,0.05662241205573082,0.12116122245788574
0.061673592776060104,0.056328244507312775,0.1252424716949463
0.061308037489652634,0.05570317432284355,0.1290907859802246
0.061435673385858536,0.054782986640930176,0.1338968276977539
0.06193819269537926,0.05361099913716316,0.1376793384552002
0.06268820911645889,0.05223654583096504,0.14153194427490234
0.06356252729892731,0.05071347951889038,0.14536571502685547
0.06445128470659256,0.049098528921604156,0.1501612663269043
0.06526297330856323,0.047449495643377304,0.15399384498596191
0.06592624634504318,0.04582317918539047,0.15813684463500977
0.06638966500759125,0.044272977858781815,0.1621229648590088
0.06662022322416306,0.042846277356147766,0.16721463203430176
0.06660137325525284,0.04158170148730278,0.17097067832946777
0.06633084267377853,0.04050665348768234,0.17505860328674316
0.0658184066414833,0.03963552787899971,0.1788630485534668
0.06508372724056244,0.03896903991699219,0.18394041061401367
0.06415431201457977,0.03849497437477112,0.18773102760314941
0.06306347995996475,0.03819022327661514,0.19205141067504883
0.061848413199186325,0.038023922592401505,0.19606876373291016
0.060548242181539536,0.03796091303229332,0.20058059692382812
0.05920220538973808,0.03796514868736267,0.2044215202331543
0.05784780904650688,0.038002509623765945,0.20851564407348633
0.05651920661330223,0.0380428247153759,0.21232366561889648
0.055245693773031235,0.038061171770095825,0.21686005592346191
0.05405055359005928,0.03803842514753342,0.220900297164917
0.05295027419924736,0.03796131908893585,0.22461700439453125
0.05195428431034088,0.03782208636403084,0.22819018363952637
0.05106513947248459,0.03761785849928856,0.2332291603088379
0.05027930438518524,0.037349916994571686,0.23710894584655762
0.04958825558423996,0.03702286630868912,0.2408912181854248
0.048979900777339935,0.03664373978972435,0.24459362030029297
0.04844009131193161,0.03622116893529892,0.2496030330657959
0.047954048961400986,0.03576457500457764,0.25400280952453613
0.0475076362490654,0.03528345003724098,0.258195161819458
0.04708827659487724,0.03478673845529556,0.26230669021606445
0.04668561741709709,0.03428235277533531,0.26722240447998047
0.0462917797267437,0.03377683833241463,0.2707641124725342
0.045901402831077576,0.03327520191669464,0.274493932723999
0.04551135376095772,0.032780908048152924,0.2783360481262207
0.04512033611536026,0.03229597955942154,0.2830181121826172
0.04472830891609192,0.03182127699255943,0.28655576705932617
0.04433593526482582,0.0313568040728569,0.2903025150299072
0.04394396394491196,0.030902111902832985,0.29390859603881836
0.04355276748538017,0.03045666217803955,0.29790472984313965
0.043161917477846146,0.030020160600543022,0.3019070625305176
0.04276997223496437,0.0295928493142128,0.3053724765777588
0.042374372482299805,0.029175661504268646,0.30911922454833984
0.04197157174348831,0.028770286589860916,0.3131065368652344
0.04155721887946129,0.02837911620736122,0.3182566165924072
0.0411265604197979,0.028005076572299004,0.32246923446655273
0.0406748503446579,0.02765136957168579,0.3266451358795166
0.040197841823101044,0.027321118861436844,0.3312375545501709
0.03969225287437439,0.02701702155172825,0.33588361740112305
0.039156224578619,0.026740945875644684,0.33965492248535156
0.038589686155319214,0.02649361453950405,0.34352636337280273
0.0379946306347847,0.026274334639310837,0.3487703800201416
0.03737526759505272,0.026080859825015068,0.3532719612121582
0.036738038063049316,0.025909367948770523,0.35711026191711426
0.03609151020646095,0.02575458027422428,0.36094164848327637
0.03544606268405914,0.025610005483031273,0.3653678894042969
0.034813445061445236,0.02546827495098114,0.36971306800842285
0.03420616686344147,0.02532155066728592,0.3737297058105469
0.03363676741719246,0.025161968544125557,0.37729835510253906
0.03311695531010628,0.02498207613825798,0.3812742233276367
0.03265673294663429,0.024775240570306778,0.3850717544555664
0.03226356580853462,0.024536024779081345,0.38897085189819336
0.03194165974855423,0.02426047995686531,0.3927133083343506
0.03169151023030281,0.02394639328122139,0.396775484085083
0.031509678810834885,0.023593438789248466,0.4012153148651123
0.03138895332813263,0.023203276097774506,0.4053778648376465
0.031318794935941696,0.022779563441872597,0.40933847427368164
0.03128602355718613,0.022327890619635582,0.41452980041503906
0.03127569332718849,0.021855639293789864,0.4186091423034668
0.03127199783921242,0.021371737122535706,0.4225170612335205
0.0312592051923275,0.020886337384581566,0.426311731338501
0.031222455203533173,0.02041037380695343,0.43039369583129883
0.031148480251431465,0.01995503157377243,0.4350738525390625
0.03102615289390087,0.01953110471367836,0.4389650821685791
0.03084689751267433,0.019148316234350204,0.4429047107696533
0.030604977160692215,0.018814608454704285,0.4467165470123291
0.030297663062810898,0.018535496667027473,0.4514484405517578
0.029925275593996048,0.018313588574528694,0.4553658962249756
0.029491161927580833,0.018148306757211685,0.45935654640197754
0.029001561924815178,0.018035905435681343,0.4630014896392822
0.028465384617447853,0.01796974614262581,0.4681715965270996
0.0278939176350832,0.01794084534049034,0.47199487686157227
0.027300402522087097,0.017938558012247086,0.47583627700805664
0.026699518784880638,0.017951343208551407,0.47949743270874023
0.026106733828783035,0.01796751655638218,0.4845101833343506
0.025537556037306786,0.017975907772779465,0.48877978324890137
0.025006648153066635,0.017966417595744133,0.49266719818115234
0.024526935070753098,0.017930438742041588,0.4967834949493408
0.02410867065191269,0.017861153930425644,0.5019946098327637
0.023758653551340103,0.01775374263525009,0.5057554244995117
0.023479657247662544,0.017605463042855263,0.5096511840820312
0.02327016182243824,0.01741570420563221,0.5135204792022705
0.023124469444155693,0.01718594878911972,0.5181376934051514
0.02303316630423069,0.0169196967035532,0.5219476222991943
0.02298388071358204,0.016622330993413925,0.5259928703308105
0.022962216287851334,0.016300935298204422,0.530045747756958
0.02295275218784809,0.015964055433869362,0.5346517562866211
0.02293998934328556,0.015621383674442768,0.5381550788879395
0.022909175604581833,0.015283357352018356,0.5420682430267334
0.022846978157758713,0.014960672706365585,0.5457992553710938
0.022741984575986862,0.01466371025890112,0.5508573055267334
0.022585054859519005,0.014401888474822044,0.5545082092285156
0.022369541227817535,0.014183003455400467,0.558344841003418
0.022091416642069817,0.01401261705905199,0.5620701313018799
0.021749304607510567,0.013893576338887215,0.5672578811645508
0.02134447544813156,0.013825757429003716,0.570732831954956
0.02088078483939171,0.013806073926389217,0.5745456218719482
0.02036457136273384,0.01382876094430685,0.5782287120819092
0.01980455033481121,0.013885876163840294,0.5833702087402344
0.019211625680327415,0.013967946171760559,0.5873489379882812
0.018598688766360283,0.01406465470790863,0.5917971134185791
0.017980320379137993,0.014165491797029972,0.595867395401001
0.017372386530041695,0.014260307885706425,0.6010735034942627
0.016791490837931633,0.014339756220579147,0.6046786308288574
0.016254251822829247,0.014395606704056263,0.6087405681610107
0.015776365995407104,0.01442096009850502,0.6124181747436523
0.01537152100354433,0.014410365372896194,0.6172430515289307
0.015050260350108147,0.014359877444803715,0.6207571029663086
0.014818930998444557,0.014267057180404663,0.6244778633117676
0.014678990468382835,0.014130941592156887,0.6280961036682129
0.014626805670559406,0.0139519814401865,0.6329934597015381
0.014654058031737804,0.013731973245739937,0.6365060806274414
0.014748644083738327,0.01347395684570074,0.6404280662536621
0.014895902946591377,0.013182119466364384,0.6439979076385498
0.015079913660883904,0.01286168023943901,0.6490957736968994
0.015284668654203415,0.012518761679530144,0.6526362895965576
0.015495005063712597,0.012160231359302998,0.6561923027038574
0.01569725200533867,0.01179354265332222,0.6598696708679199
0.015879634767770767,0.01142651867121458,0.6637599468231201
0.016032470390200615,0.011067110113799572,0.6680865287780762
0.016148222610354424,0.010723107494413853,0.6717953681945801
0.016221459954977036,0.010401809588074684,0.675588846206665
0.01624874956905842,0.010109661146998405,0.6792521476745605
0.01622852496802807,0.009851881302893162,0.6842296123504639
0.016160929575562477,0.009632128290832043,0.6877703666687012
0.016047636047005653,0.009452249854803085,0.691368579864502
0.015891702845692635,0.00931214727461338,0.6950252056121826
0.015697361901402473,0.009209826588630676,0.7001142501831055
0.01546985562890768,0.009141591377556324,0.7036664485931396
0.015215238556265831,0.009102391079068184,0.7073910236358643
0.014940173365175724,0.009086246602237225,0.7110233306884766
0.014651719480752945,0.00908670388162136,0.715773344039917
0.014357100240886211,0.00909725297242403,0.7194433212280273
0.014063462615013123,0.009111687541007996,0.723376989364624
0.013777620159089565,0.009124371223151684,0.7269892692565918
0.01350579783320427,0.009130422957241535,0.7312963008880615
0.013253379613161087,0.009125824086368084,0.7357215881347656
0.01302469614893198,0.00910746306180954,0.7405586242675781
0.012822826392948627,0.009073138236999512,0.744473934173584
0.012649502605199814,0.009021519683301449,0.7495405673980713
0.012505059130489826,0.008952098898589611,0.753624439239502
0.012388489209115505,0.008865119889378548,0.7574634552001953
0.012297573499381542,0.008761500008404255,0.761279821395874
0.012229078449308872,0.00864274799823761,0.7659780979156494
0.012179004959762096,0.008510882034897804,0.7697479724884033
0.0121428482234478,0.008368341252207756,0.7736051082611084
0.012115858495235443,0.008217893540859222,0.7774944305419922
0.012093285098671913,0.008062549866735935,0.7823481559753418
0.012070565484464169,0.00790545903146267,0.7859387397766113
0.012043492868542671,0.00774981826543808,0.7898857593536377
0.01200832612812519,0.007598761469125748,0.7937803268432617
0.011961868032813072,0.007455255836248398,0.7993841171264648
0.01190150249749422,0.0073219966143369675,0.8038012981414795
0.011825216934084892,0.007201300002634525,0.8083372116088867
0.011731600388884544,0.00709501514211297,0.8126420974731445
0.011619817465543747,0.007004447281360626,0.8187887668609619
0.011489592492580414,0.0069303070195019245,0.823216438293457
0.011341174133121967,0.006872688885778189,0.8289949893951416
0.011175299063324928,0.006831082981079817,0.8353848457336426
0.010993164964020252,0.006804421544075012,0.8397092819213867
0.010796386748552322,0.006791147403419018,0.843792200088501
0.01058697048574686,0.0067893085069954395,0.8493876457214355
0.010367273353040218,0.006796661764383316,0.8535125255584717
0.010139967314898968,0.006810776889324188,0.8573458194732666
0.009907996281981468,0.006829139776527882,0.8612520694732666
0.009674529545009136,0.006849242839962244,0.86600661277771
0.00944290217012167,0.006868662312626839,0.8699362277984619
0.00921654049307108,0.0068851192481815815,0.8741023540496826
0.008998880162835121,0.006896532606333494,0.8780524730682373
0.008793260902166367,0.006901052314788103,0.8831710815429688
0.008602806366980076,0.00689708674326539,0.8869707584381104
0.008430298417806625,0.006883320864289999,0.8905282020568848
0.008278041146695614,0.006858729291707277,0.8942575454711914
0.008147736079990864,0.0068225800059735775,0.8991835117340088
0.008040373213589191,0.006774439476430416,0.9028744697570801
0.007956163957715034,0.006714169401675463,0.906538724899292
0.00789451040327549,0.006641926243901253,0.9104564189910889
0.007854036055505276,0.006558151450008154,0.9153151512145996
0.007832661271095276,0.0064635626040399075,0.9193902015686035
0.007827718742191792,0.006359142251312733,0.9229781627655029
0.007836107164621353,0.0062461174093186855,0.9269168376922607
0.007854452356696129,0.006125939544290304,0.9310777187347412
0.007879271171987057,0.006000255234539509,0.9354372024536133
0.007907118648290634,0.005870871711522341,0.9392905235290527
0.007934723980724812,0.0057397144846618176,0.9431073665618896
0.007959091104567051,0.005608775187283754,0.946951150894165
0.007977582514286041,0.005480057559907436,0.9512460231781006
0.0079879742115736,0.005355505738407373,0.9547240734100342
0.007988495752215385,0.005236934870481491,0.9583137035369873
0.007977845147252083,0.005125957541167736,0.9620954990386963
0.007955188862979412,0.0050239101983606815,0.9668269157409668
0.007920155301690102,0.004931791219860315,0.9705581665039062
0.00787281058728695,0.004850211087614298,0.974240779876709
0.007813624106347561,0.004779365379363298,0.9781036376953125
0.007743429392576218,0.004719031974673271,0.9829525947570801
0.007663373835384846,0.004668595734983683,0.9864420890808105
0.007574858609586954,0.004627101123332977,0.9899835586547852
0.007479478605091572,0.004593319725245237,0.9935798645019531
0.007378949783742428,0.0045658377930521965,0.9971632957458496
0.007275035604834557,0.00454314611852169,1.0011520385742188
0.007169473450630903,0.0045237294398248196,1.0048635005950928
0.0070638954639434814,0.004506143741309643,1.0086777210235596
0.0069597624242305756,0.004489087034016848,1.0126404762268066
0.00685829808935523,0.004471451044082642,1.0171170234680176
0.0067604416981339455,0.004452356602996588,1.0208423137664795
0.006666811648756266,0.004431173671036959,1.024627447128296
0.006577692925930023,0.004407530650496483,1.0284147262573242
0.006493041757494211,0.004381303675472736,1.0329654216766357
0.006412509363144636,0.004352598916739225,1.0368452072143555
0.006335489917546511,0.004321725573390722,1.0406124591827393
0.006261179223656654,0.00428915536031127,1.044431209564209
0.006188643164932728,0.0042554824613034725,1.0491843223571777
0.006116895470768213,0.0042213695123791695,1.0527122020721436
0.006044973619282246,0.00418750150129199,1.056492567062378
0.005972009152173996,0.004154528025537729,1.0602741241455078
0.005897293332964182,0.0041230181232094765,1.064366102218628
0.005820330698043108,0.004093414172530174,1.0682296752929688
0.005740876775234938,0.004065996501594782,1.071946144104004
0.0056589688174426556,0.004040861502289772,1.0757701396942139
0.0055749318562448025,0.0040179044008255005,1.0797035694122314
0.005489382892847061,0.00399682717397809,1.084334373474121
0.005403206218034029,0.003977148327976465,1.0883088111877441
0.00531752360984683,0.00395823223516345,1.0925085544586182
0.0052336412481963634,0.0039393226616084576,1.096397876739502
0.005152994766831398,0.003919587004929781,1.1010222434997559
0.005077064502984285,0.0038981568068265915,1.1051967144012451
0.005007296334952116,0.003874177113175392,1.1092395782470703
0.004945007618516684,0.003846847452223301,1.113290548324585
0.004891300108283758,0.0038154595531523228,1.1178154945373535
0.004846974741667509,0.003779433201998472,1.1217169761657715
0.004812469240278006,0.003738341387361288,1.1258699893951416
0.004787811078131199,0.003691934747621417,1.1300048828125
0.004772604908794165,0.0036401532124727964,1.1345415115356445
0.004766046069562435,0.0035831378772854805,1.1385557651519775
0.0047669620253145695,0.0035212328657507896,1.1427230834960938
0.004773876629769802,0.003454983700066805,1.1466856002807617
0.00478509021922946,0.0033851293846964836,1.1511273384094238
0.004798766225576401,0.0033125875052064657,1.1552040576934814
0.004813014063984156,0.0032384363003075123,1.159285068511963
0.004825972486287355,0.003163885325193405,1.163332462310791
0.0048358747735619545,0.0030902421567589045,1.1677429676055908
0.0048411088064312935,0.0030188702512532473,1.171743631362915
0.004840258043259382,0.002951136790215969,1.1756422519683838
0.004832135513424873,0.0028883565682917833,1.179722785949707
0.004815801978111267,0.002831727033481002,1.184436321258545
0.004790578968822956,0.002782263560220599,1.1884913444519043
0.004756051115691662,0.0027407407760620117,1.1929051876068115
0.004712063819169998,0.002707641338929534,1.1970412731170654
0.004658713471144438,0.002683124039322138,1.202106237411499
0.004596336279064417,0.002667013555765152,1.2060105800628662
0.004525491502135992,0.0026588153559714556,1.2098572254180908
0.004446942359209061,0.0026577524840831757,1.2138946056365967
0.004361634608358145,0.002662820741534233,1.21860671043396
0.004270673263818026,0.002672854345291853,1.2224476337432861
0.0041752951219677925,0.0026865953113883734,1.2263503074645996
0.004076841287314892,0.0027027579490095377,1.2302989959716797
0.003976725973188877,0.0027200866024941206,1.2364611625671387
0.003876401111483574,0.0027374010533094406,1.2414355278015137
0.003777321195229888,0.0027536312118172646,1.2455079555511475
0.003680902998894453,0.0027678392361849546,1.250788927078247
0.0035884836688637733,0.0027792348992079496,1.254591703414917
0.0035012804437428713,0.002787179546430707,1.258314847946167
0.0034203461837023497,0.0027911867946386337,1.2621657848358154
0.0033465332817286253,0.002790918806567788,1.2673618793487549
0.003280461998656392,0.002786175347864628,1.2711195945739746
0.0032224974129348993,0.002776885638013482,1.2750470638275146
0.0031727408058941364,0.002763096708804369,1.2789759635925293
0.003131033154204488,0.0027449592016637325,1.2840471267700195
0.003096974454820156,0.0027227147947996855,1.2877962589263916
0.0030699551571160555,0.0026966833975166082,1.2916080951690674
0.0030491973739117384,0.002667248249053955,1.2954354286193848
0.0030338014476001263,0.002634843112900853,1.30019211769104
0.003022796241566539,0.0025999390054494143,1.3040251731872559
0.0030151845421642065,0.0025630316231399775,1.307819128036499
0.003009985899552703,0.00252462737262249,1.311598539352417
0.003006270155310631,0.0024852317292243242,1.3162293434143066
0.003003185149282217,0.00244533852674067,1.3202838897705078
0.0029999755788594484,0.0024054166860878468,1.3241701126098633
0.0029959946405142546,0.002365902066230774,1.3281362056732178
0.0029907107818871737,0.002327186753973365,1.3330414295196533
0.002983710030093789,0.0022896116133779287,1.336763858795166
0.002974691102281213,0.0022534593008458614,1.3405003547668457
0.002963462145999074,0.0022189507726579905,1.344268798828125
0.0029499325901269913,0.0021862410940229893,1.3486690521240234
0.002934103598818183,0.0021554185077548027,1.352642297744751
0.00291606062091887,0.002126507693901658,1.3563458919525146
0.0028959608171135187,0.002099471166729927,1.3601453304290771
0.0028740225825458765,0.002074216026812792,1.3643748760223389
0.00285051460377872,0.0020506009459495544,1.3686537742614746
0.0028257451485842466,0.0020284440834075212,1.3723671436309814
0.0028000487945973873,0.0020075333304703236,1.3761601448059082
0.0027737761847674847,0.0019876351580023766,1.380030632019043
0.002747282385826111,0.0019685043953359127,1.3843746185302734
0.0027209145482629538,0.0019498951733112335,1.3881032466888428
0.00269500189460814,0.0019315669778734446,1.3918612003326416
0.0026698452420532703,0.001913295011036098,1.3956656455993652
0.0026457083877176046,0.0018948751967400312,1.4002125263214111
0.0026228094939142466,0.0018761296523734927,1.4039289951324463
0.002601316198706627,0.0018569118110463023,1.4076721668243408
0.002581340726464987,0.0018371084006503224,1.4114389419555664
0.002562938956543803,0.0018166410736739635,1.415910243988037
0.002546109724789858,0.0017954675713554025,1.4196667671203613
0.0025307987816631794,0.0017735803266987205,1.4233934879302979
0.002516902983188629,0.0017510054167360067,1.4271507263183594
0.0025042775087058544,0.0017277997685596347,1.4310529232025146
0.002492743544280529,0.0017040481325238943,1.4352824687957764
0.002482097130268812,0.001679858542047441,1.4390299320220947
0.0024721198715269566,0.001655358006246388,1.4429116249084473
0.002462586387991905,0.0016306876204907894,1.44681715965271
0.002453274792060256,0.0016059967456385493,1.4510891437530518
0.002443974604830146,0.0015814377693459392,1.4547839164733887
0.002434492576867342,0.0015571605181321502,1.4585516452789307
0.0024246592074632645,0.0015333073679357767,1.4623138904571533
0.002414332004263997,0.0015100078890100121,1.467017650604248
0.002403398510068655,0.001487375353462994,1.470716953277588
0.002391776768490672,0.001465503708459437,1.4744524955749512
0.00237941462546587,0.0014444651314988732,1.4782323837280273
0.0023662871681153774,0.0014243090990930796,1.4831023216247559
0.0023523950949311256,0.0014050629688426852,1.486870527267456
0.0023377591278403997,0.001386733609251678,1.4907798767089844
0.002322416054084897,0.0013693096116185188,1.4946279525756836
0.002306412672623992,0.0013527646660804749,1.4992115497589111
0.002289801137521863,0.0013370623346418142,1.5030109882354736
0.0022726331371814013,0.0013221598928794265,1.5067112445831299
0.002254955004900694,0.0013080132193863392,1.510486364364624
0.002236803760752082,0.0012945813359692693,1.5143842697143555
0.0022182019893079996,0.001281829783692956,1.5185723304748535
0.0021991576068103313,0.0012697342317551374,1.5222859382629395
0.0021796608343720436,0.0012582823401317,1.5260837078094482
0.002159684430807829,0.0012474750401452184,1.530085802078247
0.0021391850896179676,0.0012373264180496335,1.5343828201293945
0.002118105301633477,0.0012278620852157474,1.5380730628967285
0.002096376847475767,0.0012191178975626826,1.5418076515197754
0.0020739242900162935,0.0012111354153603315,1.545670747756958
0.0020506703294813633,0.0012039587600156665,1.5501160621643066
0.002026541391387582,0.001197629957459867,1.5538320541381836
0.0020014713518321514,0.0011921836994588375,1.5575766563415527
0.0019754087552428246,0.0011876426870003343,1.561357021331787
0.0019483203068375587,0.0011840139050036669,1.5658929347991943
0.001920196576975286,0.0011812839657068253,1.5696463584899902
0.001891054678708315,0.0011794175952672958,1.573599100112915
0.0018609428079798818,0.0011783550726249814,1.577401876449585
0.0018299410585314035,0.0011780124623328447,1.5820026397705078
0.0017981637502089143,0.0011782828951254487,1.5858643054962158
0.0017657582648098469,0.00117903808131814,1.589592695236206
0.0017329055117443204,0.001180131919682026,1.5934467315673828
0.0016998157370835543,0.0011814046883955598,1.5972952842712402
0.001666726660914719,0.0011826877016574144,1.6013648509979248
0.0016338976565748453,0.001183807384222746,1.6050865650177002
0.0016016036970540881,0.0011845914414152503,1.6089115142822266
0.001570128370076418,0.0011848729336634278,1.6126863956451416
0.0015397552633658051,0.0011844951659440994,1.6172757148742676
0.0015107591170817614,0.0011833152966573834,1.6210517883300781
0.0014833956956863403,0.0011812079465016723,1.6248652935028076
0.0014578921254724264,0.0011780686909332871,1.6286461353302002
0.0014344380469992757,0.0011738149914890528,1.6334717273712158
0.0014131765346974134,0.0011683888733386993,1.63749361038208
0.0013941978104412556,0.0011617573909461498,1.6424801349639893
0.001377534936182201,0.0011539125116541982,1.646571159362793
0.0013631620677188039,0.0011448716977611184,1.6512198448181152
0.0013509957352653146,0.0011346765095368028,1.6552414894104004
0.0013408983359113336,0.001123390975408256,1.659188985824585
0.0013326848857104778,0.0011111004278063774,1.6633188724517822
0.0013261324493214488,0.0010979088256135583,1.66810941696167
0.0013209887547418475,0.0010839361930266023,1.6718330383300781
0.0013169839512556791,0.0010693157091736794,1.67561674118042
0.0013138401554897428,0.0010541899828240275,1.679593801498413
0.0013112827436998487,0.0010387081420049071,1.6850006580352783
0.0013090481515973806,0.001023021643050015,1.6887168884277344
0.0013068915577605367,0.0010072804288938642,1.6925106048583984
0.001304593519307673,0.0009916292037814856,1.6964306831359863
0.0013019635807722807,0.0009762035333551466,1.701111078262329
0.0012988438829779625,0.0009611267596483231,1.7049779891967773
0.001295110210776329,0.000946506392210722,1.7089340686798096
0.0012906725751236081,0.0009324318380095065,1.7130053043365479
0.00128547428175807,0.0009189722477458417,1.7177112102508545
0.0012794903013855219,0.0009061753517016768,1.7214529514312744
0.0012727249413728714,0.0008940671687014401,1.7252235412597656
0.0012652085861191154,0.0008826524717733264,1.7291078567504883
0.0012569940881803632,0.0008719160687178373,1.7339625358581543
0.0012481525773182511,0.0008618248393759131,1.7377352714538574
0.0012387700844556093,0.0008523305878043175,1.7415225505828857
0.0012289417209103703,0.000843373010866344,1.745525598526001
0.00121876853518188,0.0008348836563527584,1.7501227855682373
0.0012083520414307714,0.0008267892408184707,1.7538244724273682
0.0011977910762652755,0.0008190151420421898,1.757591724395752
0.0011871769092977047,0.0008114892989397049,1.7613844871520996
0.0011765905655920506,0.0008041445980779827,1.7663021087646484
0.0011660997988656163,0.0007969220750965178,1.770024061203003
0.0011557566467672586,0.000789772137068212,1.7737526893615723
0.0011455962667241693,0.0007826570072211325,1.7775232791900635
0.0011356360046193004,0.0007755509577691555,1.7820026874542236
0.0011258760932832956,0.0007684407173655927,1.785841941833496
0.0011162994196638465,0.0007613256457261741,1.7895817756652832
0.0011068746680393815,0.0007542164530605078,1.7933802604675293
0.0010975570185109973,0.000747134443372488,1.7972614765167236
0.0010882916394621134,0.0007401098846457899,1.8012745380401611
0.0010790170636028051,0.0007331800297833979,1.80503511428833
0.0010696671670302749,0.0007263866136781871,1.8087799549102783
0.0010601755930110812,0.0007197742233984172,1.8126416206359863
0.0010504786623641849,0.0007133870967663825,1.8172061443328857
0.0010405182838439941,0.0007072673179209232,1.8209643363952637
0.0010302443988621235,0.0007014519069343805,1.8246915340423584
0.0010196181247010827,0.0006959712482057512,1.8284645080566406
0.0010086128022521734,0.0006908467621542513,1.8330714702606201
0.000997216091491282,0.0006860899738967419,1.8371050357818604
0.0009854304371401668,0.0006817012908868492,1.8409316539764404
0.0009732740581966937,0.0006776695372536778,1.8448543548583984
0.0009607805404812098,0.0006739720702171326,1.8496582508087158
0.0009479984291829169,0.0006705755949951708,1.8536207675933838
0.0009349903557449579,0.0006674367468804121,1.8574097156524658
0.0009218312916345894,0.0006645040703006089,1.8612008094787598
0.0009086070931516588,0.0006617193575948477,1.865830898284912
0.0008954117656685412,0.0006590196862816811,1.8696036338806152
0.0008823451935313642,0.0006563399219885468,1.8734421730041504
0.0008695099968463182,0.000653614173643291,1.8772213459014893
0.0008570085046812892,0.000650778238195926,1.8819458484649658
0.000844939611852169,0.000647771405056119,1.8859808444976807
0.0008333954028785229,0.0006445382023230195,1.889852523803711
0.000822457717731595,0.0006410296191461384,1.8937323093414307
0.0008121958235278726,0.000637204444501549,1.897709846496582
0.000802663853392005,0.0006330303149297833,1.9015169143676758
0.0007938984781503677,0.0006284840637817979,1.905245304107666
0.0007859181496314704,0.0006235521286725998,1.9090032577514648
0.0007787223439663649,0.0006182307261042297,1.9128518104553223
0.0007722919690422714,0.000612525618635118,1.9173355102539062
0.0007665902376174927,0.0006064517656341195,1.9212422370910645
0.0007615646463818848,0.0006000325083732605,1.9250609874725342
0.0007571489550173283,0.0005932990461587906,1.9288537502288818
0.0007532664458267391,0.0005862892139703035,1.9333670139312744
0.0007498323684558272,0.0005790467257611454,1.93709397315979
0.0007467572577297688,0.0005716194864362478,1.940854787826538
0.0007439504261128604,0.0005640587187372148,1.944704532623291
0.0007413217681460083,0.0005564174498431385,1.9496448040008545
0.0007387856021523476,0.0005487491143867373,1.9534986019134521
0.0007362616015598178,0.0005411062738858163,1.9572334289550781
0.0007336775888688862,0.0005335393361747265,1.961005449295044
0.0007309700013138354,0.000526095216628164,1.9653773307800293
0.0007280852878466249,0.0005188166396692395,1.96913480758667
0.0007249803165905178,0.0005117407417856157,1.9728450775146484
0.0007216220838017762,0.0005048986640758812,1.9766285419464111
0.0007179878884926438,0.0004983150865882635,1.980496883392334
0.000714064750354737,0.000492007820867002,1.9843671321868896
0.0007098485366441309,0.00048598780995234847,1.9882042407989502
0.0007053431472741067,0.0004802596231456846,1.9921464920043945
0.0007005593506619334,0.00047482139780186117,1.9961998462677002
0.0006955137359909713,0.000469665857963264,2.0005617141723633
0.0006902277818880975,0.00046478089643642306,2.0042543411254883
0.0006847262266092002,0.00046015053521841764,2.0080013275146484
0.0006790364859625697,0.00045575559488497674,2.0118141174316406
0.0006731871981173754,0.0004515748005360365,2.0163328647613525
0.0006672077579423785,0.00044758556759916246,2.0200538635253906
0.0006611270364373922,0.00044376481673680246,2.023776054382324
0.0006549730896949768,0.0004400896723382175,2.0275492668151855
0.0006487726932391524,0.00043653801549226046,2.0319559574127197
0.0006425507599487901,0.0004330888332333416,2.0357894897460938
0.0006363303400576115,0.0004297225968912244,2.039508104324341
0.0006301325047388673,0.00042642143671400845,2.044281482696533
0.0006239766371436417,0.00042316902545280755,2.049189329147339
0.0006178802577778697,0.000419950665673241,2.0530452728271484
0.0006118595483712852,0.00041675317334011197,2.0568296909332275
0.000605929468292743,0.0004135645576752722,2.0606136322021484
0.0006001042784191668,0.0004103738465346396,2.0655765533447266
0.0005943974829278886,0.0004071708535775542,2.0694239139556885
0.0005888225277885795,0.00040394594543613493,2.0731475353240967
0.0005833926843479276,0.0004006898670922965,2.077040910720825
0.0005781210493296385,0.0003973935090471059,2.081051826477051
0.0005730208940804005,0.000394047936424613,2.08528995513916
0.0005681051407009363,0.000390644243452698,2.08900785446167
0.0005633866530843079,0.0003871736116707325,2.092893600463867
0.0005588774802163243,0.0003836274263449013,2.0968880653381348
0.0005545888561755419,0.00037999730557203293,2.101334810256958
0.0005505305016413331,0.00037627562414854765,2.105051040649414
0.0005467102746479213,0.00037245522253215313,2.108821392059326
0.0005431337049230933,0.00036853019264526665,2.112790822982788
0.0005398036446422338,0.0003644958196673542,2.1174240112304688
0.0005367194535210729,0.00036034913500770926,2.121131658554077
0.0005338772898539901,0.0003560888289939612,2.124913454055786
0.0005312692373991013,0.00035171592026017606,2.128732681274414
0.0005288835382089019,0.00034723366843536496,2.133493423461914
0.000526704709045589,0.0003426480107009411,2.137200117111206
0.000524712901096791,0.0003379673871677369,2.1409366130828857
0.0005228852387517691,0.00033320311922580004,2.144707202911377
0.0005211952375248075,0.0003283693513367325,2.149216651916504
0.000519613444339484,0.0003234830219298601,2.153003692626953
0.0005181082524359226,0.00031856365967541933,2.156723737716675
0.0005166460759937763,0.00031363341258838773,2.160521984100342
0.0005151921650394797,0.0003087167860940099,2.1643879413604736
0.0005137110711075366,0.00030384023557417095,2.1685307025909424
0.0005121671711094677,0.00029903199174441397,2.1722655296325684
0.0005105254822410643,0.0002943215658888221,2.1760663986206055
0.000508751894813031,0.00028973937151022255,2.179854393005371
0.0005068136961199343,0.0002853160258382559,2.1842880249023438
0.0005046800361014903,0.0002810820587910712,2.187997341156006
0.0005023223930038512,0.0002770670980680734,2.1917481422424316
0.0004997143987566233,0.0002732992870733142,2.1956160068511963
0.0004968328285031021,0.0002698047610465437,2.2001445293426514
0.0004936570185236633,0.0002666068612597883,2.2038538455963135
0.0004901693318970501,0.0002637255529407412,2.20762038230896
0.0004863554204348475,0.000261176930507645,2.211543321609497
0.000482204050058499,0.00025897283921949565,2.2167532444000244
0.0004777072463184595,0.0002571201475802809,2.2204785346984863
0.00047286023618653417,0.00025562086375430226,2.2245335578918457
0.0004676617681980133,0.00025447169900871813,2.228564739227295
0.0004621137632057071,0.00025366435875184834,2.2339835166931152
0.0004562215763144195,0.00025318542611785233,2.2376699447631836
0.000449994025984779,0.00025301685673184693,2.241384744644165
0.00044344342313706875,0.0002531361242290586,2.2451283931732178
0.0004365856002550572,0.000253516947850585,2.250251531600952
0.00042943996959365904,0.0002541297290008515,2.253966808319092
0.00042202972690574825,0.0002549420460127294,2.257664203643799
0.00041438176413066685,0.00025591946905478835,2.261453151702881
0.00040652681491337717,0.0002570259675849229,2.266591787338257
0.0003984995128121227,0.0002582246088422835,2.270319700241089
0.0003903383621945977,0.0002594779944047332,2.274059772491455
0.0003820857382379472,0.00026074895868077874,2.2778303623199463
0.00037378777051344514,0.00026200077263638377,2.283169746398926
0.00036549425567500293,0.00026319781318306923,2.286884069442749
0.0003572582791093737,0.00026430573780089617,2.2905986309051514
0.000349135953001678,0.0002652918628882617,2.2944462299346924
0.00034118565963581204,0.0002661255421116948,2.2998573780059814
0.000333467498421669,0.0002667783701326698,2.303576946258545
0.00032604229636490345,0.0002672242699190974,2.307286500930786
0.00031897035660222173,0.0002674399584066123,2.311121702194214
0.0003123102360405028,0.00026740491739474237,2.3167357444763184
0.0003061171737499535,0.00026710156816989183,2.3204870223999023
0.000300441199215129,0.00026651559164747596,2.3241984844207764
0.0002953256480395794,0.00026563566643744707,2.3279869556427
0.0002908051246777177,0.00026445399271324277,2.3331499099731445
0.0002869040472432971,0.00026296605938114226,2.336864948272705
0.00028363530873320997,0.00026117087691091,2.340571641921997
0.0002809993166010827,0.0002590708900243044,2.3443593978881836
0.0002789836435113102,0.0002566720067989081,2.349250555038452
0.0002775632019620389,0.00025398365687578917,2.3529505729675293
0.0002767009718809277,0.0002510187914595008,2.3567147254943848
0.0002763492229860276,0.00024779365048743784,2.360487222671509
0.0002764513192232698,0.00024432784994132817,2.364384651184082
0.000276943581411615,0.00024064410536084324,2.3682801723480225
0.0002777573827188462,0.0002367682900512591,2.3720309734344482
0.00027882136055268347,0.00023272901307791471,2.3757786750793457
0.00028006319189444184,0.00022855750285089016,2.379807949066162
0.00028141160146333277,0.00022428733063861728,2.384338140487671
0.00028279772959649563,0.00021995397401042283,2.388052225112915
0.00028415644192136824,0.0002155945257982239,2.391796827316284
0.0002854273479897529,0.0002112470829160884,2.3957135677337646
0.00028655555797740817,0.00020695029525086284,2.4001495838165283
0.0002874920901376754,0.0002027427253779024,2.403853416442871
0.00028819439467042685,0.00019866206275764853,2.4076061248779297
0.0002886264701373875,0.00019474445434752852,2.4113805294036865
0.00028875889256596565,0.0001910235732793808,2.4163599014282227
0.00028856866993010044,0.00018752984760794789,2.4201972484588623
0.00028803947498090565,0.0001842896017478779,2.4239373207092285
0.0002871610631700605,0.00018132422701455653,2.42769718170166
0.0002859293599613011,0.00017864955589175224,2.4324939250946045
0.0002843459660653025,0.00017627517809160054,2.4362049102783203
0.00028241798281669617,0.00017420433869119734,2.4399006366729736
0.0002801577211357653,0.0001724336325423792,2.4437179565429688
0.00027758226497098804,0.0001709531934466213,2.4496724605560303
0.0002747130929492414,0.0001697472034720704,2.4536476135253906
0.0002715759037528187,0.00016879441682249308,2.4577057361602783
0.0002681998012121767,0.00016806897474452853,2.4616074562072754
0.00026461726520210505,0.00016754146781750023,2.4666640758514404
0.0002608633367344737,0.00016717982362024486,2.4704737663269043
0.00025697535602375865,0.00016695041267666966,2.474213123321533
0.00025299223489128053,0.00016681903798598796,2.4780116081237793
0.0002489539620000869,0.00016675176448188722,2.483097553253174
0.0002449010207783431,0.0001667157921474427,2.4872453212738037
0.0002408735454082489,0.0001666801399551332,2.491386890411377
0.0002369108551647514,0.00016661605332046747,2.495404005050659
0.00023305053764488548,0.00016649755707476288,2.500143527984619
0.00022932780848350376,0.0001663016591919586,2.5039114952087402
0.00022577482741326094,0.00016600852541159838,2.507678508758545
0.0002224199561169371,0.00016560166841372848,2.5114686489105225
0.00021928713249508291,0.00016506787505932152,2.516360282897949
0.00021639533224515617,0.00016439714818261564,2.5202252864837646
0.00021375829237513244,0.00016358277935069054,2.5242831707000732
0.0002113841037498787,0.00016262097051367164,2.528183698654175
0.00020927518198732287,0.0001615108922123909,2.532914400100708
0.0002074284275295213,0.00016025436343625188,2.5368125438690186
0.00020583547302521765,0.00015885567700024694,2.54054594039917
0.00020448311988729984,0.00015732143947388977,2.5443265438079834
0.0002033539058174938,0.00015566025103908032,2.5491750240325928
0.00020242689060978591,0.00015388253086712211,2.552931785583496
0.00020167835464235395,0.0001520002551842481,2.5566771030426025
0.00020108261378481984,0.00015002669533714652,2.5607028007507324
0.00020061280520167202,0.00014797619951423258,2.5652172565460205
0.00020024157129228115,0.00014586393081117421,2.5691587924957275
0.00019994188915006816,0.0001437056198483333,2.5729477405548096
0.0001996874634642154,0.00014151727373246104,2.576737403869629
0.0001994533377001062,0.00013931503053754568,2.5807206630706787
0.0001992161851376295,0.00013711483916267753,2.585123062133789
0.0001989547163248062,0.0001349322556052357,2.589224100112915
0.0001986497372854501,0.00013278222468215972,2.593146800994873
0.00019828439690172672,0.00013067891995888203,2.5969691276550293
0.00019784407049883157,0.00012863548181485385,2.6010234355926514
0.00019731650536414236,0.00012666390102822334,2.6047327518463135
0.00019669155881274492,0.00012477482960093766,2.608509063720703
0.00019596127094700933,0.00012297756620682776,2.612360954284668
0.0001951196463778615,0.00012127987429266796,2.6167397499084473
0.00019416243594605476,0.00011968793114647269,2.620455741882324
0.00019308704941067845,0.0001182063715532422,2.6242401599884033
0.00019189239537809044,0.00011683823686325923,2.6280224323272705
0.00019057861936744303,0.00011558507685549557,2.6325676441192627
0.0001891470019472763,0.00011444693518569693,2.636310338973999
0.00018759981321636587,0.00011342251673340797,2.6400279998779297
0.00018594013818074018,0.00011250929674133658,2.6438019275665283
0.0001841718185460195,0.00011170356447109953,2.6477224826812744
0.0001822992489906028,0.00011100066330982372,2.6518349647521973
0.00018032736261375248,0.00011039507808163762,2.6556129455566406
0.0001782616163836792,0.00010988055146299303,2.659381866455078
0.00017610786017030478,0.0001094502440537326,2.663210153579712
0.00017387235129717737,0.00010909682896453887,2.667616605758667
0.00017156179819721729,0.00010881261550821364,2.6713287830352783
0.00016918328765314072,0.0001085896001313813,2.6750800609588623
0.00016674438666086644,0.00010841959010576829,2.6790826320648193
0.0001642531278776005,0.00010829424718394876,2.683929920196533
0.00016171809693332762,0.00010820516763487831,2.6877193450927734
0.00015914840332698077,0.00010814386769197881,2.6914682388305664
0.0001565538113936782,0.00010810189269250259,2.6952342987060547
0.0001539446966489777,0.00010807084618136287,2.70003080368042
0.00015133211854845285,0.00010804235353134573,2.703845739364624
0.00014872776228003204,0.00010800822201417759,2.7076923847198486
0.00014614399697165936,0.00010796035348903388,2.711625576019287
0.00014359377382788807,0.00010789086081786081,2.7163305282592773
0.00014109053881838918,0.00010779211152112111,2.720266580581665
0.00013864817447029054,0.00010765672050183639,2.724189519882202
0.00013628079614136368,0.00010747767373686656,2.7281031608581543
0.00013400259194895625,0.00010724831372499466,2.733048915863037
0.00013182751717977226,0.00010696240497054532,2.7369587421417236
0.000129769163322635,0.00010661428677849472,2.7409701347351074
0.0001278403215110302,0.00010619874956319109,2.7448740005493164
0.0001260527060367167,0.00010571127495495602,2.7497141361236572
0.00012441664875950664,0.00010514797031646594,2.753572702407837
0.00012294072075746953,0.0001045056342263706,2.757500648498535
0.00012163144128862768,0.00010378182923886925,2.7615771293640137
0.0001204930231324397,0.00010297492553945631,2.7662441730499268
0.00011952717613894492,0.00010208413732470945,2.7699596881866455
0.0001187329035019502,0.00010110947914654389,2.773953914642334
0.000118106538138818,0.00010005188960349187,2.7777886390686035
0.00011764174269046634,9.891318768495694e-05,2.782515287399292
0.00011732966231647879,9.769606549525633e-05,2.7862777709960938
0.0001171590993180871,9.640415373723954e-05,2.790189027786255
0.00011711684783222154,9.504192712483928e-05,2.794171094894409
0.00011718803580151871,9.361473348690197e-05,2.7987046241760254
0.00011735643784049898,9.212877921527252e-05,2.802485227584839
0.0001176049408968538,9.059104922926053e-05,2.8065192699432373
0.00011791587894549593,8.900928514776751e-05,2.810303211212158
0.00011827144771814346,8.739192708162591e-05,2.8143718242645264
0.00011865398846566677,8.574806270189583e-05,2.818452835083008
0.00011904632265213877,8.40872889966704e-05,2.822528600692749
0.00011943203571718186,8.24197122710757e-05,2.8263790607452393
0.00011979562259512022,8.075574442045763e-05,2.830233335494995
0.00012012274964945391,7.910608837846667e-05,2.834486961364746
0.00012040030560456216,7.748151256237179e-05,2.8382620811462402
0.00012061656161677092,7.589277083752677e-05,2.842012405395508
0.00012076118582626805,7.435039151459932e-05,2.8458056449890137
0.00012082532339263707,7.286456093424931e-05,2.850801706314087
0.0001208015310112387,7.144488336052746e-05,2.8559019565582275
0.0001206838569487445,7.010022090980783e-05,2.860198974609375
0.00012046773917973042,6.883851892780513e-05,2.8643922805786133
0.00012014999811071903,6.766659498680383e-05,2.868896245956421
0.0001197287710965611,6.658998609054834e-05,2.8725643157958984
0.00011920344695681706,6.561278860317543e-05,2.876364231109619
0.00011857458594022319,6.473760004155338e-05,2.8806965351104736
0.00011784385424107313,6.396539538400248e-05,2.8856749534606934
0.00011701395123964176,6.329552707029507e-05,2.889601945877075
0.00011608852219069377,6.272579776123166e-05,2.893561601638794
0.00011507203453220427,6.225246033864096e-05,2.8977322578430176
0.00011396975605748594,6.187043618410826e-05,2.9018642902374268
0.00011278762394795194,6.15734388702549e-05,2.9057109355926514
0.00011153217928949744,6.135416333563626e-05,2.9097189903259277
0.00011021046520909294,6.12045478192158e-05,2.913841485977173
0.00010882995411520824,6.111596303526312e-05,2.9180963039398193
0.00010739844583440572,6.107944500399753e-05,2.9217989444732666
0.00010592401667963713,6.108591333031654e-05,2.9255917072296143
0.00010441490303492174,6.112635310273618e-05,2.929579734802246
0.00010287942131981254,6.11919749644585e-05,2.9344120025634766
0.000101325917057693,6.127438973635435e-05,2.9381048679351807
9.976264846045524e-05,6.136563752079383e-05,2.9420242309570312
9.819772094488144e-05,6.145838415250182e-05,2.945892810821533
9.663900709711015e-05,6.15458920947276e-05,2.950692892074585
9.509408846497536e-05,6.162210047477856e-05,2.9545178413391113
9.357013186672702e-05,6.168166146380827e-05,2.9584200382232666
9.207387483911589e-05,6.171990389702842e-05,2.962434768676758
9.061151649802923e-05,6.173286237753928e-05,2.96718168258667
8.91886738827452e-05,6.171724817249924e-05,2.9706294536590576
8.781030919635668e-05,6.167042738525197e-05,2.974195957183838
8.648070797789842e-05,6.159039912745357e-05,2.978105068206787
8.520341361872852e-05,6.147573731141165e-05,2.9829792976379395
8.398122736252844e-05,6.132559792604297e-05,2.98689603805542
8.281614282168448e-05,6.113960989750922e-05,2.990706443786621
8.170940418494865e-05,6.091790783102624e-05,2.994638681411743
8.066146256169304e-05,6.0661055613309145e-05,2.999210834503174
7.967206329340115e-05,6.037000275682658e-05,3.003082752227783
7.874020957387984e-05,6.004605529597029e-05,3.0069100856781006
7.786427158862352e-05,5.9690806665457785e-05,3.0108284950256348
7.704203017055988e-05,5.930611951043829e-05,3.015716552734375
7.62707568355836e-05,5.889410022064112e-05,3.019519329071045
7.554729381809011e-05,5.845700070494786e-05,3.023287296295166
7.486812683055177e-05,5.799723294330761e-05,3.0270779132843018
7.422949420288205e-05,5.7517303503118455e-05,3.031066417694092
7.36274741939269e-05,5.701977352146059e-05,3.0350115299224854
7.305805047508329e-05,5.6507225963287055e-05,3.03874135017395
7.251722126966342e-05,5.598222560365684e-05,3.0426974296569824
7.200106483651325e-05,5.544729356188327e-05,3.046893835067749
7.150579040171579e-05,5.4904860007809475e-05,3.0524539947509766
7.102781091816723e-05,5.4357253247871995e-05,3.0578677654266357
7.056381582515314e-05,5.3806656069355085e-05,3.062187433242798
7.011075649643317e-05,5.325510210241191e-05,3.0766677856445312
6.9665904447902e-05,5.270443216431886e-05,3.0819251537323
6.922687316546217e-05,5.215629789745435e-05,3.09091854095459
6.87916181050241e-05,5.1612150855362415e-05,3.100001811981201
6.835842941654846e-05,5.107323158881627e-05,3.1077611446380615
6.792593922000378e-05,5.054056964581832e-05,3.113557815551758
6.74930852255784e-05,5.001499084755778e-05,3.119100570678711
6.705911800963804e-05,4.9497102736495435e-05,3.1240384578704834
6.662355008302256e-05,4.898734550806694e-05,3.128983974456787
6.61861413391307e-05,4.848597745876759e-05,3.134908676147461
6.574686267413199e-05,4.799308953806758e-05,3.139841318130493
6.53058523312211e-05,4.750864172820002e-05,3.145630359649658
6.486340862466022e-05,4.7032466682139784e-05,3.150541305541992
6.441994628403336e-05,4.6564317017327994e-05,3.1541857719421387
6.397593824658543e-05,4.6103847125777975e-05,3.157747745513916
6.35319302091375e-05,4.5650671381736174e-05,3.1612963676452637
6.308848969638348e-05,4.5204349589766935e-05,3.166175365447998
6.264617695705965e-05,4.4764445192413405e-05,3.1698052883148193
6.220553768798709e-05,4.4330517994239926e-05,3.173811435699463
6.17670884821564e-05,4.390211688587442e-05,3.178096294403076
6.133127317298204e-05,4.3478845327626914e-05,3.1844215393066406
6.0898502852069214e-05,4.306032496970147e-05,3.1887073516845703
6.04691231274046e-05,4.264621020411141e-05,3.1923511028289795
6.00433922954835e-05,4.22362209064886e-05,3.1964619159698486
5.96215104451403e-05,4.183009878033772e-05,3.2012290954589844
5.9203604905633256e-05,4.142765101278201e-05,3.204693555831909
5.8789744798559695e-05,4.102873572264798e-05,3.208203077316284
5.837993376189843e-05,4.063324013259262e-05,3.2121543884277344
5.797411722596735e-05,4.02411023969762e-05,3.2171993255615234
5.757218968938105e-05,3.985231523984112e-05,3.220673084259033
5.717399108107202e-05,3.946687502320856e-05,3.2241952419281006
5.677932495018467e-05,3.908485086867586e-05,3.227736711502075
5.638794391416013e-05,3.870631553581916e-05,3.2326650619506836
5.5999560572672635e-05,3.83313927159179e-05,3.236135244369507
5.5613847507629544e-05,3.796022429014556e-05,3.2398619651794434
5.523044092115015e-05,3.759298488148488e-05,3.243650197982788
5.484892244567163e-05,3.722988549270667e-05,3.2486467361450195
5.446883733384311e-05,3.687116986839101e-05,3.252657651901245
5.4089672630652785e-05,3.651709630503319e-05,3.2565572261810303
5.371088263927959e-05,3.616798130678944e-05,3.2605419158935547
5.3331863455241546e-05,3.5824166843667626e-05,3.265892505645752
5.295194932841696e-05,3.548602762748487e-05,3.26975154876709
5.257044904283248e-05,3.5153982025804e-05,3.2742292881011963
5.218660953687504e-05,3.482847387203947e-05,3.278156280517578
5.1799637731164694e-05,3.4509983379393816e-05,3.2834243774414062
5.140871508046985e-05,3.4199012588942423e-05,3.287288188934326
5.101299029774964e-05,3.389609628356993e-05,3.2911603450775146
5.0611604820005596e-05,3.3601754694245756e-05,3.295156240463257
5.020370736019686e-05,3.3316537155769765e-05,3.300164222717285
4.978845754521899e-05,3.304096026113257e-05,3.3048324584960938
4.9365058657713234e-05,3.277551877545193e-05,3.3090591430664062
4.893276491202414e-05,3.252067108405754e-05,3.3132781982421875
4.849091055803001e-05,3.2276802812702954e-05,3.3180365562438965
4.8038938984973356e-05,3.204423046554439e-05,3.3217480182647705
4.757640272146091e-05,3.1823175959289074e-05,3.326094150543213
4.71030107291881e-05,3.161375570925884e-05,3.331052780151367
4.661861385102384e-05,3.1415944249602035e-05,3.3352813720703125
4.6123273932607844e-05,3.122960333712399e-05,3.3390564918518066
4.561722380458377e-05,3.105441646766849e-05,3.3429949283599854
4.510092912823893e-05,3.088993253186345e-05,3.349266529083252
4.4575070205610245e-05,3.073553307331167e-05,3.3530433177948
4.404057108331472e-05,3.059043956454843e-05,3.356752634048462
4.3498585000634193e-05,3.045372068299912e-05,3.3605451583862305
4.2950501665472984e-05,3.032430322491564e-05,3.3653054237365723
4.239795816829428e-05,3.0200966648408212e-05,3.3691418170928955
4.184279896435328e-05,3.0082379453233443e-05,3.3728835582733154
4.12870867876336e-05,2.9967111913720146e-05,3.3766305446624756
4.0733080822974443e-05,2.9853643354726955e-05,3.3819494247436523
4.0183196688303724e-05,2.974040398839861e-05,3.385894775390625
3.9639991882722825e-05,2.962579128507059e-05,3.3895957469940186
3.910612576873973e-05,2.950818270619493e-05,3.3934450149536133
3.858431227854453e-05,2.9385981179075316e-05,3.398638963699341
3.807728717220016e-05,2.92576223728247e-05,3.4024136066436768
3.75877607439179e-05,2.912160925916396e-05,3.406142473220825
3.711834142450243e-05,2.8976521207368933e-05,3.4099063873291016
3.6671517591457814e-05,2.8821041269111447e-05,3.415250539779663
3.6249588447390124e-05,2.865397800633218e-05,3.419464111328125
3.585459853638895e-05,2.8474260034272447e-05,3.4232301712036133
3.548832319211215e-05,2.8280979677219875e-05,3.4270381927490234
3.515219214023091e-05,2.8073372959624976e-05,3.431945323944092
3.48472676705569e-05,2.7850852347910404e-05,3.435760736465454
3.4574219171190634e-05,2.7612977646640502e-05,3.4394726753234863
3.433329766266979e-05,2.735951420618221e-05,3.443239212036133
3.412433579796925e-05,2.7090369258075953e-05,3.4477126598358154
3.3946740586543456e-05,2.6805639208760113e-05,3.4515860080718994
3.379952613613568e-05,2.65055841737194e-05,3.4553205966949463
3.368131729075685e-05,2.6190620701527223e-05,3.459232807159424
3.359040420036763e-05,2.586133632576093e-05,3.4630239009857178
3.352476778673008e-05,2.5518456823192537e-05,3.467655897140503
3.348214158904739e-05,2.5162846213788725e-05,3.471465826034546
3.346004814375192e-05,2.479550676071085e-05,3.4752840995788574
3.345587174408138e-05,2.441755168547388e-05,3.479127883911133
3.346688754390925e-05,2.4030208805925213e-05,3.483952045440674
3.3490327041363344e-05,2.363479507039301e-05,3.4880120754241943
3.3523410820635036e-05,2.3232714738696814e-05,3.49192476272583
3.356341767357662e-05,2.28254448302323e-05,3.495870590209961
3.3607684599701315e-05,2.241451329609845e-05,3.500638008117676
3.365366137586534e-05,2.2001502657076344e-05,3.5044963359832764
3.369893238414079e-05,2.1588019080809318e-05,3.5084481239318848
3.3741231163730845e-05,2.117569420079235e-05,3.5125677585601807
3.3778458600863814e-05,2.0766165107488632e-05,3.5172977447509766
3.3808693842729554e-05,2.0361059796414338e-05,3.5211610794067383
3.383019065950066e-05,1.9961997168138623e-05,3.5250720977783203
3.3841391996247694e-05,1.9570550648495555e-05,3.529135227203369
3.384092269698158e-05,1.9188264559488744e-05,3.5338783264160156
3.3827582228695974e-05,1.881661592051387e-05,3.5376808643341064
3.3800337405409664e-05,1.8457019905326888e-05,3.5417795181274414
3.3758329664124176e-05,1.811080437619239e-05,3.546034574508667
3.370084959897213e-05,1.777920624590479e-05,3.550528049468994
3.362733332323842e-05,1.746335874486249e-05,3.554304599761963
3.353735155542381e-05,1.7164267774205655e-05,3.558086633682251
3.343060234328732e-05,1.6882821000763215e-05,3.5618896484375
3.3306903787888587e-05,1.6619758753222413e-05,3.566349983215332
3.316617221571505e-05,1.6375668565160595e-05,3.570110321044922
3.300843309261836e-05,1.6150997907971032e-05,3.573913335800171
3.283379919594154e-05,1.5946012354106642e-05,3.577836275100708
3.264245970058255e-05,1.576082104293164e-05,3.5825040340423584
3.243468017899431e-05,1.559536758577451e-05,3.586244821548462
3.2210802601184696e-05,1.5449428246938623e-05,3.5900204181671143
3.1971230782801285e-05,1.5322617400670424e-05,3.593841075897217
3.1716423109173775e-05,1.5214396626106463e-05,3.5985677242279053
3.1446903449250385e-05,1.5124086530704517e-05,3.602356195449829
3.1163224775809795e-05,1.50508740262012e-05,3.6060612201690674
3.086601645918563e-05,1.4993827790021896e-05,3.6100733280181885
3.055593333556317e-05,1.4951921002648305e-05,3.6140851974487305
3.023367935384158e-05,1.4924036804586649e-05,3.618194341659546
2.9899996661697514e-05,1.4908997400198132e-05,3.6218974590301514
2.9555661967606284e-05,1.4905570424161851e-05,3.6256954669952393
2.9201490178820677e-05,1.4912493497831747e-05,3.6294755935668945
2.883832530642394e-05,1.4928493328625336e-05,3.6338858604431152
2.8467035008361563e-05,1.4952289348002523e-05,3.637565851211548
2.8088516046409495e-05,1.498262099630665e-05,3.641324043273926
2.7703687010216527e-05,1.5018248632259201e-05,3.6451075077056885
2.7313479222357273e-05,1.5057977179822046e-05,3.6496548652648926
2.6918836738332175e-05,1.5100651580723934e-05,3.6533453464508057
2.6520714527578093e-05,1.5145177712838631e-05,3.657424211502075
2.612006755953189e-05,1.5190517842711415e-05,3.6611828804016113
2.5717850803630427e-05,1.5235707905958407e-05,3.665825366973877
2.5315004677395336e-05,1.5279845683835447e-05,3.6695547103881836
2.4912469598348252e-05,1.5322113540605642e-05,3.673421621322632
2.451115142321214e-05,1.536175659566652e-05,3.677558660507202
2.411194145679474e-05,1.5398103641928174e-05,3.682250499725342
2.3715700081083924e-05,1.543055441288743e-05,3.6862921714782715
2.33232512982795e-05,1.545858322060667e-05,3.6901516914367676
2.293538454978261e-05,1.5481740774703212e-05,3.6939289569854736
2.255283652630169e-05,1.54996378114447e-05,3.697739839553833
2.21763075387571e-05,1.5511961464653723e-05,3.7019741535186768
2.1806445147376508e-05,1.5518453437834978e-05,3.705780029296875
2.1443845980684273e-05,1.5518922737101093e-05,3.709693193435669
2.1089052097522654e-05,1.551322748127859e-05,3.715287446975708
2.0742552806041203e-05,1.5501273082918487e-05,3.7192399501800537
2.040478830167558e-05,1.54830177052645e-05,3.723015069961548
2.0076144210179336e-05,1.5458452253369614e-05,3.7267720699310303
1.9756957044592127e-05,1.542760946904309e-05,3.732008218765259
1.9447521481197327e-05,1.5390547559945844e-05,3.7358603477478027
1.9148083083564416e-05,1.5347350199590437e-05,3.73956561088562
1.8858854673453607e-05,1.529812470835168e-05,3.7435197830200195
1.8580003597890027e-05,1.5242992958519608e-05,3.7477307319641113
1.8311677195015363e-05,1.518208682682598e-05,3.7518818378448486
1.8053986423183233e-05,1.5115544556465466e-05,3.7555770874023438
1.7807024050853215e-05,1.5043514395074453e-05,3.7593328952789307
1.7570864656590857e-05,1.4966139133321121e-05,3.7631280422210693
1.7345559172099456e-05,1.4883563380863052e-05,3.7683231830596924
1.7131147615145892e-05,1.479592810937902e-05,3.772041082382202
1.6927660908550024e-05,1.4703363376611378e-05,3.7757954597473145
1.6735104509280063e-05,1.4605997421313077e-05,3.779721975326538
1.6553491150261834e-05,1.4503950296784751e-05,3.7845535278320312
1.6382800822611898e-05,1.4397332961380016e-05,3.788473606109619
1.6223004422499798e-05,1.4286246369010769e-05,3.7923965454101562
1.6074061932158656e-05,1.4170789654599503e-05,3.7964282035827637
1.5935904229991138e-05,1.4051052858121693e-05,3.8010880947113037
1.5808438547537662e-05,1.392712329106871e-05,3.8049824237823486
1.5691544831497595e-05,1.3799086445942521e-05,3.808940887451172
1.5585068467771634e-05,1.3667025996255688e-05,3.8129994869232178
1.548881846247241e-05,1.3531031981983688e-05,3.8176608085632324
1.540256562293507e-05,1.3391188986133784e-05,3.8213560581207275
1.5326033462770283e-05,1.3247599781607278e-05,3.8251242637634277
1.525890183984302e-05,1.3100368960294873e-05,3.8291187286376953
1.5200807865767274e-05,1.2949619303981308e-05,3.8338541984558105
1.5151328625506721e-05,1.2795480870408937e-05,3.8375484943389893
1.5110007552721072e-05,1.263810190721415e-05,3.8412864208221436
1.507633351138793e-05,1.2477652489906177e-05,3.8450634479522705
1.5049751709739212e-05,1.2314314517425373e-05,3.8497188091278076
1.5029670976218767e-05,1.2148299902037252e-05,3.853440284729004
1.5015463759482373e-05,1.197983783640666e-05,3.857163429260254
1.500646976637654e-05,1.1809178431576584e-05,3.8609561920166016
1.5002005056885537e-05,1.1636597264441662e-05,3.865309238433838
1.5001367501099594e-05,1.146239537774818e-05,3.869009494781494
1.5003840417193715e-05,1.1286894732620567e-05,3.8727362155914307
1.5008703485364094e-05,1.1110435480077285e-05,3.8765220642089844
1.5015239114291035e-05,1.093338414648315e-05,3.880370855331421
1.5022734260128345e-05,1.0756124538602307e-05,3.884347677230835
1.503049315942917e-05,1.057905683410354e-05,3.888122081756592
1.5037838238640688e-05,1.0402594853076153e-05,3.891881227493286
1.5044116480567027e-05,1.0227167877019383e-05,3.89575457572937
1.5048710338305682e-05,1.005321155389538e-05,3.9006073474884033
1.5051034097268712e-05,9.881166988634504e-06,3.9043033123016357
1.5050542970129754e-05,9.71147801465122e-06,3.9080564975738525
1.5046734915813431e-05,9.544585736875888e-06,3.911801338195801
1.5039153367979452e-05,9.380921255797148e-06,3.916856288909912
1.502738905401202e-05,9.22091021493543e-06,3.9209482669830322
1.5011082723503932e-05,9.064954610948917e-06,3.9249110221862793
1.498992605775129e-05,8.913440069591161e-06,3.9289803504943848
1.4963661669753492e-05,8.766727660258766e-06,3.9334487915039062
1.4932082194718532e-05,8.625141163065564e-06,3.9371554851531982
1.4895029380568303e-05,8.488972525810823e-06,3.941070079803467
1.4852397725917399e-05,8.358477316505741e-06,3.9454946517944336
1.4804125385126099e-05,8.23386653792113e-06,3.9500811100006104
1.4750202353752684e-05,8.115301170619205e-06,3.9537675380706787
1.4690655007143505e-05,8.002900358405896e-06,3.9575283527374268
1.4625556104874704e-05,7.896729584899731e-06,3.9612975120544434
1.4555016605299897e-05,7.796804311510641e-06,3.965878486633301
1.4479181118076667e-05,7.703092705924064e-06,3.96958327293396
1.4398226085177157e-05,7.615509275638033e-06,3.9733376502990723
1.4312358871393371e-05,7.5339257818995975e-06,3.9771227836608887
1.4221808669390157e-05,7.4581689659680706e-06,3.981936454772949
1.4126828318694606e-05,7.3880278250726406e-06,3.9857122898101807
1.4027686120243743e-05,7.323254521907074e-06,3.989403486251831
1.392466583638452e-05,7.263572570082033e-06,3.9931745529174805
1.3818058505421504e-05,7.20868092685123e-06,3.9970383644104004
1.370816335111158e-05,7.158258085837588e-06,4.001256704330444
1.3595279597211629e-05,7.111975719453767e-06,4.004932641983032
1.3479707376973238e-05,7.069491857691901e-06,4.008761167526245
1.3361740457185078e-05,7.030467713775579e-06,4.0128326416015625
1.3241668966657016e-05,6.994566774665145e-06,4.017580032348633
1.3119769391778391e-05,6.961457074794453e-06,4.02127742767334
1.299630730500212e-05,6.930824383744039e-06,4.025012731552124
1.2871533726865891e-05,6.902365385030862e-06,4.028782844543457
1.2745686944981571e-05,6.875794497318566e-06,4.0333640575408936
1.2618986147572286e-05,6.850848876638338e-06,4.0370941162109375
1.2491632332967129e-05,6.8272829594207e-06,4.040971040725708
1.236381103808526e-05,6.8048739194637164e-06,4.044942378997803
1.2235694157425314e-05,6.783419848943595e-06,4.049635648727417
1.210742902912898e-05,6.762740667909384e-06,4.053329229354858
1.1979156624875031e-05,6.742674031556817e-06,4.057161331176758
1.185100063594291e-05,6.723077603965066e-06,4.060945987701416
1.1723072020686232e-05,6.703822236886481e-06,4.06581974029541
1.1595477189985104e-05,6.684797881462146e-06,4.069517374038696
1.1468308002804406e-05,6.665903129032813e-06,4.0732808113098145
1.1341659956087824e-05,6.647045211138902e-06,4.0771520137786865
1.1215622180316132e-05,6.628141363762552e-06,4.081979274749756
1.1090286534454208e-05,6.60911337035941e-06,4.085826396942139
1.0965744877466932e-05,6.589883014385123e-06,4.089594125747681
1.0842099072760902e-05,6.5703784457582515e-06,4.0934998989105225
1.0719455531216227e-05,6.550518264702987e-06,4.097357511520386
1.0597933396638837e-05,6.530227892653784e-06,4.101464748382568
1.0477660907781683e-05,6.509420018119272e-06,4.105167388916016
1.035877903632354e-05,6.4880091485974845e-06,4.109391927719116
1.0241442396363709e-05,6.465900696639437e-06,4.11351752281189
1.0125818334927317e-05,6.442995982069988e-06,4.1192522048950195
1.0012087841460016e-05,6.419188594009029e-06,4.123270034790039
9.90044281934388e-06,6.394370302587049e-06,4.127184152603149
9.791086085897405e-06,6.368425601976924e-06,4.131078720092773
9.684229553386103e-06,6.341236257867422e-06,4.135223150253296
9.5800905910437e-06,6.31268221695791e-06,4.138930082321167
9.478889296588022e-06,6.282643880695105e-06,4.142672538757324
9.380843948747497e-06,6.250999831536319e-06,4.146913051605225
9.286171916755848e-06,6.217634563654428e-06,4.151727914810181
9.195079655910376e-06,6.182434844959062e-06,4.155441522598267
9.107760888582561e-06,6.145296083559515e-06,4.159222364425659
9.024392966239247e-06,6.106119599280646e-06,4.163035869598389
8.945130502979737e-06,6.06482080911519e-06,4.167758941650391
8.870103556546383e-06,6.0213251344976015e-06,4.1716907024383545
8.79941217135638e-06,5.9755725487775635e-06,4.175742864608765
8.73312365001766e-06,5.927518486714689e-06,4.179687738418579
8.671265277371276e-06,5.877135208720574e-06,4.184361219406128
8.613831596449018e-06,5.824415438837605e-06,4.188056468963623
8.560772585042287e-06,5.7693705457495525e-06,4.191813230514526
8.511998203175608e-06,5.712029633286875e-06,4.195604085922241
8.467377483611926e-06,5.65244863537373e-06,4.200200080871582
8.426738531852607e-06,5.5907012210809626e-06,4.204018592834473
8.389872164116241e-06,5.5268847063416615e-06,4.208039283752441
8.356528269359842e-06,5.461118234961759e-06,4.212051630020142
8.326427632709965e-06,5.393545052356785e-06,4.216778039932251
8.299259206978604e-06,5.3243279580783565e-06,4.220473289489746
8.274683750641998e-06,5.2536502153088804e-06,4.224194526672363
8.25234383228235e-06,5.181721007829765e-06,4.227973222732544
8.231862921093125e-06,5.108762707095593e-06,4.23250150680542
8.212851753341965e-06,5.035020421928493e-06,4.236598014831543
8.194916517823003e-06,4.960754722560523e-06,4.240680932998657
8.177656127372757e-06,4.88624118588632e-06,4.244460821151733
8.160674951795954e-06,4.811768576473696e-06,4.249194860458374
8.143582817865536e-06,4.737637937068939e-06,4.252892017364502
8.125997737806756e-06,4.664156676881248e-06,4.256607294082642
8.1075522757601e-06,4.5916390263300855e-06,4.2605812549591064
8.087899004749488e-06,4.520402853813721e-06,4.265276908874512
8.066705959208775e-06,4.45076420874102e-06,4.26904821395874
8.04366482043406e-06,4.3830341382999904e-06,4.272767066955566
8.018491826078389e-06,4.317515958973672e-06,4.276540517807007
7.990931408130564e-06,4.254502073308686e-06,4.280480623245239
7.960750735946931e-06,4.194267603452317e-06,4.284787178039551
7.927750630187802e-06,4.137065843679011e-06,4.288516521453857
7.891754648881033e-06,4.083127350895666e-06,4.292279243469238
7.852620910853148e-06,4.032653578178724e-06,4.2962470054626465
7.810235729266424e-06,3.985813691542717e-06,4.301081895828247
7.764513611618895e-06,3.9427413867088035e-06,4.304996013641357
7.715399078733753e-06,3.90353170587332e-06,4.308903455734253
7.662863936275244e-06,3.868239218718372e-06,4.312869071960449
7.606909093738068e-06,3.836877567664487e-06,4.317601203918457
7.547562745457981e-06,3.809419013123261e-06,4.3213019371032715
7.484878096875036e-06,3.7857930692553055e-06,4.325045108795166
7.418935638270341e-06,3.765891278817435e-06,4.329125165939331
7.3498372330504935e-06,3.7495656215469353e-06,4.333913326263428
7.2777093009790406e-06,3.736633971129777e-06,4.337614297866821
7.202700089692371e-06,3.7268837331794202e-06,4.341545104980469
7.1249787652050145e-06,3.7200750284682726e-06,4.345296144485474
7.044731319183484e-06,3.7159468320169253e-06,4.3501012325286865
6.962164206925081e-06,3.7142169730941532e-06,4.35378623008728
6.877499345137039e-06,3.7145932765270118e-06,4.357501983642578
6.790972292947117e-06,3.716774017448188e-06,4.361281871795654
6.702834980387706e-06,3.720453833011561e-06,4.365869045257568
6.613347977690864e-06,3.725327132997336e-06,4.36957573890686
6.522784133267123e-06,3.7310903735487955e-06,4.373331069946289
6.431424935726682e-06,3.7374493331299163e-06,4.377094030380249
6.3395577853953e-06,3.7441172935359646e-06,4.381083726882935
6.247476903809002e-06,3.750820269488031e-06,4.385263681411743
6.155477876745863e-06,3.7572995097434614e-06,4.389116287231445
6.063860837457469e-06,3.763309450732777e-06,4.393075227737427
5.972922281216597e-06,3.768622491406859e-06,4.39727520942688
5.882958703296026e-06,3.7730267195001943e-06,4.4016125202178955
5.794260232505621e-06,3.7763320506201126e-06,4.405461549758911
5.707111085939687e-06,3.7783618154207943e-06,4.40937876701355
5.62178729524021e-06,3.778961399802938e-06,4.41335916519165
5.538551249628654e-06,3.7779925605718745e-06,4.417628049850464
5.457654424390057e-06,3.775336153921671e-06,4.421338319778442
5.379331014410127e-06,3.7708896343247034e-06,4.425090312957764
5.303796115185833e-06,3.7645677366526797e-06,4.42889666557312
5.231245268078055e-06,3.75630361304502e-06,4.433527946472168
5.161852641322184e-06,3.7460440580616705e-06,4.4373884201049805
5.095765573059907e-06,3.7337533740355866e-06,4.441275596618652
5.033106845075963e-06,3.7194085962255485e-06,4.44523024559021
4.973969680577284e-06,3.703003358168644e-06,4.4501729011535645
4.9184213821718e-06,3.6845447084488114e-06,4.453884124755859
4.866497420152882e-06,3.664049927465385e-06,4.457805633544922
4.818202796741389e-06,3.6415501654119e-06,4.461841106414795
4.773514319822425e-06,3.6170897601550678e-06,4.466373920440674
4.7323778744612355e-06,3.5907214623875916e-06,4.470079660415649
4.69471115138731e-06,3.5625100736069726e-06,4.473783254623413
4.660405011236435e-06,3.5325297176314052e-06,4.4775474071502686
4.629323939298047e-06,3.500863158478751e-06,4.481969833374023
4.601310138241388e-06,3.4676027098612394e-06,4.485815763473511
4.576183073368156e-06,3.432848416196066e-06,4.489731073379517
4.553746293822769e-06,3.3967071431106888e-06,4.493748188018799
4.533785158855608e-06,3.3592941690585576e-06,4.498654127120972
4.516074113780633e-06,3.3207295473403065e-06,4.502708196640015
4.5003775994700845e-06,3.2811396977194818e-06,4.506570816040039
4.486453235585941e-06,3.240656269554165e-06,4.510514259338379
4.474054094316671e-06,3.1994152323022718e-06,4.5152764320373535
4.462934612092795e-06,3.1575577850162517e-06,4.519078493118286
4.452847406355431e-06,3.1152246720012045e-06,4.523800373077393
4.443551915755961e-06,3.072563231398817e-06,4.5287275314331055
4.434811216924572e-06,3.029719209735049e-06,4.534312009811401
4.4263997551752254e-06,2.9868417641409906e-06,4.538035154342651
4.418098797032144e-06,2.9440782327583292e-06,4.54177188873291
4.409702796692727e-06,2.9015736799919978e-06,4.545578718185425
4.401018941280199e-06,2.8594729428732535e-06,4.550705909729004
4.391866696096258e-06,2.8179176752018975e-06,4.554404258728027
4.382083261589287e-06,2.7770420274464414e-06,4.558324098587036
4.371519480628194e-06,2.7369785584596684e-06,4.562331914901733
4.360042112239171e-06,2.697848913157941e-06,4.5668885707855225
4.347535650595091e-06,2.6597688247420592e-06,4.570579528808594
4.3339009607734624e-06,2.622843112476403e-06,4.574304103851318
4.319056188251125e-06,2.5871665911836317e-06,4.578143119812012
4.302936758904252e-06,2.5528206606395543e-06,4.583032846450806
4.285494469513651e-06,2.5198748971888563e-06,4.5867321491241455
4.26669794251211e-06,2.4883831883926177e-06,4.590489864349365
4.246533990226453e-06,2.4583869162597694e-06,4.5945093631744385
4.225003522151383e-06,2.429908136036829e-06,4.599284887313843
4.202123818686232e-06,2.402956624791841e-06,4.60299277305603
4.177928531134967e-06,2.3775232875777874e-06,4.606703519821167
4.152464498474728e-06,2.353583795411396e-06,4.61047887802124
4.125793111597886e-06,2.331098585273139e-06,4.6143975257873535
4.0979875848279335e-06,2.3100124053598847e-06,4.618491172790527
4.069134774908889e-06,2.290256361447973e-06,4.622186660766602
4.039332452521194e-06,2.271748599014245e-06,4.625951766967773
4.008686119050253e-06,2.254395212730742e-06,4.629746198654175
3.977313554059947e-06,2.238092292827787e-06,4.6342551708221436
3.945337539335014e-06,2.2227291083254386e-06,4.637976408004761
3.912888132617809e-06,2.2081867427914403e-06,4.641755104064941
3.880099029629491e-06,2.194341504946351e-06,4.645557165145874
3.847108473564731e-06,2.181068339268677e-06,4.650061368942261
3.8140562992339255e-06,2.168239461752819e-06,4.653766870498657
3.78108097720542e-06,2.1557293621299323e-06,4.657496452331543
3.748320978047559e-06,2.1434145764942514e-06,4.6612708568573
3.71591067960253e-06,2.131174369424116e-06,4.66590428352356
3.6839799122390104e-06,2.1188945993344532e-06,4.669628620147705
3.652651912489091e-06,2.1064665816084016e-06,4.67353892326355
3.622041276685195e-06,2.093790726576117e-06,4.677487134933472
3.5922541883337544e-06,2.08077517527272e-06,4.682002305984497
3.5633840980153764e-06,2.067337845801376e-06,4.685887813568115
3.535513769747922e-06,2.053405751212267e-06,4.689682483673096
3.5087118703813758e-06,2.0389170458656736e-06,4.693465948104858
3.4830329695978435e-06,2.023821480179322e-06,4.698606729507446
3.458516857790528e-06,2.008078354265308e-06,4.703104496002197
3.4351885460637277e-06,1.9916592464142013e-06,4.707132816314697
3.4130564472434344e-06,1.9745468762266682e-06,4.711198329925537
3.3921146496140864e-06,1.9567348772397963e-06,4.715860366821289
3.372341780050192e-06,1.938227569553419e-06,4.7206761837005615
3.3537021408847068e-06,1.9190399598301155e-06,4.725636005401611
3.336146164656384e-06,1.8991978549820487e-06,4.730392694473267
3.319612005725503e-06,1.8787362705552368e-06,4.734892845153809
3.304026449768571e-06,1.8576995444163913e-06,4.738902568817139
3.289306050646701e-06,1.8361411093792412e-06,4.7430579662323
3.275358949395013e-06,1.8141217879019678e-06,4.74735689163208
3.262085783717339e-06,1.7917110426424188e-06,4.751676559448242
3.249383098591352e-06,1.7689834521661396e-06,4.755722284317017
3.237142664147541e-06,1.7460208709962899e-06,4.7598350048065186
3.225254204153316e-06,1.72290810951381e-06,4.763937711715698
3.213607669749763e-06,1.6997363445625524e-06,4.768188238143921
3.2020930120779667e-06,1.6765975487942342e-06,4.772280216217041
3.19060382025782e-06,1.653586991778866e-06,4.776342153549194
3.1790355023986194e-06,1.630799715712783e-06,4.780457496643066
3.1672907425672747e-06,1.6083314449133468e-06,4.784738779067993
3.1552763175568543e-06,1.5862748341533006e-06,4.788717269897461
3.1429067348653916e-06,1.5647211739633349e-06,4.792770147323608
3.1301033232011832e-06,1.5437573210874689e-06,4.797216176986694
3.1167960514721926e-06,1.5234641068673227e-06,4.801837682723999
3.102924438280752e-06,1.5039170193631435e-06,4.805987358093262
3.088435505560483e-06,1.4851834748697001e-06,4.8098297119140625
3.073286507060402e-06,1.4673222494820948e-06,4.813679456710815
3.0574444735975703e-06,1.4503833654089249e-06,4.818000793457031
3.040885076188715e-06,1.4344057035486912e-06,4.821729421615601
3.023593535544933e-06,1.4194174582371488e-06,4.8256001472473145
3.005564622071688e-06,1.4054365919946576e-06,4.829410791397095
2.986801519000437e-06,1.3924679933552397e-06,4.833955526351929
2.9673158223886276e-06,1.3805062053506845e-06,4.837640285491943
2.9471282232407248e-06,1.3695342886421713e-06,4.841371774673462
2.9262653242767556e-06,1.3595243899544585e-06,4.845144987106323
2.9047621410427382e-06,1.3504392200047732e-06,4.849806308746338
2.882659828173928e-06,1.3422315987554612e-06,4.853740930557251
2.860004769900115e-06,1.3348468428375782e-06,4.857666730880737
2.8368485800456256e-06,1.328222538177215e-06,4.8615968227386475
2.8132478746556444e-06,1.322290813732252e-06,4.866350173950195
2.7892624530068133e-06,1.316979819421249e-06,4.870051145553589
2.7649550702335546e-06,1.3122139534971211e-06,4.873988628387451
2.7403900730860187e-06,1.3079156815365423e-06,4.877787351608276
2.715634309424786e-06,1.3040070143688354e-06,4.882509469985962
2.6907546271104366e-06,1.3004103038838366e-06,4.88621973991394
2.6658171918825246e-06,1.2970493799002725e-06,4.889940500259399
2.640888169480604e-06,1.293850687034137e-06,4.89381217956543
2.61603167928115e-06,1.2907440805065562e-06,4.898591041564941
2.5913097942975583e-06,1.287662939830625e-06,4.902396202087402
2.566781631685444e-06,1.2845458741139737e-06,4.906111001968384
2.5425024432479404e-06,1.281336267311417e-06,4.9098920822143555
2.518524070183048e-06,1.2779829603459802e-06,4.913755416870117
2.494893578841584e-06,1.2744405921694124e-06,4.917973518371582
2.47165326072718e-06,1.2706694860753487e-06,4.921682834625244
2.4488397230015835e-06,1.266636559194012e-06,4.925764560699463
2.4264852527267067e-06,1.2623132761291345e-06,4.929786920547485
2.404615088380524e-06,1.2576782637552242e-06,4.935100793838501
2.3832499209675007e-06,1.2527146964202984e-06,4.939910650253296
2.362404302402865e-06,1.2474123423089623e-06,4.94371771812439
2.3420868728862843e-06,1.2417651760188164e-06,4.94891357421875
2.3223014977702405e-06,1.2357728564893478e-06,4.952699422836304
2.3030459033179795e-06,1.2294386806388502e-06,4.956578969955444
2.284313723066589e-06,1.2227709476064774e-06,4.960663080215454
2.266093360958621e-06,1.2157818218838656e-06,4.966214418411255
2.2483693555841455e-06,1.2084856280125678e-06,4.96995735168457
2.23112238018075e-06,1.2009020338155096e-06,4.973681688308716
2.2143299247545656e-06,1.193051161862968e-06,4.977515935897827
2.197966750827618e-06,1.1849564316435135e-06,4.98203706741333
2.1820053461851785e-06,1.176642399514094e-06,4.985808610916138
2.166415924875764e-06,1.1681368050631136e-06,4.98979926109314
2.1511689283215674e-06,1.1594657962632482e-06,4.994068145751953
2.1362322968343506e-06,1.1506575674502528e-06,4.998708486557007
2.121575334967929e-06,1.1417405403335579e-06,5.002638578414917
2.1071668925287668e-06,1.1327426818752429e-06,5.006506443023682
2.092976274070679e-06,1.123691276916361e-06,5.010483264923096
2.0789743757632095e-06,1.114613723984803e-06,5.015279531478882
2.0651330032706028e-06,1.1055349204980303e-06,5.019043445587158
2.0514257812465075e-06,1.0964794228129904e-06,5.022785425186157
2.037828608081327e-06,1.0874699682972278e-06,5.026636123657227
2.0243187464075163e-06,1.0785270205815323e-06,5.03054404258728
2.0108764147153124e-06,1.0696696790546412e-06,5.03464150428772
1.9974838778580306e-06,1.060914883055375e-06,5.038439750671387
1.9841261291730916e-06,1.0522768434384489e-06,5.042265892028809
1.970790208360995e-06,1.04376817944285e-06,5.046323537826538
1.957465656232671e-06,1.0353984407629468e-06,5.051000356674194
1.9441445147094782e-06,1.0271759265378932e-06,5.0547521114349365
1.9308213268232066e-06,1.0191054116148734e-06,5.058520793914795
1.9174922272213735e-06,1.0111912160937209e-06,5.062381744384766
1.9041565337829525e-06,1.0034341357822996e-06,5.066746950149536
1.890813678073755e-06,9.958332611859078e-07,5.070441246032715
1.8774667296383996e-06,9.883868870019796e-07,5.074173212051392
1.864118644334667e-06,9.810909205043572e-07,5.078214406967163
1.8507748791307677e-06,9.739399047248298e-07,5.083042144775391
1.8374416868027765e-06,9.669272458268097e-07,5.086739540100098
1.8241260022477945e-06,9.600455541658448e-07,5.090593576431274
1.8108358972313e-06,9.532867011330382e-07,5.0943803787231445
1.7975795572056086e-06,9.466410233471834e-07,5.098659992218018
1.7843660771177383e-06,9.400996532349382e-07,5.102425813674927
1.7712043245410314e-06,9.336528705716773e-07,5.106135845184326
1.75810316704883e-06,9.272908982893568e-07,5.109906435012817
1.7450716995881521e-06,9.210039024765138e-07,5.113893032073975
1.7321185623586643e-06,9.147827881861303e-07,5.118220329284668
1.7192519408126827e-06,9.086185173146077e-07,5.1220619678497314
1.7064799067156855e-06,9.025021086017659e-07,5.1259846687316895
1.6938093949647737e-06,8.964256039689644e-07,5.129965305328369
1.6812472267702105e-06,8.90381727458589e-07,5.134293079376221
1.6687994275343954e-06,8.843633736432821e-07,5.137994766235352
1.656471340538701e-06,8.783642329035501e-07,5.141763687133789
1.6442677406303119e-06,8.723795872356277e-07,5.145910024642944
1.632192265788035e-06,8.664038659844664e-07,5.150554180145264
1.6202484403038397e-06,8.604331469541648e-07,5.154255628585815
1.6084389926618314e-06,8.544643037566857e-07,5.1579976081848145
1.596765969225089e-06,8.48493641569803e-07,5.161760091781616
1.5852310752961785e-06,8.425197961514641e-07,5.166345596313477
1.5738356751171523e-06,8.365402663912391e-07,5.1700358390808105
1.5625804508090368e-06,8.305535743602377e-07,5.173727750778198
1.5514659708060208e-06,8.245586968769203e-07,5.17750883102417
1.5404925761686172e-06,8.185544402294909e-07,5.182008266448975
1.529660721644177e-06,8.12540577044274e-07,5.185739517211914
1.5189702935458627e-06,8.065161409831489e-07,5.189454793930054
1.5084218603078625e-06,8.004803930816706e-07,5.193322658538818
1.4980156493038521e-06,7.944328217490693e-07,5.1973350048065186
1.4877520015943446e-06,7.883728017077374e-07,5.201603651046753
1.477631712987204e-06,7.822993097761355e-07,5.205513000488281
1.46765580666397e-06,7.762114933029807e-07,5.209423780441284
1.4578254194930196e-06,7.70107703829126e-07,5.213459253311157
1.4481418020295678e-06,7.639864065822621e-07,5.217770576477051
1.4386071143235313e-06,7.578457825729856e-07,5.221677303314209
1.4292236301116645e-06,7.516833306908666e-07,5.225637674331665
1.4199932820702088e-06,7.454970614162448e-07,5.229608535766602
1.4109192534306203e-06,7.392839052045019e-07,5.2343080043792725
1.4020038179296535e-06,7.330408493544383e-07,5.238014221191406
1.3932504998592776e-06,7.267648811648542e-07,5.24177885055542
1.3846621413904359e-06,7.20451794222754e-07,5.245717763900757
1.376242039441422e-06,7.140989168874512e-07,5.250482559204102
1.3679933772436925e-06,7.077019859025313e-07,5.254178047180176
1.3599189969681902e-06,7.012574201326061e-07,5.258019208908081
1.3520218544726958e-06,6.947614679120306e-07,5.2617738246917725
1.3443044508676394e-06,6.88210491261998e-07,5.266401290893555
1.3367688325160998e-06,6.816010227339575e-07,5.270092487335205
1.3294165910338052e-06,6.749301064701285e-07,5.273810148239136
1.3222488632891327e-06,6.68194900299568e-07,5.277580976486206
1.3152664450899465e-06,6.613926188947516e-07,5.282537937164307
1.3084686543152202e-06,6.545213295794383e-07,5.286239862442017
1.3018549225307652e-06,6.475794407378999e-07,5.2900168895721436
1.2954232033735025e-06,6.405663839359477e-07,5.293788909912109
1.2891707683593268e-06,6.334817612696497e-07,5.297746419906616
1.2830940931962687e-06,6.263261411731946e-07,5.301880121231079
1.2771885167239816e-06,6.191007742017973e-07,5.3055572509765625
1.2714488093479304e-06,6.118074793448613e-07,5.309509515762329
1.2658683772315271e-06,6.044494966772618e-07,5.31365966796875
1.26043983073032e-06,5.970305210212246e-07,5.3180296421051025
1.255154984391993e-06,5.895552703805151e-07,5.321894645690918
1.2500047432695283e-06,5.820295427838573e-07,5.325803756713867
1.2449789892343688e-06,5.744594773204881e-07,5.329726457595825
1.2400671494106064e-06,5.668532594427234e-07,5.334494113922119
1.2352577414276311e-06,5.592190746028791e-07,5.339433193206787
1.2305386007938068e-06,5.515663588084863e-07,5.343806743621826
1.2258972219569841e-06,5.439054007183586e-07,5.350064754486084
1.221320530930825e-06,5.362472847991739e-07,5.353794574737549
1.2167951126684784e-06,5.28604402916244e-07,5.357640027999878
1.2123073247494176e-06,5.209892037782993e-07,5.361441612243652
1.2078432973794406e-06,5.134156140229607e-07,5.366929769515991
1.2033890470775077e-06,5.05897560287849e-07,5.370623588562012
1.1989308177362545e-06,4.984498787052871e-07,5.374355792999268
1.1944548532483168e-06,4.910881443720427e-07,5.378348350524902
1.189947852253681e-06,4.83827818698046e-07,5.383177042007446
1.1853965133923339e-06,4.766850452142535e-07,5.387061834335327
1.1807881037384504e-06,4.696759390299121e-07,5.390933513641357
1.1761105724872323e-06,4.6281675736281613e-07,5.394910097122192
1.1713520962075563e-06,4.561237290090503e-07,5.3998191356658936
1.1665017609630013e-06,4.496125711739296e-07,5.403589487075806
1.1615495623118477e-06,4.432990294844785e-07,5.407303333282471
1.156485950559727e-06,4.3719779796447256e-07,5.411145210266113
1.1513023991938098e-06,4.3132291693837033e-07,5.415948390960693
1.1459911775091314e-06,4.2568794356157014e-07,5.419676780700684
1.1405458053559414e-06,4.203048717954516e-07,5.42341685295105
1.134960143645003e-06,4.151845587330172e-07,5.427183151245117
1.1292298722764826e-06,4.103366961771826e-07,5.431100368499756
1.1233511258978979e-06,4.0576875903752807e-07,5.43529486656189
1.1173214033988188e-06,4.0148697166841885e-07,5.439190149307251
1.1111389994766796e-06,3.974959099650732e-07,5.443282604217529
1.104803573070967e-06,3.9379767713398905e-07,5.447258949279785
1.0983153515553568e-06,3.9039264265738893e-07,5.45158314704895
1.0916763812929275e-06,3.8727901596757874e-07,5.455311059951782
1.0848890497072716e-06,3.844530738206231e-07,5.459078311920166
1.077956994777196e-06,3.8190887607925106e-07,5.462942838668823
1.0708849913498852e-06,3.796386636167881e-07,5.467655181884766
1.0636784963935497e-06,3.776328298954468e-07,5.4713826179504395
1.0563439900579397e-06,3.7587957990581344e-07,5.475131511688232
1.0488890893611824e-06,3.743659249266784e-07,5.478895425796509
1.0413217523819185e-06,3.7307722777768504e-07,5.483487129211426
1.0336510740671656e-06,3.719975154581334e-07,5.487354755401611
1.0258867177981301e-06,3.711097065206559e-07,5.491374969482422
1.0180390290770447e-06,3.7039612266198674e-07,5.495168924331665
1.0101188081534929e-06,3.698378066019359e-07,5.4997241497039795
1.00213776477176e-06,3.694161421208264e-07,5.503488779067993
9.94107722362969e-07,3.691114613957325e-07,5.50722599029541
9.86040618045081e-07,3.689044945076603e-07,5.511001825332642
9.77949298430758e-07,3.6877594311590656e-07,5.515390634536743
9.698463827589876e-07,3.687068215185718e-07,5.519182920455933
9.61744717642432e-07,3.68678570339398e-07,5.522876024246216
9.536570360069163e-07,3.686732270580251e-07,5.526774168014526
9.455962981519406e-07,3.6867339758828166e-07,5.530757904052734
9.375749527862354e-07,3.6866273944724526e-07,5.534933805465698
9.29605562305369e-07,3.6862545016447257e-07,5.53861927986145
9.217001206707209e-07,3.685471199332824e-07,5.542392015457153
9.138702239397389e-07,3.684140494897292e-07,5.546229839324951
9.061269565791008e-07,3.682139038119203e-07,5.550643444061279
8.984809483081335e-07,3.679350584206986e-07,5.554355621337891
8.909420898817189e-07,3.6756753729605407e-07,5.558128595352173
8.835194194034557e-07,3.671020181172935e-07,5.562093257904053
8.762214065427543e-07,3.665306849143235e-07,5.566809415817261
8.690555546309042e-07,3.658468017420091e-07,5.5706586837768555
8.620284006610746e-07,3.6504465583675483e-07,5.574536085128784
8.551456289751513e-07,3.6411995552043663e-07,5.578460454940796
8.484120712637377e-07,3.630689491274097e-07,5.5830979347229
8.418311381319654e-07,3.6188964713801397e-07,5.586827039718628
8.354056149073585e-07,3.605807421536156e-07,5.590693712234497
8.291372637359018e-07,3.5914177942686365e-07,5.594478607177734
8.230267098952027e-07,3.5757355476562225e-07,5.59920859336853
8.17073612324748e-07,3.558776882073289e-07,5.603167533874512
8.11276606782485e-07,3.540565955972852e-07,5.6071038246154785
8.056335332184972e-07,3.521137159623322e-07,5.611276626586914
8.001413789315848e-07,3.500530283417902e-07,5.6159467697143555
7.947962785692653e-07,3.478792223177152e-07,5.619643449783325
7.895934004409355e-07,3.455978685451555e-07,5.623374700546265
7.845274581086414e-07,3.4321465136599727e-07,5.627170085906982
7.795925967002404e-07,3.4073647725563205e-07,5.631999969482422
7.747822792225634e-07,3.38170224267742e-07,5.635830402374268
7.700896276219282e-07,3.3552319678165077e-07,5.639617443084717
7.655073090973019e-07,3.328032107674517e-07,5.643406867980957
7.610277066305571e-07,3.3001822430378525e-07,5.647242307662964
7.566431463601475e-07,3.2717645126467687e-07,5.651496410369873
7.523457838942704e-07,3.242861907892802e-07,5.655248403549194
7.481276611542853e-07,3.213557704384584e-07,5.659019947052002
7.439810474352271e-07,3.183936314599123e-07,5.662938356399536
7.398981551887118e-07,3.1540810141450493e-07,5.667787313461304
7.358715379268688e-07,3.1240722364600515e-07,5.671525716781616
7.318940333789214e-07,3.0939895623305347e-07,5.6752893924713135
7.2795864980435e-07,3.063910867240338e-07,5.679123878479004
7.240589070534043e-07,3.033909194982698e-07,5.6839025020599365
7.201888365671039e-07,3.0040521892260585e-07,5.687625169754028
7.163426971601439e-07,2.974407493638864e-07,5.691473722457886
7.125154866116645e-07,2.9450345095938246e-07,5.69523549079895
7.087025437613192e-07,2.915987806773046e-07,5.7002294063568115
7.048999464132066e-07,2.887316554733843e-07,5.704122543334961
7.011041134319385e-07,2.85906395447455e-07,5.708220958709717
6.973123731768283e-07,2.831268375302898e-07,5.712236166000366
6.935220540071896e-07,2.8039579547112226e-07,5.716861724853516
6.89731677994132e-07,2.777159693323483e-07,5.720791578292847
6.859399377390218e-07,2.7508880862114893e-07,5.72468900680542
6.821462079642515e-07,2.7251559231444844e-07,5.7287232875823975
6.783502612961456e-07,2.6999666147276e-07,5.733444929122925
6.74552552482055e-07,2.6753187398753653e-07,5.737213134765625
6.707536499561684e-07,2.651203203640762e-07,5.7410266399383545
6.669549179605383e-07,2.6276077846887347e-07,5.745911598205566
6.631579481108929e-07,2.6045154299936257e-07,5.750838041305542
6.593646730834735e-07,2.5818965809776273e-07,5.75477409362793
6.555773097716155e-07,2.559729352924478e-07,5.758816719055176
6.517984161291679e-07,2.537978502914484e-07,5.763065814971924
6.480307774836547e-07,2.516609072245046e-07,5.768326282501221
6.442771791626001e-07,2.495583260042622e-07,5.77220892906189
6.405407475540414e-07,2.474859854828537e-07,5.776120185852051
6.36824665889435e-07,2.4543982135583065e-07,5.780048131942749
6.331320037133992e-07,2.43415541945069e-07,5.785064458847046
6.294660579442279e-07,2.4140857135535043e-07,5.788760423660278
6.258299549699586e-07,2.39414816860517e-07,5.792514801025391
6.22226650648372e-07,2.3742968835449574e-07,5.79656720161438
6.186592145240866e-07,2.354492778522399e-07,5.801267862319946
6.151303750812076e-07,2.3346930788648024e-07,5.805124521255493
6.116426902735839e-07,2.3148596994815307e-07,5.80905556678772
6.081986043682264e-07,2.294957113235796e-07,5.813041925430298
6.048003342584707e-07,2.2749509298591875e-07,5.8176820278167725
6.014495284034638e-07,2.2548104539055203e-07,5.821473121643066
5.98148062636028e-07,2.2345076899910055e-07,5.825250625610352
5.948970738245407e-07,2.2140186217711744e-07,5.8290886878967285
5.916975851505413e-07,2.193321790855407e-07,5.8339643478393555
5.885502218916372e-07,2.172400854760781e-07,5.837667465209961
5.854553819517605e-07,2.1512428816095053e-07,5.841389417648315
5.824130653309112e-07,2.129836502717808e-07,5.8451762199401855
5.794229309685761e-07,2.1081784495891043e-07,5.850221395492554
5.764844104305666e-07,2.086265595835357e-07,5.854252576828003
5.735964805353433e-07,2.064100499410415e-07,5.858147859573364
5.707581181013666e-07,2.0416865709194099e-07,5.862110614776611
5.679675041392329e-07,2.0190361738059437e-07,5.8667991161346436
5.65223160720052e-07,1.9961613872965245e-07,5.870649814605713
5.625228709504881e-07,1.9730786959826219e-07,5.874580144882202
5.598645316240436e-07,1.949807000301007e-07,5.87851095199585
5.572456984737073e-07,1.9263701744876016e-07,5.883566379547119
5.546637567022117e-07,1.9027935138637986e-07,5.887903451919556
5.521159209820325e-07,1.8791044453791983e-07,5.892460823059082
5.495993491422269e-07,1.8553355118910986e-07,5.897109270095825
5.471110853250138e-07,1.8315193983653444e-07,5.902330636978149
5.446481736726128e-07,1.8076904950703465e-07,5.906048059463501
5.422074309535674e-07,1.783886176554006e-07,5.90977931022644
5.397857876232592e-07,1.760145948992431e-07,5.913668870925903
5.373801741370698e-07,1.7365084659104468e-07,5.9180076122283936
5.349876914806373e-07,1.7130135177012562e-07,5.921942234039307
5.326050995790865e-07,1.689704021146099e-07,5.925834655761719
5.302297267917311e-07,1.6666206192894606e-07,5.929650068283081
5.278586741042091e-07,1.643804381501468e-07,5.93440580368042
5.254891561889963e-07,1.6212973719120782e-07,5.938221216201782
5.231187287790817e-07,1.599141370434154e-07,5.941978216171265
5.207449476074544e-07,1.577374604266879e-07,5.9458088874816895
5.183655389373598e-07,1.556036721694909e-07,5.950701475143433
5.15978456405719e-07,1.5351639603977674e-07,5.954407215118408
5.135816536494531e-07,1.5147919896207895e-07,5.958123207092285
5.111735958962527e-07,1.4949543469811033e-07,5.961928844451904
5.087526346869709e-07,1.4756818700334406e-07,5.966393709182739
5.06317405779555e-07,1.4570017015103076e-07,5.97010350227356
5.038668859924655e-07,1.4389411262527574e-07,5.973809242248535
5.013999384573253e-07,1.4215201815659384e-07,5.977826833724976
4.98915881053108e-07,1.404759757406282e-07,5.9826133251190186
4.964142021890439e-07,1.3886749172797863e-07,5.986374616622925
4.938943334309442e-07,1.3732767456531292e-07,5.990133762359619
4.913562179353903e-07,1.358574905907517e-07,5.994053363800049
4.887997420155443e-07,1.3445736612993642e-07,5.998642921447754
4.862249625148252e-07,1.3312752855654253e-07,6.002512693405151
4.83632220493746e-07,1.3186753733407386e-07,6.006313323974609
4.8102185701282e-07,1.306770087694531e-07,6.010081052780151
4.783944405062357e-07,1.2955494810285018e-07,6.013879299163818
4.7575068151672895e-07,1.2850017583332374e-07,6.018240928649902
4.730912053219072e-07,1.2751100086916267e-07,6.021913290023804
4.7041697825989104e-07,1.2658578896207473e-07,6.025867700576782
4.677289098253823e-07,1.257223800621432e-07,6.029982328414917
4.650280231999204e-07,1.2491842937834008e-07,6.034322023391724
4.623153984084638e-07,1.2417156369792792e-07,6.038140296936035
4.5959225758451794e-07,1.2347911138022027e-07,6.041899919509888
4.568596807530412e-07,1.2283821604341938e-07,6.045764684677124
4.541189753126673e-07,1.2224600709487277e-07,6.05043625831604
4.51371306553483e-07,1.2169952867679967e-07,6.054200649261475
4.486180387175409e-07,1.2119575387714576e-07,6.0584259033203125
4.4586033709492767e-07,1.2073172683813027e-07,6.062429189682007
4.4309948066256766e-07,1.20304264328297e-07,6.067225933074951
4.4033677681909467e-07,1.199103536464463e-07,6.0710835456848145
4.375733624328859e-07,1.195471668324899e-07,6.074831962585449
4.3481060174599406e-07,1.1921171960693755e-07,6.078685760498047
4.3204957478337747e-07,1.1890107032286323e-07,6.08340859413147
4.2929153210025106e-07,1.1861266813184557e-07,6.0871498584747314
4.2653749687815434e-07,1.1834372770636037e-07,6.091021776199341
4.2378871967230225e-07,1.1809184741196077e-07,6.095165252685547
4.21046138399106e-07,1.1785449061108011e-07,6.100226879119873
4.1831086150523333e-07,1.1762943330495546e-07,6.104105472564697
4.155838269070955e-07,1.1741453675995217e-07,6.1080403327941895
4.1286602936452255e-07,1.1720768355871769e-07,6.111994743347168
4.101583499505068e-07,1.170069481304381e-07,6.116385459899902
4.0746166973804065e-07,1.1681049727485515e-07,6.120145559310913
4.0477684137840697e-07,1.1661658305683886e-07,6.124049186706543
4.021046606794698e-07,1.1642373465292621e-07,6.128069877624512
3.994459802925121e-07,1.1623025386597874e-07,6.132948637008667
3.9680148233856016e-07,1.1603493277334564e-07,6.136528730392456
3.941719342037686e-07,1.1583637160583748e-07,6.14025092124939
3.9155798958745436e-07,1.1563329138652989e-07,6.144036054611206
3.88960415875772e-07,1.1542460498503715e-07,6.14862322807312
3.863797815029102e-07,1.1520914711127261e-07,6.152413845062256
3.838167685898952e-07,1.1498589458369679e-07,6.157158136367798
3.812721161011723e-07,1.1475395211846262e-07,6.161267518997192
3.7874633562751114e-07,1.1451229653403061e-07,6.167225360870361
3.762400808682287e-07,1.14260117811682e-07,6.170981168746948
3.737539771009324e-07,1.1399652066756971e-07,6.174787282943726
3.712886211815203e-07,1.1372066666126557e-07,6.178456783294678
3.688446099658904e-07,1.1343191630430738e-07,6.183709383010864
3.664225403099408e-07,1.1312930325857451e-07,6.18742823600769
3.640230090695695e-07,1.12812251984451e-07,6.191157102584839
3.6164658467896516e-07,1.1248003772834636e-07,6.1951329708099365
3.5929386399402574e-07,1.121319073149607e-07,6.199868202209473
3.569654438706493e-07,1.1176721415040447e-07,6.203764915466309
3.546618074778962e-07,1.1138546085476264e-07,6.207647323608398
3.523836085150833e-07,1.1098583740931645e-07,6.211615562438965
3.501312733078521e-07,1.1056786775043292e-07,6.216442584991455
3.479053418686817e-07,1.1013088396794046e-07,6.22021746635437
3.457063826317608e-07,1.0967445263077025e-07,6.223966121673584
3.4353482192273077e-07,1.0919804793729782e-07,6.227762460708618
3.4139102922381426e-07,1.0870108013705249e-07,6.232548952102661
3.39275516125781e-07,1.0818322238037581e-07,6.236310958862305
3.3718853842401586e-07,1.0764413360675462e-07,6.240022659301758
3.3513046560074145e-07,1.0708334485798332e-07,6.2436745166778564
3.331015250296332e-07,1.0650069270923268e-07,6.247713804244995
3.311020009277854e-07,1.0589588583798104e-07,6.251863718032837
3.291318932951981e-07,1.0526878213568125e-07,6.2555718421936035
3.271914579272561e-07,1.0461931765348709e-07,6.259334564208984
3.252805242937029e-07,1.0394746396968912e-07,6.263139724731445
3.2339917765966675e-07,1.0325336319283451e-07,6.267699480056763
3.2154716222976276e-07,1.0253707927176947e-07,6.271429538726807
3.197242506303155e-07,1.0179881115846001e-07,6.275197505950928
3.1793021548764955e-07,1.0103907754910324e-07,6.279020547866821
3.1616454521099513e-07,1.0025827634763118e-07,6.283452272415161
3.1442678505300137e-07,9.945692625024094e-08,6.287208557128906
3.1271636657947965e-07,9.863568806167677e-08,6.291086435317993
3.1103260766940366e-07,9.77954641712131e-08,6.295013189315796
3.0937471251490933e-07,9.693697222701303e-08,6.299673557281494
3.077418568864232e-07,9.60612638323255e-08,6.3033952713012695
3.061330744458246e-07,9.516958954236543e-08,6.307038307189941
3.045473420115741e-07,9.426313596350155e-08,6.310813665390015
3.029835227152944e-07,9.334323181064974e-08,6.315287113189697
3.0144050811031775e-07,9.241131238013622e-08,6.319129705429077
2.9991704764142924e-07,9.14690545528174e-08,6.322896242141724
2.984118054882856e-07,9.051811389326758e-08,6.32663106918335
2.969235026739625e-07,8.956026675832618e-08,6.330396890640259
2.9545066126956954e-07,8.859743161337974e-08,6.334860563278198
2.939918886113446e-07,8.763151981838746e-08,6.338791847229004
2.9254576361381623e-07,8.666461326356512e-08,6.342705488204956
2.9111075150467514e-07,8.569886489340206e-08,6.346609115600586
2.896855164635781e-07,8.473637791439614e-08,6.351135730743408
2.8826849529650644e-07,8.377934079817351e-08,6.354998826980591
2.8685826691798866e-07,8.282998464892444e-08,6.358908653259277
2.854534102425532e-07,8.18906116251128e-08,6.362894058227539
2.840526178715663e-07,8.096334624951851e-08,6.367739915847778
2.826545255629753e-07,8.005049068060544e-08,6.371511459350586
2.8125788276156527e-07,7.915402733260635e-08,6.375281810760498
2.798614957555401e-07,7.827613046629267e-08,6.37910008430481
2.78464256098232e-07,7.74188464447434e-08,6.383908987045288
2.7706511218639207e-07,7.658392320308849e-08,6.387628555297852
2.7566315452531853e-07,7.57731797307315e-08,6.391418933868408
2.7425761572885676e-07,7.498813658912695e-08,6.3953986167907715
2.728476999891427e-07,7.423026460173787e-08,6.400078058242798
2.7143283887198777e-07,7.350080011292448e-08,6.40377950668335
2.700125207866222e-07,7.280071656623477e-08,6.407511472702026
2.685864046725328e-07,7.213073871525921e-08,6.411309480667114
2.671542631560442e-07,7.149154157559678e-08,6.415879249572754
2.6571595412860916e-07,7.088335252092293e-08,6.419564247131348
2.642715344336466e-07,7.0306278132648e-08,6.423262357711792
2.6282106091457536e-07,6.9760119458806e-08,6.427058219909668
2.613648462101992e-07,6.924436490862718e-08,6.431955099105835
2.599032313810312e-07,6.875834657193991e-08,6.435786962509155
2.5843672801784123e-07,6.830105547805942e-08,6.439504384994507
2.569659613982367e-07,6.787141160202737e-08,6.443314790725708
2.554915852215345e-07,6.746788727696185e-08,6.447112560272217
2.540144237173081e-07,6.708894062512627e-08,6.451051950454712
2.525353863802593e-07,6.673281660596331e-08,6.454771518707275
2.510554111267993e-07,6.639743332925718e-08,6.458507776260376
2.495756064035959e-07,6.608079416992041e-08,6.462310791015625
2.4809699539218855e-07,6.578062539119856e-08,6.466752767562866
2.4662077180437336e-07,6.549462483462776e-08,6.47060227394104
2.4514815777365584e-07,6.522043349832529e-08,6.474464654922485
2.436804038552509e-07,6.495567106412636e-08,6.478027820587158
2.4221870376095467e-07,6.469775826190016e-08,6.482548952102661
2.407643648894009e-07,6.444439293318283e-08,6.486265420913696
2.3931866621751396e-07,6.419313081096334e-08,6.490330696105957
2.3788281566794467e-07,6.39415915770769e-08,6.49422025680542
2.3645807800676266e-07,6.368748728391438e-08,6.499213218688965
2.3504559010234516e-07,6.34286152489949e-08,6.502913951873779
2.3364653145563352e-07,6.316287937124798e-08,6.506678104400635
2.3226199630244082e-07,6.288829013101349e-08,6.510518312454224
2.3089302203516127e-07,6.260293616833223e-08,6.515277624130249
2.2954051814849663e-07,6.230513349692046e-08,6.519061088562012
2.2820542255885812e-07,6.199324786848592e-08,6.522765636444092
2.2688848844154563e-07,6.166584398670238e-08,6.526530981063843
2.2559042633929494e-07,6.132167840178226e-08,6.5306923389434814
2.2431183310800407e-07,6.095959292906628e-08,6.534770250320435
2.2305319191673334e-07,6.057860701957907e-08,6.538630485534668
2.218149148802695e-07,6.017792486545659e-08,6.542541742324829
2.2059730042656156e-07,5.975692118909137e-08,6.546547889709473
2.1940049066415668e-07,5.9315091505141027e-08,6.551019668579102
2.1822459927989257e-07,5.885214093837021e-08,6.5547285079956055
2.1706956943035038e-07,5.836786343138556e-08,6.5595862865448
2.1593524479612825e-07,5.7862255431473386e-08,6.56388783454895
2.1482144063611486e-07,5.733550878517235e-08,6.568114757537842
2.1372774483552348e-07,5.678778691731168e-08,6.571882247924805
2.126537737012768e-07,5.621963339308422e-08,6.575706243515015
2.1159895879918622e-07,5.5631527828836624e-08,6.579776048660278
2.1056273169506312e-07,5.5024198530873036e-08,6.584678649902344
2.0954439605702646e-07,5.439841643806176e-08,6.588273286819458
2.0854319870977633e-07,5.375513723038239e-08,6.591779947280884
2.0755828700202983e-07,5.309536277309235e-08,6.595382452011108
2.0658885091506818e-07,5.242026901441932e-08,6.600468397140503
2.0563395253248018e-07,5.173107098244145e-08,6.604185581207275
2.0469259709443577e-07,5.102906897036519e-08,6.60795521736145
2.0376383247366903e-07,5.0315694721803084e-08,6.611863613128662
2.0284663548864046e-07,4.9592472350923344e-08,6.616839408874512
2.0193996874695586e-07,4.8860929524607855e-08,6.620643854141235
2.01042794856221e-07,4.812273601828565e-08,6.624392032623291
2.0015410484575114e-07,4.737954384381737e-08,6.628232955932617
1.9927284711229731e-07,4.66330156712047e-08,6.6331305503845215
1.9839798426346533e-07,4.58850344386974e-08,6.63683819770813
1.9752854996113456e-07,4.513735873956648e-08,6.640568494796753
1.966635352346202e-07,4.439183243221123e-08,6.644403696060181
1.9580204480007524e-07,4.365028871688992e-08,6.648664951324463
1.9494315495194314e-07,4.2914635400848056e-08,6.652625322341919
1.9408597040637687e-07,4.2186680815348154e-08,6.656437158584595
1.9322969535551238e-07,4.1468343425776766e-08,6.660239219665527
1.9237356241319503e-07,4.07614315633964e-08,6.664376497268677
1.9151683261497965e-07,4.006773934861485e-08,6.668362855911255
1.906588238398399e-07,3.938901471656209e-08,6.672080993652344
1.8979892502102302e-07,3.872700560236808e-08,6.675845146179199
1.8893661035690457e-07,3.8083417308598655e-08,6.679721117019653
1.8807132562415063e-07,3.7459713553289475e-08,6.684551239013672
1.8720263028626505e-07,3.68574433196045e-08,6.688252210617065
1.8633016907187994e-07,3.627802414030157e-08,6.691929340362549
1.854535724987727e-07,3.572270301788194e-08,6.6957478523254395
1.8457257056070375e-07,3.519264879514594e-08,6.70053768157959
1.836869785165618e-07,3.468881359935949e-08,6.704371452331543
1.827965832035261e-07,3.4212188637638974e-08,6.708245754241943
1.8190129935646837e-07,3.376336721316875e-08,6.712078809738159
1.8100105592111504e-07,3.334296749812893e-08,6.716919898986816
1.800958528974661e-07,3.295128436775485e-08,6.7207255363464355
1.79185718707231e-07,3.2588573617431393e-08,6.72471809387207
1.7827072440468328e-07,3.2254831694444874e-08,6.728950262069702
1.773509978875154e-07,3.194989872667975e-08,6.733722686767578
1.7642672389683867e-07,3.1673391021058706e-08,6.737694263458252
1.7549807296290965e-07,3.1424796986812e-08,6.741641283035278
1.7456531509196793e-07,3.120342384477226e-08,6.745659112930298
1.7362867765768897e-07,3.100841894365658e-08,6.750597238540649
1.726884732988765e-07,3.083881594534432e-08,6.754712104797363
1.7174504307604366e-07,3.069348508688563e-08,6.758676767349243
1.7079872804970364e-07,3.057116870763821e-08,6.762704849243164
1.6984989770207903e-07,3.0470562961681935e-08,6.767340421676636
1.6889894993710186e-07,3.039023255269058e-08,6.771186590194702
1.6794628265870415e-07,3.032868178820536e-08,6.775116920471191
1.6699230798167264e-07,3.028439721219911e-08,6.7791218757629395
1.6603748065335822e-07,3.0255772998089014e-08,6.783986330032349
1.6508224121025705e-07,3.024127437356583e-08,6.787791728973389
1.641270159780106e-07,3.023926709033731e-08,6.791857481002808
1.631722881256792e-07,3.02482341396626e-08,6.795934200286865
1.6221849818975898e-07,3.026659456395464e-08,6.80044150352478
1.6126612933931028e-07,3.029283490718626e-08,6.804307460784912
1.6031560789997457e-07,3.032547724046708e-08,6.808242321014404
1.593673886191027e-07,3.036306495118879e-08,6.812465190887451
1.5842194045490032e-07,3.040428708800391e-08,6.817309617996216
1.5747968973300885e-07,3.044780427785554e-08,6.8211023807525635
1.565410912007792e-07,3.0492337543819303e-08,6.824858903884888
1.5560655697299808e-07,3.053677133380006e-08,6.828683376312256
1.5467651337530697e-07,3.057995456856588e-08,6.833411693572998
1.5375132988992846e-07,3.0620906699141415e-08,6.837154150009155
1.5283141863164929e-07,3.0658608096700846e-08,6.84090518951416
1.5191713487183733e-07,3.06921492665424e-08,6.84466290473938
1.510088480927152e-07,3.07207734806525e-08,6.849262952804565
1.5010689935479604e-07,3.0743702694735475e-08,6.853098630905151
1.492116012968836e-07,3.076027965676076e-08,6.856948375701904
1.483232523469269e-07,3.0769793823992586e-08,6.860924243927002
1.474421083003108e-07,3.077179755450743e-08,6.865320444107056
1.465684533741296e-07,3.0765765046680826e-08,6.869144439697266
1.4570250073120405e-07,3.075124510587557e-08,6.873012065887451
1.448444919560643e-07,3.07279286460016e-08,6.876901626586914
1.4399458336811222e-07,3.069543197398161e-08,6.8810460567474365
1.4315294549760438e-07,3.065358100684534e-08,6.884948492050171
1.4231974887479737e-07,3.0602123501921596e-08,6.8888914585113525
1.4149507876481948e-07,3.054094577237265e-08,6.892900228500366
1.406790062219443e-07,3.0469941236788145e-08,6.89681601524353
1.3987164493300952e-07,3.0389056604462894e-08,6.901101350784302
1.3907300910886988e-07,3.029829542811058e-08,6.904809951782227
1.382831129603801e-07,3.01977074457227e-08,6.908562660217285
1.3750197069839487e-07,3.0087331737149725e-08,6.912447690963745
1.3672955390120478e-07,2.996735659621663e-08,6.917231559753418
1.3596577730368153e-07,2.983792413147057e-08,6.9213645458221436
1.3521059827326098e-07,2.969922441309336e-08,6.925435781478882
1.344639031231054e-07,2.955149547290148e-08,6.929399251937866
1.337255923772318e-07,2.9395009093491353e-08,6.933939456939697
1.329955097162383e-07,2.9230109888089828e-08,6.93762731552124
1.3227352724243246e-07,2.9057035888513383e-08,6.941380262374878
1.3155944600384828e-07,2.8876229407615028e-08,6.945167064666748
1.3085309547022916e-07,2.8688022624123732e-08,6.949747562408447
1.301542624787544e-07,2.8492859627249345e-08,6.953456163406372
1.2946277649916738e-07,2.8291132991853374e-08,6.957273721694946
1.2877835331437382e-07,2.8083347203278208e-08,6.961119174957275
1.2810077976155299e-07,2.7869891283671677e-08,6.966768264770508
1.2742982846702944e-07,2.765126794201933e-08,6.971137523651123
1.2676525784627302e-07,2.742803495436874e-08,6.975066661834717
1.2610679789304413e-07,2.7200583119224575e-08,6.97924542427063
1.254541928119579e-07,2.6969479094418602e-08,6.984679698944092
1.2480715838592005e-07,2.6735220259865855e-08,6.988378524780273
1.2416549566296453e-07,2.6498330640833956e-08,6.9921348094940186
1.2352892042599706e-07,2.6259305840881098e-08,6.996048212051392
1.2289717687963275e-07,2.6018629029067597e-08,7.001016616821289
1.2227003765019617e-07,2.577684554694315e-08,7.0047173500061035
1.2164726115315716e-07,2.5534397707360768e-08,7.008451223373413
1.2102860580398556e-07,2.529178466659232e-08,7.0123655796051025
1.2041384422900592e-07,2.504947538284341e-08,7.016903400421143
1.1980279168710695e-07,2.480788552361446e-08,7.020648002624512
1.1919522791004056e-07,2.456747338897003e-08,7.024451017379761
1.1859096815669545e-07,2.4328583592136965e-08,7.028207778930664
1.1798984900224241e-07,2.4091630024258848e-08,7.033043622970581
1.1739172123270691e-07,2.3856975062130914e-08,7.0367982387542725
1.1679640721240503e-07,2.362487094842436e-08,7.040618419647217
1.1620380746535375e-07,2.339564986186815e-08,7.044473886489868
1.1561378698843328e-07,2.3169528517996696e-08,7.0493834018707275
1.1502625341108796e-07,2.2946778699406423e-08,7.0532495975494385
1.1444113567904424e-07,2.2727540738287644e-08,7.0570878982543945
1.138583485271738e-07,2.2511949637760154e-08,7.060837268829346
1.1327784932291252e-07,2.2300175928080535e-08,7.0653440952301025
1.1269960253912359e-07,2.209223559646034e-08,7.069123983383179
1.1212356554324288e-07,2.1888206802600507e-08,7.072856426239014
1.1154974544069773e-07,2.1688077112003157e-08,7.076613903045654
1.109781351260608e-07,2.149178968124943e-08,7.080436706542969
1.1040874881018681e-07,2.1299348063053003e-08,7.084407567977905
1.0984162912563988e-07,2.111062435972144e-08,7.088108777999878
1.0927679028327475e-07,2.0925462251852878e-08,7.091886281967163
1.0871428912651027e-07,2.07437800270327e-08,7.095688343048096
1.0815416828791058e-07,2.0565392944149608e-08,7.1001691818237305
1.0759651303260398e-07,2.039007185317132e-08,7.10405969619751
1.0704135888772726e-07,2.0217651552911775e-08,7.107977390289307
1.0648879822383606e-07,2.004786381348822e-08,7.111871004104614
1.059388949897766e-07,1.9880497248436768e-08,7.116692304611206
1.0539172734524982e-07,1.971530849687042e-08,7.120426416397095
1.0484738766081136e-07,1.9552009788981195e-08,7.12414813041687
1.0430594699073481e-07,1.9390377303807327e-08,7.127904653549194
1.0376746928386638e-07,1.9230126824254512e-08,7.132564067840576
1.0323203980533435e-07,1.907101854214943e-08,7.136255741119385
1.0269974382026703e-07,1.89127735694683e-08,7.140203237533569
1.0217063106665591e-07,1.8755210717813497e-08,7.144357442855835
1.0164477259877458e-07,1.8598036888306524e-08,7.1491944789886475
1.0112222526004189e-07,1.8441047799910848e-08,7.15295672416687
1.006030458938767e-07,1.82840373952331e-08,7.1566832065582275
1.000872700274158e-07,1.8126810275020944e-08,7.160473585128784
9.957493318779598e-08,1.7969229659797747e-08,7.164400339126587
9.906606379672667e-08,1.781111613752273e-08,7.168214321136475
9.85606902759173e-08,1.76523347050761e-08,7.172074794769287
9.80588055199405e-08,1.7492796544615885e-08,7.175900459289551
9.756043084507837e-08,1.7332403956515918e-08,7.179708003997803
9.706554493504882e-08,1.71710983210005e-08,7.184286594390869
9.657413357899713e-08,1.7008835229148644e-08,7.1880011558532715
9.608616835521389e-08,1.6845616457317192e-08,7.1917760372161865
9.560162084198964e-08,1.6681427794651427e-08,7.195586919784546
9.512044840676026e-08,1.6516338519068086e-08,7.2001051902771
9.464259420610688e-08,1.6350337972426132e-08,7.20389199256897
9.416800139661063e-08,1.6183571815986397e-08,7.207667589187622
9.369660602942531e-08,1.6016111104022457e-08,7.211601972579956
9.322833705027733e-08,1.5848083734226748e-08,7.216310262680054
9.276310919403841e-08,1.567960694615067e-08,7.220135688781738
9.230085140643496e-08,1.551087080997604e-08,7.224015235900879
9.184145710605662e-08,1.534201388153633e-08,7.22780442237854
9.138486234405718e-08,1.5173240441868074e-08,7.232499599456787
9.09309392227442e-08,1.5004738784796245e-08,7.236217975616455
9.047963089869882e-08,1.483675848845678e-08,7.240057468414307
9.003079526337388e-08,1.4669456760429966e-08,7.2438929080963135
8.958437547335052e-08,1.4503121370523786e-08,7.247743368148804
8.914025073636367e-08,1.4337962817023708e-08,7.251570701599121
8.869832157643032e-08,1.4174231566244089e-08,7.255255460739136
8.825851693927689e-08,1.4012139004648816e-08,7.259016513824463
8.78207160326383e-08,1.3851943592158023e-08,7.2628936767578125
8.738484780224098e-08,1.3693903788691841e-08,7.267279386520386
8.695082698295664e-08,1.3538206999896829e-08,7.270965576171875
8.651855409880227e-08,1.338510902115786e-08,7.274714231491089
8.6087972306359e-08,1.3234777718196256e-08,7.278564453125
8.565900344592592e-08,1.3087490202678964e-08,7.2830541133880615
8.523157646322943e-08,1.2943364602335805e-08,7.286802530288696
8.48056487257054e-08,1.280260253366805e-08,7.290565490722656
8.438114207365288e-08,1.2665355875185469e-08,7.294358730316162
8.395802808536246e-08,1.2531760518186275e-08,7.298704624176025
8.353627123369733e-08,1.2401951465790262e-08,7.302412509918213
8.311582178066601e-08,1.2275982896881033e-08,7.306151628494263
8.269665840998641e-08,1.2153949846549494e-08,7.309953689575195
8.227875980537647e-08,1.2035929586318161e-08,7.313792943954468
8.186212596683617e-08,1.1921936327041749e-08,7.317720174789429
8.14467284726561e-08,1.1811965627828158e-08,7.321438312530518
8.103257442826362e-08,1.170601660049897e-08,7.32516622543335
8.061968514994078e-08,1.1604035954349001e-08,7.32899808883667
8.020804642683288e-08,1.1505976615922009e-08,7.333456516265869
7.979767957522199e-08,1.1411747102840764e-08,7.337161302566528
7.938861301681754e-08,1.132127547265327e-08,7.340879917144775
7.898086096247425e-08,1.1234409846849758e-08,7.344618082046509
7.857445183390155e-08,1.1151042755841445e-08,7.34922456741333
7.816941405280886e-08,1.1071011662977526e-08,7.352901220321655
7.776578314633298e-08,1.099416913064033e-08,7.3565895557403564
7.73636088524654e-08,1.0920349957643793e-08,7.360355615615845
7.696290538206085e-08,1.0849370291055038e-08,7.365894317626953
7.656372247311083e-08,1.0781015191696497e-08,7.3705503940582275
7.616610986360683e-08,1.0715151432805214e-08,7.374311208724976
7.577008886983094e-08,1.0651538318029452e-08,7.378102779388428
7.53757021243473e-08,1.0590023080681021e-08,7.3833701610565186
7.498299936514741e-08,1.053037657072764e-08,7.3871009349823
7.459201611936805e-08,1.0472446909659539e-08,7.39091682434082
7.420277370329131e-08,1.0416045803651741e-08,7.394690990447998
7.381532896033605e-08,1.0360983182522432e-08,7.399560928344727
7.342970320678432e-08,1.0307096509620806e-08,7.403521299362183
7.304591775891822e-08,1.025421259015502e-08,7.407267808914185
7.266401524930188e-08,1.0202213296395257e-08,7.41103720664978
7.228401699421738e-08,1.0150948526188586e-08,7.415917158126831
7.190593720451943e-08,1.0100282388236792e-08,7.419694900512695
7.152979719649011e-08,1.005011540655687e-08,7.423431396484375
7.115561828641148e-08,1.0000323236170061e-08,7.427237272262573
7.078340047428355e-08,9.950843704586987e-09,7.431081295013428
7.041315797096104e-08,9.901572006754122e-09,7.434969186782837
7.004490498729865e-08,9.852463733750483e-09,7.4386515617370605
6.967862731244168e-08,9.803450495837751e-09,7.442415237426758
6.931433915724483e-08,9.75449676587914e-09,7.446222543716431
6.89520263108534e-08,9.705568793094699e-09,7.450664281845093
6.859168877326738e-08,9.656647037559196e-09,7.454340934753418
6.823331943905941e-08,9.607720841131595e-09,7.458107948303223
6.787688988652008e-08,9.558780433849279e-09,7.461869955062866
6.752241432650408e-08,9.509850684707999e-09,7.466362953186035
6.716985723187463e-08,9.46091649467462e-09,7.4700798988342285
6.681921149720438e-08,9.41201960813487e-09,7.473788261413574
6.647043448992918e-08,9.363182229549238e-09,7.477587461471558
6.61235475263311e-08,9.31442389884296e-09,7.481970548629761
6.577850797384599e-08,9.265789913115441e-09,7.485740661621094
6.543528741076443e-08,9.217303365005591e-09,7.489518404006958
6.509387873165906e-08,9.169023762467532e-09,7.493364334106445
6.475425351482045e-08,9.120953770036522e-09,7.497351169586182
6.441640465482124e-08,9.073158224737199e-09,7.5011491775512695
6.408028951909728e-08,9.025661995565315e-09,7.504592657089233
6.374590810764857e-08,8.978505938728176e-09,7.508043050765991
6.34132319987657e-08,8.931721140470472e-09,7.511467218399048
6.308223987616657e-08,8.885327140717436e-09,7.515668869018555
6.275293173985119e-08,8.839363019319535e-09,7.51936149597168
6.242527206268278e-08,8.793834993525707e-09,7.522986650466919
6.209927505551605e-08,8.74877592593748e-09,7.526671886444092
6.177489098035949e-08,8.704184928376435e-09,7.530394792556763
6.145214115349518e-08,8.660077099875707e-09,7.534597396850586
6.113100425864104e-08,8.616439117759e-09,7.538316249847412
6.081148029579708e-08,8.573274534739994e-09,7.54196310043335
6.049355505410858e-08,8.530570916320812e-09,7.545743465423584
6.01772356390029e-08,8.488314939825159e-09,7.550398826599121
5.986250783962532e-08,8.446483512614122e-09,7.554109334945679
5.9549378761403204e-08,8.405042883907754e-09,7.557824611663818
5.923784129890919e-08,8.36397617831608e-09,7.561602830886841
5.892791321571167e-08,8.323230105133916e-09,7.566377639770508
5.861959095909697e-08,8.282778019008674e-09,7.570095777511597
5.8312874529065084e-08,8.242574622840948e-09,7.573873043060303
5.800778168918441e-08,8.20255419142768e-09,7.577640533447266
5.7704301781313916e-08,8.162679421275243e-09,7.5821168422698975
5.7402459674449346e-08,8.122905015284232e-09,7.585709095001221
5.710225892130438e-08,8.083156366467392e-09,7.589382886886597
5.680370662730638e-08,8.043408605828972e-09,7.593160152435303
5.6506809897882704e-08,8.003571139170162e-09,7.596956253051758
5.621157939117438e-08,7.963599557569978e-09,7.601052761077881
5.5918025765322454e-08,7.923446787572175e-09,7.604737043380737
5.562615967846796e-08,7.883048880330534e-09,7.608423948287964
5.533598468332457e-08,7.842356986031973e-09,7.612196445465088
5.5047511438033325e-08,7.801308044008692e-09,7.616832494735718
5.4760747048021585e-08,7.759844322663412e-09,7.620568037033081
5.4475702171430385e-08,7.717946282070898e-09,7.6243133544921875
5.41923803609734e-08,7.675541091600735e-09,7.628060817718506
5.391078516936432e-08,7.632597665008234e-09,7.632570743560791
5.3630927254744165e-08,7.589079586978187e-09,7.636279106140137
5.335279951168559e-08,7.544957547622744e-09,7.64004373550415
5.3076409045615947e-08,7.500172038987785e-09,7.64382791519165
5.280175585653524e-08,7.454728390143828e-09,7.647742509841919
5.2528832839016104e-08,7.408587077151196e-09,7.651605606079102
5.225765420391326e-08,7.3617365536904344e-09,7.655334234237671
5.198819508223096e-08,7.31415417121184e-09,7.659144163131714
5.172046968482391e-08,7.265837265180153e-09,7.662951946258545
5.14544638008374e-08,7.216781838792485e-09,7.667640686035156
5.119016321941672e-08,7.166987892048837e-09,7.671332597732544
5.092756794056186e-08,7.116437217291605e-09,7.6751134395599365
5.066666020070443e-08,7.065169782549674e-09,7.678913354873657
5.040742934170339e-08,7.0131851437338355e-09,7.683442831039429
5.014986825813139e-08,6.960500620323273e-09,7.687131643295288
4.9893955633706355e-08,6.9071277586374435e-09,7.690800189971924
4.96396879157146e-08,6.853097200831826e-09,7.694483280181885
4.938702957701935e-08,6.79843870088348e-09,7.6992082595825195
4.913597706490691e-08,6.743181124591047e-09,7.7029125690460205
4.888650551038154e-08,6.6873568904668446e-09,7.70665979385376
4.863859714987484e-08,6.631010407431859e-09,7.710540533065796
4.839223421981842e-08,6.574172761730779e-09,7.714405536651611
4.8147391851216526e-08,6.516878592321973e-09,7.718318223953247
4.7904048727787085e-08,6.459205170727955e-09,7.722074031829834
4.766217998053435e-08,6.401170704606329e-09,7.725893259048462
4.742176784588992e-08,6.342838254624894e-09,7.7297282218933105
4.718279100757172e-08,6.284255338329103e-09,7.734403133392334
4.694522459658401e-08,6.225475690513349e-09,7.738174676895142
4.6709036638503676e-08,6.166545052366246e-09,7.742003917694092
4.647421647518968e-08,6.107538474964258e-09,7.745862722396851
4.624072857950523e-08,6.048496370425482e-09,7.750608205795288
4.6008565846022975e-08,5.9894667003845825e-09,7.754368305206299
4.577768564217877e-08,5.93053472996985e-09,7.759153127670288
4.554807020440421e-08,5.871735986318072e-09,7.7630064487457275
4.5319705321844594e-08,5.813130421472579e-09,7.7679572105407715
4.5092559020076806e-08,5.7547744347630214e-09,7.771704196929932
4.486661708824613e-08,5.69672620187589e-09,7.775527000427246
4.464184399921578e-08,5.639045674854515e-09,7.779376745223999
4.44182326475584e-08,5.5817852562256576e-09,7.784391164779663
4.419575816427823e-08,5.524987578553464e-09,7.788163661956787
4.397439568037953e-08,5.468719699308622e-09,7.791978359222412
4.3754134537721256e-08,5.413021142430807e-09,7.795811176300049
4.353494631459398e-08,5.357946974982042e-09,7.800692796707153
4.3316820352856666e-08,5.303532724099114e-09,7.804703235626221
4.309973533622724e-08,5.249833012754834e-09,7.808517694473267
4.288367705385099e-08,5.196880259461523e-09,7.812382459640503
4.2668631294873194e-08,5.144727754924361e-09,7.817225694656372
4.2454580295725464e-08,5.093396371336212e-09,7.821011543273926
4.2241506292839404e-08,5.042935402599369e-09,7.82480263710022
4.2029405733501335e-08,4.993356395033288e-09,7.828633546829224
4.1818260854142864e-08,4.944707754361843e-09,7.833160161972046
4.1608057443909274e-08,4.8970041355289595e-09,7.836930513381958
4.139878839737321e-08,4.85026463437066e-09,7.840713977813721
4.119044305639363e-08,4.80450390583087e-09,7.8445351123809814
4.0983017868256866e-08,4.7597561447787484e-09,7.849288463592529
4.077649862210819e-08,4.716013357608517e-09,7.853079557418823
4.0570878212520256e-08,4.67329508424541e-09,7.856867551803589
4.03661495340657e-08,4.631598216064958e-09,7.860712289810181
4.01623161394582e-08,4.59092763804847e-09,7.865313291549683
3.9959356712415683e-08,4.551292676069352e-09,7.869129419326782
3.975728546379287e-08,4.512663576150544e-09,7.872883558273315
3.955608107730768e-08,4.475055437325182e-09,7.876709699630737
3.935575421110116e-08,4.438446943311192e-09,7.88055944442749
3.915629420703226e-08,4.402824771432279e-09,7.884659767150879
3.895770461781467e-08,4.368176043101357e-09,7.8884124755859375
3.875998189073471e-08,4.334479442036354e-09,7.89223051071167
3.856312602579237e-08,4.301718536936505e-09,7.896062612533569
3.8367129917560305e-08,4.2698573565758124e-09,7.9006507396698
3.8172007776893224e-08,4.238874584672203e-09,7.90441632270813
3.797774539293641e-08,4.208746240408345e-09,7.90825629234314
3.7784356976544586e-08,4.179449675234537e-09,7.912095785140991
3.759183186957671e-08,4.150938703872953e-09,7.916889905929565
3.7400177177460137e-08,4.1231871250602126e-09,7.921229362487793
3.720939645290855e-08,4.096159855748738e-09,7.925021171569824
3.7019493248635627e-08,4.0698271419614684e-09,7.928859233856201
3.683045335378665e-08,4.0441539006508265e-09,7.933905124664307
3.664230163735738e-08,4.019099275609506e-09,7.937682151794434
3.6455027441206767e-08,3.994631292414397e-09,7.9415318965911865
3.62686343180485e-08,3.970711759393453e-09,7.945366859436035
3.608312582059625e-08,3.947303817142256e-09,7.95018196105957
3.5898501948850026e-08,3.924377711683746e-09,7.953951835632324
3.571476980823718e-08,3.901889034096939e-09,7.9577343463897705
3.5531922293330354e-08,3.879809806761614e-09,7.961647272109985
3.5349970062270586e-08,3.85811160796834e-09,7.966458320617676
3.5168916667771555e-08,3.836752693331391e-09,7.970224142074585
3.49887550044059e-08,3.815694427089511e-09,7.9740684032440186
3.480949217760099e-08,3.794916825228256e-09,7.977914333343506
3.463112463464313e-08,3.7743874692353074e-09,7.982540130615234
3.4453663033673365e-08,3.754080601936494e-09,7.986342668533325
3.427710026926434e-08,3.733952702589249e-09,7.990121126174927
3.410143634141605e-08,3.7139897823834644e-09,7.9939610958099365
3.392667480284217e-08,3.694167860501807e-09,7.998684644699097
3.375282275897007e-08,3.674459625457871e-09,8.002576351165771
3.35798695516587e-08,3.6548362114530164e-09,8.006282806396484
3.340781873362175e-08,3.6352825194541083e-09,8.010083675384521
3.323667030485922e-08,3.6157785654467034e-09,8.013809442520142
3.30664242653711e-08,3.5963076960854323e-09,8.017985582351685
3.2897077062443714e-08,3.5768477069098026e-09,8.021679401397705
3.2728632248790746e-08,3.5573826107082596e-09,8.025559902191162
3.2561086271698514e-08,3.5379066343210752e-09,8.02950382232666
3.239443202573966e-08,3.5183926883064487e-09,8.034296989440918
3.2228676616341545e-08,3.4988387742629357e-09,8.037984848022461
3.206381293807681e-08,3.4792324576926603e-09,8.041699886322021
3.189983743823177e-08,3.4595624143207715e-09,8.04547929763794
3.1736750116806434e-08,3.439819762363072e-09,8.050111055374146
3.15745509738008e-08,3.4199958420799703e-09,8.053969383239746
3.1413229351073824e-08,3.400090653471466e-09,8.057978868484497
3.125278880133919e-08,3.3800933163519176e-09,8.06174373626709
3.1093225771883226e-08,3.360001388230671e-09,8.066362857818604
3.093452605185121e-08,3.3398162013753563e-09,8.070109605789185
3.0776700299384174e-08,3.3195266535557266e-09,8.073912620544434
3.061973785634109e-08,3.29913985019914e-09,8.077528953552246
3.0463628064580917e-08,3.2786575676624352e-09,8.081995725631714
3.0308378029531013e-08,3.2580727005182553e-09,8.085842847824097
3.0153977093050344e-08,3.2373868030788344e-09,8.089686155319214
3.000042170242523e-08,3.2166125318866534e-09,8.093721389770508
2.984770475222831e-08,3.195741893335935e-09,8.097728729248047
2.969582446610275e-08,3.1747879880583696e-09,8.101530075073242
2.954477196226435e-08,3.153745709028044e-09,8.105254650115967
2.939454724071311e-08,3.132630821411908e-09,8.109087705612183
2.9245137866951154e-08,3.111442437031542e-09,8.11284065246582
2.9096545617335323e-08,3.0901898817603524e-09,8.117342472076416
2.89487562810109e-08,3.0688762642228085e-09,8.121334075927734
2.8801771634334727e-08,3.047520458210329e-09,8.125321388244629
2.8655582795522605e-08,3.0261249062135676e-09,8.129262685775757
2.8510180882790337e-08,3.004691384589364e-09,8.13390326499939
2.8365560567067405e-08,2.9832381009953224e-09,8.137595415115356
2.822172007199697e-08,2.9617792662861575e-09,8.141211032867432
2.8078648739437995e-08,2.940312882060425e-09,8.144999980926514
2.7936341240319962e-08,2.918860708689408e-09,8.1498441696167
2.7794790469215513e-08,2.897420081637847e-09,8.153561115264893
2.765399109705413e-08,2.876017646258333e-09,8.157351016998291
2.7513937794765297e-08,2.8546618402458535e-09,8.1621253490448
2.7374619904207975e-08,2.833358214715531e-09,8.1668860912323
2.7236033872668486e-08,2.812128307994044e-09,8.170588970184326
2.7098172594719472e-08,2.7909741184828363e-09,8.174335241317749
2.6961028964933575e-08,2.769907636590574e-09,8.178172588348389
2.6824599430597118e-08,2.748946847930256e-09,8.183067560195923
2.6688871557212224e-08,2.728101300419894e-09,8.186946630477905
2.6553847121135732e-08,2.7073820962897344e-09,8.19081997871399
2.6419511911512927e-08,2.686801892082258e-09,8.194771528244019
2.628586415198697e-08,2.6663722341169205e-09,8.199709415435791
2.6152896737130504e-08,2.6461111080067212e-09,8.203506469726562
2.602060433787301e-08,2.626009631967463e-09,8.20729923248291
2.588897984878713e-08,2.6060986701992306e-09,8.211133480072021
2.5758019717159186e-08,2.5863697850070366e-09,8.215793371200562
2.562771683756182e-08,2.566847623342028e-09,8.219632863998413
2.5498065880924514e-08,2.547533073382624e-09,8.223427057266235
2.536906151817675e-08,2.5284301319317137e-09,8.227296352386475
2.524069842024801e-08,2.5095547862008516e-09,8.231398344039917
2.511297658713829e-08,2.490911477082136e-09,8.235982656478882
2.4985883584349722e-08,2.4724906566575555e-09,8.239766836166382
2.48594194118823e-08,2.4543136412091826e-09,8.243542671203613
2.4733582293379186e-08,2.4363768780233386e-09,8.24737000465393
2.4608363347056184e-08,2.418684807992122e-09,8.251402378082275
2.4483760796556453e-08,2.401232990223434e-09,8.255141735076904
2.4359772865523155e-08,2.3840303065014723e-09,8.258954763412476
2.423639422488577e-08,2.3670705395772984e-09,8.262791395187378
2.4113621321930623e-08,2.350351913094073e-09,8.267271280288696
2.399145238030087e-08,2.3338762034086358e-09,8.271020650863647
2.3869887399996514e-08,2.317635861004419e-09,8.274827003479004
2.3748919275590197e-08,2.3016286654353735e-09,8.27865719795227
2.3628548007081918e-08,2.2858455128726973e-09,8.283481121063232
2.3508773594471677e-08,2.2702886237624398e-09,8.287256717681885
2.3389588932332117e-08,2.2549413447592315e-09,8.291045665740967
2.3270995797020078e-08,2.239799234970974e-09,8.294881820678711
2.315299418853556e-08,2.2248516362566306e-09,8.29964017868042
2.303557877780804e-08,2.210094107724103e-09,8.303398132324219
2.2918751341194366e-08,2.195511106251047e-09,8.307193040847778
2.2802510102337692e-08,2.181101299569832e-09,8.311034679412842
2.268685150852434e-08,2.166840040729312e-09,8.315423965454102
2.2571779112467993e-08,2.152726663595672e-09,8.319201946258545
2.245728580874129e-08,2.1387456250465675e-09,8.322959423065186
2.234337692641475e-08,2.1248864889855668e-09,8.32680058479309
2.2230047136417852e-08,2.1111350445579546e-09,8.330626249313354
2.2117301767821118e-08,2.0974821879349292e-09,8.334667444229126
2.200513193884035e-08,2.0839165948416394e-09,8.338428735733032
2.1893542978546066e-08,2.070426274869419e-09,8.342257022857666
2.1782531334224586e-08,2.057001013966442e-09,8.346110105514526
2.1672095229519073e-08,2.0436230485643136e-09,8.350647687911987
2.1562234664429525e-08,2.0302863834587015e-09,8.354411363601685
2.1452947862599103e-08,2.0169790282409394e-09,8.358237743377686
2.1344236600384647e-08,2.003696319974324e-09,8.362085103988647
2.1236099101429318e-08,1.99042404780414e-09,8.36675763130188
2.1128528260305757e-08,1.9771566606152646e-09,8.370512247085571
2.1021531182441322e-08,1.963883500266661e-09,8.374309062957764
2.0915098986051817e-08,1.9506007920000457e-09,8.378158330917358
2.080923167113724e-08,1.937295657228333e-09,8.383076429367065
2.0703929237697594e-08,1.923972980932831e-09,8.38683009147644
2.0599189909376037e-08,1.910620550660269e-09,8.390650033950806
2.049500835710205e-08,1.897239032544462e-09,8.394490003585815
2.0391384580875638e-08,1.883822875470287e-09,8.399250745773315
2.0288313251626278e-08,1.8703714133039284e-09,8.403023958206177
2.018579259299713e-08,1.8568871995583436e-09,8.40678858757019
2.00838226049882e-08,1.8433645720961067e-09,8.410650253295898
1.9982397958528963e-08,1.829811968612205e-09,8.415290832519531
1.9881511548192066e-08,1.8162212844785586e-09,8.419081211090088
1.9781166926691185e-08,1.8026066195275803e-09,8.42281460762024
1.9681356988598964e-08,1.7889626446887519e-09,8.426655054092407
1.9582076404844884e-08,1.7753015724153443e-09,8.430510997772217
1.9483323399072106e-08,1.7616271774656411e-09,8.434446573257446
1.9385090865853272e-08,1.7479420133525991e-09,8.438204288482666
1.928738058154522e-08,1.7342552949273227e-09,8.442030668258667
1.919018188800692e-08,1.7205785685092678e-09,8.445866346359253
1.9093494785238363e-08,1.7069142765890888e-09,8.450573682785034
1.8997310391455358e-08,1.693275963887686e-09,8.454362154006958
1.8901630483014742e-08,1.6796687374309727e-09,8.45827054977417
1.880644617813232e-08,1.6661065860290591e-09,8.462200164794922
1.871175037138073e-08,1.6525993906668646e-09,8.46679139137268
1.8617544839116817e-08,1.6391565882400982e-09,8.470670223236084
1.8523818923199542e-08,1.6257882817782843e-09,8.47459077835083
1.8430572623628905e-08,1.6125101254260699e-09,8.478536367416382
1.833779705862071e-08,1.599330778923047e-09,8.483133554458618
1.8245494004531793e-08,1.5862628988116967e-09,8.486997604370117
1.8153649250507442e-08,1.5733117031402344e-09,8.490891695022583
1.8062266349261336e-08,1.5604929570756099e-09,8.494826555252075
1.7971339971722955e-08,1.5478214265840506e-09,8.49978232383728
1.7880861236108103e-08,1.5353029958475872e-09,8.503644943237305
1.779083014241678e-08,1.5229487670964659e-09,8.507537364959717
1.770123780886479e-08,1.5107681772263959e-09,8.511465072631836
1.761208778816581e-08,1.498772661534531e-09,8.516310214996338
1.7523367645821963e-08,1.4869686593144138e-09,8.520456314086914
1.7435077381833253e-08,1.4753660515509637e-09,8.524395227432251
1.7347215219842838e-08,1.463974053095285e-09,8.528337240219116
1.725977405442336e-08,1.4527994363078278e-09,8.533269882202148
1.717275210921798e-08,1.441847641281413e-09,8.537126541137695
1.7086144055156183e-08,1.4311256624210955e-09,8.541016340255737
1.6999949892237964e-08,1.4206337217714804e-09,8.544956922531128
1.6914166067749647e-08,1.4103784806707154e-09,8.549779891967773
1.6828789028977553e-08,1.4003700421483245e-09,8.553627967834473
1.6743813446851163e-08,1.3906008566877404e-09,8.557513952255249
1.6659239321370478e-08,1.3810808052738821e-09,8.561439990997314
1.6575066652535497e-08,1.3718035596355094e-09,8.567347049713135
1.6491286558562024e-08,1.3627731165755108e-09,8.571207284927368
1.6407902592163737e-08,1.353989143026979e-09,8.5751314163208
1.6324911200626957e-08,1.3454466429863032e-09,8.579070568084717
1.6242308831238006e-08,1.337145505431181e-09,8.583914756774902
1.6160093707640044e-08,1.3290836209378654e-09,8.587777137756348
1.607826938254675e-08,1.321253884078999e-09,8.591689825057983
1.5996826974173928e-08,1.3136559617876742e-09,8.595616579055786
1.5915770035235255e-08,1.3062839698818607e-09,8.60020661354065
1.5835095013017053e-08,1.2991239195514481e-09,8.604064226150513
1.5754800131162483e-08,1.2921825831568867e-09,8.607968807220459
1.5674887166028384e-08,1.2854417530405726e-09,8.611912727355957
1.5595352564901077e-08,1.2789017622694132e-09,8.616905927658081
1.5516198104137402e-08,1.2725517306577672e-09,8.620710611343384
1.543741845466684e-08,1.2663817772207153e-09,8.6245596408844
1.5359013616489392e-08,1.2603885712891838e-09,8.628452062606812
1.5280985365961897e-08,1.2545580130307599e-09,8.633070230484009
1.5203333703084354e-08,1.248887104843277e-09,8.636789798736572
1.5126055075143086e-08,1.2433623020058349e-09,8.640548706054688
1.5049147705781252e-08,1.2379753888680511e-09,8.64434003829956
1.497261514771253e-08,1.2327175946680313e-09,8.648751020431519
1.4896452960044826e-08,1.2275795935323686e-09,8.652368783950806
1.4820662919134975e-08,1.222551837543051e-09,8.65612530708313
1.4745243248626139e-08,1.2176288866072582e-09,8.659979820251465
1.4670194836696737e-08,1.212797084981787e-09,8.66377878189087
1.4595514130633092e-08,1.2080494382615825e-09,8.667963981628418
1.452120468314888e-08,1.2033762875063303e-09,8.671705484390259
1.4447262053352006e-08,1.1987718595563024e-09,8.675290584564209
1.4373688017599306e-08,1.1942219435567836e-09,8.679104328155518
1.4300480799533943e-08,1.1897235419056074e-09,8.68397045135498
1.4227641287334336e-08,1.1852675507739718e-09,8.687644720077515
1.4155166816465226e-08,1.1808474198460317e-09,8.691395044326782
1.4083058275105031e-08,1.1764518248469358e-09,8.695168733596802
1.4011313886896914e-08,1.1720746595500486e-09,8.699733018875122
1.3939934540019294e-08,1.1677113720409693e-09,8.703503131866455
1.3868917569936912e-08,1.1633536356470131e-09,8.707232236862183
1.3798263864828186e-08,1.1589972315206865e-09,8.711035966873169
1.3727973424693118e-08,1.1546317235655579e-09,8.71535611152649
1.3658043584996449e-08,1.1502540031571584e-09,8.7191641330719
1.3588473457559758e-08,1.1458590742918773e-09,8.722885370254517
1.3519262154204625e-08,1.1414370559847953e-09,8.7266526222229
1.3450411451287891e-08,1.1369911678826838e-09,8.730439186096191
1.3381916907917457e-08,1.1325085313984573e-09,8.734705924987793
1.3313780300450162e-08,1.1279874811975787e-09,8.738348245620728
1.3246000740707586e-08,1.1234260188786038e-09,8.742090463638306
1.317857645233289e-08,1.1188203696832488e-09,8.745959281921387
1.3111504770790816e-08,1.114160985693502e-09,8.750604391098022
1.3044786584259782e-08,1.1094506424669248e-09,8.75431203842163
1.297842011638295e-08,1.1046860093344435e-09,8.758010387420654
1.2912405367160318e-08,1.0998618682478423e-09,8.761772871017456
1.2846740560235048e-08,1.094975554671862e-09,8.76634931564331
1.2781423031071881e-08,1.0900270686065028e-09,8.77005910873413
1.2716452779670817e-08,1.0850133014272956e-09,8.77377700805664
1.2651829806031856e-08,1.0799309224651665e-09,8.777588605880737
1.2587551445619738e-08,1.074780264787023e-09,8.781957864761353
1.2523615033899205e-08,1.069559885102933e-09,8.785708904266357
1.2460022347227095e-08,1.0642671188776376e-09,8.78947901725769
1.2396770721068151e-08,1.0589044086017907e-09,8.793366432189941
1.2333857490887112e-08,1.053469755873948e-09,8.797176361083984
1.227128265668398e-08,1.0479614953595728e-09,8.801340579986572
1.2209043553923493e-08,1.042380626259387e-09,8.805171012878418
1.2147138406248814e-08,1.0367287028856254e-09,8.809042692184448
1.2085567213659942e-08,1.031002949680726e-09,8.81293249130249
1.2024328199800038e-08,1.0252072524252753e-09,8.817717790603638
1.1963417811955424e-08,1.019342277253088e-09,8.821643829345703
1.1902836050126098e-08,1.0134054706512075e-09,8.82539415359497
1.1842580249776802e-08,1.0073997191994977e-09,8.829313278198242
1.1782648634550696e-08,1.0013281315224276e-09,8.83393907546997
1.1723041204447782e-08,9.951907076199973e-10,8.837718963623047
1.1663753518575959e-08,9.889910002058855e-10,8.84206509590149
1.1604785576935228e-08,9.827310076815365e-10,8.845971822738647
1.154613471499033e-08,9.764086206232037e-10,8.850598573684692
1.1487799156384426e-08,9.70029612190615e-10,8.854318141937256
1.1429777124760676e-08,9.635964248744244e-10,8.85828948020935
1.1372065955583821e-08,9.57109946853052e-10,8.86206579208374
1.1314663872497022e-08,9.505752851524107e-10,8.866819143295288
1.1257570875500278e-08,9.439925507948033e-10,8.870611667633057
1.1200781635523072e-08,9.373660736500256e-10,8.874492168426514
1.1144296152565403e-08,9.306979631418244e-10,8.878359079360962
1.1088112650270432e-08,9.239924936288446e-10,8.883217811584473
1.10322284641029e-08,9.172522186240428e-10,8.887075185775757
1.0976641817705968e-08,9.104780263058387e-10,8.890917778015137
1.0921349158365956e-08,9.036760229008678e-10,8.894785404205322
1.0866351374261285e-08,8.968485398774817e-10,8.901017665863037
1.0811644912678275e-08,8.899996295497203e-10,8.904728174209595
1.0757226220903249e-08,8.831280151611054e-10,8.908610105514526
1.0703094410757785e-08,8.762439107634634e-10,8.912446975708008
1.0649249482241885e-08,8.693452624441989e-10,8.91737961769104
1.0595687882641869e-08,8.624365666065614e-10,8.92167854309082
1.0542405171065639e-08,8.555235964102792e-10,8.925681114196777
1.0489403123870034e-08,8.48606795944562e-10,8.929697275161743
1.0436677300162955e-08,8.416909391684158e-10,8.934415578842163
1.0384227699944404e-08,8.347786351059483e-10,8.938119411468506
1.03320507705007e-08,8.278720486920577e-10,8.942400932312012
1.0280144735475005e-08,8.209737889508517e-10,8.946442127227783
1.0228509594867319e-08,8.140890739305462e-10,8.951063871383667
1.0177140019607123e-08,8.072206791887027e-10,8.95475721359253
1.0126036897872837e-08,8.003698259706482e-10,8.958552598953247
1.0075197565129201e-08,7.935408441461789e-10,8.962645292282104
1.0024619356840958e-08,7.867368423397636e-10,8.967206478118896
9.974301384829687e-09,7.79958209129461e-10,8.971945762634277
9.924241872738548e-09,7.732107731861504e-10,8.975865840911865
9.874438156032284e-09,7.66496033310915e-10,8.979723691940308
9.824889346532473e-09,7.598153217713843e-10,8.984475374221802
9.775591891525437e-09,7.531739676380766e-10,8.988245964050293
9.726546679189596e-09,7.465720819332944e-10,8.992049932479858
9.677751044989691e-09,7.400118851030868e-10,8.995820760726929
9.629202324390462e-09,7.334975959949475e-10,9.000509023666382
9.58089962921349e-09,7.270329893671601e-10,9.004216432571411
9.532841183101937e-09,7.206182317531784e-10,9.007941246032715
9.485024321520541e-09,7.142555435990516e-10,9.01170563697815
9.437448156290884e-09,7.079474229065852e-10,9.016440153121948
9.390111799234546e-09,7.016969227890968e-10,9.020214319229126
9.343013473994688e-09,6.955061526703332e-10,9.024060726165771
9.29614962785763e-09,6.893762782844703e-10,9.02807354927063
9.249520260823374e-09,6.833118515459091e-10,9.033079862594604
9.203123596535079e-09,6.773123728542885e-10,9.036786556243896
9.156957858635906e-09,6.713832823024291e-10,9.040526151657104
9.111022158947435e-09,6.655226370000378e-10,9.044301748275757
9.065312944755988e-09,6.597358215287841e-10,9.048938035964966
9.019831104239984e-09,6.540241126451463e-10,9.05273151397705
8.974574861042584e-09,6.48386233592646e-10,9.056520700454712
8.929540662450108e-09,6.428304000216656e-10,9.060330867767334
8.884729396640978e-09,6.373513938839892e-10,9.064393758773804
8.840137510901513e-09,6.319536005605642e-10,9.068727016448975
8.795765005231715e-09,6.266416274769426e-10,9.072502613067627
8.751610103274743e-09,6.214143088989488e-10,9.076346635818481
8.707671028673758e-09,6.16273421183422e-10,9.080186367034912
8.66394689325034e-09,6.112191863749672e-10,9.084879398345947
8.62043680882607e-09,6.06253436341575e-10,9.088571786880493
8.57713811086569e-09,6.01378447040446e-10,9.092329025268555
8.534050799369197e-09,5.965962168730243e-10,9.096206426620483
8.491173097979754e-09,5.919035261925387e-10,9.101287603378296
8.44850323034052e-09,5.873034281123068e-10,9.105111837387085
8.406041196451497e-09,5.827970883665046e-10,9.108875274658203
8.363784331777424e-09,5.783838963324683e-10,9.112980842590332
8.321732636318302e-09,5.740629638317785e-10,9.118553638458252
8.279885221895711e-09,5.69835512109762e-10,9.122276782989502
8.238239423974392e-09,5.657016521887215e-10,9.126055479049683
8.196796130732764e-09,5.616589970891539e-10,9.129864692687988
8.155552677635569e-09,5.577093231678987e-10,9.134644985198975
8.114509064682807e-09,5.538511871350238e-10,9.138380289077759
8.073663515517637e-09,5.500822020110263e-10,9.142167806625366
8.03301691831848e-09,5.464012020617304e-10,9.145951986312866
7.992566608550078e-09,5.428093530213118e-10,9.15064811706543
7.952311698034009e-09,5.39302880131487e-10,9.154349565505981
7.912252186770274e-09,5.35880395613475e-10,9.158076286315918
7.872387186580454e-09,5.325389018651094e-10,9.161871671676636
7.832715809286128e-09,5.292781213306341e-10,9.166443586349487
7.793237166708877e-09,5.260941127183116e-10,9.170167922973633
7.753949482491862e-09,5.22986154383176e-10,9.173901081085205
7.714853644813502e-09,5.199490837881626e-10,9.177658319473267
7.675947877316958e-09,5.169839001339938e-10,9.181971549987793
7.637233956359069e-09,5.140845527051852e-10,9.185853481292725
7.598707441047736e-09,5.112487100333851e-10,9.189566850662231
7.56037099591822e-09,5.084732634941247e-10,9.193358421325684
7.52222195643526e-09,5.057568253086231e-10,9.197144746780396
7.484260322598857e-09,5.030944549844207e-10,9.201306581497192
7.446485650319801e-09,5.004840430977708e-10,9.20502233505249
7.408897051419672e-09,4.979200940447015e-10,9.208811044692993
7.3714958581660994e-09,4.954018861802467e-10,9.212609767913818
7.334278073756195e-09,4.929263663910888e-10,9.217288494110107
7.297245918636008e-09,4.904875394728947e-10,9.221138000488281
7.260397616448699e-09,4.880854609368157e-10,9.225051879882812
7.2237327231050585e-09,4.85714413134275e-10,9.228985071182251
7.187250794515876e-09,4.833732858422479e-10,9.233521461486816
7.150951386591942e-09,4.810575271463335e-10,9.237298488616943
7.114834055244046e-09,4.787638618886092e-10,9.24103593826294
7.078898356382979e-09,4.764928451805872e-10,9.244794130325317
7.043142957741111e-09,4.742368719945489e-10,9.24928617477417
7.007567415229232e-09,4.719967194866115e-10,9.253210544586182
6.9721726170257625e-09,4.697688349430962e-10,9.257139444351196
6.936955898595443e-09,4.675508313845e-10,9.26108193397522
6.901917259938273e-09,4.653415430766472e-10,9.26590633392334
6.8670571451434625e-09,4.6313738955028327e-10,9.269628524780273
6.8323742219433825e-09,4.6093609484820774e-10,9.273362398147583
6.797866713981193e-09,4.5873893572689894e-10,9.27712893486023
6.763535953524524e-09,4.565416933388633e-10,9.281082391738892
6.729380164216536e-09,4.5434322970550056e-10,9.285254716873169
6.6953984578788095e-09,4.5214301747087404e-10,9.289179563522339
6.661590834511344e-09,4.4993966885620296e-10,9.293184995651245
6.62795596184651e-09,4.4773165730482845e-10,9.297232627868652
6.594492507616678e-09,4.455172342154867e-10,9.30113959312439
6.561201360000268e-09,4.4329956372379797e-10,9.304862022399902
6.528080742640441e-09,4.4107403840421e-10,9.308616399765015
6.495129767358776e-09,4.3884229583568413e-10,9.312605142593384
6.462347545976854e-09,4.3660330906192257e-10,9.317800760269165
6.4297340784946755e-09,4.343572168608034e-10,9.32172441482544
6.3972871444661905e-09,4.321046576105658e-10,9.325688123703003
6.365007187980609e-09,4.298444378214583e-10,9.329729318618774
6.332892876770302e-09,4.275786946728033e-10,9.334810018539429
6.300943322656849e-09,4.2530509669624905e-10,9.338535785675049
6.269158081551041e-09,4.23025781071118e-10,9.34232473373413
6.2375349330068275e-09,4.207404147305027e-10,9.346358299255371
6.206074765202629e-09,4.1845188425426727e-10,9.351030588150024
6.174775357692397e-09,4.161570810179427e-10,9.354773044586182
6.14363626638692e-09,4.1386044591362747e-10,9.358601093292236
6.11265704719699e-09,4.115603691179359e-10,9.362424373626709
6.081835479676556e-09,4.0925809963177073e-10,9.367349863052368
6.051172007914829e-09,4.0695688485747894e-10,9.371061086654663
6.020665299644179e-09,4.046524226808401e-10,9.375827074050903
5.9903140225969764e-09,4.023504585060067e-10,9.379751920700073
5.960117288594802e-09,4.000491882205637e-10,9.384535074234009
5.930075541726865e-09,3.977521090270386e-10,9.388522624969482
5.900186561547116e-09,3.954574168130165e-10,9.392476081848145
5.870449015787926e-09,3.931684977587224e-10,9.396576166152954
5.8408629044492955e-09,3.9088382530749755e-10,9.401057243347168
5.811427339352804e-09,3.8860656359496204e-10,9.40488886833191
5.782140544141612e-09,3.863361575096036e-10,9.408836603164673
5.7530029629049295e-09,3.840745499417153e-10,9.412972211837769
5.724013263375127e-09,3.818219906914777e-10,9.41778039932251
5.695169669195366e-09,3.79580200604579e-10,9.421743154525757
5.6664730685440645e-09,3.773480972135701e-10,9.425644874572754
5.637920352796755e-09,3.751284005648614e-10,9.429881811141968
5.609512854221066e-09,3.729196673685209e-10,9.434404134750366
5.581248796460159e-09,3.707253670715005e-10,9.438116073608398
5.5531268472464035e-09,3.685433347389022e-10,9.441935777664185
5.5251465624905904e-09,3.663754855054435e-10,9.445775508880615
5.4973083862819294e-09,3.6422331817220766e-10,9.450637102127075
5.469609654085161e-09,3.6208436249296483e-10,9.454337358474731
5.442050365900286e-09,3.5996250424830123e-10,9.458092451095581
5.414629633548884e-09,3.578549678806553e-10,9.461938381195068
5.387347457030955e-09,3.557641958806812e-10,9.466397285461426
5.3602020599896605e-09,3.536888559807494e-10,9.47007966041565
5.333193886514209e-09,3.5163105760460667e-10,9.473820924758911
5.306321160247762e-09,3.4958930195116977e-10,9.477620601654053
5.2795829930119e-09,3.4756258981971655e-10,9.482045650482178
5.252979828895832e-09,3.455539188124135e-10,9.485925436019897
5.226510335631929e-09,3.435606521495771e-10,9.48967957496643
5.2001740691309806e-09,3.415837057652027e-10,9.493501663208008
5.173970141214568e-09,3.3962266332565605e-10,9.49731993675232
5.147897663704271e-09,3.37677608097664e-10,9.501569509506226
5.121956636600089e-09,3.3574812374759233e-10,9.505308628082275
5.0961457276343936e-09,3.33833488630475e-10,9.509060382843018
5.070464936807184e-09,3.3193384152419014e-10,9.51302194595337
5.044913375940041e-09,3.300497097846744e-10,9.517998456954956
5.019490156854545e-09,3.2817942807739087e-10,9.521782875061035
4.994194835461485e-09,3.2632216373507106e-10,9.525602579116821
4.969027855850072e-09,3.2447711184602213e-10,9.529507398605347
4.943986997574257e-09,3.2264582672247855e-10,9.534070491790771
4.9190727047232485e-09,3.208270038523864e-10,9.537756204605103
4.894284089118628e-09,3.190193109681161e-10,9.541499137878418
4.869620262581975e-09,3.172222762248822e-10,9.545488595962524
4.84508122511329e-09,3.15436454734197e-10,9.55021595954895
4.820666532623363e-09,3.136599591169187e-10,9.553911685943604
4.796374408755355e-09,3.118931224399546e-10,9.557639598846436
4.772205297598475e-09,3.101355283696705e-10,9.561412811279297
4.748159199152724e-09,3.0838617770534427e-10,9.566378593444824
4.724234337061262e-09,3.066442377797074e-10,9.570086479187012
4.700430711324088e-09,3.0490998614851605e-10,9.573832750320435
4.6767478778519944e-09,3.031819517662626e-10,9.57765007019043
4.65318583664498e-09,3.0145994034391776e-10,9.582591533660889
4.629742367256995e-09,2.997437298368766e-10,9.58662486076355
4.60641835786646e-09,2.980329871782317e-10,9.59033203125
4.583212476205745e-09,2.963265743893828e-10,9.593952655792236
4.56012516636406e-09,2.94624852292813e-10,9.59866452217102
4.537155096073775e-09,2.929275988439173e-10,9.602783203125
4.514301377156471e-09,2.912333707527637e-10,9.606524229049683
4.491564453701358e-09,2.895427786420157e-10,9.610386848449707
4.468942993440805e-09,2.8785521188900987e-10,9.615350246429443
4.446436996374814e-09,2.8617005987108257e-10,9.6191885471344
4.424045130235754e-09,2.844890711894976e-10,9.622953414916992
4.401767839112836e-09,2.828091927309373e-10,9.626775026321411
4.379603790738429e-09,2.8113195105206046e-10,9.631974458694458
4.357552541023324e-09,2.7945673553020356e-10,9.63718843460083
4.335614089967521e-09,2.777842678103326e-10,9.641142845153809
4.3137871053033905e-09,2.76114520136872e-10,9.645140886306763
4.2920711429417224e-09,2.7444654882025077e-10,9.650249004364014
4.270466202882517e-09,2.727806036606495e-10,9.654309034347534
4.248971396947354e-09,2.711173230363073e-10,9.658188819885254
4.2275858369578145e-09,2.694568457251023e-10,9.662096500396729
4.206309078824688e-09,2.6780000439430296e-10,9.667856931686401
4.185141122547975e-09,2.6614568882088463e-10,9.671612977981567
4.164080191770836e-09,2.644945373830865e-10,9.67547869682312
4.14312673058248e-09,2.6284735499260137e-10,9.67939019203186
4.122279850804489e-09,2.612044747163367e-10,9.6846444606781
4.1015391083476516e-09,2.5956595206544364e-10,9.688475847244263
4.080903170944339e-09,2.5793214786240526e-10,9.692386388778687
4.060372482683761e-09,2.56303533952007e-10,9.69640588760376
4.039945711298287e-09,2.5468041564558064e-10,9.701857328414917
4.019622412698709e-09,2.530637643882727e-10,9.70561671257019
3.999402586885026e-09,2.514539132469906e-10,9.70962119102478
3.979284901589608e-09,2.4985122304421736e-10,9.713807821273804
3.959268912723246e-09,2.482552496907431e-10,9.718889236450195
3.93935373210752e-09,2.466681581214658e-10,9.722684383392334
3.91953980383164e-09,2.4508925444699514e-10,9.726658344268799
3.899825795627976e-09,2.435189272453897e-10,9.730750799179077
3.880211707496528e-09,2.4195889736233767e-10,9.735440254211426
3.860696207169667e-09,2.404084153972974e-10,9.739204168319702
3.841278406468973e-09,2.388697295518938e-10,9.742999076843262
3.821959193572866e-09,2.3734078591353125e-10,9.746814966201782
3.802737236213716e-09,2.358232220611711e-10,9.751703977584839
3.783611202123893e-09,2.3431850904032103e-10,9.755418062210083
3.764581535392608e-09,2.328247317162635e-10,9.75918984413147
3.745647791930651e-09,2.313444991131064e-10,9.763057231903076
3.7268086394703914e-09,2.2987647896322017e-10,9.7680983543396
3.708064300056435e-09,2.2842248925680764e-10,9.771811962127686
3.689413663465757e-09,2.2698176671553938e-10,9.775593996047974
3.6708567296983574e-09,2.2555514400668386e-10,9.779376745223999
3.6523926105758164e-09,2.2414220479660685e-10,9.784058570861816
3.6340208620089243e-09,2.2274319888548888e-10,9.788695335388184
3.615741261953076e-09,2.2135894506281062e-10,9.792481422424316
3.597552922229852e-09,2.199884441278499e-10,9.796266555786133
3.579455398750042e-09,2.1863365284868763e-10,9.80069375038147
3.5614486915136467e-09,2.1729233690148675e-10,9.804418563842773
3.543531912342246e-09,2.1596596733175488e-10,9.808167219161987
3.525704839191235e-09,2.1465337840531618e-10,9.811955451965332
3.5079670279714037e-09,2.1335598565652703e-10,9.816455602645874
3.4903173684597277e-09,2.1207188782845776e-10,9.820181608200073
3.472756082700812e-09,2.1080233392201109e-10,9.823941230773926
3.4552827266054464e-09,2.0954632473646484e-10,9.827705383300781
3.4378966340398165e-09,2.08304873350329e-10,9.831997871398926
3.420597582959317e-09,2.070758009509177e-10,9.835913896560669
3.4033853513193435e-09,2.0585978754983358e-10,9.839593172073364
3.386258828896871e-09,2.0465582006856664e-10,9.843387126922607
3.3692182377365043e-09,2.0346541118598793e-10,9.847188472747803
3.352262911704429e-09,2.0228571595559686e-10,9.851519584655762
3.335392406711435e-09,2.011188299233524e-10,9.855232000350952
3.3186067227575222e-09,1.9996258815435652e-10,9.859008073806763
3.3019049716642712e-09,1.9881686574851898e-10,9.862810134887695
3.285287153431682e-09,1.9768151005017387e-10,9.867377758026123
3.2687526019259394e-09,1.965567153483505e-10,9.87109637260437
3.252301317147044e-09,1.954405387527558e-10,9.874836444854736
3.2359326329611804e-09,1.943336325194167e-10,9.878618478775024
3.219646327323744e-09,1.93235219492216e-10,9.883129835128784
3.2034417341009203e-09,1.921455355935464e-10,9.886936664581299
3.187318631248104e-09,1.910632901891418e-10,9.890692472457886
3.17127679672069e-09,1.8998791428970208e-10,9.894478559494019
3.155315786429469e-09,1.8891989361780048e-10,9.898431777954102
3.1394353783298357e-09,1.8785789590580748e-10,9.902881145477295
3.1236346842433704e-09,1.8680272606541592e-10,9.906671524047852
3.107914148259283e-09,1.8575267712872545e-10,9.910467386245728
3.092272660154549e-09,1.8470841522955084e-10,9.914413690567017
3.0767102199291685e-09,1.8366862197805034e-10,9.91869068145752
3.0612261614493264e-09,1.8263431045273393e-10,9.922411680221558
3.0458207067596277e-09,1.8160416226375986e-10,9.92618179321289
3.030492745637048e-09,1.805789962006088e-10,9.9300217628479
3.0152429442154016e-09,1.795576604068927e-10,9.934664487838745
3.0000695261378496e-09,1.7853991896021881e-10,9.938371896743774
2.9849731575382066e-09,1.775261881942214e-10,9.942140579223633
2.969952950238053e-09,1.7651581585287346e-10,9.945914268493652
2.9550091262819933e-09,1.7550873254723598e-10,9.950739622116089
2.9401407974916083e-09,1.745052158330651e-10,9.954479932785034
2.925347741822293e-09,1.7350497427681688e-10,9.958251476287842
2.910629515184837e-09,1.7250775807831076e-10,9.962199211120605
2.8959858955346363e-09,1.715142056157859e-10,9.967126607894897
2.8814162167378754e-09,1.7052381728888122e-10,9.970912456512451
2.8669204787945546e-09,1.6953675963105042e-10,9.974670886993408
2.852498015570859e-09,1.6855314366459595e-10,9.97861099243164
2.838148605022184e-09,1.675720395777347e-10,9.983109951019287
2.823871581014714e-09,1.6659550128306222e-10,9.986830711364746
2.809666721503845e-09,1.65621905079405e-10,9.990580081939697
2.7955338044449718e-09,1.646520697562437e-10,9.994359254837036
2.7814723857488843e-09,1.6368627286933446e-10,9.998668432235718
2.767482243370978e-09,1.6272407032946745e-10,10.002568483352661
2.7535627111774374e-09,1.6176618378160867e-10,10.006289005279541
2.7397133450790534e-09,1.608123911811532e-10,10.010076999664307
2.725933700986616e-09,1.5986320600624992e-10,10.013845682144165
2.7122237789001247e-09,1.5891860050132323e-10,10.018288135528564
2.69858313473037e-09,1.5797881058876584e-10,10.021991491317749
2.6850111023435375e-09,1.570437113684875e-10,10.025745391845703
2.6715074596950217e-09,1.5611345549615407e-10,10.029524803161621
2.6580726508740327e-09,1.55188806250095e-10,10.033990621566772
2.644704455434521e-09,1.5426961097464442e-10,10.03768277168274
2.6314042056441167e-09,1.533560223254682e-10,10.041420459747314
2.6181707912797947e-09,1.5244829010274685e-10,10.045180797576904
2.605004212341555e-09,1.5154613675072426e-10,10.049733638763428
2.5919035806509783e-09,1.506499092140956e-10,10.053457736968994
2.578868896208064e-09,1.4975987117082923e-10,10.057191848754883
2.565899714923603e-09,1.4887606425428856e-10,10.060973405838013
2.5529960367975946e-09,1.4799897418704688e-10,10.065329551696777
2.5401569736516194e-09,1.4712847606901391e-10,10.069183349609375
2.5273823034410725e-09,1.4626400091088954e-10,10.072956323623657
2.514672026165954e-09,1.4540596504630798e-10,10.076730966567993
2.5020256977370536e-09,1.4455490970899376e-10,10.080581188201904
2.489442652020557e-09,1.4371076551000783e-10,10.08486533164978
2.476922889016464e-09,1.4287332428253308e-10,10.088645696640015
2.46446574259096e-09,1.4204193377054253e-10,10.092411518096924
2.4520712127440447e-09,1.4121806501954381e-10,10.09618878364563
2.4397390774311134e-09,1.4040049678420985e-10,10.100642204284668
2.427468892562956e-09,1.3958999234287006e-10,10.104339599609375
2.4152599920057582e-09,1.3878595495064872e-10,10.10808777809143
2.4031128198487295e-09,1.379883429741824e-10,10.111862182617188
2.3910260438242403e-09,1.3719776703613462e-10,10.116389751434326
2.3790003300661056e-09,1.364134916137516e-10,10.120104551315308
2.3670350124405104e-09,1.356352669068528e-10,10.123899459838867
2.355129646858245e-09,1.348636619047383e-10,10.127662420272827
2.3432840112747044e-09,1.3409816312925926e-10,10.132014513015747
2.331497661600679e-09,1.3333913140289866e-10,10.135873556137085
2.319770819880773e-09,1.3258553976935872e-10,10.139576435089111
2.3081025979365677e-09,1.3183844294051283e-10,10.143405437469482
2.2964929957680624e-09,1.3109671681554858e-10,10.147184133529663
2.2849417913306524e-09,1.303602781277391e-10,10.151474237442017
2.273448762579733e-09,1.2962973749974793e-10,10.15517520904541
2.2620132433814888e-09,1.2890448430891155e-10,10.158963680267334
2.2506354557805253e-09,1.281842826328372e-10,10.162718534469604
2.2393149556876324e-09,1.274697986053397e-10,10.167273044586182
2.2280510769689954e-09,1.267594640363967e-10,10.17098093032837
2.2168438196246143e-09,1.2605416710442796e-10,10.174729824066162
2.205692961609884e-09,1.2535360249810168e-10,10.178512334823608
2.1945982808802e-09,1.246576730729032e-10,10.183959007263184
2.183559777435562e-09,1.239652269724445e-10,10.187885999679565
2.1725763410529453e-09,1.2327804055356495e-10,10.191645383834839
2.16164841582156e-09,1.2259446235951543e-10,10.195443868637085
2.150775557652196e-09,1.2191504750180826e-10,10.200247526168823
2.1399573224556434e-09,1.2123906045768962e-10,10.20399260520935
2.1291939322765074e-09,1.2056730613885236e-10,10.207759141921997
2.1184842768917633e-09,1.1989882697793774e-10,10.211553573608398
2.107828800390621e-09,1.19233678486097e-10,10.216406345367432
2.0972270586838704e-09,1.1857188841890576e-10,10.220150470733643
2.0866790517715117e-09,1.1791349840972742e-10,10.223891496658325
2.076183891475125e-09,1.172584807029864e-10,10.227643728256226
2.0657417998393157e-09,1.1660664100965334e-10,10.232730150222778
2.0553523327748735e-09,1.159572854403379e-10,10.237158060073853
2.0450152682371936e-09,1.1531098298434017e-10,10.241528272628784
2.034730162137066e-09,1.1466776833612968e-10,10.246097803115845
2.024497014474491e-09,1.1402719740649658e-10,10.251547813415527
2.0143158252494686e-09,1.1338955469009093e-10,10.25566029548645
2.004185706283579e-09,1.1275393813070522e-10,10.259571313858032
1.9941068796214267e-09,1.1212206163513372e-10,10.263631820678711
1.9840789011738025e-09,1.114917602684784e-10,10.268259763717651
1.974101548896101e-09,1.1086457446518594e-10,10.272000312805176
1.9641746007437177e-09,1.1023985890812327e-10,10.275752782821655
1.9542976126274425e-09,1.0961776625295627e-10,10.279598236083984
1.9444705845472754e-09,1.0899772751038483e-10,10.284483194351196
1.9346930724140066e-09,1.083805475921018e-10,10.288226842880249
1.924965076227636e-09,1.0776573383664001e-10,10.292017459869385
1.915285929854349e-09,1.0715350134971047e-10,10.295909881591797
1.9056558553387504e-09,1.0654345461436066e-10,10.300681591033936
1.8960741865470254e-09,1.0593611404763337e-10,10.304403305053711
1.886541367568384e-09,1.0533086902686506e-10,10.308183670043945
1.8770562881798014e-09,1.0472844119702174e-10,10.312010765075684
1.8676189483812777e-09,1.0412872647469484e-10,10.31693720817566
1.858229348172813e-09,1.0353096852044885e-10,10.320705890655518
1.8488871544874996e-09,1.029361249016425e-10,10.324456691741943
1.8395922563030354e-09,1.0234369601791471e-10,10.328261852264404
1.8303440985079078e-09,1.0175419534741437e-10,10.333328247070312
1.821142681102117e-09,1.0116704002305354e-10,10.337175846099854
1.811987559996453e-09,1.0058219535036272e-10,10.340910196304321
1.802878735190916e-09,1.0000030664647497e-10,10.344676494598389
1.7938158736185983e-09,9.942114492789145e-11,10.349433422088623
1.7847986422125928e-09,9.884446733332553e-11,10.353149652481079
1.7758268189282944e-09,9.827067631862363e-11,10.356911897659302
1.7669002927434008e-09,9.769998698949678e-11,10.360681056976318
1.758018841613307e-09,9.713140708411672e-11,10.365320682525635
1.7491821324711054e-09,9.656626887011299e-11,10.369322776794434
1.7403899432721914e-09,9.600390621367083e-11,10.373049259185791
1.731641829927355e-09,9.54444370759866e-11,10.37682819366455
1.7229381255035037e-09,9.488788227374201e-11,10.380716800689697
1.71427805284452e-09,9.433434589034562e-11,10.38490629196167
1.7056618339950091e-09,9.378368220902544e-11,10.388599634170532
1.6970888028211562e-09,9.323630756341572e-11,10.39255404472351
1.688558959322961e-09,9.269204154227495e-11,10.396432876586914
1.680072081455819e-09,9.215070373436163e-11,10.40103268623352
1.6716280581974274e-09,9.161284231229416e-11,10.404731512069702
1.663226334436274e-09,9.107815890363469e-11,10.408487558364868
1.6548670211946614e-09,9.054654248608074e-11,10.412306547164917
1.6465495633610772e-09,9.001820122644943e-11,10.41700291633606
1.6382741829801262e-09,8.949323226925543e-11,10.420724868774414
1.6300404359625986e-09,8.897151765330236e-11,10.424475193023682
1.6218479892415871e-09,8.845309207305974e-11,10.428248405456543
1.6136968428170917e-09,8.793830941211667e-11,10.433159589767456
1.6055864415776e-09,8.742652435334008e-11,10.436882495880127
1.597517007567717e-09,8.691825037487888e-11,10.440624952316284
1.5894882077205352e-09,8.641358462124771e-11,10.444437026977539
1.581499597946845e-09,8.591239525346239e-11,10.448675870895386
1.5735512892689485e-09,8.541436308240336e-11,10.45266342163086
1.5656428375976361e-09,8.492027914197564e-11,10.456537246704102
1.5577740208883029e-09,8.44293385204864e-11,10.460341930389404
1.5499448391409487e-09,8.394230449626505e-11,10.464386224746704
1.5421549592886663e-09,8.345851093549683e-11,10.46833848953247
1.5344043813314556e-09,8.297844356075501e-11,10.472293138504028
1.5266923281131994e-09,8.250167909951145e-11,10.476144552230835
1.51901935474541e-09,8.202850204641621e-11,10.480094194412231
1.5113847950942727e-09,8.155883607363634e-11,10.484793186187744
1.503788538137485e-09,8.109290322577678e-11,10.48836374282837
1.4962304728527442e-09,8.063040513039965e-11,10.492039203643799
1.4887102661731433e-09,8.017157077100379e-11,10.49591064453125
1.481227918098682e-09,7.971601156953056e-11,10.500686407089233
1.4737830955624531e-09,7.926408140956909e-11,10.50465178489685
1.4663755765198516e-09,7.881561375766566e-11,10.508600234985352
1.4590051389262726e-09,7.837068494165322e-11,10.512625932693481
1.4516718938040185e-09,7.792945455609157e-11,10.518031597137451
1.4443753970638795e-09,7.74912217726964e-11,10.522207975387573
1.4371154266612507e-09,7.705669435864593e-11,10.525997161865234
1.4298918715738296e-09,7.662553924703275e-11,10.530104398727417
1.4227045097570112e-09,7.619807562697645e-11,10.53482437133789
1.4155534522330981e-09,7.577333205333048e-11,10.53898572921753
1.408438143890578e-09,7.53524881380585e-11,10.542767763137817
1.4013584737071483e-09,7.493441284145419e-11,10.546979427337646
1.3943143306605066e-09,7.451984168627135e-11,10.551671504974365
1.3873056037283504e-09,7.410858732237458e-11,10.556297063827515
1.3803319598437724e-09,7.370054566635531e-11,10.560999631881714
1.3733933990067726e-09,7.329555712365377e-11,10.566664457321167
1.3664895881504435e-09,7.289360781648213e-11,10.570852041244507
1.3596205272747852e-09,7.249478101156726e-11,10.575146198272705
1.3527858833128903e-09,7.209877833647127e-11,10.579532861709595
1.3459855452424563e-09,7.17061757193882e-11,10.584687948226929
1.3392192910188783e-09,7.131640417101792e-11,10.588621616363525
1.3324870096198538e-09,7.092936654684578e-11,10.593014478683472
1.3257885900230804e-09,7.054533346373404e-11,10.598679780960083
1.319123810183953e-09,7.01637914435338e-11,10.602831602096558
1.312492448057867e-09,6.978557315351352e-11,10.60658073425293
1.3058942816002173e-09,6.940931163157416e-11,10.610431432723999
1.2993293108110038e-09,6.903622812304278e-11,10.615356206893921
1.2927973136456217e-09,6.866555934958996e-11,10.619098901748657
1.2862981790817685e-09,6.829756205029014e-11,10.622811555862427
1.2798315740525368e-09,6.793195173049327e-11,10.62668752670288
1.273397609580229e-09,6.756891574033475e-11,10.630806922912598
1.266995730553333e-09,6.720820427963403e-11,10.634711503982544
1.2606261590164536e-09,6.684987979843626e-11,10.638426780700684
1.2542885619026833e-09,6.649382433554507e-11,10.642168283462524
1.2479829392120223e-09,6.614009340211169e-11,10.64594316482544
1.2417088468552606e-09,6.5788839653802e-11,10.650665521621704
1.2354663958547007e-09,6.543936920122562e-11,10.654465436935425
1.2292552531434353e-09,6.50921400113802e-11,10.658267736434937
1.2230753076991618e-09,6.474699248970595e-11,10.66211199760437
1.2169265595218803e-09,6.440382949168821e-11,10.666817903518677
1.210808564522381e-09,6.406267877290261e-11,10.670674085617065
1.2047214337229661e-09,6.372358196671257e-11,10.674442529678345
1.1986648340567285e-09,6.338643498970953e-11,10.678270816802979
1.192638765523668e-09,6.305066885259336e-11,10.683037996292114
1.18664300607918e-09,6.271701907811789e-11,10.686827898025513
1.1806774447009616e-09,6.238541627734406e-11,10.690544366836548
1.1747418593444081e-09,6.205540248327424e-11,10.694317102432251
1.168836138987217e-09,6.172703320705963e-11,10.698693990707397
1.1629600615847835e-09,6.14003917154271e-11,10.702677726745605
1.1571136271371074e-09,6.10753878027559e-11,10.706414937973022
1.151296613599584e-09,6.075188269116794e-11,10.710239887237549
1.145508798927608e-09,6.042989719734493e-11,10.714045286178589
1.1397501831211798e-09,6.01096533658918e-11,10.718389987945557
1.1340205441356943e-09,5.979089445773411e-11,10.722238302230835
1.1283198819711515e-09,5.947348169499378e-11,10.72613787651062
1.1226477525383416e-09,5.915773426679038e-11,10.730190753936768
1.1170043778818695e-09,5.884315951165675e-11,10.734751462936401
1.1113892028902228e-09,5.853025009106005e-11,10.738542079925537
1.1058024496080066e-09,5.821862436583558e-11,10.742265224456787
1.1002437849683133e-09,5.7908164374786963e-11,10.746118307113647
1.0947130979488406e-09,5.759920665426854e-11,10.750754117965698
1.089210277527286e-09,5.7291324462305226e-11,10.754531621932983
1.083735212681347e-09,5.698509025764409e-11,10.758296489715576
1.0782876813664188e-09,5.667997668434843e-11,10.762131452560425
1.0728676835825013e-09,5.6376174562000614e-11,10.766819953918457
1.0674749972849895e-09,5.6073368170928006e-11,10.770604610443115
1.0621094004292786e-09,5.577212303098378e-11,10.77440857887268
1.056770781993066e-09,5.547170014996716e-11,10.77818751335144
1.0514592529986544e-09,5.517265463939047e-11,10.782581806182861
1.0461743693568337e-09,5.487466731013413e-11,10.786375522613525
1.040916131067604e-09,5.4577925512333536e-11,10.790243148803711
1.035684427108663e-09,5.4282432715435647e-11,10.794039726257324
1.0304790354354054e-09,5.398788360810869e-11,10.798663854598999
1.0252999560478315e-09,5.3694514112745395e-11,10.802431344985962
1.0201469669013363e-09,5.340219239036159e-11,10.80617094039917
1.0150199569736174e-09,5.3110932318745085e-11,10.81000804901123
1.0099188152423721e-09,5.282095247305385e-11,10.8137845993042
1.0048433196629958e-09,5.253186427522927e-11,10.817752361297607
9.997934702354883e-10,5.2243875892088454e-11,10.821470737457275
9.947690449152446e-10,5.195702895699483e-11,10.825232982635498
9.897699326799625e-10,5.1671021628063585e-11,10.829006910324097
9.847961335296418e-10,5.1386252891694184e-11,10.83351755142212
9.798473143973752e-10,5.1102479886599994e-11,10.837198495864868
9.749234752831626e-10,5.081969567388711e-11,10.840927600860596
9.700243941423992e-10,5.053815352318303e-11,10.844777822494507
9.651500709750849e-10,5.0257520367580355e-11,10.849262714385986
9.603003947589173e-10,4.997809457951696e-11,10.853023767471313
9.55475032426989e-10,4.9699317578033586e-11,10.85689091682434
9.506740950016024e-10,4.942188672196757e-11,10.860785961151123
9.458972494158502e-10,4.914551057777494e-11,10.865112781524658
9.411444956697324e-10,4.887005036757763e-11,10.868872165679932
9.364159447855513e-10,4.859582874994217e-11,10.87258005142212
9.317109306294924e-10,4.8322432860681275e-11,10.876363039016724
9.270297862684629e-10,4.805026862508832e-11,10.880141735076904
9.223722341467067e-10,4.777925624588342e-11,10.884453296661377
9.1773810773077e-10,4.750928817021105e-11,10.888182401657104
9.131273515095018e-10,4.724030888691999e-11,10.891965389251709
9.085398544605994e-10,4.697258554342554e-11,10.895745277404785
9.039754500506092e-10,4.670570180609346e-11,10.900516748428345
8.994340272572288e-10,4.6440230133670823e-11,10.90422534942627
8.949155305693068e-10,4.6175889500954526e-11,10.907995700836182
8.904197934533897e-10,4.591275623577751e-11,10.911785125732422
8.859466493760237e-10,4.565064992689827e-11,10.916915655136108
8.814960428260576e-10,4.538975098555831e-11,10.921262502670288
8.770679738034914e-10,4.513017043406009e-11,10.925015687942505
8.726621092414177e-10,4.4871821536229817e-11,10.928772926330566
8.682783936286853e-10,4.4614770211559573e-11,10.934194803237915
8.639168269652941e-10,4.4358808293232244e-11,10.93790578842163
8.595771316954881e-10,4.410436599266987e-11,10.941654682159424
8.552593078192672e-10,4.3851044323472976e-11,10.945616245269775
8.509632443143289e-10,4.3599002880201354e-11,10.950960159301758
8.466887746472196e-10,4.334833880736966e-11,10.954701900482178
8.424357877956368e-10,4.309928455792367e-11,10.958487510681152
8.382042837595804e-10,4.2851361348184014e-11,10.962599039077759
8.339939849832945e-10,4.260491612284589e-11,10.967811346054077
8.298048359556276e-10,4.2359948881909304e-11,10.971678495407104
8.256367811654286e-10,4.211635207251874e-11,10.975594997406006
8.21489709590395e-10,4.1874365086513876e-11,10.979227542877197
8.173633991859219e-10,4.1633658326434286e-11,10.983976364135742
8.132579609743118e-10,4.139444689799099e-11,10.98767876625061
8.091730618886572e-10,4.115695978468281e-11,10.991508722305298
8.051087019289582e-10,4.092080840845114e-11,10.99538254737854
8.010647700729123e-10,4.068631889730945e-11,11.001110792160034
7.970410997870658e-10,4.045323104273635e-11,11.004995107650757
7.930376910714187e-10,4.022181199214714e-11,11.00876498222351
7.890544329036686e-10,3.999206868443572e-11,11.012665748596191
7.850911587503617e-10,3.9763921322322204e-11,11.017353773117065
7.811477020780444e-10,3.953716520843642e-11,11.020894050598145
7.772241739090191e-10,3.9312129940238805e-11,11.024397134780884
7.733202411763784e-10,3.9088718373214704e-11,11.028197288513184
7.694359038801224e-10,3.886686805731898e-11,11.032960414886475
7.655709954867973e-10,3.864682532328523e-11,11.036680936813354
7.617256270187056e-10,3.842818077637311e-11,11.040396451950073
7.578994654089399e-10,3.8211243197361355e-11,11.043937921524048
7.540925106575003e-10,3.7995946666757874e-11,11.047727346420288
7.503047072532354e-10,3.7782270367880955e-11,11.051436185836792
7.465358886626916e-10,3.7570155320132415e-11,11.054931163787842
7.427859438635664e-10,3.7359677851345197e-11,11.058456420898438
7.390548173447087e-10,3.715095939216262e-11,11.062114953994751
7.353425091061183e-10,3.6943562792268736e-11,11.066397905349731
7.316486305697367e-10,3.673783499635874e-11,11.070094108581543
7.279734037801688e-10,3.653384539337168e-11,11.073794841766357
7.243166066928097e-10,3.633121234414283e-11,11.077569246292114
7.206781282853569e-10,3.613018217940578e-11,11.082035303115845
7.170579130466592e-10,3.593061959072941e-11,11.085719347000122
7.134559054655654e-10,3.573250029198505e-11,11.089182376861572
7.098718834974704e-10,3.55360844916941e-11,11.09274172782898
7.063059581646769e-10,3.5341028714608314e-11,11.096386194229126
7.027577964002774e-10,3.514741622745454e-11,11.101378202438354
6.992274537154231e-10,3.495506314954433e-11,11.105052709579468
6.95714930110114e-10,3.476422621995212e-11,11.108625411987305
6.92219948028594e-10,3.457471461909556e-11,11.112282276153564
6.887426184931655e-10,3.43866324303832e-11,11.116710662841797
6.8528255292577e-10,3.4199813120361355e-11,11.120368480682373
6.818400288821636e-10,3.4014211586219645e-11,11.12419843673706
6.784147132954388e-10,3.382996660583615e-11,11.127731084823608
6.750065506544445e-10,3.3646845726265084e-11,11.132006168365479
6.716155964703319e-10,3.346507099211138e-11,11.13590693473816
6.682415731873448e-10,3.3284416889323154e-11,11.139620304107666
6.648845918277857e-10,3.3104942398498594e-11,11.143415927886963
6.615443748358985e-10,3.2926588539039514e-11,11.147271633148193
6.582210332339855e-10,3.274931020813554e-11,11.151278972625732
6.549143449774419e-10,3.2573024139059825e-11,11.15499997138977
6.516242545551165e-10,3.23978795180313e-11,11.158746242523193
6.483507619670092e-10,3.222376532274751e-11,11.162589073181152
6.450936451685152e-10,3.205042134468705e-11,11.167283058166504
6.418529596707856e-10,3.187828126471892e-11,11.17076826095581
6.386285389403668e-10,3.170695997423145e-11,11.174303531646729
6.354203274661074e-10,3.153667951782957e-11,11.17826247215271
6.322283252480076e-10,3.1367016622985133e-11,11.183114290237427
6.290522547303112e-10,3.1198432726142755e-11,11.186967372894287
6.258922269353207e-10,3.103067108822799e-11,11.190600872039795
6.227480753295822e-10,3.0863759464816454e-11,11.194149494171143
6.196197444019447e-10,3.069768397812034e-11,11.19807243347168
6.165071231301056e-10,3.053227809468595e-11,11.202954530715942
6.134102115140649e-10,3.0367677122944414e-11,11.206634283065796
6.10328843020369e-10,3.0203888001789636e-11,11.210422039031982
6.072630176490179e-10,3.004083440338867e-11,11.214101552963257
6.042125688665578e-10,2.987851632774152e-11,11.218263626098633
6.0117755218414e-10,2.9716895610931715e-11,11.222085237503052
5.981577455571596e-10,2.955598613074706e-11,11.226033210754395
5.951531489856166e-10,2.939573237603632e-11,11.230039358139038
5.921636514472084e-10,2.923623149131416e-11,11.234330892562866
5.891892529419351e-10,2.9077264901422595e-11,11.2382493019104
5.862297869363431e-10,2.891917087743945e-11,11.24220323562622
5.832852534304322e-10,2.8761604209393e-11,11.245954036712646
5.803554858907489e-10,2.8604717552949133e-11,11.250555753707886
5.774404843172931e-10,2.844854039840694e-11,11.254220008850098
5.745401931989136e-10,2.8292968662357865e-11,11.257797241210938
5.716545015133079e-10,2.8138165408808646e-11,11.261446952819824
5.687832427270223e-10,2.7983851347279654e-11,11.265960216522217
5.659265278623593e-10,2.7830272808504475e-11,11.26962924003601
5.630841903858652e-10,2.7677341321585835e-11,11.2732253074646
5.602561192752376e-10,2.75250378045655e-11,11.276895761489868
5.574423700416276e-10,2.7373485422810262e-11,11.2807457447052
5.546426651292791e-10,2.7222557541506376e-11,11.284630537033081
5.518571155604945e-10,2.7072214262013894e-11,11.288298845291138
5.490856103129715e-10,2.692268283310817e-11,11.291913032531738
5.463279273421051e-10,2.6773685699033045e-11,11.295668363571167
5.43584233181349e-10,2.6625418883541307e-11,11.300179958343506
5.408543057860982e-10,2.647796218391285e-11,11.303825378417969
5.381380896452015e-10,2.6331048452732375e-11,11.307461023330688
5.354355847586589e-10,2.6184967388820368e-11,11.311102628707886
5.32746680104168e-10,2.6039439701697198e-11,11.315343856811523
5.300712646594263e-10,2.5894692640138217e-11,11.31907057762146
5.274092829132826e-10,2.5750679366609575e-11,11.323217630386353
5.247607348657368e-10,2.560734783940699e-11,11.327239036560059
5.221255094944866e-10,2.5464767447469505e-11,11.331082105636597
5.195034957772293e-10,2.5322990232501397e-11,11.334797382354736
5.168947492251164e-10,2.5181849661048972e-11,11.33845329284668
5.142990477935427e-10,2.5041527879077208e-11,11.342098951339722
5.117163914825085e-10,2.4902030090756533e-11,11.345820188522339
5.091467247808623e-10,2.476324700850796e-11,11.350571870803833
5.065900476886043e-10,2.462516995871411e-11,11.354234218597412
5.040460826499782e-10,2.4487828431674075e-11,11.357912540435791
5.015149961984378e-10,2.435138722611807e-11,11.361611604690552
4.989965662893781e-10,2.4215627766888126e-11,11.367688179016113
4.964908484339503e-10,2.4080768629142213e-11,11.371289491653442
4.939976760987008e-10,2.3946549604358935e-11,11.374803066253662
4.915170492836296e-10,2.3813267330252685e-11,11.378362655639648
4.890489679887366e-10,2.368056965795784e-11,11.383193731307983
4.86593210169417e-10,2.3548909350301628e-11,11.386819839477539
4.841497758256708e-10,2.341794119731233e-11,11.391210794448853
4.817186649574978e-10,2.3287777956015887e-11,11.394830226898193
4.792996555202933e-10,2.3158419626412297e-11,11.399275779724121
4.768929140475109e-10,2.3029819370967708e-11,11.402863502502441
4.744982184945457e-10,2.2902018823045545e-11,11.406335353851318
4.721155133502464e-10,2.2775052677115326e-11,11.409870386123657
4.69744798614613e-10,2.2648837666450206e-11,11.413676023483276
4.673860187764944e-10,2.2523566345356016e-11,11.418071508407593
4.650390628135881e-10,2.239887962607323e-11,11.422284603118896
4.627039029703184e-10,2.2275112310232714e-11,11.426071166992188
4.6038045597995847e-10,2.215212041578596e-11,11.429912090301514
4.580686663313571e-10,2.2029857105199113e-11,11.43431282043457
4.557685062689387e-10,2.19084073799225e-11,11.437937259674072
4.534798925259764e-10,2.1787740014933554e-11,11.441526651382446
4.51202769591319e-10,2.1667763069888046e-11,11.445429563522339
4.489370541982396e-10,2.1548646547686623e-11,11.450101613998413
4.466827463467382e-10,2.1430237792663398e-11,11.453736543655396
4.444397350145124e-10,2.1312581907628747e-11,11.457340955734253
4.422079924459865e-10,2.119574828152171e-11,11.460997581481934
4.3998746313000936e-10,2.1079554768377307e-11,11.465323686599731
4.3777806379985407e-10,2.096422167807699e-11,11.469011306762695
4.3557979445552064e-10,2.084953563963321e-11,11.47270679473877
4.333925440747066e-10,2.073549318359902e-11,11.476503849029541
4.3121625714626077e-10,2.0622309415685436e-11,11.480403184890747
4.290509336701831e-10,2.050976576073449e-11,11.485167980194092
4.2689646262417114e-10,2.0397876096533984e-11,11.489200353622437
4.247528440082249e-10,2.0286791344026334e-11,11.492949962615967
4.2261993904446626e-10,2.0176322418352655e-11,11.496700286865234
4.204977477328953e-10,2.0066547382069366e-11,11.500962257385254
4.183862145623607e-10,1.9957391642067002e-11,11.504523277282715
4.162853117772869e-10,1.9848995710947115e-11,11.508185386657715
4.1419495611094703e-10,1.9741179177468204e-11,11.511822700500488
4.121150920521899e-10,1.9634096432019632e-11,11.516390562057495
4.100456640898642e-10,1.9527572267530324e-11,11.519956827163696
4.0798661671281877e-10,1.9421768013283547e-11,11.523524522781372
4.059379499210536e-10,1.9316478971909135e-11,11.52718734741211
4.038995526922662e-10,1.9211882085201637e-11,11.531981229782104
4.0187139727088095e-10,1.9107899290604635e-11,11.535578489303589
3.9985342814574665e-10,1.9004509771436418e-11,11.539140462875366
3.9784558980571205e-10,1.8901737813825648e-11,11.5427405834198
3.9584785449520155e-10,1.8799519233003714e-11,11.5464186668396
3.938601389474883e-10,1.8697935560973988e-11,11.550982475280762
3.9188241540699664e-10,1.859693996020262e-11,11.554508924484253
3.899146006069998e-10,1.8496378040300243e-11,11.558887004852295
3.879567223030733e-10,1.8396588072344677e-11,11.562741756439209
3.8600861396176356e-10,1.82971745393834e-11,11.567258834838867
3.8407033109422173e-10,1.8198447956918606e-11,11.57081127166748
3.82141790433721e-10,1.81001845456219e-11,11.574516296386719
3.802229642246857e-10,1.8002519613924406e-11,11.578421831130981
3.7831374144481345e-10,1.7905378568716657e-11,11.582975387573242
3.764141220941042e-10,1.780877528778646e-11,11.586552619934082
3.745240229058311e-10,1.771265252525911e-11,11.590187788009644
3.7264344387999415e-10,1.761703803671022e-11,11.593838214874268
3.7077232950544214e-10,1.7521985598567547e-11,11.597729444503784
3.689105965154482e-10,1.7427432760785955e-11,11.601481199264526
3.6705818939886115e-10,1.7333426360899296e-11,11.605039596557617
3.6521513591125654e-10,1.7239895275245054e-11,11.608642339706421
3.6338132503033194e-10,1.71469210358266e-11,11.612291097640991
3.615567012449361e-10,1.7054335374466767e-11,11.616817235946655
3.5974129231064467e-10,1.6962249313468014e-11,11.620613098144531
3.5793501496073077e-10,1.6870688873682482e-11,11.624949932098389
3.5613778592846757e-10,1.677955517587204e-11,11.628865003585815
3.5434960521385506e-10,1.668896444650958e-11,11.63350224494934
3.525703895501664e-10,1.659885250082649e-11,11.637317895889282
3.5080011118182597e-10,1.6509149949883728e-11,11.64090871810913
3.4903874235325816e-10,1.6419969550707236e-11,11.64454174041748
3.4728622755331173e-10,1.633126099631621e-11,11.649216651916504
3.4554251127083546e-10,1.6242949693601183e-11,11.652971982955933
3.438075379946781e-10,1.6155165746822853e-11,11.656643152236938
3.420813354804153e-10,1.6067820685083944e-11,11.660303831100464
3.4036376495016896e-10,1.5980907569490554e-11,11.664001703262329
3.386548541595147e-10,1.589444895144787e-11,11.667937517166138
3.369544643305744e-10,1.580850554627755e-11,11.671491861343384
3.352627064856506e-10,1.572297327057104e-11,11.675131797790527
3.3357941409128955e-10,1.563782263402924e-11,11.678812503814697
3.3190455939191565e-10,1.555319935342414e-11,11.683391809463501
3.302381423875289e-10,1.5469016692581938e-11,11.686882972717285
3.285801075669781e-10,1.5385255569544398e-11,11.690575122833252
3.2693039941911195e-10,1.5301940270440184e-11,11.694515943527222
3.2528896243277927e-10,1.5219048243864108e-11,11.699265956878662
3.2365579660798005e-10,1.5136615919009166e-11,11.702999830245972
3.2203081867798744e-10,1.5054627683364075e-11,11.706556558609009
3.204140008872258e-10,1.4973064454970597e-11,11.71022915840149
3.188053154801196e-10,1.4891900212976594e-11,11.714043617248535
3.172047069455175e-10,1.481120261159763e-11,11.717894315719604
3.1561217528341956e-10,1.4730952568875466e-11,11.721492052078247
3.140275817159477e-10,1.465112232923449e-11,11.725070238113403
3.1245100950982874e-10,1.4571708423227747e-11,11.728628873825073
3.108823198871846e-10,1.4492807995369894e-11,11.733511447906494
3.0932151284801535e-10,1.4414232828163787e-11,11.736992835998535
3.077685328811697e-10,1.4336118230040551e-11,11.740681648254395
3.0622340774222323e-10,1.4258430373892406e-11,11.744644403457642
3.0468599865329793e-10,1.418122997504101e-11,11.749681949615479
3.03156361125545e-10,1.410437652088481e-11,11.753406524658203
3.0163432862551076e-10,1.4028020932366214e-11,11.75712251663208
3.0012001217549766e-10,1.3952046115650596e-11,11.760899543762207
2.98613245242052e-10,1.3876519724953518e-11,11.76532506942749
2.9711408333632505e-10,1.380137670814463e-11,11.76919436454773
2.956224431915899e-10,1.3726695995142091e-11,11.772915601730347
2.94138297052271e-10,1.3652407329645122e-11,11.776766300201416
2.926615894072171e-10,1.3578574029060597e-11,11.782588005065918
2.9119232025642816e-10,1.3505150990578141e-11,11.78637981414795
2.8973040633317737e-10,1.3432131275303849e-11,11.790152072906494
2.882758476374647e-10,1.3359587741623713e-11,11.793927669525146
2.86828588658139e-10,1.3287364264424895e-11,11.798648595809937
2.8538860163962454e-10,1.3215632581331516e-11,11.802588701248169
2.839558588263458e-10,1.3144264322806354e-11,11.80650520324707
2.8253030470715146e-10,1.3073340153491042e-11,11.810437679290771
2.8111188377089036e-10,1.3002809766404777e-11,11.815285205841064
2.797005960175625e-10,1.293269831503796e-11,11.819073677062988
2.782963859360166e-10,1.2863012738284496e-11,11.822750091552734
2.768992812818283e-10,1.2793687116652297e-11,11.826525926589966
2.755091432771195e-10,1.2724760481419572e-11,11.830483198165894
2.7412599967746587e-10,1.265625104718282e-11,11.834738731384277
2.7274979497171614e-10,1.2588175293815063e-11,11.838705062866211
2.713805291598703e-10,1.2520460362930308e-11,11.842752456665039
2.7001809121962594e-10,1.2453153092062408e-11,11.846784114837646
2.6866253666213424e-10,1.2386169347122777e-11,11.85104489326477
2.6731378222066837e-10,1.2319639232372115e-11,11.854777812957764
2.659717723840771e-10,1.2253490756786167e-11,11.858549118041992
2.646365071523604e-10,1.218772565508841e-11,11.86238169670105
2.6330795876994273e-10,1.2122278007786758e-11,11.866831064224243
2.619860717256728e-10,1.2057304807355784e-11,11.870527505874634
2.606708460195506e-10,1.1992642989788749e-11,11.87428331375122
2.593622261404249e-10,1.1928325514831695e-11,11.878198146820068
2.580601288215689e-10,1.1864387076954142e-11,11.88300108909607
2.5676460957413383e-10,1.1800792114324832e-11,11.886733770370483
2.554755851313928e-10,1.1737577056136761e-11,11.890457391738892
2.541930277377702e-10,1.167471588153779e-11,11.894254922866821
2.5291693739326604e-10,1.1612189508569681e-11,11.898669719696045
2.516472585867291e-10,1.1550071662980166e-11,11.902619123458862
2.5038393580700813e-10,1.1488243516211138e-11,11.906492948532104
2.4912696905410314e-10,1.1426718946050407e-11,11.910471439361572
2.478762750612873e-10,1.1365585556033508e-11,11.914417505264282
2.466319370952874e-10,1.1304704568282364e-11,11.918778896331787
2.453937886226498e-10,1.1244244250974145e-11,11.922677278518677
2.4416188515452575e-10,1.118403199912299e-11,11.926349878311157
2.4293617117976396e-10,1.112421006005393e-11,11.930006265640259
2.417165911872132e-10,1.1064658737847122e-11,11.934322595596313
2.4050314517687355e-10,1.100542400267468e-11,11.937856912612915
2.392958331487449e-10,1.0946489374663582e-11,11.941530704498291
2.380945440805249e-10,1.08878496496434e-11,11.945813655853271
2.3689930572778906e-10,1.0829542991530605e-11,11.950778245925903
2.357100903349618e-10,1.0771534705855679e-11,11.954612255096436
2.345267868797407e-10,1.0713836068321214e-11,11.958401918411255
2.333494786288526e-10,1.0656448813650687e-11,11.962145566940308
2.3217808231557058e-10,1.0599297481372894e-11,11.966745138168335
2.310125701843191e-10,1.0542440184724278e-11,11.970324277877808
2.298529006017347e-10,1.0485917689706525e-11,11.973902463912964
2.2869905969002957e-10,1.0429654535848432e-11,11.977572202682495
2.2755101969362812e-10,1.0373623834936119e-11,11.982036113739014
2.2640875285695472e-10,1.0317918394675551e-11,11.98588514328003
2.2527223142443376e-10,1.026249918378852e-11,11.989601850509644
2.241414137627018e-10,1.0207370539083715e-11,11.993528604507446
2.2301625823839544e-10,1.0152478684133381e-11,11.99736762046814
2.2189677872930247e-10,1.0097850507151396e-11,12.001250982284546
2.2078293360205947e-10,1.0043520702607278e-11,12.004703760147095
2.1967466734551522e-10,9.989451973946295e-12,12.00822639465332
2.185719660818819e-10,9.93562523921021e-12,12.011824369430542
2.174748298111595e-10,9.882100346358946e-12,12.016414642333984
2.163831752666212e-10,9.828831325220388e-12,12.020179271697998
2.152970302038426e-10,9.775858074434485e-12,12.023776769638062
2.1421632523388467e-10,9.723097327274388e-12,12.027600288391113
2.131410464789596e-10,9.670606329614806e-12,12.032006978988647
2.1207119393906737e-10,9.618407632860926e-12,12.035752058029175
2.1100671210305677e-10,9.566468277266704e-12,12.039485692977905
2.0994755933756437e-10,9.514733619042648e-12,12.043289422988892
2.0889373564259017e-10,9.463316415214695e-12,12.046977519989014
2.0784521326255856e-10,9.412161154631615e-12,12.05097246170044
2.068019505641061e-10,9.361228806015198e-12,12.05455470085144
2.05763933669445e-10,9.310561002728868e-12,12.058150291442871
2.0473112094521184e-10,9.260177694092597e-12,12.061827182769775
2.037035123914066e-10,9.210057196062937e-12,12.066365242004395
2.0268105249687807e-10,9.160170018340796e-12,12.069911003112793
2.0166374126162623e-10,9.110576008886095e-12,12.07360553741455
2.0065152317449986e-10,9.06122572807977e-12,12.077373266220093
1.9964439823549895e-10,9.012136523156578e-12,12.081970691680908
1.986423386890479e-10,8.96327803645569e-12,12.085858821868896
1.976453167795711e-10,8.914682360361414e-12,12.089340209960938
1.9665327699591728e-10,8.866367709470246e-12,12.092889308929443
1.956662470936621e-10,8.818315869185689e-12,12.096431732177734
1.946841576838665e-10,8.770511226996458e-12,12.100998401641846
1.9370699488874266e-10,8.722957252349506e-12,12.104739665985107
1.927347587082906e-10,8.675686037629138e-12,12.10853624343872
1.9176739363135908e-10,8.628653347386717e-12,12.112210035324097
1.908048996579481e-10,8.581899947623928e-12,12.116782426834106
1.8984723515469426e-10,8.53533563272002e-12,12.120504140853882
1.888943723660219e-10,8.489075761786147e-12,12.124237775802612
1.8794629741414326e-10,8.443088242438002e-12,12.128037691116333
1.870029825434827e-10,8.397334910759113e-12,12.132521629333496
1.8606439999846458e-10,8.351835716069456e-12,12.13624119758606
1.8513053590130113e-10,8.306590658369029e-12,12.13995623588562
1.8420136249641672e-10,8.261589329316976e-12,12.143722295761108
1.8327686590602354e-10,8.216859484488914e-12,12.14772343635559
1.8235697674118256e-10,8.172347347457087e-12,12.151597738265991
1.81441750513045e-10,8.128133582863128e-12,12.155446529388428
1.8053107619930842e-10,8.084115842021955e-12,12.159216403961182
1.7962500931112402e-10,8.04036177914913e-12,12.16301965713501
1.7872348045955277e-10,7.996894813011579e-12,12.16762113571167
1.7782646188901907e-10,7.953641217861573e-12,12.171286344528198
1.7693396747731072e-10,7.91063221872168e-12,12.175705909729004
1.7604595559106428e-10,7.867869550315376e-12,12.179445505142212
1.7516238459691635e-10,7.825332395960949e-12,12.183993101119995
1.7428325449486692e-10,7.783060654298346e-12,12.187689304351807
1.7340853752934038e-10,7.741012691964144e-12,12.191473960876465
1.725382198225489e-10,7.699233611768719e-12,12.195015668869019
1.716722736189169e-10,7.657640146985223e-12,12.199811458587646
1.7081068504065655e-10,7.616286074041412e-12,12.203513622283936
1.6995338469882881e-10,7.575168790852072e-12,12.207231521606445
1.6910042810458492e-10,7.534283093246774e-12,12.211000442504883
1.6825173199119803e-10,7.49364632846028e-12,12.215354442596436
1.6740731023645594e-10,7.453215128405688e-12,12.219152688980103
1.6656712120699524e-10,7.413027656999471e-12,12.222870826721191
1.657311510250281e-10,7.373058760751228e-12,12.226665019989014
1.6489937193497894e-10,7.33330323549053e-12,12.230453729629517
1.6407178393684774e-10,7.293777561090398e-12,12.23447036743164
1.6324833151948326e-10,7.254468293443894e-12,12.237919569015503
1.6242902856067332e-10,7.21535765163539e-12,12.241429328918457
1.616138334270545e-10,7.176477728049191e-12,12.244981050491333
1.6080273224083896e-10,7.137813343854882e-12,12.249751091003418
1.5999569724645113e-10,7.099342815009013e-12,12.25344729423523
1.5919272844389099e-10,7.0610978002150215e-12,12.257081508636475
1.5839379807758291e-10,7.02308133523899e-12,12.260607719421387
1.575988645141635e-10,6.985228801631438e-12,12.264392137527466
1.5680791387584492e-10,6.947604384160977e-12,12.268183708190918
1.5602094616262718e-10,6.910211985955428e-12,12.27195143699646
1.5523793361893468e-10,6.872953161457529e-12,12.275766372680664
1.544588623669796e-10,6.8359619180557996e-12,12.279406309127808
1.536836768956107e-10,6.799138075469502e-12,12.283935546875
1.529124049604036e-10,6.762524568104666e-12,12.287623405456543
1.5214499105020707e-10,6.726111421301306e-12,12.291364908218384
1.5138143516502112e-10,6.68986914476033e-12,12.29516315460205
1.5062172342705793e-10,6.6538437086538504e-12,12.299783945083618
1.4986581420295408e-10,6.617984806001065e-12,12.30356502532959
1.4911370749270958e-10,6.58235835629406e-12,12.307292461395264
1.483653755407488e-10,6.546891067465976e-12,12.311097383499146
1.4762080446928394e-10,6.511631511774141e-12,12.315877914428711
1.4687996652273938e-10,6.476566245111615e-12,12.319650411605835
1.4614284782332732e-10,6.441665343498437e-12,12.323122024536133
1.4540943449325994e-10,6.406969572936294e-12,12.32668924331665
1.4467971265474944e-10,6.3724585504243425e-12,12.330491542816162
1.439536406744324e-10,6.338144852707783e-12,12.334629535675049
1.432312185523088e-10,6.303987280104062e-12,12.338419198989868
1.4251241853280305e-10,6.270017491316615e-12,12.342126607894897
1.4179724061591514e-10,6.236241991558478e-12,12.345643520355225
1.4108564316828165e-10,6.202649938807925e-12,12.350090742111206
1.4037761231211476e-10,6.169249573001467e-12,12.353787899017334
1.3967314804741449e-10,6.1360244142660836e-12,12.357603073120117
1.389722226186052e-10,6.1029653553035246e-12,12.361438512802124
1.382748082701113e-10,6.070091478072026e-12,12.365870237350464
1.3758089112414496e-10,6.037404517295064e-12,12.369367122650146
1.36890485058494e-10,6.004890595184831e-12,12.372833967208862
1.3620352068421937e-10,5.9725696610613e-12,12.376372575759888
1.355200118791089e-10,5.940389239539323e-12,12.379913330078125
1.3483994476537475e-10,5.90841438274925e-12,12.384384632110596
1.3416326383186572e-10,5.876617335115464e-12,12.388100862503052
1.334899968341574e-10,5.8449985303188345e-12,12.391831636428833
1.328201160166742e-10,5.813531947507222e-12,12.395608186721802
1.321535936238405e-10,5.7822479443414565e-12,12.400105476379395
1.3149041577786846e-10,5.751147388183275e-12,12.403773069381714
1.308305686009703e-10,5.720215533883133e-12,12.407356977462769
1.3017402433757042e-10,5.689460187696671e-12,12.411043167114258
1.2952078298766878e-10,5.658862701346523e-12,12.415339231491089
1.288708306734776e-10,5.628429146364855e-12,12.419102668762207
1.2822412576163345e-10,5.598200722434221e-12,12.422776937484741
1.2758066825213632e-10,5.568122352084259e-12,12.42653489112854
1.2694045814498622e-10,5.538213550954074e-12,12.430071353912354
1.2630343992903192e-10,5.508469114873238e-12,12.434321165084839
1.2566962748206123e-10,5.4788842733521914e-12,12.43803095817566
1.2503900692628633e-10,5.449449485411817e-12,12.441779613494873
1.244115366283438e-10,5.420247150417223e-12,12.445569038391113
1.2378723046602147e-10,5.391163643980734e-12,12.450215339660645
1.2316603292816808e-10,5.362243635231856e-12,12.453922510147095
1.2254798564814706e-10,5.333498833554051e-12,12.457655906677246
1.219330331148072e-10,5.3049101569890844e-12,12.461517095565796
1.2132114757257284e-10,5.276493218048239e-12,12.46588134765625
1.2071234289923183e-10,5.248238475752398e-12,12.469714641571045
1.2010659133920853e-10,5.220125113419849e-12,12.47318148612976
1.1950389289250296e-10,5.192179151902732e-12,12.476714849472046
1.1890420592575168e-10,5.164391917583666e-12,12.480489015579224
1.183075304389547e-10,5.136753002121797e-12,12.484535932540894
1.177138525543242e-10,5.109285824284049e-12,12.488350629806519
1.171231583940724e-10,5.081964796899152e-12,12.492125034332275
1.1653543408041145e-10,5.0547894862862375e-12,12.495756387710571
1.1595064491887186e-10,5.0277898164252655e-12,12.500195026397705
1.1536879784834753e-10,5.000925021314551e-12,12.50374984741211
1.1478987205215674e-10,4.974212448188853e-12,12.50736141204834
1.1421385365251169e-10,4.947637351898626e-12,12.511078834533691
1.1364072183273066e-10,4.921235294275128e-12,12.515316486358643
1.1307046965391976e-10,4.894976785019267e-12,12.519003629684448
1.1250307629939726e-10,4.868838839044987e-12,12.522542953491211
1.1193854176916318e-10,4.842873498056566e-12,12.526238441467285
1.1137683136874799e-10,4.817029587711463e-12,12.529864072799683
1.1081794509815168e-10,4.7913548129052685e-12,12.53433084487915
1.1026186214069256e-10,4.765817948615414e-12,12.537887811660767
1.097085616796889e-10,4.740404249692354e-12,12.54151177406311
1.0915805065403461e-10,4.7151414717117035e-12,12.54516053199768
1.0861030130815408e-10,4.6900066295874066e-12,12.54965615272522
1.0806529976425949e-10,4.665010999022057e-12,12.553316116333008
1.0752303214456305e-10,4.640157182100868e-12,12.5569908618927
1.0698349151017084e-10,4.6154378062490675e-12,12.562005281448364
1.0644665010550725e-10,4.590863279807511e-12,12.566903829574585
1.0591251486946618e-10,4.566404546157976e-12,12.570608377456665
1.0538105110757812e-10,4.542082421982174e-12,12.574337005615234
1.0485225881984306e-10,4.517891703109678e-12,12.577965021133423
1.043261241284732e-10,4.493835425306569e-12,12.582020044326782
1.0380263315568072e-10,4.469904047593731e-12,12.585788011550903
1.0328176508478393e-10,4.4461049425459365e-12,12.58949065208435
1.027635129768889e-10,4.422419028204949e-12,12.593270063400269
1.0224785601531394e-10,4.398868422295088e-12,12.59721064567566
1.0173479420005904e-10,4.375443150156366e-12,12.601094722747803
1.0122430671444249e-10,4.352144512831391e-12,12.604546070098877
1.0071637968067648e-10,4.3289720766392925e-12,12.608047485351562
1.0021100615986711e-10,4.30591369851574e-12,12.61161470413208
9.970817227422657e-11,4.282998001398086e-12,12.616532802581787
9.920786414596705e-11,4.260169040454231e-12,12.620213508605957
9.871006095840684e-11,4.237480592111931e-12,12.623951196670532
9.821475577265204e-11,4.2149070691999135e-12,12.627756834030151
9.772193471091484e-11,4.192448905399049e-12,12.632028579711914
9.723159083430133e-11,4.170119544816275e-12,12.635861158370972
9.674371720391761e-11,4.147900772855095e-12,12.639571189880371
9.625828606418807e-11,4.125793023196378e-12,12.643144607543945
9.57752974151127e-11,4.103809739947062e-12,12.64698600769043
9.52947235011159e-11,4.0819209991271865e-12,12.651120901107788
9.481657126109155e-11,4.0601580257593195e-12,12.654806852340698
9.434081987835796e-11,4.038523421928675e-12,12.659303665161133
9.38674346584456e-11,4.016985528931816e-12,12.663308143615723
9.3396450295824e-11,3.99557123498262e-12,12.667777061462402
9.292783209602362e-11,3.9742579886759e-12,12.671626091003418
9.246155924236277e-11,3.9530561983525114e-12,12.675508260726929
9.199761785705363e-11,3.931972802906358e-12,12.679217100143433
9.15360148789901e-11,3.91099522559224e-12,12.6838858127594
9.107672949149048e-11,3.890119563282335e-12,12.687378406524658
9.061975475566086e-11,3.869364897934879e-12,12.690880537033081
9.016506985481954e-11,3.848720387528148e-12,12.694618225097656
8.971266785007259e-11,3.828188200466487e-12,12.69935417175293
8.926252792473832e-11,3.807731907556899e-12,12.702937126159668
8.881465701771063e-11,3.787408320993224e-12,12.706433534622192
8.83690273734139e-11,3.767203562987653e-12,12.71010422706604
8.792564593074204e-11,3.747092913730654e-12,12.713876485824585
8.748447799522552e-11,3.727073337456144e-12,12.718061923980713
8.704553744465215e-11,3.707172589739738e-12,12.722065925598145
8.660879652344633e-11,3.687390236900567e-12,12.725979566574097
8.617424135382024e-11,3.667685079256078e-12,12.729868650436401
8.574186499687997e-11,3.6481065564253345e-12,12.734386920928955
8.531166745262553e-11,3.62861910657708e-12,12.738142251968384
8.488363484326911e-11,3.6092368243395567e-12,12.741943597793579
8.445773247434119e-11,3.5899735875005723e-12,12.745794534683228
8.403398116252347e-11,3.5707927500266967e-12,12.750081062316895
8.361236009113426e-11,3.551732692674836e-12,12.753566265106201
8.319284844349184e-11,3.5327524326028703e-12,12.75704312324524
8.27754462195962e-11,3.51388623059945e-12,12.76056957244873
8.236013260276565e-11,3.4951202088767674e-12,12.765326976776123
8.194690065410626e-11,3.4764413570087527e-12,12.769471883773804
8.153575731251195e-11,3.4578897904757877e-12,12.77356219291687
8.112666788351319e-11,3.439418238063152e-12,12.777476072311401
8.071963236711e-11,3.421056840591241e-12,12.781988859176636
8.031464382440845e-11,3.4027758909205286e-12,12.785860300064087
7.991168143872684e-11,3.3846172392548723e-12,12.789634943008423
7.951074521006518e-11,3.3665563826251743e-12,12.793380975723267
7.911182126063565e-11,3.34858443057362e-12,12.797165155410767
7.871490265154435e-11,3.3307057199088996e-12,12.801457643508911
7.831996856610957e-11,3.3129265390036133e-12,12.805284261703491
7.792703288211911e-11,3.2952343111125604e-12,12.80916142463684
7.753605396620955e-11,3.2776611286200463e-12,12.812977075576782
7.71470456961687e-11,3.2601681770882962e-12,12.817171335220337
7.675998031642095e-11,3.2427578417620895e-12,12.82081389427185
7.63748647658602e-11,3.2254695876005046e-12,12.824574708938599
7.599167822780473e-11,3.2082513728992623e-12,12.828400611877441
7.561042070225454e-11,3.191137458447013e-12,12.832982301712036
7.523107831142184e-11,3.1741128822537767e-12,12.836425065994263
7.4853623299731e-11,3.157186751617802e-12,12.840774774551392
7.447808342275763e-11,3.140347357155626e-12,12.845484495162964
7.410441704713833e-11,3.123594698867249e-12,12.850653409957886
7.373262417287307e-11,3.1069381008913544e-12,12.854297161102295
7.336271173885578e-11,3.0903708411744724e-12,12.857783079147339
7.299464505061692e-11,3.0738909681526927e-12,12.861340045928955
7.26284171692626e-11,3.0575054207199193e-12,12.865955352783203
7.226404197258063e-11,3.0412057420992067e-12,12.869741439819336
7.190149170499538e-11,3.024990197567079e-12,12.873547315597534
7.154075942761295e-11,3.008870930187868e-12,12.877139806747437
7.118183820153945e-11,2.9928277738011655e-12,12.881105661392212
7.082471414898706e-11,2.976881111407814e-12,12.885470867156982
7.046938726995577e-11,2.9610209683478272e-12,12.889411449432373
7.011583674776389e-11,2.9452336836738313e-12,12.893450021743774
6.976406952130532e-11,2.9295333520140687e-12,12.897431135177612
6.941406477389833e-11,2.9139186723259325e-12,12.901291608810425
6.906581556664904e-11,2.898398535067237e-12,12.904931783676147
6.871932189955743e-11,2.882948003588015e-12,12.908584356307983
6.83745560170479e-11,2.867588978772151e-12,12.912540674209595
6.803152485801434e-11,2.8523166901300856e-12,12.917219638824463
6.769021454466895e-11,2.837104899969245e-12,12.920925617218018
6.735061813811782e-11,2.821991555365666e-12,12.92493748664856
6.701273563836097e-11,2.8069445639350432e-12,12.928959131240845
6.667653235092885e-11,2.7919979696255925e-12,12.93366289138794
6.63420290925032e-11,2.777114259042146e-12,12.937591314315796
6.600919810750838e-11,2.7623185856751054e-12,12.94118857383728
6.567803939594441e-11,2.747602492747525e-12,12.944873094558716
6.534853908002347e-11,2.732952319312032e-12,12.950140237808228
6.502070409863947e-11,2.718390399933379e-12,12.954135656356812
6.469450669621679e-11,2.703901122100283e-12,12.959221839904785
6.436994687275543e-11,2.6894998814835924e-12,12.963029384613037
6.404701075046759e-11,2.6751656445611616e-12,12.967424154281616
6.372570526824717e-11,2.6609051333864597e-12,12.971177339553833
6.340600267051855e-11,2.6467224679277424e-12,12.974891662597656
6.308790989617563e-11,2.6326133113763195e-12,12.9785897731781
6.277141306743061e-11,2.618581133179143e-12,12.983072519302368
6.245650524538959e-11,2.6046270175383857e-12,12.98652720451355
6.214317255226476e-11,2.5907392550705843e-12,12.990010738372803
6.183142192695001e-11,2.5769284709570295e-12,12.993557929992676
6.152123255276365e-11,2.5631979178042386e-12,12.997403144836426
6.121259749081176e-11,2.5495298146965828e-12,13.001477479934692
6.090551674109435e-11,2.5359313173684006e-12,13.005015134811401
6.05999694869297e-11,2.5224202067353207e-12,13.00863242149353
6.029596266721171e-11,2.5089682935408586e-12,13.01235318183899
5.999347546525868e-11,2.495591623977167e-12,13.016836404800415
5.969251481996452e-11,2.4822906317251148e-12,13.020589828491211
5.939305297575359e-11,2.4690436327412524e-12,13.024464130401611
5.909510381041372e-11,2.4558892246229203e-12,13.028393983840942
5.879864650726319e-11,2.442786641368433e-12,13.03298544883728
5.850367412740809e-11,2.4297699269260065e-12,13.036539554595947
5.821018667084843e-11,2.4168128436030667e-12,13.040364980697632
5.791817372924335e-11,2.403921679772214e-12,13.044028282165527
5.762761448591114e-11,2.3911098795403873e-12,13.047768115997314
5.733852975753351e-11,2.378359228311089e-12,13.051479816436768
5.705088484964094e-11,2.3656829533508228e-12,13.055172681808472
5.676468670112733e-11,2.353068694754823e-12,13.058832168579102
5.6479924903651835e-11,2.340538570247408e-12,13.062637090682983
5.619659251832054e-11,2.3280444412521195e-12,13.06719708442688
5.59146791367926e-11,2.315640517877582e-12,13.070674419403076
5.5634184759068006e-11,2.3032921056542754e-12,13.07418155670166
5.5355095507358953e-11,2.29102088862565e-12,13.077739000320435
5.507740791221849e-11,2.278815374248677e-12,13.082586765289307
5.480111503475271e-11,2.266674695161619e-12,13.0863196849823
5.4526206466620764e-11,2.254598634524041e-12,13.089911699295044
5.425267873837569e-11,2.24257981976117e-12,13.093455076217651
5.398051797222969e-11,2.230634513905594e-12,13.097087860107422
5.3709731107076664e-11,2.2187471044460283e-12,13.100974798202515
5.34402973262349e-11,2.2069323365320193e-12,13.104423522949219
5.3172216629704394e-11,2.195184138631401e-12,13.107940196990967
5.290548207859125e-11,2.1834855971902822e-12,13.111604452133179
5.264009020344851e-11,2.171862299379934e-12,13.115931272506714
5.2376023657041415e-11,2.160304921061673e-12,13.1196448802948
5.211328590881692e-11,2.1487939465963946e-12,13.123359203338623
5.1851863080987215e-11,2.137360601006666e-12,13.127198219299316
5.159175864299925e-11,2.1259784297594786e-12,13.131098747253418
5.133295524761827e-11,2.1146693337387168e-12,13.135021686553955
5.1075449425397323e-11,2.1034159657096207e-12,13.138748407363892
5.081923770688945e-11,2.0922226624808804e-12,13.142520427703857
5.0564309683753805e-11,2.0810922429781442e-12,13.146544456481934
5.031066188654343e-11,2.070025140882281e-12,13.15143370628357
5.005828737636442e-11,2.0590170193846014e-12,13.155900955200195
4.980717921432287e-11,2.048061806952939e-12,13.160006046295166
4.9557330461524884e-11,2.037176633981619e-12,13.163991451263428
4.930873417907655e-11,2.0263541278958686e-12,13.168118953704834
4.906138689753092e-11,2.0155717372905002e-12,13.171972751617432
4.8815281677994093e-11,2.004859602985909e-12,13.175779819488525
4.857041158157216e-11,1.994200811428204e-12,13.179767847061157
4.8326766199924265e-11,1.9836090235647585e-12,13.18432068824768
4.808434900249736e-11,1.973062555352123e-12,13.188086032867432
4.784314264205669e-11,1.962584391876354e-12,13.191917896270752
4.760314711860225e-11,1.9521574027431265e-12,13.19574522972107
4.7364362432134044e-11,1.9417926468145996e-12,13.20014476776123
4.7126767765970357e-11,1.931471258972972e-12,13.203894853591919
4.6890373528452045e-11,1.9212129716977833e-12,13.207689762115479
4.66551589028974e-11,1.9110106292546947e-12,13.211526870727539
4.642112735875337e-11,1.9008633642819683e-12,13.21635890007019
4.6188265018232144e-11,1.8907720441413423e-12,13.220130205154419
4.595657535078068e-11,1.8807349341093405e-12,13.22391390800476
4.5726051417505076e-11,1.870743360568583e-12,13.227753639221191
4.549668281006447e-11,1.8608109844664433e-12,13.232484579086304
4.526845912011801e-11,1.850939323685963e-12,13.23626446723938
4.50413872865596e-11,1.8411127657158577e-12,13.240037679672241
4.4815453431601426e-11,1.831333912641342e-12,13.243874311447144
4.4590654085796544e-11,1.82162032853761e-12,13.247764587402344
4.4366978840804094e-11,1.8119493535792563e-12,13.251664161682129
4.414443116607103e-11,1.8023414791873416e-12,13.255423069000244
4.392299718380954e-11,1.7927706845097258e-12,13.259257316589355
4.370267342457268e-11,1.7832542083609515e-12,13.263084888458252
4.348345641891349e-11,1.773793026522974e-12,13.267528533935547
4.326533922793807e-11,1.7643770559155891e-12,13.271286487579346
4.304831838219947e-11,1.7550136691135698e-12,13.275115489959717
4.283238347335683e-11,1.7457001556114848e-12,13.278991460800171
4.261753450141015e-11,1.7364389006541137e-12,13.283461093902588
4.2403761058018574e-11,1.7272241579699421e-12,13.287219285964966
4.2191063143182106e-11,1.7180554938781012e-12,13.291017293930054
4.197943034855989e-11,1.708940389373581e-12,13.294871091842651
4.1768859204704967e-11,1.6998657256100946e-12,13.299648523330688
4.155934624217039e-11,1.6908452719552325e-12,13.303405046463013
4.135088799150921e-11,1.6818738242385667e-12,13.307183742523193
4.1143470574933616e-11,1.672944335145976e-12,13.311037063598633
4.093709399244361e-11,1.6640651530341888e-12,13.315361738204956
4.0731758244039185e-11,1.6552405062916775e-12,13.319120407104492
4.052744598248559e-11,1.6464525055825963e-12,13.322889566421509
4.032416067722977e-11,1.6377174139395323e-12,13.326709508895874
4.012189885882478e-11,1.6290222209364158e-12,13.330544471740723
3.992065011892976e-11,1.6203771180736681e-12,13.334641456604004
3.9720410988097754e-11,1.6117776601223821e-12,13.338404893875122
3.952117799688182e-11,1.603215715566264e-12,13.342225074768066
3.932294073694109e-11,1.5947081979592048e-12,13.346076250076294
3.912570267772253e-11,1.5862441568592622e-12,13.350924015045166
3.892944994143832e-11,1.5778292301177332e-12,13.354701042175293
3.873418946698237e-11,1.569450840989417e-12,13.358490228652954
3.853989696822602e-11,1.5611224335812524e-12,13.36233377456665
3.834658979240402e-11,1.552834250073687e-12,13.366768598556519
3.8154250592281613e-11,1.5445892178125864e-12,13.370538234710693
3.79628724289649e-11,1.536390480984251e-12,13.374338865280151
3.777245877190083e-11,1.5282303417532561e-12,13.378191947937012
3.7582995743301595e-11,1.520121160024368e-12,13.382989406585693
3.73944902820611e-11,1.5120498169512997e-12,13.386751651763916
3.720692504094458e-11,1.5040227093268688e-12,13.390532970428467
3.7020303489399e-11,1.4960484023482379e-12,13.39436650276184
3.683461521908349e-11,1.4881012004239191e-12,13.39866304397583
3.6649860229998055e-11,1.4802025707569277e-12,13.402432203292847
3.6466035052695744e-11,1.4723444902511873e-12,13.406238555908203
3.6283132748282654e-11,1.464532705178212e-12,13.410081624984741
3.610114290841793e-11,1.4567539882714975e-12,13.413925409317017
3.5920069002548516e-11,1.4490222173188516e-12,13.41802167892456
3.5739904091780517e-11,1.4413253576761598e-12,13.421782732009888
3.5560641237220025e-11,1.4336802144770955e-12,13.425626516342163
3.5382283908313994e-11,1.4260623931727778e-12,13.429469347000122
3.520481475782766e-11,1.4185031187857744e-12,13.433950185775757
3.5028237255207983e-11,1.4109697568306934e-12,13.43770170211792
3.4852547931008004e-11,1.4034822566275085e-12,13.441504716873169
3.467773637688687e-11,1.3960328119205778e-12,13.44534683227539
3.450380259284458e-11,1.3886254342579396e-12,13.450169563293457
3.433074657888113e-11,1.3812465711124378e-12,13.454334020614624
3.415855445720872e-11,1.3739214843946912e-12,13.458739519119263
3.398722622782735e-11,1.3666332605508091e-12,13.46261978149414
3.381675842129006e-11,1.3593727922825427e-12,13.467544078826904
3.3647147568149904e-11,1.3521590531279104e-12,13.471186399459839
3.3478386729512977e-11,1.3449846705121393e-12,13.47477674484253
3.3310472435932326e-11,1.337845524466974e-12,13.478366374969482
3.3143401217961e-11,1.3307454097000182e-12,13.483144044876099
3.2977169606152046e-11,1.3236810736047544e-12,13.487113952636719
3.281176719216461e-11,1.3166572866707416e-12,13.490638971328735
3.264719744544564e-11,1.3096700373499415e-12,13.494219541549683
3.248345342710124e-11,1.3027227950893061e-12,13.498667240142822
3.232053166768445e-11,1.2958060189097176e-12,13.502504587173462
3.215842522830137e-11,1.2889307676733353e-12,13.506284236907959
3.199713757839895e-11,1.2820896688053862e-12,13.510142087936401
3.183665137074243e-11,1.2752843486091292e-12,13.514024019241333
3.167697701367267e-11,1.2685180596910817e-12,13.517997980117798
3.151810062940186e-11,1.2617883083862469e-12,13.52174973487854
3.1360022217929995e-11,1.2550867463378967e-12,13.525585889816284
3.120273484036318e-11,1.2484314797223117e-12,13.529444932937622
3.1046238496701406e-11,1.2418050528845148e-12,13.533916234970093
3.089052971749773e-11,1.2352145131386272e-12,13.537667274475098
3.073559809441129e-11,1.2286569331387831e-12,13.541461706161499
3.0581443627442084e-11,1.2221361075925863e-12,13.545325517654419
3.042806631659012e-11,1.2156493259946055e-12,13.550029039382935
3.0275455753514535e-11,1.2091951788820166e-12,13.553823232650757
3.0123611938215333e-11,1.2027763767602506e-12,13.5576331615448
2.997252793179861e-11,1.196393461730394e-12,13.561458587646484
2.982220373426436e-11,1.1900471927339673e-12,13.566274642944336
2.967263587616564e-11,1.183729438254677e-12,13.570041418075562
2.952381394916159e-11,1.1774472456066443e-12,13.573810577392578
2.9375741422699164e-11,1.1711951937790066e-12,13.577659606933594
2.9228411357884454e-11,1.1649796795645817e-12,13.582283735275269
2.9081822019993986e-11,1.1587950651120726e-12,13.586082220077515
2.893596473541038e-11,1.152641567261914e-12,13.589827060699463
2.8790842973580588e-11,1.1465268838495302e-12,13.593666553497314
2.864644459144028e-11,1.1404391970712413e-12,13.597732782363892
2.8502773058436404e-11,1.1343841447783443e-12,13.601922273635864
2.835982490512201e-11,1.12836129328997e-12,13.605671405792236
2.821759145787972e-11,1.122368148941122e-12,13.609512090682983
2.8076072716709533e-11,1.1164102411628796e-12,13.61335277557373
2.7935261742717543e-11,1.110485835231767e-12,13.618075847625732
2.7795158535903752e-11,1.1045907027593116e-12,13.62181806564331
2.7655761361544684e-11,1.0987222416602993e-12,13.625649690628052
2.751706154602296e-11,1.0928942213023207e-12,13.62948989868164
2.737905215044467e-11,1.0870917881156128e-12,13.634316444396973
2.7241741848427203e-11,1.0813211220525587e-12,13.638083934783936
2.7105118496906222e-11,1.0755782115651202e-12,13.6418936252594
2.696918036115825e-11,1.0698727060526325e-12,13.64573860168457
2.6833922237012864e-11,1.0641946308551087e-12,13.650486707687378
2.6699345859193535e-11,1.0585447449140695e-12,13.654261112213135
2.6565446023529837e-11,1.0529214219262562e-12,13.658079147338867
2.6432212321680915e-11,1.0473314923653554e-12,13.661909103393555
2.6299649957817195e-11,1.0417741972898464e-12,13.666728973388672
2.616775372776825e-11,1.0362441156888669e-12,13.670491456985474
2.6036518427363653e-11,1.030742657025241e-12,13.67428970336914
2.590594058715645e-11,1.0252749170491793e-12,13.678151845932007
2.5776020207146644e-11,1.0198331979252573e-12,13.682931423187256
2.5646748613716852e-11,1.014416632291737e-12,13.686690330505371
2.5518127541590552e-11,1.009040832659902e-12,13.690465450286865
2.539015005187384e-11,1.00368541602891e-12,13.694306373596191
2.526281787929019e-11,9.98356237090492e-13,13.698961973190308
2.5136122350222223e-11,9.93061535781159e-13,13.70273208618164
2.501005999522299e-11,9.877944816272244e-13,13.706510066986084
2.4884634283739437e-11,9.825544241073847e-13,13.710320711135864
2.475983654215419e-11,9.773416884822916e-13,13.714146137237549
2.4635661566296818e-11,9.721560579115107e-13,13.71819281578064
2.451211456033775e-11,9.670011102622111e-13,13.721957683563232
2.4389181646489178e-11,9.618798813004759e-13,13.725752830505371
2.426686802892153e-11,9.56776324834152e-13,13.729604721069336
2.4145170238187852e-11,9.517019334062682e-13,13.734652757644653
2.402408307011772e-11,9.466582248998656e-13,13.738420248031616
2.390359785109375e-11,9.416382604210405e-13,13.742258071899414
2.378372152000985e-11,9.366517977893452e-13,13.746126413345337
2.3664445403248635e-11,9.316870192010995e-13,13.75148892402649
2.3545767766086634e-11,9.26751080390642e-13,13.755273818969727
2.3427685139076893e-11,9.218417045334104e-13,13.7591073513031
2.331019752221941e-11,9.169613852944014e-13,13.762951374053955
2.319329624189681e-11,9.121039427212319e-13,13.767667055130005
2.307698129810909e-11,9.072692141835759e-13,13.77144479751587
2.2961250956132773e-11,9.024691801154394e-13,13.775248050689697
2.2846100011797432e-11,8.976917516625993e-13,13.779094934463501
2.2731528465103068e-11,8.929390972294005e-13,13.783805131912231
2.2617529377155776e-11,8.882133310100793e-13,13.787569522857666
2.250410621740251e-11,8.835111461880096e-13,13.791391134262085
2.239124857750241e-11,8.788373674628591e-13,13.795222282409668
2.227895645745548e-11,8.74187766446155e-13,13.800047636032104
2.216722812253824e-11,8.695626141884405e-13,13.803806066513062
2.205606183802722e-11,8.649609891178689e-13,13.807609558105469
2.1945452399751986e-11,8.603858727904146e-13,13.811446905136108
2.183539633826559e-11,8.558376988869465e-13,13.816383361816406
2.1725895388291505e-11,8.513112632370368e-13,13.82013726234436
2.1616940876212354e-11,8.468115531706788e-13,13.82390570640564
2.1508536271475087e-11,8.423323887354894e-13,13.827733755111694
2.140067116573885e-11,8.378845577430849e-13,13.832334280014038
2.1293350763174068e-11,8.334530982034849e-13,13.836122512817383
2.1186564655439888e-11,8.290480931968935e-13,13.839888095855713
2.108031631198326e-11,8.246682416807039e-13,13.84373140335083
2.0974602263357234e-11,8.203128931336123e-13,13.847787618637085
2.086941730539138e-11,8.159755965526927e-13,13.85199761390686
2.0764759703362223e-11,8.116664350181491e-13,13.855743646621704
2.066062598782281e-11,8.07378252795643e-13,13.859574556350708
2.0557019628220097e-11,8.031136519703885e-13,13.863403081893921
2.045392674676627e-11,7.988727409626029e-13,13.868184566497803
2.0351356017078714e-11,7.946553029318515e-13,13.871932744979858
2.024929703081657e-11,7.904584647423774e-13,13.875726699829102
2.014774978797984e-11,7.862841237479823e-13,13.879563808441162
2.0046712553845047e-11,7.821351530844234e-13,13.884007453918457
1.9946183593688716e-11,7.780050475386657e-13,13.887771129608154
1.9846157703340417e-11,7.738949997330991e-13,13.891573190689087
1.97466314133532e-11,7.698112438302152e-13,13.895408868789673
1.9647608193174015e-11,7.657462988350239e-13,13.900174856185913
1.9549079369185485e-11,7.617059110190394e-13,13.903921842575073
1.9451044941387607e-11,7.57684550951182e-13,13.907699584960938
1.935350144033343e-11,7.536848749267744e-13,13.911540031433105
1.9256450600746433e-11,7.497088887198355e-13,13.916358947753906
1.9159882014285756e-11,7.457518760509152e-13,13.920120239257812
1.9063802619845305e-11,7.418178484680515e-13,13.923907279968262
1.8968202009084223e-11,7.379012765401649e-13,13.927741527557373
1.8873081916725987e-11,7.340084486398557e-13,13.932022094726562
1.8778438873323644e-11,7.301341063865874e-13,13.93578815460205
1.8684269409430243e-11,7.26276081376015e-13,13.939568519592285
1.859057525976926e-11,7.224458661511668e-13,13.943408012390137
1.8497347750723314e-11,7.18633919732925e-13,13.947265863418579
1.8404588617015882e-11,7.148406758021586e-13,13.951142311096191
1.8312296123923488e-11,7.110667306700624e-13,13.954904317855835
1.822046680199918e-11,7.073170716666299e-13,13.958714962005615
1.8129097181796006e-11,7.035836214856761e-13,13.962574243545532
1.803818552859049e-11,6.998693616831753e-13,13.967268705368042
1.7947730107659154e-11,6.961768943443414e-13,13.971041202545166
1.7857729184278526e-11,6.925006358279862e-13,13.974837064743042
1.776817928900165e-11,6.888457360944289e-13,13.978684186935425
1.7679078687105054e-11,6.852101351595419e-13,13.983468770980835
1.759042564386526e-11,6.815925319807181e-13,13.987296104431152
1.750221495511184e-11,6.779943360207819e-13,13.99110722541809
1.7414450090291744e-11,6.744158183302762e-13,13.994949340820312
1.7327124110511072e-11,6.708558947070287e-13,13.999860525131226
1.7240235281046346e-11,6.673155409329945e-13,14.00362253189087
1.715378186717409e-11,6.637916670319821e-13,14.007396221160889
1.7067763868894303e-11,6.602887724430073e-13,14.011234521865845
1.698217608203656e-11,6.568015445754249e-13,14.015936851501465
1.6897018506600858e-11,6.533331276155352e-13,14.019697666168213
1.6812289407863723e-11,6.498850936564882e-13,14.02347445487976
1.6727980112207774e-11,6.464528348390508e-13,14.027304649353027
1.6644099293250392e-11,6.430389532484371e-13,14.031991243362427
1.656063654265072e-11,6.396446957171453e-13,14.035773992538452
1.6477593595132234e-11,6.362662675375719e-13,14.03952956199646
1.639496871597146e-11,6.329080597285153e-13,14.043360471725464
1.631275496627449e-11,6.295645970690045e-13,14.047219038009644
1.6230954080764803e-11,6.262391321655569e-13,14.051113605499268
1.61495660594424e-11,6.229314481777382e-13,14.054875135421753
1.6068582228689898e-11,6.19641707735874e-13,14.058682680130005
1.5988007792677728e-11,6.163693687388783e-13,14.062519550323486
1.590783754723546e-11,6.131155153889234e-13,14.067265510559082
1.5828068022916142e-11,6.098757566672108e-13,14.071015119552612
1.5748699219719775e-11,6.066547004329736e-13,14.074800491333008
1.5669729402922883e-11,6.03451750375017e-13,14.078635215759277
1.5591155103078513e-11,6.002643586182355e-13,14.08314061164856
1.551297458546319e-11,5.970917120109998e-13,14.086903095245361
1.543518611535344e-11,5.939399362955844e-13,14.0906662940979
1.535778795802578e-11,5.908024720488458e-13,14.094497203826904
1.5280778378756743e-11,5.876824634570843e-13,14.099208354949951
1.520415390809937e-11,5.845751942408495e-13,14.103341579437256
1.5127916280777143e-11,5.814898259084988e-13,14.107137680053711
1.5052058557896153e-11,5.784180643134129e-13,14.110979557037354
1.4976582474179878e-11,5.753603431364607e-13,14.115642070770264
1.4901484560181366e-11,5.723221375986132e-13,14.119409322738647
1.4826764815900617e-11,5.692988398406373e-13,14.123168468475342
1.4752418037167203e-11,5.66292780897204e-13,14.12700366973877
1.4678442489257648e-11,5.633014128932079e-13,14.131084680557251
1.460484337634238e-11,5.603264163420163e-13,14.135008811950684
1.4531608555357067e-11,5.57365080738198e-13,14.138769149780273
1.44587423631104e-11,5.544216344702257e-13,14.142604351043701
1.4386242197517163e-11,5.514927707214734e-13,14.14643669128418
1.4314105456492143e-11,5.485813084175895e-13,14.15134334564209
1.4242330405311865e-11,5.456815012870597e-13,14.155102729797363
1.4170915309252852e-11,5.428003966440054e-13,14.158933639526367
1.4099860168315104e-11,5.399337660999537e-13,14.162762641906738
1.4029158043604717e-11,5.370809591336012e-13,14.16727876663208
1.3958813271930381e-11,5.34245716242443e-13,14.171047925949097
1.388882064912167e-11,5.314239716683322e-13,14.174840450286865
1.3819178440455104e-11,5.286196285390898e-13,14.178677320480347
1.3749885778568949e-11,5.258273742640707e-13,14.183404684066772
1.3680940928739727e-11,5.230504072396835e-13,14.18718433380127
1.3612342156243962e-11,5.202874806334301e-13,14.190959692001343
1.354408685899644e-11,5.175414133709588e-13,14.194804191589355
1.3476173302273686e-11,5.148073807526021e-13,14.199734926223755
1.3408602353437438e-11,5.120893943263982e-13,14.203505039215088
1.3341368808317267e-11,5.093857193688711e-13,14.207294702529907
1.3274472666913173e-11,5.06694892207088e-13,14.211129426956177
1.3207912194501681e-11,5.040194607161541e-13,14.215703248977661
1.3141685656359314e-11,5.013601838375903e-13,14.219502687454224
1.3075791317762597e-11,4.987108816190133e-13,14.223272800445557
1.3010227443988054e-11,4.960797397868255e-13,14.227113962173462
1.2944992300312208e-11,4.934624757424455e-13,14.23110032081604
1.2880084152011584e-11,4.908559995096817e-13,14.235682725906372
1.2815502131724443e-11,4.882657863095052e-13,14.239443063735962
1.2751243637365572e-11,4.856864693411622e-13,14.243276834487915
1.2687307801573233e-11,4.831245538176876e-13,14.247124195098877
1.2623691154900474e-11,4.805746187282189e-13,14.251502752304077
1.256039543207077e-11,4.78035688290801e-13,14.255260944366455
1.2497416296275432e-11,4.755151892903153e-13,14.25907278060913
1.2434752880152722e-11,4.730056407317718e-13,14.26290225982666
1.2372403448979163e-11,4.705091568094066e-13,14.267728328704834
1.2310368002754757e-11,4.680262254141976e-13,14.271487474441528
1.224864307203255e-11,4.655554370833204e-13,14.275299310684204
1.2187227789450805e-11,4.63098092859382e-13,14.279143810272217
1.2126120420286046e-11,4.606544095828169e-13,14.284313201904297
1.2065320097176535e-11,4.582256340861235e-13,14.288096904754639
1.200482335067532e-11,4.558057490472445e-13,14.291932821273804
1.1944631048144139e-11,4.534014223095406e-13,14.295762777328491
1.188473972013604e-11,4.510101059979066e-13,14.300535440444946
1.1825149366651022e-11,4.4862998407370347e-13,14.304295063018799
1.1765859120327349e-11,4.4626233047448394e-13,14.308122634887695
1.1706863776994592e-11,4.4390755177606267e-13,14.311965942382812
1.1648165938737964e-11,4.415675182271872e-13,14.316806316375732
1.1589763003472253e-11,4.3923553487944245e-13,14.320589780807495
1.1531652369112244e-11,4.3692176612819544e-13,14.324369192123413
1.1473832300934461e-11,4.346161288932421e-13,14.32819938659668
1.1416302798938904e-11,4.323234207691956e-13,14.333597421646118
1.1359062128402098e-11,4.3004212387301455e-13,14.337354898452759
1.1302107687238827e-11,4.2777337661698e-13,14.34114384651184
1.1245439475449093e-11,4.25517612681961e-13,14.344976902008057
1.1189055758309419e-11,4.232729347141556e-13,14.350033521652222
1.113295393373459e-11,4.210415653280175e-13,14.35378122329712
1.1077134869086347e-11,4.18820495862518e-13,14.357561588287354
1.1021595094917735e-11,4.1661129841080724e-13,14.36139440536499
1.0966333743867018e-11,4.1441484033462317e-13,14.366358280181885
1.0911349948572457e-11,4.122286550740234e-13,14.370123863220215
1.0856641106948839e-11,4.1005436893226666e-13,14.373889684677124
1.0802207218996163e-11,4.078923071700047e-13,14.377717018127441
1.0748045682629215e-11,4.057420090013142e-13,14.382275104522705
1.0694156497847995e-11,4.036015770723933e-13,14.386061906814575
1.064053706256729e-11,4.0147350504823875e-13,14.389818906784058
1.0587186509425361e-11,3.9935895844618596e-13,14.393660306930542
1.0534104838422209e-11,3.972511610026569e-13,14.39774751663208
1.0481287712749143e-11,3.9515789186823913e-13,14.401997327804565
1.042873686712964e-11,3.930741095028306e-13,14.405736446380615
1.0376447964755009e-11,3.9100027469235465e-13,14.409560203552246
1.0324422740348727e-11,3.8893991109387183e-13,14.413400650024414
1.027265772446384e-11,3.8688854637342063e-13,14.418088436126709
1.0221152917100351e-11,3.8485016497398494e-13,14.42183542251587
1.0169905716173044e-11,3.8281956272513684e-13,14.425645589828491
1.011891612168192e-11,3.8080367852078023e-13,14.429485082626343
1.0068181531541764e-11,3.7879719977026993e-13,14.434334516525269
1.0017701945752577e-11,3.768002619988775e-13,14.43817138671875
9.967475629590883e-12,3.7481278389144e-13,14.442002773284912
9.917500848333205e-12,3.7283831621007235e-13,14.445842266082764
9.867776734617806e-12,3.7087249504103026e-13,14.450992584228516
9.818302421082947e-12,3.689181935200708e-13,14.454749822616577
9.769075305643415e-12,3.669746527056733e-13,14.458544731140137
9.72009538829921e-12,3.6503951445811256e-13,14.462391376495361
9.671361801688594e-12,3.631171426911328e-13,14.46729564666748
9.622871943726352e-12,3.6120181823827424e-13,14.471060991287231
9.574624947050747e-12,3.5930056130860366e-13,14.474801063537598
9.526619944300041e-12,3.5740770694576984e-13,14.47857117652893
9.478856935474234e-12,3.555239869862392e-13,14.48341703414917
9.431332451126373e-12,3.5364980800582646e-13,14.48716688156128
9.384046491256459e-12,3.5178576631572644e-13,14.490911722183228
9.336998188502754e-12,3.499339761101755e-13,14.494735956192017
9.290184940780044e-12,3.4809031742091823e-13,14.49959945678711
9.243607615450067e-12,3.4625633523605037e-13,14.503383874893188
9.19726274306587e-12,3.4443333059817893e-13,14.507171392440796
9.151150323627455e-12,3.4261867431703563e-13,14.510996341705322
9.105269489773082e-12,3.4081301691392396e-13,14.515593767166138
9.059618506779277e-12,3.390185810032975e-13,14.519365072250366
9.0141965072843e-12,3.372335776515717e-13,14.52316164970398
8.969003491288152e-12,3.3545518793309803e-13,14.527005434036255
8.924035989343881e-12,3.3368994416596576e-13,14.531086444854736
8.87929313408975e-12,3.319336179617022e-13,14.53528356552124
8.834776660249233e-12,3.301845017018856e-13,14.539050579071045
8.790481363651903e-12,3.284463900941198e-13,14.542889595031738
8.746409846382974e-12,3.267157323762898e-13,14.546722888946533
8.702558638995495e-12,3.2499624194083643e-13,14.551424264907837
8.658927741489464e-12,3.232851269671655e-13,14.556143999099731
8.615515419141406e-12,3.2158292955636325e-13,14.559991121292114
8.572320804589584e-12,3.198899207589728e-13,14.563825130462646
8.52934216311052e-12,3.1820526031831053e-13,14.568121671676636
8.486579494704216e-12,3.1652981559611437e-13,14.571884632110596
8.444031064647195e-12,3.1486296317613516e-13,14.575709342956543
8.401696872939457e-12,3.1320554331505657e-13,14.579540252685547
8.359575184857526e-12,3.115569054915751e-13,14.584311723709106
8.317663398316189e-12,3.099155589277036e-13,14.588074445724487
8.27596324803892e-12,3.082857862220234e-13,14.59187364578247
8.23447039721703e-12,3.0666192241818324e-13,14.595711469650269
8.193187447935735e-12,3.050474369631351e-13,14.600455284118652
8.152110063386342e-12,3.0344089328900037e-13,14.604223489761353
8.111239978292328e-12,3.018453813719707e-13,14.608064413070679
8.070573723206742e-12,3.002555886214009e-13,14.611914157867432
8.030112165491321e-12,2.9867512000951446e-13,14.61670994758606
7.989852703060851e-12,2.9710321659479066e-13,14.620483636856079
7.949796203277071e-12,2.9554023074293556e-13,14.624306440353394
7.909940064054766e-12,2.939840482597128e-13,14.628150701522827
7.870284285393936e-12,2.924357533472949e-13,14.632941007614136
7.83082539784763e-12,2.9089702651904914e-13,14.636691570281982
7.79156600350106e-12,2.893661601565539e-13,14.640452861785889
7.752504367630753e-12,2.878431542598092e-13,14.644290208816528
7.713637020789754e-12,2.863290659259332e-13,14.64894962310791
7.674964830339803e-12,2.8482245858704736e-13,14.652703285217285
7.6364877962809e-12,2.833223022510878e-13,14.656529426574707
7.598201581804354e-12,2.8183206636500646e-13,14.66036605834961
7.560108788995379e-12,2.803484441121773e-13,14.664416551589966
7.522206815768762e-12,2.788734683716737e-13,14.668807983398438
7.484494794762764e-12,2.774061091514318e-13,14.672568321228027
7.446971858615647e-12,2.7594544487960504e-13,14.67639684677124
7.409637139965675e-12,2.744935626453754e-13,14.680246114730835
7.372489771451107e-12,2.730501371880911e-13,14.684714078903198
7.335528885710207e-12,2.716121869517779e-13,14.688499212265015
7.298752748019499e-12,2.701843197956688e-13,14.692310333251953
7.262161358378982e-12,2.6876236154139976e-13,14.69615125656128
7.225753849426919e-12,2.6734829085793554e-13,14.700952053070068
7.1895280527589644e-12,2.6594056275718037e-13,14.704698324203491
7.153484402055987e-12,2.64541589588968e-13,14.708510160446167
7.117621596275381e-12,2.6315020583596305e-13,14.712351322174072
7.081938768055407e-12,2.6176516466566713e-13,14.717153549194336
7.0464346163534586e-12,2.60387225019601e-13,14.720909833908081
7.011108273807798e-12,2.5901825714651217e-13,14.724695682525635
6.975959306737556e-12,2.576549813348289e-13,14.728541612625122
6.940986847780994e-12,2.5630027072030825e-13,14.733489036560059
6.906189162214638e-12,2.5495187558344234e-13,14.738796949386597
6.8715666837193545e-12,2.5360971460906823e-13,14.74338698387146
6.837116810209931e-12,2.522762001470197e-13,14.750211238861084
6.802840842728974e-12,2.509484590615396e-13,14.754425048828125
6.76873617919127e-12,2.4962830739126696e-13,14.758566617965698
6.73480238591595e-12,2.4831547408565857e-13,14.763268947601318
6.7010394629030134e-12,2.470089562577049e-13,14.768251180648804
6.6674452417481156e-12,2.457085099619172e-13,14.773036241531372
6.6340197224512565e-12,2.444166559683464e-13,14.777257680892944
6.600761603969829e-12,2.4313184928889675e-13,14.782323360443115
6.5676704526229646e-12,2.418530599315044e-13,14.786261558532715
6.534745401048925e-12,2.405806402618754e-13,14.78986144065857
6.501984714524234e-12,2.3931537632658484e-13,14.793468952178955
6.4693888267297606e-12,2.380559670830257e-13,14.797450304031372
6.436956002942029e-12,2.368043640951084e-13,14.80116891860962
6.40468624316104e-12,2.3555837185343376e-13,14.804607391357422
6.372578680025054e-12,2.343199148168579e-13,14.80810546875
6.340631145129727e-12,2.330877190478281e-13,14.811619281768799
6.308844505836797e-12,2.3186202849183324e-13,14.81645655632019
6.277216593741919e-12,2.306424094680043e-13,14.820183753967285
6.2457482762068306e-12,2.294291330268844e-13,14.823944807052612
6.214436951146318e-12,2.2822309363526583e-13,14.827712059020996
6.183283052241251e-12,2.270222584140752e-13,14.833996772766113
6.152285278449021e-12,2.2582963602434114e-13,14.83908987045288
6.1214423287270225e-12,2.2464213648987208e-13,14.843756675720215
6.090755070436993e-12,2.2346020704406416e-13,14.848738193511963
6.060220901493718e-12,2.2228457952338382e-13,14.854025602340698
6.029840255578067e-12,2.2111663628560096e-13,14.85951018333435
5.999611831647433e-12,2.1995404629604476e-13,14.866225481033325
5.9695351960209475e-12,2.1879747362854585e-13,14.874931335449219
5.939608613975134e-12,2.1764682341541414e-13,14.884034872055054
5.909832519190861e-12,2.1650196013137807e-13,14.891947269439697
5.880206044306391e-12,2.1536421192409894e-13,14.901108980178833
5.850728321959986e-12,2.1423267077425728e-13,14.905989170074463
5.82139761742817e-12,2.1310638800495219e-13,14.911036014556885
5.792214798072681e-12,2.1198585150716126e-13,14.916795015335083
5.7631776954891745e-12,2.1087129167384616e-13,14.921085357666016
5.73428630967765e-12,2.0976323705356598e-13,14.924717426300049
5.705540206957238e-12,2.0866148435841336e-13,14.928348541259766
5.6769372189235945e-12,2.075633230829571e-13,14.93319821357727
5.648478646619326e-12,2.0647334753390312e-13,14.936728477478027
5.6201627553209565e-12,2.0538829155220678e-13,14.940329790115356
5.591988243985879e-12,2.0430774856205342e-13,14.944265127182007
5.563955546294963e-12,2.0323503893259626e-13,14.949641942977905
5.536063361205601e-12,2.0216583940767252e-13,14.954298973083496
5.508310387675186e-12,2.0110311799072939e-13,14.958596229553223
5.480697493065456e-12,2.000470102070384e-13,14.962459564208984
5.4532225089720665e-12,1.9899591685839518e-13,14.966964960098267
5.425885435395017e-12,1.9795040715094026e-13,14.970628261566162
5.39868540497257e-12,1.969097492482072e-13,14.974303007125854
5.3716215503429865e-12,1.9587562366356337e-13,14.977827310562134
5.3446934378253985e-12,1.9484557738959352e-13,14.981929779052734
5.317901067419806e-12,1.9382294434797803e-13,14.985549926757812
5.291242704402732e-12,1.9280391627858606e-13,14.989595174789429
5.26471748141244e-12,1.9179142052728332e-13,14.993195533752441
5.238325832129798e-12,1.907833293473063e-13,14.998672008514404
5.21206602183133e-12,1.8978103864895207e-13,15.002726793289185
5.185938050517036e-12,1.8878445356453055e-13,15.006737470626831
5.159941484506048e-12,1.8779242212923347e-13,15.010958194732666
5.1340745890748885e-12,1.8680620472808634e-13,15.016379356384277
5.1083373642235586e-12,1.8582479847407962e-13,15.019943237304688
5.082729809952058e-12,1.8484896230873404e-13,15.023472547531128
5.0572506252177796e-12,1.8387725966417107e-13,15.027001142501831
5.0318989426589855e-12,1.8291154723661107e-13,15.030580997467041
5.006674328594807e-12,1.8195083569157167e-13,15.034890413284302
4.981576349344374e-12,1.809954502897046e-13,15.038722515106201
4.95660413754595e-12,1.8004465919454343e-13,15.04261827468872
4.931757259518665e-12,1.790987605616856e-13,15.046612977981567
4.907034414219913e-12,1.781585946478148e-13,15.05138611793518
4.882436035330562e-12,1.7722245383450935e-13,15.055253505706787
4.857960821808005e-12,1.762924794210599e-13,15.059190511703491
4.833608773652243e-12,1.7536728904969656e-13,15.063281297683716
4.8093781561397986e-12,1.744458391758283e-13,15.067951917648315
4.785269402951542e-12,1.7352962057744226e-13,15.071906328201294
4.761282080406604e-12,1.7261805049587076e-13,15.075937747955322
4.737414453781508e-12,1.7171287720711692e-13,15.079969644546509
4.713666089395385e-12,1.7081034666115852e-13,15.08455777168274
4.690037420929105e-12,1.6991444330097943e-13,15.0884268283844
4.6665267136591915e-12,1.6902183320489927e-13,15.092314958572388
4.643134401266513e-12,1.6813440017419273e-13,15.096319198608398
4.6198587490275944e-12,1.6725217131391412e-13,15.100943088531494
4.596700624304173e-12,1.6637276137928397e-13,15.104639291763306
4.573657858691904e-12,1.6550012770823186e-13,15.108387231826782
4.550731319552526e-12,1.6463100414171317e-13,15.112163305282593
4.527919272162562e-12,1.6376627159399304e-13,15.116673231124878
4.505221716522012e-12,1.6290674321670084e-13,15.120380878448486
4.482637785269139e-12,1.6205159230568006e-13,15.124117136001587
4.4601674784039425e-12,1.6120125254179968e-13,15.127885818481445
4.437809494883815e-12,1.6035535800682649e-13,15.132416248321533
4.415563834708758e-12,1.595129464713324e-13,15.136279582977295
4.393429630517032e-12,1.586760372618637e-13,15.140103340148926
4.371406448627768e-12,1.5784326157317757e-13,15.14398455619812
4.349493421679229e-12,1.5701429414462231e-13,15.148661375045776
4.327690549671415e-12,1.561902191783704e-13,15.15245795249939
4.305996531561718e-12,1.5537034549553685e-13,15.15625
4.284411801031007e-12,1.545549170416105e-13,15.160087585449219
4.2629354907175454e-12,1.5374350013572236e-13,15.163968086242676
4.241566299578725e-12,1.529368943769746e-13,15.167973756790161
4.220304661295415e-12,1.5213443569153662e-13,15.171674251556396
4.199149274825009e-12,1.5133555487326783e-13,15.175185441970825
4.178100140167507e-12,1.5054152585972091e-13,15.17880392074585
4.157156823642039e-12,1.4975111537092467e-13,15.183342695236206
4.136318024205998e-12,1.4896574642223048e-13,15.187175035476685
4.1155837418593855e-12,1.4818390113059687e-13,15.190972566604614
4.094953542921331e-12,1.4740701606390239e-13,15.194751024246216
4.074426993710967e-12,1.466327195298947e-13,15.199315309524536
4.054002793185685e-12,1.4586290888237569e-13,15.203097581863403
4.0336818087072235e-12,1.4509790938199707e-13,15.206831216812134
4.013462305552107e-12,1.4433575591232123e-13,15.210591077804565
3.993344283720335e-12,1.435790912161436e-13,15.21536374092102
3.9733268758501694e-12,1.428254351809946e-13,15.218888759613037
3.953409648260742e-12,1.4207577714135666e-13,15.222351312637329
3.933593034632921e-12,1.413307811710604e-13,15.22586727142334
3.91387530024323e-12,1.4058878030926564e-13,15.229577541351318
3.8942560114108016e-12,1.3985058770760173e-13,15.234213590621948
3.8747360354973726e-12,1.3911712493791528e-13,15.237725257873535
3.855313204098598e-12,1.383876195061584e-13,15.241294860839844
3.835988384576217e-12,1.3766132602333753e-13,15.245110988616943
3.816759842206752e-12,1.3693904408855484e-13,15.249683618545532
3.7976280106710725e-12,1.362209092270819e-13,15.253156661987305
3.778592022607441e-12,1.3550543066093157e-13,15.256630659103394
3.759651010654119e-12,1.3479454640148714e-13,15.260154962539673
3.740805842172845e-12,1.3408766013755374e-13,15.264016389846802
3.722054782440143e-12,1.3338410779530074e-13,15.268264770507812
3.703397831456012e-12,1.326847025263575e-13,15.271978378295898
3.6848341218587155e-12,1.3198878025689337e-13,15.275724649429321
3.6663640873291214e-12,1.3129583954340357e-13,15.279582500457764
3.647985559462885e-12,1.3060659866982738e-13,15.284423112869263
3.629700056143048e-12,1.299216132897782e-13,15.288299560546875
3.6115058426461344e-12,1.2924000248899087e-13,15.292327165603638
3.593403352653013e-12,1.2856230836855165e-13,15.296459913253784
3.5753912851210767e-12,1.2788759580408676e-13,15.301239252090454
3.5574694232098913e-12,1.2721754530896356e-13,15.305227756500244
3.5396373332385878e-12,1.2654939216764222e-13,15.30915093421936
3.521895015207166e-12,1.2588544030973925e-13,15.313318490982056
3.5042413849134535e-12,1.2522506631900548e-13,15.317702293395996
3.486676225517016e-12,1.2456814822269652e-13,15.32145643234253
3.4691993201774185e-12,1.2391417102478042e-13,15.325174808502197
3.4518098015329235e-12,1.2326462550324435e-13,15.329195976257324
3.4345078864239653e-12,1.22618441008443e-13,15.333897352218628
3.4172924906483715e-12,1.2197515675445303e-13,15.337349653244019
3.4001633973657075e-12,1.2133513865950768e-13,15.340833902359009
3.38311995605467e-12,1.2069899658732897e-13,15.344355583190918
3.366162383555693e-12,1.2006590383376037e-13,15.3489089012146
3.34928937882617e-12,1.194355757957316e-13,15.352409839630127
3.33250137554697e-12,1.1880954390881132e-13,15.356093168258667
3.3157972895159205e-12,1.1818634450006665e-13,15.360092401504517
3.299177120733021e-12,1.1756649256552953e-13,15.36441159248352
3.2826402186769688e-12,1.1694950021422235e-13,15.368348360061646
3.2661861496668942e-12,1.1633677690896932e-13,15.372215509414673
3.249814696862363e-12,1.1572668279398457e-13,15.37618350982666
3.233525209742072e-12,1.151192449743224e-13,15.380321502685547
3.217317471465586e-12,1.1451531725919367e-13,15.384482383728027
3.2011910483520367e-12,1.139145743879466e-13,15.388299226760864
3.1851452898801202e-12,1.1331705701816269e-13,15.39242696762085
3.169179979209402e-12,1.127232665933467e-13,15.397762537002563
3.153294899499448e-12,1.1213180042693796e-13,15.402302265167236
3.1374894002289544e-12,1.115437969312176e-13,15.406370639801025
3.121763047717052e-12,1.1095924932992204e-13,15.410401105880737
3.1061154082828724e-12,1.1037737157647623e-13,15.415617227554321
3.090546481926415e-12,1.0979832630120603e-13,15.419809579849243
3.075055401285942e-12,1.0922252007992614e-13,15.423778057098389
3.0596421663614537e-12,1.0865003422779948e-13,15.427816390991211
3.0443061266316462e-12,1.080798997391344e-13,15.433523416519165
3.0290470652560852e-12,1.0751292976556026e-13,15.437270879745483
3.0138645485539017e-12,1.069497002894812e-13,15.441076278686523
2.9987579260037922e-12,1.0638872730917362e-13,15.444902420043945
2.9837271976057567e-12,1.0583113568439148e-13,15.449801445007324
2.9687717128384916e-12,1.0527595640944312e-13,15.454216957092285
2.9538912548615626e-12,1.0472388743947708e-13,15.45824646949768
2.939085606834535e-12,1.0417476614416749e-13,15.462213516235352
2.924353901395671e-12,1.036287890351581e-13,15.46690583229065
2.909695921704536e-12,1.0308520394719176e-13,15.470736026763916
2.8951118846015644e-12,1.0254493922837865e-13,15.47425365447998
2.880600705884584e-12,1.0200699876797281e-13,15.477978229522705
2.86616216871316e-12,1.0147212795496782e-13,15.483060836791992
2.851796056246858e-12,1.0094067237880616e-13,15.48656678199768
2.8375021516452437e-12,1.0041154783731535e-13,15.490044116973877
2.8232798043870133e-12,9.988519478762795e-14,15.493571758270264
2.809128580791298e-12,9.936164033479827e-14,15.497182130813599
2.7950486976985323e-12,9.884032882521293e-14,15.50107479095459
2.7810390709065436e-12,9.832246643378881e-14,15.504539489746094
2.7670999172557664e-12,9.780711803615214e-14,15.508034467697144
2.753230369384463e-12,9.729455468284604e-14,15.511572122573853
2.739430427292633e-12,9.67845934147539e-14,15.51598072052002
2.725699874139842e-12,9.627692930001472e-14,15.519489049911499
2.712037842564352e-12,9.577241614783932e-14,15.523144483566284
2.698444549406598e-12,9.527037633186991e-14,15.526933908462524
2.6849193441452757e-12,9.477122998044832e-14,15.530767917633057
2.6714622267803856e-12,9.42745298601784e-14,15.534766435623169
2.6580718962693206e-12,9.37805063640218e-14,15.538241624832153
2.6447494368142532e-12,9.328889521769898e-14,15.541810035705566
2.631493330532142e-12,9.279994714296233e-14,15.545387506484985
2.6183037942634213e-12,9.231391963782781e-14,15.54984450340271
2.6051803943272223e-12,9.182981659154946e-14,15.553319215774536
2.592122697042676e-12,9.134900680937003e-14,15.55681562423706
2.579130268728913e-12,9.087030444516336e-14,15.560346603393555
2.5662033262263684e-12,9.0393668841348e-14,15.564159393310547
2.5533412190137383e-12,8.992044169811239e-14,15.567884683609009
2.5405432965697194e-12,8.944934907790386e-14,15.57134485244751
2.527809775734746e-12,8.898054683478471e-14,15.574851989746094
2.5151402228279496e-12,8.851393332480126e-14,15.578387975692749
2.502533987328026e-12,8.805045044859086e-14,15.583070039749146
2.4899908523945413e-12,8.75896103151759e-14,15.58682656288147
2.4775106011870607e-12,8.713067431182636e-14,15.590421676635742
2.4650930168651497e-12,8.667403546182978e-14,15.593990802764893
2.4527376657479394e-12,8.622012066979157e-14,15.59867525100708
2.4404443309949952e-12,8.576817777045456e-14,15.602365970611572
2.4282123620850138e-12,8.53187827462229e-14,15.606089115142822
2.4160419758584295e-12,8.487210500368603e-14,15.609862804412842
2.403932521793939e-12,8.442750757406761e-14,15.61375093460083
2.391883566210673e-12,8.398536315186445e-14,15.617685556411743
2.3798953259490663e-12,8.354553621180497e-14,15.621146202087402
2.3679669336473808e-12,8.310757274422945e-14,15.624780893325806
2.3560988229864854e-12,8.267235366340303e-14,15.628532648086548
2.3442896929237733e-12,8.223941818340241e-14,15.632872581481934
2.332539760299679e-12,8.180892893455347e-14,15.636372089385986
2.3208490251142022e-12,8.138031671071563e-14,15.639928340911865
2.3092168368460397e-12,8.095414394176589e-14,15.643680095672607
2.297642978654757e-12,8.053027510243269e-14,15.647809028625488
2.286127016859485e-12,8.01081884204205e-14,15.651601791381836
2.2746689514602236e-12,7.968913750449128e-14,15.655102729797363
2.2632681319356696e-12,7.927190940346454e-14,15.659093379974365
2.2519245582858227e-12,7.885660576129397e-14,15.663081884384155
2.2406375799893796e-12,7.844390420433736e-14,15.667757987976074
2.2294076307272093e-12,7.803300513349251e-14,15.671290874481201
2.2182338431375737e-12,7.762427446699263e-14,15.674923181533813
2.207115783539604e-12,7.721800358417158e-14,15.678707838058472
2.1960538856141687e-12,7.681346064856293e-14,15.68345332145691
2.185047065159096e-12,7.641129618147016e-14,15.68729281425476
2.1740957558552543e-12,7.601151018289329e-14,15.690993070602417
2.163199090340906e-12,7.561351989416459e-14,15.694736003875732
2.1523572854564854e-12,7.52175963658272e-14,15.699343204498291
2.141569690680689e-12,7.482394288578845e-14,15.703015089035034
2.130835872332648e-12,7.44317056448375e-14,15.706744909286499
2.120156480933666e-12,7.4042416078543e-14,15.710549354553223
2.10953043228157e-12,7.365499676099604e-14,15.715351104736328
2.0989572926954914e-12,7.326923085176212e-14,15.719013214111328
2.088437495856299e-12,7.288580275346263e-14,15.722704648971558
2.077970174402255e-12,7.250453628324452e-14,15.726497650146484
2.0675555451737937e-12,7.212471993343211e-14,15.73065710067749
2.0571931744900462e-12,7.17470652117011e-14,15.734681606292725
2.0468826286701436e-12,7.137172797211377e-14,15.738827228546143
2.0366236908736512e-12,7.099810512721169e-14,15.74271011352539
2.0264163611005692e-12,7.062640674116577e-14,15.747028827667236
2.016259988829594e-12,7.025685643067409e-14,15.751052141189575
2.00615479090116e-12,6.988897985728618e-14,15.75471043586731
1.996100116793964e-12,6.952340043725122e-14,15.758229970932007
1.9860957496675713e-12,6.915930501893985e-14,15.762136220932007
1.976141689521982e-12,6.879740511002777e-14,15.767265796661377
1.966237502676327e-12,6.843743643623543e-14,15.770897388458252
1.956382755449737e-12,6.807936511624493e-14,15.774392127990723
1.946577664682647e-12,6.772277102171445e-14,15.778359174728394
1.9368215798537536e-12,6.73688196699794e-14,15.783532857894897
1.9271145009630564e-12,6.701605416437051e-14,15.787260055541992
1.917456211170121e-12,6.666536897168007e-14,15.792058944702148
1.9078458431132095e-12,6.631656080400075e-14,15.796072006225586
1.8982840473136253e-12,6.596991426440282e-14,15.80121922492981
1.888770173250065e-12,6.562425705928729e-14,15.804852485656738
1.8793037872416596e-12,6.5281052861587e-14,15.808530330657959
1.869884889288409e-12,6.493917681154801e-14,15.812252283096313
1.860513696230748e-12,6.459970633507922e-14,15.81764030456543
1.851188907026069e-12,6.426174018912476e-14,15.82115888595581
1.8419109553552415e-12,6.392561718686351e-14,15.824662685394287
1.8326798412182654e-12,6.359101206764375e-14,15.828294515609741
1.8234944804129682e-12,6.325814844816355e-14,15.833428859710693
1.8143556318808707e-12,6.292734481281106e-14,15.837043762207031
1.8052624282602348e-12,6.259797774533712e-14,15.840530157089233
1.7962147611308432e-12,6.227071131957237e-14,15.844067573547363
1.7872125220724788e-12,6.194475948894176e-14,15.848498344421387
1.7782553858244898e-12,6.162071178837658e-14,15.852087497711182
1.7693430271262245e-12,6.129816164206214e-14,15.855676651000977
1.7604755543979e-12,6.097731911416937e-14,15.859488725662231
1.751652317118213e-12,6.065895669874616e-14,15.863291025161743
1.7428735321275979e-12,6.03412854622079e-14,15.867688655853271
1.7341385489047512e-12,6.002568776232453e-14,15.871255159378052
1.7254474758698901e-12,5.971185189097145e-14,15.875020742416382
1.7167998793421457e-12,5.939912055058158e-14,15.878820419311523
1.708195759321518e-12,5.908872024486256e-14,15.88322401046753
1.699634682127138e-12,5.877966163933199e-14,15.886678695678711
1.6911165393387884e-12,5.847203282541638e-14,15.890158891677856
1.6826411141160347e-12,5.81665249820007e-14,15.893686294555664
1.6742080811982252e-12,5.786208778823035e-14,15.897252321243286
1.6658173321651426e-12,5.755941919925386e-14,15.901240825653076
1.6574687585965697e-12,5.725823461200097e-14,15.9047110080719
1.6491619268116375e-12,5.695899481239497e-14,15.908218622207642
1.640896836810346e-12,5.66610425028688e-14,15.911734580993652
1.6326731633320435e-12,5.636431669705025e-14,15.916335582733154
1.6244906895362954e-12,5.6069843998871396e-14,15.919822692871094
1.6163491985826672e-12,5.577673671780352e-14,15.923346042633057
1.6082484736307245e-12,5.54851236028546e-14,15.92692232131958
1.6001885146804673e-12,5.5194892845675594e-14,15.930460214614868
1.5921688880510265e-12,5.490628500362353e-14,15.934345245361328
1.5841893769019677e-12,5.461921537340368e-14,15.937871932983398
1.5762498728130736e-12,5.433360941611669e-14,15.941389322280884
1.5683501589439097e-12,5.4049517953739384e-14,15.944998502731323
1.5604901268742588e-12,5.376701213703934e-14,15.949528694152832
1.5526696681839036e-12,5.3485553253062104e-14,15.952990531921387
1.5448881323515407e-12,5.3205964617832405e-14,15.956426858901978
1.5371456277973872e-12,5.2927856596194506e-14,15.960007905960083
1.5294419376810087e-12,5.265111399166758e-14,15.964035272598267
1.5217770620024051e-12,5.237583167194172e-14,15.968140125274658
1.5141504586604904e-12,5.2101952038776517e-14,15.972022771835327
1.5065619108148298e-12,5.182953269041238e-14,15.976322412490845
1.499011635305858e-12,5.155865155388045e-14,15.98012661933899
1.4914990900324887e-12,5.128913922259129e-14,15.985239267349243
1.4840243834149391e-12,5.102113799808003e-14,15.988809823989868
1.476586973352123e-12,5.07542989027724e-14,15.992364883422852
1.4691868598440405e-12,5.048899124303341e-14,15.996244192123413
1.4618239344704742e-12,5.0224764397335114e-14,16.001283645629883
1.4544978719707724e-12,4.996236714280289e-14,16.004743576049805
1.4472085639247179e-12,4.97013149765909e-14,16.008301258087158
1.4399556850716588e-12,4.944130635496993e-14,16.012300491333008
1.432739126991378e-12,4.9183052785615675e-14,16.017548084259033
1.4255588896838756e-12,4.892593085227895e-14,16.021010160446167
1.4184145394682823e-12,4.8670384400224115e-14,16.02448558807373
1.4113059679243811e-12,4.841583405891525e-14,16.02802038192749
1.404233175052172e-12,4.816293034965585e-14,16.03297209739685
1.397195835591003e-12,4.791103291553779e-14,16.036476373672485
1.3901936242802226e-12,4.766078888973277e-14,16.03994917869568
1.383226649540048e-12,4.741140883753395e-14,16.043725967407227
1.3762944776896102e-12,4.716366525298922e-14,16.047831535339355
1.3693971087289092e-12,4.6917232875446843e-14,16.052316188812256
1.3625343258175104e-12,4.667188808820874e-14,16.055869102478027
1.3557059121149795e-12,4.6428064572143907e-14,16.05963945388794
1.3489118676213163e-12,4.618556242747679e-14,16.06349492073059
1.3421516502354347e-12,4.5944191918827204e-14,16.068558931350708
1.3354253683775519e-12,4.570415633410249e-14,16.072405099868774
1.3287329136274506e-12,4.546533370055825e-14,16.07639741897583
1.3220738523042619e-12,4.522745296765135e-14,16.080304622650146
1.315448292828203e-12,4.4991313734484006e-14,16.08482813835144
1.3088560183588394e-12,4.475639422876071e-14,16.088461875915527
1.3022967036355193e-12,4.45223725779615e-14,16.09231662750244
1.2957701318178083e-12,4.4289838317017674e-14,16.096174478530884
1.2892764113259236e-12,4.40583984226417e-14,16.10071873664856
1.2828152168992135e-12,4.3828117269337566e-14,16.104496955871582
1.2763864401174607e-12,4.3599211697539775e-14,16.108351945877075
1.2699898641402307e-12,4.337113621803029e-14,16.112223386764526
1.2636253805473063e-12,4.314475141628353e-14,16.11688208580017
1.2572926640780357e-12,4.291922720001118e-14,16.120641708374023
1.2509919315728535e-12,4.269474991646163e-14,16.12442708015442
1.2447226409306733e-12,4.2471970086938385e-14,16.128267288208008
1.238484683731278e-12,4.225004067849418e-14,16.13301944732666
1.2322780599746674e-12,4.202917175529994e-14,16.1367826461792
1.2261026612406245e-12,4.1809542888340476e-14,16.14057230949402
1.2199580538482802e-12,4.159133026046882e-14,16.144408226013184
1.2138443462178516e-12,4.1373852857195387e-14,16.149176120758057
1.2077612130886872e-12,4.1157910277622375e-14,16.15293598175049
1.2017086544607869e-12,4.094291976308208e-14,16.15671420097351
1.195686345073499e-12,4.072910154214078e-14,16.160562753677368
1.1896942849268233e-12,4.051602532206128e-14,16.164464712142944
1.1837322571803255e-12,4.030462283908555e-14,16.16828727722168
1.177800044993571e-12,4.0094104658506755e-14,16.17203974723816
1.17189764836656e-12,3.988454193109246e-14,16.175859212875366
1.1660247420386405e-12,3.9676266693758e-14,16.17970085144043
1.1601813260098126e-12,3.946891980453372e-14,16.1847505569458
1.154367291859859e-12,3.9262789254621705e-14,16.188709497451782
1.148582205907911e-12,3.905768192050997e-14,16.192577600479126
1.1428262849944026e-12,3.885374010373366e-14,16.196550130844116
1.1370992038586825e-12,3.86509231467113e-14,16.201494693756104
1.1314006372400986e-12,3.844904809032629e-14,16.205337524414062
1.125730910399303e-12,3.8248169144687247e-14,16.209102630615234
1.1200893728149919e-12,3.804837778935248e-14,16.213017225265503
1.1144762413276e-12,3.7849545275314006e-14,16.218082904815674
1.1088911906764753e-12,3.7652112059704396e-14,16.22153377532959
1.1033341124414009e-12,3.745535985858438e-14,16.22505760192871
1.0978048982021593e-12,3.7259732517218314e-14,16.22885489463806
1.0923034395385334e-12,3.7065169049234e-14,16.233295917510986
1.0868295196100886e-12,3.687163218518176e-14,16.23673915863037
1.0813830299966076e-12,3.6679176135170216e-14,16.240485906600952
1.0759639706980906e-12,3.648756372997414e-14,16.24430823326111
1.0705719080336684e-12,3.6296964376182975e-14,16.248697757720947
1.0652070588437756e-12,3.6107428895773563e-14,16.2522292137146
1.059868881027326e-12,3.591872011952067e-14,16.255685329437256
1.0545576998449713e-12,3.5731346267192654e-14,16.25921940803528
1.049272864775408e-12,3.554482622407547e-14,16.262778997421265
1.0440145926590705e-12,3.5359220976541317e-14,16.267232179641724
1.0387827750757417e-12,3.5174652497334605e-14,16.270684719085693
1.0335770867647698e-12,3.4991080128873864e-14,16.274181365966797
1.0283975277261548e-12,3.4808229432484183e-14,16.27771019935608
1.0232439895396794e-12,3.462641550442194e-14,16.28203320503235
1.018116146944692e-12,3.444557058205136e-14,16.285507202148438
1.013014216781627e-12,3.4265972492179136e-14,16.289233207702637
1.0079377653696153e-12,3.4086987654160725e-14,16.292991399765015
1.0028866842884399e-12,3.390918527413668e-14,16.296780347824097
9.978608651178833e-13,3.373188094948562e-14,16.300983667373657
9.92860416278163e-13,3.355606740282173e-14,16.304431915283203
9.878849040884097e-13,3.3380819674166604e-14,16.307936668395996
9.829343285486236e-13,3.320653756307135e-14,16.311660051345825
9.780086896588047e-13,3.303305843921009e-14,16.31635570526123
9.731076621583012e-13,3.286074144455246e-14,16.319841861724854
9.68231137626896e-13,3.268916645075663e-14,16.32331371307373
9.63379224484806e-13,3.251856385078425e-14,16.326851844787598
9.585514890511626e-13,3.234885232947238e-14,16.330655336380005
9.537479313259656e-13,3.2179872644626933e-14,16.33464026451111
9.48968551309215e-13,3.201198732634934e-14,16.338134765625
9.44213023740259e-13,3.184490160717396e-14,16.341652393341064
9.39481457039315e-13,3.1678717131054454e-14,16.34532594680786
9.347735259457313e-13,3.151332886590537e-14,16.350091218948364
9.300890136190731e-13,3.134883845568037e-14,16.353795528411865
9.254283537402097e-13,3.1185283169829145e-14,16.357547283172607
9.207907873676202e-13,3.1022493601762235e-14,16.361358642578125
9.161765313417392e-13,3.086062221741015e-14,16.36598825454712
9.11585368822132e-13,3.069942168315229e-14,16.369770050048828
9.070172998087989e-13,3.053924436469471e-14,16.373584985733032
9.024721074613051e-13,3.037988697413008e-14,16.377442359924316
8.97949629149325e-13,3.022146470793921e-14,16.38201880455017
8.934498648728584e-13,3.006360487162532e-14,16.385798931121826
8.889726520015795e-13,2.9906873283197175e-14,16.389589071273804
8.845178279051624e-13,2.975074478222747e-14,16.39344549179077
8.800853925836072e-13,2.95953786109103e-14,16.39732813835144
8.756751834065879e-13,2.944099838594373e-14,16.401389122009277
8.712870377437787e-13,2.928748213458336e-14,16.40515422821045
8.669209013850709e-13,2.9134606240131117e-14,16.40897846221924
8.625766659102474e-13,2.898262142433938e-14,16.41281485557556
8.582541686889822e-13,2.8831232919742517e-14,16.417147397994995
8.539533555111667e-13,2.868092184105456e-14,16.42091965675354
8.496741179565837e-13,2.8531274836197246e-14,16.424724578857422
8.454162933949072e-13,2.8382402019453724e-14,16.428568601608276
8.411798818261373e-13,2.823434743653725e-14,16.432921886444092
8.369646664098396e-13,2.8087061959536884e-14,16.43669891357422
8.32770484515688e-13,2.7940449026696637e-14,16.440497159957886
8.285973903537913e-13,2.7794803405482155e-14,16.444323301315308
8.244452212938236e-13,2.7649759177660223e-14,16.448588848114014
8.203138689155676e-13,2.750545864476598e-14,16.452372074127197
8.16203224798806e-13,2.736197465163289e-14,16.45618748664856
8.121131263132131e-13,2.7219280093206642e-14,16.46000361442566
8.080435734587887e-13,2.707736988728955e-14,16.4639310836792
8.039944036052071e-13,2.6936013640919965e-14,16.467989206314087
7.999655625423596e-13,2.679563148243972e-14,16.471704959869385
7.959568876399203e-13,2.6655588137138378e-14,16.475497245788574
7.919683246877807e-13,2.6516652710932044e-14,16.479385137557983
7.879996568455061e-13,2.637844234492856e-14,16.483715295791626
7.840509925333139e-13,2.624085031297657e-14,16.487612009048462
7.801221149107695e-13,2.6103883391339656e-14,16.49136996269226
7.762128613475472e-13,2.5967755032320523e-14,16.495184183120728
7.723232318436468e-13,2.5832229760759835e-14,16.49974298477173
7.684531179788512e-13,2.5697500700169566e-14,16.503486156463623
7.646023571228344e-13,2.556359156747224e-14,16.50721263885498
7.607709492755965e-13,2.543020759520221e-14,16.51101303100586
7.56958677596703e-13,2.5297613057639022e-14,16.515413999557495
7.531655420861538e-13,2.5165574173689233e-14,16.5191011428833
7.493914343237318e-13,2.5034363687961858e-14,16.52293038368225
7.456362458892196e-13,2.4903929084414168e-14,16.52682900428772
7.418998683624001e-13,2.4773945102394418e-14,16.530760526657104
7.381821933230559e-13,2.4644855587166968e-14,16.534689903259277
7.344832207711871e-13,2.45162963145645e-14,16.538458585739136
7.308026796562506e-13,2.4388351987881737e-14,16.542214393615723
7.271406783984635e-13,2.4261278411068753e-14,16.54591155052185
7.234970001573915e-13,2.4134616492268134e-14,16.55036687850952
7.198715365128172e-13,2.400879821828298e-14,16.5541832447052
7.162642874647407e-13,2.3883713474830148e-14,16.557926416397095
7.126751988030533e-13,2.3759147115541036e-14,16.561740159988403
7.091039452671033e-13,2.363521433689647e-14,16.566224098205566
7.055506352771079e-13,2.35120540522998e-14,16.570126056671143
7.020152146229586e-13,2.3389401987471484e-14,16.574836254119873
6.984974664642207e-13,2.3267415690539708e-14,16.57875895500183
6.949972823806772e-13,2.3146091773372686e-14,16.584416151046753
6.915146623723278e-13,2.302547258761778e-14,16.58812713623047
6.880494980189555e-13,2.290544632492595e-14,16.59190011024475
6.846017893205603e-13,2.2786001126835938e-14,16.595946311950684
6.811713194367075e-13,2.2667284377080564e-14,16.601584672927856
6.777580341572886e-13,2.2549065682698176e-14,16.60547137260437
6.743618250620864e-13,2.2431526308739486e-14,16.609182834625244
6.709826379409922e-13,2.2314566305316717e-14,16.613013982772827
6.67620472794006e-13,2.2198224635945445e-14,16.617661237716675
6.642750043604762e-13,2.2082526711614085e-14,16.62130832672119
6.609463952707284e-13,2.196734886551234e-14,16.624833583831787
6.576344828944369e-13,2.1852948595656174e-14,16.62851071357727
6.543391046012759e-13,2.1738934572823956e-14,16.633503913879395
6.510603146013538e-13,2.1625677797446584e-14,16.636977910995483
6.477979502643449e-13,2.1512900442717357e-14,16.64059805870056
6.44551903170032e-13,2.1400792244016462e-14,16.64415407180786
6.413221191083063e-13,2.12892905209058e-14,16.648727893829346
6.381085438690592e-13,2.1178234337125394e-14,16.65226674079895
6.349110690320736e-13,2.106789643728426e-14,16.655959606170654
6.317296403872408e-13,2.095811588512242e-14,16.66009831428528
6.285640953042348e-13,2.084880967141104e-14,16.664044618606567
6.254144337830558e-13,2.074014889680547e-14,16.667983531951904
6.222806016135951e-13,2.0631996341968252e-14,16.671483278274536
6.191624903756354e-13,2.052447736777558e-14,16.675129652023315
6.160599374388509e-13,2.0417588586095665e-14,16.67898654937744
6.129729428032415e-13,2.0311189389459264e-14,16.683404684066772
6.099014522586987e-13,2.0205254366877957e-14,16.686889171600342
6.068453031748966e-13,2.01000139113134e-14,16.690375566482544
6.038045497619438e-13,1.99952799814513e-14,16.69419240951538
6.007789751794057e-13,1.989115422124533e-14,16.69925093650818
5.977685794272825e-13,1.9787440119051723e-14,16.702963829040527
5.947732540853568e-13,1.9684325716184774e-14,16.70667839050293
5.917929991536286e-13,1.9581700898361337e-14,16.71046471595764
5.888276520017721e-13,1.947972151964371e-14,16.71538519859314
5.858771584196787e-13,1.9378187680256335e-14,16.71943759918213
5.829414099871311e-13,1.9277136649648897e-14,16.72332501411438
5.800204067041292e-13,1.9176753081003896e-14,16.727266788482666
5.771140943605646e-13,1.9076850627072935e-14,16.73202610015869
5.742222561160026e-13,1.8977415735328858e-14,16.736108541488647
5.713450003906606e-13,1.887858901324091e-14,16.739757299423218
5.684820561339954e-13,1.878018580762659e-14,16.743572235107422
5.656335859763328e-13,1.8682367054745873e-14,16.747421264648438
5.627992646570212e-13,1.8584978594602362e-14,16.751511335372925
5.599792548063864e-13,1.8488162728731196e-14,16.755038499832153
5.57173339583994e-13,1.8391838141969437e-14,16.75877070426941
5.543814647797352e-13,1.8295874391243208e-14,16.76256537437439
5.5160363039361e-13,1.8200710239619187e-14,16.767470598220825
5.488396737952927e-13,1.8105895065569436e-14,16.77093505859375
5.460895407746746e-13,1.8011535595245307e-14,16.774518728256226
5.433532855418644e-13,1.791771822600742e-14,16.778156518936157
5.406306370463188e-13,1.7824322679177267e-14,16.78260827064514
5.379217037082551e-13,1.7731552242662187e-14,16.786107540130615
5.352263228973475e-13,1.7639171441302844e-14,16.789630889892578
5.325444404034874e-13,1.754722601487839e-14,16.793172359466553
5.298760562266747e-13,1.7455810831078916e-14,16.796939849853516
5.272210077365835e-13,1.7364839492543804e-14,16.801059246063232
5.245792407231054e-13,1.7274379761908834e-14,16.804601192474365
5.219507009761315e-13,1.718448923741442e-14,16.808143138885498
5.193353342855533e-13,1.7094974795548584e-14,16.811679124832153
5.167330864412623e-13,1.7005900810815322e-14,16.816359281539917
5.141439574432582e-13,1.6917321493323256e-14,16.819962978363037
5.115676762409982e-13,1.6829231760874704e-14,16.823612689971924
5.09004405464808e-13,1.6741511334791154e-14,16.827383279800415
5.064539282742531e-13,1.665435672671637e-14,16.832011699676514
5.039162988794421e-13,1.656760191819269e-14,16.835489511489868
5.013913004399406e-13,1.648138412855757e-14,16.838966131210327
4.988790413759658e-13,1.6395457718256304e-14,16.84251618385315
4.963793048470833e-13,1.6310100514095593e-14,16.846312284469604
4.938920908532929e-13,1.6225160050144932e-14,16.851191759109497
4.914173993945947e-13,1.614068545431526e-14,16.85496711730957
4.889550678406629e-13,1.6056581858916487e-14,16.858712673187256
4.865050961914974e-13,1.597296954262712e-14,16.86254620552063
4.84067376026881e-13,1.5889723144570968e-14,16.867199897766113
4.81641853136705e-13,1.5807044258589475e-14,16.87077283859253
4.792285817310782e-13,1.5724663528205417e-14,16.874397039413452
4.768272907594573e-13,1.5642804570116867e-14,16.878201484680176
4.744380886420596e-13,1.5561396233556256e-14,16.882372856140137
4.720608669586679e-13,1.5480326710174547e-14,16.885887622833252
4.696955172890649e-13,1.539971627865025e-14,16.88934826850891
4.673420938433592e-13,1.5319522587336e-14,16.89302158355713
4.65000433991225e-13,1.5239769353154325e-14,16.896785020828247
4.626705377326623e-13,1.5160378649074074e-14,16.90098214149475
4.603522424373452e-13,1.5081470753773758e-14,16.904430389404297
4.580456023153823e-13,1.500296435209044e-14,16.908201932907104
4.557505089465563e-13,1.4924769658531713e-14,16.912114143371582
4.5346693522581305e-13,1.4847083184741337e-14,16.91655921936035
4.511947998379895e-13,1.4769754158854703e-14,16.92007064819336
4.4893404857297703e-13,1.4692945211197683e-14,16.923546075820923
4.4668462722066704e-13,1.4616400537820207e-14,16.92709183692932
4.444464815709509e-13,1.4540286157179935e-14,16.930748462677002
4.4221955741372e-13,1.4464608845540447e-14,16.934630632400513
4.4000377343381136e-13,1.4389265264882177e-14,16.938096523284912
4.377991025261707e-13,1.4314465479376044e-14,16.94168710708618
4.356054904806894e-13,1.4239858817381885e-14,16.945400714874268
4.3342288308725885e-13,1.4165729034937031e-14,16.949751138687134
4.3125117192566176e-13,1.4091925360176869e-14,16.953298091888428
4.2909038410095246e-13,1.4018656163206425e-14,16.956750631332397
4.269404111929137e-13,1.3945713073920674e-14,16.96037268638611
4.2480119899143687e-13,1.387306051693583e-14,16.965715169906616
4.2267272039146764e-13,1.3800828935325773e-14,16.96973705291748
4.205548940778431e-13,1.3729064068869652e-14,16.973780870437622
4.184476929455089e-13,1.3657543147902341e-14,16.977460384368896
4.163510627843564e-13,1.3586419485387292e-14,16.9824116230011
4.142648951741684e-13,1.3515779478685125e-14,16.986045837402344
4.1218921721999924e-13,1.3445385111537662e-14,16.989540100097656
4.101239476066859e-13,1.3375408331633195e-14,16.993108987808228
4.080690050190655e-13,1.3305783917434786e-14,16.99695348739624
4.0602438945713804e-13,1.323650085751412e-14,17.001434326171875
4.0399001960574055e-13,1.316763877296824e-14,17.0051052570343
4.019658412547644e-13,1.3099170558742834e-14,17.0086407661438
3.999517730890467e-13,1.3030963230665181e-14,17.012667179107666
3.9794781510858745e-13,1.2963142149611476e-14,17.017144680023193
3.95953913103278e-13,1.289566411690141e-14,17.020731449127197
3.939699857579554e-13,1.2828550308358663e-14,17.02452325820923
3.9199600596756534e-13,1.2761771077830081e-14,17.02830934524536
3.900318924169449e-13,1.2695378094325447e-14,17.032917261123657
3.880776722111484e-13,1.26292824193853e-14,17.036456823349
3.861332369299586e-13,1.2563614496083515e-14,17.04025149345398
3.8419850525821253e-13,1.2498289621125369e-14,17.044188022613525
3.822734771959102e-13,1.2433168034074564e-14,17.04871892929077
3.803581256379973e-13,1.2368544502396744e-14,17.052262783050537
3.7845242347941954e-13,1.2304119176428582e-14,17.055889129638672
3.765561538797424e-13,1.224010720253868e-14,17.059553146362305
3.7466945236423743e-13,1.2176421336333471e-14,17.06337833404541
3.727921834076331e-13,1.2113061577812955e-14,17.067662477493286
3.7092431990487507e-13,1.2050023691812396e-14,17.07124137878418
3.6906586185596335e-13,1.1987362735473364e-14,17.07481050491333
3.6721664663057207e-13,1.1924985535171663e-14,17.07840871810913
3.6537675554386417e-13,1.186297001793844e-14,17.082895278930664
3.635460801756224e-13,1.1801236562676651e-14,17.086483240127563
3.6172456631573813e-13,1.1739847849824396e-14,17.089974403381348
3.5991218685915705e-13,1.1678753904437785e-14,17.093513250350952
3.581088604907162e-13,1.1617987760801762e-14,17.09706997871399
3.5631458721041565e-13,1.1557550265949273e-14,17.101003885269165
3.54529339913201e-13,1.1497439725814424e-14,17.104589700698853
3.5275298307380076e-13,1.1437629035342903e-14,17.108346700668335
3.509855437972692e-13,1.137807838398619e-14,17.11212992668152
3.4922699497855203e-13,1.1318926685147633e-14,17.116801500320435
3.47477228197432e-13,1.1260007073336624e-14,17.120859146118164
3.457362434539091e-13,1.1201466932285985e-14,17.124775648117065
3.4400395943282036e-13,1.114317836002068e-14,17.128658056259155
3.4228034902911153e-13,1.108525570598859e-14,17.133382558822632
3.405654122427826e-13,1.10275947851372e-14,17.136856079101562
3.388590677586706e-13,1.0970215926257246e-14,17.14045524597168
3.371612613666669e-13,1.0913188586050403e-14,17.1444194316864
3.3547193885666293e-13,1.085636199265206e-14,17.14920687675476
3.3379112733371297e-13,1.0799917411112928e-14,17.1526882648468
3.3211871837759976e-13,1.0743688822975345e-14,17.156182765960693
3.30454684883269e-13,1.0687847328894658e-14,17.159709215164185
3.287989997456664e-13,1.0632241309973308e-14,17.163325548171997
3.271516087546833e-13,1.0577001209285172e-14,17.167650938034058
3.255124577002111e-13,1.0521927127054697e-14,17.1715030670166
3.2388151947719546e-13,1.0467240138881118e-14,17.175323724746704
3.222587940856364e-13,1.0412814036855293e-14,17.179004192352295
3.206441731053167e-13,1.0358648820977222e-14,17.183449745178223
3.1903762943118197e-13,1.0304752961576378e-14,17.18700909614563
3.174391630632323e-13,1.02511916801897e-14,17.190791368484497
3.1584866558125035e-13,1.0197862485830569e-14,17.19464612007141
3.142661911953448e-13,1.014484415256308e-14,17.19927144050598
3.1269160438024413e-13,1.0092075694015032e-14,17.202717781066895
3.1112493224100257e-13,1.0039563886450002e-14,17.206347465515137
3.0956612056751154e-13,9.98734261118588e-15,17.210139989852905
3.080151151496624e-13,9.935519441406967e-15,17.214433193206787
3.0647186177734653e-13,9.883766575362676e-15,17.218256950378418
3.049363333455096e-13,9.83239826227644e-15,17.221773147583008
3.034085298541517e-13,9.781276435777853e-15,17.225840091705322
3.0188834288305544e-13,9.7304222716906e-15,17.2296621799469
3.0037582664232954e-13,9.679816288256891e-15,17.234174728393555
2.988708456067024e-13,9.629500837124091e-15,17.23762607574463
2.9737342688122836e-13,9.579447119171993e-15,17.24124002456665
2.958835162557988e-13,9.529580595501238e-15,17.244914531707764
2.9440105952030504e-13,9.480073213800119e-15,17.249290704727173
2.9292605667474714e-13,9.430774202204024e-15,17.252989292144775
2.914583992989078e-13,9.381719136096738e-15,17.256710529327393
2.899981144978414e-13,9.3329427438291e-15,17.260491132736206
2.8854514806143927e-13,9.2844162262809e-15,17.264479637145996
2.870994728846471e-13,9.236158218176981e-15,17.26822853088379
2.856610618624106e-13,9.188154319957238e-15,17.272014617919922
2.842298336795668e-13,9.140433330741878e-15,17.27582836151123
2.828057612310614e-13,9.092828385040292e-15,17.27967882156372
2.813888174118401e-13,9.045596980868445e-15,17.28424048423767
2.7997900222190286e-13,8.998549382846152e-15,17.288007736206055
2.785762614511411e-13,8.951766059103403e-15,17.291827917099
2.771805408894462e-13,8.90524277447546e-15,17.295660495758057
2.7579178632670953e-13,8.858982917094114e-15,17.300052404403687
2.744100248679854e-13,8.812893313335166e-15,17.303831100463867
2.730351751981108e-13,8.767119652865543e-15,17.307644367218018
2.7166718310697724e-13,8.721555209533893e-15,17.31149697303772
2.7030610280469325e-13,8.67617965454948e-15,17.31579041481018
2.689517987659873e-13,8.63112681911797e-15,17.319590091705322
2.67604325200968e-13,8.586200191595603e-15,17.323370218276978
2.662635736894181e-13,8.541575107802457e-15,17.327222108840942
2.6492954423133763e-13,8.497192275432226e-15,17.331111192703247
2.6360218261661794e-13,8.45304237712249e-15,17.335023403167725
2.6228148884525904e-13,8.409121177708513e-15,17.33879590034485
2.609674087071523e-13,8.365381243345248e-15,17.342638731002808
2.596599150972434e-13,8.321930147216997e-15,17.34646987915039
2.5835898091047804e-13,8.278669633501878e-15,17.35092258453369
2.570645519367476e-13,8.235636971649571e-15,17.35563611984253
2.557766552811064e-13,8.192831314627128e-15,17.359586477279663
2.5449515541828283e-13,8.15025520353339e-15,17.363996744155884
2.5322007945333125e-13,8.107932355290882e-15,17.368168592453003
2.5195142738625165e-13,8.06574926748467e-15,17.37163805961609
2.506891179018811e-13,8.023832148023897e-15,17.375415086746216
2.4943315100021957e-13,7.98215982108488e-15,17.379416942596436
2.4818341826104984e-13,7.940693323152045e-15,17.38445734977722
2.4694002810458915e-13,7.899367432688455e-15,17.387941598892212
2.4570281790051163e-13,7.858378661337873e-15,17.391435384750366
2.4447178764881727e-13,7.817527109324745e-15,17.39503836631775
2.432469644545604e-13,7.776910185438007e-15,17.399628162384033
2.420282941076324e-13,7.736479608799664e-15,17.403101205825806
2.4081566818781597e-13,7.696304836111393e-15,17.406683683395386
2.396091680102741e-13,7.656292693748994e-15,17.410348653793335
2.3840871225984384e-13,7.616519414677721e-15,17.41448402404785
2.3721424672641656e-13,7.576909612965269e-15,17.41830611228943
2.3602577140999226e-13,7.537549685972256e-15,17.42202401161194
2.3484328631057094e-13,7.49842184600679e-15,17.42578935623169
2.3366668300793536e-13,7.459475271092038e-15,17.429860830307007
2.3249601571219414e-13,7.420708267162103e-15,17.43445110321045
2.3133117600313e-13,7.382137774875931e-15,17.43791437149048
2.3017219098579733e-13,7.343791746320782e-15,17.441524982452393
2.2901900645008744e-13,7.305621053585714e-15,17.445156812667847
2.2787159529094603e-13,7.267679906779352e-15,17.449751377105713
2.2672994395584595e-13,7.22990223733181e-15,17.453351259231567
2.2559402533973288e-13,7.192330396890451e-15,17.457110166549683
2.2446378523249821e-13,7.154968620620011e-15,17.460752725601196
2.2333919652908762e-13,7.117814367421649e-15,17.46532368659973
2.2222025922950112e-13,7.080855778834102e-15,17.46898627281189
2.2110693267615722e-13,7.0440318684851684e-15,17.47304892539978
2.1999917621147447e-13,7.007464609119253e-15,17.476884126663208
2.1889696273039855e-13,6.971080732386418e-15,17.480730056762695
2.178002786804023e-13,6.9348603330124034e-15,17.484761238098145
2.1670909695643142e-13,6.89883856286452e-15,17.488264799118042
2.1562336334837728e-13,6.862954435570565e-15,17.491876363754272
2.1454309140876704e-13,6.8273460175009414e-15,17.495524168014526
2.1346822692749207e-13,6.791881595032351e-15,17.500009298324585
2.123987563520252e-13,6.756578108823739e-15,17.503739595413208
2.1133462547225784e-13,6.721532544147566e-15,17.507474899291992
2.102758207356628e-13,6.686580153095591e-15,17.511314153671265
2.0922235569476727e-13,6.6518577314887955e-15,17.51597762107849
2.0817413548188113e-13,6.6173233511962904e-15,17.519439458847046
2.0713117364953154e-13,6.5829592245261834e-15,17.522934675216675
2.0609345664519135e-13,6.548786103785682e-15,17.52650237083435
2.0506093025875194e-13,6.514736226339007e-15,17.530271530151367
2.0403358093768614e-13,6.480921824051668e-15,17.53433394432068
2.0301135447188534e-13,6.447235747255838e-15,17.537790536880493
2.01994291518931e-13,6.41377413419103e-15,17.541332483291626
2.009823107636602e-13,6.380456516727256e-15,17.544873237609863
1.9997537154849143e-13,6.347337104973139e-15,17.549506425857544
1.989735145310062e-13,6.314357877171793e-15,17.553120374679565
1.979766448435144e-13,6.281578125629525e-15,17.556684017181396
1.969848031435975e-13,6.248947451885974e-15,17.5602285861969
1.9599792166861973e-13,6.216503548907293e-15,17.56374454498291
1.9501597331352677e-13,6.18421126482617e-15,17.567556619644165
1.9403894452579146e-13,6.152143867992543e-15,17.57105541229248
1.9306682175288664e-13,6.120165833134851e-15,17.5745587348938
1.9209956433723085e-13,6.088388968602133e-15,17.57829737663269
1.9113715872629694e-13,6.056749746923343e-15,17.583258390426636
1.9017957781503059e-13,6.025323554030787e-15,17.587131023406982
1.8922678094585033e-13,5.9940455919040014e-15,17.590998888015747
1.8827876811875616e-13,5.962909084279407e-15,17.594788312911987
1.873354986761666e-13,5.931968241265628e-15,17.59932780265808
1.8639695906555453e-13,5.901139630117361e-15,17.602774620056152
1.8546312218186561e-13,5.870532941601274e-15,17.606328010559082
1.8453396092004554e-13,5.840048649346065e-15,17.60994601249695
1.836094752800943e-13,5.809699882362417e-15,17.613466262817383
1.8268959749937613e-13,5.779558638450847e-15,17.61741805076599
1.8177434113041818e-13,5.7495474140966795e-15,17.620853662490845
1.8086366551563898e-13,5.719697126002491e-15,17.62433409690857
1.7995755710251138e-13,5.6900234442778044e-15,17.627877473831177
1.7905598878598106e-13,5.660458182770367e-15,17.632076025009155
1.781589334609937e-13,5.631103408950322e-15,17.635606050491333
1.7726637757502217e-13,5.601845620402737e-15,17.63907742500305
1.763783075755393e-13,5.5727618971258136e-15,17.642618894577026
1.7549464214738214e-13,5.543834451427658e-15,17.64616823196411
1.7461543550065933e-13,5.515070906604797e-15,17.650577306747437
1.737406469777894e-13,5.486435263756971e-15,17.654260635375977
1.7287023592119088e-13,5.457941075411336e-15,17.657755374908447
1.7200417522580946e-13,5.429624763984625e-15,17.661410093307495
1.7114245133911798e-13,5.401407131896269e-15,17.665903329849243
1.702850507085893e-13,5.373409304857725e-15,17.66936683654785
1.6943194622916907e-13,5.345511427706957e-15,17.672835111618042
1.6858311079580302e-13,5.317777874947957e-15,17.676417112350464
1.6773853085596396e-13,5.290173918229887e-15,17.679978609085083
1.6689819285712476e-13,5.262689393157379e-15,17.68431329727173
1.6606205614170394e-13,5.235383168520269e-15,17.688000202178955
1.652301207097015e-13,5.208201881242878e-15,17.6915225982666
1.6440233235100882e-13,5.1811751774783615e-15,17.695079803466797
1.635786910656259e-13,5.154273411073565e-15,17.6994788646698
1.6275918330102557e-13,5.127558415433638e-15,17.70294952392578
1.619437955046807e-13,5.100942099132066e-15,17.706444025039673
1.6113248701900978e-13,5.074439285245426e-15,17.710052728652954
1.603252442914857e-13,5.048121124541288e-15,17.71364951133728
1.5952202666452697e-13,5.021934253943974e-15,17.717653036117554
1.587228612431879e-13,4.995856650596856e-15,17.721120357513428
1.5792769381735988e-13,4.969959465267503e-15,17.724615335464478
1.5713649728198859e-13,4.944143595101086e-15,17.728142738342285
1.5634927163707402e-13,4.918500943172383e-15,17.732391595840454
1.5556600333008902e-13,4.892968405526823e-15,17.73682951927185
1.5478663815092497e-13,4.867570122603403e-15,17.740567445755005
1.5401118965210903e-13,4.842325152643436e-15,17.744749546051025
1.5323963072858687e-13,4.817191143999559e-15,17.750165939331055
1.5247192072277704e-13,4.7922146834838714e-15,17.753634452819824
1.5170805963467954e-13,4.767320808680541e-15,17.757112979888916
1.509480339117672e-13,4.742597187499609e-15,17.76066827774048
1.5019181644898572e-13,4.717996809612502e-15,17.76446032524109
1.4943939369380793e-13,4.693520098535695e-15,17.768324613571167
1.4869073854117953e-13,4.6691407962478216e-15,17.772003650665283
1.4794582388604621e-13,4.644918618571664e-15,17.77554440498352
1.4720466328093512e-13,4.6208302721011726e-15,17.779308557510376
1.4646718896321048e-13,4.596872368704558e-15,17.783734798431396
1.457334280379266e-13,4.572972487064831e-15,17.78739857673645
1.4500332629497487e-13,4.549290292892548e-15,17.79162073135376
1.4427689728688242e-13,4.5256699321254146e-15,17.795763731002808
1.4355411390859496e-13,4.502193143442841e-15,17.800532341003418
1.4283493550253101e-13,4.478823927944568e-15,17.80433988571167
1.4211937562121774e-13,4.4555970139814344e-15,17.80817484855652
1.4140739360707366e-13,4.4324814848508646e-15,17.81202530860901
1.406989894600988e-13,4.409500633958908e-15,17.816622257232666
1.399941089701845e-13,4.386624815152411e-15,17.82040023803711
1.392927792423851e-13,4.363868004475004e-15,17.824219226837158
1.385949596191191e-13,4.341212414234793e-15,17.828068017959595
1.379006365478594e-13,4.318718607287508e-15,17.832496404647827
1.3720979647607878e-13,4.296294680558371e-15,17.836282968521118
1.3652241229872297e-13,4.274021949210319e-15,17.840110540390015
1.358384704632648e-13,4.2518385798382026e-15,17.843947887420654
1.3515795741717712e-13,4.229800900133014e-15,17.848531246185303
1.3448085960793277e-13,4.207846229656656e-15,17.85232925415039
1.3380714993047743e-13,4.186036825330752e-15,17.856099843978882
1.3313681483228396e-13,4.164309583200732e-15,17.859960556030273
1.3246984076082519e-13,4.142716172276378e-15,17.86378812789917
1.318062006110468e-13,4.121217629042117e-15,17.868021726608276
1.3114590793547598e-13,4.0998372469039975e-15,17.871784210205078
1.3048889497147692e-13,4.078594084103333e-15,17.875598430633545
1.2983518882410394e-13,4.057448753608077e-15,17.87943959236145
1.2918474883577558e-13,4.0363796560780735e-15,17.883759260177612
1.2853757500649182e-13,4.015441001621947e-15,17.887539625167847
1.2789364023119837e-13,3.99462601397612e-15,17.891357898712158
1.2725294450989522e-13,3.973917752481647e-15,17.89521098136902
1.266154471850009e-13,3.953304358677266e-15,17.8995623588562
1.259811482565154e-13,3.932809973001975e-15,17.903438806533813
1.2535002061938444e-13,3.912409184467355e-15,17.90729522705078
1.2472205072108083e-13,3.892105804721669e-15,17.91120433807373
1.240972385616046e-13,3.8719332915663346e-15,17.915773391723633
1.234755570359014e-13,3.851848446321041e-15,17.91960072517395
1.2285699259144411e-13,3.831880068105994e-15,17.92347264289856
1.2224150457065125e-13,3.811996816702147e-15,17.927327632904053
1.2162913363110428e-13,3.792240196723914e-15,17.93187403678894
1.2101981201016743e-13,3.772591149929982e-15,17.93565273284912
1.204135397078407e-13,3.7530204536836715e-15,17.939424753189087
1.1981031672412407e-13,3.733549707325137e-15,17.94325041770935
1.1921011595396325e-13,3.714189498766219e-15,17.947116374969482
1.1861291029230392e-13,3.694927122512709e-15,17.950937509536743
1.1801869973914608e-13,3.675780366256499e-15,17.954688549041748
1.1742747074196258e-13,3.656727207140961e-15,17.95850682258606
1.1683920974822626e-13,3.637752822089517e-15,17.96235418319702
1.162538896528828e-13,3.618897021650689e-15,17.96694302558899
1.1567149690340506e-13,3.600127195056008e-15,17.970719575881958
1.1509203149979302e-13,3.5814657886785745e-15,17.974525690078735
1.145154663369924e-13,3.562893320760603e-15,17.978370189666748
1.13941787862476e-13,3.5444288495434066e-15,17.982954502105713
1.1337098252371669e-13,3.5260488698626987e-15,17.986727237701416
1.1280304354445089e-13,3.5077671460038724e-15,17.99061632156372
1.1223794381962429e-13,3.4896061243400297e-15,17.994466543197632
1.1167567657297331e-13,3.4714921130047597e-15,17.999037981033325
1.1111622825197079e-13,3.4534848278208437e-15,18.002833127975464
1.1055958530408957e-13,3.4355946449418856e-15,18.00661563873291
1.1000572740053893e-13,3.417787047775285e-15,18.010469436645508
1.0945464776505529e-13,3.400064577419883e-15,18.0144624710083
1.0890631929258432e-13,3.382409657942025e-15,18.018277645111084
1.0836074875938961e-13,3.364905510328778e-15,18.02208423614502
1.0781790906041686e-13,3.347459384472418e-15,18.025925874710083
1.0727778664313889e-13,3.3301125732291235e-15,18.02975606918335
1.0674037473129214e-13,3.3128530063793963e-15,18.034448862075806
1.0620564621982229e-13,3.2956681901872642e-15,18.038235902786255
1.0567360110872934e-13,3.278582476849961e-15,18.042069911956787
1.0514422584548613e-13,3.261592901752171e-15,18.045916318893433
1.0461750687756552e-13,3.2446823124767125e-15,18.050666570663452
1.0409342387617676e-13,3.227869343748425e-15,18.054439544677734
1.035719632887927e-13,3.2111395960072054e-15,18.058257579803467
1.0305311156288618e-13,3.194497092659553e-15,18.062108516693115
1.0253686192219363e-13,3.1779418337054676e-15,18.066640853881836
1.0202320081418789e-13,3.1614706427713973e-15,18.0704243183136
1.0151210791007823e-13,3.1450782259014216e-15,18.074228048324585
1.0100358320986463e-13,3.1287838530950907e-15,18.07808518409729
1.004975996084928e-13,3.112568677869328e-15,18.082430601119995
9.999415710596274e-14,3.0964358765976857e-15,18.08596110343933
9.94932353734837e-14,3.080400272356741e-15,18.08945107460022
9.899482763479212e-14,3.0644281955868402e-15,18.09300923347473
9.849890678483367e-14,3.0485469631005326e-15,18.096549034118652
9.800547282360836e-14,3.0327288345687953e-15,18.10111117362976
9.751451897485261e-14,3.0170216673531484e-15,18.104567050933838
9.702601813351211e-14,3.0013746394767565e-15,18.108083486557007
9.653996352332328e-14,2.9858296790705088e-15,18.111642122268677
9.605635514428612e-14,2.9703613751459875e-15,18.115981101989746
9.557515911508274e-14,2.954966127813167e-15,18.11942458152771
9.509637543571314e-14,2.9396640541045444e-15,18.12291121482849
9.461999055365017e-14,2.9244394839105957e-15,18.1264386177063
9.414599769263024e-14,2.9092754765723755e-15,18.13110327720642
9.367436974759905e-14,2.894207183957195e-15,18.135285139083862
9.320511349482016e-14,2.8792036893624797e-15,18.139305591583252
9.273820182923928e-14,2.8642791805900958e-15,18.142961263656616
9.227362797459282e-14,2.8494535629143038e-15,18.146970987319946
9.18113851546172e-14,2.834685543478925e-15,18.151458024978638
9.135146659304885e-14,2.819989310085826e-15,18.154946088790894
9.089384518483345e-14,2.805378415262163e-15,18.158732652664185
9.043852092997101e-14,2.7908524354914623e-15,18.16242241859436
8.998546672340721e-14,2.7763914654994632e-15,18.167215824127197
8.953468934140563e-14,2.7620118106704006e-15,18.17067813873291
8.908616845517553e-14,2.747693353971777e-15,18.174224853515625
8.863990406471692e-14,2.7334627769414312e-15,18.177790880203247
8.81958622887119e-14,2.719298480239208e-15,18.182628870010376
8.775404990342406e-14,2.705219098589947e-15,18.18641972541809
8.731444658006265e-14,2.6911949858404944e-15,18.190263271331787
8.687704554236411e-14,2.6772390592432957e-15,18.19414973258972
8.644185356659201e-14,2.663371647589085e-15,18.198586463928223
8.600882999516488e-14,2.6495734808783125e-15,18.20210337638855
8.557797482808271e-14,2.635854723506345e-15,18.205594778060913
8.514927451281837e-14,2.6222052110778157e-15,18.209205389022827
8.472272904937184e-14,2.6086141439226468e-15,18.213056564331055
8.429831810895239e-14,2.595107144787493e-15,18.217581272125244
8.387602813903286e-14,2.581672990485803e-15,18.221068143844604
8.345585913961326e-14,2.568279493765581e-15,18.22461462020874
8.303779755816643e-14,2.554997805394397e-15,18.22821831703186
8.262182984216521e-14,2.5417491513081555e-15,18.233025074005127
8.220793566281887e-14,2.528576730187167e-15,18.236714601516724
8.179612857265456e-14,2.515485624229115e-15,18.24044680595398
8.138638146661797e-14,2.5024504224455818e-15,18.244213342666626
8.097868079218196e-14,2.4894959005502745e-15,18.248659372329712
8.057303332561008e-14,2.4765966475547756e-15,18.252195596694946
8.016940518558446e-14,2.4637782862057395e-15,18.256049871444702
7.976780314836868e-14,2.45101731133888e-15,18.260178565979004
7.936822043769914e-14,2.4383160522948016e-15,18.26405119895935
7.897063672478513e-14,2.425692296765397e-15,18.26806354522705
7.857504523336306e-14,2.4131195749710647e-15,18.271755695343018
7.818143241090578e-14,2.4006376974603253e-15,18.27553153038025
7.77897914811497e-14,2.3881928776410283e-15,18.279354572296143
7.740011566783125e-14,2.375838055072377e-15,18.283721685409546
7.701239141842328e-14,2.3635338427223243e-15,18.28744602203369
7.662660518039863e-14,2.3512923108103684e-15,18.291401624679565
7.624275017749371e-14,2.339112612303562e-15,18.295301914215088
7.586082640970854e-14,2.327000464674299e-15,18.300076961517334
7.548082032451595e-14,2.314949938691949e-15,18.303762197494507
7.510270481686163e-14,2.302957222708249e-15,18.307517051696777
7.472649343927273e-14,2.2910411632062755e-15,18.31128716468811
7.435215908669496e-14,2.279170631725217e-15,18.315868139266968
7.397970853539187e-14,2.2673657452975705e-15,18.31963610649109
7.360911468030917e-14,2.2556398446922556e-15,18.323618173599243
7.324038429771043e-14,2.24395121353662e-15,18.327556848526
7.287350383506849e-14,2.2323339449067904e-15,18.331902027130127
7.250845296359262e-14,2.22076326308906e-15,18.335610151290894
7.214523168328282e-14,2.209269025994819e-15,18.339354753494263
7.178383999413909e-14,2.197826034393887e-15,18.343116998672485
7.142425079110712e-14,2.1864575816923134e-15,18.346954107284546
7.106647085045048e-14,2.1751306336051553e-15,18.35090708732605
7.071046629085129e-14,2.1638703893625934e-15,18.35465383529663
7.035625744110027e-14,2.152671978525181e-15,18.358413457870483
7.00038239724067e-14,2.1415286248293404e-15,18.36225914955139
6.965315233224342e-14,2.130432493220309e-15,18.36679697036743
6.930423574434685e-14,2.119396289192296e-15,18.370517015457153
6.895706743245342e-14,2.1084329299977467e-15,18.374241828918457
6.861164739656311e-14,2.097508534318771e-15,18.378028631210327
6.826794853162163e-14,2.086664183253311e-15,18.38247513771057
6.792597761389255e-14,2.075858583945188e-15,18.386215686798096
6.758571431458513e-14,2.065111006393952e-15,18.389954566955566
6.724716540996295e-14,2.054414039061314e-15,18.39385676383972
6.69103037949717e-14,2.0437886460127194e-15,18.3985538482666
6.657512946961139e-14,2.0331964990073044e-15,18.402470111846924
6.6241642433882e-14,2.0226725381541433e-15,18.406171798706055
6.590981558272924e-14,2.0122082931237637e-15,18.409953594207764
6.557965569241667e-14,2.0017957171031666e-15,18.413811445236206
6.525114921041714e-14,1.9914305749276157e-15,18.418028354644775
6.492428258420349e-14,1.9811177370365578e-15,18.421770572662354
6.459906936630289e-14,1.9708699089242016e-15,18.425522327423096
6.427547567539743e-14,1.96066697355805e-15,18.429340362548828
6.395350151148713e-14,1.950510836762234e-15,18.433695077896118
6.36331400983084e-14,1.9404216155692513e-15,18.437386751174927
6.331439143586123e-14,1.9303743225071576e-15,18.441123485565186
6.299723519535491e-14,1.920375733839531e-15,18.44497060775757
6.268166460052585e-14,1.910440249126475e-15,18.449711084365845
6.236767287511047e-14,1.9005541040825963e-15,18.45343565940857
6.205526679537235e-14,1.890713063543159e-15,18.457194328308105
6.174441925625718e-14,1.8809317388265032e-15,18.460739612579346
6.143512348150137e-14,1.8711957303725255e-15,18.46526527404785
6.112738624736852e-14,1.8615156260930665e-15,18.468831539154053
6.08211804488043e-14,1.8518890966475214e-15,18.472452402114868
6.05165128620723e-14,1.842304918849339e-15,18.47623920440674
6.021337671090893e-14,1.8327616103908616e-15,18.480093717575073
5.991175166652346e-14,1.823272088524535e-15,18.48442554473877
5.961164450517947e-14,1.813840800173332e-15,18.487959384918213
5.931303489808623e-14,1.804459486766017e-15,18.491479873657227
5.901592284524373e-14,1.795115442808381e-15,18.49550223350525
5.87203015703884e-14,1.7858345028053156e-15,18.500288724899292
5.842615752099309e-14,1.776590196977219e-15,18.504091262817383
5.813349069705778e-14,1.7674001012577467e-15,18.507823705673218
5.784228754605533e-14,1.758243251581454e-15,18.51172637939453
5.755254806798574e-14,1.7491435766291011e-15,18.516154289245605
5.726425871032184e-14,1.7400958883238859e-15,18.51962661743164
5.697741269680007e-14,1.7310959515010721e-15,18.524054527282715
5.669199647489326e-14,1.7221285195676093e-15,18.528257846832275
5.640802020899678e-14,1.7132165682921916e-15,18.533564805984497
5.61254635703199e-14,1.7043580859715693e-15,18.53731083869934
5.5844323170730834e-14,1.6955383554082839e-15,18.541366577148438
5.556458545770242e-14,1.6867706114921362e-15,18.545883655548096
5.5286253819366443e-14,1.6780465956518905e-15,18.551095008850098
5.5009318091327544e-14,1.6693592139866136e-15,18.554805040359497
5.4733764721058564e-14,1.6607268894629082e-15,18.558584690093994
5.445959709669129e-14,1.6521252698835408e-15,18.562568426132202
5.4186798277566783e-14,1.6435827308522444e-15,18.56696844100952
5.391536826368504e-14,1.6350841316550868e-15,18.570483684539795
5.3645300278782476e-14,1.6266113669628204e-15,18.57403588294983
5.337658415846373e-14,1.6182024473789533e-15,18.577587604522705
5.310921312646523e-14,1.6098317501568311e-15,18.581968545913696
5.284318040652339e-14,1.6015041457359005e-15,18.58549427986145
5.257848261050642e-14,1.5932163518634908e-15,18.588961601257324
5.231510618588717e-14,1.5849763094734825e-15,18.592698335647583
5.205305790892921e-14,1.5767772423022977e-15,18.596532106399536
5.179231745084181e-14,1.5686193621081731e-15,18.600909948349
5.153288142349319e-14,1.5605095510338052e-15,18.60463523864746
5.1274746438751545e-14,1.5524265273763943e-15,18.608378410339355
5.101790233222152e-14,1.5444008902011598e-15,18.61223006248474
5.0762349103903107e-14,1.5364150635744462e-15,18.61667561531067
5.050807997753273e-14,1.5284638594194517e-15,18.62014389038086
5.025507462431966e-14,1.5205604067468586e-15,18.623624801635742
5.000334659679105e-14,1.512688294293314e-15,18.6271710395813
4.9752872178024377e-14,1.5048684861242623e-15,18.631084442138672
4.950365475615143e-14,1.4970855238884162e-15,18.634748458862305
4.9255687554908625e-14,1.4893368664869338e-15,18.638227701187134
4.900896379803239e-14,1.4816301372163406e-15,18.64173197746277
4.8763469932995573e-14,1.4739694653622543e-15,18.64531373977661
4.8519209347929956e-14,1.4663436277381238e-15,18.649528741836548
4.8276171878440174e-14,1.4587652239590396e-15,18.653111457824707
4.803435413639444e-14,1.45122705424495e-15,18.656827926635742
4.779374595739738e-14,1.4437132367280938e-15,18.66041660308838
4.7554340565185427e-14,1.4362442060783238e-15,18.664050817489624
4.731614134789036e-14,1.4288185858671006e-15,18.667953968048096
4.707913136485324e-14,1.421421764776084e-15,18.671422958374023
4.684330383981049e-14,1.414080530222231e-15,18.675058841705322
4.660866893715747e-14,1.4067638596238483e-15,18.678787231445312
4.637520293997166e-14,1.3994875289695787e-15,18.683398962020874
4.614290584825306e-14,1.3922433855673047e-15,18.68691897392273
4.59117708857381e-14,1.3850518640868789e-15,18.690417766571045
4.568179466429498e-14,1.3778834242542657e-15,18.69397282600403
4.545297379579191e-14,1.3707619947502252e-15,18.69780445098877
4.5225298115833534e-14,1.3636763523882062e-15,18.701444625854492
4.4998764236288055e-14,1.3566197209046306e-15,18.705054759979248
4.477336199276011e-14,1.3496048057937073e-15,18.70856475830078
4.4549087997117903e-14,1.3426237720006741e-15,18.71217107772827
4.432594224936144e-14,1.3356915484812265e-15,18.71681022644043
4.4103914585095355e-14,1.3287774302910265e-15,18.720500230789185
4.388299483992428e-14,1.321912122374412e-15,18.72418475151062
4.366318301384821e-14,1.3150696843473733e-15,18.727940320968628
4.344447233060357e-14,1.3082751036818546e-15,18.732534646987915
4.3226859402058573e-14,1.3015114397189106e-15,18.73614811897278
4.301033745194964e-14,1.2947772101508837e-15,18.739600658416748
4.2794892927749614e-14,1.2880799323951807e-15,18.74328923225403
4.2580532605722074e-14,1.2814278650230375e-15,18.74720525741577
4.236724632147165e-14,1.2747963381998652e-15,18.75133180618286
4.215502729873477e-14,1.2682107629140814e-15,18.754788875579834
4.194387214937964e-14,1.2616509162540705e-15,18.75831961631775
4.173378087340626e-14,1.2551327859667118e-15,18.76196789741516
4.15247331420239e-14,1.2486404901842444e-15,18.766375303268433
4.1316735731496135e-14,1.242182287477904e-15,18.770255088806152
4.11097784774276e-14,1.2357642129574397e-15,18.77424192428589
4.090386137981829e-14,1.229370490634209e-15,18.778398752212524
4.069897427427284e-14,1.2230132966068287e-15,18.782894372940063
4.0495113772659463e-14,1.2166969719191534e-15,18.786414623260498
4.029227309871458e-14,1.21040510530783e-15,18.789960861206055
4.0090448864306405e-14,1.2041461671023312e-15,18.793506860733032
3.9889637681303144e-14,1.1979170868082231e-15,18.797107696533203
3.968982938530943e-14,1.1917245348099653e-15,18.800813913345337
3.949102736445706e-14,1.1855680875910843e-15,18.804425716400146
3.929321806621887e-14,1.1794406512506466e-15,18.808152198791504
3.909640149059486e-14,1.1733426493051261e-15,18.812537908554077
3.8900567473189665e-14,1.1672776816445485e-15,18.816997289657593
3.8705716014003286e-14,1.1612453247524402e-15,18.820454835891724
3.8511840336772143e-14,1.1552431434090778e-15,18.8239529132843
3.831893705336445e-14,1.1492677494826724e-15,18.827715158462524
3.8126995999384836e-14,1.1433317425883142e-15,18.832580089569092
3.793602056296509e-14,1.1374172291549927e-15,18.836077213287354
3.774600057970985e-14,1.1315361735230877e-15,18.839539527893066
3.7556932661487324e-14,1.1256949284397036e-15,18.843082904815674
3.7368810032033933e-14,1.1198732709932248e-15,18.84691619873047
3.718163269134968e-14,1.1140853889855177e-15,18.85147523880005
3.699539386317098e-14,1.1083298001089248e-15,18.85529136657715
3.681008677123426e-14,1.102599516341631e-15,18.85908818244934
3.6625708027407736e-14,1.0969018433428066e-15,18.862975120544434
3.644225085542782e-14,1.0912312753982942e-15,18.86737608909607
3.625971864342631e-14,1.0855882360245677e-15,18.87096905708313
3.607809445074425e-14,1.079982360221402e-15,18.8746976852417
3.589738166551344e-14,1.0743962838133782e-15,18.878969192504883
3.571757689960209e-14,1.0688462063056128e-15,18.883317708969116
3.5538666600483035e-14,1.0633221750609755e-15,18.88677453994751
3.536065754441986e-14,1.057827789969492e-15,18.89039659500122
3.51835395670172e-14,1.0523607216905576e-15,18.89418363571167
3.5007309280143256e-14,1.0469219231362377e-15,18.89859366416931
3.483196329566625e-14,1.0415100178779932e-15,18.902088165283203
3.465749144919081e-14,1.0361296645970339e-15,18.905537605285645
3.448389712884872e-14,1.030776734007742e-15,18.910751581192017
3.431116678211284e-14,1.0254522849013014e-15,18.916401147842407
3.413930718524673e-14,1.020152082112976e-15,18.919954299926758
3.396830817385503e-14,1.0148789843789628e-15,18.923432111740112
3.3798162971674164e-14,1.0096327799410248e-15,18.926985263824463
3.362887157870413e-14,1.0044174922056617e-15,18.931196928024292
3.346043060681314e-14,9.99229097766374e-16,18.935378313064575
3.3292829891605827e-14,9.940648437660828e-16,18.938852787017822
3.312606943308219e-14,9.889273771827487e-16,18.942744731903076
3.296014584311044e-14,9.838164862581347e-16,18.947156190872192
3.2795052345427e-14,9.787365120360954e-16,18.95153522491455
3.2630785551900077e-14,9.736795135827504e-16,18.95507836341858
3.2467345462529676e-14,9.68648455513415e-16,18.958618879318237
3.230471852478864e-14,9.636470435972337e-16,18.962347984313965
3.2142911514940545e-14,9.586639487685366e-16,18.967291355133057
3.1981910880458236e-14,9.537128294335984e-16,18.97078037261963
3.18217200094735e-14,9.48784579988236e-16,18.974289178848267
3.166232534945919e-14,9.438786710368576e-16,18.97816514968872
3.150373367667887e-14,9.390038905462907e-16,18.983012199401855
3.1345938214868974e-14,9.34156215110036e-16,18.986567974090576
3.118892879963413e-14,9.293271743986207e-16,18.99007487297058
3.103270881910612e-14,9.245288386315435e-16,18.993595600128174
3.087727149702138e-14,9.197521022046213e-16,18.997761011123657
3.072261344524811e-14,9.150027884693664e-16,19.001439094543457
3.056873127565453e-14,9.102706271512935e-16,19.005209922790527
3.0415614823845263e-14,9.055730883049395e-16,19.009528398513794
3.0263267477952105e-14,9.008927018757675e-16,19.013580083847046
3.0111685849843264e-14,8.962374087976579e-16,19.017760515213013
2.9960859775123375e-14,8.916087972573867e-16,19.021249532699585
2.9810792641924225e-14,8.870029497275731e-16,19.02475357055664
2.966147428585045e-14,8.824223014279402e-16,19.02862572669983
2.9512904706902043e-14,8.778628289519887e-16,19.0334312915802
2.936508051694722e-14,8.733310968050598e-16,19.036953687667847
2.92179983278542e-14,8.688176817456153e-16,19.04062581062317
2.907165136335939e-14,8.643285130042859e-16,19.044620037078857
2.892603284719922e-14,8.598647552513741e-16,19.04911231994629
2.8781149555637264e-14,8.554234968111238e-16,19.052587032318115
2.863699132427816e-14,8.510080199362056e-16,19.056057691574097
2.849355476499012e-14,8.46610171934502e-16,19.05964231491089
2.835083818370724e-14,8.422357232179664e-16,19.063869953155518
2.8208833110100057e-14,8.378870560667628e-16,19.067909240722656
2.806754123823446e-14,8.335610999864575e-16,19.07134771347046
2.792695748591277e-14,8.292551021199719e-16,19.074910879135132
2.77870767709373e-14,8.24970650654082e-16,19.078503131866455
2.7647897399242158e-14,8.20712192511761e-16,19.08289384841919
2.7509414288629658e-14,8.164767630776935e-16,19.08634853363037
2.73716274390998e-14,8.122563684784397e-16,19.089811086654663
2.723452668625722e-14,8.080624436587877e-16,19.094013690948486
2.7098117112299598e-14,8.038916534265075e-16,19.09858202934265
2.696238855283157e-14,7.997421448970271e-16,19.10211157798767
2.6827339313787238e-14,7.956058712573475e-16,19.105575561523438
2.6692969395166605e-14,7.91497443825809e-16,19.109105110168457
2.6559268632574302e-14,7.874133156519447e-16,19.1127507686615
2.642624041414212e-14,7.833423694283222e-16,19.117055892944336
2.629387796360648e-14,7.793013869952087e-16,19.120516777038574
2.6162179586901486e-14,7.752746982430802e-16,19.12404227256775
2.6031138507763563e-14,7.712728910837772e-16,19.127800941467285
2.5900756420258603e-14,7.672897715888731e-16,19.132417917251587
2.577102654812303e-14,7.633276690989727e-16,19.1359760761261
2.5641943809159157e-14,7.59388912954681e-16,19.139442920684814
2.5513509897432882e-14,7.554633387606309e-16,19.142984867095947
2.538571973074652e-14,7.5156545195604425e-16,19.146729946136475
2.5258569920968282e-14,7.476846646290803e-16,19.150790691375732
2.5132055385900486e-14,7.438233590599031e-16,19.15426540374756
2.500617612554313e-14,7.39980794094684e-16,19.158464908599854
2.488092705769853e-14,7.361606755025671e-16,19.162480354309082
2.47563047942349e-14,7.323642738329733e-16,19.16724133491516
2.4632307641086343e-14,7.285815835092132e-16,19.17070484161377
2.450893221012107e-14,7.248185867014768e-16,19.174217224121094
2.4386171725075505e-14,7.210769245360993e-16,19.177764415740967
2.4264029574081435e-14,7.173513030571605e-16,19.182371616363525
2.4142497286809388e-14,7.136502984732512e-16,19.185824394226074
2.4021576557325258e-14,7.099630052351757e-16,19.18936014175415
2.3901258915299574e-14,7.063000641943336e-16,19.192924976348877
2.3781544360732335e-14,7.026540108728775e-16,19.19657564163208
2.366242950549175e-14,6.990270157927346e-16,19.20103931427002
2.3543910961446035e-14,6.954184436791945e-16,19.20449924468994
2.342598703452929e-14,6.918251181587049e-16,19.20809292793274
2.330865433660973e-14,6.882573624453106e-16,19.21170401573181
2.3191906091423777e-14,6.847036886546644e-16,19.216182470321655
2.3075745687103216e-14,6.811710848085811e-16,19.219656944274902
2.2960166347384472e-14,6.776558980774758e-16,19.223127126693726
2.284516637820165e-14,6.741539462361713e-16,19.226670742034912
2.2730742391422962e-14,6.706748113448834e-16,19.23044466972351
2.261689269298251e-14,6.672104465906133e-16,19.234630823135376
2.2503612200682616e-14,6.637690046654783e-16,19.238218784332275
2.2390897526391486e-14,6.603399505971969e-16,19.241746187210083
2.2278748670109122e-14,6.569333429020177e-16,19.245283842086792
2.216716054963784e-14,6.535428817723956e-16,19.249517917633057
2.2056134859043536e-14,6.501684083896528e-16,19.2530300617218
2.1945663127996735e-14,6.468128873691049e-16,19.256574153900146
2.1835743662431545e-14,6.434753657986862e-16,19.260327339172363
2.1726376462347964e-14,6.40153884914706e-16,19.264066696166992
2.161755644554831e-14,6.368484976567237e-16,19.267940521240234
2.1509281917966687e-14,6.335643921015412e-16,19.271422624588013
2.1401549491471307e-14,6.302945272877844e-16,19.275108575820923
2.129435577793038e-14,6.270393267319269e-16,19.27886414527893
2.1187700777343908e-14,6.238035549942971e-16,19.28334617614746
2.108157771344831e-14,6.205845121573755e-16,19.287007570266724
2.0975988280309485e-14,6.173802394574717e-16,19.290494203567505
2.0870927395729745e-14,6.141940191472562e-16,19.294955492019653
2.0766393365643197e-14,6.110257453476107e-16,19.299997329711914
2.0662381107852158e-14,6.078713417124765e-16,19.303617238998413
2.0558890622356628e-14,6.047375315658724e-16,19.307151317596436
2.0455918521024817e-14,6.01613515237721e-16,19.31070113182068
2.035346310979083e-14,5.98507604238817e-16,19.31573462486267
2.0251521000522882e-14,5.95421439695496e-16,19.3194363117218
2.0150087111023285e-14,5.923478747672654e-16,19.322912454605103
2.004916482942383e-14,5.892933151407887e-16,19.32644772529602
1.9948745685395043e-14,5.862523609810274e-16,19.33018922805786
1.9848829678936926e-14,5.83226229897843e-16,19.33476424217224
1.9749415115983583e-14,5.802146571934395e-16,19.33832359313965
1.965049691433733e-14,5.772211368787244e-16,19.341845750808716
1.9552076768064065e-14,5.742461454097305e-16,19.34539008140564
1.9454147900900207e-14,5.712802595449196e-16,19.349645853042603
1.9356710312845755e-14,5.683311555203761e-16,19.353352785110474
1.9259758921703028e-14,5.654008450393499e-16,19.357093334197998
1.9163297115603814e-14,5.624812812888419e-16,19.360904216766357
1.9067314730152746e-14,5.595815698730352e-16,19.365241050720215
1.8971813459415718e-14,5.566909640614115e-16,19.368801593780518
1.8876791609326836e-14,5.538219046503836e-16,19.3723201751709
1.878224579175431e-14,5.50964121365466e-16,19.375844717025757
1.8688174312632248e-14,5.481199964868229e-16,19.379472017288208
1.859457039569707e-14,5.452935534209537e-16,19.383681297302246
1.850143912314646e-14,5.4247870411855e-16,19.387166738510132
1.840877371871684e-14,5.396797366839074e-16,19.39069700241089
1.8316572488342314e-14,5.368955393862825e-16,19.394240856170654
1.8224832043891095e-14,5.341272239564186e-16,19.39857506752014
1.8133552385363183e-14,5.313735727844541e-16,19.40259337425232
1.8042728430560893e-14,5.286283390024029e-16,19.406208038330078
1.7952360179484227e-14,5.259019517034281e-16,19.409873485565186
1.7862444244001394e-14,5.231883228382214e-16,19.41362714767456
1.7772980624112394e-14,5.204919522693149e-16,19.417558431625366
1.768396254355365e-14,5.178058519748939e-16,19.421170234680176
1.7595391696391058e-14,5.151319277790897e-16,19.425102710723877
1.7507264694492826e-14,5.124792323465261e-16,19.428768396377563
1.7419578149727166e-14,5.098335249357773e-16,19.433337926864624
1.733233206209408e-14,5.072039111510263e-16,19.436833381652832
1.724552134939588e-14,5.045856264319448e-16,19.440349578857422
1.7159147705698465e-14,5.019849705860781e-16,19.443929433822632
1.7073204354738254e-14,4.993950614707297e-16,19.447757482528687
1.698769129651525e-14,4.968200283715174e-16,19.45135188102722
1.690260853102945e-14,4.942550537885538e-16,19.455052375793457
1.6817952670149065e-14,4.917060669524696e-16,19.458858251571655
1.6733718631676414e-14,4.891697856105942e-16,19.462789297103882
1.6649906415611496e-14,4.866506566859007e-16,19.46710205078125
1.656651602195431e-14,4.841385687225812e-16,19.470560550689697
1.6483544062573068e-14,4.81638498039201e-16,19.474047660827637
1.6400985455270085e-14,4.791548386191738e-16,19.477884531021118
1.6318840200045363e-14,4.766851552427762e-16,19.4828782081604
1.6237106602833007e-14,4.742268538716074e-16,19.486356258392334
1.615578296956712e-14,4.717792992309569e-16,19.49000334739685
1.6074865912115918e-14,4.693481029141003e-16,19.493539571762085
1.5994355430479397e-14,4.66928712118946e-16,19.497328758239746
1.591424813652577e-14,4.645178975323826e-16,19.501296997070312
1.5834540642123245e-14,4.621224354179883e-16,19.504745721817017
1.5755232947271824e-14,4.597399434955987e-16,19.50833225250244
1.5676325051971508e-14,4.573690982762339e-16,19.512337923049927
1.5597808485892824e-14,4.550087880291506e-16,19.51661705970764
1.551968663716756e-14,4.526648890454204e-16,19.520070791244507
1.5441956117663927e-14,4.5032935451204425e-16,19.523516416549683
1.5364616927381926e-14,4.480074254453834e-16,19.52705430984497
1.5287663984123873e-14,4.456968783839513e-16,19.53113627433777
1.5211095593823873e-14,4.4339988384967523e-16,19.534775257110596
1.5134911756481927e-14,4.411113596448717e-16,19.5384840965271
1.5059105695834456e-14,4.388369438325959e-16,19.54261541366577
1.4983684188145038e-14,4.3657287770414437e-16,19.54647946357727
1.4908638763084202e-14,4.34323687591829e-16,19.550895929336548
1.4833969420651946e-14,4.320840001303906e-16,19.554595470428467
1.4759672772716483e-14,4.298581828334635e-16,19.558414459228516
1.4685750513343705e-14,4.276367065803911e-16,19.56224799156189
1.461219756033593e-14,4.2543185334890856e-16,19.56661820411682
1.4539012219627265e-14,4.232395997325164e-16,19.570124864578247
1.44661961852836e-14,4.2105740463237293e-16,19.573631286621094
1.439374098697547e-14,4.1888616802098454e-16,19.577160835266113
1.432165170690055e-14,4.167254134423184e-16,19.58083200454712
1.4249921568795267e-14,4.14578634907282e-16,19.58480978012085
1.4178552266725514e-14,4.1244048552039573e-16,19.58846950531006
1.4107540412559502e-14,4.1031445929256703e-16,19.592262029647827
1.403688346519839e-14,4.081985974601054e-16,19.59614658355713
1.3966579730576283e-14,4.0609480584714213e-16,19.60039448738098
1.3896630055726129e-14,4.040010198108683e-16,19.603869676589966
1.3827029358450243e-14,4.0191782168643516e-16,19.607350826263428
1.3757777638748626e-14,3.9984346446838898e-16,19.61107587814331
1.3688872355522436e-14,3.977849361785446e-16,19.615854024887085
1.3620312661738725e-14,3.9573426941324195e-16,19.619322061538696
1.3552096016298653e-14,3.9369384645264514e-16,19.62281847000122
1.3484220725136324e-14,3.9166255556601093e-16,19.62636137008667
1.3416687635284686e-14,3.896452142532268e-16,19.629951000213623
1.3349490817513108e-14,3.8763560211608637e-16,19.634084224700928
1.3282631118854537e-14,3.856390660500692e-16,19.637598037719727
1.3216105151177184e-14,3.836502326899161e-16,19.641114234924316
1.3149914608546944e-14,3.8167299309322853e-16,19.645047187805176
1.3084053561733186e-14,3.79705256147418e-16,19.649542570114136
1.3018523704801804e-14,3.777476041876357e-16,19.653016328811646
1.295332164962101e-14,3.758013342330821e-16,19.6564679145813
1.2888445702124909e-14,3.738635081382215e-16,19.660090684890747
1.2823895015280553e-14,3.719356082107115e-16,19.663665771484375
1.2759667047989101e-14,3.700188520604138e-16,19.66746473312378
1.2695763494316448e-14,3.6811136033297674e-16,19.67103934288025
1.2632177577999015e-14,3.6621435063826193e-16,19.675524711608887
1.2568910993102696e-14,3.6432732005045696e-16,19.67968511581421
1.2505960351495704e-14,3.624486009734469e-16,19.684702157974243
1.2443326500210985e-14,3.6057705520670894e-16,19.688177824020386
1.2381004357050855e-14,3.5872398534613295e-16,19.691691398620605
1.2318996463114157e-14,3.5687374775197434e-16,19.695311069488525
1.2257298583236154e-14,3.550328010504559e-16,19.700530767440796
1.2195909023350951e-14,3.532015422882717e-16,19.703999280929565
1.2134826936425602e-14,3.5138288314117794e-16,19.707473516464233
1.2074051475427158e-14,3.4957364723562235e-16,19.71181631088257
1.2013579252223832e-14,3.4777004939312193e-16,19.71662926673889
1.195341111384857e-14,3.459804011244716e-16,19.72009301185608
1.189354451920253e-14,3.4419636444909683e-16,19.723761320114136
1.1833976927186872e-14,3.424220951223951e-16,19.72755479812622
1.1774708337801594e-14,3.4065595201803107e-16,19.731954097747803
1.1715736209947855e-14,3.3890367907817834e-16,19.73550510406494
1.1657059696592708e-14,3.371545825118778e-16,19.739110708236694
1.1598677103670258e-14,3.354164179645528e-16,19.743370056152344
1.1540586737114611e-14,3.3368754430986795e-16,19.74740433692932
1.1482786902859872e-14,3.319707673444611e-16,19.751388549804688
1.1425276753873094e-14,3.302598931399054e-16,19.755090475082397
1.136805544312133e-14,3.2855672164121383e-16,19.758821487426758
1.1311120429505737e-14,3.268635557192117e-16,19.76260256767273
1.125447086599337e-14,3.251807659508134e-16,19.767091989517212
1.1198105058518332e-14,3.235034289570131e-16,19.770796537399292
1.1142020465981783e-14,3.2183726221020467e-16,19.774791479110718
1.1086217088383723e-14,3.2017861288080314e-16,19.779075384140015
1.1030694078691203e-14,3.185292279742622e-16,19.783406257629395
1.0975448895805383e-14,3.1688767812248337e-16,19.78711438179016
1.0920480692693316e-14,3.152562132567328e-16,19.790863752365112
1.0865786928256158e-14,3.136326363853035e-16,19.794642686843872
1.0811367602493911e-14,3.1201392995332093e-16,19.799068689346313
1.075722102134068e-14,3.1040618201009346e-16,19.80276608467102
1.070334549073057e-14,3.0880555443757885e-16,19.806517601013184
1.0649739316597687e-14,3.0721575300492133e-16,19.81048274040222
1.0596402498942031e-14,3.056338130968055e-16,19.81444764137268
1.0543331649631813e-14,3.0405857004292894e-16,19.818280458450317
1.049052761569998e-14,3.0249232671411693e-16,19.822021484375
1.043798785604769e-14,3.009337066818302e-16,19.82577610015869
1.0385711523641997e-14,2.993845363608613e-16,19.82955241203308
1.0333696077384057e-14,2.9784116292162516e-16,19.83415937423706
1.028194236430682e-14,2.963065509794372e-16,19.838141202926636
1.0230446996278494e-14,2.9477882117994565e-16,19.84207034111023
1.0179210820332029e-14,2.9326265867414005e-16,19.84637141227722
1.0128230448335634e-14,2.9175078427262993e-16,19.851009368896484
1.0077505033256363e-14,2.9024738020059235e-16,19.854836225509644
1.0027034575094216e-14,2.8875268468604373e-16,19.858676433563232
9.976815685717403e-15,2.8726614186361243e-16,19.862485647201538
9.926849212158872e-15,2.857854223926935e-16,19.86711883544922
9.87713261331978e-15,2.843125644463163e-16,19.87081217765808
9.827665042167182e-15,2.828479386013952e-16,19.874545574188232
9.77844565166813e-15,2.8139011548983174e-16,19.878520727157593
9.729472747756727e-15,2.799434890950398e-16,19.88319206237793
9.680743789334135e-15,2.784989273430568e-16,19.887009620666504
9.632260470466246e-15,2.7706617111277615e-16,19.89078402519226
9.584019403021272e-15,2.7563727947031735e-16,19.89464497566223
9.536019739966265e-15,2.742188963303604e-16,19.899261713027954
9.488261481301226e-15,2.728054100996298e-16,19.90303111076355
9.440741238894365e-15,2.7140076477528616e-16,19.90678858757019
9.39345985977863e-15,2.7000271042606334e-16,19.910629749298096
9.346414802855179e-15,2.6861272935961903e-16,19.91523790359497
9.299606068124012e-15,2.672286245842463e-16,19.91902208328247
9.25303026745334e-15,2.6585187840760284e-16,19.922812938690186
9.206689941942004e-15,2.644832584532971e-16,19.926725387573242
9.160580009392322e-15,2.631201706829281e-16,19.93065118789673
9.11470131683724e-15,2.617655267722521e-16,19.934824228286743
9.069053017243811e-15,2.6041763265537447e-16,19.938653707504272
9.023632569513194e-15,2.590769647883281e-16,19.942547082901
8.978439973645388e-15,2.5774188204477774e-16,19.94645929336548
8.933474382607446e-15,2.564135226252462e-16,19.951245069503784
8.888733255300527e-15,2.550928129720195e-16,19.954872131347656
8.84421659172463e-15,2.537807589367226e-16,19.958499908447266
8.79992269781386e-15,2.5247434296448085e-16,19.96221947669983
8.755850726535272e-15,2.511739621019883e-16,19.966863870620728
8.711999830855917e-15,2.4988046338219217e-16,19.970632553100586
8.6683683167099e-15,2.4859299977214523e-16,19.974425554275513
8.624954490031329e-15,2.4731255065369275e-16,19.97826623916626
8.581758350820201e-15,2.4603800429609144e-16,19.98291254043579
8.538779899076518e-15,2.4477139887237064e-16,19.986778259277344
8.49601574666849e-15,2.435116755913463e-16,19.990607023239136
8.45346504656317e-15,2.422576697827159e-16,19.994455814361572
8.411129492826453e-15,2.4100914321846306e-16,19.999239683151245
8.369004003260655e-15,2.3976921933258077e-16,20.003077268600464
8.327091118964618e-15,2.385355423146845e-16,20.00690531730652
8.285386604773605e-15,2.3730580929394885e-16,20.0108003616333
8.243891307720564e-15,2.3608444072356735e-16,20.015233278274536
8.202605227805495e-15,2.348685249277838e-16,20.01910638809204
8.161524976896609e-15,2.336593589257987e-16,20.022928476333618
8.120650554993905e-15,2.324569956571712e-16,20.02681279182434
8.079981115064437e-15,2.312606674982929e-16,20.03074884414673
8.039514116009363e-15,2.3006952741621656e-16,20.03478693962097
7.999251251894577e-15,2.28884581262567e-16,20.038599729537964
7.95918913458829e-15,2.277065701911731e-16,20.04249596595764
7.91932861112345e-15,2.265339324850383e-16,20.046405792236328
7.879666293368268e-15,2.2536754164688953e-16,20.051036834716797
7.840204722421584e-15,2.242062594762039e-16,20.05482840538025
7.800938816085717e-15,2.2305265354160273e-16,20.058690071105957
7.76187026842656e-15,2.219042489186933e-16,20.06261157989502
7.722997385378218e-15,2.2076091325857762e-16,20.06719708442688
7.684319319907745e-15,2.1962545235789342e-16,20.071016550064087
7.64583607201514e-15,2.1849491483621515e-16,20.075824737548828
7.607544253568615e-15,2.1737004184737164e-16,20.079807996749878
7.569443864568169e-15,2.1625071427735468e-16,20.08454990386963
7.53153575204675e-15,2.151371571192909e-16,20.088375091552734
7.493816527872569e-15,2.1403064092260116e-16,20.092267990112305
7.456286192045625e-15,2.1292794960906387e-16,20.096171379089355
7.418943050500025e-15,2.1183227278712103e-16,20.101102352142334
7.381788797301662e-15,2.1074163845819231e-16,20.104912757873535
7.344819197285801e-15,2.096558348640409e-16,20.108783721923828
7.308035097485389e-15,2.0857846189469264e-16,20.112741470336914
7.271435650867478e-15,2.0750337856127992e-16,20.117778539657593
7.235019163366174e-15,2.0643636851064572e-16,20.12160348892212
7.198784787948529e-15,2.05373646564307e-16,20.125463724136353
7.162732524614544e-15,2.043162847483376e-16,20.129353523254395
7.126860679298325e-15,2.0326385954626394e-16,20.13394856452942
7.091168404966923e-15,2.022180650239805e-16,20.137780904769897
7.055654854587392e-15,2.01177723276295e-16,20.14166283607483
7.020319181126784e-15,2.0014139170021917e-16,20.1455717086792
6.985160537552153e-15,1.9911178344816216e-16,20.15014910697937
6.95017807683055e-15,1.9808687358198446e-16,20.153993844985962
6.915370951929029e-15,1.970674826648537e-16,20.15783166885376
6.880737468781695e-15,1.9605362393165972e-16,20.161733150482178
6.846278050905022e-15,1.9504439740989602e-16,20.166304349899292
6.8119910042331155e-15,1.94039445757538e-16,20.17013669013977
6.777875481733028e-15,1.9304064832893737e-16,20.174015283584595
6.743931483404759e-15,1.920476742518491e-16,20.17792272567749
6.7101573151824145e-15,1.9105954414442796e-16,20.182687759399414
6.676552130033047e-15,1.9007646976491074e-16,20.186526775360107
6.64311508092371e-15,1.8909887462977107e-16,20.19035840034485
6.609846167854403e-15,1.8812474703575922e-16,20.194258213043213
6.576743273242758e-15,1.8715638985370055e-16,20.198594093322754
6.543805550055827e-15,1.8619298252042739e-16,20.202443838119507
6.511033845326558e-15,1.8523445886149074e-16,20.206257581710815
6.478426041472583e-15,1.842823144194381e-16,20.210169553756714
6.445981714977428e-15,1.8333357134406428e-16,20.214059829711914
6.413699595291672e-15,1.8239037368751701e-16,20.21811079978943
6.381579258898842e-15,1.8145217881931447e-16,20.2219295501709
6.349619435249516e-15,1.8051757060624795e-16,20.22581934928894
6.317820124343695e-15,1.7958907691226943e-16,20.22973895072937
6.286180055631958e-15,1.7866589040910105e-16,20.2342689037323
6.254698805597831e-15,1.7774580087014607e-16,20.238098859786987
6.22337468017542e-15,1.7683161409204226e-16,20.241957902908325
6.1922072558482505e-15,1.7592039192925385e-16,20.245864391326904
6.161196532616323e-15,1.75015112231986e-16,20.250497102737427
6.130340816413744e-15,1.741147956183935e-16,20.254331350326538
6.099639683724038e-15,1.7321904504178227e-16,20.258208513259888
6.069092287514259e-15,1.7232752962990732e-16,20.262110233306885
6.0386973572349855e-15,1.7144088465747908e-16,20.26667809486389
6.008454892886218e-15,1.705583954404483e-16,20.27052402496338
5.978364894467956e-15,1.696817031051503e-16,20.27438998222351
5.948424397364885e-15,1.6880878271344554e-16,20.278303384780884
5.918635095642898e-15,1.6794021660048526e-16,20.28291344642639
5.888994024686681e-15,1.6707588565226125e-16,20.28673243522644
5.859501184496234e-15,1.6621620015035734e-16,20.29059648513794
5.830156575071556e-15,1.6536183507415337e-16,20.29449987411499
5.8009589258632265e-15,1.6451023608991778e-16,20.299107789993286
5.7719073898382985e-15,1.6366450016186396e-16,20.3029625415802
5.743001543480298e-15,1.6282154356066832e-16,20.306804656982422
5.7142405397562785e-15,1.6198397355962163e-16,20.310712099075317
5.685623531633292e-15,1.611503740255152e-16,20.315273761749268
5.6571496720783914e-15,1.6032145964239825e-16,20.31913447380066
5.6288181140586296e-15,1.5949752157784643e-16,20.322967290878296
5.60062928109048e-15,1.5867697164508363e-16,20.326865911483765
5.5725802085586276e-15,1.5786043188393048e-16,20.33083486557007
5.54467301404544e-15,1.5704836551553003e-16,20.33478355407715
5.516905156452076e-15,1.5624089165389046e-16,20.338632822036743
5.489276212262062e-15,1.554365015215745e-16,20.34253454208374
5.461786181475397e-15,1.5463769651275449e-16,20.346447706222534
5.4344333700261874e-15,1.5384189582391927e-16,20.35091757774353
5.4072173543979595e-15,1.5305054205805714e-16,20.354732275009155
5.380138134590713e-15,1.522636087453885e-16,20.358641386032104
5.353194016538554e-15,1.5148006356450886e-16,20.362573623657227
5.326385423757955e-15,1.507006079645777e-16,20.36709952354431
5.299710662183023e-15,1.4992595662964423e-16,20.37092399597168
5.2731697318137566e-15,1.4915360816553612e-16,20.374800443649292
5.246761785617209e-15,1.48387241871618e-16,20.378742933273315
5.220485976560434e-15,1.4762390636746426e-16,20.383333206176758
5.194341881126956e-15,1.4686470014892839e-16,20.38717246055603
5.168328652283829e-15,1.4610878941795293e-16,20.391037702560425
5.142445019481632e-15,1.453579476497712e-16,20.394977569580078
5.116692253269786e-15,1.4461013667135385e-16,20.399584531784058
5.091067812549449e-15,1.4386620351564816e-16,20.403428554534912
5.065571697320621e-15,1.4312633347111133e-16,20.407293558120728
5.040203060550355e-15,1.4239068535642097e-16,20.41120743751526
5.0149614787221766e-15,1.4165830625951142e-16,20.41577434539795
4.9898469518360865e-15,1.4092918294549288e-16,20.41960573196411
4.964858209342664e-15,1.4020393745418599e-16,20.423463821411133
4.9399939806924874e-15,1.3948328446964e-16,20.427363395690918
4.915254689402031e-15,1.3876556963062978e-16,20.431926250457764
4.8906394884383475e-15,1.3805276493573568e-16,20.43582320213318
4.866147107252016e-15,1.3734242193034455e-16,20.439685344696045
4.841777545843036e-15,1.3663570528475884e-16,20.443718671798706
4.817529957178461e-15,1.3593344879703602e-16,20.447824001312256
4.79340434125829e-15,1.3523467308533082e-16,20.451688528060913
4.769398580500156e-15,1.3453879581449201e-16,20.45551371574402
4.7455135219370056e-15,1.3384695518504246e-16,20.45944380760193
4.721748318535892e-15,1.3315916443187197e-16,20.463410139083862
4.698102123263867e-15,1.3247355743551862e-16,20.467600345611572
4.674574089087984e-15,1.3179245030169756e-16,20.47144055366516
4.6511642160082436e-15,1.3111540627904535e-16,20.475327968597412
4.627871233475224e-15,1.3044122099259013e-16,20.480278730392456
4.6046951414889254e-15,1.297698812074421e-16,20.484488010406494
4.581635093016401e-15,1.2910292217081814e-16,20.488322019577026
4.5586902410247026e-15,1.2843829247479913e-16,20.492244005203247
4.535860585513831e-15,1.2777862586245544e-16,20.496169567108154
4.513145279450839e-15,1.271212488860473e-16,20.50110626220703
4.490543899319252e-15,1.264677894370202e-16,20.504942417144775
4.468055174569651e-15,1.2581798281757815e-16,20.508840799331665
4.4456795287185075e-15,1.2517169667882312e-16,20.512747526168823
4.4234161147328754e-15,1.245269193175054e-16,20.517833471298218
4.40126323854686e-15,1.2388729032832018e-16,20.521669626235962
4.379222594226356e-15,1.2324996420996033e-16,20.52556324005127
4.357291640672521e-15,1.226164100351937e-16,20.529473066329956
4.335470377885356e-15,1.219861248782079e-16,20.533947229385376
4.31375880586486e-15,1.2135916167856211e-16,20.537760019302368
4.2921560775780864e-15,1.2073452781952127e-16,20.541654348373413
4.270661345992088e-15,1.2011369237385327e-16,20.54557204246521
4.24927418759039e-15,1.194962318250845e-16,20.5500590801239
4.227993755340047e-15,1.1888211970343532e-16,20.553889274597168
4.206820472757531e-15,1.1827118395533835e-16,20.557751655578613
4.185753069293422e-15,1.176635172250222e-16,20.561678409576416
4.164791121431246e-15,1.1705824600976e-16,20.56628441810608
4.14393420565453e-15,1.164562305773888e-16,20.570189952850342
4.1231818984468e-15,1.1585752386746782e-16,20.574059009552002
4.102533352775108e-15,1.1526219205444606e-16,20.577961444854736
4.081988145122981e-15,1.1466986456140909e-16,20.582432508468628
4.061545851973946e-15,1.1408003846254447e-16,20.58627462387085
4.0412060498115285e-15,1.1349354755590968e-16,20.590132236480713
4.020968315119255e-15,1.1290983597613306e-16,20.594078063964844
4.000831377347705e-15,1.1232973752127207e-16,20.598601818084717
3.980795660013352e-15,1.1175245809793866e-16,20.602465867996216
3.960860316083248e-15,1.1117769330366742e-16,20.606292486190796
3.941024922040921e-15,1.1060625708418108e-16,20.61020827293396
3.921288630853422e-15,1.1003859942573289e-16,20.614139556884766
3.901651866037225e-15,1.094724571621669e-16,20.618321657180786
3.882112510009963e-15,1.0890974935250423e-16,20.622163772583008
3.862670986288109e-15,1.0834956940679351e-16,20.62604308128357
3.843327718388136e-15,1.0779294964643923e-16,20.629953384399414
3.824080165211203e-15,1.072387651058083e-16,20.634344816207886
3.804930020823204e-15,1.0668773708639488e-16,20.638192653656006
3.785875591158245e-15,1.061389920854721e-16,20.642091035842896
3.766916029183378e-15,1.0559359551166894e-16,20.645994901657104
3.748051758415078e-15,1.0505072680181774e-16,20.65048575401306
3.729281931820396e-15,1.0451124622375555e-16,20.654324769973755
3.710606549399333e-15,1.0397412145607792e-16,20.658203601837158
3.692023917085995e-15,1.0343978263270337e-16,20.662105560302734
3.6735353054298016e-15,1.0290801137795018e-16,20.666869163513184
3.655139020364859e-15,1.0237919812106747e-16,20.670714616775513
3.63683421485822e-15,1.0185285317113263e-16,20.67461633682251
3.618621735942832e-15,1.0132942651439888e-16,20.6785409450531
3.6004998895527995e-15,1.0080860051351099e-16,20.68301773071289
3.582469522721071e-15,1.0029042149058327e-16,20.686834812164307
3.5645285178652775e-15,9.977503502940353e-17,20.690725088119507
3.5466781455348404e-15,9.926256024397998e-17,20.694645643234253
3.5289169234221018e-15,9.875204422224695e-17,20.69917130470276
3.511244639768825e-15,9.824565748613179e-17,20.70301365852356
3.493660871058536e-15,9.774011116551898e-17,20.706825971603394
3.4761651937747617e-15,9.723713241352753e-17,20.710723876953125
3.458757184401028e-15,9.673816383314575e-17,20.715278148651123
3.441436207662625e-15,9.624104813733608e-17,20.7191321849823
3.4242020518013153e-15,9.574640074847427e-17,20.722991228103638
3.4070542933006256e-15,9.525471135748295e-17,20.726881504058838
3.3899922968858454e-15,9.476460353582283e-17,20.730782747268677
3.373015639040501e-15,9.427762576560061e-17,20.734734296798706
3.356124108006356e-15,9.379361922813868e-17,20.738554000854492
3.339317280266936e-15,9.331158468925708e-17,20.742441415786743
3.322594732305768e-15,9.283213095388665e-17,20.746355772018433
3.3059556170899045e-15,9.235535066625598e-17,20.751017808914185
3.2893999346193456e-15,9.188035047130353e-17,20.75482964515686
3.2729272613776176e-15,9.140848032778898e-17,20.758718967437744
3.25653696209001e-15,9.093872114919767e-17,20.762648344039917
3.240229036756523e-15,9.047142366010931e-17,20.76720666885376
3.2240024265859724e-15,9.000671359197702e-17,20.771032333374023
3.207857131578358e-15,8.954437256911908e-17,20.774909257888794
3.1917929399754436e-15,8.908426824263748e-17,20.778820276260376
3.1758090047442813e-15,8.862697633023857e-17,20.783396244049072
3.1599051141266345e-15,8.817113363827285e-17,20.787264108657837
3.1440810563642665e-15,8.771836144074092e-17,20.791203022003174
3.1283361961824668e-15,8.726763403368322e-17,20.7951078414917
3.1126701100647617e-15,8.681884553798135e-17,20.799643754959106
3.0970823744946776e-15,8.637316062393778e-17,20.803482055664062
3.0815729894722145e-15,8.592971902371546e-17,20.80733346939087
3.0661408962061884e-15,8.548791193238353e-17,20.811269283294678
3.050786518213073e-15,8.50491223959262e-17,20.815786838531494
3.035508584943447e-15,8.461251661628601e-17,20.81964683532715
3.0203075199137846e-15,8.41771085941728e-17,20.823516845703125
3.0051824760911382e-15,8.374479091882809e-17,20.827418327331543
2.9901330299590342e-15,8.331472317474952e-17,20.831947326660156
2.9751591815174727e-15,8.288688550960239e-17,20.835813283920288
2.9602602954917432e-15,8.246084778946818e-17,20.839656352996826
2.945436160123609e-15,8.203720558438792e-17,20.843565940856934
2.9306859283801225e-15,8.16157074314554e-17,20.847495555877686
2.916009812019521e-15,8.119657170635233e-17,20.85149598121643
2.9014069640088567e-15,8.077975870440931e-17,20.855355262756348
2.8868771725898933e-15,8.036489784871191e-17,20.8592689037323
2.8724204377626305e-15,7.995179723335803e-17,20.863190412521362
2.8580363360105948e-15,7.95410458109438e-17,20.867675304412842
2.843723808542602e-15,7.91323524138936e-17,20.871524572372437
2.829483067116889e-15,7.872567733753803e-17,20.875408172607422
2.8153136882169824e-15,7.832176835315084e-17,20.879329204559326
2.801215248326408e-15,7.791938799853564e-17,20.884384393692017
2.7871877474451665e-15,7.751921125307229e-17,20.888566255569458
2.7732301267820733e-15,7.712105944574846e-17,20.89253258705139
2.7593423863371287e-15,7.672491934167437e-17,20.896339178085327
2.7455243143520956e-15,7.63308240280745e-17,20.90107774734497
2.731775275552264e-15,7.593872056538967e-17,20.90455150604248
2.71809548169587e-15,7.554909864454249e-17,20.908075094223022
2.7044838739917303e-15,7.516073403822639e-17,20.911686182022095
2.6909404524398444e-15,7.477457304106214e-17,20.916842460632324
2.6774650052819758e-15,7.439068182749873e-17,20.920485734939575
2.664056685485177e-15,7.400890157885855e-17,20.92419123649597
2.6507159165659218e-15,7.362839849708416e-17,20.9282283782959
2.637441851491263e-15,7.325044313159643e-17,20.933005809783936
2.6242340667447265e-15,7.287461196592174e-17,20.93658995628357
2.6110927740845497e-15,7.249993223565972e-17,20.940183639526367
2.598017126477785e-15,7.212721126908822e-17,20.94379758834839
2.5850071239244326e-15,7.175752770972603e-17,20.947807550430298
2.572061919391545e-15,7.138886323687849e-17,20.951481819152832
2.5591817246373594e-15,7.102205826604798e-17,20.955024242401123
2.546366116145402e-15,7.065764219282652e-17,20.95856475830078
2.533614458640962e-15,7.029443049457693e-17,20.96242642402649
2.5209269638822767e-15,6.99335613718221e-17,20.966702699661255
2.5083029965946354e-15,6.957447234174548e-17,20.970181941986084
2.4957421332615646e-15,6.921732222302468e-17,20.973667860031128
2.4832441621248274e-15,6.886162794218198e-17,20.977294445037842
2.470808871426187e-15,6.850797845181351e-17,20.981133937835693
2.458435625890933e-15,6.81569031475113e-17,20.984891414642334
2.4461244255190653e-15,6.780647635280934e-17,20.988353967666626
2.4338750585523473e-15,6.745834581148782e-17,20.99186873435974
2.4216868897160683e-15,6.71117505173832e-17,20.995548725128174
2.4095599190102285e-15,6.676753088599783e-17,21.000064373016357
2.397493722918354e-15,6.642480017971506e-17,21.00355553627014
2.385487666165735e-15,6.608339957985728e-17,21.007357358932495
2.3735419605106075e-15,6.574420258915133e-17,21.01121163368225
2.3616559706782616e-15,6.540692465746651e-17,21.015934705734253
2.3498294849104602e-15,6.507114888577409e-17,21.01972532272339
2.33806207969073e-15,6.473677601240055e-17,21.023517608642578
2.3263539667773073e-15,6.440445454694615e-17,21.027358770370483
2.3147042991372452e-15,6.407374112060254e-17,21.031933784484863
2.303112865012307e-15,6.374482102182696e-17,21.035731077194214
2.2915796644024924e-15,6.341721117714166e-17,21.039549589157104
2.280104273791328e-15,6.309201669984501e-17,21.04340386390686
2.26868626966234e-15,6.276784792650793e-17,21.047269344329834
2.2573254402572917e-15,6.24459886414411e-17,21.051435232162476
2.2460213620597094e-15,6.212515506033383e-17,21.05521035194397
2.2347740350695932e-15,6.18065581756029e-17,21.059048652648926
2.2235830357704694e-15,6.148884802848864e-17,21.062899827957153
2.2124479406458643e-15,6.11732157590731e-17,21.067067861557007
2.201368961454015e-15,6.085918491132347e-17,21.070555925369263
2.190345251161974e-15,6.054645108277432e-17,21.074055910110474
2.1793765980115043e-15,6.023592748082192e-17,21.077584505081177
2.1684630020026062e-15,5.992666781084549e-17,21.08191466331482
2.157604039618806e-15,5.961889044852676e-17,21.08546018600464
2.146799499101867e-15,5.931293288355565e-17,21.08894371986389
2.1360489569353155e-15,5.900846424368713e-17,21.092573642730713
2.125352836635625e-15,5.870572275693762e-17,21.09637475013733
2.114709444136901e-15,5.84043643161723e-17,21.100947618484497
2.104119838230328e-15,5.810442200861567e-17,21.104397535324097
2.093582960124721e-15,5.780640537752507e-17,21.107900381088257
2.0830992333365547e-15,5.750949385973283e-17,21.111452102661133
2.072667810832881e-15,5.721445507884742e-17,21.11583161354065
2.0622886926137006e-15,5.692074640438699e-17,21.119306564331055
2.0519614551625393e-15,5.662823548745354e-17,21.122753381729126
2.0416858867211606e-15,5.633792817967193e-17,21.12628722190857
2.031462199047801e-15,5.60488583340867e-17,21.129863023757935
2.0212891215930402e-15,5.576128403104896e-17,21.13424587249756
2.011167289631588e-15,5.547471557963609e-17,21.137706995010376
2.0010960678887345e-15,5.519046654266082e-17,21.14123511314392
1.9910752446062425e-15,5.49070579211879e-17,21.14475703239441
1.981104819784112e-15,5.462503234569917e-17,21.149269342422485
1.971184158147633e-15,5.4344952299011166e-17,21.15276026725769
1.961313259696805e-15,5.406595751328683e-17,21.15623712539673
1.9514917009151546e-15,5.3788226659538476e-17,21.159767627716064
1.9417194818026817e-15,5.351230898569284e-17,21.163306951522827
1.931995967084676e-15,5.3237397163472065e-17,21.167545557022095
1.9223211567611373e-15,5.2964420943884665e-17,21.171029329299927
1.912694839073829e-15,5.269258954226504e-17,21.17455554008484
1.903117014022751e-15,5.2422343018699064e-17,21.178110122680664
1.893586834574956e-15,5.21530394810314e-17,21.182690620422363
1.884104300730444e-15,5.188538037842149e-17,21.18618392944336
1.874669624247452e-15,5.1618981899065114e-17,21.1896333694458
1.8652819580930327e-15,5.135404587503173e-17,21.193177938461304
1.855941302267186e-15,5.1090979279182715e-17,21.196739673614502
1.8466476567699118e-15,5.082880603839526e-17,21.201016187667847
1.8374003863264998e-15,5.056771474984902e-17,21.204474210739136
1.82819949093695e-15,5.0308089225348227e-17,21.207971572875977
1.819044335326552e-15,5.005016769290929e-17,21.211498975753784
1.809935554770016e-15,4.979337443482588e-17,21.215938329696655
1.8008718787179212e-15,4.95378748872205e-17,21.219764709472656
1.791854154203215e-15,4.9283523466305345e-17,21.2235164642334
1.7828811106764767e-15,4.9030786701945893e-17,21.2273166179657
1.7739531716541796e-15,4.8779069024101107e-17,21.2310950756073
1.7650699136198501e-15,4.852877740563236e-17,21.235050916671753
1.7562312306943699e-15,4.827962067896404e-17,21.238807201385498
1.7474368052403837e-15,4.8031823837222753e-17,21.242665767669678
1.738686213741418e-15,4.778576407476783e-17,21.24653649330139
1.7299796679557094e-15,4.754051825803566e-17,21.25107479095459
1.7213167443667844e-15,4.7296533064557016e-17,21.254822492599487
1.7126970194581695e-15,4.7053795259442105e-17,21.258569478988647
1.7041205991089829e-15,4.6812619171323694e-17,21.262409687042236
1.6955871656818694e-15,4.657229673359744e-17,21.26777720451355
1.6870962956603555e-15,4.633323161040226e-17,21.27204442024231
1.6786480949235595e-15,4.609560578147293e-17,21.27589988708496
1.6702421399550078e-15,4.585914793156852e-17,21.279786109924316
1.661878324875582e-15,4.562371247690123e-17,21.284944534301758
1.6535562261688085e-15,4.538975602116918e-17,21.288874626159668
1.6452760555929241e-15,4.5156871591511e-17,21.292440176010132
1.6370370719941e-15,4.492504595303689e-17,21.296079874038696
1.6288396988888097e-15,4.469482504495113e-17,21.30080771446228
1.6206831951232244e-15,4.446520301562886e-17,21.304311275482178
1.6125674548182257e-15,4.4237377622597055e-17,21.307828903198242
1.6044924779738136e-15,4.401017757810834e-17,21.31151580810547
1.596457946952633e-15,4.3784535941893674e-17,21.31598138809204
1.5884635441173285e-15,4.356014500276519e-17,21.3195858001709
1.5805091635887818e-15,4.333659447913906e-17,21.323286294937134
1.5725948053669928e-15,4.311404649841534e-17,21.32710862159729
1.5647198341772512e-15,4.289312640913713e-17,21.33111023902893
1.5568844617777937e-15,4.267305335280617e-17,21.334744691848755
1.549088370531265e-15,4.245418136272464e-17,21.338347673416138
1.5413312428003102e-15,4.223607368752911e-17,21.342053174972534
1.5336129727058106e-15,4.201961706483623e-17,21.345913887023926
1.5259333484895295e-15,4.180416298504577e-17,21.350658178329468
1.51829215839323e-15,4.1589744535382224e-17,21.354565382003784
1.5106891906586754e-15,4.1376351789678244e-17,21.35832405090332
1.503124551164984e-15,4.116400790899098e-17,21.362006664276123
1.4955974987583272e-15,4.0952908107945e-17,21.366341590881348
1.4881082451969414e-15,4.0742880332972884e-17,21.369911909103394
1.4806564728434717e-15,4.0533871644515436e-17,21.373395919799805
1.4732420758187996e-15,4.032587542512775e-17,21.376946926116943
1.4658648423646883e-15,4.011911666793645e-17,21.38053560256958
1.4585244548437825e-15,3.991339023214961e-17,21.384369373321533
1.4512209132560823e-15,3.970872920499174e-17,21.387945652008057
1.4439538999642325e-15,3.950516005624244e-17,21.3915114402771
1.4367233090891145e-15,3.9302490879999596e-17,21.39507746696472
1.4295288229933733e-15,3.9100916890887774e-17,21.399649381637573
1.4223705475561272e-15,3.8900342135955916e-17,21.403189659118652
1.4152479533817842e-15,3.870089565537958e-17,21.40680694580078
1.4081610404703443e-15,3.85023359124199e-17,21.410606145858765
1.4011098088218075e-15,3.830487135659124e-17,21.415361881256104
1.3940936231614633e-15,3.81084358134446e-17,21.41925859451294
1.3871126952475486e-15,3.791314177954328e-17,21.423018217086792
1.380166707442708e-15,3.7718701396034115e-17,21.426862239837646
1.3732555538678234e-15,3.7525137823974256e-17,21.430856943130493
1.3663790227646578e-15,3.733288781472713e-17,21.434760332107544
1.359536796495856e-15,3.71413425633619e-17,21.43854784965515
1.352728875061418e-15,3.6950578170494923e-17,21.442355155944824
1.3459552584613437e-15,3.676119020616723e-17,21.446220636367798
1.3392154173000412e-15,3.6572794858574605e-17,21.4508855342865
1.3325092456983921e-15,3.6385153899700626e-17,21.454585552215576
1.3258367436563964e-15,3.6198730550688325e-17,21.45844531059265
1.3191975935366988e-15,3.6012925932774214e-17,21.462305068969727
1.3125916894601809e-15,3.5828236354325824e-17,21.46684217453003
1.3060190314268427e-15,3.5644820634020766e-17,21.47061777114868
1.2994790900410923e-15,3.5461844973801586e-17,21.474435806274414
1.292971971182048e-15,3.5279947957101175e-17,21.478384256362915
1.2864973572123545e-15,3.5098997235021525e-17,21.482964992523193
1.2800553540111303e-15,3.491909537795859e-17,21.486814975738525
1.2736454321827834e-15,3.4740063714900065e-17,21.49082064628601
1.2672676976064321e-15,3.456188239351124e-17,21.49441432952881
1.2609219385238397e-15,3.4384743319694236e-17,21.498687505722046
1.2546079431767694e-15,3.420839172182038e-17,21.50252866744995
1.2483254998069842e-15,3.403288384817133e-17,21.50605583190918
1.2420746084144843e-15,3.3858550570992104e-17,21.509893894195557
1.2358549513619144e-15,3.368484264235597e-17,21.514453649520874
1.2296665286492744e-15,3.35121802700141e-17,21.519031763076782
1.2235090226392093e-15,3.334028883000313e-17,21.522971153259277
1.2173823274526006e-15,3.316937015439252e-17,21.526751279830933
1.2112863372103298e-15,3.299929520300672e-17,21.531123876571655
1.2052209460332785e-15,3.283020625091108e-17,21.535689115524292
1.1991857304049732e-15,3.266186837881164e-17,21.53965449333191
1.1931809020836507e-15,3.249449665366766e-17,21.54361391067505
1.1872061434319557e-15,3.2327823068960674e-17,21.54868221282959
1.1812612426916514e-15,3.2161986591033593e-17,21.55253005027771
1.1753460939836194e-15,3.199717581706608e-17,21.556089639663696
1.1694606973078597e-15,3.183326501560502e-17,21.55987548828125
1.163604735027017e-15,3.166981743528699e-17,21.56374216079712
1.1577778895037363e-15,3.1507656948002096e-17,21.56802248954773
1.1519804783753727e-15,3.134590343357858e-17,21.571505069732666
1.1462120781254525e-15,3.1185377455184086e-17,21.57501244544983
1.1404723711166205e-15,3.1025473516610235e-17,21.5785653591156
1.1347615691071136e-15,3.086658866455105e-17,21.583088397979736
1.1290792485804581e-15,3.0708226590639e-17,21.58656620979309
1.1234255154157725e-15,3.0550794267735455e-17,21.590105295181274
1.1178000519757015e-15,3.0394182507999565e-17,21.59364080429077
1.112202858260245e-15,3.023859314350079e-17,21.597213745117188
1.1066335107529296e-15,3.008340744314094e-17,21.601928234100342
1.1010921153328736e-15,2.992908201061815e-17,21.60629367828369
1.0955784602418401e-15,2.977576573844267e-17,21.61007285118103
1.0900924396007108e-15,2.9623121136924585e-17,21.61444878578186
1.0846339475303673e-15,2.947128386368435e-17,21.618987560272217
1.0792026663934543e-15,2.932013480471376e-17,21.622939825057983
1.0737987020690903e-15,2.916990887930678e-17,21.627013444900513
1.06842173691992e-15,2.90204737385654e-17,21.631924867630005
1.063071665066825e-15,2.887181283887737e-17,21.636656999588013
1.0577484865098054e-15,2.8723833536014085e-17,21.641221284866333
1.0524518836115058e-15,2.857634392407343e-17,21.645217180252075
1.0471818563719264e-15,2.843003883476995e-17,21.650409698486328
1.0419380871537118e-15,2.8284405416123865e-17,21.65477204322815
1.0367206818359806e-15,2.8139337789016765e-17,21.65852928161621
1.0315294286604958e-15,2.799513704719162e-17,21.662651538848877
1.0263641158690206e-15,2.785163113708102e-17,21.668179750442505
1.0212248493406736e-15,2.770880847815639e-17,21.672470808029175
1.0161110996798626e-15,2.7566943694381096e-17,21.67627716064453
1.0110230786448244e-15,2.742574230945707e-17,21.680349826812744
1.0059604685982038e-15,2.728520101466186e-17,21.68495774269104
1.000923269540001e-15,2.7145088199423952e-17,21.68846082687378
9.959111638328604e-16,2.7006020940480312e-17,21.691990613937378
9.909242573559007e-16,2.6867628660916515e-17,21.695717811584473
9.859622324717666e-16,2.6729929558706038e-17,21.701094388961792
9.810250891804581e-16,2.6592989808297884e-17,21.70475697517395
9.761128274819752e-16,2.6456624121234842e-17,21.70856547355652
9.712251297389627e-16,2.6321320534078318e-17,21.71238899230957
9.663617841931837e-16,2.6186308114497413e-17,21.71682596206665
9.615228967237567e-16,2.6051993835353503e-17,21.720457077026367
9.567081496933264e-16,2.5918538169685422e-17,21.724364519119263
9.519176489810113e-16,2.5785831929652315e-17,21.72833752632141
9.471509710703378e-16,2.5653559132260186e-17,21.73301601409912
9.424082218404241e-16,2.5522169763762263e-17,21.736624717712402
9.376891895330336e-16,2.539149673367481e-17,21.740137338638306
9.329938741481662e-16,2.526115788455483e-17,21.74366855621338
9.283219580484667e-16,2.513182323269849e-17,21.7472984790802
9.23673652992172e-16,2.5003067607270935e-17,21.751973390579224
9.190484295836898e-16,2.487494725655382e-17,21.75596308708191
9.144463937021388e-16,2.474742082151652e-17,21.75987458229065
9.098674394684004e-16,2.4620582600748865e-17,21.76443314552307
9.053114610033564e-16,2.449448387944883e-17,21.768994331359863
9.007781406696514e-16,2.4368954258410234e-17,21.772990226745605
8.962676902255222e-16,2.4244213767676012e-17,21.776763916015625
8.917796861544953e-16,2.411986866927459e-17,21.781923055648804
8.873142872752482e-16,2.3996306083732645e-17,21.786441326141357
8.82871228889985e-16,2.387341186012564e-17,21.790830612182617
8.784504051195872e-16,2.3751058612639248e-17,21.794790029525757
8.740516571453772e-16,2.3629363800920446e-17,21.8002507686615
8.69674984967355e-16,2.350829930082841e-17,21.804565906524658
8.653202827064023e-16,2.3387889927781516e-17,21.8083655834198
8.609872856647229e-16,2.3268038074467483e-17,21.812540292739868
8.566760467818761e-16,2.314875697577611e-17,21.818071603775024
8.523863542996251e-16,2.303024680941564e-17,21.822175979614258
8.481182082179699e-16,2.2912279273537002e-17,21.826006174087524
8.438713967786737e-16,2.2795004915011684e-17,21.83021116256714
8.39645814102618e-16,2.2678139183708967e-17,21.83464813232422
8.354414601898028e-16,2.2561935196896292e-17,21.838480472564697
8.312581762215507e-16,2.2446273840565453e-17,21.842365503311157
8.270957504396246e-16,2.2331396651455313e-17,21.8463032245636
8.229542357835839e-16,2.2216956213708602e-17,21.85050916671753
8.18833473434751e-16,2.210314443322743e-17,21.85446786880493
8.147332516348889e-16,2.198987693758932e-17,21.858193397521973
8.10653623323557e-16,2.187727118644125e-17,21.86210823059082
8.065944296820776e-16,2.1765145200048463e-17,21.866700410842896
8.02555511891773e-16,2.165363629039264e-17,21.870701551437378
7.985368699526434e-16,2.1542674974302326e-17,21.875426292419434
7.945383979855703e-16,2.1432403526842882e-17,21.87958812713623
7.905598312927576e-16,2.1322643277001996e-17,21.88421630859375
7.866012757533239e-16,2.121335617447149e-17,21.88793182373047
7.826625196090322e-16,2.110469938356775e-17,21.891692638397217
7.787434569807641e-16,2.0996575296978492e-17,21.895806312561035
7.748440878685198e-16,2.08890484347915e-17,21.900429010391235
7.709642005140622e-16,2.078205758564144e-17,21.90455198287964
7.671037949173916e-16,2.0675515068383385e-17,21.90874457359314
7.632626063807117e-16,2.056968558081335e-17,21.912648677825928
7.594407407831411e-16,2.0464345784165948e-17,21.917256832122803
7.556379863664429e-16,2.035952876566568e-17,21.920992612838745
7.518543431306172e-16,2.025524941456357e-17,21.924710988998413
7.480895463778678e-16,2.0151542472445345e-17,21.928563356399536
7.443436490477541e-16,2.0048280553496676e-17,21.932915210723877
7.406164393820391e-16,1.994557119119719e-17,21.936757802963257
7.369079703202822e-16,1.984347559691222e-17,21.9405734539032
7.332180830438057e-16,1.9741662898396744e-17,21.944430112838745
7.295466716734911e-16,1.964059962551624e-17,21.94862413406372
7.258936303302201e-16,1.9540082291840022e-17,21.95237922668457
7.222588531348743e-16,1.9440039759835408e-17,21.956146955490112
7.186422871478945e-16,1.934048195566975e-17,21.960028648376465
7.150438264901622e-16,1.9241349322338946e-17,21.963852167129517
7.114634182221182e-16,1.9142873470414508e-17,21.968029737472534
7.079009564646443e-16,1.90448806919678e-17,21.971766471862793
7.043563353386218e-16,1.8947263453519193e-17,21.975542068481445
7.008293430858141e-16,1.8850293070309602e-17,21.97935676574707
6.97320191464458e-16,1.875378259952059e-17,21.9837703704834
6.938284569580797e-16,1.8657672484148054e-17,21.98750615119934
6.903542454457978e-16,1.856216951934513e-17,21.991214752197266
6.868974510484938e-16,1.846701066167703e-17,21.995085954666138
6.834579678870493e-16,1.83725482900847e-17,21.999577045440674
6.800357430219051e-16,1.8278431679988417e-17,22.00327491760254
6.766306176343836e-16,1.8184872589624994e-17,22.006993293762207
6.732425387849256e-16,1.8091664223841294e-17,22.01082420349121
6.698714535339719e-16,1.7998965401314926e-17,22.01525068283081
6.665172560024041e-16,1.790685718574592e-17,22.019076347351074
6.631797873715446e-16,1.7815212191319946e-17,22.022987604141235
6.598591005809525e-16,1.7724038689843127e-17,22.02676558494568
6.565550368119503e-16,1.7633247345809306e-17,22.030574798583984
6.532674901854195e-16,1.7542944038336892e-17,22.03468084335327
6.49996407761801e-16,1.7453163509011612e-17,22.038532257080078
6.467416836619764e-16,1.736377506329668e-17,22.042359590530396
6.435033178859456e-16,1.7274813442777828e-17,22.046289920806885
6.40281151615031e-16,1.718633655009793e-17,22.050950050354004
6.370750789701143e-16,1.7098339422173315e-17,22.05472421646118
6.338850999511954e-16,1.7010830330810105e-17,22.05848264694214
6.307111086791559e-16,1.6923753027726648e-17,22.062326908111572
6.275529463353182e-16,1.6836940422439208e-17,22.066657304763794
6.244106658592416e-16,1.6750817685782637e-17,22.07037115097046
6.212841084322484e-16,1.6665101921987442e-17,22.075112104415894
6.181731681752201e-16,1.657976004382912e-17,22.079321146011353
6.150777921485977e-16,1.6494916128399557e-17,22.084815502166748
6.119979803523811e-16,1.6410429554994616e-17,22.08853268623352
6.089335739678926e-16,1.6326429363789856e-17,22.092323541641235
6.058844671160139e-16,1.62428642695873e-17,22.096508026123047
6.028507127363043e-16,1.6159711111329793e-17,22.101535081863403
5.998320990705268e-16,1.607693514743161e-17,22.10528063774109
5.968285731791222e-16,1.5994599243619308e-17,22.109088897705078
5.938401880016498e-16,1.591271167169901e-17,22.112918853759766
5.908666788403136e-16,1.5831262505503362e-17,22.11762547492981
5.879080986346727e-16,1.575032288256505e-17,22.121368885040283
5.849642885660496e-16,1.5669700896981955e-17,22.125130891799927
5.820352486344443e-16,1.5589439562145935e-17,22.129077672958374
5.791208729607382e-16,1.550959512633864e-17,22.134160041809082
5.762210556658131e-16,1.5430164280837624e-17,22.138115644454956
5.733358496892282e-16,1.5351231398065364e-17,22.14189124107361
5.704650432727465e-16,1.5272645931150376e-17,22.14579701423645
5.67608583476809e-16,1.519447570890289e-17,22.150410413742065
5.647664173618564e-16,1.511662477837185e-17,22.154547691345215
5.619384919883295e-16,1.5039342948102245e-17,22.15869402885437
5.591248073562283e-16,1.4962253023734753e-17,22.162726640701294
5.563251517073161e-16,1.4885621357426615e-17,22.167139053344727
5.535394721020335e-16,1.480956044574114e-17,22.170873880386353
5.507678214799398e-16,1.473369640304145e-17,22.174591541290283
5.480100410223574e-16,1.4658376645184823e-17,22.17850971221924
5.452660248501679e-16,1.4583248793230306e-17,22.18299126625061
5.425357729633713e-16,1.4508615595282097e-17,22.186704874038696
5.398191794828491e-16,1.4434392678917714e-17,22.190616846084595
5.371161914690423e-16,1.436049401735345e-17,22.194418907165527
5.344267559823914e-16,1.428692953675666e-17,22.199636459350586
5.317507671437783e-16,1.4213849783998826e-17,22.203945636749268
5.290882249532028e-16,1.414106450753906e-17,22.20767879486084
5.264389705919874e-16,1.406868620394067e-17,22.211528778076172
5.238028981810136e-16,1.3996695020868954e-17,22.216254711151123
5.211802194785183e-16,1.392502478387491e-17,22.22024941444397
5.18570563907587e-16,1.3853823558288183e-17,22.22432231903076
5.159739314682197e-16,1.378295072340464e-17,22.228155374526978
5.133904280395349e-16,1.3712366574554877e-17,22.232449054718018
5.108197359841773e-16,1.3642109989227686e-17,22.236146688461304
5.082620141208245e-16,1.3572443183677245e-17,22.23986792564392
5.057170506912398e-16,1.3502907072663587e-17,22.2436363697052
5.03184845695423e-16,1.3433739884203128e-17,22.247488498687744
5.006652932542559e-16,1.3364993730674458e-17,22.251569986343384
4.981583933677384e-16,1.3296673575161254e-17,22.255284309387207
4.956640401567521e-16,1.3228580894316501e-17,22.25905156135559
4.931821277421786e-16,1.3160886914526999e-17,22.262877941131592
4.907127090635771e-16,1.3093516362357005e-17,22.267121076583862
4.8825562530227e-16,1.3026522177365723e-17,22.270909070968628
4.85810823518698e-16,1.2959890297482739e-17,22.274677753448486
4.833783037128613e-16,1.2893543794911085e-17,22.27853798866272
4.809579600056413e-16,1.2827614191368159e-17,22.282928228378296
4.78549739457479e-16,1.276193026046716e-17,22.28666043281555
4.761535361892557e-16,1.2696621042383649e-17,22.290383338928223
4.737694031405309e-16,1.2631626152932907e-17,22.294439792633057
4.713971285530676e-16,1.2566956345462899e-17,22.298661947250366
4.690367653664251e-16,1.2502737351426732e-17,22.302753925323486
4.666882606410442e-16,1.243874665923963e-17,22.30664873123169
4.643514555582472e-16,1.2375076085949586e-17,22.310600519180298
4.620264030575933e-16,1.231169668023516e-17,22.314472198486328
4.59712944320405e-16,1.2248738309452524e-17,22.31808876991272
4.574111322862414e-16,1.2186073587787344e-17,22.32154607772827
4.55120808136425e-16,1.2123789369203939e-17,22.325177907943726
4.528419189313965e-16,1.2061729316566536e-17,22.328738927841187
4.505745176107152e-16,1.1999954641240463e-17,22.332900762557983
4.483184453557033e-16,1.1938540616661463e-17,22.33640170097351
4.460735962872426e-16,1.1877499650538725e-17,22.339864492416382
4.4384004981467184e-16,1.181682264388551e-17,22.343456268310547
4.416177000588726e-16,1.175625068917009e-17,22.34715509414673
4.39406467610506e-16,1.1696177524364039e-17,22.350831270217896
4.3720627306023338e-16,1.163628633929275e-17,22.354270458221436
4.3501714287783424e-16,1.1576698729506267e-17,22.357729196548462
4.328389447144106e-16,1.1517542907999537e-17,22.36136269569397
4.3067165210018286e-16,1.1458589745742883e-17,22.365858793258667
4.2851526503515102e-16,1.1399951739299611e-17,22.36934804916382
4.2636962470063748e-16,1.1341598282987058e-17,22.37284231185913
4.242347575664218e-16,1.1283619539491991e-17,22.37646746635437
4.2211055775338564e-16,1.1225901357889879e-17,22.38011860847473
4.1999697232196975e-16,1.1168456973070521e-17,22.38422203063965
4.1789400127217413e-16,1.111131285481352e-17,22.387739896774292
4.1580156519466e-16,1.1054470657480101e-17,22.391756534576416
4.1371958468008853e-16,1.0997968431378442e-17,22.395905017852783
4.1164805972845973e-16,1.0941671346068695e-17,22.400631427764893
4.095868844606552e-16,1.0885691070933556e-17,22.404374361038208
4.075360324068953e-16,1.082997053051076e-17,22.40831708908081
4.054955035671801e-16,1.0774555219733994e-17,22.412193536758423
4.0346511265305235e-16,1.0719456719131837e-17,22.41664433479309
4.0144493907385084e-16,1.066463036095121e-17,22.420384883880615
3.994348504806776e-16,1.0610093515984976e-17,22.424133777618408
3.9743482040375297e-16,1.0555793244673933e-17,22.42795753479004
3.95444848843077e-16,1.0501775869132382e-17,22.433075666427612
3.9346480344975166e-16,1.0448122453060355e-17,22.437091827392578
3.9149468422377696e-16,1.0394637781833289e-17,22.44112467765808
3.895344117558141e-16,1.0341493909018595e-17,22.445135354995728
3.8758401251564266e-16,1.0288593227303991e-17,22.44951605796814
3.8564332768458505e-16,1.0235987849068069e-17,22.453277349472046
3.8371235726264127e-16,1.0183601673694473e-17,22.45716142654419
3.817911012498113e-16,1.0131514937702621e-17,22.46134328842163
3.7987942729719715e-16,1.007970365285475e-17,22.466171979904175
3.779773618745784e-16,1.0028122324217168e-17,22.470369577407837
3.760847726330571e-16,9.976853669851131e-18,22.475062608718872
3.7420165957263317e-16,9.92579429218007e-18,22.478907108306885
3.7232802269330666e-16,9.875033526710142e-18,22.483933687210083
3.7046375611595914e-16,9.824496100005602e-18,22.48746657371521
3.6860880690103143e-16,9.774281273739958e-18,22.491149425506592
3.667631485787439e-16,9.724277378530515e-18,22.49503183364868
3.649267282095374e-16,9.674544798561989e-18,22.499881505966187
3.6309954579341185e-16,9.625067817402742e-18,22.503339529037476
3.612814425116897e-16,9.57588696690279e-18,22.506799697875977
3.5947249777370973e-16,9.526874861247797e-18,22.51030945777893
3.5767260570035355e-16,9.478132416472498e-18,22.513891220092773
3.5588168688228234e-16,9.429643916145252e-18,22.518013954162598
3.540997942590553e-16,9.381475534715064e-18,22.5215482711792
3.5232676901199484e-16,9.33348334275535e-18,22.525141716003418
3.5056266408066015e-16,9.2857260700896e-18,22.529121160507202
3.4880737358593283e-16,9.23825003883212e-18,22.534082889556885
3.4706087105803327e-16,9.191013889952279e-18,22.53762698173523
3.4532310355740226e-16,9.144041611687843e-18,22.54141354560852
3.435940446142602e-16,9.097234769545917e-18,22.5452139377594
3.4187364128904793e-16,9.050739774494924e-18,22.54962468147278
3.401618671119858e-16,9.004411042747054e-18,22.553354024887085
3.384586691435146e-16,8.958374305755415e-18,22.55707883834839
3.3676396797429557e-16,8.912568352154679e-18,22.560911893844604
3.3507779007410827e-16,8.866936106482578e-18,22.565330505371094
3.334000295638343e-16,8.821610744817735e-18,22.568979263305664
3.317306599736941e-16,8.776511203460119e-18,22.57245373725891
3.300696813036876e-16,8.731668915273007e-18,22.576241970062256
3.2841701414447607e-16,8.687049965851284e-18,22.58008337020874
3.2677260555650026e-16,8.642578254578596e-18,22.584134101867676
3.2513645553976017e-16,8.598369586740699e-18,22.587589263916016
3.235084582151374e-16,8.554414863350856e-18,22.5911705493927
3.2188864005241156e-16,8.510681824365178e-18,22.59481716156006
3.2027694811202344e-16,8.467197766743878e-18,22.599124908447266
3.1867327651485464e-16,8.423861774452225e-18,22.602691650390625
3.1707765173068475e-16,8.380821085639253e-18,22.60633945465088
3.1549007375951377e-16,8.337906128279389e-18,22.610118627548218
3.139104102524437e-16,8.295331969331897e-18,22.613904237747192
3.1233863473969494e-16,8.252904221352828e-18,22.617974281311035
3.107747472212675e-16,8.210698157777922e-18,22.621447324752808
3.0921869475760214e-16,8.168744384289845e-18,22.625303268432617
3.076704244091397e-16,8.126945293576315e-18,22.6292622089386
3.0612990970610052e-16,8.085396838588389e-18,22.633763313293457
3.0459709770892546e-16,8.044088265978104e-18,22.637486219406128
3.030719619478349e-16,8.002946783851554e-18,22.641260862350464
3.015545024228288e-16,7.961955021415876e-18,22.645125150680542
3.000446132547888e-16,7.921321428185433e-18,22.64951753616333
2.985422679739353e-16,7.880795368434623e-18,22.653254747390747
2.970474665802683e-16,7.840557167536981e-18,22.65731120109558
2.9556012966444893e-16,7.800431463202646e-18,22.661107540130615
2.9408028369625687e-16,7.760524961730638e-18,22.665939331054688
2.9260779632679407e-16,7.720853379552595e-18,22.669776916503906
2.9114272049561975e-16,7.681455594157306e-18,22.67370057106018
2.896849503236155e-16,7.642128946294698e-18,22.67748999595642
2.882345122805609e-16,7.603100083452608e-18,22.68190884590149
2.867913269571172e-16,7.56420108796669e-18,22.685625314712524
2.8535534141372514e-16,7.525556036928825e-18,22.6893892288208
2.8392658212016435e-16,7.487089656903271e-18,22.69316840171814
2.825049431973164e-16,7.448816837141055e-18,22.697280168533325
2.8109045111496093e-16,7.41068381090236e-18,22.7015323638916
2.796830264637591e-16,7.372826235807646e-18,22.705758333206177
2.7828266924371093e-16,7.335120034765029e-18,22.709770917892456
2.768893000454776e-16,7.297638826849026e-18,22.7152156829834
2.7550291886905913e-16,7.260364414086162e-18,22.71904993057251
2.741234727748963e-16,7.223223177401918e-18,22.723060846328735
2.727509352932095e-16,7.186321823095315e-18,22.72701144218445
2.7138527995421917e-16,7.149553644867333e-18,22.730841636657715
2.7002642734858646e-16,7.113040238268017e-18,22.734747171401978
2.68674403946091e-16,7.076677378540186e-18,22.738531351089478
2.6732918327695315e-16,7.040531240132844e-18,22.742318630218506
2.6599065946205454e-16,7.004511660359222e-18,22.746256351470947
2.6465885897117476e-16,6.96871541935099e-18,22.751182317733765
2.63333702394975e-16,6.9330932998617e-18,22.75486469268799
2.620151897334553e-16,6.89768335219953e-18,22.75900888442993
2.60703294516836e-16,6.862395413677712e-18,22.76294231414795
2.593979638055579e-16,6.8273064120932124e-18,22.767783164978027
2.5809914466006184e-16,6.7924051805077625e-18,22.77165937423706
2.568068635501274e-16,6.757730182819846e-18,22.77555274963379
2.5552101459663616e-16,6.723151138082985e-18,22.779467344284058
2.5424165073914735e-16,6.688797086472739e-18,22.783994674682617
2.5296863962876294e-16,6.65461219329776e-18,22.787880182266235
2.5170206067482174e-16,6.6205861188003915e-18,22.79192328453064
2.5044178152842575e-16,6.586798685909744e-18,22.79605770111084
2.4918782865935457e-16,6.553117959318116e-18,22.80065417289734
2.47940149128049e-16,6.5196452686505456e-18,22.804504871368408
2.466987164647294e-16,6.486309062784046e-18,22.808369874954224
2.454635041996162e-16,6.453134984317607e-18,22.812299013137817
2.442344858629298e-16,6.420204096951258e-18,22.816980361938477
2.4301160851511103e-16,6.387372471258416e-18,22.821903228759766
2.4179487215615983e-16,6.354716621445741e-18,22.82602620124817
2.40584223846517e-16,6.322255986257629e-18,22.829926252365112
2.393796106466234e-16,6.289966991046622e-18,22.83448076248169
2.3818105902625856e-16,6.257780566231571e-18,22.838321685791016
2.369884895760837e-16,6.22581293068854e-18,22.842210054397583
2.3580190229609884e-16,6.1939896381624e-18,22.846102476119995
2.3462124424674475e-16,6.162337985613365e-18,22.850691556930542
2.3344651542802144e-16,6.130845565332246e-18,22.85470414161682
2.322776629003697e-16,6.099511136548125e-18,22.858715057373047
2.3111466019400996e-16,6.068348347741108e-18,22.862662315368652
2.2995745436938297e-16,6.03733569221527e-18,22.86738610267639
2.2880609836604796e-16,6.0064897135828614e-18,22.871246576309204
2.276604598351069e-16,5.975796763363775e-18,22.876068115234375
2.2652061818589865e-16,5.945283724927919e-18,22.880398750305176
2.2538641459974554e-16,5.91487987433292e-18,22.88501524925232
2.242579020162068e-16,5.884636496776756e-18,22.889144897460938
2.231350804352824e-16,5.85457220382321e-18,22.893218278884888
2.22017843977854e-16,5.824688649833507e-18,22.897337913513184
2.2090621911370113e-16,5.794934136019362e-18,22.901644468307495
2.1980015290326462e-16,5.765314039054757e-18,22.906068325042725
2.1869963211165467e-16,5.735833735613673e-18,22.91046714782715
2.1760461703420188e-16,5.706549887568071e-18,22.915655851364136
2.1651509443601643e-16,5.6773557886189306e-18,22.9196720123291
2.1543101137753913e-16,5.648383787664261e-18,22.92363142967224
2.1435236785876999e-16,5.619527178405042e-18,22.927647829055786
2.1327911094014978e-16,5.590828974233127e-18,22.932636499404907
2.1221125385656833e-16,5.562239544311763e-18,22.93637442588806
2.111487304335766e-16,5.53383333489608e-18,22.94011163711548
2.1009151420139504e-16,5.505550375391667e-18,22.943902492523193
2.090396051600236e-16,5.477439055864358e-18,22.94780135154724
2.079929636047929e-16,5.449414176711062e-18,22.951672554016113
2.0695154983103354e-16,5.421600228613966e-18,22.95542049407959
2.0591537707363532e-16,5.393877683974558e-18,22.959195137023926
2.0488436592325942e-16,5.3663499403694055e-18,22.962957620620728
2.0385852961479566e-16,5.3389152545831656e-18,22.96759009361267
2.0283781520868483e-16,5.31160340511789e-18,22.971075296401978
2.0182223593981672e-16,5.284509104153715e-18,22.974600553512573
2.0081172563374234e-16,5.2574830455900765e-18,22.978127241134644
1.9980628429046169e-16,5.230641448303037e-18,22.98258137702942
1.9880587220530535e-16,5.203919792204818e-18,22.98609495162964
1.9781046290849374e-16,5.177337516039814e-18,22.9895761013031
1.9682004316513705e-16,5.1508995828917e-18,22.993164539337158
1.9583459974034548e-16,5.12455677551403e-18,22.996705532073975
1.9485406645967002e-16,5.098412491483373e-18,23.00097155570984
1.9387845655800047e-16,5.072351752694583e-18,23.004435539245605
1.9290771709577764e-16,5.046452314125242e-18,23.007973194122314
1.9194184807300152e-16,5.0206790205993145e-18,23.01150608062744
1.9098082301989252e-16,4.995055033173953e-18,23.015909433364868
1.9002458899689142e-16,4.969512109448622e-18,23.019394874572754
1.8907315923888802e-16,4.944144548013152e-18,23.02287745475769
1.8812649404121294e-16,4.918859291048631e-18,23.02640986442566
1.8718456693408655e-16,4.893754773047953e-18,23.029971599578857
1.8624735144772927e-16,4.8687532390335376e-18,23.034261226654053
1.853148475821411e-16,4.843896048036013e-18,23.03770685195923
1.843869759279832e-16,4.819129433315563e-18,23.04120182991028
1.8346378942481483e-16,4.794540662426811e-18,23.044727087020874
1.8254519542840734e-16,4.770039986273297e-18,23.049272537231445
1.8163122040854035e-16,4.7456873754494295e-18,23.052778482437134
1.8072179819076485e-16,4.721440230153663e-18,23.056260585784912
1.7981695524486044e-16,4.6972795252319075e-18,23.059800148010254
1.7891663863126792e-16,4.6733057631285894e-18,23.063345432281494
1.780208351150975e-16,4.649430435518165e-18,23.067643642425537
1.7712949175678996e-16,4.625713926585351e-18,23.071104526519775
1.762426350261249e-16,4.602055733885722e-18,23.074607372283936
1.7536021198354313e-16,4.578574144246873e-18,23.078140258789062
1.7448218292437525e-16,4.555177754211117e-18,23.082563877105713
1.7360858755329064e-16,4.53193025668562e-18,23.086055278778076
1.7273934646095052e-16,4.50878863827853e-18,23.089515209197998
1.7187445964735487e-16,4.485744627183722e-18,23.09322190284729
1.710139138776139e-16,4.4628581939956046e-18,23.097094774246216
1.7015766944705822e-16,4.4400689545294624e-18,23.10139775276184
1.69305713120798e-16,4.4173413400189554e-18,23.10515284538269
1.6845803166394346e-16,4.3947948780625975e-18,23.10892391204834
1.676145853718252e-16,4.372379110643023e-18,23.112696409225464
1.667753477746636e-16,4.350054333090829e-18,23.117467641830444
1.6594033210734846e-16,4.327801933842234e-18,23.121763467788696
1.651094986652104e-16,4.305712902764618e-18,23.12582540512085
1.6428280774358e-16,4.283728096444184e-18,23.12993288040161
1.6346027257734707e-16,4.2618723302993076e-18,23.134506702423096
1.626418402269524e-16,4.2400988686253805e-18,23.13855290412903
1.61827510692396e-16,4.2184300452989414e-18,23.14271903038025
1.6101728397367786e-16,4.196897293183267e-18,23.14686632156372
1.6021108066145918e-16,4.175462975560487e-18,23.1512291431427
1.5940892722551955e-16,4.154169692232147e-18,23.15524673461914
1.5861079719607939e-16,4.132923558198722e-18,23.159294366836548
1.5781666410335908e-16,4.111820112820963e-18,23.163357973098755
1.5702648824268922e-16,4.090834127090187e-18,23.167793035507202
1.5624028284895962e-16,4.0699461622619976e-18,23.17168927192688
1.5545802145239067e-16,4.049160354239459e-18,23.175570487976074
1.5467966434831298e-16,4.028478770974102e-18,23.179677963256836
1.5390521153672653e-16,4.007906375549602e-18,23.184449672698975
1.5313463654785173e-16,3.9874564028557595e-18,23.188284397125244
1.5236791291190898e-16,3.96708832104256e-18,23.19221067428589
1.5160502739400847e-16,3.9468443163212435e-18,23.19616150856018
1.508459667592604e-16,3.926684270432101e-18,23.201040983200073
1.500907045378852e-16,3.906629276480753e-18,23.20483899116516
1.4933922749499302e-16,3.886685124731487e-18,23.20861268043518
1.4859150916080429e-16,3.866840234655727e-18,23.21241044998169
1.478475363004292e-16,3.847087575218267e-18,23.21729588508606
1.4710728244408814e-16,3.827452789018096e-18,23.220999240875244
1.4637074759178112e-16,3.8078941034342796e-18,23.22472858428955
1.4563789203883874e-16,3.788458667761734e-18,23.22852659225464
1.44908715785261e-16,3.769110086053506e-18,23.233088493347168
1.4418317912637848e-16,3.7498715193667475e-18,23.236772775650024
1.434612820621912e-16,3.730740899749927e-18,23.240593194961548
1.4274298488802976e-16,3.711684726388237e-18,23.24463677406311
1.4202830083878394e-16,3.692732364193422e-18,23.24928069114685
1.4131720344467415e-16,3.67390077036804e-18,23.252912044525146
1.40609653001031e-16,3.655132455859518e-18,23.256608486175537
1.3990563627296466e-16,3.636466298156646e-18,23.26038885116577
1.3920516649536496e-16,3.617913464197694e-18,23.264470100402832
1.3850819072867268e-16,3.59945534241888e-18,23.268474340438843
1.3781469573799802e-16,3.5810588455957005e-18,23.273302793502808
1.3712468152334099e-16,3.562792629718998e-18,23.277541637420654
1.3643813484981177e-16,3.54458927956885e-18,23.28299069404602
1.3575500277785118e-16,3.526471956202407e-18,23.28673219680786
1.350753117772388e-16,3.5084667158089656e-18,23.290568590164185
1.3439902214330525e-16,3.490586379688019e-18,23.294419765472412
1.3372610740627092e-16,3.472761464668114e-18,23.29965353012085
1.330565675661358e-16,3.4550521481388133e-18,23.303380250930786
1.3239037615312029e-16,3.4373908080850404e-18,23.307132959365845
1.317275199323346e-16,3.419860369363204e-18,23.31096649169922
1.3106799890377871e-16,3.4023801818635804e-18,23.315308570861816
1.3041176012789344e-16,3.3850327568522714e-18,23.319252729415894
1.2975881683956859e-16,3.3677484043626696e-18,23.3230140209198
1.2910914256902454e-16,3.350571792147853e-18,23.32683515548706
1.284627108464817e-16,3.333456391298365e-18,23.330655813217163
1.2781953490682987e-16,3.316451625855806e-18,23.334790468215942
1.2717957504539964e-16,3.2994917349614783e-18,23.33851456642151
1.2654280479241142e-16,3.282664192965159e-18,23.34239649772644
1.25909237382755e-16,3.2658999302857e-18,23.347153663635254
1.25278833111761e-16,3.249240719544035e-18,23.351435661315918
1.2465159197942938e-16,3.2326598841654096e-18,23.355273246765137
1.2402747428109077e-16,3.216167350317174e-18,23.359142065048218
1.2340650648652476e-16,3.199736648219727e-18,23.363075733184814
1.2278863565617215e-16,3.1834109980600743e-18,23.367594480514526
1.2217384855514314e-16,3.167171374684127e-18,23.371481895446777
1.2156215841832753e-16,3.1510165373209663e-18,23.37540602684021
1.209535255410559e-16,3.1349065745060367e-18,23.379562616348267
1.203479366884385e-16,3.1189260654569716e-18,23.384244441986084
1.1974539186047526e-16,3.102989603775525e-18,23.388095140457153
1.1914585135249683e-16,3.08715736685126e-18,23.39200210571289
1.1854931516450318e-16,3.071399576182125e-18,23.396037340164185
1.1795575682671473e-16,3.0557195404905697e-18,23.400527715682983
1.1736517633913147e-16,3.0401319422324673e-18,23.40436053276062
1.167775604668636e-16,3.0246152747118913e-18,23.408385515213013
1.1619289597502132e-16,3.009183186408949e-18,23.412303686141968
1.1561112992404543e-16,2.993808587158579e-18,23.41671109199524
1.1503230201860532e-16,2.978540073821769e-18,23.420568227767944
1.144563593191418e-16,2.9633447659691697e-18,23.424449920654297
1.1388330182565486e-16,2.9482183209025657e-18,23.428330183029175
1.133131163032547e-16,2.933165701705632e-18,23.432937622070312
1.1274577628216174e-16,2.9181953869796472e-18,23.43677854537964
1.1218128176237595e-16,2.9033028272312425e-18,23.441148281097412
1.1161961950900755e-16,2.8884950534956245e-18,23.444968938827515
1.1106076305227692e-16,2.8737489047156417e-18,23.44962191581726
1.1050471900962897e-16,2.859092505032121e-18,23.454097747802734
1.099514476763943e-16,2.844513653531027e-18,23.458518743515015
1.0940094905257291e-16,2.8299790561927045e-18,23.463481903076172
1.08853209903275e-16,2.815550337972789e-18,23.46888041496277
1.0830820375872096e-16,2.801191516514634e-18,23.473641872406006
1.077659306189108e-16,2.786889563723592e-18,23.47821545600891
1.0722637724895471e-16,2.7726612300070676e-18,23.484272241592407
1.066895171790731e-16,2.7585011386910785e-18,23.489567756652832
1.0615535040926595e-16,2.744440515843749e-18,23.49432873725891
1.0562385708719858e-16,2.730424147159191e-18,23.499895811080933
1.0509502397798118e-16,2.7165080741239053e-18,23.504294633865356
1.0456883784672394e-16,2.702655693995786e-18,23.509048461914062
1.0404529869342688e-16,2.6888504631625822e-18,23.51288104057312
1.0352436681342059e-16,2.6751349814258405e-18,23.517340183258057
1.0300604220670506e-16,2.661467889754933e-18,23.52136778831482
1.024903248732803e-16,2.6479062636121262e-18,23.525293588638306
1.019771817259218e-16,2.6343942683060725e-18,23.529695510864258
1.0146661276462957e-16,2.620952790147239e-18,23.534458875656128
1.009585981370689e-16,2.607590100941751e-18,23.53870415687561
1.0045312460835e-16,2.5942753882117912e-18,23.542689085006714
9.995017894358306e-17,2.5810371896884926e-18,23.546721696853638
9.944975452532318e-17,2.5678734374203237e-18,23.551536560058594
9.895183811868056e-17,2.5547690353611055e-18,23.555464029312134
9.84564164887654e-17,2.5417219155593066e-18,23.559495210647583
9.7963469783243e-17,2.528764958444276e-18,23.56334376335144
9.747299138466845e-17,2.51586300883998e-18,23.567907571792603
9.698496805815197e-17,2.503022270601013e-18,23.57159423828125
9.649939980369354e-17,2.490251222328654e-18,23.575349807739258
9.601624691662377e-17,2.4775461417101456e-18,23.579155445098877
9.553552263183245e-17,2.464897309373291e-18,23.584060668945312
9.505720047953999e-17,2.452337605747439e-18,23.587746620178223
9.458127384230148e-17,2.4398233970552774e-18,23.5916268825531
9.410773610267202e-17,2.427372467679976e-18,23.595473051071167
9.363656079087201e-17,2.4149883331391384e-18,23.600053787231445
9.316775452434636e-17,2.4026592061090355e-18,23.60375142097473
9.270128421587056e-17,2.390419000994782e-18,23.60751509666443
9.22371631003344e-17,2.3782234636336065e-18,23.611286401748657
9.17753580905134e-17,2.366085001734697e-18,23.615864753723145
9.131585595151774e-17,2.3540149890314765e-18,23.619567394256592
9.085866991823723e-17,2.342012805138485e-18,23.623343229293823
9.040376028600247e-17,2.3300596316967877e-18,23.627158880233765
8.995114690714816e-17,2.318168910391338e-18,23.631125926971436
8.950078345955998e-17,2.3063507741846396e-18,23.6349036693573
8.905268317812776e-17,2.294584129971073e-18,23.638581037521362
8.860682621051678e-17,2.282883039821051e-18,23.642313957214355
8.816319270439234e-17,2.2712295125562506e-18,23.646081924438477
8.772178265975444e-17,2.259645468462905e-18,23.650527000427246
8.728258945915818e-17,2.2481172590609065e-18,23.654347896575928
8.684559325026887e-17,2.2366603939867408e-18,23.658207654953003
8.64107874156416e-17,2.225252539363869e-18,23.662010192871094
8.597814548549676e-17,2.213891213650453e-18,23.666701555252075
8.554768069472416e-17,2.2026128127934456e-18,23.670430183410645
8.511937319098911e-17,2.1913569526081303e-18,23.674163818359375
8.469320312195689e-17,2.1801991133254025e-18,23.677931547164917
8.42691704876275e-17,2.169068777798042e-18,23.682499170303345
8.384726205311116e-17,2.1580037895390734e-18,23.68619132041931
8.342746458351804e-17,2.1469861573701733e-18,23.69098472595215
8.300977146140327e-17,2.1360479345400784e-18,23.694979429244995
8.259416945187703e-17,2.1251518979212236e-18,23.700287342071533
8.218063870260462e-17,2.1143094212470317e-18,23.703998804092407
8.176919906592074e-17,2.103530430684853e-18,23.707727432250977
8.13598042197111e-17,2.0928140990540755e-18,23.711613655090332
8.095245416397568e-17,2.0821161721919272e-18,23.716908931732178
8.05471555161594e-17,2.071515645846907e-18,23.720622301101685
8.014387518903775e-17,2.06095420378583e-18,23.724443197250366
7.974261980005562e-17,2.0504403246099747e-18,23.728413581848145
7.934337611432323e-17,2.0399715267775036e-18,23.733083724975586
7.894613089695076e-17,2.0295715917310275e-18,23.73677659034729
7.855087091304842e-17,2.0192256302195205e-18,23.740506172180176
7.815759616261621e-17,2.0089259908223165e-18,23.74427366256714
7.776628679331943e-17,1.9986755686715594e-18,23.748624086380005
7.737693618771317e-17,1.9884863578861312e-18,23.752347469329834
7.698953111090763e-17,1.9783457439616905e-18,23.75614905357361
7.660407156290282e-17,1.968259103572219e-18,23.760071516036987
7.622054430880893e-17,1.958218371706744e-18,23.763927936553955
7.583892949629127e-17,1.9482324405568507e-18,23.76768732070923
7.545922712534983e-17,1.938289109208504e-18,23.77136468887329
7.508143057853971e-17,1.9284183629589086e-18,23.775171995162964
7.470553323841601e-17,1.9185807039338154e-18,23.778956174850464
7.433149540030933e-17,1.908792055360016e-18,23.78334140777588
7.395935015144418e-17,1.8990588278872577e-18,23.78702735900879
7.358906440459604e-17,1.8893779195882433e-18,23.79076075553894
7.322062492487512e-17,1.879733200441028e-18,23.794594526290894
7.285403171228142e-17,1.8701598256216457e-18,23.799197673797607
7.248927153192514e-17,1.8606201584122248e-18,23.802969217300415
7.212634438380627e-17,1.8511323967862415e-18,23.806657075881958
7.176523703303502e-17,1.8417002630564525e-18,23.81043004989624
7.140593624472159e-17,1.832308040791219e-18,23.814449548721313
7.104842878397617e-17,1.8229644153869733e-18,23.818277835845947
7.069271465079876e-17,1.8136702140243275e-18,23.821980237960815
7.033878061029957e-17,1.8044190260535344e-18,23.825756311416626
6.99866200450337e-17,1.795207749547297e-18,23.829659938812256
6.963621972011134e-17,1.7860651290319016e-18,23.834229707717896
6.928757963553249e-17,1.7769512530427923e-18,23.838088274002075
6.894067993896245e-17,1.7678998291899308e-18,23.84190845489502
6.859551401295632e-17,1.7588783906342743e-18,23.84574246406555
6.8252088474959e-17,1.7499072033008305e-18,23.85004758834839
6.79103768551909e-17,1.7409945389957247e-18,23.853729009628296
6.75703659187622e-17,1.7321126871684366e-18,23.8574538230896
6.723206228311781e-17,1.7232805695754782e-18,23.861388206481934
6.689545933081284e-17,1.7144941537113634e-18,23.865821599960327
6.656053720951256e-17,1.7057513716245607e-18,23.869507789611816
6.6227295919217e-17,1.6970628732654569e-18,23.873356342315674
6.589572222503635e-17,1.688407255335702e-18,23.87716555595398
6.55658028920808e-17,1.6798045769651505e-18,23.881139993667603
6.523754453779525e-17,1.6712385013367045e-18,23.884973287582397
6.491092069240011e-17,1.6627176104492192e-18,23.88865065574646
6.458593797334028e-17,1.654232908713533e-18,23.892412900924683
6.426257652828105e-17,1.6457977344170236e-18,23.896315813064575
6.394084297466733e-17,1.6374112603790781e-18,23.90117859840393
6.36207108427195e-17,1.6290680065281386e-18,23.904953479766846
6.330218674988248e-17,1.6207582534920074e-18,23.908690452575684
6.298525746126647e-17,1.6125021637981157e-18,23.912536144256592
6.266991635942655e-17,1.604276783184465e-18,23.91723394393921
6.235615020947294e-17,1.596097517889964e-18,23.920977115631104
6.204395901140562e-17,1.5879641611194598e-18,23.924785614013672
6.173332291288991e-17,1.5798618236219263e-18,23.928617000579834
6.14242485313707e-17,1.5718147004302808e-18,23.933025598526
6.111672263195818e-17,1.5638077988959206e-18,23.93688440322876
6.081073197976256e-17,1.5558357423448642e-18,23.940911769866943
6.050627657478385e-17,1.5479010123189493e-18,23.9450626373291
6.020334318213223e-17,1.5399996797102662e-18,23.950201511383057
5.99019318018077e-17,1.532154285190507e-18,23.953900814056396
5.960202919892048e-17,1.5243457002080064e-18,23.957611322402954
5.930362213858075e-17,1.5165726839918456e-18,23.961446046829224
5.900671062078852e-17,1.5088439219384564e-18,23.966010570526123
5.871128802809888e-17,1.501155278144776e-18,23.969827890396118
5.841734774306693e-17,1.4934949652870756e-18,23.973530292510986
5.812486991335798e-17,1.4858881089764614e-18,23.977312326431274
5.783386115641693e-17,1.4783137195048899e-18,23.981935024261475
5.754430823735397e-17,1.4707772769439192e-18,23.98572063446045
5.72562111561691e-17,1.463277954112937e-18,23.989486932754517
5.696955006052762e-17,1.455830123275086e-18,23.993294954299927
5.668433156787444e-17,1.4484042127234678e-18,23.997191905975342
5.640053582587484e-17,1.4410242106958462e-18,24.00151515007019
5.611814959963904e-17,1.4336772958927268e-18,24.00520944595337
5.583719935894663e-17,1.4263658464583706e-18,24.009000301361084
5.555764539912821e-17,1.4190997885601282e-18,24.012945413589478
5.5279487720183776e-17,1.4118640261518206e-18,24.017595529556274
5.5002726322113334e-17,1.4046681752080687e-18,24.021295070648193
5.472735127874953e-17,1.397510891560377e-18,24.025050401687622
5.4453352663925015e-17,1.390379147114098e-18,24.02886199951172
5.418072716891734e-17,1.3833022033834006e-18,24.03343629837036
5.39094681762816e-17,1.3762509022516923e-18,24.037229776382446
5.3639562451127996e-17,1.369233929115405e-18,24.040956020355225
5.337101330217898e-17,1.3622587286000515e-18,24.044774293899536
5.310380749454475e-17,1.35531692550193e-18,24.04917860031128
5.2837941719502857e-17,1.3484099673871122e-18,24.052876949310303
5.257339943344105e-17,1.3415313402082744e-18,24.05660080909729
5.2310187253804224e-17,1.3346941754576407e-18,24.060372591018677
5.2048291945702585e-17,1.3279046769898055e-18,24.064443826675415
5.178771020041368e-17,1.3211309983511853e-18,24.068359375
5.152842878304771e-17,1.3143942326474003e-18,24.072062492370605
5.127044769360467e-17,1.3077016177088103e-18,24.075982570648193
5.1013757005917215e-17,1.3010313366467593e-18,24.079808712005615
5.075835671998534e-17,1.294404792759597e-18,24.084264516830444
5.050422698347435e-17,1.287806269615685e-18,24.08893060684204
5.025137772255159e-17,1.2812444526114549e-18,24.093021154403687
4.999978908488236e-17,1.2747143786632316e-18,24.09716773033142
4.9749461070466665e-17,1.2682207006619606e-18,24.10160517692566
4.950039037058205e-17,1.2617575249457775e-18,24.105305671691895
4.925256044161626e-17,1.2553321927426187e-18,24.109172344207764
4.900597459229175e-17,1.2489317793554131e-18,24.11317014694214
4.8760622896441174e-17,1.24256414299998e-18,24.118228435516357
4.8516498736619624e-17,1.2362330059890756e-18,24.12191081047058
4.827359880410465e-17,1.2299376445396642e-18,24.12567114830017
4.803190986400646e-17,1.223664306774062e-18,24.129518032073975
4.779143853376994e-17,1.2174368775324566e-18,24.134576559066772
4.7552168269782854e-17,1.2112281632522101e-18,24.138283014297485
4.731409907204519e-17,1.2050547075455737e-18,24.142067193984985
4.7077214396944707e-17,1.19891371867798e-18,24.145907163619995
4.68415208619263e-17,1.1928084019743027e-18,24.150516510009766
4.6607008540822613e-17,1.1867323467847945e-18,24.15419840812683
4.6373664198743854e-17,1.1806806934233565e-18,24.15798330307007
4.614149445313492e-17,1.1746669869725194e-18,24.161836862564087
4.591048276038356e-17,1.1686854371679954e-18,24.16636347770691
4.5680629120489776e-17,1.162730357143073e-18,24.170079231262207
4.5451926916008665e-17,1.1568024706807883e-18,24.17379927635193
4.522436952949533e-17,1.1509106699727262e-18,24.177587747573853
4.499795034350486e-17,1.145046476417608e-18,24.182626962661743
4.477266935803727e-17,1.1392177482312532e-18,24.186343669891357
4.454851333820275e-17,1.1334074248135276e-18,24.190054416656494
4.432547897527885e-17,1.1276334973427543e-18,24.194042682647705
4.4103559651820676e-17,1.1218921401086003e-18,24.198633432388306
4.388275205910577e-17,1.1161752881000932e-18,24.202444791793823
4.3663052888411687e-17,1.1104875942081786e-18,24.20615243911743
4.344445221357107e-17,1.1048274040716313e-18,24.20991063117981
4.322694341713903e-17,1.099202989496577e-18,24.21372365951538
4.3010529807838006e-17,1.0935995646295662e-18,24.218151569366455
4.279519484205575e-17,1.0880301575652467e-18,24.221829414367676
4.2580935211069816e-17,1.0824851523289975e-18,24.225560903549194
4.23677575323251e-17,1.0769784041960788e-18,24.229387521743774
4.21556419534869e-17,1.0714859249287267e-18,24.233884811401367
4.194458847455522e-17,1.0660233275610031e-18,24.237573385238647
4.173459047808516e-17,1.0605969193450787e-18,24.241318464279175
4.1525644655354265e-17,1.055185917368063e-18,24.245127201080322
4.131774438891764e-17,1.049816791409558e-18,24.24965214729309
4.1110883061330376e-17,1.0444638988705741e-18,24.253371000289917
4.090506398131493e-17,1.0391475056761193e-18,24.257081031799316
4.070027060525905e-17,1.0338478628890686e-18,24.260843992233276
4.049650624188519e-17,1.0285869941932313e-18,24.26562190055847
4.029375765630354e-17,1.0233435996878343e-18,24.26945400238037
4.009202815723656e-17,1.0181342229851284e-18,24.273308038711548
3.989130450979444e-17,1.0129522466402134e-18,24.277093172073364
3.969158671397719e-17,1.0077873308954323e-18,24.281124591827393
3.94928747697848e-17,1.002653641218775e-18,24.285024881362915
3.9295148824882575e-17,9.97547765490215e-19,24.2887020111084
3.9098415496715414e-17,9.92460811518167e-19,24.292489767074585
3.8902671476560865e-17,9.87407461758504e-19,24.296329498291016
3.870790352952913e-17,9.823839938984694e-19,24.301141023635864
3.8514114964342656e-17,9.773752084943077e-19,24.30483388900757
3.8321289237389195e-17,9.72397132170387e-19,24.308579444885254
3.8129436274836096e-17,9.67444801843032e-19,24.31242299079895
3.793853953307111e-17,9.625145985970628e-19,24.317282676696777
3.774859901209423e-17,9.576153112264878e-19,24.321061372756958
3.7559611403183016e-17,9.527367033712266e-19,24.32477831840515
3.737156678017011e-17,9.478842551028374e-19,24.32864284515381
3.718446845177797e-17,9.43052486349762e-19,24.33338761329651
3.699830318311678e-17,9.382566999533328e-19,24.337092638015747
3.681307097418656e-17,9.334732178685152e-19,24.340914011001587
3.662876851626484e-17,9.287140342141913e-19,24.344860076904297
3.644538588318429e-17,9.239842154716131e-19,24.349632024765015
3.626291976622244e-17,9.192831412553211e-19,24.353345155715942
3.60813701653793e-17,9.145975766755145e-19,24.357050895690918
3.590073046320997e-17,9.099440653444443e-19,24.36079239845276
3.572099404226955e-17,9.053063738425892e-19,24.365172624588013
3.5542154285113134e-17,9.006972200718671e-19,24.368982315063477
3.5364214500463177e-17,8.961172244177376e-19,24.372682094573975
3.5187161453429877e-17,8.915434326182022e-19,24.376609325408936
3.5010998452735683e-17,8.86999109127989e-19,24.380470275878906
3.4835718880935697e-17,8.824853913204403e-19,24.384350776672363
3.4661312811862566e-17,8.779891477033317e-19,24.38802933692932
3.448778024551629e-17,8.735167889264106e-19,24.391759872436523
3.431511787317442e-17,8.690731746757758e-19,24.395715713500977
3.414332238611451e-17,8.646474999046756e-19,24.40045475959778
3.397238054944675e-17,8.602417291670651e-19,24.404305934906006
3.380229898061605e-17,8.558618078235968e-19,24.408100366592407
3.363306775345505e-17,8.515047890433386e-19,24.41189408302307
3.3464686867963755e-17,8.471714483081147e-19,24.416349172592163
3.3297146397974814e-17,8.428522213420925e-19,24.420057773590088
3.313044303476578e-17,8.385628762756988e-19,24.423802614212036
3.2964580087059095e-17,8.342907469058038e-19,24.427593231201172
3.2799541011242515e-17,8.300437431470151e-19,24.43199372291565
3.263533242476094e-17,8.258211929150851e-19,24.43593692779541
3.2471944401447014e-17,8.216099647177893e-19,24.439632654190063
3.230937363257829e-17,8.174284116249689e-19,24.44340944290161
3.214762011815477e-17,8.132670210595795e-19,24.44730854034424
3.1986670623286654e-17,8.0912470734706705e-19,24.451390504837036
3.182653176541884e-17,8.050004365116659e-19,24.455086946487427
3.1667190309661524e-17,8.009029456485962e-19,24.458881616592407
3.150865287345961e-17,7.968285641438897e-19,24.46268129348755
3.135090291320085e-17,7.927679862156552e-19,24.46717667579651
3.1193950355052586e-17,7.887331542839864e-19,24.470898866653442
3.1037778655402574e-17,7.847134700972849e-19,24.47463321685791
3.088238450552836e-17,7.807197387023024e-19,24.478479385375977
3.072777452287485e-17,7.767461698347507e-19,24.482988595962524
3.057393547255224e-17,7.727890928806619e-19,24.487824201583862
3.0420870663282976e-17,7.688542981043237e-19,24.491995096206665
3.026856686017726e-17,7.649417338069479e-19,24.49610733985901
3.011703068068e-17,7.610478844709311e-19,24.50110626220703
2.996624888990138e-17,7.571693896750348e-19,24.504811763763428
2.9816228105286315e-17,7.533194326102716e-19,24.5085871219635
2.9666951783222545e-17,7.494814179656021e-19,24.51242709159851
2.9518426541154974e-17,7.456664092817193e-19,24.517807960510254
2.93706457616387e-17,7.418669102343218e-19,24.521506786346436
2.9223599518506373e-17,7.380911409307469e-19,24.525267839431763
2.9077294429202894e-17,7.34332794118824e-19,24.529250621795654
2.893172056756091e-17,7.305929554731069e-19,24.533953428268433
2.8786874624857977e-17,7.268761227881764e-19,24.5376558303833
2.864275660109409e-17,7.231725766918351e-19,24.541404724121094
2.8499356570101895e-17,7.194923984477984e-19,24.545236587524414
2.835667784060385e-17,7.158301596832964e-19,24.54969596862793
2.8214707177710147e-17,7.121822931819376e-19,24.553527355194092
2.807345450758814e-17,7.085565537619645e-19,24.557287454605103
2.793290328662558e-17,7.049526312306475e-19,24.56117582321167
2.7793063440989817e-17,7.013628224685322e-19,24.565831184387207
2.765391677270737e-17,6.977929694386948e-19,24.569539785385132
2.7515469899223146e-17,6.942374369732122e-19,24.573265552520752
2.737771620309224e-17,6.907055825527639e-19,24.577054500579834
2.7240649066869753e-17,6.871892894675893e-19,24.58114719390869
2.7104271799278136e-17,6.836902637777017e-19,24.585078477859497
2.6968576128511262e-17,6.802085054831011e-19,24.588764429092407
2.683355874584668e-17,6.767489259686746e-19,24.592610120773315
2.6699219651284394e-17,6.733027364404139e-19,24.596722841262817
2.65655522273795e-17,6.698746414880527e-19,24.60096573829651
2.6432551511048324e-17,6.664648996055326e-19,24.60469627380371
2.630021915665209e-17,6.630716496364752e-19,24.60846471786499
2.61685485467459e-17,6.596956153639166e-19,24.612295389175415
2.6037538026968526e-17,6.563413462812258e-19,24.616735696792603
2.5907182634236294e-17,6.530009324737952e-19,24.620466470718384
2.5777479059826755e-17,6.496730814719178e-19,24.624306201934814
2.5648427303739907e-17,6.46365496395048e-19,24.62816023826599
2.552002074853085e-17,6.430780738456091e-19,24.63253402709961
2.5392256085477134e-17,6.398051269568899e-19,24.636236906051636
2.5265131660217535e-17,6.365432953076519e-19,24.63993740081787
2.51386441640296e-17,6.333039009325294e-19,24.643686532974243
2.5012790288190883e-17,6.300810501696579e-19,24.64750647544861
2.488756341525648e-17,6.268758286935915e-19,24.651588916778564
2.4762968508310068e-17,6.236842039988439e-19,24.655596256256104
2.463899398682307e-17,6.205104670848428e-19,24.659571170806885
2.4515639850795487e-17,6.173521881085388e-19,24.663555145263672
2.439290610022732e-17,6.14210659539639e-19,24.667696714401245
2.427078446331244e-17,6.110819522702337e-19,24.671430110931396
2.414927494005085e-17,6.079739762149306e-19,24.675174474716187
2.4028372567358875e-17,6.048776323869914e-19,24.678996562957764
2.390807569087529e-17,6.018030537489201e-19,24.68340492248535
2.3788382656238866e-17,5.987358680375735e-19,24.687103748321533
2.366928850036593e-17,5.956909128051892e-19,24.690898180007935
2.355079156889526e-17,5.92659037366241e-19,24.694722414016724
2.3432886898743176e-17,5.896426198649898e-19,24.6992449760437
2.3315572835548455e-17,5.866407814220348e-19,24.702949285507202
2.3198844416227422e-17,5.836570375549795e-19,24.706658601760864
2.3082701640780077e-17,5.806855463007476e-19,24.710434913635254
2.2967139546122744e-17,5.777304435624019e-19,24.714473247528076
2.2852156477894197e-17,5.747881621235508e-19,24.718372583389282
2.2737750781733213e-17,5.718630446824102e-19,24.722065210342407
2.262391584019489e-17,5.689569006965699e-19,24.72581672668457
2.2510649998918005e-17,5.66058976818067e-19,24.729662895202637
2.239795491226378e-17,5.631790958166753e-19,24.734368562698364
2.2285822308426092e-17,5.603109504402243e-19,24.738108158111572
2.217424887868249e-17,5.574570222305515e-19,24.74186110496521
2.2063234623032972e-17,5.546232565483097e-19,24.745697736740112
2.195277954147754e-17,5.518002959128193e-19,24.750128507614136
2.1842873707848846e-17,5.489932068053323e-19,24.75381326675415
2.1733520430869335e-17,5.461999729731056e-19,24.757545232772827
2.1624714747455335e-17,5.434181645730898e-19,24.76139497756958
2.1516453348884395e-17,5.406540371586673e-19,24.7660493850708
2.1408732926434064e-17,5.379015419716088e-19,24.76975131034851
2.1301553480104344e-17,5.351647632161888e-19,24.77346920967102
2.1194908392450332e-17,5.324423567239119e-19,24.77723479270935
2.1088799317833255e-17,5.297333402178008e-19,24.781132698059082
2.098321963880821e-17,5.270364729269365e-19,24.78487277030945
2.0878171009736427e-17,5.243541846943684e-19,24.788620710372925
2.0773645158811776e-17,5.216858034358489e-19,24.792405128479004
2.066964539475671e-17,5.190327250186617e-19,24.796372175216675
2.05661634457651e-17,5.163899863591313e-19,24.801302194595337
2.04632026205594e-17,5.137612063724378e-19,24.805103540420532
2.0360756301694707e-17,5.111510379495267e-19,24.808873176574707
2.0258822834809798e-17,5.085488311400115e-19,24.81294083595276
2.015739891118222e-17,5.059583082566485e-19,24.817676782608032
2.005648287645075e-17,5.033888267801174e-19,24.821470737457275
1.995607473061539e-17,5.008254974593921e-19,24.825342416763306
1.985616620187001e-17,4.982767988957514e-19,24.82918930053711
1.9756758944575837e-17,4.957416971134295e-19,24.8337984085083
1.9657847995649196e-17,4.932170384863411e-19,24.837477445602417
1.9559433355090087e-17,4.907110948206117e-19,24.84129786491394
1.946151171417606e-17,4.882128542743367e-19,24.845253467559814
1.9364079764184664e-17,4.85725935762696e-19,24.849647283554077
1.9267135850754674e-17,4.832568016342252e-19,24.853538036346436
1.9170678319524866e-17,4.80799041239177e-19,24.857260704040527
1.9074702207411563e-17,4.783506383248084e-19,24.861058473587036
1.8979207514414766e-17,4.759193994081502e-19,24.865325450897217
1.888419258617325e-17,4.734963289000409e-19,24.869056940078735
1.8789650805242114e-17,4.710861830890028e-19,24.87291932106018
1.869558217162136e-17,4.686927876853689e-19,24.876686573028564
1.860198503094976e-17,4.663089565575677e-19,24.880520343780518
1.850885772886609e-17,4.639323632601262e-19,24.885835886001587
1.8416195302286673e-17,4.615733475507016e-19,24.88974690437317
1.8323997751211513e-17,4.592263776589472e-19,24.89355969429016
1.8232260112556932e-17,4.568904196090975e-19,24.89779043197632
1.8140984040684155e-17,4.545651632084226e-19,24.90200138092041
1.8050162918148283e-17,4.522520043242064e-19,24.905712366104126
1.7959796744949315e-17,4.499507361612956e-19,24.909663915634155
1.7869883866726026e-17,4.476627028881856e-19,24.913539171218872
1.7780420974755966e-17,4.45384544083638e-19,24.91825819015503
1.769140641467791e-17,4.431191548797967e-19,24.921952724456787
1.7602835223408182e-17,4.408665869754499e-19,24.925692319869995
1.7514710709669232e-17,4.386223942748053e-19,24.929640531539917
1.7427024601654936e-17,4.363905575845606e-19,24.934289932250977
1.7339780208087743e-17,4.341701980253152e-19,24.938090562820435
1.7252972565883978e-17,4.319619359825283e-19,24.941828966140747
1.7166596711959966e-17,4.2976543541407616e-19,24.945688486099243
1.7080655955038157e-17,4.27576198525378e-19,24.950310468673706
1.699514367767365e-17,4.254022903274062e-19,24.954115867614746
1.6910059879866445e-17,4.232409449349876e-19,24.958166360855103
1.6825402907255318e-17,4.2108792304748276e-19,24.96203637123108
1.6741169451117818e-17,4.189475156643194e-19,24.96714472770691
1.6657356202731495e-17,4.16813467232115e-19,24.971943378448486
1.6573964816457574e-17,4.146931706775943e-19,24.97618317604065
1.6490988674851155e-17,4.1258499748892634e-19,24.98000407218933
1.6408429432273462e-17,4.1048687971457973e-19,24.984420776367188
1.6326283780002046e-17,4.0839861055940133e-19,24.988173961639404
1.6244548409314457e-17,4.063214566437041e-19,24.99200749397278
1.6163223320210693e-17,4.042516956547316e-19,24.99582052230835
1.6082305203968306e-17,4.0219563484465446e-19,25.000487565994263
1.600179240622607e-17,4.001518266474008e-19,25.004303455352783
1.592167996390031e-17,3.9811484269020067e-19,25.008050203323364
1.5841971185713474e-17,3.9609039568915956e-19,25.011808395385742
1.576266110858189e-17,3.940772190239645e-19,25.016350984573364
1.568374807814433e-17,3.9207298624914264e-19,25.020601749420166
1.5605228785678347e-17,3.9007857624409486e-19,25.024514198303223
1.5527104885545164e-17,3.8809373051487973e-19,25.028480052947998
1.544936976029988e-17,3.8612028436848135e-19,25.033035039901733
1.5372026718664947e-17,3.8415601475700347e-19,25.037068367004395
1.5295069143195464e-17,3.822013352707524e-19,25.040977001190186
1.521849703389143e-17,3.802576676264059e-19,25.044942378997803
1.5142310390752846e-17,3.7832723487186028e-19,25.049678325653076
1.506650259633481e-17,3.764016618034134e-19,25.053496837615967
1.49910719962761e-17,3.744875141671774e-19,25.057256937026978
1.491602355366039e-17,3.725808628552427e-19,25.061057090759277
1.4841348996681552e-17,3.7068692944522595e-19,25.066015481948853
1.4767049979700814e-17,3.688010610461816e-19,25.06972074508667
1.4693119885273275e-17,3.669253514590352e-19,25.073478937149048
1.4619562022121384e-17,3.6505977483439256e-19,25.077277183532715
1.4546371427161467e-17,3.6320340059406457e-19,25.081974744796753
1.44735464460323e-17,3.613565647801751e-19,25.085997581481934
1.4401088733095104e-17,3.5951916399514752e-19,25.089903354644775
1.4328991670904982e-17,3.5769000916685136e-19,25.093870878219604
1.4257256913823158e-17,3.5587171108409495e-19,25.098634243011475
1.4185881153127183e-17,3.540622017953469e-19,25.1025550365448
1.4114861080094605e-17,3.5226142960181898e-19,25.106454133987427
1.4044196694725425e-17,3.5047037678048853e-19,25.110387563705444
1.3973887997019642e-17,3.486867427352769e-19,25.11447811126709
1.3903931678254808e-17,3.469154388510712e-19,25.118626832962036
1.3834323602527858e-17,3.451489429541759e-19,25.12260150909424
1.3765064597019405e-17,3.4339658667587646e-19,25.126546144485474
1.3696152180187613e-17,3.4164784931275693e-19,25.130491256713867
1.3627585524851867e-17,3.399127345803504e-19,25.13473391532898
1.3559362149470331e-17,3.381831516182903e-19,25.138523817062378
1.3491479572501167e-17,3.3646253839599757e-19,25.142305850982666
1.3423936966763762e-17,3.347527819192446e-19,25.14612126350403
1.3356733505077504e-17,3.330488674055678e-19,25.150529623031616
1.3289865878719942e-17,3.3135586133621903e-19,25.15447425842285
1.322333160614924e-17,3.2967213519936734e-19,25.158488988876343
1.3157131514546008e-17,3.2799401838104453e-19,25.162453413009644
1.3091264776729635e-17,3.26328128326151e-19,25.167108297348022
1.3025725602435834e-17,3.2466660681886754e-19,25.170810222625732
1.2960514818845216e-17,3.230179841592611e-19,25.174551963806152
1.2895629944415944e-17,3.213739885412061e-19,25.178372621536255
1.2831070979148018e-17,3.1973968644595443e-19,25.18303155899048
1.27668354414996e-17,3.1811448333744087e-19,25.186900854110718
1.2702920849928853e-17,3.164966214568637e-19,25.19095516204834
1.2639326377255163e-17,3.1488656609331753e-19,25.19498109817505
1.2576049541936694e-17,3.1328762596925253e-19,25.19963312149048
1.2513090343973446e-17,3.116953291394821e-19,25.203352212905884
1.245044630182358e-17,3.1010737500792756e-19,25.20718026161194
1.2388116588306484e-17,3.0853415503103413e-19,25.210967779159546
1.2326097067519096e-17,3.0696499340902104e-19,25.215328454971313
1.2264390221003252e-17,3.054020356416021e-19,25.21907138824463
1.2202990258494666e-17,3.038509168967003e-19,25.2230327129364
1.2141898834354562e-17,3.0230605370518096e-19,25.22713565826416
1.208111263986049e-17,3.007681440006859e-19,25.232267141342163
1.2020632502193063e-17,2.9923894554201676e-19,25.236003875732422
1.1960453458268606e-17,2.9771830323280873e-19,25.239670991897583
1.190057633526773e-17,2.9620427836850113e-19,25.24348783493042
1.1840998651648598e-17,2.9469731038879436e-19,25.247435331344604
1.1781719580230598e-17,2.932002944258324e-19,25.251574516296387
1.1722735812291279e-17,2.917092238235231e-19,25.255558967590332
1.1664049002191867e-17,2.9022665767188667e-19,25.259743690490723
1.160565584120991e-17,2.8874980423635567e-19,25.263734579086304
1.1547555502164799e-17,2.872823858296866e-19,25.267682790756226
1.148974467633408e-17,2.8582329092793134e-19,25.271608114242554
1.1432224190898368e-17,2.8437011553743467e-19,25.27549123764038
1.1374990737135211e-17,2.82922937206379e-19,25.279479503631592
1.1318045142225223e-17,2.8148708090995766e-19,25.28391170501709
1.126138327026534e-17,2.800562393959999e-19,25.287874937057495
1.1205005948436176e-17,2.786302575681409e-19,25.292678833007812
1.1148910695195893e-17,2.7721430530520914e-19,25.29663348197937
1.1093096683363877e-17,2.7580525483051334e-19,25.30111527442932
1.103756060421768e-17,2.744043210655782e-19,25.304805278778076
1.0982304112118525e-17,2.7300762660128243e-19,25.308599710464478
1.0927324725524575e-17,2.7162003112372473e-19,25.312514781951904
1.0872619135713381e-17,2.7023954422955615e-19,25.317928314208984
1.0818188997046167e-17,2.68866398563324e-19,25.322272539138794
1.0764029346439257e-17,2.6749878466743826e-19,25.326231241226196
1.071014266543449e-17,2.6613985616798435e-19,25.330177307128906
1.065652399094819e-17,2.647875192640367e-19,25.334936380386353
1.0603174977341583e-17,2.6344084337740625e-19,25.33863854408264
1.0550092315892217e-17,2.6210300798357243e-19,25.34237790107727
1.0497276006600094e-17,2.6077057511311436e-19,25.346375942230225
1.0444723567923375e-17,2.594441910008856e-19,25.350972175598145
1.039243499986206e-17,2.581248896226518e-19,25.354782104492188
1.03404069936937e-17,2.568137308035728e-19,25.35852885246277
1.0288642030960132e-17,2.555079228090813e-19,25.362345695495605
1.0237133494216455e-17,2.542092233979789e-19,25.36683750152588
1.0185884692185119e-17,2.5291851144966646e-19,25.370516300201416
1.013489066178245e-17,2.516310823744101e-19,25.3742253780365
1.0084153057369673e-17,2.503526747377094e-19,25.37804365158081
1.0033669397404949e-17,2.490811947386388e-19,25.382490634918213
9.983438854707666e-18,2.478134112029306e-19,25.386195421218872
9.933458947735987e-18,2.465539511721362e-19,25.39008665084839
9.883728849309299e-18,2.453020133150372e-19,25.39413619041443
9.834249386608215e-18,2.440543147585775e-19,25.398494482040405
9.785016423729671e-18,2.4281372478550696e-19,25.40240168571472
9.736029960673668e-18,2.415804760403728e-19,25.40625
9.687289997440206e-18,2.40353276053468e-19,25.410171508789062
9.638792398126222e-18,2.3913127179478573e-19,25.41443681716919
9.590538817092941e-18,2.3791516119796793e-19,25.418357849121094
9.542525945617913e-18,2.367062367327217e-19,25.422329664230347
9.494753783701138e-18,2.35504136507529e-19,25.42629647254944
9.447220676981391e-18,2.343051382096334e-19,25.430307626724243
9.399925798278059e-18,2.3311479945877543e-19,25.43428134918213
9.35286832041053e-18,2.3193069041190577e-19,25.43799901008606
9.306044934656353e-18,2.307513893523466e-19,25.441758155822754
9.259457295376754e-18,2.295795070689062e-19,25.445600509643555
9.213102093849282e-18,2.2841263956792946e-19,25.450052976608276
9.166979330073938e-18,2.2725099364456944e-19,25.453733921051025
9.121087349689496e-18,2.2609560327459186e-19,25.457565307617188
9.075424498334731e-18,2.249487949034695e-19,25.461392641067505
9.029990776009644e-18,2.2380423542963755e-19,25.465832471847534
8.984784528353008e-18,2.2266712058131856e-19,25.469512462615967
8.939804928184212e-18,2.215363905333527e-19,25.473246812820435
8.89505032114203e-18,2.204108045148212e-19,25.47701668739319
8.850519880045851e-18,2.192894060981407e-19,25.4808247089386
8.806211950534448e-18,2.1817542645757905e-19,25.484947443008423
8.762126532607822e-18,2.1706625480432786e-19,25.488802433013916
8.718261144724135e-18,2.1596425635795116e-19,25.492600202560425
8.674614959702774e-18,2.148661353206958e-19,25.496487855911255
8.631188804724353e-18,2.137748902222823e-19,25.501102447509766
8.58797937106642e-18,2.126879361232964e-19,25.50481104850769
8.544985004367752e-18,2.11607612393908e-19,25.508558988571167
8.502207358989572e-18,2.1053318232638405e-19,25.512364387512207
8.459643953390043e-18,2.0946299155949943e-19,25.516841888427734
8.417293133207941e-18,2.0839800944553448e-19,25.520581245422363
8.375154071262652e-18,2.0733925703555781e-19,25.524369478225708
8.333225940373564e-18,2.0628582960077446e-19,25.528314352035522
8.291508740540677e-18,2.05237287701484e-19,25.533231019973755
8.249999990222154e-18,2.041949884308789e-19,25.536926984786987
8.208698035056769e-18,2.0315729035243113e-19,25.54065775871277
8.167603702225134e-18,2.0212514989372395e-19,25.544434547424316
8.126715337366025e-18,2.0109922621430798e-19,25.548665523529053
8.086030458937605e-18,2.0007538341112047e-19,25.552521228790283
8.045550721301097e-18,1.990592308026903e-19,25.55620312690735
8.005272815734053e-18,1.980468005070166e-19,25.55999255180359
7.965197569417084e-18,1.9704058699063413e-19,25.563805103302002
7.925320846447127e-18,1.9603955627777718e-19,25.56819772720337
7.885645955546634e-18,1.9504385054011354e-19,25.572033643722534
7.846167933631928e-18,1.9405356025052272e-19,25.575971364974976
7.806889262244848e-18,1.9306603584610511e-19,25.57982635498047
7.767806632662942e-18,1.9208634380811262e-19,25.584378242492676
7.728919217705599e-18,1.911099346431762e-19,25.58805775642395
7.690226190192206e-18,1.9013886337813016e-19,25.59179377555847
7.651727550122763e-18,1.8917296199191257e-19,25.595623016357422
7.613421643136045e-18,1.882133290837745e-19,25.600177526474
7.575307642051439e-18,1.87256164792777e-19,25.603989839553833
7.53738389250772e-18,1.8630557917258872e-19,25.607765197753906
7.499649567324276e-18,1.8535915530485734e-19,25.611571073532104
7.46210549368172e-18,1.8441636327700296e-19,25.616450786590576
7.4247483628576e-18,1.8348014991995778e-19,25.620176553726196
7.38757900203253e-18,1.8254741330642475e-19,25.623924255371094
7.350595756845284e-18,1.8162029893611766e-19,25.627690315246582
7.313796972934637e-18,1.8069754018872354e-19,25.632036209106445
7.27718265030059e-18,1.7977929216060725e-19,25.636037349700928
7.24075196176253e-18,1.7886607183965164e-19,25.639737606048584
7.20450325295923e-18,1.7795755610842992e-19,25.643580436706543
7.168436523890694e-18,1.7705291778632954e-19,25.647519826889038
7.132550120195693e-18,1.7615392755684926e-19,25.651466131210327
7.096842387513004e-18,1.7525970654058822e-19,25.655182600021362
7.061314980203851e-18,1.7436914321359832e-19,25.659011125564575
7.025964589545785e-18,1.7348305183179503e-19,25.662946224212646
6.990790388358193e-18,1.7260138069639007e-19,25.667264938354492
6.9557940310023e-18,1.7172592634027633e-19,25.671053409576416
6.9209722087556545e-18,1.7085184200205213e-19,25.674795389175415
6.886324508027952e-18,1.6998358670220702e-19,25.678622007369995
6.851849688048273e-18,1.6912121213952927e-19,25.68323254585266
6.8175485759972306e-18,1.6826272791066994e-19,25.686950206756592
6.7834186903329864e-18,1.674068027718307e-19,25.69164538383484
6.749460031055541e-18,1.6655789574350108e-19,25.695910692214966
6.715670943803668e-18,1.6571106959139992e-19,25.700878858566284
6.682051014987063e-18,1.6486921944767115e-19,25.70458149909973
6.648599417425112e-18,1.6403137596003443e-19,25.708346366882324
6.61531573752751e-18,1.6319809489046382e-19,25.712324619293213
6.582197907342724e-18,1.6236972520578025e-19,25.71727705001831
6.549246340461062e-18,1.6154483226460881e-19,25.720985651016235
6.51646020970191e-18,1.6072438541922985e-19,25.72472071647644
6.483837033523431e-18,1.5990745409145424e-19,25.728574752807617
6.451378052696544e-18,1.590950076335623e-19,25.73325800895691
6.419081612860024e-18,1.5828800247313733e-19,25.73695206642151
6.386946059652645e-18,1.5748320743591152e-19,25.74064874649048
6.3549726338453265e-18,1.5668407341600287e-19,25.744520902633667
6.323158026715618e-18,1.558872787662641e-19,25.748740196228027
6.291503479034439e-18,1.5509628730551026e-19,25.752615690231323
6.2600073364405636e-18,1.5430851409432714e-19,25.7563316822052
6.2286687717533796e-18,1.535243339489298e-19,25.760127305984497
6.197486957792274e-18,1.52744793769781e-19,25.764047861099243
6.166461480966942e-18,1.5196774805716693e-19,25.76814293861389
6.135591100506463e-18,1.5119706129551186e-19,25.77181601524353
6.104875402820531e-18,1.5042844248538817e-19,25.775543689727783
6.0743135607285344e-18,1.4966575611122014e-19,25.779358625411987
6.0439039198692474e-18,1.4890494381812742e-19,25.783907413482666
6.013647307423283e-18,1.4814824157870332e-19,25.787589073181152
5.983542069029415e-18,1.4739546844718886e-19,25.79134249687195
5.953587791097339e-18,1.4664780057101749e-19,25.795162439346313
5.923782819265828e-18,1.4590289858001934e-19,25.79978609085083
5.894127980715496e-18,1.4516178352526304e-19,25.803483963012695
5.864620793904504e-18,1.44425075792208e-19,25.807347059249878
5.8352616724231596e-18,1.4369149583584418e-19,25.811222076416016
5.806049375500543e-18,1.429615218699632e-19,25.81603455543518
5.7769834895463486e-18,1.4223508927107972e-19,25.819918155670166
5.748062773789657e-18,1.4151285719874436e-19,25.82362937927246
5.719287228230469e-18,1.407945671590157e-19,25.827411890029907
5.6906556120978644e-18,1.400781253509682e-19,25.83199191093445
5.6621666846209256e-18,1.3936717653917595e-19,25.83585286140442
5.633821686570571e-18,1.3866010513650503e-19,25.839563846588135
5.605617722814657e-18,1.3795612273643412e-19,25.843344688415527
5.577555620533795e-18,1.372556429292695e-19,25.84728765487671
5.549633311776455e-18,1.36558458919858e-19,25.851581573486328
5.521850796542637e-18,1.3586516524426492e-19,25.855432271957397
5.494207661242033e-18,1.351751156676367e-19,25.859273195266724
5.4667030786940326e-18,1.3448849113573233e-19,25.863218307495117
5.439335808127716e-18,1.3380591203401123e-19,25.867727994918823
5.4121058495430826e-18,1.3312602126928093e-19,25.871516227722168
5.385012375759521e-18,1.3245044735337238e-19,25.87545895576477
5.358054146006111e-18,1.3177712233475422e-19,25.87934112548828
5.331230746692548e-18,1.311084760564758e-19,25.883992671966553
5.304542177818831e-18,1.3044258273867355e-19,25.88767647743225
5.277986785023735e-18,1.2978041173362778e-19,25.891425371170044
5.2515645683072596e-18,1.2912122633360544e-19,25.895453214645386
5.225274700488793e-18,1.2846586664391616e-19,25.900194883346558
5.199115940797416e-18,1.2781328576409718e-19,25.903974771499634
5.173088702823435e-18,1.2716441427233762e-19,25.908397436141968
5.147191332205625e-18,1.2651854131029855e-19,25.912805795669556
5.1214238289439854e-18,1.2587618386586284e-19,25.917413473129272
5.095785365857904e-18,1.2523682495114764e-19,25.92125153541565
5.070275115766769e-18,1.2460198968040733e-19,25.925141096115112
5.044892665080273e-18,1.2396906726483355e-19,25.929070949554443
5.019637186617804e-18,1.2333856176761208e-19,25.93355941772461
4.994508680379362e-18,1.2271282548360986e-19,25.937281131744385
4.9695054920037215e-18,1.2209002310584278e-19,25.941041707992554
4.944627621490883e-18,1.214698702909753e-19,25.945988178253174
4.919873828069927e-18,1.2085345271356136e-19,25.95189929008484
4.895244525331161e-18,1.2023969762374409e-19,25.9576895236969
4.870738472503665e-18,1.1962847577455275e-19,25.96302556991577
4.846354842406827e-18,1.190216095482744e-19,25.96943950653076
4.8220936350406464e-18,1.1841739288489562e-19,25.973679304122925
4.797953609634205e-18,1.1781622645002564e-19,25.977752208709717
4.7739343525971966e-18,1.1721800684608788e-19,25.984139442443848
4.7500354503393145e-18,1.1662313473869154e-19,25.98823308944702
4.726256075679946e-18,1.1603123531162156e-19,25.993032217025757
4.702596228619092e-18,1.154410807186562e-19,25.998793363571167
4.679054668385833e-18,1.1485529467330086e-19,26.002752542495728
4.655630567799556e-18,1.142730241455489e-19,26.00631022453308
4.632323513269956e-18,1.1369211071098938e-19,26.010660409927368
4.609133918387338e-18,1.1311489373979222e-19,26.016215324401855
4.586060128790478e-18,1.1254080454528628e-19,26.020949363708496
4.563101730889068e-18,1.1196935198898285e-19,26.02569317817688
4.540258311092804e-18,1.1140065239315557e-19,26.033138275146484
4.517529042221072e-18,1.1083469283310738e-19,26.038065671920776
4.494914337864178e-18,1.1027281747733366e-19,26.042818069458008
4.472411716480286e-18,1.0971308762127375e-19,26.046655654907227
4.450022832430619e-18,1.0915623997266071e-19,26.051219701766968
4.427745204173341e-18,1.0860177046830876e-19,26.055108785629272
4.405579658889064e-18,1.0805061614875556e-19,26.061126708984375
4.3835245422165625e-18,1.0750249267066554e-19,26.06624674797058
4.3615806813364495e-18,1.0695668917569979e-19,26.06970191001892
4.3397460082971935e-18,1.0641328321204073e-19,26.07357692718506
4.318020936689101e-18,1.0587241695135616e-19,26.077149868011475
4.2964042257412525e-18,1.0533577706661384e-19,26.08081078529358
4.274896289043955e-18,1.0480099187590124e-19,26.084902048110962
4.253495472235983e-18,1.0426894672096772e-19,26.088608741760254
4.232202188907643e-18,1.0373927971029529e-19,26.09348225593567
4.211015611878322e-18,1.0321248198237265e-19,26.097353219985962
4.189934500377102e-18,1.0268901882629436e-19,26.10172724723816
4.168959267994289e-18,1.021682116954642e-19,26.105580806732178
4.148089501139576e-18,1.0164895552828257e-19,26.10986638069153
4.127323545451738e-18,1.0113375125363275e-19,26.113566875457764
4.1066618145210826e-18,1.0061982652399297e-19,26.118396759033203
4.086103481166996e-18,1.001092105168034e-19,26.122129440307617
4.065648131799172e-18,9.96008434069042e-20,26.12611699104309
4.0452949392369986e-18,9.909564284778744e-20,26.130332231521606
4.025043903480475e-18,9.85928075082347e-20,26.134965419769287
4.00489419734899e-18,9.80921047436987e-20,26.13870906829834
3.984845407252236e-18,9.759414847729031e-20,26.14250636100769
3.964896706009601e-18,9.709871252681079e-20,26.147444248199463
3.9450480936210846e-18,9.660592613923086e-20,26.152714252471924
3.925298742906075e-18,9.611597026030951e-20,26.157382249832153
3.905648653864571e-18,9.562792077420615e-20,26.161422729492188
3.8860965857256554e-18,9.514241745342581e-20,26.166243076324463
3.866642538489327e-18,9.465971232956137e-20,26.169769048690796
3.847285684974974e-18,9.417924317829024e-20,26.17331099510193
3.828026025182595e-18,9.370102292430948e-20,26.1769118309021
3.808862731931579e-18,9.322553624375928e-20,26.180616855621338
3.789794564451007e-18,9.275262157792622e-20,26.185091733932495
3.770822763511797e-18,9.22811480158166e-20,26.188660383224487
3.751945674752724e-18,9.18134743146459e-20,26.192216396331787
3.733163298173789e-18,9.134656963295093e-20,26.195868015289307
3.714474806594378e-18,9.088320631825345e-20,26.200640201568604
3.695879786424186e-18,9.042241501827313e-20,26.20412540435791
3.6773778240729064e-18,8.996342671353423e-20,26.207961320877075
3.6589685059502325e-18,8.950623494168823e-20,26.21153235435486
3.6406518320561645e-18,8.905262331093092e-20,26.21660089492798
3.6224261480294774e-18,8.860074358958116e-20,26.220409870147705
3.604292281050784e-18,8.815066040112427e-20,26.224263191223145
3.5862489903491645e-18,8.770352404359961e-20,26.228091955184937
3.5682958623343135e-18,8.725825530480173e-20,26.232752799987793
3.550432483415925e-18,8.681551334428126e-20,26.236492395401
3.532659267184304e-18,8.637494273286874e-20,26.240264177322388
3.51497414568792e-18,8.593675672806585e-20,26.244041681289673
3.497378359697692e-18,8.550107811449475e-20,26.2486412525177
3.479870254852395e-18,8.506628484267303e-20,26.252382278442383
3.462449624356875e-18,8.463517510951658e-20,26.25612187385559
3.4451160546208263e-18,8.420562926470575e-20,26.259907245635986
3.4278695456442488e-18,8.377781532930244e-20,26.26377820968628
3.4107096838368362e-18,8.335292883778575e-20,26.268053770065308
3.393635435222823e-18,8.292998105082973e-20,26.27186870574951
3.3766465930070557e-18,8.250901720487413e-20,26.275624752044678
3.3597429503943814e-18,8.209070938416665e-20,26.279433965682983
3.3429236802041876e-18,8.167403653763867e-20,26.284038066864014
3.3261889892316273e-18,8.12591279122609e-20,26.28781294822693
3.309537843500935e-18,8.084714026842121e-20,26.291576862335205
3.292970036216957e-18,8.043689745868612e-20,26.29543137550354
3.276485360584541e-18,8.002835424661589e-20,26.300236701965332
3.260083196218227e-18,7.962275786547787e-20,26.304582834243774
3.2437629227325557e-18,7.92185121151838e-20,26.308404207229614
3.227524333332374e-18,7.881678021847005e-20,26.312313318252563
3.211367221222529e-18,7.841649588782828e-20,26.31707453727722
3.195290966017561e-18,7.801886758243462e-20,26.32141661643982
3.1792953609223167e-18,7.762230556454934e-20,26.3253116607666
3.1633793719610308e-18,7.722896179623477e-20,26.329261541366577
3.1475434127240093e-18,7.683734993732773e-20,26.334089040756226
3.131786862825793e-18,7.644726965502362e-20,26.337984323501587
3.116108895085769e-18,7.605908930318897e-20,26.341909885406494
3.1005093027087848e-18,7.56735585142539e-20,26.345862865447998
3.0849880856948397e-18,7.528957222661884e-20,26.350725889205933
3.0695446236584747e-18,7.490713044028377e-20,26.354761838912964
3.0541782962142303e-18,7.452725420631733e-20,26.35867190361023
3.0388888965669532e-18,7.414878676433164e-20,26.362621307373047
3.0236760111263374e-18,7.377288487471458e-20,26.367419719696045
3.0085394330972295e-18,7.339886352852136e-20,26.37128210067749
2.9934787488893234e-18,7.302652885529593e-20,26.375149965286255
2.9784931313220065e-18,7.265551896352029e-20,26.379154920578003
2.9635825803952787e-18,7.228663518441285e-20,26.38413143157959
2.948746889313987e-18,7.192004553903554e-20,26.388638496398926
2.933985437692672e-18,7.155538167352183e-20,26.392589569091797
2.919297605145874e-18,7.119269528666001e-20,26.3971688747406
2.9046833916735935e-18,7.083109457435216e-20,26.40153169631958
2.89014279727583e-18,7.047185908160833e-20,26.405704736709595
2.875674581181665e-18,7.011424563834693e-20,26.409637451171875
2.8612787433910985e-18,6.975873245835959e-20,26.413641929626465
2.846955077108977e-18,6.940448589868522e-20,26.417907238006592
2.8327029619498416e-18,6.905263687031754e-20,26.421803951263428
2.818522397913692e-18,6.87022095586277e-20,26.425708055496216
2.8044129714102218e-18,6.835355939278513e-20,26.429784774780273
2.7903738552588187e-18,6.800648603998525e-20,26.434523820877075
2.7764052562546357e-18,6.76617455950067e-20,26.438652992248535
2.7625065540122134e-18,6.731835578087209e-20,26.442643404006958
2.7486773349412457e-18,6.69772601004676e-20,26.446908235549927
2.734917392246579e-18,6.663745688977024e-20,26.45160961151123
2.7212263123379077e-18,6.629904954635655e-20,26.455474376678467
2.707603681624925e-18,6.596273600386839e-20,26.45934295654297
2.694049500107631e-18,6.562816729548483e-20,26.46330165863037
2.6805629406054135e-18,6.52954920552222e-20,26.46792197227478
2.667143796323119e-18,6.496420621989471e-20,26.47170901298523
2.653791860465594e-18,6.463469106806597e-20,26.476085901260376
2.6405073398279925e-18,6.430656532117237e-20,26.480148553848267
2.627288580049089e-18,6.398016502133778e-20,26.48462963104248
2.6141364083094957e-18,6.365586498477724e-20,26.488763093948364
2.6010499974286005e-18,6.333276048269579e-20,26.49260711669922
2.588028933816097e-18,6.301193072729885e-20,26.496492385864258
2.5750734242671384e-18,6.269255500032242e-20,26.501157760620117
2.562182434805959e-18,6.237413570092925e-20,26.505110025405884
2.5493561722277116e-18,6.205773265427918e-20,26.509094953536987
2.5365940161469372e-18,6.174253160445673e-20,26.512970447540283
2.5238957597684826e-18,6.142983148351755e-20,26.517354488372803
2.5112609895020413e-18,6.111806194076748e-20,26.521135568618774
2.4986897053476136e-18,6.080815355439566e-20,26.525115251541138
2.4861810801245867e-18,6.049958933651924e-20,26.52991509437561
2.473735320628114e-18,6.019298967259763e-20,26.53520107269287
2.4613515996775824e-18,5.988753384436682e-20,26.539103507995605
2.4490301240681457e-18,5.958376468910379e-20,26.543023586273193
2.436770273414344e-18,5.928155295983783e-20,26.54704475402832
2.4245718409210246e-18,5.898090511891749e-20,26.551661014556885
2.412434619793034e-18,5.868160790884107e-20,26.55550456047058
2.40035778284976e-18,5.838391982355002e-20,26.55938410758972
2.3883417436815083e-18,5.808794426062089e-20,26.563305139541626
2.3763854683125137e-18,5.779323531800473e-20,26.568692684173584
2.364489163537929e-18,5.749983176979276e-20,26.57255220413208
2.3526526225626016e-18,5.72084121625812e-20,26.576566219329834
2.3408752250010716e-18,5.691787789711902e-20,26.580539226531982
2.329156970853339e-18,5.662945681962797e-20,26.58509349822998
2.3174970329387917e-18,5.634231528714697e-20,26.589072227478027
2.3058958248477355e-18,5.605642098793333e-20,26.592992305755615
2.294352312604405e-18,5.577212288880797e-20,26.596965074539185
2.282866909799106e-18,5.548933051689141e-20,26.601458311080933
2.2714387892512265e-18,5.520817958150288e-20,26.605740785598755
2.2600679509607664e-18,5.49278752137725e-20,26.60983395576477
2.2487541881325723e-18,5.46489990250685e-20,26.613895893096924
2.237496880381185e-18,5.437206154092515e-20,26.618327856063843
2.2262958209114513e-18,5.4096148339024703e-20,26.62203860282898
2.2151510097233713e-18,5.382196058418325e-20,26.625824689865112
2.2040618264314854e-18,5.354879064923615e-20,26.629621267318726
2.193028477830947e-18,5.327737524191645e-20,26.63404417037964
2.182050343536296e-18,5.300725230430387e-20,26.637892723083496
2.171126803162074e-18,5.2738670636817026e-20,26.641802072525024
2.1602582702985867e-18,5.2470967848731017e-20,26.645790338516235
2.1494441245603746e-18,5.220494204008999e-20,26.650341987609863
2.1386839523571317e-18,5.1940034217745613e-20,26.654155731201172
2.127977753688858e-18,5.167669674609538e-20,26.657886505126953
2.117325114965247e-18,5.1414942549836365e-20,26.661647081375122
2.1067258293911455e-18,5.11539153677876e-20,26.666497707366943
2.0961794833762475e-18,5.089435837003068e-20,26.670341968536377
2.085686076920553e-18,5.063643311527899e-20,26.67408323287964
2.0752449896386024e-18,5.037942551401935e-20,26.67802596092224
2.064856428325549e-18,5.012400765049946e-20,26.68266487121582
2.054519772595933e-18,4.987003412187727e-20,26.686483144760132
2.044235022449755e-18,4.961703640788395e-20,26.69019842147827
2.034001350706402e-18,4.936518252958143e-20,26.693979501724243
2.0238193777513338e-18,4.9114772986176605e-20,26.697815895080566
2.0136880696087843e-18,4.886620844327869e-20,26.70186424255371
2.003607633073907e-18,4.8618189968832026e-20,26.70569682121277
1.993577654556395e-18,4.83715221252293e-20,26.709731340408325
1.983597720465943e-18,4.8126311541221343e-20,26.71360993385315
1.973668037597703e-18,4.7882609915596443e-20,26.718120574951172
1.9637877787710635e-18,4.7639544831302297e-20,26.722400426864624
1.953956943986024e-18,4.739810179649058e-20,26.726605892181396
1.9441757400377375e-18,4.715758933986798e-20,26.73074698448181
1.9344431329504386e-18,4.691838550882384e-20,26.73543429374695
1.9247593295192803e-18,4.668032551347049e-20,26.73956847190857
1.9151239161539563e-18,4.6443987734001874e-20,26.743637084960938
1.9055368928544667e-18,4.6208380199917776e-20,26.747803211212158
1.8959978460305052e-18,4.597415883959456e-20,26.75199317932129
1.8865067756820718e-18,4.574122025545565e-20,26.755857467651367
1.877062854628554e-18,4.5508963449087246e-20,26.759830236434937
1.8676662896651046e-18,4.5278118665873863e-20,26.76387619972229
1.8583166672014177e-18,4.504842418069981e-20,26.76871109008789
1.8490141940326464e-18,4.482044221788769e-20,26.772552728652954
1.839758042978178e-18,4.459270905549418e-20,26.776338577270508
1.8305482140380126e-18,4.436684028065319e-20,26.780173540115356
1.821384500416997e-18,4.414214765324567e-20,26.78459405899048
1.812266695319978e-18,4.3917791067962e-20,26.788594245910645
1.8031945919518028e-18,4.369539257428461e-20,26.79263210296631
1.794167983517318e-18,4.3473885884705124e-20,26.796698093414307
1.785186249631064e-18,4.325340024619426e-20,26.801294565200806
1.776249597088194e-18,4.303409721746541e-20,26.805296897888184
1.7673580258887086e-18,4.281601234143551e-20,26.809341430664062
1.7585105020568414e-18,4.2599013139959586e-20,26.813421487808228
1.749707645978052e-18,4.238280557617927e-20,26.8179452419281
1.740948423676575e-18,4.216792925619728e-20,26.821767807006836
1.732233558935446e-18,4.195427432008852e-20,26.825695276260376
1.7235619143813228e-18,4.174165982209398e-20,26.829606533050537
1.7149338002069353e-18,4.152985958001492e-20,26.834593057632446
1.7063489062195537e-18,4.131947136109089e-20,26.838574647903442
1.6978071290216015e-18,4.1109842468119784e-20,26.8423752784729
1.689307848227619e-18,4.0901386491407886e-20,26.846221685409546
1.6808512706327598e-18,4.069406465686398e-20,26.85052227973938
1.6724369826467172e-18,4.0487618470546644e-20,26.85454797744751
1.664064880871915e-18,4.028255199564165e-20,26.858489990234375
1.655734655115623e-18,4.007855180824503e-20,26.862351417541504
1.6474460985826886e-18,3.987517523748209e-20,26.867008209228516
1.639199107875535e-18,3.9673087905251995e-20,26.870710372924805
1.6309933728014323e-18,3.94718632965514e-20,26.874436140060425
1.6228286865652277e-18,3.9271805141761475e-20,26.878202438354492
1.6147047389741912e-18,3.907269372103201e-20,26.88280463218689
1.6066217368234762e-18,3.88745096473174e-20,26.886593103408813
1.5985790597276231e-18,3.867762773683271e-20,26.890408754348755
1.5905765008914788e-18,3.84813597494589e-20,26.89450740814209
1.5826142671101965e-18,3.828626467834429e-20,26.899406909942627
1.5746917379983168e-18,3.8092264975306465e-20,26.90318536758423
1.5668089135558396e-18,3.789912476462387e-20,26.90691304206848
1.5589655869876117e-18,3.7706999142661356e-20,26.91069221496582
1.5511615514984802e-18,3.7515720088357004e-20,26.915301084518433
1.5433964968957152e-18,3.732558163856918e-20,26.919058799743652
1.5356703197817402e-18,3.7136658110306044e-20,26.92274832725525
1.5279829167589787e-18,3.694841959098768e-20,26.926515340805054
1.5203338742371243e-18,3.6761024408153204e-20,26.930315017700195
1.512723192216177e-18,3.657439824479446e-20,26.934455156326294
1.5051505605034072e-18,3.638935212565267e-20,26.93919610977173
1.4976157723036616e-18,3.620491023609895e-20,26.943262815475464
1.4901188276169404e-18,3.602125675306657e-20,26.947866201400757
1.4826595196480903e-18,3.583865340167122e-20,26.952739715576172
1.4752373314092286e-18,3.5657080794867297e-20,26.956729650497437
1.4678523662979317e-18,3.5476377373941406e-20,26.96066379547119
1.4605044175190466e-18,3.529661422472744e-20,26.965750217437744
1.4531931748798435e-18,3.5117626557337744e-20,26.969881772994995
1.4459186383803225e-18,3.4939427296469386e-20,26.97385597229004
1.4386803944301772e-18,3.476222969962404e-20,26.97791051864624
1.4314784430294077e-18,3.4586046691498783e-20,26.982770919799805
1.4243125773828609e-18,3.441107860489821e-20,26.98650097846985
1.4171825906953835e-18,3.423648856568697e-20,26.990475177764893
1.4100882761718224e-18,3.4062748325308156e-20,26.994601488113403
1.4030294270170246e-18,3.389031347933353e-20,26.9994215965271
1.39600604323099e-18,3.371848932529551e-20,27.003448009490967
1.3890177112234123e-18,3.354778961990268e-20,27.007436275482178
1.3820644309942915e-18,3.3377542278907345e-20,27.011582612991333
1.375145892350898e-18,3.320829660193502e-20,27.016557216644287
1.3682620952932317e-18,3.304033046997274e-20,27.020652532577515
1.3614125228334098e-18,3.287269714896004e-20,27.024580717086792
1.3545973817665854e-18,3.270602348670487e-20,27.02856683731079
1.3478163619000288e-18,3.254022224150201e-20,27.03356647491455
1.3410693598361635e-18,3.2375364499185335e-20,27.037439346313477
1.3343560653822597e-18,3.221123053990465e-20,27.041688680648804
1.3276763751407408e-18,3.204815963695806e-20,27.04582452774048
1.3210301857140304e-18,3.188552817371189e-20,27.050764083862305
1.3144171869093987e-18,3.1723872525094596e-20,27.05486249923706
1.307837275329269e-18,3.1563389792736505e-20,27.05874800682068
1.301290347576065e-18,3.140317847901691e-20,27.062729597091675
1.2947761968546333e-18,3.124396236697179e-20,27.06741213798523
1.2882947197673975e-18,3.108575438129822e-20,27.071244955062866
1.2818456061216278e-18,3.092823463574369e-20,27.07519221305847
1.2754287525197477e-18,3.0771344969171374e-20,27.079162120819092
1.2690440555641806e-18,3.0615502203061823e-20,27.084142446517944
1.2626913084597733e-18,3.046042522525374e-20,27.088062047958374
1.2563704078089494e-18,3.030592016529105e-20,27.09196901321411
1.2500811468165555e-18,3.015239091995723e-20,27.095934629440308
1.2438233186874388e-18,2.9999520834174044e-20,27.10097908973694
1.237596923421599e-18,2.984763302536826e-20,27.105141162872314
1.23140154742873e-18,2.9696262204445326e-20,27.10937786102295
1.2252372941064082e-18,2.9545847811105654e-20,27.11340355873108
1.219103853261904e-18,2.939611842671075e-20,27.117878437042236
1.213001121497641e-18,2.924703527716941e-20,27.12162685394287
1.2069288920184658e-18,2.9098824544680366e-20,27.12546968460083
1.2008871648243785e-18,2.8951573470948856e-20,27.12928342819214
1.1948756297226493e-18,2.880476506809203e-20,27.133844137191772
1.1888941833157018e-18,2.8658693372968264e-20,27.137930393218994
1.1829427222059593e-18,2.8513397159668764e-20,27.141907453536987
1.1770209362006922e-18,2.836930617437115e-20,27.14590811729431
1.1711290320950536e-18,2.822517641498232e-20,27.150665044784546
1.165266389503584e-18,2.80823294317778e-20,27.154372692108154
1.15943311182386e-18,2.7940102834032696e-20,27.158109664916992
1.1536291990558817e-18,2.779856124523236e-20,27.16227650642395
1.1478542376093428e-18,2.7657462327306715e-20,27.166935682296753
1.1421081240866666e-18,2.7517420003366634e-20,27.170883417129517
1.1363908584878532e-18,2.7377943134923415e-20,27.174883604049683
1.1307021306201729e-18,2.7239241748304465e-20,27.179145336151123
1.1250420438812022e-18,2.71010735054397e-20,27.183891773223877
1.119410184680635e-18,2.6963884308378073e-20,27.188120365142822
1.113806553018471e-18,2.6827326805885798e-20,27.192283630371094
1.1082309420995573e-18,2.6691409075898545e-20,27.196417570114136
1.1026832485263173e-18,2.6556194126314535e-20,27.201340675354004
1.0971632655035978e-18,2.642145415934789e-20,27.20548963546753
1.0916709930313989e-18,2.6287623767937625e-20,27.209408044815063
1.0862062243145673e-18,2.6154339444978617e-20,27.213485956192017
1.08076875255795e-18,2.6022042245758417e-20,27.217812538146973
1.0753585777615469e-18,2.5890097244533406e-20,27.221688270568848
1.069975493130205e-18,2.5758943881004002e-20,27.225617170333862
1.064619291868771e-18,2.5628378591191335e-20,27.229524612426758
1.0592898705796683e-18,2.5498244663143417e-20,27.234556198120117
1.0539871258653206e-18,2.53692642643091e-20,27.238527059555054
1.0487111611233042e-18,2.5240930100328338e-20,27.24243950843811
1.0434612525705833e-18,2.5112860892637535e-20,27.24645972251892
1.0382379171950406e-18,2.4985536470615457e-20,27.251277208328247
1.0330406380087934e-18,2.485905538507727e-20,27.255159378051758
1.027869311614265e-18,2.4733230227915444e-20,27.259127140045166
1.0227239380114555e-18,2.460787035984818e-20,27.26305603981018
1.0176043104052116e-18,2.4482958009417003e-20,27.267812728881836
1.0125102220003804e-18,2.4359100637384258e-20,27.271783113479614
1.0074416727969617e-18,2.4235595463346702e-20,27.275837659835815
1.002398559397379e-18,2.4113082259809356e-20,27.279775857925415
9.973806750064792e-19,2.3990559362749206e-20,27.284608602523804
9.923879162266857e-19,2.3869078519390418e-20,27.2884624004364
9.874200762628454e-19,2.3748481402193868e-20,27.2923641204834
9.824772585125348e-19,2.3627654871624306e-20,27.296350479125977
9.775591527830242e-19,2.3508264598016774e-20,27.30115818977356
9.726654488815839e-19,2.3389161898919076e-20,27.305043697357178
9.677964570009436e-19,2.327077490492169e-20,27.308961153030396
9.629518669483737e-19,2.315290328322002e-20,27.312892198562622
9.581313685311443e-19,2.3035643969042092e-20,27.317442417144775
9.533350651468322e-19,2.291870292552954e-20,27.32129955291748
9.48562750000284e-19,2.2802635914656427e-20,27.325294971466064
9.438144230915e-19,2.2687118203408836e-20,27.329425573349
9.390897742277502e-19,2.25724373662966e-20,27.334157705307007
9.343889068066114e-19,2.2457825999431124e-20,27.338088750839233
9.297115106353537e-19,2.234397557410571e-20,27.34202551841736
9.250572755212475e-19,2.223083277594494e-20,27.346039056777954
9.204267184521757e-19,2.2118379833490345e-20,27.350759267807007
9.158191156451022e-19,2.2006371177497568e-20,27.354620933532715
9.112346738951802e-19,2.1894908589956048e-20,27.35948657989502
9.066731864072565e-19,2.1784001764388587e-20,27.36399221420288
9.02134446386178e-19,2.1673497220017464e-20,27.36819839477539
8.976185572295213e-19,2.1563790775690485e-20,27.37172532081604
8.931251053469801e-19,2.1454830732619364e-20,27.375229358673096
8.88654194136131e-19,2.1345838377805566e-20,27.379064083099365
8.842057201993974e-19,2.123760696453183e-20,27.38389539718628
8.797794767416262e-19,2.1129881230031004e-20,27.387816905975342
8.753754637628173e-19,2.1022804961558002e-20,27.39193296432495
8.709934744678176e-19,2.0916586569853097e-20,27.39618182182312
8.666334054590506e-19,2.081053296803585e-20,27.400800466537476
8.622951533389397e-19,2.0705290390959815e-20,27.404678344726562
8.579786147099083e-19,2.0600156058221752e-20,27.40863800048828
8.536836344755915e-19,2.0495918376343e-20,27.412723064422607
8.49410316033566e-19,2.0392144367971674e-20,27.417465209960938
8.451582457935255e-19,2.0288874422786123e-20,27.42127752304077
8.409274754542582e-19,2.0186153777226095e-20,27.42527723312378
8.367179533169758e-19,2.0083812794642533e-20,27.429253339767456
8.32529420887737e-19,1.9982176208049347e-20,27.434123754501343
8.283618781665417e-19,1.9880901512974154e-20,27.437949895858765
8.242152734546016e-19,1.9779886927427517e-20,27.441864490509033
8.200892965591871e-19,1.9679849772096885e-20,27.445870399475098
8.159840508778747e-19,1.9580195510916986e-20,27.450956106185913
8.118993813142996e-19,1.9481290882167213e-20,27.454872131347656
8.078350810733086e-19,1.9382567199176436e-20,27.459373950958252
8.037912535524783e-19,1.9284465517232207e-20,27.463900327682495
7.997675885590789e-19,1.9186738651503042e-20,27.468412399291992
7.957640860931105e-19,1.9089464150171367e-20,27.472320318222046
7.917805910582083e-19,1.8992651706759985e-20,27.476198196411133
7.878171034543722e-19,1.889645641763375e-20,27.48012638092041
7.838733130888725e-19,1.880084920222425e-20,27.4845449924469
7.799493750580741e-19,1.870568950445084e-20,27.48866581916809
7.760450825668238e-19,1.861098540224919e-20,27.492603302001953
7.72160332217545e-19,1.8516702968289483e-20,27.496538400650024
7.682950206126613e-19,1.842270003090394e-20,27.50110363960266
7.644489926558077e-19,1.8329438648012854e-20,27.504944562911987
7.606222483469843e-19,1.8237081993916748e-20,27.508872747421265
7.56814787686191e-19,1.8144449074420746e-20,27.512975215911865
7.530262487819098e-19,1.8052467236539703e-20,27.517327785491943
7.492567350317174e-19,1.7960989461844434e-20,27.520914316177368
7.455060913392488e-19,1.7870296862496237e-20,27.524518251419067
7.417741626081393e-19,1.7779418470627643e-20,27.528229236602783
7.380609488383887e-19,1.7689696839146916e-20,27.532997131347656
7.343663466324206e-19,1.7600114148159703e-20,27.536829233169556
7.306902008938701e-19,1.7510754408196968e-20,27.54054617881775
7.270324599239489e-19,1.7421942352272622e-20,27.54451847076416
7.233930203250805e-19,1.733372483241355e-20,27.548603773117065
7.197718820972647e-19,1.7246072768051338e-20,27.552291870117188
7.161688384453486e-19,1.7158706662611826e-20,27.555840969085693
7.125837342729672e-19,1.7071715373387377e-20,27.559463262557983
7.090167246764854e-19,1.6985308926705397e-20,27.56311869621277
7.054674994631735e-19,1.6899374231466514e-20,27.567551851272583
7.019360586330315e-19,1.681391613443213e-20,27.571122646331787
6.984222987884828e-19,1.6728774692475988e-20,27.574797868728638
6.949260648331626e-19,1.664383035215018e-20,27.578460216522217
6.914474084658591e-19,1.6559550018136404e-20,27.582993268966675
6.87986071192631e-19,1.647573174204292e-20,27.586543321609497
6.845421564110547e-19,1.639255323845446e-20,27.590168237686157
6.811154573259772e-19,1.630912270327311e-20,27.59384512901306
6.777058705398219e-19,1.622681661673695e-20,27.597533226013184
6.743134477513771e-19,1.6144526686072128e-20,27.601340770721436
6.709379304667013e-19,1.606303485545145e-20,27.604881525039673
6.675793186857946e-19,1.598174174204824e-20,27.608463048934937
6.642375607098687e-19,1.5900694197889382e-20,27.612388134002686
6.609125014425586e-19,1.5820027932294123e-20,27.616841554641724
6.57604037486288e-19,1.573992873778286e-20,27.6207172870636
6.543122205398449e-19,1.5660404692291263e-20,27.624621391296387
6.5103679210928805e-19,1.5580743321893285e-20,27.62830352783203
6.47777855592194e-19,1.5502119158435266e-20,27.632668018341064
6.445351524946213e-19,1.5423548309352666e-20,27.636255025863647
6.413087862141465e-19,1.5345625310710757e-20,27.63972020149231
6.380984982568282e-19,1.5267901029286316e-20,27.643270015716553
6.3490428862266635e-19,1.5190425548280495e-20,27.646801710128784
6.317260539140845e-19,1.5113664156787854e-20,27.65093755722046
6.285637424322943e-19,1.5037070786357138e-20,27.6543927192688
6.254173024785074e-19,1.496055496410885e-20,27.657933712005615
6.222865272575708e-19,1.4885056961754913e-20,27.661473274230957
6.191714684682726e-19,1.4809835224800872e-20,27.665870904922485
6.160720744118247e-19,1.4735135322491078e-20,27.66947627067566
6.129880865942856e-19,1.466010099364457e-20,27.673185110092163
6.099196601120201e-19,1.4585737133458625e-20,27.676973819732666
6.0686643307351035e-19,1.4512151986271217e-20,27.68111228942871
6.038285605751211e-19,1.4438773634236948e-20,27.684991598129272
6.008059392192757e-19,1.4365361354872867e-20,27.68869376182556
5.977983622108212e-19,1.4292994360384414e-20,27.69247603416443
5.948059329473341e-19,1.4220653215290103e-20,27.696687936782837
5.918283929348729e-19,1.4148536636807404e-20,27.701401710510254
5.888658455710142e-19,1.4076846573328052e-20,27.70554280281067
5.859180840606049e-19,1.4005689653602885e-20,27.7096266746521
5.82985108403645e-19,1.3934773456360668e-20,27.713579177856445
5.800667635037697e-19,1.386415129597682e-20,27.717766046524048
5.771630493609788e-19,1.379377793601159e-20,27.721670389175415
5.742739142764842e-19,1.3724012036808705e-20,27.72556161880493
5.71399203153921e-19,1.3654456163933225e-20,27.72949457168579
5.685389159932892e-19,1.3585418894527726e-20,27.73434853553772
5.65692897698224e-19,1.3516548838390583e-20,27.738122701644897
5.628611482687253e-19,1.344826362479591e-20,27.74190878868103
5.600435643072165e-19,1.3380100388029846e-20,27.745723009109497
5.572400424161212e-19,1.3312430713133187e-20,27.750556230545044
5.544506342942275e-19,1.3244626944504414e-20,27.754261255264282
5.516751331463824e-19,1.3177857151641332e-20,27.75899624824524
5.489135389725858e-19,1.311096053518824e-20,27.76305317878723
5.461658517728378e-19,1.3045009845002042e-20,27.768189668655396
5.434318130531969e-19,1.2978994531330488e-20,27.77221441268921
5.407115262112397e-19,1.2913075345093401e-20,27.77639651298523
5.380048361506013e-19,1.2847854092498155e-20,27.78055739402771
5.353116911724935e-19,1.2782683730897627e-20,27.785236597061157
5.326319878793397e-19,1.2718061053335489e-20,27.78912615776062
5.299657779699282e-19,1.2653495729116604e-20,27.79349946975708
5.273128546491058e-19,1.258971315686409e-20,27.79747700691223
5.246732179168725e-19,1.2525996823684065e-20,27.801539182662964
5.220468677732283e-19,1.2462179516308172e-20,27.805387258529663
5.194335457242319e-19,1.2399106994601004e-20,27.80928874015808
5.168333551674597e-19,1.2336450486580813e-20,27.81376361846924
5.142462444041236e-19,1.2273931303467003e-20,27.818315982818604
5.11671954940282e-19,1.2211837827562973e-20,27.822511911392212
5.091106418722998e-19,1.215017652121726e-20,27.826491594314575
5.065622018026005e-19,1.2088664656681432e-20,27.83052897453308
5.040264279360309e-19,1.2027362010679443e-20,27.83484196662903
5.015033719713793e-19,1.196656585124393e-20,27.83870267868042
4.989929305110692e-19,1.1905870666004284e-20,27.84259819984436
4.9649510355510045e-19,1.184563269192353e-20,27.846526622772217
4.940097360071083e-19,1.1785623323422222e-20,27.851246118545532
4.9153682786709275e-19,1.1725962921741835e-20,27.855303049087524
4.890763274362655e-19,1.1666718533748425e-20,27.859374284744263
4.866280796182617e-19,1.160759450699649e-20,27.863322734832764
4.841921361118696e-19,1.154895596417829e-20,27.867738723754883
4.817683935195126e-19,1.1490689814194453e-20,27.8715398311615
4.793567484436143e-19,1.1432309765317676e-20,27.87557888031006
4.769571491853862e-19,1.1374246371519141e-20,27.879523992538452
4.745695957448285e-19,1.1317061049327878e-20,27.884113311767578
4.7219403642315275e-19,1.1259461329036771e-20,27.887808561325073
4.698303678227825e-19,1.1202566004736041e-20,27.891541481018066
4.674784348473528e-19,1.1145757922140541e-20,27.895328283309937
4.651383408944403e-19,1.108941593643317e-20,27.89969801902771
4.628099825664684e-19,1.103316846257313e-20,27.90340542793274
4.604932564658605e-19,1.0977461402609379e-20,27.907121181488037
4.581881625926166e-19,1.0921791501149706e-20,27.911104679107666
4.558945458503719e-19,1.086641644434197e-20,27.916029691696167
4.536124579379147e-19,1.0811341886741137e-20,27.919795989990234
4.5134174375888e-19,1.0756505628242553e-20,27.92352867126465
4.490824550120563e-19,1.0702828553512537e-20,27.927323818206787
4.468343849022903e-19,1.0648157892695177e-20,27.931166410446167
4.445976885259469e-19,1.0594461430919555e-20,27.934975624084473
4.423720556902964e-19,1.0541022655291788e-20,27.938730716705322
4.40157693190492e-19,1.0487378700098017e-20,27.942859411239624
4.379543942313804e-19,1.04344666058759e-20,27.946702241897583
4.357620554153852e-19,1.0381419610128102e-20,27.950985431671143
4.3358072844129457e-19,1.0328778126750912e-20,27.954674005508423
4.3141033576092614e-19,1.0276548618092864e-20,27.958415508270264
4.292507739767033e-19,1.0224738354296061e-20,27.962329626083374
4.27102017239232e-19,1.0172939399609195e-20,27.96690011024475
4.249640655485121e-19,1.0121360164772539e-20,27.970585584640503
4.2283676380817886e-19,1.0069933602920036e-20,27.974459409713745
4.2072013786762637e-19,1.0019431964701686e-20,27.978558778762817
4.1861411017867222e-19,9.968534507635532e-21,27.98318099975586
4.1651862904252812e-19,9.918293786739306e-21,27.987015962600708
4.1443361691101165e-19,9.868081338617923e-21,27.99095106124878
4.123590737841228e-19,9.81768390576971e-21,27.994900941848755
4.10294896264285e-19,9.768173430258003e-21,27.999860286712646
4.082410585021041e-19,9.719276070063609e-21,28.003690242767334
4.061974829493977e-19,9.670204226458754e-21,28.007744073867798
4.041641696061658e-19,9.621173580325813e-21,28.012060165405273
4.021410150748318e-19,9.572330342300404e-21,28.016976594924927
4.001279935060016e-19,9.523825569779546e-21,28.02080464363098
3.9812505320088687e-19,9.474997679831909e-21,28.024666786193848
3.961321166113052e-19,9.427924317511679e-21,28.028571128845215
3.941491837372566e-19,9.379568986800706e-21,28.033448219299316
3.9217617703055863e-19,9.332089304316302e-21,28.037273168563843
3.9021299309363473e-19,9.28542387774738e-21,28.041260242462158
3.882596836252732e-19,9.237915114694567e-21,28.04520010948181
3.863161452278974e-19,9.191228685492904e-21,28.050132036209106
3.8438232620271915e-19,9.144916264712738e-21,28.05398678779602
3.8245820070034424e-19,9.098676545353597e-21,28.05781054496765
3.8054374287137854e-19,9.052355238844194e-21,28.061713218688965
3.7863882346885134e-19,9.006884538960786e-21,28.06646704673767
3.7674344249276265e-19,8.961026905958811e-21,28.070285081863403
3.7485754824432417e-19,8.915562668423938e-21,28.074166774749756
3.7298111487414177e-19,8.870970847941368e-21,28.078120946884155
3.71114064834033e-19,8.82551872731e-21,28.08296537399292
3.6925634642520963e-19,8.780628831001226e-21,28.086715698242188
3.6740793379827746e-19,8.737032212193133e-21,28.090499877929688
3.6556877525444823e-19,8.69265284141867e-21,28.094277143478394
3.6373881909493366e-19,8.64861355173589e-21,28.098668813705444
3.619180394703396e-19,8.604917574319063e-21,28.10238552093506
3.601064105312719e-19,8.561409005009767e-21,28.1061110496521
3.5830380303075985e-19,8.517923861713913e-21,28.109888792037964
3.565101911194093e-19,8.474712560437254e-21,28.11366844177246
3.5472560064661444e-19,8.43177752456049e-21,28.117668867111206
3.529499023654045e-19,8.389458835175307e-21,28.121590852737427
3.511831479745678e-19,8.346253188453616e-21,28.125409603118896
3.4942520822713364e-19,8.304257616495211e-21,28.129209518432617
3.47676083123102e-19,8.262557696982308e-21,28.133910655975342
3.4593566926489626e-19,8.22056050943677e-21,28.137754440307617
3.442040183513048e-19,8.178947831629097e-21,28.141618013381958
3.4248102698475097e-19,8.138069438173779e-21,28.14555072784424
3.407666693158407e-19,8.096378404390112e-21,28.150543928146362
3.3906084194699734e-19,8.055254441690442e-21,28.154419660568237
3.3736359657700924e-19,8.014793677509235e-21,28.158838033676147
3.3567485565769395e-19,7.974303832759618e-21,28.16286301612854
3.3399454164086904e-19,7.933430286065701e-21,28.16806936264038
3.323226545265345e-19,7.894031770425029e-21,28.17187190055847
3.306591426159021e-19,7.854257630775726e-21,28.176196813583374
3.290039542101835e-19,7.814011739683327e-21,28.180070161819458
3.273570376105904e-19,7.774458935471367e-21,28.184815406799316
3.257183669677287e-19,7.734974793712598e-21,28.188796758651733
3.2408791643220428e-19,7.69556173778772e-21,28.192811250686646
3.224655826064405e-19,7.657227086274716e-21,28.196730852127075
3.2085144303861984e-19,7.618699372099212e-21,28.201627016067505
3.1924534263237743e-19,7.579976171880506e-21,28.205470323562622
3.1764728138771326e-19,7.541797424525922e-21,28.209368228912354
3.160571817564449e-19,7.503516895181903e-21,28.21329164505005
3.144750954373607e-19,7.465510207857079e-21,28.218040227890015
3.1290089318348985e-19,7.427780593725718e-21,28.221913814544678
3.113346266936207e-19,7.390332091755653e-21,28.225807189941406
3.097761667207825e-19,7.35269295050379e-21,28.229727268218994
3.0822548741558114e-19,7.315817981966257e-21,28.23460364341736
3.0668261462741075e-19,7.278948667983694e-21,28.238455772399902
3.051474191093006e-19,7.241311142318964e-21,28.24234676361084
3.03619952560039e-19,7.205033133227405e-21,28.24627685546875
3.021001115820494e-19,7.168376268952948e-21,28.251187324523926
3.0058784447654347e-19,7.132807502613168e-21,28.25519585609436
2.9908322879170366e-19,7.096270999580186e-21,28.259109258651733
2.9758608358177096e-19,7.059942099493909e-21,28.263168811798096
2.9609646054553367e-19,7.024323249952978e-21,28.267901182174683
2.9461428213480935e-19,6.989324785871462e-21,28.271759271621704
2.9313949665080973e-19,6.953344852606106e-21,28.275681495666504
2.916721557923231e-19,6.918392432757906e-21,28.279619216918945
2.9021210446298457e-19,6.883465862303848e-21,28.28462243080139
2.887593685121883e-19,6.849179872148379e-21,28.28846836090088
2.873139220905402e-19,6.814002077895e-21,28.292383193969727
2.8587568764985775e-19,6.779157902384771e-21,28.296327114105225
2.8444469103953515e-19,6.745588425123183e-21,28.301098346710205
2.8302085471138997e-19,6.710911462881312e-21,28.304973125457764
2.816041269666339e-19,6.676579024595743e-21,28.308902502059937
2.8019448195587284e-19,6.643545518365824e-21,28.31282687187195
2.787918938297126e-19,6.609817309668331e-21,28.317443370819092
2.773963367387591e-19,6.576768051463856e-21,28.32129406929016
2.760077848336181e-19,6.543337918592566e-21,28.325201511383057
2.7462613471671314e-19,6.510059247015079e-21,28.329208612442017
2.732514639362266e-19,6.477366629670411e-21,28.334121465682983
2.718836173957936e-19,6.444508010747736e-21,28.338069915771484
2.705226984929907e-19,6.411480966866352e-21,28.342015266418457
2.6916850043266483e-19,6.378502794495769e-21,28.34604239463806
2.678211007629984e-19,6.347119610523121e-21,28.35065793991089
2.6648049948399134e-19,6.314804232774217e-21,28.354507207870483
2.65146567348673e-19,6.2824335211659774e-21,28.358418941497803
2.6381927850764926e-19,6.250680367739668e-21,28.362343072891235
2.6249868465970835e-19,6.219665941530331e-21,28.366949796676636
2.6118470825666786e-19,6.188609510055513e-21,28.370888233184814
2.598772975997395e-19,6.156713781064638e-21,28.374770641326904
2.5857642683952917e-19,6.125452573920599e-21,28.37870717048645
2.5728204427724854e-19,6.0942608370233174e-21,28.383676290512085
2.5599417576229176e-19,6.064179816280587e-21,28.387530088424683
2.5471271789708226e-19,6.0334840646334105e-21,28.391392469406128
2.5343772238040834e-19,6.00274832720467e-21,28.395418643951416
2.521690858146934e-19,5.9729104523255905e-21,28.40026307106018
2.509068081999375e-19,5.941979228853649e-21,28.40432071685791
2.496508378373523e-19,5.912071479831029e-21,28.408239364624023
2.4840114887754367e-19,5.882607209476662e-21,28.41214919090271
2.4715768962172333e-19,5.85239573007287e-21,28.417046070098877
2.4592051176867956e-19,5.822629748821248e-21,28.42090940475464
2.446895119208358e-19,5.7933149202767665e-21,28.424790620803833
2.434646642287979e-19,5.763973030647792e-21,28.42872714996338
2.4224596869256588e-19,5.735213964077369e-21,28.43354606628418
2.410333477639573e-19,5.706064329317328e-21,28.43748950958252
2.398268014429721e-19,5.677135222201063e-21,28.441421031951904
2.3862630388021625e-19,5.647809892340211e-21,28.445354461669922
2.374318033769014e-19,5.6200771274965934e-21,28.450155019760132
2.362432740836334e-19,5.591204565930015e-21,28.454015016555786
2.350607160004123e-19,5.563063461438306e-21,28.45789670944214
2.3388407742844975e-19,5.534779781382031e-21,28.461817979812622
2.327133066689575e-19,5.507240886994481e-21,28.466599941253662
2.315484295713297e-19,5.479436228523405e-21,28.470556259155273
2.3038934273798977e-19,5.451617837561691e-21,28.47458505630493
2.29236097867726e-19,5.423011040078638e-21,28.478708267211914
2.280885915629618e-19,5.396330426355968e-21,28.48351550102234
2.2694684967309135e-19,5.369256417166195e-21,28.4873685836792
2.2581082049932634e-19,5.3416512837061554e-21,28.491289854049683
2.2468050404166677e-19,5.314166915384374e-21,28.49529218673706
2.235558227519302e-19,5.2875993927610766e-21,28.50016689300537
2.224367766301167e-19,5.261563802201613e-21,28.504034519195557
2.213233139774379e-19,5.2344615202369975e-21,28.508047580718994
2.2021546064328795e-19,5.208025667965112e-21,28.51198959350586
2.1911311323009033e-19,5.181860830434938e-21,28.516825675964355
2.1801629758723916e-19,5.1551551751116925e-21,28.520689964294434
2.1692496201594615e-19,5.12994999633905e-21,28.52455973625183
2.158391065162113e-19,5.103521818106051e-21,28.52849769592285
2.1475867938924634e-19,5.078060164875903e-21,28.53320837020874
2.1368366771035418e-19,5.051776581691387e-21,28.537065744400024
2.126140456301407e-19,5.025774110668169e-21,28.541034698486328
2.115497485251205e-19,5.001037452164355e-21,28.545040369033813
2.104907893199907e-19,4.9758960890835016e-21,28.549724578857422
2.0943714216535715e-19,4.95020259909964e-21,28.553589582443237
2.083887682871286e-19,4.9260822870874066e-21,28.55748152732849
2.0734565476060803e-19,4.8999844964232885e-21,28.561392545700073
2.0630773696231005e-19,4.875759171247352e-21,28.566033124923706
2.052750019675376e-19,4.85097969968449e-21,28.569879055023193
2.0424744977629066e-19,4.826653804209469e-21,28.57377028465271
2.0322509331326634e-19,4.8026421404319896e-21,28.577723264694214
2.0220777748209975e-19,4.7774834097894466e-21,28.583598375320435
2.0119561860506455e-19,4.753666020364818e-21,28.58795928955078
2.0018848743519003e-19,4.729728269698714e-21,28.591914415359497
1.9918638397247618e-19,4.706115252046523e-21,28.595844507217407
1.9818934699101421e-19,4.6822340469301056e-21,28.601126194000244
1.971972601685305e-19,4.658380306794964e-21,28.604955434799194
1.9621017520381331e-19,4.63500881941929e-21,28.608834266662598
1.9522800162398316e-19,4.611518586389275e-21,28.612868785858154
1.9425075235373712e-19,4.589130183784574e-21,28.61756420135498
1.932783756942869e-19,4.564790151922131e-21,28.621443033218384
1.923109104197237e-19,4.542171124254067e-21,28.62543797492981
1.9134825313247097e-19,4.5181982345678015e-21,28.629360675811768
1.9039042968192285e-19,4.496124063660643e-21,28.63386583328247
1.8943734959519983e-19,4.473000972806805e-21,28.637731075286865
1.884891162698785e-19,4.450072964099384e-21,28.641631603240967
1.8754560045898813e-19,4.4276591159973245e-21,28.64554476737976
1.8660682801192287e-19,4.40465396300426e-21,28.650319814682007
1.856727213805003e-19,4.383127072238708e-21,28.654221773147583
1.847433193388116e-19,4.361011703859635e-21,28.658122062683105
1.8381853141397733e-19,4.3387836482779734e-21,28.662116527557373
1.8289839638008865e-19,4.317252718544586e-21,28.666970252990723
1.8198288838775145e-19,4.295939893074275e-21,28.670865774154663
1.8107192988878328e-19,4.273045811696666e-21,28.6748309135437
1.8016552088318416e-19,4.2523351963305126e-21,28.678754806518555
1.7926368722034822e-19,4.230530020681147e-21,28.683515548706055
1.7836635135209304e-19,4.2094441852031475e-21,28.687385082244873
1.7747350035372155e-19,4.188084507705953e-21,28.691280364990234
1.7658512130053666e-19,4.166615778077221e-21,28.695276498794556
1.7570120126784133e-19,4.145542867296292e-21,28.699743509292603
1.7482168855684725e-19,4.124871429918136e-21,28.703649044036865
1.7394660901694857e-19,4.1039257466240015e-21,28.707629203796387
1.7307589802465994e-19,4.082357658386535e-21,28.71162724494934
1.7220952973058722e-19,4.063262226257491e-21,28.716508388519287
1.7134749121003332e-19,4.042863419208179e-21,28.720369815826416
1.7048976953830119e-19,4.02149041311713e-21,28.724265575408936
1.6963635179069374e-19,4.000703865155684e-21,28.728266954421997
1.6878722504251392e-19,3.981216653146671e-21,28.73307204246521
1.679423505196705e-19,3.9602188671674684e-21,28.736985206604004
1.6710165067398106e-19,3.9417757283437336e-21,28.74096393585205
1.6626522890302216e-19,3.921281601653522e-21,28.74492907524109
1.6543296888452018e-19,3.900499496556694e-21,28.74972629547119
1.6460483184438388e-19,3.882133905915386e-21,28.75357675552368
1.6378088240609864e-19,3.861141774491152e-21,28.757429838180542
1.6296103009678495e-19,3.842587967948746e-21,28.761340618133545
1.6214530076583695e-19,3.822844685379011e-21,28.76590895652771
1.6133368148855758e-19,3.803183393856321e-21,28.769763231277466
1.6052608179206733e-19,3.7849010059524086e-21,28.77369976043701
1.5972256629985156e-19,3.765413390046612e-21,28.77767825126648
1.5892301868963664e-19,3.7473204297341486e-21,28.78209161758423
1.5812749066021083e-19,3.727448707987269e-21,28.785993576049805
1.5733598221157415e-19,3.708415072066097e-21,28.7899169921875
1.5654841579554417e-19,3.689853187588021e-21,28.793822526931763
1.5576477848742382e-19,3.6711971951593955e-21,28.797826766967773
1.5498508321191016e-19,3.65282958503417e-21,28.801799535751343
1.5420925242082078e-19,3.6337906984548125e-21,28.805675745010376
1.5343735073764102e-19,3.6148455159292205e-21,28.80967140197754
1.5266927476479432e-19,3.596774769939848e-21,28.813759565353394
1.5190508912576604e-19,3.5784164494406425e-21,28.81783938407898
1.5114470334767667e-19,3.56114461128898e-21,28.82172441482544
1.503881174305262e-19,3.542206295008707e-21,28.825702905654907
1.4963533137431467e-19,3.523961873402441e-21,28.829649925231934
1.4888630640495083e-19,3.508019663461972e-21,28.834405183792114
1.4814102959773763e-19,3.489194842177855e-21,28.83824110031128
1.4739950095267505e-19,3.471277173069419e-21,28.842132329940796
1.4666165584627775e-19,3.454686708791475e-21,28.84611463546753
1.4592753305263694e-19,3.436384933841956e-21,28.850745677947998
1.4519704209887312e-19,3.420034788150179e-21,28.854634523391724
1.4447024760847164e-19,3.403400299122837e-21,28.858643770217896
1.4374709788264423e-19,3.3854424422844453e-21,28.862614154815674
1.4302752829790552e-19,3.3680128824388364e-21,28.867307901382446
1.4231157762834673e-19,3.3511201014184633e-21,28.871179342269897
1.4159922002457372e-19,3.3330907548493967e-21,28.875080585479736
1.4089042963719235e-19,3.3164425333314166e-21,28.879019021987915
1.401851676921114e-19,3.300347448458403e-21,28.88396668434143
1.3948347296342207e-19,3.28331976591235e-21,28.887805223464966
1.3878526790294196e-19,3.26749024317447e-21,28.891746282577515
1.3809056543536813e-19,3.2515837780993382e-21,28.895700693130493
1.3739933971130644e-19,3.2340827285230546e-21,28.900632858276367
1.3671156488136274e-19,3.2175756689308983e-21,28.904555320739746
1.3602722802083996e-19,3.2014210092823224e-21,28.908493280410767
1.353463291297381e-19,3.1854044823336943e-21,28.912410259246826
1.3466882943396596e-19,3.169749241057883e-21,28.91732430458069
1.3399471600882646e-19,3.152682986369008e-21,28.920830965042114
1.333239888543196e-19,3.136864368844282e-21,28.924590349197388
1.3265662212105123e-19,3.1214145090828667e-21,28.928428888320923
1.3199261580902135e-19,3.1054365542770603e-21,28.93323302268982
1.313318665206534e-19,3.0902829528063226e-21,28.936750650405884
1.306745035029181e-19,3.074371237073006e-21,28.940357208251953
1.3002037165945058e-19,3.059063750927765e-21,28.944146156311035
1.2936952268903913e-19,3.0429886589455332e-21,28.94937252998352
1.2872196951638082e-19,3.0282167399351776e-21,28.95287299156189
1.2807763459329323e-19,3.0140700531456386e-21,28.956387281417847
1.2743650499507928e-19,2.997987287124521e-21,28.95998978614807
1.2679861949583018e-19,2.9815830192637586e-21,28.96389937400818
1.2616390054736352e-19,2.966505350388314e-21,28.96805763244629
1.2553237399907342e-19,2.9515882304842997e-21,28.97154951095581
1.2490401400156576e-19,2.9365951779849926e-21,28.975112676620483
1.2427875593135517e-19,2.9220048105788082e-21,28.97865104675293
1.2365669026132115e-19,2.9073411359064235e-21,28.98343300819397
1.2303770066919006e-19,2.893329754539348e-21,28.987004280090332
1.224217871549619e-19,2.877789825795218e-21,28.99174427986145
1.218090272668191e-19,2.863878408882052e-21,28.996132612228394
1.2119929175779095e-19,2.8506366528358847e-21,29.001466274261475
1.205926064772716e-19,2.8351098507372178e-21,29.00516414642334
1.1998897142526102e-19,2.8212364001216983e-21,29.008856534957886
1.193883607523651e-19,2.80579663777987e-21,29.013019800186157
1.187907356844926e-19,2.793032085783376e-21,29.017919301986694
1.181961220710377e-19,2.778192110165005e-21,29.02180290222168
1.1760446821321207e-19,2.764539994986829e-21,29.02567768096924
1.170157870357128e-19,2.7503107113050696e-21,29.029698371887207
1.164300397644487e-19,2.736007312563543e-21,29.0344295501709
1.1584721347472266e-19,2.7218862732197543e-21,29.037890434265137
1.1526734694062591e-19,2.7092436980518693e-21,29.04143977165222
1.1469038846337018e-19,2.6939422703583804e-21,29.045196294784546
1.1411623464537888e-19,2.680645180452877e-21,29.049956560134888
1.135450276583198e-19,2.668857452827213e-21,29.053466320037842
1.1297670287870758e-19,2.653851273682443e-21,29.057218551635742
1.1241115690896566e-19,2.641943992608871e-21,29.061018228530884
1.118484543725794e-19,2.627584048317658e-21,29.06533908843994
1.112885823448517e-19,2.614753459197066e-21,29.068955659866333
1.1073152790108553e-19,2.5997042650448562e-21,29.072437286376953
1.1017723934249257e-19,2.5870063560176354e-21,29.07641291618347
1.0962575544316405e-19,2.5739734146085235e-21,29.080291032791138
1.0907698573022048e-19,2.5614213123201364e-21,29.08432650566101
1.0853100775184426e-19,2.5479826565920258e-21,29.087787866592407
1.0798773749750446e-19,2.535025647778207e-21,29.09134030342102
1.0744716204250398e-19,2.523112914098058e-21,29.094908475875854
1.0690931369858552e-19,2.5097483734297145e-21,29.09971809387207
1.0637421185279467e-19,2.4979955828758208e-21,29.10323715209961
1.0584175310755487e-19,2.4836497749720294e-21,29.106705904006958
1.053119503875632e-19,2.4714894525636113e-21,29.11028218269348
1.0478475199403135e-19,2.4598388478959364e-21,29.11403751373291
1.0426029363627859e-19,2.4469876600393874e-21,29.118061065673828
1.0373831035801495e-19,2.434931946897889e-21,29.12152886390686
1.0321909296492454e-19,2.423394635277978e-21,29.12506365776062
1.0270245404889982e-19,2.409767763648769e-21,29.12865400314331
1.021883225241069e-19,2.396940405702445e-21,29.13379192352295
1.0167680178812235e-19,2.3852195229944456e-21,29.13756489753723
1.0116787245390056e-19,2.374030774298672e-21,29.141356945037842
1.0066146989795618e-19,2.361602870271203e-21,29.14523720741272
1.0015756827089507e-19,2.349705484668826e-21,29.149866104125977
9.965622573385404e-20,2.3389460782538846e-21,29.153441667556763
9.915744874918164e-20,2.3272340812751217e-21,29.15721893310547
9.86610628334674e-20,2.315160192778367e-21,29.16102123260498
9.816719723368203e-20,2.3033272287129537e-21,29.165360689163208
9.767578732634017e-20,2.292961419713507e-21,29.168928623199463
9.718683957379037e-20,2.2800914506565264e-21,29.17248225212097
9.670036043838116e-20,2.268693281478522e-21,29.176054000854492
9.621629822132424e-20,2.257237557008873e-21,29.179823875427246
9.573469815905939e-20,2.24572326750562e-21,29.184472799301147
9.525552147749537e-20,2.2338361812712217e-21,29.18848490715027
9.477870355314683e-20,2.2234614865425384e-21,29.19234037399292
9.430425731071085e-20,2.2120881570167177e-21,29.196306705474854
9.383226676071839e-20,2.201611074453424e-21,29.200971364974976
9.336255741975898e-20,2.1901242499314474e-21,29.204447507858276
9.289518744896945e-20,2.1776119314762324e-21,29.207984924316406
9.243023439653222e-20,2.167614678291705e-21,29.211547136306763
9.196755609077951e-20,2.1559469080107322e-21,29.215885400772095
9.150715253171132e-20,2.1455221300808983e-21,29.21938967704773
9.104914650394983e-20,2.1353746272929187e-21,29.222988843917847
9.05934216852214e-20,2.1245192953919023e-21,29.226784229278564
9.013989406499506e-20,2.1129450272163038e-21,29.23061466217041
8.968873166433274e-20,2.1009735265541594e-21,29.235093116760254
8.923975999982398e-20,2.0909449713689126e-21,29.238725900650024
8.87930566196512e-20,2.080531502549016e-21,29.24230170249939
8.834858921207173e-20,2.069388394189775e-21,29.24602222442627
8.790631900299435e-20,2.06022639955347e-21,29.250689268112183
8.746631061590443e-20,2.0493149259995507e-21,29.254401683807373
8.702851235201367e-20,2.039719348166187e-21,29.2582004070282
8.659289189957939e-20,2.028006745342249e-21,29.26197099685669
8.6159429871556e-20,2.0183097894162338e-21,29.266465187072754
8.572812626794349e-20,2.0085661834117273e-21,29.269973516464233
8.529905217457575e-20,1.9980739547190533e-21,29.2734854221344
8.487202018334524e-20,1.9885833900493928e-21,29.27703070640564
8.444722416470805e-20,1.976567662689458e-21,29.28072762489319
8.402452194699638e-20,1.9683978405017548e-21,29.284751892089844
8.360391999255878e-20,1.958048187373647e-21,29.288230180740356
8.31854312260923e-20,1.9480030724202777e-21,29.29174304008484
8.27690104111572e-20,1.940074174663916e-21,29.295386791229248
8.235475448298153e-20,1.928846046031754e-21,29.300203800201416
8.194250188285188e-20,1.918648258094232e-21,29.30385971069336
8.153233662129922e-20,1.908395944090941e-21,29.307578086853027
8.112419407483819e-20,1.898457255940017e-21,29.311442852020264
8.071808716816586e-20,1.890320351340167e-21,29.315996408462524
8.031405467537346e-20,1.8802861415999515e-21,29.31948161125183
7.991205782236976e-20,1.869823397372471e-21,29.323050498962402
7.951203844801794e-20,1.863066406133357e-21,29.327057123184204
7.911407410050044e-20,1.852884572118782e-21,29.33115005493164
7.871808076928628e-20,1.8441668639442973e-21,29.33491539955139
7.832403906732987e-20,1.8323512674405736e-21,29.338446617126465
7.793194253228266e-20,1.824303624029871e-21,29.34215497970581
7.754181701353881e-20,1.8150626675723968e-21,29.345935344696045
7.715370128518951e-20,1.8061623980517823e-21,29.350659370422363
7.676749841200675e-20,1.7948775219215422e-21,29.35416531562805
7.638327301747587e-20,1.7862688658785954e-21,29.357691049575806
7.600092816636884e-20,1.779194613716063e-21,29.361233711242676
7.562047678338273e-20,1.7693221646376286e-21,29.36531376838684
7.524195118026022e-20,1.7605885025401968e-21,29.369104623794556
7.486526734647035e-20,1.751011503958873e-21,29.37281107902527
7.44905674536809e-20,1.7429903157874878e-21,29.376596689224243
7.411772871726969e-20,1.7333157761329552e-21,29.381968021392822
7.374671882549405e-20,1.7264303457166966e-21,29.3863422870636
7.337757009009666e-20,1.7166627078535735e-21,29.389894247055054
7.301023727463776e-20,1.7076598485499568e-21,29.393449068069458
7.26447656155571e-20,1.6994340866577424e-21,29.397206783294678
7.228116803755176e-20,1.6899249427360421e-21,29.40164875984192
7.191941222887906e-20,1.6811957235032285e-21,29.405439138412476
7.155932370612853e-20,1.674932698030302e-21,29.40926742553711
7.120118035028721e-20,1.6665453774246984e-21,29.41311025619507
7.084476890385343e-20,1.65811564765683e-21,29.418196439743042
7.049010229152425e-20,1.650067499375148e-21,29.422056674957275
7.013729683557331e-20,1.6389903271658091e-21,29.426004648208618
6.978624913842405e-20,1.6321360977760738e-21,29.429925441741943
6.943688811424257e-20,1.625253090740516e-21,29.434533834457397
6.908929777355984e-20,1.614873549250431e-21,29.438380241394043
6.874354273986121e-20,1.6066088113186115e-21,29.44229483604431
6.839941621799354e-20,1.5961079998192887e-21,29.446255683898926
6.805697636909366e-20,1.5895097400160795e-21,29.451136350631714
6.771635244013227e-20,1.5811124229650849e-21,29.454972982406616
6.737740872179013e-20,1.5735610677270749e-21,29.45887589454651
6.704013228937017e-20,1.563286438426497e-21,29.46280264854431
6.670456837931214e-20,1.5578988592317486e-21,29.467362642288208
6.637070406691896e-20,1.5497824523936596e-21,29.471205234527588
6.603845534165967e-20,1.5416232324965225e-21,29.47511100769043
6.570788682701963e-20,1.533420593695162e-21,29.479041814804077
6.537898559830177e-20,1.5265514201244381e-21,29.48351812362671
6.505174519315755e-20,1.5201121946797214e-21,29.48743176460266
6.472605575166186e-20,1.5122563012669727e-21,29.491385459899902
6.440209175722518e-20,1.5029614245889049e-21,29.495304107666016
6.407972396287678e-20,1.4959524017569034e-21,29.499855995178223
6.375899114270788e-20,1.488910360362853e-21,29.50372004508972
6.343981574853605e-20,1.4808889702430761e-21,29.507636308670044
6.312229471558932e-20,1.4728238582964882e-21,29.511533975601196
6.280629233454846e-20,1.4666264660508761e-21,29.51639199256897
6.249189261594442e-20,1.4589627265328647e-21,29.520248651504517
6.217917310795963e-20,1.4517413549669522e-21,29.52413845062256
6.186786239195559e-20,1.445453590816038e-21,29.528093099594116
6.155823834891933e-20,1.4376770631212416e-21,29.532575845718384
6.125012003309186e-20,1.4308378788866906e-21,29.536412477493286
6.094350744447319e-20,1.4224890294497129e-21,29.540311098098755
6.063845874420011e-20,1.4155765379489615e-21,29.544265270233154
6.033488992174169e-20,1.4091273160588538e-21,29.548624515533447
6.003289144997741e-20,1.4031480280763172e-21,29.55250382423401
5.973243747951313e-20,1.3921191215326033e-21,29.55635690689087
5.943338583868106e-20,1.3870770760361161e-21,29.56027340888977
5.91359497849829e-20,1.381002266464288e-21,29.56420350074768
5.883989667387134e-20,1.372860717051428e-21,29.56841230392456
5.854537513936271e-20,1.3662099506663672e-21,29.572253704071045
5.825233994501727e-20,1.3600419419117527e-21,29.57620072364807
5.796069415560697e-20,1.3533281676284701e-21,29.58012580871582
5.767064456628496e-20,1.3476212070521903e-21,29.584569931030273
5.73819132960642e-20,1.3397997458402326e-21,29.588444471359253
5.709474591418905e-20,1.3319323413691548e-21,29.59236741065979
5.680887100202102e-20,1.325076193469698e-21,29.5964195728302
5.65244888923647e-20,1.3192470541164174e-21,29.601115465164185
5.624163835931132e-20,1.3128584167438308e-21,29.605018377304077
5.596008029596504e-20,1.3075106213822544e-21,29.608917236328125
5.567992456225099e-20,1.3010644287180228e-21,29.612842559814453
5.540126809339719e-20,1.2945860252853092e-21,29.617352724075317
5.512402687887268e-20,1.2858973976792346e-21,29.621196031570435
5.4848026435267e-20,1.281531071501498e-21,29.625093936920166
5.45735123318245e-20,1.2727532836804718e-21,29.62902069091797
5.430029716043764e-20,1.2666833208700454e-21,29.633550882339478
5.402847139398594e-20,1.2594720467237198e-21,29.63740849494934
5.375804472599219e-20,1.2527786692280026e-21,29.64138102531433
5.348900100058505e-20,1.2471732886927663e-21,29.645328044891357
5.322124328253649e-20,1.2415426646085628e-21,29.649842739105225
5.2954816808286253e-20,1.2358864940528047e-21,29.65371561050415
5.2689770045448364e-20,1.2279238709150232e-21,29.6576144695282
5.242595112883223e-20,1.2216312600027072e-21,29.661511659622192
5.21635765471138e-20,1.2164584529225706e-21,29.6664080619812
5.1902507359799555e-20,1.2101061662604965e-21,29.670259475708008
5.1642656325184264e-20,1.2019727957575017e-21,29.674218893051147
5.1384230238421066e-20,1.195543566758176e-21,29.678152322769165
5.112696737439427e-20,1.1896685851199713e-21,29.682605981826782
5.087108745295409e-20,1.1855388414831541e-21,29.686444759368896
5.061636429190177e-20,1.1784255123068207e-21,29.690359354019165
5.036306607870155e-20,1.1718671373109794e-21,29.694300889968872
5.0110934319412e-20,1.1676743857759404e-21,29.69865894317627
4.986011441687517e-20,1.1628641770331669e-21,29.702537536621094
4.9610567596999844e-20,1.1568232947911506e-21,29.706369400024414
4.936220015573226e-20,1.152575815241951e-21,29.710299730300903
4.911511549064899e-20,1.1464807098567534e-21,29.714457511901855
4.8869307139401494e-20,1.139738460850236e-21,29.718379735946655
4.862472017202722e-20,1.1304796319600932e-21,29.722213983535767
4.838121241685839e-20,1.127376492972669e-21,29.726172924041748
4.813907791075336e-20,1.1198938001878493e-21,29.730095624923706
4.7898116320907545e-20,1.1173884284399653e-21,29.734395742416382
4.7658337340843736e-20,1.1111003613664635e-21,29.738259077072144
4.741973773938767e-20,1.1060440785083589e-21,29.7421715259552
4.718241122059311e-20,1.1009646725594004e-21,29.746137142181396
4.6946315779194575e-20,1.095222068091979e-21,29.750837326049805
4.6711280162955875e-20,1.0907347748275923e-21,29.754780054092407
4.6477556403469896e-20,1.0849381491653814e-21,29.758787631988525
4.624485046387827e-20,1.0784608564488224e-21,29.762833833694458
4.601335621463706e-20,1.0725977897657301e-21,29.767369508743286
4.578301872578372e-20,1.068671206211e-21,29.77131724357605
4.555386707788666e-20,1.0620947568340983e-21,29.7753324508667
4.532584634098332e-20,1.0574669074890628e-21,29.779345512390137
4.5098972670945045e-20,1.0514868117129592e-21,29.78406524658203
4.487329453538585e-20,1.0461424494740424e-21,29.789010763168335
4.4648611601501135e-20,1.0394234245325747e-21,29.793142557144165
4.4425043422738804e-20,1.0367236774576442e-21,29.797203302383423
4.4202725708418107e-20,1.0306232204400656e-21,29.80165410041809
4.3981448432211637e-20,1.0224326985422093e-21,29.80560564994812
4.3761327916393033e-20,1.0190005856246462e-21,29.809613943099976
4.3542280150431335e-20,1.0134849711495367e-21,29.813636779785156
4.332437622016043e-20,1.0086340698058282e-21,29.818113803863525
4.310748041626108e-20,1.0009637669650854e-21,29.8220636844635
4.28917607597952e-20,9.974577409361466e-22,29.82608151435852
4.267696845034417e-20,9.911156526678552e-22,29.83009362220764
4.246335228832662e-20,9.861546894506503e-22,29.834657430648804
4.225086057495426e-20,9.818825721976588e-22,29.838592529296875
4.2039376987953446e-20,9.76157234317731e-22,29.84257173538208
4.1828953226112466e-20,9.71841092315341e-22,29.846590757369995
4.161956990238571e-20,9.675057652157359e-22,29.851118326187134
4.1411071920408333e-20,9.64604675594244e-22,29.855064630508423
4.1203985961585976e-20,9.595066903932459e-22,29.85908269882202
4.099769810280776e-20,9.558485972253295e-22,29.863096952438354
4.0792463606840844e-20,9.484902036756237e-22,29.867801904678345
4.058827924251096e-20,9.462714976698098e-22,29.871730089187622
4.038504161224153e-20,9.410741538600772e-22,29.875751495361328
4.0182902581223154e-20,9.343494743636409e-22,29.879767656326294
3.998177490775059e-20,9.313450881397758e-22,29.884482383728027
3.978171029061213e-20,9.275760243306002e-22,29.888396978378296
3.9582543939920117e-20,9.184670411471259e-22,29.892367124557495
3.938441802734233e-20,9.169401093572056e-22,29.89641547203064
3.9187290547613284e-20,9.108066337775781e-22,29.901204109191895
3.899107102785349e-20,9.084959402793282e-22,29.90514349937439
3.8796027655527166e-20,9.015282158934368e-22,29.909258365631104
3.8601798539116326e-20,8.937226076302305e-22,29.913297414779663
3.840864540373666e-20,8.905811994225721e-22,29.917909860610962
3.821623866961285e-20,8.874286840533682e-22,29.921857833862305
3.802494022826289e-20,8.83472313110857e-22,29.925879955291748
3.783469514972423e-20,8.787009794334926e-22,29.929885387420654
3.7645332181760675e-20,8.739036953877902e-22,29.93467617034912
3.745689979198624e-20,8.706907974494571e-22,29.938657522201538
3.726933658808984e-20,8.682733742261744e-22,29.94267177581787
3.708275242999658e-20,8.617935571547186e-22,29.94668674468994
3.689722163471462e-20,8.552647675982668e-22,29.951177835464478
3.6712485708302533e-20,8.53624744708974e-22,29.955129384994507
3.6528699747125175e-20,8.470329472543003e-22,29.95914626121521
3.63459283746679e-20,8.428868962848504e-22,29.963159322738647
3.616390017229222e-20,8.403894510113421e-22,29.967804193496704
3.5982880096288085e-20,8.328521816736557e-22,29.971722841262817
3.580278090495027e-20,8.277891840315259e-22,29.975725412368774
3.5623525050096347e-20,8.269423639378764e-22,29.979753255844116
3.5445257934568366e-20,8.209899855785387e-22,29.98447561264038
3.5267879391964026e-20,8.149941378278797e-22,29.988429307937622
3.5091260175312616e-20,8.115480904712867e-22,29.99250054359436
3.4915674934426897e-20,8.054819646803033e-22,29.99648094177246
3.474091687415373e-20,8.019950227743837e-22,30.00106978416443
3.4567079698546884e-20,7.949752461905223e-22,30.00456428527832
3.439395338127895e-20,7.923267940070929e-22,30.00809407234192
3.422187396447378e-20,7.887816909643531e-22,30.011661291122437
3.4050466631916304e-20,7.86112337122379e-22,30.016080617904663
3.3880119124518665e-20,7.852205330244703e-22,30.019601583480835
3.37104663195886e-20,7.816432192132485e-22,30.023082971572876
3.35418604151213e-20,7.789494296158743e-22,30.026663780212402
3.3373845815545e-20,7.762462999053823e-22,30.030340909957886
3.3206716557718074e-20,7.726274352125607e-22,30.034274578094482
3.304056311452002e-20,7.689915058806374e-22,30.03772282600403
3.287527562602573e-20,7.616676455059186e-22,30.04121971130371
3.271073776996157e-20,7.579791591050459e-22,30.04477286338806
3.254695923985034e-20,7.52412502173925e-22,30.04941701889038
3.238402081504873e-20,7.486784259236177e-22,30.05292248725891
3.2221867565594196e-20,7.4209859391115445e-22,30.056403875350952
3.2060641663154515e-20,7.383123140015833e-22,30.059970378875732
3.1900158930796424e-20,7.373627526636379e-22,30.063673496246338
3.174045491143687e-20,7.316392828063335e-22,30.06770944595337
3.158158776621267e-20,7.306809872004455e-22,30.071248292922974
3.142349610281274e-20,7.249047583258e-22,30.074740886688232
3.1266176690062813e-20,7.229690829910049e-22,30.07834768295288
3.110975231258506e-20,7.200558764660089e-22,30.083096981048584
3.095393862704392e-20,7.161530723344057e-22,30.086570739746094
3.079908783143458e-20,7.1321199693135005e-22,30.090131759643555
3.0644896195375866e-20,7.072930915179427e-22,30.09365200996399
3.049150912170983e-20,7.053091000304246e-22,30.097503662109375
3.033891691691367e-20,7.023226367263261e-22,30.101390838623047
3.0186948328751196e-20,6.983207264214782e-22,30.104844570159912
3.003588770055797e-20,6.963111884624054e-22,30.10836172103882
2.9885634865931685e-20,6.922745430341788e-22,30.111945867538452
2.9735918406233854e-20,6.88214269644119e-22,30.116456270217896
2.9587103444156736e-20,6.861750957585589e-22,30.120264530181885
2.943894117928171e-20,6.810505038569494e-22,30.124085426330566
2.929175149786129e-20,6.769228806782455e-22,30.127933979034424
2.914511434724066e-20,6.748496280015798e-22,30.13262414932251
2.89991622055648e-20,6.664920442966594e-22,30.136128425598145
2.8854076018592703e-20,6.643861769547283e-22,30.139621257781982
2.870961991060283e-20,6.622736958029678e-22,30.14315629005432
2.8566007139096844e-20,6.590922008395498e-22,30.146941900253296
2.842287258138249e-20,6.569626550486876e-22,30.15098762512207
2.82807752306081e-20,6.526827122955163e-22,30.15446424484253
2.813905592722304e-20,6.516083468514777e-22,30.157967567443848
2.7998344750209525e-20,6.494542643310195e-22,30.161516189575195
2.785813117403325e-20,6.472930126426546e-22,30.166104793548584
2.771867369263564e-20,6.429486988396173e-22,30.16957998275757
2.757980751612903e-20,6.385748500842886e-22,30.173067569732666
2.744179760080339e-20,6.37476705217123e-22,30.176806449890137
2.73045243932108e-20,6.319573042096685e-22,30.180706024169922
2.7167693856492896e-20,6.297360233618599e-22,30.18592119216919
2.7031724427717358e-20,6.263893346140013e-22,30.189884662628174
2.6896553098985963e-20,6.19641633000907e-22,30.19375991821289
2.6761798591735113e-20,6.151020855901584e-22,30.197836875915527
2.662783572217987e-20,6.128197153538495e-22,30.202030897140503
2.649464995003603e-20,6.116753243049762e-22,30.205865383148193
2.636201347751771e-20,6.105287623108918e-22,30.20969557762146
2.6230015161917282e-20,6.082292264612853e-22,30.213562965393066
2.6098772941095514e-20,6.036038509840486e-22,30.2183518409729
2.5968243194199792e-20,6.001114059844542e-22,30.222214460372925
2.5838193276682837e-20,5.97771783379088e-22,30.226133346557617
2.570876536021243e-20,5.965985137101964e-22,30.230114698410034
2.558019047374872e-20,5.942450576399962e-22,30.234580516815186
2.545217619602047e-20,5.906973292681639e-22,30.2383975982666
2.532475968553176e-20,5.859335686554897e-22,30.242303133010864
2.5197756765349325e-20,5.823351512373315e-22,30.246243953704834
2.5071813670326725e-20,5.799238369528988e-22,30.251147031784058
2.4946331017637284e-20,5.787143680347884e-22,30.255006074905396
2.4821371815179225e-20,5.775024252488793e-22,30.25891351699829
2.4697197788068237e-20,5.775024252488793e-22,30.262866258621216
2.4573566598234237e-20,5.750708151510771e-22,30.26733708381653
2.4450541253575447e-20,5.714039877152181e-22,30.27121376991272
2.43282186893199e-20,5.677135323175259e-22,30.275153875350952
2.4206377570030254e-20,5.627552449165115e-22,30.279078006744385
2.408531839491341e-20,5.577528822790005e-22,30.283982753753662
2.3964640498360167e-20,5.53971449130831e-22,30.287842273712158
2.384490772028025e-20,5.514360880467741e-22,30.291723251342773
2.3725370428243534e-20,5.463300753972044e-22,30.295658826828003
2.3606650623296568e-20,5.411758980562055e-22,30.300137042999268
2.3488496273846464e-20,5.372778397118081e-22,30.303656101226807
2.337088153049908e-20,5.33351256157078e-22,30.307173252105713
2.3253848398519898e-20,5.293955920339377e-22,30.310718536376953
2.313755520544804e-20,5.280704571744602e-22,30.314488172531128
2.3021740226167812e-20,5.254101405230163e-22,30.318219661712646
2.2906379226872208e-20,5.254101405230163e-22,30.321677446365356
2.2791756550896794e-20,5.2273624284222815e-22,30.32524275779724
2.2677820499453284e-20,5.213941948049427e-22,30.328793048858643
2.2564055700245966e-20,5.200486631578998e-22,30.333205938339233
2.2451273178016055e-20,5.200486631578998e-22,30.336691856384277
2.233873784061763e-20,5.146313470624682e-22,30.340184211730957
2.22270506864645e-20,5.146313470624682e-22,30.34370446205139
2.2115814281121723e-20,5.119011562674834e-22,30.34733009338379
2.2005065783093383e-20,5.077784303372791e-22,30.35147190093994
2.1894843966470692e-20,5.063966994410174e-22,30.355064153671265
2.1785320083489843e-20,4.994307925906517e-22,30.358752727508545
2.1676568451158994e-20,4.966170961356839e-22,30.362451553344727
2.1568078543943836e-20,4.952042146999969e-22,30.366981506347656
2.1459956990595206e-20,4.93787344783573e-22,30.370811700820923
2.1352565682631095e-20,4.895120468434117e-22,30.3746600151062
2.1245489414158093e-20,4.851990855281915e-22,30.378536701202393
2.113916439370235e-20,4.8084740060885585e-22,30.383090257644653
2.103350014838437e-20,4.779242986126647e-22,30.3866126537323
2.092793930064296e-20,4.749832232096091e-22,30.390103101730347
2.0823491592436802e-20,4.675495029097856e-22,30.393671989440918
2.0719194133834095e-20,4.660485719753014e-22,30.39725136756897
2.0615421741049903e-20,4.660485719753014e-22,30.40125870704651
2.0512251962266654e-20,4.630320183608342e-22,30.40475034713745
2.0409625020760392e-20,4.599957242910747e-22,30.408307313919067
2.030734219931365e-20,4.538621982243493e-22,30.411903381347656
2.020572015300467e-20,4.538621982243493e-22,30.416381359100342
2.010462963486274e-20,4.523157784146264e-22,30.419893980026245
2.000407872282353e-20,4.507641079467184e-22,30.42337965965271
1.9904041567492898e-20,4.507641079467184e-22,30.426934480667114
1.98041013473903e-20,4.476446111395635e-22,30.430498123168945
1.9705182178356322e-20,4.460766333390228e-22,30.43468475341797
1.960647788241115e-20,4.4133942893986195e-22,30.438173532485962
1.9508280880826023e-20,4.4133942893986195e-22,30.441683292388916
1.941077858170847e-20,4.397489843807405e-22,30.44527006149292
1.9313546085642275e-20,4.381528347795525e-22,30.44972825050354
1.9216804728064784e-20,4.349428650928996e-22,30.453237533569336
1.9120711220927984e-20,4.333289440332388e-22,30.456714153289795
1.9024830971292858e-20,4.300830275328568e-22,30.460264205932617
1.8929613112382628e-20,4.26812372354487e-22,30.4637930393219
1.8835065722132963e-20,4.235164736271502e-22,30.467693567276
1.8740641116505475e-20,4.2019472550567105e-22,30.471185445785522
1.864686597690581e-20,4.1684649690132547e-22,30.474684715270996
1.855359813166619e-20,4.1684649690132547e-22,30.47829270362854
1.84606178609364e-20,4.1684649690132547e-22,30.482739210128784
1.8368311290041445e-20,4.134711819689382e-22,30.486284971237183
1.827626644426218e-20,4.1006807388913823e-22,30.489758729934692
1.81849502282803e-20,4.083558796933486e-22,30.493324756622314
1.8093677633151036e-20,4.066364658425544e-22,30.496932983398438
1.8003186982194576e-20,4.066364658425544e-22,30.501028299331665
1.7913177776204016e-20,4.0317567625336465e-22,30.504515409469604
1.7823617703436678e-20,4.014340733230284e-22,30.508036851882935
1.7734278966106683e-20,3.99684897328002e-22,30.511574029922485
1.7645557383061835e-20,3.9792804729408965e-22,30.51594638824463
1.7557068444564268e-20,3.9616339700354645e-22,30.519439697265625
1.7469291979992747e-20,3.9261026651223515e-22,30.522915601730347
1.7381921027791834e-20,3.9261026651223515e-22,30.526455879211426
1.7294755255156924e-20,3.9082160960662427e-22,30.530009984970093
1.720824702648551e-20,3.8721948138676788e-22,30.53443145751953
1.7122039297021e-20,3.8540580812413063e-22,30.5379376411438
1.7036506882978455e-20,3.8540580812413063e-22,30.54142737388611
1.6951119871777962e-20,3.8540580812413063e-22,30.544983386993408
1.686625631080885e-20,3.799128118688957e-22,30.5492947101593
1.6781840267475825e-20,3.799128118688957e-22,30.552778005599976
1.6697878204127425e-20,3.7806407531674316e-22,30.556276082992554
1.661412616710643e-20,3.7806407531674316e-22,30.559807062149048
1.6530965434976442e-20,3.7806407531674316e-22,30.56335735321045
1.644849294296549e-20,3.762062510869625e-22,30.568214416503906
1.6365988139211862e-20,3.7433921296180887e-22,30.571996688842773
1.628435736809767e-20,3.7246280947998844e-22,30.57572841644287
1.620244548482218e-20,3.7246280947998844e-22,30.579418182373047
1.612146417973581e-20,3.6868137633181893e-22,30.584434986114502
1.6040686438628313e-20,3.6293533874173805e-22,30.588141918182373
1.5960464459494874e-20,3.6099966340694294e-22,30.59190559387207
1.5880631836860703e-20,3.5709685927533975e-22,30.595715761184692
1.5801195033074337e-20,3.5315091391855183e-22,30.600626468658447
1.5721979564725313e-20,3.5315091391855183e-22,30.60413885116577
1.5643617126382985e-20,3.5116131836316305e-22,30.607660055160522
1.5565175524271096e-20,3.491603632107391e-22,30.611300706863403
1.54871959800795e-20,3.491603632107391e-22,30.616060733795166
1.5409686571743867e-20,3.4714789699998615e-22,30.619536638259888
1.53326521460256e-20,3.4714789699998615e-22,30.62316370010376
1.5255735658168105e-20,3.4308754787927946e-22,30.626869678497314
1.5179489638971176e-20,3.4103926107254224e-22,30.630663633346558
1.5103508576064205e-20,3.389785796832622e-22,30.634783267974854
1.5027609908101063e-20,3.3690530176304757e-22,30.63825297355652
1.495244956345811e-20,3.348191748764087e-22,30.641805171966553
1.4877710887057103e-20,3.348191748764087e-22,30.645350217819214
1.4803211317551912e-20,3.348191748764087e-22,30.649739503860474
1.4729046174583437e-20,3.2634135614775815e-22,30.65320324897766
1.465532047131538e-20,3.220187770403815e-22,30.656662940979004
1.458194211928111e-20,3.220187770403815e-22,30.66023063659668
1.450891596524203e-20,3.198355634644153e-22,30.663830995559692
1.4436637828045942e-20,3.198355634644153e-22,30.667996883392334
1.4364191669787928e-20,3.1763735522036263e-22,30.67146325111389
1.4292160717423325e-20,3.1763735522036263e-22,30.674991369247437
1.4220850316920438e-20,3.1763735522036263e-22,30.6785409450531
1.4149625542535648e-20,3.1763735522036263e-22,30.683065176010132
1.407878850906299e-20,3.1763735522036263e-22,30.6865177154541
1.4008340832089603e-20,3.1763735522036263e-22,30.69001603126526
1.3937941622730232e-20,3.1763735522036263e-22,30.693565607070923
1.3868295276975254e-20,3.1763735522036263e-22,30.697101831436157
1.3798805643172264e-20,3.1094950606186924e-22,30.700987100601196
1.3729984862442706e-20,3.0868801224055613e-22,30.704445600509644
1.3661125307621934e-20,3.0640985767692475e-22,30.70795702934265
1.3592844132995096e-20,3.0640985767692475e-22,30.711591005325317
1.352484003156172e-20,3.018019254920243e-22,30.715964555740356
1.3457169548871494e-20,2.994713653207373e-22,30.719456434249878
1.338957499877656e-20,2.971225288199981e-22,30.723013877868652
1.3322479665105999e-20,2.971225288199981e-22,30.726545095443726
1.3256101652122886e-20,2.971225288199981e-22,30.730133056640625
1.3189654976686583e-20,2.971225288199981e-22,30.73442840576172
1.3123726096926692e-20,2.9475498684947433e-22,30.737901210784912
1.3058162339859062e-20,2.9475498684947433e-22,30.741445779800415
1.2992752871362718e-20,2.9236825978173557e-22,30.745071411132812
1.2927716603494303e-20,2.899619184764494e-22,30.749370574951172
1.286289682430183e-20,2.899619184764494e-22,30.752923727035522
1.2798295957165999e-20,2.899619184764494e-22,30.756399154663086
1.2734522270642721e-20,2.8753540757553853e-22,30.759967803955078
1.2670870560948052e-20,2.8753540757553853e-22,30.763511180877686
1.2607286705913007e-20,2.8753540757553853e-22,30.767742156982422
1.2543994464355629e-20,2.826199079900233e-22,30.77122402191162
1.2481167511892812e-20,2.7761739389121856e-22,30.774796962738037
1.2418812310873092e-20,2.750820075636127e-22,30.778351068496704
1.2356596858140454e-20,2.750820075636127e-22,30.782631397247314
1.2294863658167283e-20,2.6993984615192214e-22,30.78618288040161
1.2233105416593536e-20,2.5934982395054974e-22,30.789659023284912
1.2172070150262206e-20,2.5934982395054974e-22,30.793193817138672
1.211113181915891e-20,2.566340472220252e-22,30.79674220085144
1.2050409168937988e-20,2.5388921516863954e-22,30.80109167098999
1.199013807532099e-20,2.5388921516863954e-22,30.80456519126892
1.1930267647313197e-20,2.5111436853553204e-22,30.80810046195984
1.1870154073441753e-20,2.5111436853553204e-22,30.811902046203613
1.1810862025627893e-20,2.4259954276409576e-22,30.81652331352234
1.1751866438053103e-20,2.4259954276409576e-22,30.820054531097412
1.1693113188548396e-20,2.4259954276409576e-22,30.823554277420044
1.163454492377052e-20,2.4259954276409576e-22,30.827109575271606
1.1576224651617697e-20,2.4259954276409576e-22,30.830735683441162
1.1518156411057762e-20,2.4259954276409576e-22,30.834679126739502
1.1460772371649029e-20,2.3969406076508367e-22,30.838154077529907
1.14035910884256e-20,2.367529096313811e-22,30.84168028831482
1.1346183623003426e-20,2.367529096313811e-22,30.845252513885498
1.1289477322397362e-20,2.367529096313811e-22,30.84975552558899
1.123292127139475e-20,2.337747514548928e-22,30.853243112564087
1.1176768309382043e-20,2.337747514548928e-22,30.856748819351196
1.1120835875013113e-20,2.337747514548928e-22,30.860290050506592
1.1065128007255795e-20,2.337747514548928e-22,30.863888025283813
1.100971013738901e-20,2.337747514548928e-22,30.867920637130737
1.0954587919967727e-20,2.337747514548928e-22,30.871401071548462
1.0899700770474426e-20,2.2770165844439453e-22,30.874961376190186
1.0845635147038709e-20,2.2770165844439453e-22,30.878482580184937
1.0790907940671663e-20,2.2770165844439453e-22,30.88307785987854
1.0737011953885004e-20,2.2770165844439453e-22,30.886576652526855
1.0683106273575543e-20,2.2770165844439453e-22,30.890122890472412
1.0629915490572829e-20,2.2770165844439453e-22,30.893689155578613
1.0576192371609497e-20,2.2770165844439453e-22,30.897322416305542
1.0523393368486752e-20,2.2460351767966573e-22,30.9013192653656
1.047079712154931e-20,2.2460351767966573e-22,30.904763221740723
1.041813705892008e-20,2.2146205898490944e-22,30.90831422805786
1.0366560247464125e-20,2.2146205898490944e-22,30.911885023117065
1.0314455139015386e-20,2.2146205898490944e-22,30.916420459747314
1.026276765984076e-20,2.2146205898490944e-22,30.919939279556274
1.021157293474197e-20,2.1827538909395313e-22,30.923475980758667
1.0160258656195272e-20,2.1827538909395313e-22,30.927019357681274
1.0109238414506943e-20,2.150415137664284e-22,30.930631160736084
1.005907362620601e-20,2.117582368135751e-22,30.93471932411194
1.0008517058025107e-20,2.0158783812668233e-22,30.938190460205078
9.958478285520618e-21,2.0158783812668233e-22,30.942638635635376
9.908681851086212e-21,2.0158783812668233e-22,30.94681692123413
9.859344243397832e-21,2.0158783812668233e-22,30.95147728919983
9.81011568784099e-21,2.0158783812668233e-22,30.955063104629517
9.760495352404178e-21,2.0158783812668233e-22,30.95871376991272
9.711776514588079e-21,2.0158783812668233e-22,30.962541580200195
9.662955894782544e-21,1.9808169850177323e-22,30.967642068862915
9.615053736262628e-21,1.9808169850177323e-22,30.97113299369812
9.566473031146476e-21,1.9808169850177323e-22,30.974854230880737
9.518894797846905e-21,1.9808169850177323e-22,30.978780031204224
9.470930439222334e-21,1.9808169850177323e-22,30.983946800231934
9.423984708285682e-21,1.9808169850177323e-22,30.987692832946777
9.376431516586686e-21,1.9451236165202506e-22,30.991491317749023
9.329686926248204e-21,1.9087629348058244e-22,30.995317459106445
9.282857517585192e-21,1.9087629348058244e-22,30.99995994567871
9.236549943566427e-21,1.9087629348058244e-22,31.003454446792603
9.190237522786261e-21,1.9087629348058244e-22,31.00694966316223
9.144073736022413e-21,1.8338800924966664e-22,31.01047945022583
9.098060198862017e-21,1.8338800924966664e-22,31.014074325561523
9.052819720145189e-21,1.8338800924966664e-22,31.018104314804077
9.007584895983329e-21,1.8338800924966664e-22,31.02156090736389
8.962590794304419e-21,1.8338800924966664e-22,31.025063276290894
8.917762290306733e-21,1.8338800924966664e-22,31.0286386013031
8.872945095418985e-21,1.7952678124321221e-22,31.033093690872192
8.828614192258538e-21,1.7952678124321221e-22,31.036569595336914
8.784218665612735e-21,1.7952678124321221e-22,31.04004716873169
8.74047987513686e-21,1.7952678124321221e-22,31.04357647895813
8.696601336373903e-21,1.7952678124321221e-22,31.04712438583374
8.653310871327683e-21,1.7952678124321221e-22,31.051080226898193
8.609476761210908e-21,1.7952678124321221e-22,31.054633617401123
8.566808297211237e-21,1.7952678124321221e-22,31.0581955909729
8.523844180766063e-21,1.7558065918158153e-22,31.061763048171997
8.481241148045314e-21,1.7154377393963973e-22,31.06644034385681
8.438755245391773e-21,1.7154377393963973e-22,31.069988489151
8.396220875124214e-21,1.6740958743820435e-22,31.073606491088867
8.354811761295412e-21,1.6740958743820435e-22,31.077161073684692
8.312859810189622e-21,1.6740958743820435e-22,31.080740451812744
8.270694601582159e-21,1.6740958743820435e-22,31.08465552330017
8.229505207603566e-21,1.6740958743820435e-22,31.08815884590149
8.188621967386846e-21,1.6740958743820435e-22,31.09172558784485
8.147362295367929e-21,1.6740958743820435e-22,31.09534454345703
8.107101863991325e-21,1.6740958743820435e-22,31.099745512008667
8.065424562698296e-21,1.6740958743820435e-22,31.103264570236206
8.025888722151243e-21,1.6740958743820435e-22,31.106796503067017
7.985279323953718e-21,1.6317067807387908e-22,31.110387086868286
7.945873538170942e-21,1.5434400612027806e-22,31.11401057243347
7.905651073091984e-21,1.5434400612027806e-22,31.11823034286499
7.865935094579502e-21,1.5434400612027806e-22,31.121729612350464
7.826555158190869e-21,1.5434400612027806e-22,31.125284433364868
7.78742563780799e-21,1.449809592382247e-22,31.12893533706665
7.74891246391669e-21,1.449809592382247e-22,31.13354468345642
7.710115754483392e-21,1.449809592382247e-22,31.137067556381226
7.671122751213327e-21,1.449809592382247e-22,31.14058494567871
7.633308318757436e-21,1.449809592382247e-22,31.144137859344482
7.594659435546889e-21,1.449809592382247e-22,31.14784264564514
7.557388648161553e-21,1.449809592382247e-22,31.151609659194946
7.518908593806498e-21,1.449809592382247e-22,31.155078411102295
7.48144797493293e-21,1.400649042946322e-22,31.158633708953857
7.444269276014226e-21,1.400649042946322e-22,31.16218113899231
7.406620441239559e-21,1.400649042946322e-22,31.166655778884888
7.369920763906054e-21,1.400649042946322e-22,31.17037582397461
7.332463376206753e-21,1.3496992307596107e-22,31.17413902282715
7.295678072755152e-21,1.2967491197527487e-22,31.17800807952881
7.25938229220512e-21,1.2967491197527487e-22,31.18276596069336
7.223388626449126e-21,1.2415427403392098e-22,31.186270236968994
7.186825466228435e-21,1.2415427403392098e-22,31.18974208831787
7.151152494518519e-21,1.2415427403392098e-22,31.193275690078735
7.11559665287581e-21,1.1837645481569055e-22,31.197033882141113
7.079664379430903e-21,1.1230175883983287e-22,31.20112705230713
7.044343605716176e-21,1.1230175883983287e-22,31.20481562614441
7.008645592405684e-21,1.0587911840678754e-22,31.20857524871826
6.973971053544514e-21,1.0587911840678754e-22,31.212417125701904
6.939122031272883e-21,1.0587911840678754e-22,31.217294692993164
6.904301281776095e-21,9.904084925088661e-23,31.220982551574707
6.869507189467016e-21,9.904084925088661e-23,31.224762201309204
6.835356100837227e-21,9.904084925088661e-23,31.228647708892822
6.801343144907385e-21,9.904084925088661e-23,31.233510732650757
6.7669513337946456e-21,9.904084925088661e-23,31.23724341392517
6.733425073488889e-21,9.904084925088661e-23,31.241013050079346
6.698789308718932e-21,9.904084925088661e-23,31.244914770126343
6.665340596595602e-21,9.904084925088661e-23,31.24980354309082
6.631828876574051e-21,9.169400462483332e-23,31.253305673599243
6.599421006461732e-21,9.169400462483332e-23,31.25678324699402
6.566105984173732e-21,9.169400462483332e-23,31.260331630706787
6.532943230973101e-21,9.169400462483332e-23,31.263985633850098
6.499934362446974e-21,9.169400462483332e-23,31.26813769340515
6.468057212708138e-21,9.169400462483332e-23,31.27190113067627
6.435804438960673e-21,9.169400462483332e-23,31.275673627853394
6.4036082107628934e-21,9.169400462483332e-23,31.2795512676239
6.3715787919366885e-21,9.169400462483332e-23,31.284119129180908
6.339387814397094e-21,9.169400462483332e-23,31.287739992141724
6.307587808943902e-21,9.169400462483332e-23,31.291524410247803
6.275738528083126e-21,9.169400462483332e-23,31.295313119888306
6.244400176653444e-21,9.169400462483332e-23,31.299893379211426
6.213128872089818e-21,9.169400462483332e-23,31.303518056869507
6.182266311071067e-21,9.169400462483332e-23,31.30723285675049
6.152045945938039e-21,9.169400462483332e-23,31.311017274856567
6.1205318994075455e-21,9.169400462483332e-23,31.315386056900024
6.090235601679224e-21,9.169400462483332e-23,31.31900382041931
6.05932497694324e-21,9.169400462483332e-23,31.32271671295166
6.029069876686832e-21,9.169400462483332e-23,31.327598571777344
5.9987784257199124e-21,9.169400462483332e-23,31.33218264579773
5.9691554239296406e-21,9.169400462483332e-23,31.336138486862183
5.9392666580558434e-21,9.169400462483332e-23,31.339826345443726
5.909226430888244e-21,9.169400462483332e-23,31.343649864196777
5.87986717369758e-21,9.169400462483332e-23,31.347865343093872
5.850240536836257e-21,9.169400462483332e-23,31.352088451385498
5.821065052682073e-21,8.370479371910218e-23,31.355632305145264
5.7917425500987055e-21,8.370479371910218e-23,31.35940980911255
5.762878874261363e-21,8.370479371910218e-23,31.363329887390137
5.7344808914153654e-21,8.370479371910218e-23,31.36822247505188
5.705327621584273e-21,7.486784133018432e-23,31.371819019317627
5.677135222201063e-21,7.486784133018432e-23,31.375361680984497
5.64818188127779e-21,7.486784133018432e-23,31.378934860229492
5.6204511359180896e-21,7.486784133018432e-23,31.383558988571167
5.591956217844058e-21,7.486784133018432e-23,31.387030124664307
5.564448827405619e-21,7.486784133018432e-23,31.3905086517334
5.536551676571128e-21,7.486784133018432e-23,31.39409327507019
5.508131479402039e-21,7.486784133018432e-23,31.39781641960144
5.480970228507036e-21,7.486784133018432e-23,31.40179204940796
5.453288354658136e-21,7.486784133018432e-23,31.405501127243042
5.426756778848568e-21,7.486784133018432e-23,31.409255266189575
5.3990563257476284e-21,7.486784133018432e-23,31.413299560546875
5.371604673065308e-21,7.486784133018432e-23,31.417970418930054
5.345453971922555e-21,7.486784133018432e-23,31.421713829040527
5.318252331349205e-21,7.486784133018432e-23,31.425514698028564
5.292102841896802e-21,7.486784133018432e-23,31.42933464050293
5.265158079677741e-21,7.486784133018432e-23,31.434120416641235
5.2382080668004945e-21,7.486784133018432e-23,31.437732934951782
5.212060192935226e-21,7.486784133018432e-23,31.441550493240356
5.186185757192368e-21,7.486784133018432e-23,31.445468425750732
5.1597741387274915e-21,6.483745598763743e-23,31.45018196105957
5.134045509723468e-21,6.483745598763743e-23,31.45366883277893
5.109421538422243e-21,6.483745598763743e-23,31.45730233192444
5.0838516408541246e-21,6.483745598763743e-23,31.46082615852356
5.058845179298951e-21,6.483745598763743e-23,31.464517831802368
5.032739714595947e-21,6.483745598763743e-23,31.468359231948853
5.007757890744565e-21,6.483745598763743e-23,31.471840143203735
4.9825098989128745e-21,6.483745598763743e-23,31.4754056930542
4.957557155629903e-21,6.483745598763743e-23,31.479145288467407
4.93262056821827e-21,6.483745598763743e-23,31.48395323753357
4.908556397858939e-21,6.483745598763743e-23,31.487469911575317
4.883369394441553e-21,6.483745598763743e-23,31.49098014831543
4.858917079273305e-21,6.483745598763743e-23,31.49451208114624
4.834776168525114e-21,6.483745598763743e-23,31.498691082000732
4.810804894425982e-21,6.483745598763743e-23,31.50227928161621
4.785982205907289e-21,6.483745598763743e-23,31.505788803100586
4.763089740116814e-21,6.483745598763743e-23,31.509337186813354
4.738016635592367e-21,6.483745598763743e-23,31.51287531852722
4.7144452193088734e-21,6.483745598763743e-23,31.517377853393555
4.690755461267822e-21,6.483745598763743e-23,31.5209321975708
4.667846435709225e-21,6.483745598763743e-23,31.524474143981934
4.644220897256746e-21,6.483745598763743e-23,31.528048038482666
4.622141879588186e-21,6.483745598763743e-23,31.53205633163452
4.598281677104509e-21,5.293955920339377e-23,31.53561282157898
4.574755901157548e-21,5.293955920339377e-23,31.539087057113647
4.5517248987703414e-21,5.293955920339377e-23,31.542694568634033
4.529813902163706e-21,5.293955920339377e-23,31.546255826950073
