0.019823534414172173,0.020057419314980507,0
0.36312219500541687,0.00865726824849844,0.016325950622558594
0.1814044564962387,0.009346158243715763,0.025299549102783203
0.18418167531490326,0.006779552903026342,0.03312969207763672
0.1455790251493454,0.006954529322683811,0.040769100189208984
0.12823855876922607,0.004968682304024696,0.047716617584228516
0.12008984386920929,0.005075604654848576,0.05509638786315918
0.10152070969343185,0.004236518405377865,0.06199169158935547
0.09792962670326233,0.003868725150823593,0.06890702247619629
0.08940422534942627,0.0037762064021080732,0.07606101036071777
0.07860244810581207,0.0031172737944871187,0.08348274230957031
0.08083535730838776,0.003271169262006879,0.09045743942260742
0.06479303538799286,0.0027133969124406576,0.0974891185760498
0.0714825838804245,0.002754665445536375,0.1047658920288086
0.057417258620262146,0.0024756654165685177,0.11174988746643066
0.061880774796009064,0.0023373302537947893,0.11872601509094238
0.053518276661634445,0.002263088244944811,0.12566232681274414
0.053989946842193604,0.0020716965664178133,0.13300538063049316
0.04992810636758804,0.002045382745563984,0.13987374305725098
0.04862763360142708,0.0018982389010488987,0.14682221412658691
0.04597083479166031,0.0018603777280077338,0.15396618843078613
0.044764675199985504,0.0017436008201912045,0.16100716590881348
0.04261134937405586,0.001724771223962307,0.16844654083251953
0.04102035239338875,0.0015985564095899463,0.17641949653625488
0.040345318615436554,0.0016071845311671495,0.18395662307739258
0.037315718829631805,0.0014925803989171982,0.19113445281982422
0.03835448622703552,0.0014758636243641376,0.19876837730407715
0.03461218252778053,0.0014298072783276439,0.20574736595153809
0.03564303740859032,0.0013408042723312974,0.21261191368103027
0.03333132341504097,0.0013716472312808037,0.21968460083007812
0.032361239194869995,0.001242937403731048,0.22684764862060547
0.03255161643028259,0.0012842798605561256,0.23508310317993164
0.02968812920153141,0.0011994135566055775,0.24369215965270996
0.031027305871248245,0.001173654687590897,0.2511253356933594
0.028467709198594093,0.0011745757656171918,0.2580075263977051
0.028529223054647446,0.0010796530405059457,0.26587510108947754
0.028135761618614197,0.0011243197368457913,0.2727055549621582
0.026032153517007828,0.0010351858800277114,0.27962708473205566
0.027405042201280594,0.0010407890658825636,0.2866332530975342
0.024644359946250916,0.001022360404022038,0.2939019203186035
0.025648463517427444,0.000953265989664942,0.301145076751709
0.024358248338103294,0.0009970448445528746,0.30800533294677734
0.02344333752989769,0.0009013914386741817,0.3154025077819824
0.024128584191203117,0.0009399086702615023,0.322359561920166
0.02187422290444374,0.0008879333618097007,0.3295321464538574
0.023114090785384178,0.000866711197886616,0.33690810203552246
0.021359292790293694,0.0008779051713645458,0.34392523765563965
0.021461263298988342,0.0008113856893032789,0.35125732421875
0.021243873983621597,0.0008445853600278497,0.3585367202758789
0.02000400424003601,0.0007894834270700812,0.3663747310638428
0.02069571055471897,0.0007920699426904321,0.37335753440856934
0.019305279478430748,0.0007808107766322792,0.3803098201751709
0.01957310549914837,0.000744438380934298,0.38730454444885254
0.0190813560038805,0.0007595813367515802,0.39420366287231445
0.018416130915284157,0.0007193544297479093,0.4024040699005127
0.018674956634640694,0.0007223660941235721,0.4093611240386963
0.017736278474330902,0.0007077415939420462,0.416856050491333
0.01785551942884922,0.0006851093494333327,0.42400574684143066
0.017436308786273003,0.0006899902946315706,0.4311039447784424
0.016964763402938843,0.0006625271053053439,0.4390566349029541
0.01704239472746849,0.0006607711547985673,0.4461660385131836
0.01640508696436882,0.0006500211311504245,0.45389294624328613
0.01634843461215496,0.0006314878119155765,0.46104931831359863
0.016121184453368187,0.0006327717565000057,0.4685342311859131
0.015621710568666458,0.0006137650343589485,0.4756455421447754
0.015725152567029,0.0006063834298402071,0.4830141067504883
0.015201563946902752,0.0006032841629348695,0.4903829097747803
0.01504675205796957,0.0005812430754303932,0.4975621700286865
0.015016394667327404,0.0005867523141205311,0.5051510334014893
0.014357359148561954,0.0005680987960658967,0.5124762058258057
0.014676779508590698,0.0005601966404356062,0.5199723243713379
0.014012097381055355,0.0005621908348985016,0.526829719543457
0.013993218541145325,0.0005345263052731752,0.5344610214233398
0.013957281596958637,0.0005490436451509595,0.5417027473449707
0.01324037741869688,0.0005227734800428152,0.5493261814117432
0.013760464265942574,0.0005229591042734683,0.556788444519043
0.012853539548814297,0.0005214596167206764,0.5640673637390137
0.013143417425453663,0.0004943552194163203,0.5715591907501221
0.012869806960225105,0.0005142310983501375,0.5786550045013428
0.012328348122537136,0.00047975117922760546,0.5859789848327637
0.012847320176661015,0.0004917886108160019,0.5934076309204102
0.011815723031759262,0.00048026719014160335,0.6012225151062012
0.012386401183903217,0.00046158148325048387,0.6087119579315186
0.01180147286504507,0.00047915137838572264,0.6164278984069824
0.011585744097828865,0.0004420315963216126,0.6239719390869141
0.011908837594091892,0.00046283952542580664,0.6318986415863037
0.01094562467187643,0.0004408103704918176,0.6407513618469238
0.011643304489552975,0.0004341687308624387,0.6487228870391846
0.010822232812643051,0.0004439071344677359,0.6567366123199463
0.010940094478428364,0.0004103968385607004,0.6645863056182861
0.010980467312037945,0.00043428823119029403,0.6733689308166504
0.01022705715149641,0.00040504487697035074,0.6808090209960938
0.010893898084759712,0.00040972811984829605,0.6887960433959961
0.00996435433626175,0.0004097080382052809,0.6966660022735596
0.010340189561247826,0.0003838975972030312,0.7051799297332764
0.010100379586219788,0.0004059669154230505,0.7128849029541016
0.009620449505746365,0.0003736922226380557,0.7208642959594727
0.010146786458790302,0.0003867860359605402,0.7285976409912109
0.009229312650859356,0.0003775099467020482,0.7372288703918457
0.009760163724422455,0.00036127326893620193,0.7449634075164795
0.009290105663239956,0.0003781379491556436,0.7516865730285645
0.009093718603253365,0.0003467002825345844,0.7591166496276855
0.009413346648216248,0.0003646407858468592,0.7680246829986572
0.008608978241682053,0.0003479119623079896,0.7760839462280273
0.009187069721519947,0.00034140481147915125,0.7841849327087402
0.008565746247768402,0.0003511232789605856,0.7919175624847412
0.008616606704890728,0.00032384894439019263,0.7998766899108887
0.008710123598575592,0.0003428535128477961,0.8073594570159912
0.00808778963983059,0.00032151059713214636,0.8144893646240234
0.0086159473285079,0.0003232233866583556,0.8230574131011963
0.007937679067254066,0.00032545666908845305,0.8307249546051025
0.008164498955011368,0.0003044804325327277,0.8390350341796875
0.008057327941060066,0.0003214268072042614,0.8459944725036621
0.007639942225068808,0.0002986099570989609,0.853609561920166
0.008054825477302074,0.0003058940637856722,0.8609623908996582
0.00740279583260417,0.0003017909766640514,0.8687751293182373
0.007722833659499884,0.0002876146463677287,0.8756787776947021
0.007470494601875544,0.0003006972838193178,0.8829226493835449
0.007238869089633226,0.0002789654827211052,0.8902587890625
0.007518564350903034,0.00028905499493703246,0.8972434997558594
0.006945284083485603,0.0002805275726132095,0.9044947624206543
0.0072898585349321365,0.00027232724823988974,0.9113054275512695
0.006953063420951366,0.00028110836865380406,0.9187264442443848
0.006865018047392368,0.0002619489678181708,0.9255454540252686
0.007019296288490295,0.0002727419196162373,0.9330136775970459
0.006544213276356459,0.0002616640704218298,0.9407529830932617
0.006871134974062443,0.00025802673189900815,0.9476337432861328
0.006497024558484554,0.0002629698137752712,0.9554996490478516
0.006509265396744013,0.0002468365419190377,0.9624395370483398
0.00656216312199831,0.00025714017101563513,0.9703705310821533
0.006182327400892973,0.00024487776681780815,0.9774839878082275
0.00647262716665864,0.00024447779287584126,0.9849584102630615
0.006090656388550997,0.00024630932603031397,0.9924490451812744
0.006169896572828293,0.00023309672542382032,1.0008270740509033
0.006144909653812647,0.00024239761114586145,1.0084242820739746
0.005848989821970463,0.0002297552564414218,1.015739917755127
0.006097945384681225,0.0002316288009751588,1.0233685970306396
0.00572251109406352,0.0002310067939106375,1.0307269096374512
0.005847869906574488,0.00022040962358005345,1.0391693115234375
0.0057613481767475605,0.00022856755822431296,1.0463190078735352
0.005539311561733484,0.00021592825942207128,1.0543198585510254
0.005746412556618452,0.0002195096603827551,1.0614829063415527
0.005384660325944424,0.00021683597879018635,1.069284200668335
0.005544133950024843,0.00020863641111645848,1.0762524604797363
0.005405666306614876,0.00021556804131250829,1.0840842723846436
0.005251511000096798,0.00020318679162301123,1.092125654220581
0.005414874292910099,0.00020810129353776574,1.1003026962280273
0.005073082633316517,0.00020360933558549732,1.1082239151000977
0.005257286597043276,0.0001977266074391082,1.1157686710357666
0.005073231644928455,0.00020327461243141443,1.1241796016693115
0.004984852392226458,0.00019142132077831775,1.1318809986114502
0.005099881906062365,0.00019733194494619966,1.139449119567871
0.004786851350218058,0.00019119757052976638,1.146329641342163
0.004984822124242783,0.00018763355910778046,1.1536200046539307
0.0047623757272958755,0.0001915690809255466,1.160940408706665
0.004737713374197483,0.00018060303409583867,1.1682887077331543
0.004799030255526304,0.00018709516734816134,1.175114631652832
0.004525307100266218,0.0001795772695913911,1.1824359893798828
0.004723398946225643,0.00017827241390477866,1.1891381740570068
0.004473622888326645,0.00018037663539871573,1.1959164142608643
0.004506660625338554,0.00017072951595764607,1.2038545608520508
0.004511646926403046,0.00017727399244904518,1.2102701663970947
0.004287459887564182,0.000168772938195616,1.2170779705047607
0.00447076465934515,0.00016951547877397388,1.2241415977478027
0.004207898862659931,0.00016969966236501932,1.2318847179412842
0.004288357216864824,0.00016173410404007882,1.2390494346618652
0.004239171277731657,0.00016779986617621034,1.2458691596984863
0.004070517141371965,0.00015883045853115618,1.2530133724212646
0.0042261527851223946,0.00016122194938361645,1.2610726356506348
0.003965507261455059,0.0001595922076376155,1.2688171863555908
0.004079396836459637,0.00015351164620369673,1.275190830230713
0.003983350936323404,0.0001586549187777564,1.2824125289916992
0.0038712481036782265,0.0001497439807280898,1.2897114753723145
0.0039899940602481365,0.00015329383313655853,1.2964067459106445
0.00374581478536129,0.00015009823255240917,1.3049495220184326
0.0038777366280555725,0.00014593996456824243,1.312014102935791
0.0037457002326846123,0.0001498589845141396,1.3191168308258057
0.0036858534440398216,0.0001414819125784561,1.3257739543914795
0.0037635595072060823,0.00014566507888957858,1.3331327438354492
0.0035464377142488956,0.00014127018221188337,1.3415021896362305
0.0036825574934482574,0.00013888055400457233,1.349123477935791
0.0035268873907625675,0.00014145717432256788,1.3570637702941895
0.0035111738834530115,0.00013395959103945643,1.3643794059753418
0.0035486307460814714,0.00013830709212925285,1.3724055290222168
0.0033645262010395527,0.0001331226812908426,1.3788654804229736
0.0034938270691782236,0.0001322271127719432,1.385979413986206
0.0033262360375374556,0.00013349612709134817,1.3931214809417725
0.003344945376738906,0.0001270710490643978,1.4008071422576904
0.0033463372383266687,0.0001312245731242001,1.4086081981658936
0.0031971021089702845,0.00012562850315589458,1.4162242412567139
0.003312326967716217,0.00012590194819495082,1.424335241317749
0.003142367582768202,0.0001260058197658509,1.431868314743042
0.003186019603163004,0.0001207066306960769,1.4396309852600098
0.003157116239890456,0.00012444020831026137,1.4460790157318115
0.003041559364646673,0.00011873251787619665,1.4539244174957275
0.0031385915353894234,0.00011986985919065773,1.4611146450042725
0.00297338655218482,0.0001189862668979913,1.4688103199005127
0.0030336915515363216,0.00011478472879389301,1.4765210151672363
0.002980603836476803,0.00011796693434007466,1.484987497329712
0.0028959885239601135,0.00011236881982767954,1.4936108589172363
0.002973182825371623,0.00011410775914555416,1.5012240409851074
0.002817504806444049,0.00011242046457482502,1.5095415115356445
0.002887802431359887,0.00010923908121185377,1.5180363655090332
0.0028161141090095043,0.00011181136505911127,1.526158094406128
0.00275885546579957,0.00010647958697518334,1.5342957973480225
0.0028162638191133738,0.00010860055044759065,1.5423986911773682
0.002673007547855377,0.00010628525342326611,1.5511419773101807
0.0027482614386826754,0.00010401966574136168,1.5586800575256348
0.0026626810431480408,0.00010597187065286562,1.566206693649292
0.0026293948758393526,0.00010100355575559661,1.573848009109497
0.0026674859691411257,0.00010334902617614716,1.581038236618042
0.0025385066401213408,0.00010054252197733149,1.5894787311553955
0.002614974742755294,9.909630171023309e-05,1.5963563919067383
0.002519353060051799,0.00010043352813227102,1.6039559841156006
0.0025069676339626312,9.589891851646826e-05,1.6104953289031982
0.0025265382137149572,9.83394420472905e-05,1.6185221672058105
0.002413054695352912,9.516339196125045e-05,1.625551462173462
0.0024876210372895002,9.444421448279172e-05,1.6329033374786377
0.002385288942605257,9.518115984974429e-05,1.6399471759796143
0.00239087943919003,9.113558917306364e-05,1.6470465660095215
0.0023929812014102936,9.355464862892404e-05,1.6548426151275635
0.002296034013852477,9.011993824969977e-05,1.6618235111236572
0.0023657612036913633,9.004458843264729e-05,1.6697113513946533
0.0022599773947149515,9.019318531500176e-05,1.6765203475952148
0.002280805492773652,8.668500959174708e-05,1.6846132278442383
0.002266298048198223,8.898707164917141e-05,1.6914536952972412
0.0021865619346499443,8.53952078614384e-05,1.698591709136963
0.0022491058334708214,8.587174670537934e-05,1.7056169509887695
0.0021429064217954874,8.545992022845894e-05,1.7125658988952637
0.0021759960800409317,8.252457337221131e-05,1.7206180095672607
0.0021464305464178324,8.461380639346316e-05,1.727433443069458
0.0020841192454099655,8.097542740870267e-05,1.7345798015594482
0.0021373287308961153,8.19029301055707e-05,1.7415711879730225
0.0020336168818175793,8.097550744423643e-05,1.7495958805084229
0.002075952012091875,7.86266682553105e-05,1.7569406032562256
0.00203305808827281,8.043056732276455e-05,1.7635388374328613
0.00198788708075881,7.684418960707262e-05,1.770625352859497
0.0020302997436374426,7.811563409632072e-05,1.7772681713104248
0.0019317360129207373,7.673149229958653e-05,1.7850804328918457
0.00198005442507565,7.496996113331988e-05,1.792006015777588
0.0019262004643678665,7.642080163350329e-05,1.7997784614562988
0.0018973422702401876,7.298737909877673e-05,1.8064165115356445
0.00192775740288198,7.449597615050152e-05,1.8136639595031738
0.001836830168031156,7.271940557984635e-05,1.8211429119110107
0.0018881941214203835,7.152590114856139e-05,1.8276784420013428
0.0018256023759022355,7.258874393301085e-05,1.8344411849975586
0.0018118075095117092,6.938389560673386e-05,1.8409414291381836
0.001829919288866222,7.102740346454084e-05,1.8485538959503174
0.0017481757095083594,6.894316175021231e-05,1.8556835651397705
0.0017999197589233518,6.827010656706989e-05,1.8625781536102295
0.0017311357660219073,6.892891542520374e-05,1.8692560195922852
0.0017305838409811258,6.601883796975017e-05,1.87608003616333
0.0017365473322570324,6.770031905034557e-05,1.8841185569763184
0.0016653374768793583,6.538825255120173e-05,1.890859842300415
0.0017151321517303586,6.518311420222744e-05,1.8976995944976807
0.0016425313660874963,6.54373798170127e-05,1.9046003818511963
0.0016534224851056933,6.286715506576002e-05,1.9110467433929443
0.0016476212767884135,6.451144872698933e-05,1.9186360836029053
0.0015877613332122564,6.204444071045145e-05,1.9257516860961914
0.0016336212866008282,6.225142715265974e-05,1.9332032203674316
0.0015593837015330791,6.211117579368874e-05,1.9401748180389404
0.001579807372763753,5.9913356381002814e-05,1.9477617740631104
0.001563139259815216,6.14481614320539e-05,1.9550495147705078
0.001514959498308599,5.890507236472331e-05,1.961751937866211
0.001555302063934505,5.94563280174043e-05,1.9686968326568604
0.0014814715832471848,5.894682908547111e-05,1.9762535095214844
0.0015094479313120246,5.713868449674919e-05,1.984717845916748
0.0014828548301011324,5.851034075021744e-05,1.9918689727783203
0.0014464601408690214,5.595642141997814e-05,1.9990973472595215
0.0014799847267568111,5.678911475115456e-05,2.0059430599212646
0.0014085239963606,5.593455716734752e-05,2.0125207901000977
0.0014420357765629888,5.453091216622852e-05,2.0199756622314453
0.0014067196752876043,5.568698179558851e-05,2.0270543098449707
0.001381956972181797,5.318985495250672e-05,2.03482723236084
0.001407676376402378,5.423484253697097e-05,2.0416975021362305
0.0013402750482782722,5.3074491006555036e-05,2.0496153831481934
0.0013772419188171625,5.207520734984428e-05,2.056853771209717
0.0013346108607947826,5.297498864820227e-05,2.063718318939209
0.0013210272882133722,5.059676550445147e-05,2.070878744125366
0.001338199363090098,5.178530773264356e-05,2.0777525901794434
0.0012763409176841378,5.03640876559075e-05,2.085231065750122
0.001314960652962327,4.9752499762689695e-05,2.0920214653015137
0.0012664675014093518,5.037254231865518e-05,2.099130153656006
0.0012633093865588307,4.816552245756611e-05,2.1059300899505615
0.001271469984203577,4.9433107051299885e-05,2.1128554344177246
0.0012165592052042484,4.779545633937232e-05,2.1202011108398438
0.0012548842933028936,4.755522604682483e-05,2.127089262008667
0.0012022138107568026,4.787201032740995e-05,2.134409189224243
0.0012084426125511527,4.589058880810626e-05,2.141164779663086
0.0012075314298272133,4.7165322030195966e-05,2.1490867137908936
0.0011606107000261545,4.5371671149041504e-05,2.1560282707214355
0.0011968609178438783,4.546597847365774e-05,2.1628360748291016
0.0011417651548981667,4.547577918856405e-05,2.169740915298462
0.0011561088031157851,4.375863500172272e-05,2.1766915321350098
0.001146318856626749,4.497981717577204e-05,2.1844375133514404
0.0011082066921517253,4.3086260120617226e-05,2.193355083465576
0.0011407709680497646,4.34747344115749e-05,2.20103120803833
0.0010850470280274749,4.3180778448004276e-05,2.2084872722625732
0.0011059771059080958,4.1761031752685085e-05,2.2157273292541504
0.0010879108449444175,4.286834882805124e-05,2.2236099243164062
0.0010590202873572707,4.0939277823781595e-05,2.230470657348633
0.001086511416360736,4.1568706365069374e-05,2.2394533157348633
0.0010319569846615195,4.098836507182568e-05,2.2502522468566895
0.0010578108485788107,3.9884678699309006e-05,2.2576072216033936
0.0010322898160666227,4.0830735088093206e-05,2.264767646789551
0.0010127731366083026,3.892339736921713e-05,2.2730963230133057
0.0010340454755350947,3.974086939706467e-05,2.2809972763061523
0.0009823176078498363,3.8898331695236266e-05,2.2891504764556885
0.0010113430907949805,3.8119545934023336e-05,2.2962608337402344
0.000979551114141941,3.886160266119987e-05,2.304168701171875
0.0009690925944596529,3.703745824168436e-05,2.311328649520874
0.0009833995718508959,3.7979356420692056e-05,2.3192853927612305
0.0009359657997265458,3.6913879739586264e-05,2.3269591331481934
0.000966409279499203,3.6451507185120136e-05,2.335360527038574
0.0009296968928538263,3.6962901504011825e-05,2.3425140380859375
0.000927616492845118,3.5274671972729266e-05,2.350449323654175
0.0009346295846626163,3.627706246334128e-05,2.3573780059814453
0.0008927013841457665,3.503529660520144e-05,2.364253282546997
0.0009228676790371537,3.486927744233981e-05,2.371302366256714
0.0008827153942547739,3.513506453600712e-05,2.378837823867798
0.000888144422788173,3.362501956871711e-05,2.3859541416168213
0.0008877575746737421,3.463221582933329e-05,2.3928701877593994
0.0008522635907866061,3.326107980683446e-05,2.4009008407592773
0.0008806232362985611,3.33635434799362e-05,2.4084584712982178
0.0008385760593228042,3.3378095395164564e-05,2.4166133403778076
0.0008503709686920047,3.2082221878226846e-05,2.4247984886169434
0.0008428797009401023,3.303864286863245e-05,2.432586669921875
0.0008144013700075448,3.159219340886921e-05,2.440467596054077
0.0008396576158702374,3.192252552253194e-05,2.449291944503784
0.0007972048479132354,3.1695995858171955e-05,2.4573864936828613
0.0008140737190842628,3.0635368602816015e-05,2.464385986328125
0.0008000422967597842,3.149604162899777e-05,2.4724063873291016
0.0007788540096953511,3.0024992156540975e-05,2.4798011779785156
0.0007999023073352873,3.054045373573899e-05,2.4876205921173096
0.000758552341721952,3.008662497450132e-05,2.494678020477295
0.0007790493546053767,2.9277929570525885e-05,2.50217342376709
0.0007592582842335105,3.000220203830395e-05,2.50925350189209
0.0007453978178091347,2.8556351026054472e-05,2.517937660217285
0.0007614243659190834,2.920914084825199e-05,2.525057077407837
0.0007224468281492591,2.855453931260854e-05,2.5328636169433594
0.0007451687124557793,2.7998010409646668e-05,2.539487600326538
0.0007206052541732788,2.855796083167661e-05,2.546760082244873
0.0007137319189496338,2.718285941227805e-05,2.5534331798553467
0.0007242408464662731,2.7922984372708015e-05,2.560516595840454
0.0006887740455567837,2.7099604267277755e-05,2.5687551498413086
0.0007123140385374427,2.6787274691741914e-05,2.57551646232605
0.0006841218564659357,2.7162855985807255e-05,2.583322286605835
0.000683646067045629,2.58996915363241e-05,2.5904362201690674
0.0006883770111016929,2.667869375727605e-05,2.5970470905303955
0.0006573550635948777,2.5722527425386943e-05,2.6037614345550537
0.0006804064032621682,2.5637449653004296e-05,2.610755443572998
0.0006497499998658895,2.58194086200092e-05,2.61820387840271
0.0006549138342961669,2.47000643867068e-05,2.625119686126709
0.0006539415917359293,2.547199255786836e-05,2.632383108139038
0.0006280000088736415,2.4423979994026013e-05,2.6397504806518555
0.0006493882392533123,2.4540240701753646e-05,2.6465647220611572
0.0006175238522700965,2.4527511413907632e-05,2.6535089015960693
0.0006273642065934837,2.357803168706596e-05,2.6603026390075684
0.0006209516432136297,2.4302187739522196e-05,2.6676337718963623
0.0006005069008097053,2.3202825104817748e-05,2.6746368408203125
0.0006192582659423351,2.348882298974786e-05,2.6822800636291504
0.0005873492918908596,2.329014205315616e-05,2.6891632080078125
0.0006008213968016207,2.252605372632388e-05,2.6959848403930664
0.0005895047215744853,2.3167174731497653e-05,2.7028286457061768
0.0005746654351241887,2.2058289687265642e-05,2.709784746170044
0.0005900270771235228,2.2476629965240136e-05,2.7175769805908203
0.0005591841181740165,2.2108475604909472e-05,2.7244160175323486
0.0005751645076088607,2.1536943677347153e-05,2.7314493656158447
0.0005595989059656858,2.206839417340234e-05,2.7383081912994385
0.0005502905696630478,2.0986442905268632e-05,2.7454230785369873
0.0005616872222162783,2.1500880393432453e-05,2.7522902488708496
0.00053289660718292,2.0983037757105194e-05,2.7591943740844727
0.0005502927815541625,2.0604096789611503e-05,2.7666471004486084
0.0005312906578183174,2.1004641894251108e-05,2.773655414581299
0.0005271886475384235,1.998508014366962e-05,2.7809574604034424
0.0005343252560123801,2.0555682567646727e-05,2.7878007888793945
0.0005083702271804214,1.9916666133212857e-05,2.794602394104004
0.0005261217011138797,1.9719769625226036e-05,2.80200457572937
0.0005045998259447515,1.9977365809609182e-05,2.8092458248138428
0.0005052072228863835,1.9049193724640645e-05,2.8176944255828857
0.0005079488619230688,1.9640317987068556e-05,2.82452392578125
0.0004855013976339251,1.890744715637993e-05,2.830953359603882
0.0005026232684031129,1.8879039998864755e-05,2.8377561569213867
0.0004794929991476238,1.89877664524829e-05,2.844705820083618
0.0004841770278289914,1.817464544728864e-05,2.8523426055908203
0.0004826444201171398,1.875157977337949e-05,2.859502077102661
0.00046410970389842987,1.7957478121388704e-05,2.867125988006592
0.00047979637747630477,1.8074153558700345e-05,2.8747048377990723
0.0004559484659694135,1.803875966288615e-05,2.882270336151123
0.00046396031393669546,1.7355258023599163e-05,2.8897337913513184
0.0004584314301609993,1.788996087270789e-05,2.8967413902282715
0.00044406004599295557,1.7064085113815963e-05,2.9039695262908936
0.00045759251224808395,1.7302681953879073e-05,2.911180019378662
0.0004339537990745157,1.712826815492008e-05,2.918567419052124
0.0004444617952685803,1.6587529898970388e-05,2.9254279136657715
0.0004353665863163769,1.705334580037743e-05,2.932875871658325
0.00042519680573605,1.6227681044256315e-05,2.9397642612457275
0.0004360578896012157,1.6558748029638082e-05,2.946702241897583
0.0004134227929171175,1.6260240954579785e-05,2.953754186630249
0.0004255725652910769,1.5865010936977342e-05,2.9606363773345947
0.0004134730843361467,1.6242920537479222e-05,2.968083620071411
0.00040737283416092396,1.5445310054928996e-05,2.9749221801757812
0.0004152212932240218,1.5839614206925035e-05,2.9834506511688232
0.00039425448630936444,1.5435614841408096e-05,2.9905664920806885
0.00040725397411733866,1.5181575690803584e-05,2.9974312782287598
0.0003927796788047999,1.545942905067932e-05,3.004478931427002
0.0003904467448592186,1.4714107237523422e-05,3.0117337703704834
0.0003950993122998625,1.5143315977184102e-05,3.0191543102264404
0.00037637853529304266,1.4653766811534297e-05,3.0260255336761475
0.0003894574474543333,1.4533167814079206e-05,3.033475160598755
0.00037325333687476814,1.470398547098739e-05,3.040628433227539
0.0003743215638678521,1.4029846170160454e-05,3.0474648475646973
0.00037572471774183214,1.4469009329332039e-05,3.0544705390930176
0.0003596839669626206,1.3914513147028629e-05,3.061476945877075
0.0003721479151863605,1.3915831004851498e-05,3.0686452388763428
0.00035492534516379237,1.3975742149341386e-05,3.075766086578369
0.0003588712716009468,1.3390703315963037e-05,3.0834336280822754
0.00035716177080757916,1.3813550140184816e-05,3.0902318954467773
0.0003440577129367739,1.3219478205428459e-05,3.09712815284729
0.00035532761830836535,1.3324038263817783e-05,3.104236364364624
0.0003377549001015723,1.3277721336635295e-05,3.1110782623291016
0.00034400291042402387,1.2791524568456225e-05,3.1182432174682617
0.00033941896981559694,1.3178212611819617e-05,3.125048875808716
0.0003293955815024674,1.256622181244893e-05,3.132305860519409
0.00033899411209858954,1.2755811440001708e-05,3.139163017272949
0.00032169485348276794,1.2609883924596943e-05,3.1462981700897217
0.0003296512004453689,1.2228734703967348e-05,3.1530802249908447
0.0003225354303140193,1.2562096344481688e-05,3.1599693298339844
0.0003155855229124427,1.1954125511692837e-05,3.167539119720459
0.00032316206488758326,1.2207884537929203e-05,3.1744539737701416
0.00030671441345475614,1.1972821994277183e-05,3.1814651489257812
0.0003157468745484948,1.1698792150127701e-05,3.188209295272827
0.00030652451096102595,1.1965308658545837e-05,3.1950244903564453
0.00030251528369262815,1.1381829608581029e-05,3.202049732208252
0.00030785135459154844,1.1677903785312083e-05,3.2089171409606934
0.0002927281893789768,1.1367959814378992e-05,3.216660737991333
0.00030225535738281906,1.1197163075848948e-05,3.2234396934509277
0.00029139191610738635,1.1388880921003874e-05,3.230278491973877
0.0002900976105593145,1.084638097381685e-05,3.237034320831299
0.0002930863993242383,1.1164866918988992e-05,3.2439029216766357
0.00027966193738393486,1.0795094567583874e-05,3.2513294219970703
0.00028915030998177826,1.0720506907091476e-05,3.2580976486206055
0.0002771488798316568,1.0832698535523377e-05,3.2655909061431885
0.0002782373339869082,1.0346003364247736e-05,3.2724061012268066
0.00027888501062989235,1.06672705442179e-05,3.279369592666626
0.0002674591960385442,1.0253917025693227e-05,3.2861361503601074
0.00027641726774163544,1.0265884156979155e-05,3.29287052154541
0.0002637638826854527,1.0297998414898757e-05,3.300408363342285
0.00026686559431254864,9.877519005385693e-06,3.3071632385253906
0.0002652862458489835,1.0184425264014862e-05,3.3141584396362305
0.0002560190623626113,9.7447091320646e-06,3.32090163230896
0.0002640473539941013,9.830147064349148e-06,3.3276901245117188
0.00025122531224042177,9.785205293155741e-06,3.334800958633423
0.0002559269196353853,9.437922926736064e-06,3.3417677879333496
0.000252304773312062,9.716333806863986e-06,3.348978281021118
0.00024527288042008877,9.266249435313512e-06,3.3557164669036865
0.00025204787380062044,9.411377504875418e-06,3.36264967918396
0.0002395014453213662,9.294794836023357e-06,3.369663715362549
0.0002453572815284133,9.024864084494766e-06,3.376720428466797
0.00023996007803361863,9.262434105039574e-06,3.3842928409576416
0.0002351428265683353,8.817858542897739e-06,3.3910586833953857
0.000240426161326468,9.007469998323359e-06,3.398937702178955
0.00022854312555864453,8.827712008496746e-06,3.4074840545654297
0.00023512802727054805,8.634945515950676e-06,3.414329767227173
0.00022825416817795485,8.823571988614276e-06,3.421173095703125
0.000225541036343202,8.398080353799742e-06,3.428393602371216
0.00022919238836038858,8.61705939314561e-06,3.435835361480713
0.0002183115720981732,8.383689419133589e-06,3.4437010288238525
0.0002252099511679262,8.265752512670588e-06,3.452028751373291
0.00021719733194913715,8.39946460473584e-06,3.459459066390991
0.00021641310013365,8.005259587662295e-06,3.4672939777374268
0.0002183750330004841,8.238775990321301e-06,3.474109411239624
0.00020875218615401536,7.963300959090702e-06,3.482354164123535
0.0002155728143407032,7.914839443401434e-06,3.4902913570404053
0.00020678357395809144,7.990559424797539e-06,3.497504472732544
0.00020768889226019382,7.637851012987085e-06,3.505208730697632
0.0002079795958707109,7.871937668824103e-06,3.5131595134735107
0.00019980999059043825,7.5663165262085386e-06,3.520812749862671
0.00020622283045668155,7.579635621368652e-06,3.528062343597412
0.00019699578115250915,7.597816420457093e-06,3.535538911819458
0.00019932935538236052,7.293192538782023e-06,3.542696475982666
0.0001980246015591547,7.5165585258218925e-06,3.5504589080810547
0.0001914181193569675,7.19230638424051e-06,3.5575244426727295
0.0001971434976439923,7.258528967213351e-06,3.564408302307129
0.00018782827828545123,7.220779934868915e-06,3.5713956356048584
0.00019128405256196856,6.969906280573923e-06,3.5788092613220215
0.0001885315141407773,7.171637207648018e-06,3.5861854553222656
0.00018352964252699167,6.841105459898245e-06,3.593078851699829
0.0001883357617771253,6.949788712518057e-06,3.6009137630462646
0.00017924756684806198,6.860437224531779e-06,3.6078197956085205
0.00018351599283050746,6.665659839200089e-06,3.6156301498413086
0.00017949377070181072,6.83777398080565e-06,3.62377667427063
0.00017608019697945565,6.5115400502691045e-06,3.634791851043701
0.00017981883138418198,6.651819603575859e-06,3.643876075744629
0.00017122304416261613,6.517138444905868e-06,3.6529624462127686
0.00017599477723706514,6.378364105330547e-06,3.6622109413146973
0.00017093347560148686,6.514546839753166e-06,3.670950412750244
0.0001690277422312647,6.202768418006599e-06,3.6797685623168945
0.00017158270929940045,6.364126875268994e-06,3.6888468265533447
0.0001637280802242458,6.190471594891278e-06,3.69696307182312
0.0001687060430413112,6.106412001827266e-06,3.704423427581787
0.00016283841978292912,6.202328222570941e-06,3.7118711471557617
0.0001623208518140018,5.913609584240476e-06,3.7204415798187256
0.00016366028285119683,6.0852462411276065e-06,3.728252649307251
0.00015671868459321558,5.8813075156649575e-06,3.7357428073883057
0.00016163101827260107,5.8476343838265166e-06,3.7435495853424072
0.00015522175817750394,5.901232270844048e-06,3.7523462772369385
0.00015591287228744477,5.643034455715679e-06,3.758971691131592
0.0001560464152134955,5.814993983221939e-06,3.766716718673706
0.00015015406825114042,5.589250122284284e-06,3.7734570503234863
0.00015476236876565963,5.600575605058111e-06,3.780341625213623
0.00014806032413616776,5.611766937363427e-06,3.7874276638031006
0.0001497635676059872,5.389425041357754e-06,3.7945122718811035
0.00014875418855808675,5.552842139877612e-06,3.8019139766693115
0.00014400218788068742,5.313814654073212e-06,3.808854818344116
0.00014810218999627978,5.363806849345565e-06,3.8161871433258057
0.00014134193770587444,5.33426145921112e-06,3.8232922554016113
0.00014385298709385097,5.1510137382138055e-06,3.830296039581299
0.00014179870777297765,5.298812538967468e-06,3.837615966796875
0.00013820700405631214,5.055011570220813e-06,3.8444230556488037
0.00014164512685965747,5.136047548148781e-06,3.8517282009124756
0.00013505785318557173,5.068657173978863e-06,3.8585915565490723
0.00013814600242767483,4.92673689223011e-06,3.8661751747131348
0.00013518487685360014,5.0524945436336566e-06,3.873394727706909
0.0001327442587353289,4.812065526493825e-06,3.880317211151123
0.00013539222709368914,4.916611942462623e-06,3.8875763416290283
0.0001291793305426836,4.815350621356629e-06,3.8947787284851074
0.00013262470019981265,4.715045179182198e-06,3.9024465084075928
0.00012891356891486794,4.814119165530428e-06,3.9092299938201904
0.00012756374781019986,4.584514044836396e-06,3.917048454284668
0.00012936278653796762,4.704103048425168e-06,3.9240965843200684
0.0001236824900843203,4.574837930704234e-06,3.9323267936706543
0.00012727250577881932,4.514240572461858e-06,3.939714193344116
0.00012298993533477187,4.583887857734226e-06,3.9466240406036377
0.00012263770622666925,4.371268005343154e-06,3.953531265258789
0.0001235522358911112,4.4985154090682045e-06,3.9609925746917725
0.00011854244075948372,4.346695277490653e-06,3.9685118198394775
0.00012208140105940402,4.323356733948458e-06,3.9755425453186035
0.00011740819172700867,4.361828359833453e-06,3.9833457469940186
0.00011793162411777303,4.171581622358644e-06,3.9907851219177246
0.00011797541083069518,4.2990382098651025e-06,3.998934745788574
0.00011373361485311761,4.131091827730415e-06,4.00598406791687
0.00011704220378305763,4.14112309954362e-06,4.012980937957764
0.00011216312122996897,4.148193511355203e-06,4.020053863525391
0.00011341780191287398,3.984453996963566e-06,4.027982711791992
0.00011263271881034598,4.105603238713229e-06,4.035705804824829
0.00010921778448391706,3.9278897929762024e-06,4.0430779457092285
0.00011215495760552585,3.966370513808215e-06,4.051661729812622
0.00010724631283665076,3.94319613405969e-06,4.059242248535156
0.00010907630348810926,3.8086529912106926e-06,4.067954063415527
0.00010753933020168915,3.917893536709016e-06,4.075494766235352
0.0001049714774126187,3.7368286029959563e-06,4.083512783050537
0.00010741561709437519,3.7983843412803253e-06,4.091283798217773
0.00010264495358569548,3.746959464479005e-06,4.099722385406494
0.00010488692350918427,3.643231821115478e-06,4.107531309127808
0.00010269776248605922,3.7358806821430335e-06,4.11482048034668
0.00010096278856508434,3.5576169921114342e-06,4.123053789138794
0.00010283360461471602,3.636202336565475e-06,4.130756616592407
9.834329102886841e-05,3.559903689165367e-06,4.138987064361572
0.0001008314429782331,3.487052481432329e-06,4.1460912227630615
9.810919436858967e-05,3.5596829093265114e-06,4.154300212860107
9.71622284851037e-05,3.3897329103638185e-06,4.161799907684326
9.841127030085772e-05,3.479278120721574e-06,4.170642137527466
9.43214472499676e-05,3.3821170291048475e-06,4.178036212921143
9.69038883340545e-05,3.3389180771337124e-06,4.186152935028076
9.377743117511272e-05,3.389390940355952e-06,4.193936586380005
9.354803478345275e-05,3.232433527955436e-06,4.201931476593018
9.415730164619163e-05,3.327242666273378e-06,4.209301710128784
9.056092676473781e-05,3.2136424579221057e-06,4.217370986938477
9.309398592449725e-05,3.197987780367839e-06,4.224920749664307
8.969347254605964e-05,3.2253137760562822e-06,4.233091592788696
9.009493078337982e-05,3.0849998893245356e-06,4.240530252456665
9.006963227875531e-05,3.1799274893273832e-06,4.247824192047119
8.704144420335069e-05,3.054175522265723e-06,4.255604982376099
8.939590043155476e-05,3.0635769689979497e-06,4.26281213760376
8.586041076341644e-05,3.0671651529701194e-06,4.270474433898926
8.678625454194844e-05,2.9469306355167646e-06,4.277577638626099
8.616299601271749e-05,3.0367896215466317e-06,4.285001039505005
8.373701712116599e-05,2.904153689087252e-06,4.291978597640991
8.581297151977196e-05,2.934445774371852e-06,4.300160884857178
8.227083890233189e-05,2.9155489755794406e-06,4.307474374771118
8.359851926798001e-05,2.817297172441613e-06,4.3148512840271
8.244047057814896e-05,2.8978492991882376e-06,4.322537183761597
8.062722918111831e-05,2.7631974717223784e-06,4.329891204833984
8.233829430537298e-05,2.8103011118219e-06,4.337392807006836
7.890766573837027e-05,2.7705727916327305e-06,4.344533205032349
8.052468183450401e-05,2.69513998318871e-06,4.352490663528442
7.890324195614085e-05,2.763215661616414e-06,4.359480619430542
7.769310468574986e-05,2.630771405165433e-06,4.367272853851318
7.898498006397858e-05,2.6903976504399907e-06,4.374521732330322
7.576887583127245e-05,2.632209771036287e-06,4.382294654846191
7.755013211863115e-05,2.5798954084166326e-06,4.38962721824646
7.555171032436192e-05,2.6328980311518535e-06,4.397047281265259
7.490876305382699e-05,2.5068338800338097e-06,4.405380725860596
7.57476082071662e-05,2.574408654254512e-06,4.412301063537598
7.283303420990705e-05,2.5007291242218344e-06,4.419828176498413
7.466865645255893e-05,2.470592789904913e-06,4.426953315734863
7.2391216235701e-05,2.506821147107985e-06,4.434709548950195
7.225957961054519e-05,2.3908037292130757e-06,4.4416046142578125
7.26351427147165e-05,2.4619107534817886e-06,4.449770450592041
7.00880482327193e-05,2.3761624561302597e-06,4.457067251205444
7.18742812750861e-05,2.3665647859161254e-06,4.463925838470459
6.941553147044033e-05,2.3852931008150335e-06,4.472868919372559
6.97288487572223e-05,2.282079776705359e-06,4.4799299240112305
6.965106149436906e-05,2.352794354010257e-06,4.487880706787109
6.751717592123896e-05,2.2584511043532984e-06,4.494939804077148
6.916426355019212e-05,2.26719066631631e-06,4.502566337585449
6.662375380983576e-05,2.2682897906634025e-06,4.510026454925537
6.730054883519188e-05,2.180255251005292e-06,4.51807427406311
6.679881335003302e-05,2.2468298084277194e-06,4.52584981918335
6.510364619316533e-05,2.1476114397955826e-06,4.533791780471802
6.653826858382672e-05,2.171842197640217e-06,4.541631698608398
6.400811980711296e-05,2.156063146685483e-06,4.549725532531738
6.496299465652555e-05,2.0846389361395268e-06,4.557487964630127
6.408480840036646e-05,2.1439138890855247e-06,4.564362287521362
6.283138645812869e-05,2.043525910266908e-06,4.572457551956177
6.399775156751275e-05,2.079995965686976e-06,4.579566478729248
6.156379822641611e-05,2.0487211713771103e-06,4.587700366973877
6.270767335081473e-05,1.994638523683534e-06,4.594536304473877
6.150899571366608e-05,2.044172788373544e-06,4.6023781299591064
6.068203583708964e-05,1.945998747032718e-06,4.60947847366333
6.154533912194893e-05,1.991204499063315e-06,4.617468357086182
5.927699385210872e-05,1.946525117091369e-06,4.624911308288574
6.052701792214066e-05,1.9094854906143155e-06,4.633432865142822
5.9072237490909174e-05,1.9476653960737167e-06,4.64081072807312
5.864562626811676e-05,1.8545019884186331e-06,4.648136138916016
5.918227179790847e-05,1.905397766677197e-06,4.655991792678833
5.713807695428841e-05,1.8493483366910368e-06,4.662960767745972
5.8414774684933946e-05,1.8287947796125081e-06,4.670976877212524
5.6773795222397894e-05,1.854321112659818e-06,4.677788972854614
5.670515020028688e-05,1.768902052390331e-06,4.685683727264404
5.691233673132956e-05,1.8221129494122579e-06,4.693199157714844
5.513851283467375e-05,1.757283143888344e-06,4.701498985290527
5.6367989600403234e-05,1.7519799939691438e-06,4.708878993988037
5.461096952785738e-05,1.764353100952576e-06,4.716965913772583
5.4848744184710085e-05,1.688768179519684e-06,4.724815607070923
5.4738316975999624e-05,1.7412794477422722e-06,4.732494354248047
5.3263138397596776e-05,1.6703770597814582e-06,4.740619421005249
5.438354128273204e-05,1.6785364778115763e-06,4.747695446014404
5.258382225292735e-05,1.6777036080384278e-06,4.755984783172607
5.306769526214339e-05,1.6137119018821977e-06,4.76331353187561
5.266357766231522e-05,1.662731051510491e-06,4.771918296813965
5.149987555341795e-05,1.5886469100223621e-06,4.779137372970581
5.246310684015043e-05,1.6079627584986156e-06,4.787317991256714
5.0683720473898575e-05,1.5947279052852537e-06,4.795074701309204
5.13536979269702e-05,1.543141820548044e-06,4.803131341934204
5.0689475756371394e-05,1.586589974067465e-06,4.810876131057739
4.983862163498998e-05,1.5117840348466416e-06,4.818856239318848
5.060833791503683e-05,1.5400141819554847e-06,4.826805353164673
4.890636773779988e-05,1.5153635786191444e-06,4.835570812225342
4.969821384293027e-05,1.4767514358027256e-06,4.8436501026153564
4.8818827053764835e-05,1.512656126578804e-06,4.851803302764893
4.8266028898069635e-05,1.439858465346333e-06,4.859046697616577
4.881749555352144e-05,1.4743203564648866e-06,4.86679482460022
4.72435203846544e-05,1.4397614904737566e-06,4.8738789558410645
4.809884194401093e-05,1.4139145605440717e-06,4.880820035934448
4.704947059508413e-05,1.4411546089831972e-06,4.887750864028931
4.6772242058068514e-05,1.3724277323490242e-06,4.895035982131958
4.709479253506288e-05,1.4107304195931647e-06,4.902092456817627
4.568629083223641e-05,1.3679832591151353e-06,4.909001350402832
4.654968506656587e-05,1.3543318573283614e-06,4.916741609573364
4.538147913990542e-05,1.3720391507376917e-06,4.923970699310303
4.534808613243513e-05,1.3093456345814047e-06,4.930955648422241
4.544186595012434e-05,1.3490321180142928e-06,4.938158988952637
4.4228068873053417e-05,1.3000158105569426e-06,4.94538688659668
4.504880416789092e-05,1.2975954177818494e-06,4.95267128944397
4.381321923574433e-05,1.3053546581431874e-06,4.959850788116455
4.398506644065492e-05,1.250321361112583e-06,4.967796087265015
4.385958527564071e-05,1.2891354117527953e-06,4.974664926528931
4.285925388103351e-05,1.2358510730337002e-06,4.981518030166626
4.3596217437880114e-05,1.2433274605427869e-06,4.988691329956055
4.234037623973563e-05,1.241274844687723e-06,4.995877265930176
4.267621989129111e-05,1.194979518004402e-06,5.00322699546814
4.235180313116871e-05,1.2309524208831135e-06,5.010357618331909
4.156931390753016e-05,1.1755503237509402e-06,5.018323659896851
4.219098627800122e-05,1.1911569117728504e-06,5.0258564949035645
4.095975964446552e-05,1.1798640571214492e-06,5.03424859046936
4.1414969018660486e-05,1.1429931419115746e-06,5.041125535964966
4.091824303031899e-05,1.1744633638954838e-06,5.0481507778167725
4.035025995108299e-05,1.118965428759111e-06,5.055146217346191
4.083413659827784e-05,1.1408254749767366e-06,5.062314510345459
3.966715303249657e-05,1.1211668606847525e-06,5.06929874420166
4.0197599446401e-05,1.0940101446976769e-06,5.0763099193573
3.955872671213001e-05,1.1197167850696133e-06,5.083917617797852
3.9194608689285815e-05,1.0659321105777053e-06,5.091600656509399
3.9527574699604884e-05,1.0921500006588758e-06,5.0997631549835205
3.8454549212474376e-05,1.0653685649231193e-06,5.10776162147522
3.9020545955281705e-05,1.0476279612703365e-06,5.114869117736816
3.8272843084996566e-05,1.066794311554986e-06,5.122178792953491
3.809432382695377e-05,1.016257101582596e-06,5.129337549209595
3.827003456535749e-05,1.045039425662253e-06,5.136706829071045
3.7317433452699333e-05,1.0123097808900638e-06,5.1438682079315186
3.7880025047343224e-05,1.0036764024334843e-06,5.151643753051758
3.706130519276485e-05,1.015496309264563e-06,5.159071445465088
3.704520349856466e-05,9.698018175186007e-07,5.166996955871582
3.706438292283565e-05,9.993087815018953e-07,5.174234390258789
3.624858436523937e-05,9.621983281249413e-07,5.181539297103882
3.677802669699304e-05,9.616760507924482e-07,5.188912391662598
3.591969652916305e-05,9.66249217526638e-07,5.196014642715454
3.603770528570749e-05,9.2629028358715e-07,5.203411102294922
3.5911169106839225e-05,9.54937831920688e-07,5.210698843002319
3.5242173908045515e-05,9.149100606009597e-07,5.218860149383545
3.571021443349309e-05,9.215255545313994e-07,5.227642774581909
3.4845637856051326e-05,9.188681246996566e-07,5.235487699508667
3.507002111291513e-05,8.854585757944733e-07,5.243772268295288
3.481160820228979e-05,9.118583079725795e-07,5.252129316329956
3.429208300076425e-05,8.704082574695349e-07,5.259576320648193
3.467877104412764e-05,8.829067610349739e-07,5.268618583679199
3.383709554327652e-05,8.734805874155427e-07,5.27605414390564
3.413649756112136e-05,8.471158139400359e-07,5.284511566162109
3.3764921681722626e-05,8.700723697074864e-07,5.291678190231323
3.339055911055766e-05,8.286978641081078e-07,5.30016016960144
3.368196848896332e-05,8.456750606455898e-07,5.3071699142456055
3.288886364316568e-05,8.301330467475054e-07,5.31443452835083
3.323400960653089e-05,8.109638542919129e-07,5.322242498397827
3.277207724750042e-05,8.295012889902864e-07,5.329679727554321
3.253427712479606e-05,7.895830549387028e-07,5.337317943572998
3.272100002504885e-05,8.096608326013666e-07,5.344862461090088
3.199814818799496e-05,7.888158961577574e-07,5.352450132369995
3.236090924474411e-05,7.767914098621986e-07,5.360552787780762
3.183198714395985e-05,7.902218044364417e-07,5.368781089782715
3.171701973769814e-05,7.530004495492904e-07,5.3765199184417725
3.179519990226254e-05,7.748409984742466e-07,5.384448528289795
3.1159408536041155e-05,7.4958694540328e-07,5.392593145370483
3.151514465571381e-05,7.443823051289655e-07,5.400561571121216
3.0942890589358285e-05,7.522681357841066e-07,5.407694339752197
3.093489067396149e-05,7.187723554125114e-07,5.414787530899048
3.0909664928913116e-05,7.409254294543643e-07,5.421698808670044
3.0368690204340965e-05,7.125787533368566e-07,5.4292778968811035
3.069602826144546e-05,7.133975259421277e-07,5.436513185501099
3.010529326274991e-05,7.156889978432446e-07,5.443579912185669
3.0181761758285575e-05,6.868095852041733e-07,5.451465606689453
3.006153565365821e-05,7.079509032337228e-07,5.458330392837524
2.962070720968768e-05,6.777480052733154e-07,5.467182397842407
2.9902577807661146e-05,6.837089472355729e-07,5.47413444519043
2.9314547646208666e-05,6.805944394727703e-07,5.481052398681641
2.9457516575348563e-05,6.567506716237403e-07,5.488800525665283
2.9251090381876566e-05,6.760429869245854e-07,5.495729684829712
2.891084659495391e-05,6.449594138757675e-07,5.503565549850464
2.913582466135267e-05,6.551531441800762e-07,5.51081919670105
2.856813807738945e-05,6.470200446528906e-07,5.518347978591919
2.8756487154169008e-05,6.28521434009599e-07,5.5256078243255615
2.8479063985287212e-05,6.449945431086235e-07,5.533878564834595
2.823555769282393e-05,6.142223583083251e-07,5.540849924087524
2.83945682895137e-05,6.275640203057264e-07,5.548175573348999
2.7864405637956224e-05,6.149365390228922e-07,5.5552756786346436
2.8078251489205286e-05,6.019020020175958e-07,5.562381267547607
2.774545646389015e-05,6.148679290163273e-07,5.570333003997803
2.759114431682974e-05,5.854550408912473e-07,5.577497959136963
2.7679550839820877e-05,6.008896207276848e-07,5.584885835647583
2.719982512644492e-05,5.844295856149984e-07,5.59175705909729
2.742160540947225e-05,5.766869435319677e-07,5.600143909454346
2.704826147237327e-05,5.857690439370344e-07,5.607249736785889
2.697383752092719e-05,5.585124540630204e-07,5.614395618438721
2.6992198399966583e-05,5.749909064434178e-07,5.622364282608032
2.657077129697427e-05,5.555579036808922e-07,5.629595994949341
2.678548298717942e-05,5.526579798242892e-07,5.636889457702637
2.6388190235593356e-05,5.576866897172295e-07,5.64602518081665
2.6380164854344912e-05,5.33337527031108e-07,5.6543662548065186
2.633072654134594e-05,5.498995392372308e-07,5.663068771362305
2.5975046810344793e-05,5.282217898638919e-07,5.671170949935913
2.6167193936998956e-05,5.298382461660367e-07,5.679449558258057
2.5761186407180503e-05,5.306088723955327e-07,5.686889171600342
2.58082782238489e-05,5.097631969874783e-07,5.69398832321167
2.5696801458252594e-05,5.254667598819651e-07,5.701690673828125
2.5409131922060624e-05,5.024759275329416e-07,5.708829641342163
2.556755134719424e-05,5.079514266981278e-07,5.717246770858765
2.516908170946408e-05,5.045080797572155e-07,5.724034547805786
2.525499621697236e-05,4.877717856288655e-07,5.731088161468506
2.5089966584346257e-05,5.016838144911162e-07,5.738093137741089
2.486881749064196e-05,4.784074576491548e-07,5.745121002197266
2.498792855476495e-05,4.867511620432197e-07,5.752305269241333
2.4606913939351216e-05,4.797000769940496e-07,5.7590882778167725
2.4718941858736798e-05,4.6698309574821906e-07,5.76720404624939
2.4510749426553957e-05,4.786393219546881e-07,5.774051666259766
2.4352659238502383e-05,4.557811337235762e-07,5.781161546707153
2.442695404170081e-05,4.663407651150919e-07,5.788207530975342
2.407402644166723e-05,4.559827857519849e-07,5.795464992523193
2.41993857343914e-05,4.473999695164821e-07,5.803069591522217
2.395707087998744e-05,4.5633876766260073e-07,5.810204744338989
2.3857148335082456e-05,4.346144919509243e-07,5.818285226821899
2.388453867752105e-05,4.465968856948166e-07,5.8251307010650635
2.3568232791149057e-05,4.333903120823379e-07,5.833387613296509
2.3695374693488702e-05,4.2885505990852835e-07,5.840489387512207
2.3430084183928557e-05,4.347264166426612e-07,5.848133087158203
2.3379867343464866e-05,4.1489147406537086e-07,5.855531215667725
2.33618266065605e-05,4.2735649685710086e-07,5.863098859786987
2.3085507564246655e-05,4.121578740523546e-07,5.870197772979736
2.3204407625598833e-05,4.1115177396022773e-07,5.877014636993408
2.2927957616047934e-05,4.1386280713595625e-07,5.884909391403198
2.2919781258678995e-05,3.96376009348387e-07,5.892708778381348
2.285737900820095e-05,4.087492015969474e-07,5.901004791259766
2.2626129066338763e-05,3.919578261957213e-07,5.908035755157471
2.2728374460712075e-05,3.9428675790986745e-07,5.916361331939697
2.2449436073657125e-05,3.937727512948186e-07,5.923434495925903
2.2473865101346746e-05,3.7911325989625766e-07,5.930741548538208
2.2373205865733325e-05,3.905562095951609e-07,5.938119411468506
2.218617191829253e-05,3.73078677284866e-07,5.945598125457764
2.226538344984874e-05,3.7801970620421343e-07,5.952729225158691
2.1993741029291414e-05,3.7451971479640633e-07,5.959815502166748
2.2041438569431193e-05,3.628866522831231e-07,5.968137741088867
2.1907897462369874e-05,3.7291010812623426e-07,5.975196123123169
2.176481757487636e-05,3.5531104458641494e-07,5.984394073486328
2.1816093067172915e-05,3.6239293876860756e-07,5.991483688354492
2.155961010430474e-05,3.5606601045401476e-07,5.999393701553345
2.1621730411425233e-05,3.476421852610656e-07,6.006421327590942
2.146146653103642e-05,3.557772743079113e-07,6.013216257095337
2.135907743650023e-05,3.387183653558168e-07,6.020145416259766
2.1380468751885928e-05,3.4724121178442147e-07,6.026988744735718
2.1144993297639303e-05,3.385346190043492e-07,6.034664869308472
2.1212970750639215e-05,3.332426103952457e-07,6.041482210159302
2.1033723896835e-05,3.3916515462806274e-07,6.04921555519104
2.0968080207239836e-05,3.2319090337296075e-07,6.056135177612305
2.0958772438461892e-05,3.3255182074753975e-07,6.063183069229126
2.0748946553794667e-05,3.2187477927436703e-07,6.070216417312622
2.0815361494896933e-05,3.1958231261342007e-07,6.077033996582031
2.0624473108910024e-05,3.230825882383215e-07,6.084920883178711
2.0589328414644115e-05,3.087592119754845e-07,6.091814279556274
2.0550716726575047e-05,3.182446164373687e-07,6.099232196807861
2.0369259800645523e-05,3.061801692183508e-07,6.106163263320923
2.0427731215022504e-05,3.065491398501763e-07,6.113194704055786
2.023220258706715e-05,3.075912786698609e-07,6.120165109634399
2.022267108259257e-05,2.9520325028897787e-07,6.126955986022949
2.0156528989900835e-05,3.0437411169259576e-07,6.135276794433594
2.0004728867206722e-05,2.913663763592922e-07,6.142150640487671
2.005033275054302e-05,2.9408064960989577e-07,6.149963617324829
1.9856566723319702e-05,2.926745708009548e-07,6.156918287277222
1.9865950889652595e-05,2.8256741302357113e-07,6.1640989780426025
1.9776105546043254e-05,2.9083722097311693e-07,6.170942783355713
1.965413503057789e-05,2.7746986575039045e-07,6.177778482437134
1.968313881661743e-05,2.8206019919707614e-07,6.185062408447266
1.9496619643177837e-05,2.784013304335531e-07,6.191967964172363
1.9519055058481172e-05,2.70673979230196e-07,6.199525594711304
1.9409066226216964e-05,2.777353813598893e-07,6.206384658813477
1.931567931023892e-05,2.6442668854542717e-07,6.213542461395264
1.9325381799717434e-05,2.705086501464393e-07,6.22046971321106
1.9151437300024554e-05,2.647250312293181e-07,6.227248191833496
1.9180612071068026e-05,2.595537864635844e-07,6.234926462173462
1.905591125250794e-05,2.649269106314023e-07,6.24192214012146
1.8988241208717227e-05,2.523374007523671e-07,6.249950885772705
1.8977687432197854e-05,2.592528574041353e-07,6.2570579051971436
1.8819917386281304e-05,2.517656696454651e-07,6.264056205749512
1.885031997517217e-05,2.4901066808524774e-07,6.271029233932495
1.871564563771244e-05,2.525437992062507e-07,6.278051376342773
1.8670669305720367e-05,2.4101998974401795e-07,6.285364866256714
1.864058867795393e-05,2.482755689925398e-07,6.292125701904297
1.8500591977499425e-05,2.3954765993039473e-07,6.299793481826782
1.852804416557774e-05,2.3892928879831743e-07,6.306924819946289
1.8388389435131103e-05,2.405912198355509e-07,6.314131736755371
1.836184674175456e-05,2.3047198283165926e-07,6.321410655975342
1.831296867749188e-05,2.3764125955949567e-07,6.3285558223724365
1.8192946299677715e-05,2.279611379663038e-07,6.335709810256958
1.8213133444078267e-05,2.293509169248864e-07,6.342810392379761
1.807303306122776e-05,2.2902918317413423e-07,6.350715398788452
1.8061478840536438e-05,2.206050879749455e-07,6.357762098312378
1.7995316738961264e-05,2.2728372073288483e-07,6.364844083786011
1.7895903511089273e-05,2.170559412206785e-07,6.371910095214844
1.79059206857346e-05,2.201471289708934e-07,6.379040479660034
1.776939279807266e-05,2.17936715785072e-07,6.386142253875732
1.776831595634576e-05,2.1138914974017098e-07,6.392961740493774
1.7688003936200403e-05,2.1717683296174073e-07,6.400662660598755
1.7607701011002064e-05,2.0693647684311145e-07,6.407440185546875
1.760596023814287e-05,2.1122552595898014e-07,6.4143829345703125
1.747638816596009e-05,2.0738266925945936e-07,6.421252965927124
1.7481741451774724e-05,2.027120586944875e-07,6.428090333938599
1.739047911542002e-05,2.0734631789309788e-07,6.435038805007935
1.732843156787567e-05,1.974341756749709e-07,6.441880702972412
1.7313686839770526e-05,2.0258795530025964e-07,6.450140714645386
1.7193953681271523e-05,1.972977941022691e-07,6.457243919372559
1.7201735317939892e-05,1.9454799371487752e-07,6.464442014694214
1.7102676793001592e-05,1.978081911602203e-07,6.471525430679321
1.7056880096788518e-05,1.8859587669339817e-07,6.478582382202148
1.7028452930389903e-05,1.9423760022618808e-07,6.485400915145874
1.6920852431212552e-05,1.877238418046545e-07,6.492111444473267
1.6927573597058654e-05,1.868382071279484e-07,6.499661445617676
1.6824164049467072e-05,1.8855003247608693e-07,6.506385326385498
1.679224988038186e-05,1.8037903259937593e-07,6.513216733932495
1.675064595474396e-05,1.8608656660035194e-07,6.520150899887085
1.6656680600135587e-05,1.7867013468730875e-07,6.526962041854858
1.6659398170304485e-05,1.7947554908914753e-07,6.5344274044036865
1.65550118254032e-05,1.795792883285685e-07,6.541188716888428
1.6533847883692943e-05,1.7274975050440844e-07,6.548154354095459
1.648072066018358e-05,1.780851022203933e-07,6.5550291538238525
1.640043774386868e-05,1.702357508293062e-07,6.561917543411255
1.6397096260334365e-05,1.723782361295889e-07,6.5688316822052
1.62945161719108e-05,1.7101599780744436e-07,6.575618505477905
1.6280991985695437e-05,1.6562691484978131e-07,6.5834290981292725
1.621809133212082e-05,1.7031162258263066e-07,6.590465068817139
1.6151085219462402e-05,1.6236423050486337e-07,6.597404956817627
1.614021857676562e-05,1.6552758097532205e-07,6.604428052902222
1.604216049599927e-05,1.6280316117445182e-07,6.611385822296143
1.603372766112443e-05,1.5892847216036898e-07,6.61829686164856
1.5962794350343756e-05,1.6274738356969465e-07,6.625323295593262
1.5908872228465043e-05,1.5494646277147694e-07,6.63301944732666
1.588871600688435e-05,1.5897374794349162e-07,6.64025616645813
1.5797479136381298e-05,1.549138062273414e-07,6.646913528442383
1.5791578334756196e-05,1.5265594299762597e-07,6.653806209564209
1.571489337948151e-05,1.5534853048393416e-07,6.660679578781128
1.5672545487177558e-05,1.4809126014370122e-07,6.66844630241394
1.5643508959328756e-05,1.5250310525516397e-07,6.675234317779541
1.5560224710498005e-05,1.4751050514405506e-07,6.6829445362091064
1.5553971024928614e-05,1.4672374959445733e-07,6.690046072006226
1.5474322935915552e-05,1.4817071303241391e-07,6.699280500411987
1.5441539289895445e-05,1.417516131141383e-07,6.706380844116211
1.5403660654556006e-05,1.462124714635138e-07,6.713291645050049
1.5329485904658213e-05,1.4052052677016036e-07,6.7203052043914795
1.5321038517868146e-05,1.4103409284871304e-07,6.7272422313690186
1.5240542779793032e-05,1.412468151329449e-07,6.735326051712036
1.5215565326798242e-05,1.3583219526935864e-07,6.742056608200073
1.516980046289973e-05,1.4005439652464702e-07,6.749732255935669
1.5105182683328167e-05,1.339473101324984e-07,6.756500244140625
1.5092602552613243e-05,1.3561165701503342e-07,6.7635393142700195
1.501330825703917e-05,1.3459052183861786e-07,6.770543575286865
1.4994295270298608e-05,1.3032912704602495e-07,6.777337312698364
1.494148455094546e-05,1.3406891241629637e-07,6.784956216812134
1.48865638038842e-05,1.2778600932961126e-07,6.79169225692749
1.4868655853206292e-05,1.3037868029641686e-07,6.799192428588867
1.4792645743000321e-05,1.281627817206754e-07,6.805997848510742
1.4777154319745023e-05,1.2521718417701777e-07,6.812847375869751
1.4718951206305064e-05,1.281788399865036e-07,6.819789409637451
1.4673039004264865e-05,1.221003032014778e-07,6.826540946960449
1.4649236618424766e-05,1.2527513604254636e-07,6.8344550132751465
1.4577863112208433e-05,1.2208971611471497e-07,6.841117858886719
1.4563963304681238e-05,1.2040312924455066e-07,6.848166465759277
1.4502137673844118e-05,1.2244521485627047e-07,6.855160713195801
1.4464322703133803e-05,1.1681807876584571e-07,6.862515687942505
1.4434210243052803e-05,1.2031047447180754e-07,6.86962103843689
1.4368726624525152e-05,1.1632488394752727e-07,6.876463413238525
1.4354794075188693e-05,1.1583480841181881e-07,6.884493589401245
1.4290839317254722e-05,1.1688917567198587e-07,6.891209602355957
1.42599456012249e-05,1.119119019676873e-07,6.899174213409424
1.4223698599380441e-05,1.1546875100520992e-07,6.90603494644165
1.4164870663080364e-05,1.1088023654792778e-07,6.9130871295928955
1.4149323760648258e-05,1.1149708711855055e-07,6.921416521072388
1.4084900612942874e-05,1.1150220302624803e-07,6.929363489151001
1.4059558452572674e-05,1.0738415312516736e-07,6.93668270111084
1.4017784451425541e-05,1.1070878969121623e-07,6.943572759628296
1.3966197002446279e-05,1.0575348596830736e-07,6.951481580734253
1.3947366824140772e-05,1.0737539213323544e-07,6.958200693130493
1.3884236068406608e-05,1.0628166791093463e-07,6.965881824493408
1.386317399010295e-05,1.0317009468963079e-07,6.972816705703735
1.3816403225064278e-05,1.0607021039277242e-07,6.979361295700073
1.3771573321719188e-05,1.0104213998829437e-07,6.986139535903931
1.3749143363384064e-05,1.033325816024444e-07,6.993060111999512
1.368862376693869e-05,1.0131221728215678e-07,7.001065015792847
1.3669741747435182e-05,9.928132982395255e-08,7.007892608642578
1.3619701348943636e-05,1.014564716683708e-07,7.015775203704834
1.3581267012341414e-05,9.667436273730345e-08,7.02259635925293
1.3554500583268236e-05,9.93862130371781e-08,7.029821157455444
1.3497720829036552e-05,9.658614885665884e-08,7.036993503570557
1.3479772860591765e-05,9.560039870848414e-08,7.043818235397339
1.3427430531010032e-05,9.699119374317888e-08,7.051723003387451
1.3394958841672633e-05,9.260849509473701e-08,7.058735370635986
1.3363716789172031e-05,9.554620561402771e-08,7.066715717315674
1.3311338079802226e-05,9.21220149052715e-08,7.073943853378296
1.3293200026964769e-05,9.210310025764556e-08,7.081495761871338
1.323963897448266e-05,9.267503742194094e-08,7.088648319244385
1.3211713849159423e-05,8.890927460925013e-08,7.095963478088379
1.3176313586882316e-05,9.177301762974821e-08,7.1032867431640625
1.3129374565323815e-05,8.787475991312022e-08,7.110295295715332
1.3109240171615966e-05,8.885088220722537e-08,7.118396759033203
1.3056413081358187e-05,8.836113352117536e-08,7.125385761260986
1.3032248716626782e-05,8.550271246576813e-08,7.133485317230225
1.2992733900318854e-05,8.80608652664705e-08,7.140652656555176
1.2951039025210775e-05,8.399646134193972e-08,7.148162364959717
1.2928679097967688e-05,8.563273468098487e-08,7.155503511428833
1.2877228073193692e-05,8.433200804347507e-08,7.1624650955200195
1.2855519344157074e-05,8.23230124069596e-08,7.169320106506348
1.2813301509595476e-05,8.436301612846364e-08,7.176690340042114
1.2776278708770406e-05,8.043848254146724e-08,7.184632062911987
1.2751022950396873e-05,8.249196525866864e-08,7.192677974700928
1.2701981177087873e-05,8.050021449435008e-08,7.200931549072266
1.268151117983507e-05,7.936937862496052e-08,7.207751035690308
1.2637186046049464e-05,8.079496893742544e-08,7.214820146560669
1.260520912182983e-05,7.706059079737315e-08,7.222071886062622
1.257660460396437e-05,7.946248103962716e-08,7.229017496109009
1.253055870620301e-05,7.684088387804877e-08,7.23589563369751
1.2510645319707692e-05,7.654907108189946e-08,7.242765665054321
1.246495776285883e-05,7.731448192771495e-08,7.250176906585693
1.2436729775799904e-05,7.40360448503452e-08,7.256941556930542
1.2405031156959012e-05,7.645430599723113e-08,7.264169454574585
1.2362912457319908e-05,7.336976892702296e-08,7.27105450630188
1.2342131412879098e-05,7.391097511799671e-08,7.278440713882446
1.229653298651101e-05,7.384011979638672e-08,7.285795450210571
1.2271557352505624e-05,7.123676937226264e-08,7.293063163757324
1.2236661859788e-05,7.349850505988798e-08,7.301272630691528
1.219881869474193e-05,7.011617952912275e-08,7.308623313903809
1.2176265045127366e-05,7.140523905491136e-08,7.3175787925720215
1.2131447874708101e-05,7.054150330532138e-08,7.324512481689453
1.2108779628761113e-05,6.869427693345642e-08,7.331470966339111
1.2071646779077128e-05,7.051720984918575e-08,7.338546514511108
1.2037497072014958e-05,6.722771672684758e-08,7.345303297042847
1.2012984370812774e-05,6.888192416454331e-08,7.352836608886719
1.1970149898843374e-05,6.735910318411698e-08,7.3598878383636475
1.1948508472414687e-05,6.634491711565715e-08,7.368039846420288
1.190987677546218e-05,6.756488346582046e-08,7.375128746032715
1.1879391422553454e-05,6.454245493614508e-08,7.383081674575806
1.185218570753932e-05,6.647576356044738e-08,7.3903968334198
1.1811865988420323e-05,6.437240784862297e-08,7.39769434928894
1.1790937605837826e-05,6.407695707366656e-08,7.405102968215942
1.1750891644624062e-05,6.479665870529061e-08,7.412351131439209
1.1723950592568144e-05,6.200091462460477e-08,7.419508695602417
1.1694198292389046e-05,6.411181630028295e-08,7.427411317825317
1.1656945389404427e-05,6.147860176497488e-08,7.4357805252075195
1.1635336704785004e-05,6.203208613442257e-08,7.442702293395996
1.15954235297977e-05,6.191435630853448e-08,7.45134162902832
1.1571069080673624e-05,5.979555339763465e-08,7.45821475982666
1.1539016668393742e-05,6.16638473616149e-08,7.4658215045928955
1.1505040674819611e-05,5.887228837764269e-08,7.472862005233765
1.1482118679850828e-05,6.000963992391917e-08,7.479934453964233
1.1443012226663996e-05,5.9205568447850965e-08,7.486851453781128
1.1420392183936201e-05,5.776873379659264e-08,7.493683338165283
1.1386629921616986e-05,5.9248101536013564e-08,7.501754999160767
1.1355745300534181e-05,5.651005352547145e-08,7.508532285690308
1.133117712015519e-05,5.802017710720975e-08,7.516526460647583
1.1293659554212354e-05,5.6610119258948544e-08,7.523304462432861
1.1271985385974403e-05,5.589843254938387e-08,7.530249357223511
1.1236999853281304e-05,5.6859740027448424e-08,7.5373594760894775
1.1209007425350137e-05,5.4363301416060494e-08,7.544222354888916
1.1182634807482827e-05,5.6031250750265826e-08,7.551545143127441
1.1147233635711018e-05,5.415939696717942e-08,7.558391332626343
1.1125785022159107e-05,5.413149395394612e-08,7.565787076950073
1.1090055522799958e-05,5.45540288499069e-08,7.5726823806762695
1.1064754289691336e-05,5.237065181518119e-08,7.579855680465698
1.1036405339837074e-05,5.410599612787337e-08,7.586683750152588
1.1003396139130928e-05,5.186728202488666e-08,7.5935468673706055
1.0981602827087045e-05,5.245310319423879e-08,7.601431131362915
1.09460297608166e-05,5.2241951209452964e-08,7.608679294586182
1.0922743967967108e-05,5.0594966438666233e-08,7.616125583648682
1.0892701538978145e-05,5.212992348901935e-08,7.623120069503784
1.0862209819606505e-05,4.979176537744934e-08,7.630375146865845
1.0839465176104568e-05,5.082016585333804e-08,7.637391567230225
1.0804704288602807e-05,5.003764513844544e-08,7.644417762756348
1.0782661775010638e-05,4.900665828699857e-08,7.651879072189331
1.0751419722510036e-05,5.014565829242201e-08,7.658818960189819
1.0723593732109293e-05,4.787393592664557e-08,7.666672229766846
1.0699309314077254e-05,4.924941876538469e-08,7.673796653747559
1.0666043635865208e-05,4.789897545265376e-08,7.6809446811676025
1.064472962752916e-05,4.752515536665669e-08,7.687992334365845
1.0612527148623485e-05,4.820833510166267e-08,7.6952738761901855
1.0587004908302333e-05,4.6171585665888415e-08,7.702643156051636
1.056124619935872e-05,4.7649894696633055e-08,7.7095863819122314
1.052990228345152e-05,4.590326341258333e-08,7.717065811157227
1.0508491868677083e-05,4.616181925598539e-08,7.724339246749878
1.0476093848410528e-05,4.625664118407258e-08,7.731522798538208
1.0452776223246474e-05,4.460333613565126e-08,7.73866868019104
1.0425404980196618e-05,4.604851255862741e-08,7.745643854141235
1.0396069228590932e-05,4.407896980751502e-08,7.752461910247803
1.0374232260801364e-05,4.480903470494013e-08,7.759524822235107
1.0342247151129413e-05,4.434879485870624e-08,7.7670111656188965
1.0320300134480931e-05,4.322754065810841e-08,7.77406644821167
1.0291594662703574e-05,4.4430919388105394e-08,7.780910968780518
1.0264648153679445e-05,4.2375198461286345e-08,7.787630796432495
1.0241850759484805e-05,4.3493798784766113e-08,7.794747591018677
1.0210763321083505e-05,4.251955232348337e-08,7.801868677139282
1.0189703971263953e-05,4.197065450739501e-08,7.808709144592285
1.0160132660530508e-05,4.278052045947334e-08,7.8161351680755615
1.0135404409084003e-05,4.08416873654005e-08,7.823192358016968
1.0111229130416177e-05,4.221032412488057e-08,7.830289363861084
1.008167691907147e-05,4.075258175362251e-08,7.837411642074585
1.0060865861305501e-05,4.0830364866906166e-08,7.844269037246704
1.0030980774899945e-05,4.109680418196149e-08,7.851502895355225
1.0008027857111301e-05,3.954119165427983e-08,7.858536243438721
9.982491064874921e-06,4.088848370997766e-08,7.866102695465088
9.954888810170814e-06,3.9128028817003724e-08,7.873156547546387
9.933619367075153e-06,3.978038165541875e-08,7.880258560180664
9.904034413921181e-06,3.9431736098549663e-08,7.887392520904541
9.882496669888496e-06,3.8390911782926196e-08,7.894239902496338
9.855883945419919e-06,3.948195370639951e-08,7.901501178741455
9.830172530200798e-06,3.770298917515902e-08,7.90845251083374
9.808138202060945e-06,3.869206466333708e-08,7.915667533874512
9.77935633272864e-06,3.785499558262018e-08,7.922760725021362
9.758602573128883e-06,3.737043030582754e-08,7.929640769958496
9.731302270665765e-06,3.805816461976974e-08,7.936659097671509
9.707407116366085e-06,3.643870272185268e-08,7.943518877029419
9.684492397354916e-06,3.755696198481928e-08,7.9509782791137695
9.656841029936913e-06,3.6391348601227946e-08,7.9578940868377686
9.636491085984744e-06,3.6367033828810236e-08,7.9648637771606445
9.6087160272873e-06,3.6699177030641295e-08,7.971994400024414
9.586514352122322e-06,3.5272048393153455e-08,7.979029417037964
9.562502782500815e-06,3.647225810254895e-08,7.9860005378723145
9.536386642139405e-06,3.4977340135355917e-08,7.993253946304321
9.515852980257478e-06,3.547920357505063e-08,8.001484870910645
9.48822980717523e-06,3.528015568576848e-08,8.009302616119385
9.467325980949681e-06,3.4290884798338084e-08,8.018239498138428
9.442313967156224e-06,3.5312361035266804e-08,8.02732539176941
9.417920409759972e-06,3.372212731278523e-08,8.035769701004028
9.396782843396068e-06,3.4590588171568015e-08,8.042832851409912
9.36983178689843e-06,3.3898142959287725e-08,8.050734758377075
9.349646461487282e-06,3.34489023146034e-08,8.058082818984985
9.324041457148269e-06,3.4085921640780725e-08,8.065718650817871
9.301312275056262e-06,3.264107562017671e-08,8.072794198989868
9.27930432226276e-06,3.366426781781229e-08,8.080004692077637
9.25342919799732e-06,3.261392933495699e-08,8.087393045425415
9.233674973074812e-06,3.261743941607165e-08,8.094494342803955
9.207637958752457e-06,3.2908090474847995e-08,8.101879358291626
9.186410352413077e-06,3.1650767340352104e-08,8.109010457992554
9.16346107260324e-06,3.274425708355011e-08,8.11660361289978
9.138972018263303e-06,3.13934584994513e-08,8.123743534088135
9.11904135136865e-06,3.188861441572044e-08,8.13070797920227
9.093173503060825e-06,3.1679437739740024e-08,8.138053178787231
9.0731027739821e-06,3.0834662823053804e-08,8.144882202148438
9.049321306520142e-06,3.1741308248456335e-08,8.153257369995117
9.026339284901042e-06,3.032425510696157e-08,8.159936428070068
9.00588565855287e-06,3.113473212579265e-08,8.167479515075684
8.980642633105163e-06,3.048696228802328e-08,8.174392700195312
8.961254025052767e-06,3.011534488450707e-08,8.181039333343506
8.936894118960481e-06,3.0713813714555727e-08,8.188281059265137
8.915439138945658e-06,2.938163312649067e-08,8.195375442504883
8.894180609786417e-06,3.0376586579450304e-08,8.202610492706299
8.869973498804029e-06,2.9350102792591315e-08,8.209554433822632
8.850833182805218e-06,2.9465084594448854e-08,8.217164754867554
8.826268640405033e-06,2.9640975895972588e-08,8.2243971824646
8.806078767520376e-06,2.8592676670768924e-08,8.231477737426758
8.7840326159494e-06,2.9545457636004357e-08,8.23880386352539
8.761133358348161e-06,2.8311591293572747e-08,8.246629476547241
8.741740202822257e-06,2.8845564159496462e-08,8.254018783569336
8.717439413885586e-06,2.8565477094844027e-08,8.260886907577515
8.69832274474902e-06,2.7880707520466785e-08,8.268399238586426
8.675439858052414e-06,2.8715495759001897e-08,8.275403022766113
8.653963050164748e-06,2.737760063098449e-08,8.282824039459229
8.634045116195921e-06,2.823273526075809e-08,8.290008306503296
8.610419172327965e-06,2.750554806141281e-08,8.296994924545288
8.591745427111164e-06,2.7332921703759894e-08,8.304519176483154
8.568539669795427e-06,2.7759780252267774e-08,8.311549425125122
8.548372534278315e-06,2.6626462812373575e-08,8.319369554519653
8.52773791848449e-06,2.754014261086013e-08,8.32616376876831
8.505154255544767e-06,2.6539140662862337e-08,8.334168195724487
8.486535080010071e-06,2.6798014474138654e-08,8.34160041809082
8.463307494821493e-06,2.6812172038148674e-08,8.34928846359253
8.444246304861736e-06,2.5971811368208364e-08,8.356534481048584
8.422876817348879e-06,2.6821293630518994e-08,8.363363265991211
8.401558261539321e-06,2.56453080993424e-08,8.37091326713562
8.38260802993318e-06,2.6284094900574928e-08,8.378095388412476
8.359867933904752e-06,2.581374936028169e-08,8.3856041431427
8.341423381352797e-06,2.5472612463772748e-08,8.392597913742065
8.319548214785755e-06,2.601370674426562e-08,8.40002179145813
8.29950840852689e-06,2.491658612768788e-08,8.407326936721802
8.280002475657966e-06,2.5720902740999918e-08,8.414237976074219
8.25797178549692e-06,2.4943453524883807e-08,8.421473264694214
8.239997441705782e-06,2.4946130494640784e-08,8.428242206573486
8.217783033614978e-06,2.5232738565250656e-08,8.435624837875366
8.198881005228031e-06,2.4260986108970428e-08,8.442019701004028
8.178762072930112e-06,2.512560293155275e-08,8.448992252349854
8.157797310559545e-06,2.40734046030866e-08,8.45592212677002
8.139602869050577e-06,2.455582936988776e-08,8.46234679222107
8.117655852402095e-06,2.4327070136109796e-08,8.469359397888184
8.099612387013622e-06,2.378157937243941e-08,8.476044416427612
8.078864993876778e-06,2.44525821813113e-08,8.483245134353638
8.059053470788058e-06,2.3380234637215835e-08,8.490602016448975
8.040510692808311e-06,2.40764883585598e-08,8.497777700424194
8.01911846792791e-06,2.3496573575698676e-08,8.50513505935669
8.001541573321447e-06,2.3348693645175445e-08,8.511994361877441
7.980463124113157e-06,2.3725293729626173e-08,8.51932406425476
7.961777555465233e-06,2.2769766516717027e-08,8.52643871307373
7.942658157844562e-06,2.3569677765067354e-08,8.533705472946167
7.922131771920249e-06,2.2705199498318507e-08,8.541051626205444
7.904710400907788e-06,2.293674583597749e-08,8.548166751861572
7.883603757363744e-06,2.295389300854822e-08,8.555458068847656
7.86579039413482e-06,2.228624218503228e-08,8.562762975692749
7.84613803261891e-06,2.2999047999405775e-08,8.570119619369507
7.826642104191706e-06,2.2018294743020306e-08,8.577211380004883
7.808912414475344e-06,2.257727338417226e-08,8.585055351257324
7.788214134052396e-06,2.2185048464962165e-08,8.591926097869873
7.771106538712047e-06,2.1867263555463978e-08,8.600220680236816
7.751010343781672e-06,2.2365568952409376e-08,8.607606887817383
7.732524863968138e-06,2.1441087127982428e-08,8.614497184753418
7.714364983257838e-06,2.2147231604208173e-08,8.622188329696655
7.694417945458554e-06,2.1429544361240005e-08,8.62916374206543
7.677470421185717e-06,2.154604850090891e-08,8.636358499526978
7.657195055799093e-06,2.1708704167622273e-08,8.64319396018982
7.63976731832372e-06,2.0952606760715753e-08,8.651506662368774
7.621020813530777e-06,2.1689245954803482e-08,8.658497095108032
7.601939614687581e-06,2.078328442678412e-08,8.666231870651245
7.5849575296160765e-06,2.12071853411544e-08,8.673524379730225
7.5648908932635095e-06,2.101326934678127e-08,8.680478811264038
7.54813163439394e-06,2.057900516660993e-08,8.687963485717773
7.528958576585865e-06,2.1139321404461953e-08,8.694842100143433
7.5108910095877945e-06,2.0218893226342516e-08,8.702213525772095
7.493474640796194e-06,2.087566386421713e-08,8.708919286727905
7.47410740586929e-06,2.0267581390953637e-08,8.716206073760986
7.4576564657036215e-06,2.028469303638758e-08,8.723172187805176
7.438191005348926e-06,2.054065539880412e-08,8.729984760284424
7.421137070195982e-06,1.9754329727561526e-08,8.736992835998535
7.403255494864425e-06,2.0451524918030373e-08,8.743715286254883
7.384638138319133e-06,1.9653667138186393e-08,8.750840902328491
7.368130354734603e-06,2.0023094293719623e-08,8.757500648498535
7.3489400165271945e-06,1.9841795761976755e-08,8.76401424407959
7.332473614951596e-06,1.945431193917102e-08,8.771016597747803
7.314182312256889e-06,1.9949483842651716e-08,8.777493000030518
7.296465810213704e-06,1.917258352079898e-08,8.784802198410034
7.279717010533204e-06,1.9698378039834097e-08,8.791569471359253
7.2609996095707174e-06,1.9226805036964834e-08,8.798987865447998
7.244970674946671e-06,1.9145772967021912e-08,8.805759906768799
7.226371508295415e-06,1.9439454490566277e-08,8.812321662902832
7.209556315501686e-06,1.8727730477507976e-08,8.819248914718628
7.1924723670235835e-06,1.9326311218037517e-08,8.826074361801147
7.174295660661301e-06,1.8698269599326522e-08,8.833292484283447
7.158379503380274e-06,1.8894867892527145e-08,8.840074300765991
7.139844910852844e-06,1.8884886543446555e-08,8.847002029418945
7.123799150576815e-06,1.83799961916975e-08,8.853921175003052
7.106259090505773e-06,1.892059664498902e-08,8.860748529434204
7.0890268943912815e-06,1.8136258717049714e-08,8.869126081466675
7.072827429510653e-06,1.866628807078996e-08,8.876118659973145
7.05470210959902e-06,1.8243257571270988e-08,8.883714437484741
7.039135198283475e-06,1.812462713246532e-08,8.890896797180176
7.0212327045737766e-06,1.845449304482827e-08,8.897609949111938
7.004844064795179e-06,1.7753885472870934e-08,8.904420852661133
6.988398581597721e-06,1.832067653140257e-08,8.911123514175415
6.970743925194256e-06,1.7765930948598907e-08,8.918610572814941
6.9553416324197315e-06,1.7889423276074012e-08,8.925103187561035
6.937512353033526e-06,1.7921847117463585e-08,8.932346820831299
6.921870408405084e-06,1.740724542287353e-08,8.939237594604492
6.9049583544256166e-06,1.7972498156382244e-08,8.945902347564697
6.888117695780238e-06,1.7259429441196517e-08,8.952614307403564
6.872627182019642e-06,1.765005563925115e-08,8.958934307098389
6.854998446215177e-06,1.7396310170170182e-08,8.966124057769775
6.839781235612463e-06,1.719612718886765e-08,8.973043441772461
6.822670457040658e-06,1.752331613147362e-08,8.979854345321655
6.806720648455666e-06,1.684177597383041e-08,8.98644471168518
6.790725819882937e-06,1.744926869662322e-08,8.993025779724121
6.773789209546521e-06,1.6822376380787318e-08,9.000322580337524
6.758735707990127e-06,1.70407172817022e-08,9.006829738616943
6.741482593497494e-06,1.7052604661671467e-08,9.013509035110474
6.726310857629869e-06,1.6561097382350454e-08,9.02025556564331
6.710010893584695e-06,1.70789267173177e-08,9.026762962341309
6.693667273793835e-06,1.642868596718472e-08,9.034155130386353
6.678662884951336e-06,1.6764598598228986e-08,9.040767431259155
6.6616353251447435e-06,1.656492543133936e-08,9.047325611114502
6.646892870776355e-06,1.6312533546170016e-08,9.054349899291992
6.6302536652074195e-06,1.6744481357022778e-08,9.06112265586853
6.6148136284027714e-06,1.5994906732430536e-08,9.068317651748657
6.599453627131879e-06,1.6577452299770812e-08,9.075288534164429
6.58288945487584e-06,1.6060280216834144e-08,9.082843780517578
6.568429398612352e-06,1.613949507373036e-08,9.090053081512451
6.551699243573239e-06,1.6284941395383612e-08,9.09717845916748
6.536963610415114e-06,1.5703680134038223e-08,9.104398965835571
6.521207978948951e-06,1.629714851958397e-08,9.11146593093872
6.505383680632804e-06,1.5595359670328435e-08,9.118881940841675
6.490803571068682e-06,1.599249443984263e-08,9.125899314880371
6.4743230723252054e-06,1.5773009565123175e-08,9.13338041305542
6.460038093791809e-06,1.553068429416271e-08,9.140712261199951
6.4439823290740605e-06,1.5943530939921402e-08,9.147718906402588
6.42892564428621e-06,1.5254865814995355e-08,9.15506887435913
6.414065410353942e-06,1.579675057428176e-08,9.162376165390015
6.3980855884437915e-06,1.5300779310223334e-08,9.169346570968628
6.384001153492136e-06,1.5384062024281775e-08,9.175967454910278
6.36789036434493e-06,1.5508788919760264e-08,9.183408260345459
6.353515800583409e-06,1.4988245311542414e-08,9.190388202667236
6.33831632512738e-06,1.552704631535562e-08,9.197413921356201
6.322964964056155e-06,1.4891472055467148e-08,9.205333232879639
6.308786396402866e-06,1.5259374208653753e-08,9.212424039840698
6.292910711636068e-06,1.5044962609067625e-08,9.219903230667114
6.278967703110538e-06,1.4839742767946973e-08,9.227201223373413
6.263500836212188e-06,1.5197562319713143e-08,9.235506534576416
6.248913905437803e-06,1.4555824989770372e-08,9.242420434951782
6.234458851395175e-06,1.5092950889084022e-08,9.25040602684021
6.219004717422649e-06,1.4613670273888602e-08,9.258577346801758
6.205343652254669e-06,1.4685923588331207e-08,9.26623821258545
6.189774012455018e-06,1.4809875104049297e-08,9.274099588394165
6.175803719088435e-06,1.4310613138945882e-08,9.281143426895142
6.161092187539907e-06,1.4829389272108529e-08,9.289151191711426
6.1462192206818145e-06,1.422460726985264e-08,9.29618215560913
6.132503585831728e-06,1.455268971994883e-08,9.303804874420166
6.1170962908363435e-06,1.4396736247590525e-08,9.311519861221313
6.103553914726945e-06,1.416371286921958e-08,9.319111585617065
6.088607733545359e-06,1.4530757042052755e-08,9.326515913009644
6.074437806091737e-06,1.391068238376647e-08,9.334245204925537
6.060493888071505e-06,1.4394030856124118e-08,9.342053651809692
6.0454972299339715e-06,1.3976920065772447e-08,9.349528312683105
6.032209512341069e-06,1.4024612582375084e-08,9.356926679611206
6.017134637659183e-06,1.4183075158769043e-08,9.364094495773315
6.003599537507398e-06,1.3665966136500174e-08,9.371891498565674
5.9893227444263175e-06,1.420369866167448e-08,9.379055261611938
5.974934083496919e-06,1.358677792495655e-08,9.386558294296265
5.9615899772325065e-06,1.3940256060607226e-08,9.393831491470337
5.946725650574081e-06,1.3741018989321674e-08,9.401619672775269
5.9335970945539884e-06,1.354098788652891e-08,9.40911078453064
5.919107479712693e-06,1.3883148852755767e-08,9.416712522506714
5.905322723265272e-06,1.3324149783500161e-08,9.424587726593018
5.891829914617119e-06,1.3751263239214495e-08,9.432305812835693
5.877319381397683e-06,1.3376260987740807e-08,9.439982175827026
5.864404556632508e-06,1.34105206939239e-08,9.446883916854858
5.84985218665679e-06,1.3553869138149821e-08,9.454860925674438
5.836662239744328e-06,1.3088186534560009e-08,9.461981534957886
5.822878392791608e-06,1.3564492640227854e-08,9.46922492980957
5.808878540847218e-06,1.303721131051816e-08,9.476576328277588
5.795993729407201e-06,1.3298270040706939e-08,9.484207391738892
5.781569143437082e-06,1.3184066283145057e-08,9.492041110992432
5.768816208728822e-06,1.2940780003134478e-08,9.49959111213684
5.754809535574168e-06,1.3298625312074819e-08,9.50727128982544
5.7414495131524745e-06,1.2736411036939899e-08,9.514070510864258
5.728341420763172e-06,1.3178914848310797e-08,9.521422624588013
5.714279723179061e-06,1.280518269197728e-08,9.528210401535034
5.7017209655896295e-06,1.2860041920248477e-08,9.5354585647583
5.687668817699887e-06,1.2960533979367028e-08,9.54286813735962
5.6748613133095205e-06,1.255120363197193e-08,9.54999303817749
5.661489467456704e-06,1.298588081510843e-08,9.557557821273804
5.647977104672464e-06,1.2471771171362889e-08,9.564306020736694
5.635413799609523e-06,1.2757115364081528e-08,9.571879386901855
5.621469426841941e-06,1.2619970846117212e-08,9.579055786132812
5.609080744761741e-06,1.2413083005924364e-08,9.585954904556274
5.595504717348376e-06,1.2739292287733406e-08,9.594242095947266
5.582564881478902e-06,1.2211924804717e-08,9.60283899307251
5.569834229390835e-06,1.2632088264297181e-08,9.610005855560303
5.556229098147014e-06,1.2275731542388257e-08,9.618142366409302
5.5440473261114676e-06,1.2321828002370694e-08,9.625669479370117
5.530410362553084e-06,1.2434307805619937e-08,9.633470058441162
5.517994395631831e-06,1.2027446594231606e-08,9.639947414398193
5.505029548658058e-06,1.2454474784817648e-08,9.646545171737671
5.491928277479019e-06,1.1961391876980088e-08,9.65327763557434
5.479737410496455e-06,1.22308243533098e-08,9.660188436508179
5.466222319228109e-06,1.2108329450200017e-08,9.66751217842102
5.454206075228285e-06,1.1900538332554333e-08,9.674094915390015
5.44104523214628e-06,1.2223162038083046e-08,9.680866718292236
5.428489657788305e-06,1.1715203918072348e-08,9.687321901321411
5.416135991254123e-06,1.2120422887562654e-08,9.694108963012695
5.402964688983047e-06,1.1770990404613713e-08,9.701362133026123
5.391132162912982e-06,1.1823678036648744e-08,9.707739353179932
5.377910383685958e-06,1.1932109522660994e-08,9.714246034622192
5.365876404539449e-06,1.1539454725095766e-08,9.720732688903809
5.353287633624859e-06,1.1954392142854431e-08,9.727628231048584
5.340598363545723e-06,1.147463546402605e-08,9.73479151725769
5.328752195055131e-06,1.174484332011616e-08,9.741652965545654
5.315667749528075e-06,1.1611229311370153e-08,9.748986959457397
5.304001206241082e-06,1.1429367674509194e-08,9.755933284759521
5.291224624670576e-06,1.1729539117766308e-08,9.762862205505371
5.279078322928399e-06,1.1238434183269419e-08,9.769497871398926
5.26706480741268e-06,1.1638233488042715e-08,9.77608585357666
5.254313236946473e-06,1.1291405144220334e-08,9.783344268798828
5.242818133410765e-06,1.1356913631743737e-08,9.789809226989746
5.230004262557486e-06,1.144460526347757e-08,9.796568870544434
5.218335445533739e-06,1.1079628770005456e-08,9.803199291229248
5.206104560784297e-06,1.1474510230868873e-08,9.80987548828125
5.193827291805064e-06,1.1008582490035224e-08,9.817043781280518
5.182305812923005e-06,1.1280803846602794e-08,9.823837041854858
5.169631549506448e-06,1.1140198097336906e-08,9.830430507659912
5.158314252184937e-06,1.0977187159255664e-08,9.837239503860474
5.145910563442158e-06,1.1257527354757713e-08,9.84372591972351
5.1341553444217425e-06,1.0784290793708351e-08,9.85132908821106
5.122456968820188e-06,1.1183415082882675e-08,9.85832405090332
5.110121492180042e-06,1.0828527408079935e-08,9.865753173828125
5.098954261484323e-06,1.0911926473511357e-08,9.872628688812256
5.086526471131947e-06,1.0977504238951497e-08,9.879549980163574
5.075215540273348e-06,1.0644214398780605e-08,9.886468648910522
5.063328899268527e-06,1.101418956039879e-08,9.893244981765747
5.051474545325618e-06,1.055066611854727e-08,9.900930643081665
5.040224095864687e-06,1.0857355903226562e-08,9.907801628112793
5.027967745263595e-06,1.0676666661879608e-08,9.91483473777771
5.016989689465845e-06,1.0556424179242185e-08,9.921740531921387
5.004936156183248e-06,1.0804585670598499e-08,9.928638219833374
4.993554284737911e-06,1.0365210023621785e-08,9.935308694839478
4.9821815082395915e-06,1.074081534824245e-08,9.941961526870728
4.970244390278822e-06,1.0398698790936578e-08,9.94905400276184
4.959389116265811e-06,1.0488855117785079e-08,9.955664157867432
4.94733831146732e-06,1.0542296813298435e-08,9.962725400924683
4.9363725338480435e-06,1.0233175196106004e-08,9.969313383102417
4.924812401441159e-06,1.0586298060388799e-08,9.976062297821045
4.9133218453789596e-06,1.015028239237381e-08,9.983227729797363
4.902414275420597e-06,1.0426468577406922e-08,9.989842176437378
4.890528998657828e-06,1.0259562976955294e-08,9.996666431427002
4.879862444795435e-06,1.0150705165301588e-08,10.0033540725708
4.86816361444653e-06,1.0377673831385437e-08,10.01008415222168
4.857176918449113e-06,9.94037918644608e-09,10.017926454544067
4.846068350161659e-06,1.0342679601649252e-08,10.024507522583008
4.834527317143511e-06,9.968972314311486e-09,10.031193971633911
4.823973540624138e-06,1.0101877556678573e-08,10.037817478179932
4.8122997213795315e-06,1.01025099397134e-08,10.044372081756592
4.801655450137332e-06,9.852821669653622e-09,10.051612138748169
4.790441380464472e-06,1.014764983153782e-08,10.058471202850342
4.7792882469366305e-06,9.775124709676675e-09,10.065670490264893
4.7686794459878e-06,1.0019365781488432e-08,10.072486877441406
4.757183887704741e-06,9.860021243923711e-09,10.07953405380249
4.746806098410161e-06,9.771597753172045e-09,10.086216688156128
4.735458787763491e-06,9.972207948294454e-09,10.092880249023438
4.724784957943484e-06,9.583882132346844e-09,10.100577354431152
4.714008809969528e-06,9.935287259565939e-09,10.106941223144531
4.702837941295002e-06,9.592204364139434e-09,10.113540887832642
4.692558832175564e-06,9.723534866168393e-09,10.12009882926941
4.681255177274579e-06,9.704473669103209e-09,10.126818180084229
4.670930593420053e-06,9.484602436771183e-09,10.134921789169312
4.659988462663023e-06,9.778863940823612e-09,10.141918182373047
4.64924505649833e-06,9.38136412997892e-09,10.149916172027588
4.638895006792154e-06,9.66113855582762e-09,10.157053470611572
4.6277828005258925e-06,9.446661231038433e-09,10.164136171340942
4.617712875187863e-06,9.408822165823949e-09,10.170900583267212
4.606677975971252e-06,9.57174872695532e-09,10.17815113067627
4.596326107275672e-06,9.231691855404733e-09,10.185027122497559
4.585841452353634e-06,9.557349578415142e-09,10.192034006118774
4.575037564791273e-06,9.225328945206002e-09,10.200151920318604
4.565025392366806e-06,9.37259692079806e-09,10.206887483596802
4.5540487008111086e-06,9.343729345800966e-09,10.21373724937439
4.5440597205015365e-06,9.132334888306559e-09,10.220535516738892
4.533434548648074e-06,9.398801736892892e-09,10.227648973464966
4.523002189671388e-06,9.037354864460667e-09,10.234829902648926
4.5129422687750775e-06,9.294230274292659e-09,10.241481304168701
4.502177944232244e-06,9.08654129716524e-09,10.248279333114624
4.492389962251764e-06,9.06213770690556e-09,10.255138874053955
4.4816688387072645e-06,9.211140294951292e-09,10.262014627456665
4.471646207093727e-06,8.885797875279877e-09,10.268568992614746
4.461438493308378e-06,9.204410567065224e-09,10.275278806686401
4.4509802137326915e-06,8.869427858826384e-09,10.282549381256104
4.4412472561816685e-06,9.027051106613726e-09,10.289838552474976
4.430615717865294e-06,8.969488263232961e-09,10.296791076660156
4.420899131218903e-06,8.808352269795705e-09,10.30390214920044
4.410549081512727e-06,9.052703475731505e-09,10.31070590019226
4.40049097960582e-06,8.687956132291674e-09,10.31849455833435
4.390668436826672e-06,8.967548481564336e-09,10.325188159942627
4.380225618660916e-06,8.747939261866122e-09,10.33257794380188
4.370750048110494e-06,8.728914480116146e-09,10.339523792266846
4.360299044492422e-06,8.879666779648687e-09,10.346571207046509
4.3506270230864175e-06,8.541587881438772e-09,10.353735446929932
4.3406662371126e-06,8.874102341849266e-09,10.360684871673584
4.330568572186166e-06,8.503810988713667e-09,10.368367195129395
4.321064352552639e-06,8.71977867689111e-09,10.375959873199463
4.31073840445606e-06,8.62005400392718e-09,10.383348226547241
4.301354692870518e-06,8.482351709915292e-09,10.39085602760315
4.291250661481172e-06,8.71326477636103e-09,10.397675275802612
4.281537258066237e-06,8.351424440888877e-09,10.405225276947021
4.271984835213516e-06,8.623926461837073e-09,10.412085056304932
4.26186579716159e-06,8.397361028755768e-09,10.418813228607178
4.252603957866086e-06,8.435495857384012e-09,10.425670862197876
4.2425235733389854e-06,8.495052661317004e-09,10.433475971221924
4.2331107579229865e-06,8.258616013279152e-09,10.440570831298828
4.223440555506386e-06,8.504465576208986e-09,10.447515487670898
4.213658030494116e-06,8.204042778459097e-09,10.455368995666504
4.204423021292314e-06,8.373389981386481e-09,10.462392568588257
4.194405846646987e-06,8.303116416641387e-09,10.469279289245605
4.185294528724626e-06,8.159320330491937e-09,10.476105690002441
4.175487447355408e-06,8.388343353260552e-09,10.48398232460022
4.166058715782128e-06,8.039635623902086e-09,10.490886449813843
4.156756858719746e-06,8.321333844207857e-09,10.497735977172852
4.146922947256826e-06,8.106552762399133e-09,10.504712343215942
4.137981250096345e-06,8.110864868626777e-09,10.511847734451294
4.128145974391373e-06,8.211274327152296e-09,10.51851773262024
4.119050572626293e-06,7.928749212737785e-09,10.52571702003479
4.109621386305662e-06,8.225663705729858e-09,10.533030986785889
4.100103978998959e-06,7.911528321358219e-09,10.54032588005066
4.091145910933847e-06,8.087971181680587e-09,10.547163486480713
4.081414772372227e-06,8.008603558096183e-09,10.554375171661377
4.072598585480591e-06,7.86064191515834e-09,10.561147451400757
4.063019332534168e-06,8.106166404786563e-09,10.568409204483032
4.05389937441214e-06,7.74142883130935e-09,10.575628519058228
4.044862180307973e-06,8.02007349420819e-09,10.583039283752441
4.03534477300127e-06,7.782620770058202e-09,10.589460134506226
4.02662362830597e-06,7.830899484417841e-09,10.596256494522095
4.017074843432056e-06,7.891499897993981e-09,10.603409767150879
4.00823819290963e-06,7.662409373665469e-09,10.610249519348145
3.999052751169074e-06,7.924016998117622e-09,10.617635011672974
3.98987822336494e-06,7.609811447650827e-09,10.625072479248047
3.98112661059713e-06,7.806723267833604e-09,10.632983922958374
3.971726073359605e-06,7.67478613994399e-09,10.64023756980896
3.9631286199437454e-06,7.600902129922815e-09,10.646684646606445
3.953846771764802e-06,7.768501397720229e-09,10.65428876876831
3.94499147660099e-06,7.483417441278561e-09,10.661117315292358
3.936176199204056e-06,7.721212114120135e-09,10.668593168258667
3.926984845747938e-06,7.494310949596183e-09,10.676002264022827
3.918482434528414e-06,7.559153303304811e-09,10.683447122573853
3.9091928556445055e-06,7.614318953130805e-09,10.691080331802368
3.900687261193525e-06,7.36139327273122e-09,10.69815969467163
3.891690994350938e-06,7.662252166085182e-09,10.705741882324219
3.882840701407986e-06,7.295073434221422e-09,10.712712049484253
3.874293724948075e-06,7.556891112869835e-09,10.71990442276001
3.865176950057503e-06,7.3700445746283094e-09,10.727400064468384
3.8568355194001924e-06,7.347605190943796e-09,10.735073566436768
3.847788775601657e-06,7.479497021734005e-09,10.742469549179077
3.839250439341413e-06,7.194428164325473e-09,10.750612258911133
3.830623882095097e-06,7.458607953481078e-09,10.757660388946533
3.821704012807459e-06,7.2227464009699816e-09,10.764825344085693
3.8134674014145276e-06,7.2873942436046946e-09,10.771906852722168
3.804428160947282e-06,7.33775795680458e-09,10.778746128082275
3.796179271375877e-06,7.0966645893122404e-09,10.78606629371643
3.7874208373978036e-06,7.385371425527865e-09,10.79297161102295
3.778829523071181e-06,7.040216853937409e-09,10.800571918487549
3.7705556223954773e-06,7.259657319735879e-09,10.807664394378662
3.7616732697642874e-06,7.115203537466641e-09,10.814827680587769
3.753550799956429e-06,7.089809628268995e-09,10.82204294204712
3.7447953218361363e-06,7.191539808104608e-09,10.829097509384155
3.7364936815720284e-06,6.953118525387936e-09,10.836206436157227
3.7280892684066202e-06,7.186476747023107e-09,10.8430655002594
3.7194881770119537e-06,6.9407093405970954e-09,10.85042428970337
3.7114218685019296e-06,7.0522756523416774e-09,10.857608795166016
3.7026870813861024e-06,7.031569548843208e-09,10.864888906478882
3.6946528325643158e-06,6.875533475891871e-09,10.872151136398315
3.686156333060353e-06,7.076127683802724e-09,10.879544973373413
3.677842187244096e-06,6.789911299875939e-09,10.886691570281982
3.669726766020176e-06,7.014425040807737e-09,10.893483400344849
3.661165010271361e-06,6.8341514669612025e-09,10.901076316833496
3.6532749163598055e-06,6.841900379583876e-09,10.908010959625244
3.644730895757675e-06,6.9322649842717965e-09,10.916197061538696
3.6367146094562486e-06,6.690607179393737e-09,10.923186779022217
3.6284970974520547e-06,6.947312503058356e-09,10.930096864700317
3.6201824968884466e-06,6.6679035626293626e-09,10.937796592712402
3.612334921854199e-06,6.811246677784766e-09,10.9448082447052
3.603841378208017e-06,6.766912807876224e-09,10.952205181121826
3.5960554214398144e-06,6.632542071116632e-09,10.959658861160278
3.587766741475207e-06,6.831100130000323e-09,10.967228889465332
3.5797218060906744e-06,6.54226939289515e-09,10.974244594573975
3.571823526726803e-06,6.7674448267496246e-09,10.981545209884644
3.563488007785054e-06,6.602539848188371e-09,10.988941669464111
3.555847570169135e-06,6.592578927211434e-09,10.995772123336792
3.5475302411214216e-06,6.693427145876285e-09,11.003122568130493
3.5397431474848418e-06,6.458817924936966e-09,11.011889696121216
3.5317766560183372e-06,6.686941667055635e-09,11.019724130630493
3.5236885196354706e-06,6.441278621593938e-09,11.026783466339111
3.5160412608092884e-06,6.579059963485179e-09,11.03505253791809
3.507819428705261e-06,6.514746520025483e-09,11.041997194290161
3.500247657939326e-06,6.409112796035288e-09,11.04957890510559
3.492172709229635e-06,6.590155088304073e-09,11.05725908279419
3.4843935736716958e-06,6.307995459309268e-09,11.064235925674438
3.476688561931951e-06,6.538425356694688e-09,11.071585416793823
3.4686231629166286e-06,6.349223813373328e-09,11.078730344772339
3.4611621231306344e-06,6.389718532062716e-09,11.085854291915894
3.453093086136505e-06,6.436387867125859e-09,11.093248128890991
3.4455554214218864e-06,6.238170424666123e-09,11.100526094436646
3.4377676456642803e-06,6.45637632246121e-09,11.108164548873901
3.4299487197131384e-06,6.2056981775526765e-09,11.114935398101807
3.4225042782054516e-06,6.3535319227980835e-09,11.122699975967407
3.4145139125030255e-06,6.280476583242489e-09,11.129569053649902
3.407163603696972e-06,6.192102386393117e-09,11.138009548187256
3.399308070584084e-06,6.352207648774311e-09,11.145188331604004
3.3917613109224476e-06,6.091062321189611e-09,11.152060747146606
3.384257070138119e-06,6.312820932663499e-09,11.158407926559448
3.3764242743927753e-06,6.133045626910416e-09,11.165783166885376
3.3691921998979524e-06,6.1597722478268224e-09,11.17257046699524
3.3613198411330814e-06,6.227658388979762e-09,11.179524183273315
3.3540266031195642e-06,6.0106799537607e-09,11.186439275741577
3.3464375519542955e-06,6.240513883426502e-09,11.193269729614258
3.3388505471521057e-06,5.981172446212213e-09,11.200479984283447
3.3316084682155633e-06,6.139567521046274e-09,11.207010269165039
3.323843657199177e-06,6.054446721748263e-09,11.2135591506958
3.3167082165164175e-06,5.9813483055393135e-09,11.220201253890991
3.3090607303165598e-06,6.124962315112725e-09,11.226572036743164
3.3017474834196037e-06,5.875360198359658e-09,11.233747959136963
3.294424686828279e-06,6.097602422983073e-09,11.240498065948486
3.2868510970729403e-06,5.894888133184395e-09,11.247146129608154
3.2797820495034102e-06,5.969136296357647e-09,11.25404405593872
3.272162985012983e-06,5.975808736735644e-09,11.260939598083496
3.2650727916916367e-06,5.821135129480126e-09,11.268123388290405
3.2576738249190385e-06,6.012651265763225e-09,11.274776458740234
3.2503371585335117e-06,5.7713487322530455e-09,11.281605958938599
3.2432633361167973e-06,5.933478153252736e-09,11.28818678855896
3.235737722206977e-06,5.832511806858065e-09,11.294929027557373
3.2288023703586077e-06,5.782214707039657e-09,11.301928997039795
3.2213604299613507e-06,5.903389332928555e-09,11.308408737182617
3.2142706913873553e-06,5.67392088868246e-09,11.314937829971313
3.207133886462543e-06,5.885625764534552e-09,11.321547269821167
3.199789944119402e-06,5.685222070894724e-09,11.328125
3.192917802152806e-06,5.760808718946464e-09,11.335280656814575
3.185499508617795e-06,5.767311073157089e-09,11.34162974357605
3.1786214549356373e-06,5.616675124997528e-09,11.348235607147217
3.1714114356873324e-06,5.8057119112220335e-09,11.354771614074707
3.164302825098275e-06,5.562931892910683e-09,11.361223697662354
3.1574109016219154e-06,5.733861829781972e-09,11.368090629577637
3.150103566440521e-06,5.619754883667838e-09,11.374494314193726
3.143364438074059e-06,5.58684165596901e-09,11.380955457687378
3.136120085400762e-06,5.692391003009334e-09,11.387619495391846
3.1292570383811835e-06,5.468980379674804e-09,11.393946170806885
3.1222843972500414e-06,5.6903304290756296e-09,11.401329755783081
3.115172148682177e-06,5.4740576516110195e-09,11.407700777053833
3.10848167828226e-06,5.5720765779199155e-09,11.414158582687378
3.1012689305498498e-06,5.55695756077057e-09,11.420828819274902
3.0946096103434684e-06,5.417924775485972e-09,11.427182674407959
3.087566483372939e-06,5.609689157637376e-09,11.434202432632446
3.0806829727225704e-06,5.360271337906397e-09,11.440676212310791
3.0739786325284513e-06,5.5351248029467115e-09,11.447139978408813
3.0668686576973414e-06,5.424324989178331e-09,11.45382046699524
3.060323251702357e-06,5.3973758795677895e-09,11.460137605667114
3.053272621400538e-06,5.49481793399309e-09,11.4670991897583
3.0466092084679985e-06,5.2876578671146035e-09,11.473566055297852
3.039827106476878e-06,5.48975309655475e-09,11.479984998703003
3.0329256333061494e-06,5.285487603146066e-09,11.486784934997559
3.026421154572745e-06,5.375569323007312e-09,11.493640422821045
3.019399855475058e-06,5.368393729554555e-09,11.500959873199463
3.0129262995615136e-06,5.2384470095034885e-09,11.507835865020752
3.006079168699216e-06,5.41064304471206e-09,11.514849662780762
2.9994007491040975e-06,5.177367423669921e-09,11.521830797195435
2.9928555704827886e-06,5.353917753581072e-09,11.52868103981018
2.9859859296266222e-06,5.212227538464731e-09,11.535634279251099
2.9795953651046148e-06,5.230332611461108e-09,11.542417764663696
2.9727525543421507e-06,5.280997861234482e-09,11.549954652786255
2.9662749057024485e-06,5.123063306911035e-09,11.556841850280762
2.9596644708362874e-06,5.294405358569065e-09,11.563786506652832
2.952993781946134e-06,5.093783617127201e-09,11.570828437805176
2.946620043076109e-06,5.213783182966836e-09,11.577638864517212
2.939839760074392e-06,5.151654214330392e-09,11.584790468215942
2.9335226372495526e-06,5.086130183684645e-09,11.59129810333252
2.9268726393638644e-06,5.201572950142008e-09,11.59778904914856
2.9203906706243288e-06,5.014998194496911e-09,11.604368686676025
2.9140012429706985e-06,5.1708313186793475e-09,11.6107017993927
2.9073396490275627e-06,5.0398325512901465e-09,11.61809778213501
2.9011273454671027e-06,5.0547366292619245e-09,11.6244478225708
2.894459157687379e-06,5.108836020895069e-09,11.630972385406494
2.888189783334383e-06,4.940222453342358e-09,11.638260126113892
2.881738055293681e-06,5.121233215277243e-09,11.645371437072754
2.875257450796198e-06,4.919094909183741e-09,11.652453899383545
2.869080390155432e-06,5.027793736900321e-09,11.659459590911865
2.8624574497371214e-06,4.990666546689226e-09,11.667147874832153
2.8563451905938564e-06,4.899258776447368e-09,11.674163818359375
2.849845486707636e-06,5.042265716070915e-09,11.680992364883423
2.8435754302336136e-06,4.8239208183531446e-09,11.688209056854248
2.8373451641527936e-06,5.00567276517927e-09,11.695339679718018
2.8308743367233546e-06,4.8534030128166705e-09,11.703883409500122
2.8248364287719596e-06,4.888676130576641e-09,11.710813522338867
2.8183546874060994e-06,4.914334716943358e-09,11.719051837921143
2.8122583444201155e-06,4.781348650340078e-09,11.725881099700928
2.8059741907782154e-06,4.937468212062868e-09,11.733694076538086
2.7996945846098242e-06,4.7491024446344454e-09,11.740953207015991
2.7936557671637274e-06,4.867124037133408e-09,11.747791767120361
2.787246330626658e-06,4.800046138342395e-09,11.755157470703125
2.781296643661335e-06,4.746861570481542e-09,11.762051820755005
2.7749815671995748e-06,4.846409495939952e-09,11.769299268722534
2.7688988666341174e-06,4.664288955069651e-09,11.776152610778809
2.7628075258689933e-06,4.8372816863206936e-09,11.783853530883789
2.7565424716158304e-06,4.680601684015073e-09,11.791124105453491
2.750672138063237e-06,4.722766178133497e-09,11.798186540603638
2.744341372817871e-06,4.758481164657269e-09,11.805469036102295
2.7384471650293563e-06,4.610366755031237e-09,11.812416553497314
2.7323123958922224e-06,4.779412865474342e-09,11.819658994674683
2.726223556237528e-06,4.578868395554991e-09,11.826470136642456
2.7203525405639084e-06,4.7019823590233045e-09,11.833724975585938
2.7141059035784565e-06,4.637439765531326e-09,11.84104061126709
2.7083415261586197e-06,4.576577783410585e-09,11.84785509109497
2.7021640107705025e-06,4.697565891831346e-09,11.855099201202393
2.696282763281488e-06,4.490595451045465e-09,11.862021207809448
2.69034080702113e-06,4.68413530185785e-09,11.86928653717041
2.6842683382710675e-06,4.499117078893278e-09,11.876162767410278
2.678528744581854e-06,4.587250579390911e-09,11.88336968421936
2.672388291102834e-06,4.573499801097114e-09,11.890658378601074
2.666682803464937e-06,4.4559551604095304e-09,11.89749526977539
2.660684458533069e-06,4.610336556964967e-09,11.904823780059814
2.6547811557975365e-06,4.418347465673378e-09,11.911623001098633
2.6490563413972268e-06,4.544776999182432e-09,11.918971538543701
2.6429945592099102e-06,4.470780634591165e-09,11.925811052322388
2.637389570736559e-06,4.42577530179733e-09,11.93331527709961
2.6313707621739013e-06,4.535291697749244e-09,11.940679550170898
2.6256680030201096e-06,4.3372416769216215e-09,11.947520971298218
2.6198715659120353e-06,4.5273056414885104e-09,11.9548921585083
2.613972128528985e-06,4.346092374873933e-09,11.961848735809326
2.6084069304488366e-06,4.421127908216249e-09,11.969114065170288
2.6024172257166356e-06,4.421068400262129e-09,11.975931644439697
2.596865897430689e-06,4.3080499168013375e-09,11.983317375183105
2.591027623566333e-06,4.453889701494518e-09,11.990626573562622
2.585311676739366e-06,4.261061281596312e-09,11.997549057006836
2.579722831796971e-06,4.396205177670254e-09,12.004912853240967
2.57384840551822e-06,4.2980570214012914e-09,12.011848211288452
2.568369836808415e-06,4.298470912544872e-09,12.019114017486572
2.562540657891077e-06,4.349038018602869e-09,12.025933027267456
2.5569970603100955e-06,4.205752635044746e-09,12.033387899398804
2.551347733970033e-06,4.357679106448131e-09,12.040710210800171
2.5456347430008464e-06,4.194642411192717e-09,12.047546863555908
2.540189598221332e-06,4.281303311870488e-09,12.054864883422852
2.5343942979816347e-06,4.251364593699236e-09,12.061853170394897
2.528978711779928e-06,4.181993862317768e-09,12.069154024124146
2.5233089218090754e-06,4.2851935333487745e-09,12.076154232025146
2.5177625957439886e-06,4.1229148983745745e-09,12.083323240280151
2.512297896828386e-06,4.254939067749319e-09,12.09075927734375
2.50660832534777e-06,4.1488692481550515e-09,12.097750425338745
2.5012693640746875e-06,4.1671643913332446e-09,12.10509991645813
2.49558934228844e-06,4.208420278928315e-09,12.11199951171875
2.490208544259076e-06,4.075046966534046e-09,12.119306802749634
2.4847104214131832e-06,4.209840032132206e-09,12.126122236251831
2.4791636406007456e-06,4.0565253378588295e-09,12.134340763092041
2.473850372552988e-06,4.149117049934148e-09,12.141319274902344
2.4682194634806365e-06,4.109064200008561e-09,12.148258924484253
2.462964630467468e-06,4.045082047099413e-09,12.155310869216919
2.4574230792495655e-06,4.151704313670734e-09,12.162108421325684
2.4520627448509913e-06,3.974079287871746e-09,12.169058799743652
2.446722419335856e-06,4.125305430591197e-09,12.176023960113525
2.441199967506691e-06,3.9965688536369726e-09,12.183383703231812
2.436006070638541e-06,4.036881495750322e-09,12.190377235412598
2.4304727048729546e-06,4.058712921306551e-09,12.197174787521362
2.425270167805138e-06,3.931130976297936e-09,12.204328298568726
2.419885277049616e-06,4.077440607375138e-09,12.21106505393982
2.4145051611412782e-06,3.916688751104402e-09,12.218292951583862
2.409334683761699e-06,4.015806798207677e-09,12.225072860717773
2.403859525657026e-06,3.96408594838249e-09,12.23236083984375
2.3987540771486238e-06,3.915555435440865e-09,12.239415884017944
2.393349859630689e-06,4.0092484887566116e-09,12.246253967285156
2.38814345721039e-06,3.849281782208891e-09,12.253343105316162
2.3829343263059855e-06,3.9903573778588e-09,12.260130405426025
2.3775899080646923e-06,3.85115095369315e-09,12.267605066299438
2.3725226583337644e-06,3.911479584672861e-09,12.274504899978638
2.3671414055570494e-06,3.909670809321142e-09,12.281512260437012
2.362079612794332e-06,3.815180171784505e-09,12.288222551345825
2.356835693717585e-06,3.928462000146737e-09,12.295197248458862
2.3516347482654965e-06,3.776301493729761e-09,12.302116394042969
2.3465793219656916e-06,3.882957066991821e-09,12.308921575546265
2.341266963412636e-06,3.815807225748813e-09,12.316186904907227
2.336303850825061e-06,3.786035485120465e-09,12.323072910308838
2.3310249162022956e-06,3.875010978759974e-09,12.329983711242676
2.3259929093910614e-06,3.708620965880982e-09,12.336933851242065
2.320903831787291e-06,3.861614139566427e-09,12.343700885772705
2.315706751687685e-06,3.7186571599789886e-09,12.350954294204712
2.3107797915145056e-06,3.7866283442156146e-09,12.357906579971313
2.3055488327372586e-06,3.769177858714556e-09,12.364869356155396
2.300622782058781e-06,3.697399497681886e-09,12.3718843460083
2.295513468197896e-06,3.794768943521376e-09,12.378695964813232
2.29046759159246e-06,3.653693791960677e-09,12.385677099227905
2.2855360839457717e-06,3.758955813282228e-09,12.39252257347107
2.280370381413377e-06,3.691552397100395e-09,12.399933099746704
2.275538690810208e-06,3.671616566336411e-09,12.406863689422607
2.2704095954395598e-06,3.7386200801847735e-09,12.41574740409851
2.265522880406934e-06,3.5908369611092894e-09,12.423037767410278
2.2605445337831043e-06,3.742271381668161e-09,12.4300057888031
2.2555118448508438e-06,3.5910210360867723e-09,12.437025785446167
2.250725856356439e-06,3.6573326589461885e-09,12.443783044815063
2.245619498353335e-06,3.644289980897497e-09,12.45192813873291
2.240848743895185e-06,3.5633123118827825e-09,12.458844184875488
2.235852662124671e-06,3.676577042810436e-09,12.466737508773804
2.2309600353764836e-06,3.5212686100294377e-09,12.473950862884521
2.2261529011302628e-06,3.6395357838614473e-09,12.48098087310791
2.22112930714502e-06,3.560206351949091e-09,12.488552808761597
2.216443135694135e-06,3.545397309068221e-09,12.495781421661377
2.2114406874607084e-06,3.6066909459009366e-09,12.50287938117981
2.2066806195653044e-06,3.480130406074977e-09,12.510189533233643
2.2018527943146182e-06,3.5990166402655177e-09,12.518280267715454
2.1969601675664308e-06,3.471749110417477e-09,12.526139736175537
2.1922842279309407e-06,3.538993764706788e-09,12.534374475479126
2.1873281639273046e-06,3.5166785039564274e-09,12.541961669921875
2.182677008022438e-06,3.4597553710824513e-09,12.549519300460815
2.177822125304374e-06,3.54375706557164e-09,12.557420492172241
2.1730741082137683e-06,3.409985849245345e-09,12.564858198165894
2.168379069189541e-06,3.5198943759695567e-09,12.572497606277466
2.163516455766512e-06,3.4286431471741707e-09,12.579641580581665
2.1589366951957345e-06,3.441419593741557e-09,12.587459802627563
2.15407385439903e-06,3.4767047019101938e-09,12.594377040863037
2.149448164345813e-06,3.3762852513774533e-09,12.602175951004028
2.1447392555273836e-06,3.4777658530771305e-09,12.609520196914673
2.1399955585366115e-06,3.356554367783815e-09,12.617761135101318
2.135432168870466e-06,3.4273521798411366e-09,12.625248908996582
2.1306195776560344e-06,3.3942268995446057e-09,12.633434534072876
2.1261043912090827e-06,3.3449507608196427e-09,12.641511917114258
2.121360466844635e-06,3.4307769958275003e-09,12.649793863296509
2.1167556951695587e-06,3.2931073423725366e-09,12.657848834991455
2.1121754798514303e-06,3.411774418538016e-09,12.665717124938965
2.1074529286124744e-06,3.310310914272918e-09,12.673561334609985
2.1029954950790852e-06,3.3358911188940965e-09,12.681006908416748
2.098259528793278e-06,3.3599032445152943e-09,12.689586639404297
2.0937811768817483e-06,3.2582017084337167e-09,12.697335004806519
2.089165718643926e-06,3.3796139220498844e-09,12.705252408981323
2.0845675408054376e-06,3.239828183509985e-09,12.712753534317017
2.0801312530238647e-06,3.318921804051911e-09,12.720682859420776
2.0754271190526197e-06,3.292021988343663e-09,12.72761344909668
2.0710526769107673e-06,3.2322391430028574e-09,12.735032796859741
2.066431534331059e-06,3.316634300531973e-09,12.74239182472229
2.0619579572667135e-06,3.1818947476836e-09,12.75038766860962
2.057495294138789e-06,3.2986913200971912e-09,12.758470296859741
2.0529012090264587e-06,3.1992088977972344e-09,12.766680717468262
2.048561555056949e-06,3.2287967854927047e-09,12.774217367172241
2.0439524632820394e-06,3.2454929854708325e-09,12.781550645828247
2.0395998490130296e-06,3.153834970959224e-09,12.789258003234863
2.035106263065245e-06,3.26285687357597e-09,12.796511173248291
2.030641098826891e-06,3.130036452247964e-09,12.804052591323853
2.026299171120627e-06,3.223636024785037e-09,12.811040878295898
2.0217544260958675e-06,3.161191974854205e-09,12.818679332733154
2.0174836663500173e-06,3.1418734280919125e-09,12.82558822631836
2.012976892729057e-06,3.202426990256413e-09,12.833300590515137
2.008633373407065e-06,3.088029387754432e-09,12.840234756469727
2.004281213885406e-06,3.1900888597391486e-09,12.847118854522705
1.999822188736289e-06,3.0965634501001205e-09,12.85445261001587
1.9955969037255272e-06,3.124340564042427e-09,12.861148357391357
1.9911115032300586e-06,3.135883552829455e-09,12.868654489517212
1.9868746221618494e-06,3.0577809173593096e-09,12.875370740890503
1.9824994978989707e-06,3.1503233355323346e-09,12.88291597366333
1.9781657556450227e-06,3.0275379980793105e-09,12.889641523361206
1.9739341041713487e-06,3.115144364684852e-09,12.897004127502441
1.969512823052355e-06,3.0562383734888954e-09,12.90481448173523
1.9653589333756827e-06,3.0405662432286817e-09,12.912846088409424
1.960960162250558e-06,3.1018052570885857e-09,12.920193672180176
1.956759888344095e-06,2.977250446178914e-09,12.92707085609436
1.952495949808508e-06,3.100793843913152e-09,12.93507194519043
1.948182216437999e-06,2.9745745866449624e-09,12.942239046096802
1.944056066349731e-06,3.0374149861955857e-09,12.950468301773071
1.9396882180444663e-06,3.021876082698327e-09,12.958165407180786
1.9355859421921195e-06,2.95732949240346e-09,12.966148614883423
1.93130267689412e-06,3.0506226433857364e-09,12.973388910293579
1.9271039946033852e-06,2.9223277131507075e-09,12.981517314910889
1.9229723875469062e-06,3.0218565427730937e-09,12.988972425460815
1.9186797999282135e-06,2.946335175835202e-09,12.996392965316772
1.9146348222420784e-06,2.94915425413933e-09,13.003763437271118
1.910348146338947e-06,2.9951479074696863e-09,13.010916709899902
1.9062731553276535e-06,2.8814783892272544e-09,13.018926620483398
1.902113581309095e-06,2.997139647575864e-09,13.026508808135986
1.8979210381075973e-06,2.8767392912243395e-09,13.03499150276184
1.893899820970546e-06,2.9416629132583694e-09,13.042174339294434
1.8896547544500208e-06,2.9178055527268043e-09,13.050479173660278
1.8856621863960754e-06,2.8673259322431477e-09,13.058399438858032
1.8814859004123718e-06,2.9482967178751096e-09,13.066632986068726
1.8774076124827843e-06,2.830409240317522e-09,13.073980808258057
1.8733812794380356e-06,2.9216413732768842e-09,13.081599950790405
1.8692089724936523e-06,2.848121072318577e-09,13.089317321777344
1.8652692688192474e-06,2.8558135856115996e-09,13.09691596031189
1.8611009409141843e-06,2.8879290070449315e-09,13.104225873947144
1.8571344071460771e-06,2.7931261747937697e-09,13.111582517623901
1.8530786292103585e-06,2.8953091035788248e-09,13.119137048721313
1.8490102320356527e-06,2.782308827775637e-09,13.126472234725952
1.8450884908816079e-06,2.8476445645964077e-09,13.135258913040161
1.8409594986223965e-06,2.8186752931702586e-09,13.14243197441101
1.8370777752352296e-06,2.776603835741298e-09,13.150939464569092
1.8330010789213702e-06,2.854470215751803e-09,13.158111333847046
1.8290559182787547e-06,2.728391068629321e-09,13.166221141815186
1.8251138271807577e-06,2.8375690686033295e-09,13.174619436264038
1.8210645293947891e-06,2.7447155659388045e-09,13.183247327804565
1.8172296449847636e-06,2.771240792398544e-09,13.190945386886597
1.8131675005861325e-06,2.7871489560737928e-09,13.199326276779175
1.8093177232003654e-06,2.7054354312383566e-09,13.206759691238403
1.8053559642794426e-06,2.801652687622891e-09,13.21425485610962
1.8014117131315288e-06,2.6875490721778306e-09,13.22113823890686
1.797581830942363e-06,2.7622439890961914e-09,13.228196620941162
1.7935700498128426e-06,2.718439917615001e-09,13.235370397567749
1.7897934867505683e-06,2.692251310776328e-09,13.242178916931152
1.7858214960142504e-06,2.753401284749657e-09,13.249574422836304
1.7819862705437117e-06,2.6446147494141314e-09,13.25658631324768
1.7781402448235895e-06,2.743298255225568e-09,13.263461112976074
1.7742116824592813e-06,2.6515423190431875e-09,13.270311117172241
1.770470248629863e-06,2.6868853808537096e-09,13.277066707611084
1.7665184941506595e-06,2.6905193628579127e-09,13.284823894500732
1.762777969815943e-06,2.6218143212020095e-09,13.291847705841064
1.7589110257176799e-06,2.7097981636359236e-09,13.299507856369019
1.7550843267599703e-06,2.5982713758310183e-09,13.306328296661377
1.7513470993435476e-06,2.6762259075496786e-09,13.313654661178589
1.7474461628808058e-06,2.6255402296726515e-09,13.320604801177979
1.7437719179724809e-06,2.6095554606087035e-09,13.330309629440308
1.739900426400709e-06,2.6606885583646545e-09,13.340633392333984
1.7361775235258392e-06,2.5607200804245167e-09,13.36581563949585
1.7324219925285433e-06,2.656661779454339e-09,13.376648187637329
1.7286133697780315e-06,2.5568769324024743e-09,13.38655710220337
1.724958565318957e-06,2.6090847260462624e-09,13.394933223724365
1.7211139038408874e-06,2.595730963506071e-09,13.403083324432373
1.7174804725073045e-06,2.5419986116048676e-09,13.410161972045898
1.713704818939732e-06,2.6196840252623588e-09,13.417578220367432
1.7099943079301738e-06,2.511747698719091e-09,13.425028085708618
1.7063423456420423e-06,2.5950002147112627e-09,13.43315315246582
1.7025565739459125e-06,2.532205778393859e-09,13.442044973373413
1.698975665931357e-06,2.5333326547638535e-09,13.449515104293823
1.6952029682215652e-06,2.5674289361177216e-09,13.457646131515503
1.6915904552661232e-06,2.4799462483571233e-09,13.464555501937866
1.6879208715181448e-06,2.5718305263211505e-09,13.47264313697815
1.6842211607581703e-06,2.4745694382488637e-09,13.479618549346924
1.680662649050646e-06,2.526356013277109e-09,13.487351655960083
1.6769204194133636e-06,2.50813769753222e-09,13.494540452957153
1.6733924894651864e-06,2.4577386792401512e-09,13.501975774765015
1.6697019873390673e-06,2.5373563250497e-09,13.509645700454712
1.6661085737723624e-06,2.4199158232818263e-09,13.517041206359863
1.662536647017987e-06,2.5199722308855144e-09,13.524933576583862
1.6588580820098286e-06,2.4409114729451176e-09,13.532333850860596
1.6553746036152006e-06,2.4578179491641095e-09,13.53960371017456
1.6516986534043099e-06,2.4766870776460337e-09,13.546636819839478
1.6481924376421375e-06,2.39883157782117e-09,13.554003238677979
1.6446040262962924e-06,2.4909305729181597e-09,13.560817003250122
1.641015728637285e-06,2.389001663161139e-09,13.568384170532227
1.637548962207802e-06,2.4458552960737734e-09,13.575222730636597
1.6339018884536927e-06,2.4246831209495667e-09,13.582375288009644
1.630467295399285e-06,2.3842865459755558e-09,13.589548826217651
1.6268742228930932e-06,2.451087555144227e-09,13.596355676651001
1.623377784198965e-06,2.349541006196887e-09,13.603488206863403
1.6199041965592187e-06,2.430412981979657e-09,13.61031436920166
1.6163273812708212e-06,2.361024042940585e-09,13.617608070373535
1.6129273490150808e-06,2.380799335455208e-09,13.624733209609985
1.609353148523951e-06,2.3921089553624597e-09,13.632357835769653
1.6059372001109296e-06,2.330279302853455e-09,13.640110969543457
1.6024443993956083e-06,2.40570297016518e-09,13.647275924682617
1.5989572830221732e-06,2.3143860161667362e-09,13.654652118682861
1.5955691878843936e-06,2.3735950982484155e-09,13.661917924880981
1.5920362557153567e-06,2.3350446021197513e-09,13.669368982315063
1.5886892015259946e-06,2.3146724537070895e-09,13.676487922668457
1.5851824173296336e-06,2.3699873175075936e-09,13.684356689453125
1.5817900020920206e-06,2.2756232453957637e-09,13.691404819488525
1.5783977005412453e-06,2.355772021900293e-09,13.698232889175415
1.5749251360830385e-06,2.2819415246289054e-09,13.705572366714478
1.5716141206212342e-06,2.3075672483940934e-09,13.712452173233032
1.5681232525821542e-06,2.3207686883353063e-09,13.71962833404541
1.564817466714885e-06,2.2485104889113927e-09,13.726460218429565
1.5614041330991313e-06,2.332672721649942e-09,13.733742475509644
1.5580127410430578e-06,2.237141583094626e-09,13.740790367126465
1.5547128668913501e-06,2.3018056349854987e-09,13.747660398483276
1.5512677009610343e-06,2.262886100723449e-09,13.754852056503296
1.5480139836654416e-06,2.244247454541437e-09,13.761897802352905
1.5445975805050693e-06,2.2922062026253798e-09,13.769102573394775
1.5413025948873837e-06,2.20237272863244e-09,13.775922775268555
1.5379904425572022e-06,2.2814461431153177e-09,13.783299207687378
1.534612010800629e-06,2.210127192370237e-09,13.790417194366455
1.5313876247091684e-06,2.2377988351252043e-09,13.797240495681763
1.5279930494216387e-06,2.240261309793823e-09,13.80445146560669
1.524776962469332e-06,2.1802495364653396e-09,13.811251878738403
1.5214405948427157e-06,2.2605810556797223e-09,13.818430185317993
1.5181573189693154e-06,2.1600201627336446e-09,13.8252112865448
1.5149319096963154e-06,2.2341877237153085e-09,13.832397222518921
1.511583718638576e-06,2.182641178904987e-09,13.839631080627441
1.508417199147516e-06,2.177366953404203e-09,13.846686601638794
1.5050887895995402e-06,2.2089376994216536e-09,13.854032039642334
1.5018853218862205e-06,2.136022692056372e-09,13.860817432403564
1.4986459291321808e-06,2.2118384901403942e-09,13.868396043777466
1.4953749314372544e-06,2.1318835585759643e-09,13.8751380443573
1.492225237598177e-06,2.172849455917003e-09,13.88157343864441
1.4889216117808246e-06,2.161073098250199e-09,13.888302326202393
1.485792040512024e-06,2.1195225574643928e-09,13.894869804382324
1.4825440075583174e-06,2.176572921896991e-09,13.902247190475464
1.4793513400945812e-06,2.095299711513121e-09,13.90906572341919
1.4762005093871267e-06,2.1608328459876702e-09,13.916631698608398
1.4729573649674421e-06,2.1024875174191493e-09,13.923763990402222
1.4698605355079053e-06,2.1176191911109754e-09,13.931591749191284
1.4666233028037823e-06,2.1284440876456756e-09,13.938865900039673
1.4635106708738022e-06,2.0738810668774477e-09,13.945427417755127
1.4603506315324921e-06,2.134120880015189e-09,13.95274043083191
1.4571763813364669e-06,2.0610151363342766e-09,13.95911169052124
1.4540958090947242e-06,2.1098982561085222e-09,13.966655731201172
1.4508912045130273e-06,2.0811385947894223e-09,13.973819255828857
1.447838258172851e-06,2.062461978979968e-09,13.980685710906982
1.444672534489655e-06,2.1017880769136355e-09,13.987791776657104
1.4415785472010612e-06,2.0281121226872756e-09,13.994539976119995
1.4384985433935071e-06,2.094364681681782e-09,14.001895427703857
1.4353453252624604e-06,2.035086099638761e-09,14.00829029083252
1.4323283039630041e-06,2.0558534874481893e-09,14.014893054962158
1.429174858458282e-06,2.060332571218737e-09,14.021645307540894
1.4261543128668563e-06,2.007398247627634e-09,14.0281982421875
1.4230599845177494e-06,2.0773465170265126e-09,14.035852193832397
1.4199853239915683e-06,1.989071130026332e-09,14.042717456817627
1.416977738699643e-06,2.0529029587379455e-09,14.050594568252563
1.413858512933075e-06,2.0099866215872453e-09,14.057502269744873
1.4108907180343522e-06,2.003125443295062e-09,14.064465999603271
1.4077958212510566e-06,2.0401524913893354e-09,14.071402311325073
1.4047949434825568e-06,1.966741214332046e-09,14.077872037887573
1.4017906551089254e-06,2.0309030013265783e-09,14.085152864456177
1.3987241800350603e-06,1.9694570418948842e-09,14.091652154922485
1.3957898090666276e-06,1.990628994974486e-09,14.099080085754395
1.392711283187964e-06,1.997079834836768e-09,14.106448411941528
1.3897716826249962e-06,1.948310623944849e-09,14.113293409347534
1.3867564803149435e-06,2.0110426657282687e-09,14.12044882774353
1.3837649248671369e-06,1.9308099563630776e-09,14.127286672592163
1.3808356698064017e-06,1.98764005254759e-09,14.135782480239868
1.3777965932604275e-06,1.9494517111695586e-09,14.143526554107666
1.37491235818743e-06,1.9387653704683316e-09,14.151602268218994
1.3718962463826756e-06,1.970527074846018e-09,14.158518552780151
1.368981429550331e-06,1.8992551975571814e-09,14.166867017745972
1.3660379636348807e-06,1.9746579926760432e-09,14.174351930618286
1.3630684634335921e-06,1.8958277170355586e-09,14.180802822113037
1.3602048056782223e-06,1.9357824232457688e-09,14.18804383277893
1.3572007446782663e-06,1.930817949968855e-09,14.196299076080322
1.3543580053010373e-06,1.882172862011089e-09,14.20330810546875
1.351407149741135e-06,1.947219940845457e-09,14.209901571273804
1.3485046110872645e-06,1.8607859697539197e-09,14.217068672180176
1.345640839645057e-06,1.9313100008133688e-09,14.224080801010132
1.3426908935798565e-06,1.875336330670052e-09,14.230998516082764
1.3398815781329176e-06,1.882030531419332e-09,14.238209247589111
1.3369368616622523e-06,1.9054868793944024e-09,14.24489688873291
1.3341027624846902e-06,1.8451589145485059e-09,14.252148628234863
1.3312393321029958e-06,1.9046459964755513e-09,14.25885272026062
1.3283414546094718e-06,1.8454167083348239e-09,14.266157150268555
1.3255568092063186e-06,1.869830956735541e-09,14.27348804473877
1.3226319879322546e-06,1.8721897365736595e-09,14.280017375946045
1.3198642818679218e-06,1.8224345366135708e-09,14.286739349365234
1.3169842532079201e-06,1.8896173514804104e-09,14.293118953704834
1.3141677754902048e-06,1.7987534794983162e-09,14.301396608352661
1.3113721024637925e-06,1.8741741492078745e-09,14.308210849761963
1.308503442487563e-06,1.8113606170544472e-09,14.314899921417236
1.3057682508588186e-06,1.8260465362018863e-09,14.321843147277832
1.3028915191171109e-06,1.8468736540100394e-09,14.329134464263916
1.3001505294596427e-06,1.7799344220748026e-09,14.33607292175293
1.2973438288099715e-06,1.8524265454900046e-09,14.343118906021118
1.2945369007866248e-06,1.7738599478178685e-09,14.350411891937256
1.291810463044385e-06,1.824773776526456e-09,14.357668161392212
1.2889740901300684e-06,1.7949390862526116e-09,14.3649160861969
1.2862769835919607e-06,1.7762815662791809e-09,14.371991395950317
1.2834682365792105e-06,1.8194523665471252e-09,14.379064798355103
1.280732703889953e-06,1.7473640312459793e-09,14.386416673660278
1.2780009228663403e-06,1.8146225633230983e-09,14.393310785293579
1.275211388929165e-06,1.7575124688917754e-09,14.401100635528564
1.2725490705634002e-06,1.7696422105473175e-09,14.40806531906128
1.2697454394583474e-06,1.7887618053435972e-09,14.415649652481079
1.2670759588218061e-06,1.7287208331495663e-09,14.422681331634521
1.2643381523957942e-06,1.7951431452445377e-09,14.429799795150757
1.261616375813901e-06,1.7135418639568911e-09,14.436941385269165
1.2589562174980529e-06,1.7683812192359483e-09,14.443814992904663
1.2561874882521806e-06,1.7405166197193012e-09,14.451622724533081
1.2535650739664561e-06,1.7233187099563452e-09,14.45881462097168
1.2508286317824968e-06,1.757680667680006e-09,14.466175317764282
1.248171997758618e-06,1.691855433527678e-09,14.473166704177856
1.2455014939405373e-06,1.7586171408012774e-09,14.480057001113892
1.2427987030605436e-06,1.6907114597231043e-09,14.487161874771118
1.2401945923556923e-06,1.7224411896776815e-09,14.493961334228516
1.2374714515317464e-06,1.7175768585175888e-09,14.501683712005615
1.2348754125923733e-06,1.6786142476021837e-09,14.508681058883667
1.2322008160481346e-06,1.7327710377657013e-09,14.516154527664185
1.2295570286369184e-06,1.6616191755858267e-09,14.523118495941162
1.2269542821741197e-06,1.719568265556859e-09,14.530212163925171
1.224274797095859e-06,1.6743963993093303e-09,14.537411212921143
1.2217160474392585e-06,1.6759647003539158e-09,14.544230937957764
1.2190439520054497e-06,1.7006370756078582e-09,14.551703453063965
1.216465307152248e-06,1.6409902325875692e-09,14.558565139770508
1.2138602869526949e-06,1.7019256004502381e-09,14.566184759140015
1.211229005093628e-06,1.6403770564110687e-09,14.57320785522461
1.2086918559361948e-06,1.66995461903241e-09,14.58006501197815
1.2060353355991538e-06,1.669323568265213e-09,14.587239742279053
1.2035158079015673e-06,1.6247684309078636e-09,14.594116926193237
1.2009037391180755e-06,1.6824333037845918e-09,14.601678609848022
1.1983341892118915e-06,1.6073224973212064e-09,14.608570337295532
1.1958003369727521e-06,1.6643354472378746e-09,14.61572790145874
1.1931811059184838e-06,1.6282447612425699e-09,14.62272047996521
1.1906938652828103e-06,1.6247543310754509e-09,14.629780292510986
1.1880919146278757e-06,1.6458887586168203e-09,14.637686014175415
1.1855834145535482e-06,1.5906932437914634e-09,14.64582633972168
1.1830422863567946e-06,1.6478994835367189e-09,14.653369426727295
1.1804792166003608e-06,1.5926086005535467e-09,14.660231113433838
1.178006414193078e-06,1.6206260777806847e-09,14.668957233428955
1.175428678834578e-06,1.6071797226402396e-09,14.675739526748657
1.1729684956662823e-06,1.5819603405020644e-09,14.683927536010742
1.1704217968144803e-06,1.6243604239463139e-09,14.690898180007935
1.1679278486553812e-06,1.558490336783791e-09,14.697906017303467
1.1654514082692913e-06,1.6133300251297555e-09,14.70503854751587
1.162911758001428e-06,1.5689562982146299e-09,14.712034702301025
1.1604805649767513e-06,1.5819712206877057e-09,14.719235181808472
1.1579470537981251e-06,1.5889266569146798e-09,14.72598147392273
1.1555100627447246e-06,1.5452296109330632e-09,14.733786582946777
1.15302486847213e-06,1.5969937594562111e-09,14.740968465805054
1.150546381722961e-06,1.5325867241955393e-09,14.748260259628296
1.148125534200517e-06,1.5763537142277073e-09,14.755362272262573
1.145614760389435e-06,1.5524195262628382e-09,14.76259446144104
1.1432199471528293e-06,1.5397840780195793e-09,14.77047610282898
1.1407397551010945e-06,1.5680567955200786e-09,14.777606725692749
1.1383139053577906e-06,1.5146279785938077e-09,14.785122632980347
1.1358955589457764e-06,1.564080864824291e-09,14.79197359085083
1.1334310556776472e-06,1.516673453494377e-09,14.800029754638672
1.131058070313884e-06,1.5368938344195726e-09,14.807205200195312
1.128588564824895e-06,1.5378888162942417e-09,14.81423830986023
1.1262201269346406e-06,1.4991914376594195e-09,14.821442365646362
1.1237917760809069e-06,1.5515340123783972e-09,14.82825517654419
1.1213841162316385e-06,1.4850257690213198e-09,14.83561372756958
1.1190211353095947e-06,1.5336550918121361e-09,14.84239935874939
1.1165799378431984e-06,1.5010577225638144e-09,14.849982976913452
1.1142491302962299e-06,1.4957741711896233e-09,14.857159852981567
1.1118236216134392e-06,1.5228668326372485e-09,14.863989114761353
1.109471440940979e-06,1.4674683690429902e-09,14.8710618019104
1.1071095968873124e-06,1.5181554902099492e-09,14.877906560897827
1.1047119414797635e-06,1.4688980032318e-09,14.885540008544922
1.102403530239826e-06,1.4890643162956962e-09,14.892303943634033
1.0999940514011541e-06,1.489609879889997e-09,14.899564743041992
1.0976901876347256e-06,1.4543012349932383e-09,14.906505107879639
1.0953219771181466e-06,1.5014293142101565e-09,14.91339659690857
1.09298059669527e-06,1.4390798552810224e-09,14.920394659042358
1.0906770739893545e-06,1.4853775986978235e-09,14.927460432052612
1.088298859031056e-06,1.4536213344129578e-09,14.935048580169678
1.086031147679023e-06,1.4492220756778806e-09,14.942043542861938
1.0836660067070625e-06,1.473986377398262e-09,14.949522018432617
1.0813795370268053e-06,1.4206309462139188e-09,14.956453084945679
1.0790716942210565e-06,1.4737685516408305e-09,14.963934421539307
1.0767417961687897e-06,1.4199105224932396e-09,14.971017360687256
1.0744901146608754e-06,1.4472498754969365e-09,14.977859497070312
1.0721433909566258e-06,1.4399178516200095e-09,14.985105991363525
1.0699027370719705e-06,1.4116806612562982e-09,14.992378950119019
1.0675912562874146e-06,1.4536850612145713e-09,14.99997591972351
1.0653162689777673e-06,1.3939404075458128e-09,15.007232427597046
1.0630667475197697e-06,1.4412674387287439e-09,15.014224529266357
1.0607545846141875e-06,1.405449645552892e-09,15.021442890167236
1.0585448535493924e-06,1.4074070797676086e-09,15.028659582138062
1.0562383749856963e-06,1.4258404457123675e-09,15.036114692687988
1.0540161383687519e-06,1.3771866980150094e-09,15.042929410934448
1.0517616146898945e-06,1.4291391403631337e-09,15.050406694412231
1.0494978823771817e-06,1.3731015213735986e-09,15.057596445083618
1.0473016800460755e-06,1.4044178042738054e-09,15.064915180206299
1.0450164609210333e-06,1.3919754238145288e-09,15.072112798690796
1.0428357199998572e-06,1.3697825096414817e-09,15.079227685928345
1.0405798320789472e-06,1.407139293974069e-09,15.086475372314453
1.0383696462668013e-06,1.3497040152188333e-09,15.093308448791504
1.0361724207541556e-06,1.3988138425347074e-09,15.10114049911499
1.0339250593460747e-06,1.3579281032960466e-09,15.108184337615967
1.0317710348317632e-06,1.3673845389305939e-09,15.11568021774292
1.029522991302656e-06,1.37852484982659e-09,15.122690439224243
1.0273628276991076e-06,1.3363352646678095e-09,15.129964828491211
1.0251611683997908e-06,1.384672265736242e-09,15.13740086555481
1.0229620102109038e-06,1.3297212220209076e-09,15.14420771598816
1.020818331198825e-06,1.364428015016017e-09,15.152082204818726
1.0185938208451262e-06,1.3467316151150044e-09,15.159343004226685
1.01647196970589e-06,1.330513699215885e-09,15.167856693267822
1.01426996934606e-06,1.3632740492042217e-09,15.174818515777588
1.012123107102525e-06,1.308882224826391e-09,15.18245792388916
1.0099777227878803e-06,1.3577571289502544e-09,15.189588785171509
1.0077924343931954e-06,1.3145203814346473e-09,15.196797132492065
1.0056925248136395e-06,1.3290762934659028e-09,15.2044198513031
1.0035016657639062e-06,1.3344390037417497e-09,15.211236715316772
1.0014013014369993e-06,1.2978493835191784e-09,15.219517946243286
9.992512559620081e-07,1.3429702905298768e-09,15.227617263793945
9.971145118470304e-07,1.2877918731390992e-09,15.236607789993286
9.950216508514131e-07,1.3255776476484016e-09,15.243965864181519
9.928570534611936e-07,1.302697616445414e-09,15.252275943756104
9.907905678119278e-07,1.2931291593076821e-09,15.259039878845215
9.886441603157436e-07,1.3175566193623922e-09,15.267538785934448
9.865548236120958e-07,1.2716393493761302e-09,15.274502277374268
9.844607120612636e-07,1.315765163489857e-09,15.281553745269775
9.823364734984352e-07,1.2732148668703758e-09,15.289140939712524
9.80288518803718e-07,1.2905696511467113e-09,15.296595811843872
9.781542757991701e-07,1.2916430147669189e-09,15.30398964881897
9.76110413830611e-07,1.2602610066636544e-09,15.310813903808594
9.740142559166998e-07,1.2984869846022207e-09,15.318592309951782
9.719343552205828e-07,1.2500934731818347e-09,15.325324535369873
9.698925396151026e-07,1.285514805715593e-09,15.333557605743408
9.677870593804982e-07,1.2616995226366612e-09,15.340677738189697
9.65772642302909e-07,1.2564256302027843e-09,15.347832918167114
9.636808044888312e-07,1.2751276701195025e-09,15.355374574661255
9.616491070119082e-07,1.2338347010754092e-09,15.362838745117188
9.596035397407832e-07,1.2764651557972684e-09,15.370339155197144
9.575395552019472e-07,1.2320865439008344e-09,15.378390789031982
9.555408269079635e-07,1.25474286516436e-09,15.38609504699707
9.534624041407369e-07,1.2492439305233916e-09,15.39294695854187
9.514736802884727e-07,1.2244000258121446e-09,15.401326656341553
9.494272035226459e-07,1.2581525821175887e-09,15.408151865005493
9.474073294768459e-07,1.211346023488602e-09,15.415963649749756
9.454124665353447e-07,1.2489290712736079e-09,15.423243522644043
9.433653076484916e-07,1.2193380749536686e-09,15.430188179016113
9.414049486622389e-07,1.219212619751886e-09,15.437542915344238
9.393588698003441e-07,1.2391175863157855e-09,15.44433045387268
9.373911780130584e-07,1.191650000897937e-09,15.452141523361206
9.353885275231733e-07,1.2435733554028161e-09,15.458990097045898
9.333830348623451e-07,1.189617848673663e-09,15.466501712799072
9.314342150901211e-07,1.2205894073247237e-09,15.473782539367676
9.294084293287597e-07,1.2073675392798577e-09,15.48064398765564
9.274743888454395e-07,1.1888974249529838e-09,15.488084077835083
9.254733299712825e-07,1.2208304367433698e-09,15.494930028915405
9.235168931809312e-07,1.168944163687513e-09,15.503379344940186
9.215660838890471e-07,1.213670830502167e-09,15.510468482971191
9.195748020829342e-07,1.176368336075484e-09,15.518980503082275
9.176605999527965e-07,1.1884585537913495e-09,15.525757312774658
9.156694886769401e-07,1.195248677809957e-09,15.533673763275146
9.137533538705611e-07,1.1605469918407607e-09,15.540700912475586
9.117994750340586e-07,1.2018275263869782e-09,15.547604322433472
9.098515079131175e-07,1.153440898349345e-09,15.555062294006348
9.079493565877783e-07,1.1825576073931643e-09,15.562066793441772
9.059757530849311e-07,1.1701506430483732e-09,15.569521188735962
9.040933264259365e-07,1.1534255772716051e-09,15.576287269592285
9.021409823617432e-07,1.1834920821129913e-09,15.584567546844482
9.002366141430684e-07,1.1350619333327927e-09,15.591678619384766
8.983326438283257e-07,1.1784166975559174e-09,15.599709510803223
8.963962727648322e-07,1.139534910876705e-09,15.606509685516357
8.945338549892767e-07,1.1512248931921931e-09,15.614213705062866
8.925916858970595e-07,1.1561703816553859e-09,15.621301889419556
8.907252322387649e-07,1.1267967670036683e-09,15.628283739089966
8.888192155609431e-07,1.1644689656975515e-09,15.635872602462769
8.869257044352707e-07,1.1172665015379835e-09,15.642674684524536
8.850661856740771e-07,1.1507590436110604e-09,15.651432991027832
8.831488571559021e-07,1.1292690116349036e-09,15.658200025558472
8.813146337161015e-07,1.1224379203866874e-09,15.665997982025146
8.794115728960605e-07,1.1415552947369179e-09,15.673039197921753
8.775604101174395e-07,1.1011075384814717e-09,15.680312395095825
8.757003797654761e-07,1.1408947120372659e-09,15.687278985977173
8.738167593946855e-07,1.1044404280013964e-09,15.694016933441162
8.719999300410564e-07,1.1179395187355112e-09,15.701724767684937
8.701080673745309e-07,1.119378034708518e-09,15.708526849746704
8.682921475156036e-07,1.0942065031827042e-09,15.716442584991455
8.66433822466206e-07,1.1255623100225876e-09,15.723378896713257
8.645895377412671e-07,1.0850705889353662e-09,15.73068904876709
8.627760053059319e-07,1.115370573678831e-09,15.737793445587158
8.609130190961878e-07,1.0914902315306563e-09,15.744647979736328
8.591235882704495e-07,1.0901523017636805e-09,15.752227783203125
8.572670822104556e-07,1.1068059801999652e-09,15.759032964706421
8.554653732062434e-07,1.0709106934569945e-09,15.766802310943604
8.536499080946669e-07,1.1082189610434057e-09,15.773681879043579
8.51821937430941e-07,1.0673718575660018e-09,15.780856609344482
8.50044671096839e-07,1.090772694389841e-09,15.788103818893433
8.482027169520734e-07,1.0833022257017433e-09,15.795047998428345
8.464407983410638e-07,1.0612036804857894e-09,15.80241322517395
8.446208994428162e-07,1.094464519013627e-09,15.809394121170044
8.428312980868213e-07,1.0496605806764592e-09,15.817749977111816
8.410597729380243e-07,1.0855401022524802e-09,15.824491024017334
8.392461268158513e-07,1.0556789886706497e-09,15.832594156265259
8.375035918106732e-07,1.0598653066296038e-09,15.83959150314331
8.356897183148249e-07,1.0741439959716104e-09,15.847009897232056
8.339418400282739e-07,1.0367278147072057e-09,15.854259252548218
8.321685527334921e-07,1.0743511635880054e-09,15.861108303070068
8.303878189508396e-07,1.0352582124895093e-09,15.868493556976318
8.286562547255016e-07,1.0580842868535e-09,15.875436782836914
8.268620490525791e-07,1.0486826962363693e-09,15.88362431526184
8.251443546214432e-07,1.0324742172329593e-09,15.890204668045044
8.233690778070013e-07,1.0602426714356739e-09,15.897230386734009
8.216343303502072e-07,1.0143895723402352e-09,15.904321432113647
8.199009471354657e-07,1.0542361428278468e-09,15.91065526008606
8.181348789548792e-07,1.0219614043904812e-09,15.918375492095947
8.164369660335069e-07,1.0309394449237175e-09,15.925073862075806
8.146718073476222e-07,1.0357129598403958e-09,15.93254566192627
8.12970995411888e-07,1.0068883504743553e-09,15.939388513565063
8.112369300761202e-07,1.0418835794112624e-09,15.946290254592896
8.09507525900699e-07,1.002344318656867e-09,15.952983856201172
8.078190489868575e-07,1.0260707838938288e-09,15.959709167480469
8.060699201450916e-07,1.0158330843168528e-09,15.967681169509888
8.043998036555422e-07,9.999164829466167e-10,15.974433660507202
8.026648856684915e-07,1.029670015917361e-09,15.981606006622314
8.009765792849066e-07,9.844403070502494e-10,15.988578081130981
7.992876476237143e-07,1.0223060176173249e-09,15.995448350906372
7.975697826623218e-07,9.882742402211875e-10,16.002440214157104
7.959120580380841e-07,1.0027229047082642e-09,16.0092716217041
7.941927151478012e-07,1.0017944251927702e-09,16.01680564880371
7.925381737550197e-07,9.78393366324326e-10,16.023592472076416
7.908423640401452e-07,1.012839367930951e-09,16.030965566635132
7.891669042692229e-07,9.671464740179658e-10,16.037914514541626
7.875118512856716e-07,1.0031049324510377e-09,16.044943809509277
7.85815245762933e-07,9.761143004993755e-10,16.0521457195282
7.841831575206015e-07,9.791889521437724e-10,16.058927297592163
7.824925774002622e-07,9.92736004512551e-10,16.06695246696472
7.808530995134788e-07,9.582581395051193e-10,16.073791980743408
7.791981602167652e-07,9.938684319976687e-10,16.080912113189697
7.775337280691019e-07,9.549523394269954e-10,16.087941884994507
7.759127811368671e-07,9.778332588084027e-10,16.095051288604736
7.742392540421861e-07,9.670240164183497e-10,16.10356116294861
7.726293347332103e-07,9.521571309178967e-10,16.110766410827637
7.70974679653591e-07,9.785144916563127e-10,16.11924123764038
7.693428187849349e-07,9.420108026958474e-10,16.126035451889038
7.677288067498012e-07,9.719191007562245e-10,16.134384155273438
7.660780170226644e-07,9.466736283769706e-10,16.141661167144775
7.644891297786671e-07,9.49031186969762e-10,16.150047302246094
7.628401021975151e-07,9.614296025972635e-10,16.15704083442688
7.612427452841075e-07,9.310994197875289e-10,16.164270877838135
7.596286764055549e-07,9.636740294638457e-10,16.171448469161987
7.580075589430635e-07,9.289600200190762e-10,16.17868733406067
7.564309498775401e-07,9.462556294081992e-10,16.186467170715332
7.547952804998204e-07,9.42344868803957e-10,16.19332981109619
7.532289600931108e-07,9.241101772694549e-10,16.20101499557495
7.516159712395165e-07,9.488829721959746e-10,16.207980155944824
7.500300966967188e-07,9.111219001489701e-10,16.21567726135254
7.484536013180332e-07,9.433038794526283e-10,16.222537517547607
7.468460694326495e-07,9.164021763652386e-10,16.229805946350098
7.452970862686925e-07,9.229828012990993e-10,16.236839294433594
7.436876217070676e-07,9.325142880101112e-10,16.243810653686523
7.421393206641369e-07,9.000141742987466e-10,16.251442909240723
7.405599262710894e-07,9.361399433416295e-10,16.25831413269043
7.389847951344564e-07,8.959685771081638e-10,16.26620864868164
7.374423489636683e-07,9.240517240272084e-10,16.273163080215454
7.358541438406974e-07,9.058865879651989e-10,16.28027844429016
7.343257948377868e-07,9.023112257366961e-10,16.287222862243652
7.327516868826933e-07,9.165884162776194e-10,16.294058561325073
7.312096386158373e-07,8.876554491443756e-10,16.301473379135132
7.296706030501809e-07,9.139335954699845e-10,16.308451652526855
7.281081479959539e-07,8.88056184145114e-10,16.3161838054657
7.265940666911774e-07,8.995549860557617e-10,16.323039531707764
7.250309863593429e-07,8.983091492886786e-10,16.330276250839233
7.235188377308077e-07,8.804977302823147e-10,16.33721399307251
7.219775284283969e-07,9.064848316420182e-10,16.34404182434082
7.204506005109579e-07,8.68922100938363e-10,16.35145902633667
7.189408961494337e-07,8.995856282112413e-10,16.3582866191864
7.173969152063364e-07,8.758343494896792e-10,16.366198301315308
7.159097208386811e-07,8.768418768845265e-10,16.373252153396606
7.143687525967835e-07,8.918573102256744e-10,16.38065457344055
7.128757602004043e-07,8.57196869041843e-10,16.387620449066162
7.113684432624723e-07,8.916758997834506e-10,16.394429445266724
7.098488481460663e-07,8.579826293875215e-10,16.40194606781006
7.083733066792774e-07,8.765260739451719e-10,16.408806800842285
7.068462650750007e-07,8.719375221843961e-10,16.416662216186523
7.053807280499313e-07,8.522331729210464e-10,16.42343759536743
7.03873126894905e-07,8.801394613122682e-10,16.430598974227905
7.023863304311817e-07,8.422941233376946e-10,16.437937021255493
7.009164733062789e-07,8.714690080680043e-10,16.44494605064392
6.9940949742886e-07,8.504816850773977e-10,16.4524564743042
6.979597060308151e-07,8.525352646060469e-10,16.45922350883484
6.964611998228065e-07,8.607334289756352e-10,16.467156171798706
6.950048714315926e-07,8.343660207188464e-10,16.47407102584839
6.935338774383126e-07,8.634168380261542e-10,16.48156213760376
6.920570854163088e-07,8.316747845960037e-10,16.488393783569336
6.906160479047685e-07,8.518409311264463e-10,16.495641708374023
6.891312978041242e-07,8.410009355586112e-10,16.502624034881592
6.877011173855863e-07,8.30244928362589e-10,16.50950312614441
6.862309760435892e-07,8.511925608800652e-10,16.517531871795654
6.847856184322154e-07,8.184607436234614e-10,16.524375677108765
6.833493557678594e-07,8.461340517129656e-10,16.53156352043152
6.818843871769786e-07,8.234163906273295e-10,16.538421630859375
6.804719419051253e-07,8.2776890897307e-10,16.54564332962036
6.790061775063805e-07,8.38070945974323e-10,16.552642107009888
6.775935617042705e-07,8.074705348803946e-10,16.559420585632324
6.761555368939298e-07,8.406908502678334e-10,16.567097902297974
6.747188763256418e-07,8.045783483900948e-10,16.57392930984497
6.73315980748157e-07,8.265941819907141e-10,16.58113718032837
6.718656777593424e-07,8.165063625220625e-10,16.588247537612915
6.704726729367394e-07,8.076194157879968e-10,16.59530282020569
6.690399914077716e-07,8.24549983846623e-10,16.602345943450928
6.676318093923328e-07,7.968937176805468e-10,16.609323024749756
6.662297096227121e-07,8.217562186274563e-10,16.61712646484375
6.648045314250339e-07,7.989052752677139e-10,16.623921871185303
6.634287501583458e-07,8.033349541136658e-10,16.631141901016235
6.620008434765623e-07,8.097617576474647e-10,16.638185501098633
6.606239821849158e-07,7.853395156409704e-10,16.645098209381104
6.592205181732425e-07,8.138338891683361e-10,16.652575492858887
6.578238753718324e-07,7.800174395278248e-10,16.659367561340332
6.564528689523286e-07,8.034185539074201e-10,16.667192459106445
6.550419584527845e-07,7.892677622578503e-10,16.67426085472107
6.536865271300485e-07,7.834213278101743e-10,16.68160104751587
6.522853368551296e-07,7.999935158764515e-10,16.68861675262451
6.509176841973385e-07,7.714395788838146e-10,16.695675134658813
6.495493494185212e-07,7.965635928641746e-10,16.7026948928833
6.481627679022495e-07,7.717547712005057e-10,16.709619522094727
6.468188189501234e-07,7.822087977338299e-10,16.71754813194275
6.454282583945314e-07,7.825472492228869e-10,16.724700927734375
6.440880611080502e-07,7.637482313249677e-10,16.732386350631714
6.427151220123051e-07,7.913094068889848e-10,16.73988175392151
6.413610549316218e-07,7.540783553139363e-10,16.747138261795044
6.400204028977896e-07,7.823710013177276e-10,16.75409722328186
6.386474069586257e-07,7.621631659127104e-10,16.760918140411377
6.373269911819079e-07,7.625386988507898e-10,16.76813578605652
6.359595658977923e-07,7.741611240952295e-10,16.775273323059082
6.346317036332039e-07,7.470090102046356e-10,16.783319234848022
6.332898578875756e-07,7.773870436267316e-10,16.790324211120605
6.319456247183552e-07,7.440456584184574e-10,16.79753565788269
6.306331101768592e-07,7.6311940100382e-10,16.804399251937866
6.292775083238666e-07,7.557695580473478e-10,16.81167244911194
6.279740318859695e-07,7.433937909695487e-10,16.819016933441162
6.266343461902579e-07,7.646827615559459e-10,16.827011108398438
6.253162041502947e-07,7.331539264576747e-10,16.8357994556427
6.240060770323907e-07,7.602874996237574e-10,16.84284806251526
6.226728714864294e-07,7.363086251821471e-10,16.85090661048889
6.213838332769228e-07,7.423922587790344e-10,16.857946395874023
6.200506845743803e-07,7.485008168828244e-10,16.865800619125366
6.187574967952969e-07,7.277185520848661e-10,16.872810125350952
6.17449416040472e-07,7.522230616174852e-10,16.880215167999268
6.161395731396624e-07,7.244024824437645e-10,16.88741898536682
6.148608235889697e-07,7.391742773421583e-10,16.894196271896362
6.135393277872936e-07,7.342954022604431e-10,16.902041912078857
6.122684794718225e-07,7.22843784828342e-10,16.909001111984253
6.109631272011029e-07,7.410252966799646e-10,16.91677212715149
6.096797733334824e-07,7.123178158430221e-10,16.923777103424072
6.084020469643292e-07,7.372139565475777e-10,16.931122541427612
6.07102265348658e-07,7.158425519016021e-10,16.938443422317505
6.05846480539185e-07,7.213878938649998e-10,16.945615768432617
6.045451073077857e-07,7.281346636744956e-10,16.952744960784912
6.03290004619339e-07,7.039367422301268e-10,16.95974826812744
6.020113119120651e-07,7.315053007772576e-10,16.96767568588257
6.007369393046247e-07,7.004090640805316e-10,16.975214958190918
5.994878051751584e-07,7.206881758037298e-10,16.982898950576782
5.982016091365949e-07,7.094609344449054e-10,16.990123748779297
5.969648668724403e-07,7.026288995071184e-10,16.99735426902771
5.956889594926906e-07,7.187954120801976e-10,17.004533767700195
5.944409053881827e-07,6.920026218715236e-10,17.011969804763794
5.931938744652143e-07,7.156822356968462e-10,17.01907253265381
5.919287104916293e-07,6.941706653940116e-10,17.026142120361328
5.907037348151789e-07,7.015510949948123e-10,17.034021615982056
5.894366950087715e-07,7.036249360936608e-10,17.04118514060974
5.882121172362531e-07,6.867445501157476e-10,17.048259019851685
5.869655979040544e-07,7.074408836516e-10,17.0554358959198
5.857261271557945e-07,6.804570795715392e-10,17.062485933303833
5.845056421094341e-07,7.002313173742891e-10,17.069605112075806
5.832542910866323e-07,6.869427249256432e-10,17.07652521133423
5.820485284857568e-07,6.838145050203082e-10,17.084087371826172
5.80803714456124e-07,6.962122545139948e-10,17.091121435165405
5.795911874884041e-07,6.706350474949829e-10,17.098225831985474
5.783711571893946e-07,6.960937937172673e-10,17.10531497001648
5.771418614131107e-07,6.706130650790953e-10,17.112475872039795
5.759460464105359e-07,6.835534360760676e-10,17.11962628364563
5.747108389186906e-07,6.807382435525255e-10,17.126455545425415
5.735207082580018e-07,6.664303553449713e-10,17.13404154777527
5.723009621760866e-07,6.875153779617449e-10,17.141115427017212
5.710971890948713e-07,6.584930378750187e-10,17.148253202438354
5.69904841540847e-07,6.815058517517514e-10,17.155477046966553
5.68686630231241e-07,6.642154604108441e-10,17.16249680519104
5.675117904502258e-07,6.656277751204698e-10,17.169646501541138
5.66296762372076e-07,6.744405589564906e-10,17.176469802856445
5.651178867083217e-07,6.513749539749369e-10,17.184062242507935
5.639255959977163e-07,6.763809512477792e-10,17.191037893295288
5.62731202080613e-07,6.485841863579367e-10,17.19791889190674
5.61562842449348e-07,6.659647278084435e-10,17.20500135421753
5.603599220194155e-07,6.581699629748528e-10,17.2119779586792
5.592009415522625e-07,6.490858406316136e-10,17.21916937828064
5.58009901396872e-07,6.664541696288495e-10,17.22608232498169
5.568396659327846e-07,6.395308171924796e-10,17.23338556289673
5.5567477375007e-07,6.624463200211039e-10,17.240448474884033
5.544895884668222e-07,6.433911181602525e-10,17.24738121032715
5.533445346372901e-07,6.470067814845493e-10,17.25442624092102
5.521586672330159e-07,6.542882902138558e-10,17.26132607460022
5.510118512574991e-07,6.326394963451776e-10,17.268813133239746
5.498473001352977e-07,6.568212640445381e-10,17.275717973709106
5.486846248459187e-07,6.298438992580202e-10,17.283442735671997
5.475454827319481e-07,6.471191360546413e-10,17.290398359298706
5.46373087217944e-07,6.379810568724054e-10,17.297313928604126
5.452444042930438e-07,6.30935081957773e-10,17.304441690444946
5.440817858470837e-07,6.462337331925028e-10,17.311258792877197
5.429436100712337e-07,6.208025760123803e-10,17.31879687309265
5.41806969067693e-07,6.426049692365154e-10,17.325594902038574
5.406521950135357e-07,6.244881278760772e-10,17.3328914642334
5.395352218329208e-07,6.298638832724635e-10,17.339951515197754
5.383811867432087e-07,6.321066448045087e-10,17.346907138824463
5.372626787902846e-07,6.170898791957313e-10,17.35402250289917
5.361264356906759e-07,6.362616544741684e-10,17.360804557800293
5.349956495592778e-07,6.121214091159288e-10,17.368233680725098
5.338829964784964e-07,6.29037544275235e-10,17.3750901222229
5.327422059053788e-07,6.181142264694017e-10,17.382391691207886
5.316413762557204e-07,6.146938513751365e-10,17.389668703079224
5.305072932060284e-07,6.264538332523273e-10,17.396711111068726
5.294004381539708e-07,6.032857546856008e-10,17.40387272834778
5.282884103507968e-07,6.260049145723201e-10,17.410707712173462
5.271670033835107e-07,6.035824617889318e-10,17.418174028396606
5.260760644887341e-07,6.142858444135868e-10,17.42497205734253
5.249503374216147e-07,6.12437101032981e-10,17.43237805366516
5.238638323135092e-07,5.994011953447398e-10,17.439146995544434
5.227524866313615e-07,6.18143092268042e-10,17.44622564315796
5.216539307184576e-07,5.927734414434838e-10,17.45344352722168
5.205675961406087e-07,6.114950212854353e-10,17.46014428138733
5.194555114940158e-07,5.989224116653702e-10,17.4677312374115
5.183835583011387e-07,5.976213968139632e-10,17.474642276763916
5.172765895622433e-07,6.070745017794366e-10,17.481615781784058
5.162000320524385e-07,5.857030416223097e-10,17.488770008087158
5.151138111614273e-07,6.07636052585292e-10,17.495810508728027
5.140227585798129e-07,5.849423168058365e-10,17.503032207489014
5.129583087182255e-07,5.974808980901969e-10,17.509816646575928
5.118609465171176e-07,5.933026847593226e-10,17.517667293548584
5.108041136736574e-07,5.816115922208098e-10,17.52457070350647
5.097175517221331e-07,6.003966213086187e-10,17.531603574752808
5.086498617856705e-07,5.739842490193325e-10,17.5387966632843
5.075877425042563e-07,5.958999405031307e-10,17.546953439712524
5.065062964604294e-07,5.784439593981006e-10,17.554388284683228
5.054611733612546e-07,5.821557680363298e-10,17.561167240142822
5.043808073423861e-07,5.875145925315906e-10,17.568886518478394
5.033342631577398e-07,5.690290461046743e-10,17.57584524154663
5.022721438763256e-07,5.90191617799718e-10,17.58432102203369
5.012118435843149e-07,5.662950663953836e-10,17.591589212417603
5.001721206099319e-07,5.815521952889924e-10,17.600209712982178
4.99103350648511e-07,5.736391361921278e-10,17.607162952423096
4.980740868631983e-07,5.660933943829605e-10,17.614514589309692
4.970136728843499e-07,5.806840563948867e-10,17.621766567230225
4.959755983691139e-07,5.567863947675278e-10,17.628986597061157
4.949376943841344e-07,5.784896450755639e-10,17.636715173721313
4.93885863761534e-07,5.592971086265663e-10,17.643555164337158
4.928650696456316e-07,5.675050429587714e-10,17.652511596679688
4.918123295283294e-07,5.684623882729056e-10,17.65958333015442
4.907937523057626e-07,5.538801639559665e-10,17.667645931243896
4.897568715023226e-07,5.716018214307894e-10,17.674690008163452
4.887248223894858e-07,5.500501720767659e-10,17.682395935058594
4.877098263023072e-07,5.653570944730291e-10,17.689215660095215
4.86669364363479e-07,5.560210070143512e-10,17.69690990447998
4.856660780205857e-07,5.508601352843812e-10,17.70403504371643
4.846306751460361e-07,5.643453482306882e-10,17.71106481552124
4.836217044612567e-07,5.401211145006357e-10,17.718291521072388
4.826065946872404e-07,5.638907119021042e-10,17.725402355194092
4.815843794858665e-07,5.40708089413755e-10,17.733031511306763
4.805892217518704e-07,5.522416413050735e-10,17.74032425880432
4.795612085217726e-07,5.511432976668118e-10,17.747456312179565
4.785703708876099e-07,5.382077561399967e-10,17.754636526107788
4.775577053806046e-07,5.550275239407654e-10,17.76216197013855
4.7655387902523216e-07,5.33681154823995e-10,17.769673347473145
4.755637519338052e-07,5.487720278196662e-10,17.776723861694336
4.745492105939775e-07,5.394399371638769e-10,17.784392833709717
4.7357082166854525e-07,5.365648481081564e-10,17.79111623764038
4.7256170887521876e-07,5.464925179055058e-10,17.79909110069275
4.715788861631154e-07,5.263093294516352e-10,17.80594801902771
4.705881053723715e-07,5.470136010821136e-10,17.812933444976807
4.6959399924162426e-07,5.244977785423544e-10,17.819961309432983
4.6862217573107046e-07,5.372942091241839e-10,17.82740330696106
4.6762164629399194e-07,5.325371810194213e-10,17.834904193878174
4.666561324029317e-07,5.236047706524971e-10,17.841667652130127
4.656656358292821e-07,5.399786173754251e-10,17.849084615707397
4.6469122594317014e-07,5.165405325691097e-10,17.855881452560425
4.6372232986868767e-07,5.359085397671493e-10,17.863508701324463
4.6273683551589784e-07,5.194824015397614e-10,17.87049126625061
4.6178158186194196e-07,5.242712930453308e-10,17.877222299575806
4.607970822689822e-07,5.283229964625491e-10,17.88521122932434
4.598423686275055e-07,5.11239550693432e-10,17.89223623275757
4.588737283484079e-07,5.304836014907721e-10,17.90002965927124
4.5790608282914036e-07,5.090926569195631e-10,17.90680480003357
4.5695779249399493e-07,5.224214949528516e-10,17.91383171081543
4.5598298470395093e-07,5.162538174730003e-10,17.92071270942688
4.550414018922311e-07,5.105741385236229e-10,17.92764949798584
4.5407611537484627e-07,5.226192256735374e-10,17.934841632843018
4.531284503173083e-07,5.014665904745641e-10,17.94161295890808
4.521808421031892e-07,5.21366838590609e-10,17.94906520843506
4.512214673013659e-07,5.045242557066842e-10,17.95584201812744
4.502908552694862e-07,5.100378452915777e-10,17.962780475616455
4.4933125309398747e-07,5.114891843405189e-10,17.96972393989563
4.4839978841082484e-07,4.989660351562009e-10,17.9764564037323
4.4745470972884505e-07,5.149733417475488e-10,17.98381495475769
4.4651335429080063e-07,4.954744947660572e-10,17.990697860717773
4.4558819922713155e-07,5.076471465415011e-10,17.99773669242859
4.4463843096309574e-07,5.008768400038832e-10,18.004552364349365
4.4372072238729743e-07,4.969409328481333e-10,18.011269092559814
4.427785995630984e-07,5.071729702876837e-10,18.018666982650757
4.418569687913987e-07,4.873470516031375e-10,18.02556324005127
4.409310747632844e-07,5.074352049661002e-10,18.03295874595642
4.399977342472994e-07,4.887372173634219e-10,18.040018320083618
4.3909059854740917e-07,4.958785049247183e-10,18.046894788742065
4.381527389796247e-07,4.976153933355931e-10,18.05406427383423
4.37248672824353e-07,4.831275379757471e-10,18.061132669448853
4.363245409422234e-07,5.010133419247609e-10,18.0688316822052
4.354089071512135e-07,4.788742735684082e-10,18.075910806655884
4.345047557308135e-07,4.952483978470923e-10,18.083505153656006
4.3358011225791415e-07,4.842473089183841e-10,18.090519428253174
4.3268690319564485e-07,4.834587730151441e-10,18.097647428512573
4.317667503528355e-07,4.914392226496034e-10,18.104701042175293
4.3086939172098937e-07,4.738552883409852e-10,18.111611127853394
4.299650981920422e-07,4.932114716638125e-10,18.118850469589233
4.2905801933557086e-07,4.727494506973073e-10,18.12580943107605
4.281712904230517e-07,4.838499600978707e-10,18.134135961532593
4.2725849880298483e-07,4.803950015563885e-10,18.14121389389038
4.263770563284197e-07,4.713284762480896e-10,18.149317026138306
4.254749512710987e-07,4.856251512030951e-10,18.156167030334473
4.245835327765235e-07,4.667659592172413e-10,18.163180351257324
4.237014650243509e-07,4.808434206360346e-10,18.17034912109375
4.228008663176297e-07,4.704450717873954e-10,18.1771023273468
4.2192903038085205e-07,4.711975254423351e-10,18.184947729110718
4.2103189912268135e-07,4.772287010013088e-10,18.191578149795532
4.201592957997491e-07,4.603874781405892e-10,18.19914746284485
4.1927680172193504e-07,4.782826912297367e-10,18.205991983413696
4.183924318112986e-07,4.594673252977799e-10,18.21256113052368
4.175280139406823e-07,4.700282385527998e-10,18.219042539596558
4.1663739125397115e-07,4.675215214966499e-10,18.225407361984253
4.1577970932848984e-07,4.575296530529016e-10,18.233150720596313
4.1489801105853985e-07,4.731752212272511e-10,18.240092992782593
4.140316889333917e-07,4.518178053913857e-10,18.247382164001465
4.1316994270346186e-07,4.682981780135265e-10,18.254284143447876
4.1229205294257554e-07,4.5599440889887433e-10,18.261157989501953
4.11444261771976e-07,4.5685949467966225e-10,18.2699236869812
4.105679636268178e-07,4.625373695166246e-10,18.27711319923401
4.097181545148487e-07,4.469047076849364e-10,18.286064863204956
4.088564367066283e-07,4.6424036836967275e-10,18.292739152908325
4.0799616840558883e-07,4.450490809215779e-10,18.300520181655884
4.0715198679208697e-07,4.5723702601918603e-10,18.307113647460938
4.062853804498445e-07,4.510329887352782e-10,18.313977003097534
4.0544770740780223e-07,4.470022407776497e-10,18.320793390274048
4.045892580961663e-07,4.561332422881037e-10,18.327708959579468
4.037460712424945e-07,4.394031249965735e-10,18.334847450256348
4.0290339597959246e-07,4.5504927603801093e-10,18.341420650482178
4.0204980678026914e-07,4.420983579223048e-10,18.34829616546631
4.0122225186678406e-07,4.4505127361205155e-10,18.3555588722229
4.0036715631686093e-07,4.4942341514975226e-10,18.3621609210968
3.9954082353688136e-07,4.3426012785729995e-10,18.368767738342285
3.9869797774372273e-07,4.5267423143258156e-10,18.375290393829346
3.978624363298877e-07,4.304958611811571e-10,18.382421493530273
3.970365014538402e-07,4.4744025151643996e-10,18.38932967185974
3.9619365566068154e-07,4.3497544455206594e-10,18.39599323272705
3.953770715270366e-07,4.36327002306669e-10,18.40259599685669
3.945386310988397e-07,4.4141743038572656e-10,18.40919327735901
3.93719091107414e-07,4.26984281265419e-10,18.416314363479614
3.9289486153393227e-07,4.421399635301526e-10,18.422887802124023
3.920659139566851e-07,4.265298669814399e-10,18.429693937301636
3.912558099727903e-07,4.355164839875414e-10,18.43625020980835
3.9042387811605295e-07,4.3320028120241716e-10,18.442891597747803
3.896193447872065e-07,4.236299921966946e-10,18.450139045715332
3.887963373472303e-07,4.3726849918712674e-10,18.456862926483154
3.8798302171016985e-07,4.1871928146974824e-10,18.4635066986084
3.8717638517482555e-07,4.343767012748856e-10,18.470099687576294
3.8635610621895466e-07,4.216681170898795e-10,18.47687602043152
3.8556058257199766e-07,4.2375930542348783e-10,18.484225511550903
3.847415257496323e-07,4.287710742012507e-10,18.49074363708496
3.8394327361856995e-07,4.157660327130941e-10,18.497580528259277
3.8313962136271584e-07,4.288944754904378e-10,18.504153966903687
3.823323027063452e-07,4.144050103072061e-10,18.510890007019043
3.8154260550982144e-07,4.2241143916044166e-10,18.518200635910034
3.807309951753268e-07,4.2078043827054046e-10,18.52482771873474
3.799462149345345e-07,4.128619390808552e-10,18.53158974647522
3.791442395595368e-07,4.235873318769734e-10,18.538177013397217
3.783524675782246e-07,4.072562287404935e-10,18.544727087020874
3.77565356757259e-07,4.2114770004708646e-10,18.551997661590576
3.7676579722756287e-07,4.096744887771564e-10,18.558555841445923
3.759901119337883e-07,4.120180030486864e-10,18.565717458724976
3.7519043871725444e-07,4.1732167721519886e-10,18.572324991226196
3.744155492313439e-07,4.020739852172994e-10,18.578922510147095
3.7362869420576317e-07,4.186396229677314e-10,18.585818767547607
3.72843658169586e-07,4.004370723897921e-10,18.592551469802856
3.720731172052183e-07,4.119149465964256e-10,18.59958004951477
3.7128214103177015e-07,4.0616748853139484e-10,18.606144905090332
3.7051813706057146e-07,4.014534260576852e-10,18.613121032714844
3.697336978802923e-07,4.1160017061336873e-10,18.620222806930542
3.689641516757547e-07,3.948784355056745e-10,18.627073764801025
3.681950033751491e-07,4.100451644895031e-10,18.634268760681152
3.674167032841069e-07,3.965593686761082e-10,18.641159057617188
3.6666020264419785e-07,4.0127290379388114e-10,18.648295640945435
3.658809930584539e-07,4.030748790295746e-10,18.655964612960815
3.651253734915372e-07,3.91818050227144e-10,18.663055181503296
3.6435741890272766e-07,4.057090774445271e-10,18.670002937316895
3.6359367072691384e-07,3.889236710463706e-10,18.67688488960266
3.6284080806581187e-07,4.0076802987343285e-10,18.684585571289062
3.6206984077580273e-07,3.9482123126433066e-10,18.692550897598267
3.613261867485562e-07,3.900737788331554e-10,18.700987100601196
3.605604774747917e-07,3.9967942844221227e-10,18.707935571670532
3.598112527924968e-07,3.835545214769809e-10,18.714925289154053
3.590595554214815e-07,3.995767883235857e-10,18.72179102897644
3.5830305478157243e-07,3.83513498736221e-10,18.728665351867676
3.575644598186045e-07,3.913477875094884e-10,18.735610723495483
3.568046338386921e-07,3.9004435792300285e-10,18.742188692092896
3.560682841907692e-07,3.826443606413932e-10,18.7490873336792
3.5531911635189317e-07,3.928111724782468e-10,18.75634503364563
3.5457611602396355e-07,3.780689372678836e-10,18.76343870162964
3.5384050534048583e-07,3.8974834470906217e-10,18.770514488220215
3.5309099644109665e-07,3.8122396905926337e-10,18.777305841445923
3.523644238612178e-07,3.8103020738589066e-10,18.78493881225586
3.516178992413188e-07,3.8661918111415616e-10,18.791881799697876
3.508890245029761e-07,3.734091091889269e-10,18.799108505249023
3.501550054352265e-07,3.8734618290625633e-10,18.807501316070557
3.494179168228584e-07,3.730798725509743e-10,18.81431484222412
3.4869722753683163e-07,3.808038884223208e-10,18.821271896362305
3.479570125364262e-07,3.784134672280004e-10,18.828288078308105
3.472404159765574e-07,3.714925311815165e-10,18.836094856262207
3.4650767588573217e-07,3.827855532545499e-10,18.8433256149292
3.457850255017547e-07,3.667185444200527e-10,18.85168743133545
3.4506683732615784e-07,3.800100512041382e-10,18.858681678771973
3.4433665518918133e-07,3.6968214600641147e-10,18.867228507995605
3.436284998770134e-07,3.712472829153768e-10,18.87486505508423
3.428987156439689e-07,3.768147738281158e-10,18.882779598236084
3.42190958235733e-07,3.62184865432269e-10,18.8900043964386
3.414732532291964e-07,3.7751993198220646e-10,18.89690589904785
3.407560598134296e-07,3.6131414526963113e-10,18.904065370559692
3.4005259408331767e-07,3.7130917784899964e-10,18.911006927490234
3.3933108056771744e-07,3.6629949073940793e-10,18.918701171875
3.3863290127555956e-07,3.6199596098462905e-10,18.925597190856934
3.37917640536034e-07,3.7094319282893196e-10,18.933367490768433
3.3721462955327297e-07,3.5628483496807917e-10,18.940219163894653
3.3651267017376085e-07,3.696459249802331e-10,18.947328329086304
3.358020990162913e-07,3.580969965000236e-10,18.954200744628906
3.351111672600382e-07,3.6190217489462384e-10,18.961064338684082
3.343999708249612e-07,3.641979773316706e-10,18.96864151954651
3.3370974961144384e-07,3.5377370477540637e-10,18.976696968078613
3.3301006396868615e-07,3.6501202060890137e-10,18.98473072052002
3.323115436160151e-07,3.5193456482396357e-10,18.99202585220337
3.3162504564643314e-07,3.6026692740165345e-10,18.999916553497314
3.3092200624196266e-07,3.5600833392379627e-10,19.007479667663574
3.3024079471033474e-07,3.5292566091804645e-10,19.014899492263794
3.2954352491287864e-07,3.597491193829683e-10,19.022279500961304
3.288594712103077e-07,3.4624236810998354e-10,19.02941632270813
3.28172859553888e-07,3.604053444572486e-10,19.037360429763794
3.2748209832789144e-07,3.464373232731077e-10,19.04417085647583
3.268076795848174e-07,3.5306876866592063e-10,19.05219578742981
3.261142467181344e-07,3.5241706775046566e-10,19.05915093421936
3.254424143506185e-07,3.4425995387721287e-10,19.067744970321655
3.247577922138589e-07,3.5558669897461925e-10,19.074687719345093
3.24079223901208e-07,3.407604198812919e-10,19.08272361755371
3.234081873415562e-07,3.5181071944556663e-10,19.089668035507202
3.227234799396683e-07,3.443594853713705e-10,19.09716534614563
3.2206008881985326e-07,3.4341157695294555e-10,19.104403495788574
3.213786499145499e-07,3.4932398640386e-10,19.111178159713745
3.207127861060144e-07,3.367979783952535e-10,19.118783473968506
3.200431137884152e-07,3.495073397363768e-10,19.125771284103394
3.1936991717884666e-07,3.368379186685644e-10,19.134522199630737
3.1871189776211395e-07,3.4336258836198397e-10,19.1420476436615
3.1803614319869666e-07,3.4181857344606215e-10,19.15046739578247
3.173815343870956e-07,3.349953925368965e-10,19.157393217086792
3.1671308420300193e-07,3.4511996038766313e-10,19.164968729019165
3.160528194712242e-07,3.3086650086389113e-10,19.172194004058838
3.153972443215025e-07,3.423561989457369e-10,19.17952299118042
3.1473058470510296e-07,3.3354832784660005e-10,19.187159299850464
3.140838202853047e-07,3.3450647807242717e-10,19.19431471824646
3.134187238629238e-07,3.3863858939220393e-10,19.202173948287964
3.127707941530389e-07,3.2734467914075083e-10,19.209304809570312
3.1211632744998496e-07,3.3960489975726205e-10,19.217522144317627
3.1146140599958017e-07,3.263112002827029e-10,19.22495198249817
3.108195301138039e-07,3.337004006453981e-10,19.23328185081482
3.1016031698527513e-07,3.314322427616645e-10,19.24025297164917
3.0952261909078516e-07,3.2575900310582995e-10,19.247814893722534
3.088700566422631e-07,3.350402177915157e-10,19.255496740341187
3.082274986354605e-07,3.2129365834521195e-10,19.26255440711975
3.075870722568652e-07,3.332248366127999e-10,19.26975917816162
3.069381193654408e-07,3.231280798488001e-10,19.276763916015625
3.063076121634367e-07,3.253866898145219e-10,19.285146713256836
3.0565834663320857e-07,3.286003968927531e-10,19.292473316192627
3.0502764047923847e-07,3.183180663501872e-10,19.30109167098999
3.0438832254731096e-07,3.3015973288641476e-10,19.307931661605835
3.037510794001719e-07,3.165542272753896e-10,19.316708087921143
3.0312381227304286e-07,3.2571673136416734e-10,19.32401466369629
3.0248261850829294e-07,3.1990593507558174e-10,19.332583904266357
3.018603536020237e-07,3.1821426049738477e-10,19.339766025543213
3.0122328098514117e-07,3.245015922637151e-10,19.347145080566406
3.0059845812502317e-07,3.125004699455758e-10,19.355034589767456
2.9997249839652795e-07,3.2407759809061076e-10,19.36241054534912
2.9934142276033526e-07,3.1268596045741504e-10,19.370134353637695
2.9872501272620866e-07,3.1818475632050536e-10,19.3769690990448
2.980927717999293e-07,3.1757346752314675e-10,19.38622212409973
2.9747852181571943e-07,3.1059269045563553e-10,19.39312744140625
2.9685389790756744e-07,3.2043478981336193e-10,19.401549100875854
2.9623450359395065e-07,3.069136611522083e-10,19.408589124679565
2.956210209958954e-07,3.1771432706939606e-10,19.416674375534058
2.949963118226151e-07,3.103385048941476e-10,19.423943281173706
2.943903893992683e-07,3.0982744148033703e-10,19.431074857711792
2.9376823817983677e-07,3.151151284352949e-10,19.438544988632202
2.93160070441445e-07,3.0375951753924824e-10,19.44594955444336
2.9254866262817814e-07,3.1523106347464136e-10,19.453929901123047
2.9193395789661736e-07,3.0383895399666017e-10,19.460798740386963
2.913330092724209e-07,3.0955682461808465e-10,19.468709230422974
2.9071628659949056e-07,3.082779032048677e-10,19.47558903694153
2.901179811942711e-07,3.0218944013782334e-10,19.483373880386353
2.8950788077963807e-07,3.11354692028587e-10,19.490768671035767
2.8890528369629465e-07,2.978751412197056e-10,19.497692823410034
2.88306040374664e-07,3.0930338845713834e-10,19.50488257408142
2.876976736843062e-07,3.005589388482832e-10,19.512197732925415
2.8710681476695754e-07,3.019384464675312e-10,19.519673347473145
2.865000112706184e-07,3.049608343630439e-10,19.526434659957886
2.859080723283114e-07,2.950374389243393e-10,19.534695625305176
2.8531013640531455e-07,3.0661806427190186e-10,19.541573762893677
2.8471231416915543e-07,2.9419058855673086e-10,19.54938817024231
2.84125434291127e-07,3.018709171520584e-10,19.556647539138794
2.8352428671496455e-07,2.984425762075915e-10,19.563667058944702
2.829420395755733e-07,2.937035059602522e-10,19.57071852684021
2.823460079071083e-07,3.020426686539679e-10,19.57766628265381
2.817587585468573e-07,2.900319706622412e-10,19.585792064666748
2.8117437977925874e-07,3.001509596423091e-10,19.593424558639526
2.8058161660737824e-07,2.9186536520953155e-10,19.60216522216797
2.800051674967108e-07,2.9389096711796014e-10,19.60971426963806
2.794131717109849e-07,2.9613822505325516e-10,19.61817741394043
2.788367510220269e-07,2.8732882739745946e-10,19.62539577484131
2.7825305437545467e-07,2.977186552843847e-10,19.633901357650757
2.7767120513999544e-07,2.8554383857404275e-10,19.64113688468933
2.770980245259125e-07,2.937659004942361e-10,19.64940094947815
2.76512395203099e-07,2.8900667969899985e-10,19.656699895858765
2.7594484208748327e-07,2.861211267912722e-10,19.66401243209839
2.7536299285202404e-07,2.9285737723760974e-10,19.671287059783936
2.747917164924729e-07,2.8184779510276314e-10,19.678467988967896
2.7422049697634066e-07,2.9209606955404865e-10,19.686336517333984
2.7364362154003175e-07,2.8282634567666776e-10,19.693437099456787
2.730810990669852e-07,2.864615489261979e-10,19.701558351516724
2.7250371203990653e-07,2.869088577828194e-10,19.708519458770752
2.7194295171284466e-07,2.793232312114924e-10,19.716650009155273
2.7137215852235386e-07,2.895849671169515e-10,19.723776817321777
2.708066233481077e-07,2.764427020629512e-10,19.732729196548462
2.702463177683967e-07,2.8681024222265705e-10,19.739779233932495
2.696758372167096e-07,2.7973764971100934e-10,19.746927738189697
2.6912283601632225e-07,2.789332653740928e-10,19.754331350326538
2.6855465762309905e-07,2.8399968488024285e-10,19.761656522750854
2.679987005649309e-07,2.740376536802813e-10,19.769391775131226
2.674404981917178e-07,2.842252821988467e-10,19.776020526885986
2.6687919785217673e-07,2.7412930259096413e-10,19.784345865249634
2.6633011884769076e-07,2.792804598694687e-10,19.791476726531982
2.6576717004900274e-07,2.780012886560712e-10,19.799467086791992
2.652205353115278e-07,2.7264468460685976e-10,19.80701446533203
2.646639529757522e-07,2.801341381086786e-10,19.814024209976196
2.641125149693835e-07,2.698455625615992e-10,19.821345329284668
2.635659654970368e-07,2.7820099002262566e-10,19.828298568725586
2.6301091793357045e-07,2.7118057799313533e-10,19.835363149642944
2.624706496590079e-07,2.721400049754408e-10,19.842321157455444
2.6191673896391876e-07,2.753214600748066e-10,19.851120471954346
2.613757033032016e-07,2.666054321753819e-10,19.858463048934937
2.6082994963871897e-07,2.7663624169171896e-10,19.867087364196777
2.602841675525269e-07,2.6540017405984884e-10,19.87455105781555
2.597475656784809e-07,2.7272425984214976e-10,19.88273549079895
2.5919905510818353e-07,2.692522316216639e-10,19.88981819152832
2.586664891168766e-07,2.6591506774309437e-10,19.896864414215088
2.581224975983787e-07,2.726259773488948e-10,19.90428328514099
2.575870325927099e-07,2.6133728514565746e-10,19.911346673965454
2.570525339251617e-07,2.712462199294663e-10,19.91867232322693
2.565111856256408e-07,2.6356300475427474e-10,19.925519943237305
2.5598524189263117e-07,2.647769226093999e-10,19.933844327926636
2.5544386517140083e-07,2.682438438039725e-10,19.941092491149902
2.549180351252289e-07,2.583802616307196e-10,19.949406623840332
2.543849006997334e-07,2.692343015198162e-10,19.956584930419922
2.538527894557774e-07,2.579269020586139e-10,19.963738918304443
2.5333022790619e-07,2.646224350755233e-10,19.971479654312134
2.527949050090683e-07,2.614233274300659e-10,19.97887897491455
2.5227612354683515e-07,2.582517533156192e-10,19.986364364624023
2.5174477968903375e-07,2.653491593118673e-10,19.993492603302002
2.5122361080320843e-07,2.5356944322041386e-10,20.00191020965576
2.5070127662729647e-07,2.6479674009038945e-10,20.00909948348999
2.5017442339958507e-07,2.550452626870481e-10,20.017138719558716
2.496608715318871e-07,2.588970982042582e-10,20.02409315109253
2.491332793397305e-07,2.594214565387887e-10,20.03105902671814
2.4862114855750406e-07,2.5201837838828567e-10,20.038801431655884
2.48099865984841e-07,2.618850691860075e-10,20.046046018600464
2.475831024639774e-07,2.4962160116714927e-10,20.053162336349487
2.470719380198716e-07,2.583717684245812e-10,20.060041427612305
2.4655065544720856e-07,2.5280438853414466e-10,20.06846570968628
2.4604500481473224e-07,2.518843189580622e-10,20.075462102890015
2.455265075695934e-07,2.566414580851273e-10,20.083320379257202
2.450186684654909e-07,2.471289839434121e-10,20.090328693389893
2.4450912405882264e-07,2.565052337200058e-10,20.097362279891968
2.439956006128341e-07,2.4826710132153096e-10,20.104772090911865
2.4349449745386664e-07,2.517492048159653e-10,20.111692905426025
2.4298071821249323e-07,2.512185737213457e-10,20.11932110786438
2.4248097929557844e-07,2.458626080503734e-10,20.12637495994568
2.4197282755267224e-07,2.5355717525599175e-10,20.13477849960327
2.414691948615655e-07,2.432992141088164e-10,20.141868352890015
2.4097016648738645e-07,2.5124846647628374e-10,20.150481462478638
2.4046198632277083e-07,2.4624788319549396e-10,20.157291173934937
2.3996938125492306e-07,2.450369351869597e-10,20.164949417114258
2.3946290639287326e-07,2.503391105523889e-10,20.17216968536377
2.3896907919152e-07,2.3982774099984283e-10,20.17927122116089
2.3847107399888046e-07,2.5019053495611843e-10,20.186336278915405
2.3797122139512794e-07,2.40504338666625e-10,20.19318199157715
2.374820837758307e-07,2.4570626089293057e-10,20.201776266098022
2.3698062534549535e-07,2.4407662002623454e-10,20.208803176879883
2.3649455727081659e-07,2.3910640134516825e-10,20.216670274734497
2.359974331511694e-07,2.472014537513445e-10,20.22368597984314
2.3550799710392312e-07,2.3548990535360304e-10,20.231838941574097
2.350201953049691e-07,2.452030245514436e-10,20.239543676376343
2.3452530228951218e-07,2.3818785832574463e-10,20.246827125549316
2.3404497540013836e-07,2.3888124811577427e-10,20.254180431365967
2.335510629336568e-07,2.418983902074956e-10,20.26114249229431
2.3306930074795673e-07,2.3436916296581956e-10,20.268863439559937
2.3258310477558553e-07,2.428368339746356e-10,20.275789737701416
2.320975340808218e-07,2.3285751105106556e-10,20.28387999534607
2.3161945250649296e-07,2.392245845861396e-10,20.290863275527954
2.3113099700822204e-07,2.3592219844381646e-10,20.299355030059814
2.3065678078637575e-07,2.332743720412367e-10,20.30659031867981
2.3017159378468932e-07,2.3970544993368037e-10,20.313688039779663
2.2969527435634518e-07,2.291036527157786e-10,20.321598768234253
2.2921877018688974e-07,2.385088515577394e-10,20.328861951828003
2.2873737748341227e-07,2.304368224015363e-10,20.336745977401733
2.2826809242815216e-07,2.3331903076240224e-10,20.34382438659668
2.277865149835634e-07,2.342845639713431e-10,20.352471113204956
2.2731735782599571e-07,2.2842235047892956e-10,20.359783172607422
2.2684233158543066e-07,2.3603638488189915e-10,20.368194341659546
2.2636984908785962e-07,2.2624299655937818e-10,20.375853061676025
2.2590293724533694e-07,2.332825599360433e-10,20.38405132293701
2.2542664623870223e-07,2.2941726296465959e-10,20.391770362854004
2.2496489293644117e-07,2.2715659908634223e-10,20.40014958381653
2.244914441007495e-07,2.3245201596910903e-10,20.408067226409912
2.2402679178412654e-07,2.237522944703585e-10,20.414968013763428
2.235616847201527e-07,2.3203246268810318e-10,20.422953367233276
2.2309291125566233e-07,2.2426036028200258e-10,20.430147647857666
2.2263476751049893e-07,2.2774104824208052e-10,20.437188625335693
2.2216568140720483e-07,2.268839560670699e-10,20.444037914276123
2.2170887348238466e-07,2.2228953400205143e-10,20.452268362045288
2.2124439169601828e-07,2.2949385447557091e-10,20.459781885147095
2.2078484107623808e-07,2.1946479356049764e-10,20.468137979507446
2.2032865842902538e-07,2.2726492909797003e-10,20.475011110305786
2.1986456033573631e-07,2.2227363005722367e-10,20.484447956085205
2.1941447414519644e-07,2.2139877431381905e-10,20.491371154785156
2.1895225188472978e-07,2.2547497202651812e-10,20.49948740005493
2.1850046039162407e-07,2.1708301822798148e-10,20.506789684295654
2.1804534355851501e-07,2.261714565632289e-10,20.514076471328735
2.175893314415589e-07,2.1707606545628977e-10,20.52109122276306
2.1714208742196206e-07,2.2214963202316085e-10,20.52788734436035
2.1668466843038914e-07,2.1966456431599113e-10,20.535390377044678
2.162398544669486e-07,2.1660717663962714e-10,20.54220175743103
2.1578584608050733e-07,2.2293683565877132e-10,20.549845457077026
2.1533895733227837e-07,2.1289889295950104e-10,20.557057857513428
2.1489302071131533e-07,2.214546185319577e-10,20.563970804214478
2.1444122921820963e-07,2.1501919689193016e-10,20.57106876373291
2.1400160221674014e-07,2.1654381066049666e-10,20.577897787094116
2.1355073442919092e-07,2.1833392038761446e-10,20.585279941558838
2.1311115006028558e-07,2.117020309055917e-10,20.592198610305786
2.1266693295274308e-07,2.187568459710576e-10,20.599798917770386
2.122231137491326e-07,2.1049398335470926e-10,20.607175588607788
2.1178615838834958e-07,2.1592914956070075e-10,20.614115715026855
2.113402786108054e-07,2.1287956120108475e-10,20.62112593650818
2.1090664859002572e-07,2.109005609041148e-10,20.6280779838562
2.1046376730282645e-07,2.158015294240201e-10,20.63541078567505
2.1002836092520738e-07,2.0729869210089902e-10,20.642202854156494
2.0959288349331473e-07,2.1518629933492406e-10,20.650590419769287
2.0915337017868296e-07,2.0814218404385798e-10,20.657570362091064
2.0872427342055744e-07,2.1084292645134894e-10,20.664413452148438
2.0828456115395966e-07,2.1143854722627253e-10,20.671475410461426
2.078563738905359e-07,2.0590240623619138e-10,20.678846836090088
2.0742213280300348e-07,2.1304527586529787e-10,20.686158895492554
2.0699020808478963e-07,2.044204389095583e-10,20.692927360534668
2.065637261239317e-07,2.104293961302517e-10,20.700690507888794
2.0612893081306538e-07,2.0677154433101919e-10,20.707754850387573
2.0570647052409186e-07,2.0545663781401657e-10,20.714969873428345
2.0527420474536484e-07,2.0969073699639296e-10,20.722152709960938
2.0484969809331233e-07,2.023616274549056e-10,20.729318618774414
2.044249924892938e-07,2.090259215714596e-10,20.736546516418457
2.0399680522587005e-07,2.0247394039163424e-10,20.743581295013428
2.0357802554826776e-07,2.0533498512609327e-10,20.751204252243042
2.0314934090492898e-07,2.053249098521448e-10,20.75854253768921
2.0273202494536235e-07,2.006846216984215e-10,20.76627278327942
2.0230807251664373e-07,2.070981580670761e-10,20.773446798324585
2.0188760174733034e-07,1.9870509404551484e-10,20.781036853790283
2.014710247522089e-07,2.0522329668981598e-10,20.788232803344727
2.0104756970340532e-07,2.0062972116985378e-10,20.795531749725342
2.0063501438016829e-07,2.0118873234054035e-10,20.803025484085083
2.002138046464097e-07,2.0300179592869227e-10,20.810175895690918
1.998002545633426e-07,1.975911517737572e-10,20.8183913230896
1.99385283394804e-07,2.0321776206255748e-10,20.82536745071411
1.9896869218882784e-07,1.967532803348604e-10,20.83291792869568
1.9855970379012433e-07,2.0029239378160923e-10,20.8403217792511
1.9814183360722382e-07,1.9921794769395262e-10,20.847322940826416
1.9773524684296717e-07,1.9564738718003127e-10,20.85443425178528
1.9732111411485675e-07,2.014292760366132e-10,20.86179256439209
1.9691204045102495e-07,1.931021870182903e-10,20.869028568267822
1.9650495630685327e-07,2.001555865493998e-10,20.87629771232605
1.960924578270351e-07,1.9452317534529584e-10,20.88401961326599
1.9569063169910805e-07,1.9565395137366437e-10,20.891058921813965
1.9527891481629922e-07,1.976430408223706e-10,20.899088382720947
1.948764634107647e-07,1.9201827627934875e-10,20.906595945358276
1.9447111299086828e-07,1.9799260841946165e-10,20.913650274276733
1.9406537887789455e-07,1.9100061809940172e-10,20.920944929122925
1.9366623860150867e-07,1.9534471262794284e-10,20.928079843521118
1.9325884181853326e-07,1.9316964694482408e-10,20.935662031173706
1.9286255792394513e-07,1.9081175528512517e-10,20.942864656448364
1.924582306855882e-07,1.9556085917304955e-10,20.9506573677063
1.9205997148219467e-07,1.8789217404169278e-10,20.95822286605835
1.9166235176726332e-07,1.948226857617641e-10,20.96578311920166
1.9126061090446456e-07,1.8888074437839464e-10,20.97318935394287
1.908686044771457e-07,1.9074898605087043e-10,20.980315923690796
1.9046696309032995e-07,1.9180085297776372e-10,20.987741470336914
1.900754256212167e-07,1.8644148724877851e-10,20.99502396583557
1.8967892856380786e-07,1.930318543896803e-10,21.002254962921143
1.8928368206161394e-07,1.8581204630496728e-10,21.009311199188232
1.88894475172674e-07,1.902118879071324e-10,21.016910314559937
1.8849721072911052e-07,1.876780120202426e-10,21.02410864830017
1.8811095969795133e-07,1.8589159378468167e-10,21.031031847000122
1.877162532082366e-07,1.900193752346624e-10,21.03819489479065
1.8732845319391345e-07,1.827163281786781e-10,21.04538917541504
1.869400847454017e-07,1.8970981729982128e-10,21.052460432052612
1.865488741259469e-07,1.831817753039644e-10,21.059723377227783
1.861662610735948e-07,1.8600676554569873e-10,21.067386150360107
1.8577405569430994e-07,1.8668577794755947e-10,21.074329376220703
1.8539331847478024e-07,1.8107221277929852e-10,21.081176042556763
1.8500573162327782e-07,1.878820987677443e-10,21.088184118270874
1.8462145590092405e-07,1.794458054371617e-10,21.095057725906372
1.8424081815737736e-07,1.8573739768434905e-10,21.102253913879395
1.8385341604698624e-07,1.8192138073747088e-10,21.109148502349854
1.8347753893976915e-07,1.8081634800548585e-10,21.116909742355347
1.8309175686681556e-07,1.8451296046606558e-10,21.123845100402832
1.827144160415628e-07,1.772901825347617e-10,21.130672454833984
1.8233447462989716e-07,1.850977843220747e-10,21.137712717056274
1.8195422057942778e-07,1.7682459663159733e-10,21.14461040496826
1.8158057457640098e-07,1.8153596681447226e-10,21.152198791503906
1.811984589039639e-07,1.797867549280241e-10,21.159124851226807
1.8082711505940097e-07,1.7688051023867501e-10,21.16708993911743
1.8044815419671068e-07,1.825247036846278e-10,21.174059867858887
1.8007503399530833e-07,1.7396611928788275e-10,21.181029081344604
1.7970235433040216e-07,1.817187650354768e-10,21.188162803649902
1.793260366866889e-07,1.75044201355945e-10,21.195394277572632
1.7895864345973678e-07,1.7721263345649163e-10,21.202533721923828
1.7858229739431408e-07,1.7816319253238788e-10,21.21053671836853
1.7821524522787513e-07,1.7294639331755235e-10,21.21883749961853
1.7784398664844048e-07,1.7916011729735004e-10,21.225960731506348
1.7747368019627174e-07,1.7195207757669806e-10,21.234241008758545
1.7710824806727032e-07,1.7735113377881362e-10,21.241157293319702
1.7673666263817722e-07,1.7364093496397004e-10,21.247968673706055
1.76374413740632e-07,1.7281943931468646e-10,21.254839658737183
1.7600476098778017e-07,1.7617328429420098e-10,21.262086868286133
1.7564093468536157e-07,1.7008232322535122e-10,21.269125938415527
1.7527763418456743e-07,1.7537596375127862e-10,21.27601957321167
1.7491035464445304e-07,1.710103725294232e-10,21.28356695175171
1.7455215584050165e-07,1.7188107881427328e-10,21.29040765762329
1.74185288415174e-07,1.731444987385089e-10,21.297367572784424
1.7382743067173578e-07,1.6826418036686164e-10,21.30464196205139
1.7346495440051513e-07,1.7420119513555932e-10,21.311707496643066
1.731043823838263e-07,1.6703362304415492e-10,21.31898069381714
1.7274801678013318e-07,1.721617015615351e-10,21.32603168487549
1.7238531313523708e-07,1.6882206743673578e-10,21.333919286727905
1.7203227287154732e-07,1.6812894132467449e-10,21.340760231018066
1.7167140242690948e-07,1.7129003770932627e-10,21.347707986831665
1.7131742424680851e-07,1.6502700594944741e-10,21.354618787765503
1.709620960355096e-07,1.7128826135248687e-10,21.361414432525635
1.7060496304566186e-07,1.6517860690345998e-10,21.368826150894165
1.702550918025736e-07,1.6812730374571316e-10,21.375932216644287
1.6989720563742594e-07,1.6764424570769876e-10,21.38398838043213
1.6954874126895447e-07,1.6417818493597025e-10,21.391000747680664
1.6919453571517806e-07,1.6928820845141246e-10,21.398313760757446
1.688438260316616e-07,1.623131906658415e-10,21.405595302581787
1.6849557482601085e-07,1.679542060983863e-10,21.413156747817993
1.6814222192351735e-07,1.638113672486341e-10,21.420326948165894
1.677979781788963e-07,1.640864388807728e-10,21.427414894104004
1.6744570530136116e-07,1.663155863029786e-10,21.434978723526
1.671010778636628e-07,1.6065318519942196e-10,21.442063331604004
1.667538072069874e-07,1.668410548605337e-10,21.45027446746826
1.6640626654407242e-07,1.602087351670889e-10,21.457155466079712
1.660645665424454e-07,1.6422045667763285e-10,21.464049100875854
1.6571566163747775e-07,1.6249858403316608e-10,21.47113299369812
1.6537612168576743e-07,1.6016016290976154e-10,21.478744745254517
1.6503018684943527e-07,1.6432979976777062e-10,21.485692501068115
1.646889131734497e-07,1.5750578619133648e-10,21.492454528808594
1.6434839267276402e-07,1.6377232903153072e-10,21.500075578689575
1.6400443314523727e-07,1.5852348600464694e-10,21.507774829864502
1.6366853117233404e-07,1.601757337876819e-10,21.514915466308594
1.6332479901848274e-07,1.6115229983793e-10,21.52222490310669
1.6298922389523796e-07,1.5652519558262412e-10,21.529287338256836
1.626499397389125e-07,1.6209451836335376e-10,21.536444425582886
1.623116219207077e-07,1.5558913879498704e-10,21.54348921775818
1.619778942085759e-07,1.5999525315724128e-10,21.550985097885132
1.6163789950951468e-07,1.5752507631638935e-10,21.557842016220093
1.6130719870943722e-07,1.5578349721323548e-10,21.566242456436157
1.6096899457807012e-07,1.5999072899841593e-10,21.57335638999939
1.6063681584910228e-07,1.532738241882825e-10,21.58060336112976
1.6030436711389484e-07,1.594687437656006e-10,21.587632179260254
1.5996924673800095e-07,1.539488397872546e-10,21.594392776489258
1.5964157284997782e-07,1.5621448579139496e-10,21.60154151916504
1.5930621088955377e-07,1.564138124576786e-10,21.608453512191772
1.589793470202494e-07,1.524966680710449e-10,21.615764379501343
1.5864789304487203e-07,1.576095226551999e-10,21.62294054031372
1.5831858490855666e-07,1.5110890316805126e-10,21.630128622055054
1.5799258790138992e-07,1.5592302449185524e-10,21.63737463951111
1.5766133287797857e-07,1.526332532586494e-10,21.644623517990112
1.5733859015654161e-07,1.5228938943234738e-10,21.652002573013306
1.570087704294565e-07,1.5486881221882243e-10,21.659328937530518
1.5668537400870264e-07,1.4933526637506134e-10,21.66733145713806
1.5636041439393011e-07,1.550279071782512e-10,21.674278736114502
1.5603427527821623e-07,1.493176138289698e-10,21.68176507949829
1.557142610408846e-07,1.523402098912996e-10,21.68872618675232
1.553872834847425e-07,1.5155586507997754e-10,21.695982456207275
1.550688750739937e-07,1.4865801645225218e-10,21.70298171043396
1.547449812733248e-07,1.5318399326780252e-10,21.709909915924072
1.544248107165913e-07,1.464696003372623e-10,21.717662572860718
1.5410600440191047e-07,1.5227881455803782e-10,21.724688291549683
1.5378340378902067e-07,1.4771286971360098e-10,21.732431411743164
1.5346861914622423e-07,1.4877973852911452e-10,21.739471435546875
1.531466580217966e-07,1.5018172816461117e-10,21.74653911590576
1.5283183074643603e-07,1.4555912031255502e-10,21.7535502910614
1.5251421814355126e-07,1.50800150144903e-10,21.76066756248474
1.521968044926325e-07,1.4495911415668417e-10,21.76822519302368
1.5188432200829993e-07,1.4858279884233383e-10,21.77518129348755
1.5156557253703795e-07,1.4687409621849667e-10,21.782912254333496
1.512552643134768e-07,1.4493846400842614e-10,21.78990364074707
1.5093895910922583e-07,1.486394202165897e-10,21.79727268218994
1.5062711611335544e-07,1.4276091420128978e-10,21.80428910255432
1.503158699733831e-07,1.480402189724117e-10,21.81138586997986
1.5000158271050168e-07,1.4343227994206842e-10,21.818711280822754
1.4969450035096088e-07,1.449432102118564e-10,21.82567310333252
1.4938035519662662e-07,1.4568402040282535e-10,21.83374524116516
1.4907374179529143e-07,1.4168889672649954e-10,21.84071636199951
1.48763447782585e-07,1.465960408619793e-10,21.84778618812561
1.484547027530425e-07,1.4046086516117384e-10,21.854843378067017
1.4814916937666567e-07,1.4507055279278092e-10,21.86222219467163
1.4783861956857436e-07,1.4216064436745057e-10,21.869234323501587
1.47536155736816e-07,1.4150329519235783e-10,21.876221179962158
1.4722716912274336e-07,1.442718861044412e-10,21.883850574493408
1.4692371053115494e-07,1.389084541836283e-10,21.890822887420654
1.4661945613170246e-07,1.441461533469024e-10,21.897949934005737
1.463136243273766e-07,1.3905165907601713e-10,21.904905080795288
1.4601376108203112e-07,1.414892092377329e-10,21.912060260772705
1.4570736084351665e-07,1.4115864033215075e-10,21.919267654418945
1.4540874815338611e-07,1.381190578575442e-10,21.926093101501465
1.4510573009829386e-07,1.421257278533261e-10,21.934566020965576
1.4480481524969946e-07,1.3689897826463238e-10,21.941808223724365
1.4450667151777452e-07,1.4099028888825416e-10,21.949394941329956
1.44204065577469e-07,1.380514175197689e-10,21.95643401145935
1.439090340227267e-07,1.3788958863614198e-10,21.963616847991943
1.436076502159267e-07,1.3977886903493442e-10,21.9704430103302
1.433119649618675e-07,1.3539885879154667e-10,21.977237462997437
1.4301475914635375e-07,1.401318922011896e-10,21.984946727752686
1.4271699910750613e-07,1.3505103979571942e-10,21.991798400878906
1.424241844460994e-07,1.3796361275630886e-10,21.999152660369873
1.4212569965366129e-07,1.3650046370994318e-10,22.006463766098022
1.4183440555370908e-07,1.3496780082444815e-10,22.013593673706055
1.415382797631537e-07,1.3821181699125162e-10,22.020617961883545
1.412457777405507e-07,1.329875654043633e-10,22.027660131454468
1.409542278452136e-07,1.3759830774784376e-10,22.03486204147339
1.4065965103782219e-07,1.3363252171494366e-10,22.041613578796387
1.403717533321469e-07,1.347551376040812e-10,22.049073219299316
1.4007761706125166e-07,1.3542983401393371e-10,22.056097507476807
1.3978977619899524e-07,1.320294568118996e-10,22.06314468383789
1.3949927790690708e-07,1.3630324646740632e-10,22.070403814315796
1.3920953279011883e-07,1.3118477137918916e-10,22.077407598495483
1.3892375250179612e-07,1.343239547368924e-10,22.08494472503662
1.3863234471500618e-07,1.3294419731746387e-10,22.09187364578247
1.3834895185027563e-07,1.3099735185484462e-10,22.099089860916138
1.380596046374194e-07,1.3450000835302234e-10,22.10603618621826
1.377745917352513e-07,1.2932134529908268e-10,22.113094806671143
1.3748991989359638e-07,1.3406437071594723e-10,22.120086431503296
1.372029458934776e-07,1.29742813714806e-10,22.126955270767212
1.3692202571746748e-07,1.3151668643018866e-10,22.135408878326416
1.3663512277162226e-07,1.3139107857274013e-10,22.142664670944214
1.3635488471663848e-07,1.2848558328393267e-10,22.15115761756897
1.3607102289370232e-07,1.3247196395393956e-10,22.158781051635742
1.3578882374076784e-07,1.2748235800330576e-10,22.167792081832886
1.355097509758707e-07,1.3099663020987862e-10,22.175567150115967
1.3522591757464397e-07,1.287848577780082e-10,22.182984828948975
1.3494917538992013e-07,1.2829234896649666e-10,22.189913749694824
1.3466680570672906e-07,1.3059781034385765e-10,22.19688606262207
1.3438983614832978e-07,1.2560036344311243e-10,22.203814268112183
1.3411143129360426e-07,1.306124652877827e-10,22.21058964729309
1.3383200325733924e-07,1.2573819763161964e-10,22.21834921836853
1.3355786165902828e-07,1.2827472417598074e-10,22.225160360336304
1.3327786518857465e-07,1.276388994497779e-10,22.232422828674316
1.3300471835009375e-07,1.2546857997008942e-10,22.239524364471436
1.327274929963096e-07,1.290871576298258e-10,22.246445655822754
1.324529534940666e-07,1.2397705084765676e-10,22.25342583656311
1.3218024719208188e-07,1.2789493075704428e-10,22.260371923446655
1.319035760616316e-07,1.2521000902765422e-10,22.26771903038025
1.3163403878024837e-07,1.24921906152764e-10,22.274538278579712
1.3135813503595273e-07,1.2722116415897489e-10,22.281644821166992
1.3108825669405633e-07,1.2247512726215604e-10,22.28872036933899
1.3081653094104695e-07,1.2712159103145382e-10,22.296009302139282
1.3054433622983197e-07,1.2216312683666075e-10,22.303182125091553
1.302764616184504e-07,1.2542089589118177e-10,22.30992841720581
1.300035705753544e-07,1.2388379211358824e-10,22.317304849624634
1.297375433750858e-07,1.223894735558062e-10,22.32416033744812
1.2946661342994048e-07,1.2549525307825604e-10,22.331289291381836
1.2919943515043997e-07,1.204858435244205e-10,22.338322162628174
1.2893293899196578e-07,1.2464064502726302e-10,22.345197916030884
1.2866348697571084e-07,1.2132184146196323e-10,22.35217833518982
1.2840057195262489e-07,1.2179574016002448e-10,22.359009265899658
1.2813121941235295e-07,1.2340674315769462e-10,22.3668954372406
1.2786847491952358e-07,1.1922775267070307e-10,22.37373161315918
1.2760274614720402e-07,1.2388558234821545e-10,22.380682706832886
1.2733811161069752e-07,1.1837385238688825e-10,22.387649536132812
1.2707660346222838e-07,1.2214142197652933e-10,22.395028114318848
1.268104909968315e-07,1.1989392811884159e-10,22.40211534500122
1.2655122816340736e-07,1.1918320497183998e-10,22.408931016921997
1.2628669310288387e-07,1.2171263996663129e-10,22.416269302368164
1.2602639287706552e-07,1.1737026628377834e-10,22.423081874847412
1.2576607844039245e-07,1.2138443028497647e-10,22.430396795272827
1.2550366079722153e-07,1.1782672060256516e-10,22.437525033950806
1.2524682801995368e-07,1.1924222720338662e-10,22.444604635238647
1.249846377504582e-07,1.1919484843581074e-10,22.45202612876892
1.2472847288336197e-07,1.164895124805554e-10,22.45932412147522
1.2446892583284352e-07,1.2020767714560066e-10,22.466789722442627
1.242111693500192e-07,1.1540295802303646e-10,22.473825693130493
1.2395574344736815e-07,1.1905468277895181e-10,22.480873346328735
1.2369643798137986e-07,1.1652780129711715e-10,22.488013982772827
1.234435274000134e-07,1.1633888991058328e-10,22.49553370475769
1.2318518827214575e-07,1.1857424764283309e-10,22.50266408920288
1.229320787388133e-07,1.1386581955097341e-10,22.509487628936768
1.2267751969829988e-07,1.1852764603137445e-10,22.51687240600586
1.2242192326539225e-07,1.142616418148279e-10,22.524021863937378
1.2217157063787454e-07,1.1610612471457671e-10,22.53123140335083
1.2191547682505188e-07,1.1597289795162169e-10,22.538498401641846
1.216659910596718e-07,1.1338305294650297e-10,22.545564889907837
1.214124694115526e-07,1.1707962377371928e-10,22.552894830703735
1.211614772955727e-07,1.1212430983675858e-10,22.559927940368652
1.2091201995190204e-07,1.1615002709630673e-10,22.567715167999268
1.2065932253335632e-07,1.1313706221871556e-10,22.574437141418457
1.204125084086627e-07,1.1379153175283818e-10,22.58131432533264
1.2016080574994703e-07,1.1459075355269022e-10,22.588454484939575
1.1991372161901381e-07,1.1164801722030049e-10,22.595670223236084
1.1966518798089965e-07,1.1515622483360133e-10,22.602856874465942
1.1941679645133263e-07,1.1081745937557841e-10,22.60989284515381
1.1917160946950389e-07,1.1385857534573773e-10,22.61771559715271
1.1892246476463697e-07,1.1200176897041558e-10,22.624714851379395
1.1867915361563064e-07,1.1100436542177405e-10,22.632434606552124
1.1843152947221824e-07,1.1359403695454517e-10,22.639796495437622
1.1818706724397998e-07,1.0952000417674412e-10,22.646944999694824
1.1794353582672557e-07,1.1293354446051396e-10,22.65538191795349
1.1769718355481018e-07,1.1029938074003098e-10,22.662606477737427
1.1745677142016575e-07,1.1048138098823657e-10,22.6704580783844
1.1721083836846447e-07,1.117593864674582e-10,22.677244424819946
1.1697042623382004e-07,1.0821551293949128e-10,22.68569326400757
1.1672764088643817e-07,1.1220897822017406e-10,22.692733764648438
1.1648529607555247e-07,1.0797481658775254e-10,22.701042652130127
1.1624631213180692e-07,1.1081342093932633e-10,22.708033800125122
1.1600327809446753e-07,1.0892180907218219e-10,22.715816974639893
1.1576607050756138e-07,1.0823035523355173e-10,22.723009824752808
1.1552432965800108e-07,1.1040428987696416e-10,22.730615615844727
1.1528624810352994e-07,1.0660104743376309e-10,22.737958431243896
1.1504837971187953e-07,1.0998892768787627e-10,22.74506163597107
1.1480861417112465e-07,1.0677941864045692e-10,22.752350091934204
1.1457373005896443e-07,1.0804834804645225e-10,22.759477376937866
1.143339218856454e-07,1.0830209645762423e-10,22.766857624053955
1.1409950673169078e-07,1.059161092165084e-10,22.77381181716919
1.1386251941303271e-07,1.0890244261929638e-10,22.780888080596924
1.1362678264958959e-07,1.0480805112678127e-10,22.788131713867188
1.1339319172520845e-07,1.0796943894497701e-10,22.79560136795044
1.1315625414454189e-07,1.0575444686633517e-10,22.8030743598938
1.1292497958947934e-07,1.0554088158976072e-10,22.810052633285522
1.1268897281979662e-07,1.0729834382106063e-10,22.81775951385498
1.1245732878251147e-07,1.0345801992883707e-10,22.824569702148438
1.1222444129543874e-07,1.0773650721551675e-10,22.83165216445923
1.1199109195558776e-07,1.0351094287264218e-10,22.839052200317383
1.117620129775787e-07,1.0550210705062568e-10,22.84615683555603
1.1152793888413726e-07,1.0502129027534224e-10,22.853429794311523
1.1129983334967619e-07,1.0285804846743574e-10,22.860571146011353
1.1106803299298917e-07,1.0613208922816142e-10,22.868387937545776
1.1083837847536415e-07,1.0196815614094135e-10,22.87553071975708
1.1061055005257003e-07,1.0504316860782126e-10,22.883464574813843
1.1037949576575556e-07,1.027192914060393e-10,22.890499114990234
1.1015394107971588e-07,1.0280058054812358e-10,22.897879362106323
1.099236257573466e-07,1.0419608925671398e-10,22.904926538467407
1.0969798580617862e-07,1.0071461026273099e-10,22.91174578666687
1.0947072581757311e-07,1.045165065605147e-10,22.91892719268799
1.0924321003358273e-07,1.0073620410055995e-10,22.926133632659912
1.090196235509211e-07,1.0273471656718769e-10,22.933951377868652
1.0879124801022044e-07,1.0227820673724963e-10,22.94074583053589
1.0856909682388505e-07,1.0009003348354639e-10,22.947727918624878
1.0834251895630587e-07,1.0354049562177892e-10,22.954705238342285
1.0811914563646496e-07,9.88470763574334e-11,22.961718797683716
1.0789647575393246e-07,1.0256909904748923e-10,22.969048976898193
1.0767120528498708e-07,9.972091902232805e-11,22.975993156433105
1.0745143441681648e-07,1.0014920837075891e-10,22.98357105255127
1.0722654764094841e-07,1.0110488141146234e-10,22.990556955337524
1.0700679808905988e-07,9.801515848950615e-11,22.997544527053833
1.0678472506242542e-07,1.0160670221859291e-10,23.004522800445557
1.0656345494908237e-07,9.744046541859674e-11,23.011470556259155
1.0634481384386163e-07,1.0033456704361399e-10,23.01889395713806
1.0612249212726965e-07,9.864278144311456e-11,23.025694370269775
1.0590544263777701e-07,9.828194508232357e-11,23.033822774887085
1.0568467700977635e-07,9.97409099756652e-11,23.040634393692017
1.0546718698378754e-07,9.645231835442303e-11,23.04789447784424
1.0524934168643085e-07,9.979798931691874e-11,23.05528450012207
1.0503030978270544e-07,9.659645999748889e-11,23.062320709228516
1.0481524981287293e-07,9.831283009908987e-11,23.06943702697754
1.0459629606884846e-07,9.772117837147931e-11,23.076550722122192
1.0438211006658094e-07,9.592276972725244e-11,23.084535837173462
1.0416508189337037e-07,9.87252501971625e-11,23.091451406478882
1.0394980165528978e-07,9.48328221506145e-11,23.09915804862976
1.0373610592750993e-07,9.794322297640434e-11,23.10625696182251
1.0351947565823139e-07,9.571759357340781e-11,23.1135835647583
1.0330782629353052e-07,9.595041428056561e-11,23.12070608139038
1.0309229736549241e-07,9.687385615908539e-11,23.127673387527466
1.0288047036510761e-07,9.397778388819944e-11,23.13516879081726
1.0266764149946539e-07,9.72024197243293e-11,23.142295360565186
1.0245439341360907e-07,9.374978571230486e-11,23.1505184173584
1.022446056708759e-07,9.57019463676545e-11,23.157784700393677
1.020306328314291e-07,9.534362882535063e-11,23.164989471435547
1.0182227327959481e-07,9.319991306488973e-11,23.172213554382324
1.0161021180010721e-07,9.625562846782287e-11,23.17969584465027
1.0140049511164761e-07,9.211475332504548e-11,23.186973810195923
1.0119165949618036e-07,9.579277648885665e-11,23.193994283676147
1.0098082725562563e-07,9.261188343989701e-11,23.20177173614502
1.0077447143430618e-07,9.357642438700964e-11,23.20889139175415
1.005638310402901e-07,9.41521097197473e-11,23.216874599456787
1.0035769548721873e-07,9.140856127576313e-11,23.224233865737915
1.0014964857418818e-07,9.468000689016876e-11,23.231315851211548
9.994203509222643e-08,9.092603059368543e-11,23.23854684829712
9.973714298894265e-08,9.346053098102658e-11,23.24567937850952
9.952874080454421e-08,9.210902179868086e-11,23.252957820892334
9.932539057899703e-08,9.117232663280461e-11,23.259923219680786
9.91183455312239e-08,9.335172912461331e-11,23.267821550369263
9.891419949781266e-08,8.972657339345602e-11,23.274919271469116
9.871028083807687e-08,9.303451065090229e-11,23.282427549362183
9.850469240291204e-08,9.01225552518703e-11,23.28956890106201
9.830337432958913e-08,9.113877014188532e-11,23.29662823677063
9.809788537040731e-08,9.150047386441429e-11,23.303894996643066
9.789704336071736e-08,8.902284465150956e-11,23.3106791973114
9.769382813828997e-08,9.219656982306645e-11,23.318212509155273
9.749162899197472e-08,8.83960196707001e-11,23.325209379196167
9.729161121185825e-08,9.110825982538984e-11,23.332436323165894
9.708841020028558e-08,8.94454163513636e-11,23.339544534683228
9.689012614444437e-08,8.897161479781701e-11,23.347063064575195
9.668799805240269e-08,9.07562011653873e-11,23.35492205619812
9.648921661664644e-08,8.735503986834203e-11,23.3620765209198
9.62900159606761e-08,9.067208095459023e-11,23.369906663894653
9.608977080688419e-08,8.753323066379437e-11,23.37746238708496
9.589331995130124e-08,8.898944081625615e-11,23.38623332977295
9.569282610755181e-08,8.890654878968007e-11,23.39359450340271
9.549709290013197e-08,8.687493086023679e-11,23.402067184448242
9.52986525248889e-08,8.97018570533703e-11,23.409408807754517
9.510175402738241e-08,8.59916166051633e-11,23.417936325073242
9.490637609133046e-08,8.892020453288296e-11,23.425340175628662
9.470830519830997e-08,8.685065860936092e-11,23.43299674987793
9.451495941448229e-08,8.681823315814796e-11,23.440825939178467
9.431759906419757e-08,8.82180647976405e-11,23.447947025299072
9.412401880126708e-08,8.503775461576879e-11,23.455728769302368
9.392935851337825e-08,8.830586262220663e-11,23.462646484375
9.373437848125832e-08,8.488947045304229e-11,23.470449924468994
9.354252483717573e-08,8.688545716228901e-11,23.47779417037964
9.334703321428606e-08,8.619866626036199e-11,23.485474824905396
9.315628801687126e-08,8.472891832589369e-11,23.4927237033844
9.29623524825729e-08,8.73148497948506e-11,23.50079846382141
9.277069068502897e-08,8.366117520974825e-11,23.50843095779419
9.257998101475096e-08,8.641895532512933e-11,23.516334056854248
9.238677733947043e-08,8.449392574494397e-11,23.52390480041504
9.219816377026291e-08,8.467795908906339e-11,23.53103756904602
9.200559958344456e-08,8.564930015220185e-11,23.538731575012207
9.181721338791249e-08,8.260905154378051e-11,23.54630947113037
9.162675951301935e-08,8.620353042498863e-11,23.554126024246216
9.143706591885348e-08,8.216366476077042e-11,23.561019897460938
9.124968158857882e-08,8.483448665774773e-11,23.573166608810425
9.105917087026683e-08,8.32165794606432e-11,23.590229272842407
9.087312946576276e-08,8.277922097787993e-11,23.609992504119873
9.068381245924684e-08,8.446981308862789e-11,23.619709968566895
9.049721683140888e-08,8.132269857519248e-11,23.626306295394897
9.031062830899828e-08,8.431558923271965e-11,23.635729789733887
9.012276791509066e-08,8.161188391753171e-11,23.642255306243896
8.993860944883636e-08,8.263250500517572e-11,23.650570392608643
8.975072063321932e-08,8.288023045643911e-11,23.657509326934814
8.95670666523074e-08,8.068071905009688e-11,23.663962841033936
8.938120998891463e-08,8.353977232200549e-11,23.671151161193848
8.919640492877079e-08,8.0084036624406e-11,23.679296016693115
8.901336912003899e-08,8.263326134461124e-11,23.686290979385376
8.882766877604809e-08,8.091661368725411e-11,23.692739725112915
8.864630984817268e-08,8.071085466632155e-11,23.70034384727478
8.846143373375526e-08,8.217503760787892e-11,23.707148790359497
8.827976216707611e-08,7.918552619168295e-11,23.714295148849487
8.80974653227895e-08,8.218506430957007e-11,23.721187114715576
8.791448635747656e-08,7.920458039434308e-11,23.72779417037964
8.773469062361983e-08,8.076692786795903e-11,23.73551082611084
8.755145586292201e-08,8.040020732513753e-11,23.742467880249023
8.737249146406612e-08,7.88196036216604e-11,23.75062084197998
8.719092647879734e-08,8.119696581765368e-11,23.757729530334473
8.701100284724816e-08,7.790999789758501e-11,23.765777349472046
8.683217345151206e-08,8.059224121392816e-11,23.772811889648438
8.665124084927811e-08,7.852625494297882e-11,23.78019428253174
8.647431570807385e-08,7.883454306023552e-11,23.78749108314514
8.629388048575493e-08,7.978183391710303e-11,23.794579029083252
8.611697666083273e-08,7.715340866187859e-11,23.802167892456055
8.59388222806956e-08,8.007439156187957e-11,23.808950424194336
8.57606465842764e-08,7.694499204458083e-11,23.816838264465332
8.558512121226158e-08,7.884757430298706e-11,23.82372808456421
8.540652629562828e-08,7.787707284601098e-11,23.830968141555786
8.523202410515296e-08,7.689465730820189e-11,23.837986707687378
8.505464421659781e-08,7.899518539300487e-11,23.844797134399414
8.487948122137823e-08,7.581058003580665e-11,23.852208375930786
8.470475876265482e-08,7.865494366932069e-11,23.859133005142212
8.452848732076745e-08,7.623809916701418e-11,23.866856575012207
8.435588227939661e-08,7.696136089530015e-11,23.87376093864441
8.417979557862054e-08,7.749682146007686e-11,23.88101840019226
8.400740370007043e-08,7.526747280994783e-11,23.888328075408936
8.383336336237335e-08,7.79316403076713e-11,23.895797967910767
8.365989856429223e-08,7.477628932717195e-11,23.902987003326416
8.348844460215332e-08,7.695214604419576e-11,23.910277843475342
8.33142266287723e-08,7.577002913983222e-11,23.917951107025146
8.314417243582284e-08,7.507161559061615e-11,23.924936532974243
8.297099896026339e-08,7.677146418583192e-11,23.932432413101196
8.280050423081775e-08,7.367430970850464e-11,23.939408779144287
8.262981765483346e-08,7.65522853440892e-11,23.946640729904175
8.245795868333516e-08,7.410299457388803e-11,23.953887462615967
8.22895458441053e-08,7.50782769287639e-11,23.96090030670166
8.211782898115416e-08,7.507859611788348e-11,23.96838402748108
8.194984246756576e-08,7.329154644297731e-11,23.975428581237793
8.17797882746163e-08,7.585092970385787e-11,23.983452320098877
8.161082121205254e-08,7.273739249802347e-11,23.99015974998474
8.144342444893482e-08,7.505639165739098e-11,23.996920585632324
8.127364026222494e-08,7.34891869580423e-11,24.00389862060547
8.11078564311174e-08,7.317546568685884e-11,24.011048555374146
8.093876147086121e-08,7.456726902610455e-11,24.018367528915405
8.077254420868485e-08,7.19024076389907e-11,24.025400638580322
8.060582956659346e-08,7.462402917823852e-11,24.032951831817627
8.043856780659553e-08,7.191205964041103e-11,24.040138959884644
8.027408426869442e-08,7.337835200571519e-11,24.047532081604004
8.010663066215784e-08,7.280698960387966e-11,24.054693460464478
7.994291451041136e-08,7.157577308625207e-11,24.061776161193848
7.977677540793593e-08,7.37875385792286e-11,24.069010019302368
7.961232739717161e-08,7.067956636630512e-11,24.075867414474487
7.944875335397228e-08,7.322119299768559e-11,24.083808660507202
7.928329637252318e-08,7.131236573476585e-11,24.090750217437744
7.912156974043683e-08,7.143867442049867e-11,24.097853422164917
7.895643250321882e-08,7.252463213314186e-11,24.105021953582764
7.87947342928419e-08,6.981053235488588e-11,24.112241983413696
7.863168605126702e-08,7.28317406384349e-11,24.119807720184326
7.846890071050439e-08,6.953570358403383e-11,24.1268093585968
7.830819725995752e-08,7.174368737983272e-11,24.13471031188965
7.814484348500628e-08,7.06024405605632e-11,24.142307996749878
7.798531242997342e-08,6.992843110120717e-11,24.15185809135437
7.78231097342541e-08,7.155861320162771e-11,24.158778429031372
7.766298182332321e-08,6.87988346848023e-11,24.167182683944702
7.75032233946149e-08,7.115187605766238e-11,24.174067974090576
7.734190887731529e-08,6.929314760872884e-11,24.181610345840454
7.71840760194209e-08,6.97116461778613e-11,24.189039707183838
7.702303861378823e-08,7.038633564881991e-11,24.195995092391968
7.686541181328721e-08,6.823224624197266e-11,24.203166484832764
7.670632840017788e-08,7.060508427914058e-11,24.209936141967773
7.654762868014586e-08,6.779186934036119e-11,24.21776032447815
7.639074794951739e-08,6.985191591812878e-11,24.22469997406006
7.62316076929892e-08,6.846962580242533e-11,24.23165726661682
7.607586383073794e-08,6.831532561868414e-11,24.238638877868652
7.59175549092106e-08,6.949102404618657e-11,24.245596408843994
7.57616334112754e-08,6.701997290470274e-11,24.25327491760254
7.560552006680155e-08,6.93580679000938e-11,24.263198852539062
7.544853275476271e-08,6.71456432121964e-11,24.271004915237427
7.529430945396598e-08,6.826980647467451e-11,24.27792477607727
7.513739319620072e-08,6.801395557864964e-11,24.285085916519165
7.498362464275488e-08,6.678398112303086e-11,24.292059898376465
7.482813657588849e-08,6.872027946691617e-11,24.299710988998413
7.467384222081819e-08,6.5895205958455e-11,24.307051420211792
7.452047867673173e-08,6.824291826079687e-11,24.314161777496338
7.436531035409644e-08,6.657102646911994e-11,24.321547508239746
7.421356684744751e-08,6.667239677016212e-11,24.328777074813843
7.405905222412912e-08,6.747603170653704e-11,24.336024522781372
7.390713818722361e-08,6.52951304136451e-11,24.34316325187683
7.375446386959084e-08,6.780616346180324e-11,24.351120471954346
7.360171139225713e-08,6.506033212172468e-11,24.358564615249634
7.345108343770335e-08,6.681277059383817e-11,24.3658127784729
7.329803253242062e-08,6.594768481305024e-11,24.372809171676636
7.314832117799597e-08,6.508427824458707e-11,24.3798189163208
7.299638582480839e-08,6.685253045590756e-11,24.38685369491577
7.28460420873489e-08,6.415420972238906e-11,24.39409613609314
7.269627388950539e-08,6.6584814051307e-11,24.401702404022217
7.254504197362621e-08,6.46955822247719e-11,24.408554553985596
7.239701460548531e-08,6.509396494047692e-11,24.41580080986023
7.224611664469194e-08,6.571103383645749e-11,24.423197746276855
7.209823849052555e-08,6.354784060080831e-11,24.43022918701172
7.194915241370836e-08,6.595780865925605e-11,24.437071323394775
7.180022265629304e-08,6.331689339500457e-11,24.443856239318848
7.1653325051102e-08,6.49802642249675e-11,24.45139765739441
7.150381975407072e-08,6.441245453681077e-11,24.458203077316284
7.135795954127389e-08,6.339886948758533e-11,24.46628761291504
7.120959111261982e-08,6.519140088867559e-11,24.47347331047058
7.106312693849759e-08,6.245481909417094e-11,24.480326414108276
7.091690434890552e-08,6.485841724801489e-11,24.48750638961792
7.076953778550887e-08,6.279276404397294e-11,24.494742393493652
7.062519102873921e-08,6.338311819842346e-11,24.50203847885132
7.047779604363313e-08,6.391567830554834e-11,24.509191751480103
7.03337121876757e-08,6.195433749356383e-11,24.516913652420044
7.018812908654581e-08,6.415844244767044e-11,24.524211883544922
7.004309310332246e-08,6.150388531800388e-11,24.531670808792114
6.989952083813478e-08,6.34915106600964e-11,24.53849196434021
6.975393063157753e-08,6.225860105235625e-11,24.545449256896973
6.961163734331421e-08,6.195648855067404e-11,24.55226993560791
6.94667292577833e-08,6.320195755638025e-11,24.55950903892517
6.932415175242568e-08,6.083089587605173e-11,24.56773543357849
6.918137529510204e-08,6.297209975691942e-11,24.574721813201904
6.903781013534172e-08,6.093176657673283e-11,24.58166766166687
6.889669634801976e-08,6.200040481019187e-11,24.58974051475525
6.875320934796036e-08,6.167166777260036e-11,24.5970458984375
6.86126000459808e-08,6.067357727346234e-11,24.604397535324097
6.847035649570898e-08,6.235757743500159e-11,24.611743688583374
6.832929955180589e-08,5.979588352245102e-11,24.61920976638794
6.818903131033949e-08,6.187414469671637e-11,24.626300811767578
6.804715724229027e-08,6.033635396862636e-11,24.633631706237793
6.790824613744917e-08,6.05983874191196e-11,24.640474796295166
6.776694050358856e-08,6.116816081425114e-11,24.64747452735901
6.762803650417482e-08,5.929109980762348e-11,24.655369997024536
6.748842196202531e-08,6.139361935497689e-11,24.66270685195923
6.734866531132866e-08,5.913373957167067e-11,24.66998314857483
6.721094791828364e-08,6.048785777812427e-11,24.67678952217102
6.707090705049268e-08,5.995665769420455e-11,24.6851749420166
6.693397125445699e-08,5.903370153825804e-11,24.691989421844482
6.67949251464961e-08,6.082858522438173e-11,24.69969391822815
6.665746354883595e-08,5.826031324041026e-11,24.70671010017395
6.652064854506534e-08,6.027384147344605e-11,24.714191436767578
6.638227745270342e-08,5.87137907737123e-11,24.721287727355957
6.624677695299397e-08,5.910830158661895e-11,24.72855567932129
6.610889613511972e-08,5.946049902449957e-11,24.735851764678955
6.597352353310271e-08,5.780679407374478e-11,24.74292540550232
6.583715617125563e-08,5.981292544587902e-11,24.75069570541382
6.570103749936607e-08,5.7478469900340556e-11,24.75758194923401
6.556657439205082e-08,5.905111122306295e-11,24.76463747024536
6.542989439140001e-08,5.838943217817416e-11,24.772707223892212
6.529643314934219e-08,5.7618621679411675e-11,24.77987051010132
6.516081896279502e-08,5.892892424030904e-11,24.787308931350708
6.502687455167688e-08,5.667469618608756e-11,24.794118404388428
6.489310777624269e-08,5.876413244898515e-11,24.80227017402649
6.475837466268786e-08,5.689926307894666e-11,24.809066772460938
6.462620660840912e-08,5.759209775746399e-11,24.816899299621582
6.449155875998258e-08,5.782730544412473e-11,24.824246168136597
6.435971044993494e-08,5.6268576603679676e-11,24.83161687850952
6.422651210868935e-08,5.825930710079419e-11,24.838666200637817
6.409388220163237e-08,5.586582585426214e-11,24.845125436782837
6.396253837692711e-08,5.771964156631171e-11,24.852102994918823
6.382939687910039e-08,5.657259730118547e-11,24.858539819717407
6.369932492589214e-08,5.61660648545903e-11,24.86586880683899
6.356680160024553e-08,5.738962777224188e-11,24.873202800750732
6.343636016481469e-08,5.518838164242368e-11,24.882270336151123
6.330570556656312e-08,5.732134905622743e-11,24.889947414398193
6.317438305813994e-08,5.534192548672934e-11,24.897082090377808
6.304544797330891e-08,5.622372706293177e-11,24.904467582702637
6.291397625091122e-08,5.6386336572122886e-11,24.91175079345703
6.278560249484144e-08,5.4759599632525635e-11,24.919448375701904
6.265545238193226e-08,5.680857173562259e-11,24.92714285850525
6.2526254396289e-08,5.4271455385279666e-11,24.93508291244507
6.239810801389467e-08,5.617348253217358e-11,24.94212555885315
6.22682421180798e-08,5.487981596941083e-11,24.949759483337402
6.21412965529089e-08,5.484740786543263e-11,24.957127332687378
6.20119706695732e-08,5.574323294621486e-11,24.96429133415222
6.188489720670987e-08,5.3765446955678087e-11,24.971674919128418
6.175727662594e-08,5.5839530915813285e-11,24.97853684425354
6.162934340636639e-08,5.37685729273818e-11,24.98586106300354
6.150347786615384e-08,5.486879006699752e-11,24.992749452590942
6.137534569461423e-08,5.456697593775317e-11,25.000338077545166
6.125005569401765e-08,5.3568548902260815e-11,25.00745987892151
6.112303907457317e-08,5.51531702253083e-11,25.014474153518677
6.099717353436063e-08,5.29556502815165e-11,25.02188205718994
6.087191195547348e-08,5.490594784385294e-11,25.02899432182312
6.074549219192704e-08,5.3247892206620406e-11,25.03679585456848
6.062158064423784e-08,5.36437352871566e-11,25.043901920318604
6.04953953597942e-08,5.412700843088203e-11,25.051957607269287
6.037151223381443e-08,5.2557274504705376e-11,25.05877923965454
6.024692567052625e-08,5.428638094606697e-11,25.06584143638611
6.0122218314973e-08,5.2483819373838614e-11,25.073111057281494
5.999940100309686e-08,5.342131945140771e-11,25.080218076705933
5.987443074673138e-08,5.3094875718251444e-11,25.08753752708435
5.97521747636165e-08,5.236297506705512e-11,25.094605684280396
5.962828453220936e-08,5.3519837867055386e-11,25.10214924812317
5.9505659066871885e-08,5.1591387412175393e-11,25.10925269126892
5.9383278738778245e-08,5.3488439372140206e-11,25.117029190063477
5.926014878809838e-08,5.167851216403285e-11,25.123796939849854
5.9139221519899365e-08,5.2379951070991027e-11,25.13061237335205
5.90159743296681e-08,5.272114342314005e-11,25.137912273406982
5.889550536153365e-08,5.102807759671535e-11,25.144616842269897
5.877360820250033e-08,5.3075020073345414e-11,25.152231454849243
5.8652272372228254e-08,5.07020224416177e-11,25.159432649612427
5.8532251046017336e-08,5.235747599363627e-11,25.167105674743652
5.841039651954816e-08,5.139334791071093e-11,25.174242973327637
5.829124205547487e-08,5.1181510418718545e-11,25.181678295135498
5.8170204653151814e-08,5.203109817997209e-11,25.188936710357666
5.805073399756111e-08,5.038003000890079e-11,25.19596552848816
5.793133794895766e-08,5.191127736003942e-11,25.203444242477417
5.7811227804904775e-08,5.0377271798573986e-11,25.2100613117218
5.7693231525490773e-08,5.1014997781706484e-11,25.217575073242188
5.7573124934151565e-08,5.1077104351593405e-11,25.224687337875366
5.745551945324223e-08,4.988204641009908e-11,25.23161768913269
5.733646091243827e-08,5.168391062349009e-11,25.239128589630127
5.721833673533183e-08,4.941425046922632e-11,25.246562719345093
5.710113981649556e-08,5.1013311630487834e-11,25.25406837463379
5.6982361940072224e-08,4.989946650324484e-11,25.261218786239624
5.6866227282625914e-08,4.9818656144839935e-11,25.269032955169678
5.674794678611761e-08,5.06419073342812e-11,25.27619981765747
5.663160607127793e-08,4.899922828593972e-11,25.284202575683594
5.651485679436519e-08,5.077050238555536e-11,25.290935039520264
5.639799383061472e-08,4.8757834575363646e-11,25.297353744506836
5.6282658533746144e-08,5.006832448639642e-11,25.304617643356323
5.616559306531599e-08,4.9385422834502535e-11,25.311774492263794
5.6051010943747315e-08,4.875028158934924e-11,25.319213390350342
5.593472351961282e-08,5.004070421921192e-11,25.326237440109253
5.5819633359988075e-08,4.8189615492466586e-11,25.334331274032593
5.570513650354769e-08,4.966518862836722e-11,25.341176986694336
5.558943172445652e-08,4.8454226742045137e-11,25.348281621932983
5.54760966053891e-08,4.863746905225952e-11,25.35547685623169
5.5360661832537517e-08,4.9176593353017495e-11,25.36189365386963
5.524741197859839e-08,4.7639420186484926e-11,25.369147539138794
5.5133316578803715e-08,4.939629955069691e-11,25.37625789642334
5.501941657826137e-08,4.7431721744706223e-11,25.3836932182312
5.4906912794194795e-08,4.870922068467287e-11,25.390653610229492
5.479265752228457e-08,4.8040987854491846e-11,25.397417306900024
5.468094599336837e-08,4.752173654587466e-11,25.404637575149536
5.456741547504862e-08,4.8693812870759245e-11,25.41179609298706
5.445537354376029e-08,4.6770216172165036e-11,25.419273614883423
5.4343423983027606e-08,4.854703791745685e-11,25.426398038864136
5.423062532372569e-08,4.7131274577560944e-11,25.43446445465088
5.4120132375601315e-08,4.746092407970082e-11,25.441027879714966
5.4007461613991836e-08,4.778345774614223e-11,25.44765329360962
5.3897107221700935e-08,4.6440604833941634e-11,25.454907178878784
5.378557332846867e-08,4.8206966196673307e-11,25.461637496948242
5.367474997797217e-08,4.598081290718703e-11,25.468857288360596
5.356483256946376e-08,4.7605478586953964e-11,25.475693702697754
5.345343012663761e-08,4.655325777647157e-11,25.48377013206482
5.334452524152766e-08,4.6405532194704335e-11,25.490686893463135
5.323364149489862e-08,4.7279104242736736e-11,25.497530221939087
5.3124541210536336e-08,4.552523635847905e-11,25.50479769706726
5.301514249822503e-08,4.730635674854433e-11,25.512307167053223
5.290535654012274e-08,4.559222444022737e-11,25.51964521408081
5.279738957142399e-08,4.6448029450418815e-11,25.526498794555664
5.2687497031911334e-08,4.630479680245436e-11,25.534113883972168
5.2579977705136116e-08,4.531505379268275e-11,25.540902137756348
5.247106571459881e-08,4.678776810429497e-11,25.54766273498535
5.236306321876327e-08,4.480500345738214e-11,25.554826974868774
5.2255717974958316e-08,4.6417356069916593e-11,25.561769008636475
5.214715059764785e-08,4.524366645219935e-11,25.56906509399414
5.204089248422861e-08,4.5331564890727094e-11,25.575825929641724
5.1932669720144986e-08,4.5963916700531016e-11,25.58363127708435
5.1826368974161596e-08,4.439803039102408e-11,25.590280532836914
5.1719514004844314e-08,4.607483145013802e-11,25.596813201904297
5.1612556006830346e-08,4.4319013736693336e-11,25.605250358581543
5.150712922841194e-08,4.535889025492068e-11,25.611839056015015
5.1399990042000354e-08,4.4934559545461994e-11,25.61942148208618
5.1295138803197915e-08,4.428432273662075e-11,25.62619400024414
5.11887918719367e-08,4.550792034874185e-11,25.63465905189514
5.108358536176638e-08,4.367994160814348e-11,25.64253306388855
5.097873412296394e-08,4.5246164454004756e-11,25.652658462524414
5.0872959178605015e-08,4.3948199246468533e-11,25.65954351425171
5.076923059732508e-08,4.431861128084691e-11,25.667946815490723
5.066365460493216e-08,4.4639989621453324e-11,25.675767183303833
5.056005392134466e-08,4.335381359465984e-11,25.684433221817017
5.0455664535320466e-08,4.487607160874596e-11,25.69120502471924
5.0351498970258035e-08,4.310368034721179e-11,25.698307991027832
5.024855198598743e-08,4.429350289325562e-11,25.705969095230103
5.014406667669391e-08,4.366616096485032e-11,25.713247776031494
5.004186220958218e-08,4.3240820646328615e-11,25.720487117767334
4.993798441432773e-08,4.4270958426961826e-11,25.727309465408325
4.9835517046403766e-08,4.2518363829735506e-11,25.735379695892334
4.973307810018923e-08,4.413700654959385e-11,25.74182415008545
4.963000321822619e-08,4.2686795070912e-11,25.748348236083984
4.9528793510944524e-08,4.324827301838141e-11,25.75556468963623
4.9425747050690916e-08,4.336720219044743e-11,25.762247562408447
4.932482866593091e-08,4.222827990063571e-11,25.769325256347656
4.9222748543797934e-08,4.386430454972334e-11,25.77613854408264
4.9121418044251186e-08,4.1792541649599e-11,25.78364634513855
4.902082650914963e-08,4.333156403135696e-11,25.790579557418823
4.891894533898267e-08,4.2285716594925304e-11,25.79743218421936
4.8819288167578634e-08,4.225180622041691e-11,25.80463933944702
4.871785108662152e-08,4.296949254745108e-11,25.811903715133667
4.861808022837977e-08,4.139763185029288e-11,25.818986654281616
4.8517946993342775e-08,4.302287692770079e-11,25.826018571853638
4.8417511777643085e-08,4.14846004770375e-11,25.83357882499695
4.831881739164601e-08,4.21216117540979e-11,25.84066390991211
4.82182507255402e-08,4.2089835089464955e-11,25.847628831863403
4.8119847662064785e-08,4.1184156779339176e-11,25.854546785354614
4.802029351935744e-08,4.2409568912216145e-11,25.861774921417236
4.792144991938585e-08,4.0724281585857725e-11,25.869125604629517
4.7823160542748155e-08,4.221625132805329e-11,25.876102447509766
4.772395456598133e-08,4.103247949749367e-11,25.883891105651855
4.762663508017795e-08,4.134773079478293e-11,25.89084506034851
4.752771332050543e-08,4.1651414955934385e-11,25.898319482803345
4.7430539495962876e-08,4.035215217523813e-11,25.905582427978516
4.733264447054353e-08,4.192474145625624e-11,25.91301202774048
4.723489155367133e-08,4.020356270117986e-11,25.920220613479614
4.713839629744143e-08,4.127706509926554e-11,25.92711615562439
4.7040376927043326e-08,4.077976845096032e-11,25.934915781021118
4.694449273756618e-08,4.026191879891172e-11,25.941866636276245
4.684715904090808e-08,4.132497122277812e-11,25.949596643447876
4.675097287076824e-08,3.963433053977283e-11,25.956634521484375
4.665499986344912e-08,4.114267607158162e-11,25.963940858840942
4.655824170640699e-08,3.9907809695760577e-11,25.97102189064026
4.64633700403283e-08,4.025840424914939e-11,25.977858543395996
4.636675043911964e-08,4.05568564842973e-11,25.985539197921753
4.627203509244282e-08,3.936275611016171e-11,25.99230670928955
4.6176527490615626e-08,4.0720003757765966e-11,26.00013566017151
4.608120462989973e-08,3.92012151906318e-11,26.00710678100586
4.598701863756105e-08,4.023632468874716e-11,26.014302730560303
4.589143998146028e-08,3.9680616431558846e-11,26.021568536758423
4.5797918346579536e-08,3.930885131286921e-11,26.02846050262451
4.5702904571953695e-08,4.020018345984866e-11,26.036170721054077
4.560918398510694e-08,3.8638862942530494e-11,26.042685508728027
4.5515424318409714e-08,4.0112992788499113e-11,26.050631046295166
4.54211601663701e-08,3.8770826826795e-11,26.0574893951416
4.532860486960999e-08,3.925637939716786e-11,26.064395666122437
4.523429097957887e-08,3.94448675111736e-11,26.07170081138611
4.51419808200626e-08,3.836519296696039e-11,26.078826189041138
4.504865813714787e-08,3.972996237555648e-11,26.08603596687317
4.495586480857128e-08,3.807903992125716e-11,26.092813968658447
4.4863853077004023e-08,3.931625858211163e-11,26.100849866867065
4.477072224062795e-08,3.8391782808400166e-11,26.107710599899292
4.467949210607003e-08,3.8404938951241974e-11,26.11501455307007
4.458669167206608e-08,3.905818724003751e-11,26.122116088867188
4.4495426010371375e-08,3.765098649521903e-11,26.128577709197998
4.440380152459511e-08,3.911041282500527e-11,26.136292934417725
4.431198163956651e-08,3.7655240037182125e-11,26.14301085472107
4.422156152372736e-08,3.843609458487052e-11,26.151058197021484
4.412965992628415e-08,3.813799970275866e-11,26.157888174057007
4.403966613608645e-08,3.747879784299357e-11,26.165850162506104
4.394851416122947e-08,3.857238140003716e-11,26.172988176345825
4.3858097598103996e-08,3.7115026330081236e-11,26.180172204971313
4.3768238811026094e-08,3.8338596186626717e-11,26.18742346763611
4.3677424343968596e-08,3.740626558501603e-11,26.194164276123047
4.3588428866314644e-08,3.7503614797040896e-11,26.201883554458618
4.3497944801629274e-08,3.787517868780732e-11,26.20846462249756
4.3408903138697497e-08,3.6788880969362836e-11,26.215774297714233
4.331947067726105e-08,3.8022321402486625e-11,26.22294282913208
4.32300062414015e-08,3.6672609393662015e-11,26.23005962371826
4.314170709562859e-08,3.750070740049516e-11,26.237215280532837
4.3052068576798774e-08,3.712507384845409e-11,26.243993043899536
4.296435562878287e-08,3.6554530236099225e-11,26.25188112258911
4.2875274886000625e-08,3.7639450584103784e-11,26.2587308883667
4.278725995732202e-08,3.606547005485794e-11,26.26630139350891
4.269946884960518e-08,3.7416555964675524e-11,26.273219347000122
4.261100272628937e-08,3.623425171017658e-11,26.2800772190094
4.252412821870166e-08,3.6697062055779384e-11,26.28717851638794
4.2435832625642433e-08,3.6740381570421476e-11,26.293763160705566
4.234912864831131e-08,3.584956984048482e-11,26.301645517349243
4.226166439025292e-08,3.710997828476614e-11,26.308407306671143
4.2174619352408627e-08,3.5522990798897425e-11,26.315796375274658
4.2088320384436884e-08,3.673144080562629e-11,26.323004007339478
4.2000973365929894e-08,3.5925890734533894e-11,26.331109762191772
4.1915349413557124e-08,3.5886554144992644e-11,26.33899974822998
4.182842872069159e-08,3.6503629979867114e-11,26.346635103225708
4.174271239776317e-08,3.521196528799564e-11,26.354299783706665
4.1656921467847496e-08,3.644180096573635e-11,26.361407995224
4.157071842314508e-08,3.523677530314906e-11,26.36949110031128
4.1485904489491077e-08,3.583890129110756e-11,26.37632727622986
4.1399722761070734e-08,3.578812246551877e-11,26.38466191291809
4.1315246335216216e-08,3.499569384279866e-11,26.391803741455078
4.122984975651889e-08,3.610815813015478e-11,26.39965009689331
4.1144975426732344e-08,3.4662581832600736e-11,26.40735626220703
4.106081874510892e-08,3.567568809814681e-11,26.414987564086914
4.097553230053563e-08,3.5081198362929555e-11,26.422909259796143
4.0892089714361646e-08,3.4897352368945533e-11,26.43048095703125
4.080722249000246e-08,3.554891103707547e-11,26.437853574752808
4.0723740823978005e-08,3.41652574287199e-11,26.444693088531494
4.0639864806735204e-08,3.564690903568035e-11,26.452165126800537
4.0555860891799966e-08,3.421075575604782e-11,26.45907688140869
4.0473171480925885e-08,3.495863321045789e-11,26.46720004081726
4.038903966829821e-08,3.475788407092395e-11,26.474027156829834
4.030670552879201e-08,3.4121976077994276e-11,26.481618404388428
4.02233339968916e-08,3.504547693711224e-11,26.488630533218384
4.0140648138731194e-08,3.370301260297026e-11,26.495800018310547
4.00583459736481e-08,3.490471106593063e-11,26.50294041633606
3.997533681854293e-08,3.392672601187918e-11,26.50973391532898
3.9893926384593215e-08,3.4101287765819777e-11,26.51773190498352
3.981103802175312e-08,3.453553415466715e-11,26.524507761001587
3.972973772192745e-08,3.33248151296317e-11,26.53241276741028
3.964781924992167e-08,3.465897013832375e-11,26.539268970489502
3.956595406862107e-08,3.3296955470607514e-11,26.546457767486572
3.9485193781274575e-08,3.4136055093725304e-11,26.553516626358032
3.940319714956786e-08,3.368681028570464e-11,26.560317754745483
3.932286318786282e-08,3.3367156260233344e-11,26.568199634552002
3.924142433220368e-08,3.414469748608262e-11,26.574957847595215
3.9160934051096774e-08,3.283737864956393e-11,26.582454681396484
3.90805396932592e-08,3.404668214024298e-11,26.589285373687744
3.89996124283698e-08,3.2974505070892945e-11,26.59661889076233
3.892014532880239e-08,3.336446743884558e-11,26.60364055633545
3.883934596160543e-08,3.3403405041987355e-11,26.610422372817993
3.875999610158942e-08,3.2658410697994356e-11,26.618208169937134
3.868001030582491e-08,3.367116654939828e-11,26.624966144561768
3.8600379781428273e-08,3.2325087051532364e-11,26.633020401000977
3.852143137805797e-08,3.332078016282658e-11,26.640183448791504
3.8441442029579775e-08,3.2770841595919364e-11,26.64754819869995
3.8363161536381085e-08,3.2548640865881495e-11,26.654657125473022
3.828361272439906e-08,3.3208980704246827e-11,26.661513566970825
3.8205204333507936e-08,3.197847542324439e-11,26.66931462287903
3.8126660939497015e-08,3.3187098902320855e-11,26.676092624664307
3.804786175010122e-08,3.194742734247136e-11,26.68401598930359
3.797023850893311e-08,3.2624899309885436e-11,26.690752744674683
3.7891375370691094e-08,3.246262980649561e-11,26.69828987121582
3.7814125164459256e-08,3.1834933994501213e-11,26.705249547958374
3.77359228309615e-08,3.281632951490643e-11,26.712472915649414
3.7658395513062715e-08,3.138810739100606e-11,26.71979808807373
3.758123057195917e-08,3.260662920223645e-11,26.72657799720764
3.7503308902842036e-08,3.171542195534727e-11,26.73439335823059
3.742699306030772e-08,3.1777039333213963e-11,26.74121379852295
3.7349238368733495e-08,3.230118950092731e-11,26.749085903167725
3.727295450062229e-08,3.1047601989353524e-11,26.755996227264404
3.719612706731823e-08,3.2434541163972597e-11,26.76353883743286
3.7119399109997175e-08,3.0930022432151816e-11,26.770561933517456
3.704364814893779e-08,3.18352601225147e-11,26.777297496795654
3.6966685712513936e-08,3.1466787508982463e-11,26.784929513931274
3.689135752438233e-08,3.108696633447039e-11,26.791869640350342
3.681499194385651e-08,3.188536587539481e-11,26.800095319747925
3.6739489672754644e-08,3.0553174573677566e-11,26.806915998458862
3.666408687763578e-08,3.179571189670938e-11,26.81420373916626
3.65881511754651e-08,3.0781800719470453e-11,26.82123899459839
3.651364011147962e-08,3.108237972559991e-11,26.828474760055542
3.64378607287108e-08,3.1215231788284115e-11,26.835834503173828
3.6363452693422005e-08,3.0364391556680914e-11,26.842670679092407
3.628846556580356e-08,3.141742421775007e-11,26.850536584854126
3.6213670284723776e-08,3.018865366022361e-11,26.857674598693848
3.6139688575076434e-08,3.103152804162512e-11,26.865748643875122
3.606465170946649e-08,3.0639692172318433e-11,26.872620105743408
3.5991213565012004e-08,3.031494152927472e-11,26.879957914352417
3.591664921032134e-08,3.1029703112528395e-11,26.886962175369263
3.5843083168174417e-08,2.975578117236921e-11,26.894148111343384
3.576947449346335e-08,3.094795253399951e-11,26.90202260017395
3.56954608093929e-08,2.9885854208044904e-11,26.908870697021484
3.562270833867842e-08,3.0395647804271064e-11,26.916820526123047
3.5548744392599474e-08,3.0396341693661455e-11,26.923823833465576
3.547622995370148e-08,2.9677132279415375e-11,26.931087017059326
3.5403015630208756e-08,3.058332406769004e-11,26.93806743621826
3.533010684009241e-08,2.946325128316829e-11,26.94511914253235
3.525791214542551e-08,3.0229319047947456e-11,26.952681064605713
3.518472269092854e-08,2.980905453031646e-11,26.95957851409912
3.5113142615728066e-08,2.9497106146525454e-11,26.96770429611206
3.5040283563603225e-08,3.025003164625062e-11,26.974565029144287
3.49686288814155e-08,2.8921880515508924e-11,26.982436418533325
3.489670774570186e-08,3.0212551210828664e-11,26.989286184310913
3.4824601868876925e-08,2.8992856726528515e-11,26.996909141540527
3.475362575500185e-08,2.962715142662553e-11,27.00393319129944
3.4681402638625514e-08,2.954483879769043e-11,27.010730981826782
3.4610788901545675e-08,2.8850824507209438e-11,27.018660068511963
3.453921237905888e-08,2.98252048058778e-11,27.025600910186768
3.446825758146588e-08,2.85336216460097e-11,27.03355860710144
3.439764384438604e-08,2.9657117039949554e-11,27.040575981140137
3.432641548783977e-08,2.8735085491615742e-11,27.04752492904663
3.425647321364522e-08,2.9043364935255056e-11,27.05444884300232
3.418545801991968e-08,2.9163237796892005e-11,27.062355995178223
3.411559035271239e-08,2.837304523273243e-11,27.07014036178589
3.404532833428675e-08,2.933337947541581e-11,27.077569484710693
3.397506631586111e-08,2.8322582126816265e-11,27.085813999176025
3.390579195183818e-08,2.8861031620142086e-11,27.093461990356445
3.383540203572011e-08,2.86881733646549e-11,27.101587295532227
3.376646517949666e-08,2.8206050342594047e-11,27.109002351760864
3.36965761960073e-08,2.906424580173539e-11,27.11707353591919
3.3627493678523024e-08,2.7771718952296354e-11,27.125109910964966
3.355849287345336e-08,2.8960238721009723e-11,27.133376121520996
3.348907640088328e-08,2.7909259972536127e-11,27.140303134918213
3.342082166568616e-08,2.8378183483668273e-11,27.147504091262817
3.3351504669099086e-08,2.833810269775583e-11,27.15465784072876
3.328343822772695e-08,2.767548516746654e-11,27.161805391311646
3.321474295603366e-08,2.8647357055988643e-11,27.16923213005066
3.314642071927665e-08,2.7396630103426745e-11,27.176079988479614
3.307867046942192e-08,2.8310374877715816e-11,27.184038639068604
3.301006046285693e-08,2.7754356105025302e-11,27.190903663635254
3.2942864436336095e-08,2.7599164273417465e-11,27.199155569076538
3.287459904299794e-08,2.8192037246355106e-11,27.206114292144775
3.280728222421203e-08,2.7091419385616433e-11,27.213257551193237
3.273992987828933e-08,2.813077375207751e-11,27.22032928466797
3.267222226099875e-08,2.719704322862171e-11,27.227251768112183
3.260566927565378e-08,2.758047089324034e-11,27.235146522521973
3.253798652735895e-08,2.762159251323837e-11,27.241955280303955
3.247158630870217e-08,2.7023546594895365e-11,27.24998688697815
3.240461765585678e-08,2.777981317203526e-11,27.256986379623413
3.233795808910145e-08,2.6748376083518544e-11,27.264214038848877
3.2271831429397935e-08,2.753582951930955e-11,27.271196126937866
3.220488054012094e-08,2.7102249264276956e-11,27.27797818183899
3.2139343630888106e-08,2.6929769178507534e-11,27.28548550605774
3.2072765776547385e-08,2.7388048426391087e-11,27.292397260665894
3.200714360218626e-08,2.6399131144994037e-11,27.30022883415222
3.19413437921412e-08,2.7414091829935927e-11,27.307048559188843
3.187533792470276e-08,2.6489581361754944e-11,27.314449310302734
3.181039076594061e-08,2.6938848721180797e-11,27.321510791778564
3.174439910935689e-08,2.679326378818292e-11,27.328500509262085
3.167970774597961e-08,2.6307428457883475e-11,27.335901737213135
3.1614188600315174e-08,2.7154408929752627e-11,27.342662572860718
3.1549287626830846e-08,2.599713500028855e-11,27.350624084472656
3.148467797586818e-08,2.6951012602194346e-11,27.357490301132202
3.141952831242634e-08,2.611180022205062e-11,27.365782260894775
3.135553683364378e-08,2.6345153489315543e-11,27.372633934020996
3.129050440975334e-08,2.6536299199686475e-11,27.379934549331665
3.1226605301526433e-08,2.5755399549187707e-11,27.38704013824463
3.1162301183940144e-08,2.6679788586725373e-11,27.39403009414673
3.1098061015200074e-08,2.5658844840514838e-11,27.40164566040039
3.1034559810905193e-08,2.637435408958666e-11,27.408433437347412
3.097024148246419e-08,2.5941842424215267e-11,27.41627550125122
3.0907166603810765e-08,2.572719988436223e-11,27.42329692840576
3.084320354673764e-08,2.6308668785168798e-11,27.43064260482788
3.077994037425924e-08,2.5393442557031243e-11,27.437647342681885
3.071688681188789e-08,2.6149275453302145e-11,27.44451332092285
3.0653279026182645e-08,2.556607529846655e-11,27.45208168029785
3.0590875610414514e-08,2.5681600943072702e-11,27.458925008773804
3.0527459671247925e-08,2.581838562387695e-11,27.466862678527832
3.0465113098898655e-08,2.5203802586637458e-11,27.473684310913086
3.040236862261736e-08,2.592017399327684e-11,27.480846405029297
3.033972717503275e-08,2.5099911732384683e-11,27.487770080566406
3.02777962701839e-08,2.5599191169622948e-11,27.494833946228027
3.021502692490685e-08,2.5300268824413052e-11,27.50218677520752
3.015350813484474e-08,2.5063170289163494e-11,27.509042739868164
3.0091023006662e-08,2.5684742527287696e-11,27.516858100891113
3.002950776931357e-08,2.4572675491607576e-11,27.523674488067627
2.996780068542648e-08,2.563501320940187e-11,27.530864238739014
2.990589820228706e-08,2.464474110897008e-11,27.53780436515808
2.984498337355035e-08,2.5132115138992717e-11,27.5448796749115
2.9783036481489944e-08,2.5063080083542744e-11,27.55225944519043
2.972236146092655e-08,2.4514515417628502e-11,27.55913543701172
2.9660979450341074e-08,2.530623800789389e-11,27.566930770874023
2.960004152896545e-08,2.427158474205271e-11,27.573961973190308
2.9539490853380812e-08,2.508587781946403e-11,27.58114504814148
2.947830424204767e-08,2.449228493628386e-11,27.588326692581177
2.9418314895224285e-08,2.452149247544888e-11,27.595173835754395
2.9357327235857156e-08,2.4888270264145085e-11,27.60271906852722
2.9297350323531646e-08,2.401866726342572e-11,27.60946822166443
2.9237085641398153e-08,2.496060302892289e-11,27.617238998413086
2.917673036506585e-08,2.4058876418875386e-11,27.62408685684204
2.9117311228787912e-08,2.4486758107289397e-11,27.631640911102295
2.9056879569111516e-08,2.440043479767784e-11,27.639037609100342
2.8997710899147933e-08,2.3931053319548035e-11,27.646397590637207
2.8937783724813926e-08,2.464229688359243e-11,27.653502225875854
2.887835748310863e-08,2.372387356008865e-11,27.66048789024353
2.8819279407343856e-08,2.4418245203605693e-11,27.66836643218994
2.875961691017892e-08,2.3854897224229177e-11,27.675227642059326
2.8701075294179645e-08,2.393478124029791e-11,27.683040142059326
2.8641576221843934e-08,2.4182537916583868e-11,27.6902596950531
2.8583102107404557e-08,2.34472753712911e-11,27.697530031204224
2.852424074717419e-08,2.4290574759944228e-11,27.704686403274536
2.846548063928367e-08,2.3335272950064656e-11,27.71148133277893
2.840739199427844e-08,2.3956319566975637e-11,27.719032049179077
2.8348443592562944e-08,2.3714256253137833e-11,27.726086854934692
2.8290813247622282e-08,2.332516818581709e-11,27.73400616645813
2.823223610448622e-08,2.3999077031211513e-11,27.74082589149475
2.817442101843426e-08,2.297563181374862e-11,27.748021602630615
2.8116639683162248e-08,2.3902680182374958e-11,27.75519347190857
2.8058508405592875e-08,2.3087927403242503e-11,27.762556791305542
2.8001382545994602e-08,2.341166323305277e-11,27.76976227760315
2.794330633548725e-08,2.345432008332704e-11,27.776808738708496
2.7886336795290845e-08,2.287813341550482e-11,27.78462052345276
2.7828782833694277e-08,2.3706458671113317e-11,27.79253387451172
2.7771616117888698e-08,2.2627948126352493e-11,27.80132484436035
2.7714845529658305e-08,2.343530057513643e-11,27.808176279067993
2.7657424794824692e-08,2.289728649740308e-11,27.8161301612854
2.7601146257438813e-08,2.2869969806826873e-11,27.823062896728516
2.7543975988919556e-08,2.324483140692113e-11,27.830448627471924
2.7487667253467407e-08,2.2421451847942642e-11,27.8375563621521
2.7431189764115516e-08,2.327681970781814e-11,27.84441351890564
2.7374568389859633e-08,2.243722915795665e-11,27.852066040039062
2.7318797890529822e-08,2.2856602027720996e-11,27.859020948410034
2.7262137436423473e-08,2.2788826381514582e-11,27.866913318634033
2.7206601416196463e-08,2.2315323200405857e-11,27.873677253723145
2.715042413115043e-08,2.3011913555248675e-11,27.880911111831665
2.709468738260057e-08,2.2058145240921867e-11,27.888038396835327
2.7039252614713405e-08,2.2847328196018424e-11,27.8955295085907
2.6983270728919706e-08,2.226217821199583e-11,27.903034210205078
2.692837242079804e-08,2.2312946629243768e-11,27.9101459980011
2.6872568170688282e-08,2.2616989878154747e-11,27.91827893257141
2.6817687626135012e-08,2.1852469486716153e-11,27.92535424232483
2.676251753541692e-08,2.2699031890227594e-11,27.93341374397278
2.6707356326483023e-08,2.1803597122227458e-11,27.94020390510559
2.665289677850069e-08,2.2338205937777467e-11,27.947533130645752
2.6597639646297466e-08,2.211289137910022e-11,27.954593181610107
2.654349096076203e-08,2.18027852716407e-11,27.96140217781067
2.6488615745279276e-08,2.2386896156301184e-11,27.9687659740448
2.6434333832980883e-08,2.147413497022299e-11,27.975504875183105
2.638017093659073e-08,2.2281084963160502e-11,27.983397722244263
2.632561546533907e-08,2.1605139552405284e-11,27.99025297164917
2.627203876670592e-08,2.1810562036983505e-11,27.99756646156311
2.6217573889653067e-08,2.195713576236269e-11,28.004459142684937
2.6164094890646084e-08,2.1327491855904768e-11,28.011234283447266
2.611020200049552e-08,2.2084119255527668e-11,28.018815279006958
2.6056465429746822e-08,2.1198489144613752e-11,28.0256245136261
2.6003270647834142e-08,2.1809587122390006e-11,28.033474445343018
2.594939907396565e-08,2.144567683159959e-11,28.04025149345398
2.5896584432416603e-08,2.129376362736135e-11,28.04754662513733
2.584301128649713e-08,2.1740831357419665e-11,28.05448603630066
2.579011137981979e-08,2.0947261286652363e-11,28.061318397521973
2.5737206144071934e-08,2.1710851866307834e-11,28.068700790405273
2.568405044200972e-08,2.099709468794675e-11,28.075648546218872
2.563174916758726e-08,2.1299923630424544e-11,28.083404064178467
2.557861300545028e-08,2.1328432076028747e-11,28.0901780128479
2.5526487590354918e-08,2.0813071752168177e-11,28.097399711608887
2.5473839926348774e-08,2.1518196946512802e-11,28.104252099990845
2.5421503124789524e-08,2.0617368923225854e-11,28.111005783081055
2.5369541134523388e-08,2.131509899139239e-11,28.118266582489014
2.5317007157354965e-08,2.0826357999270684e-11,28.125069856643677
2.5265501690796555e-08,2.0813201856428876e-11,28.1329665184021
2.521318087644886e-08,2.1158354582273553e-11,28.140090227127075
2.5161666528106252e-08,2.0393188873701895e-11,28.147379159927368
2.510996210958183e-08,2.1191123508734755e-11,28.154404401779175
2.505819018949751e-08,2.0362583147415236e-11,28.161226511001587
2.5007105719510037e-08,2.0857364446680293e-11,28.16889762878418
2.4955255639724783e-08,2.072032823097203e-11,28.175698280334473
2.4904478479470527e-08,2.0309427750664355e-11,28.183603048324585
2.4853006763692065e-08,2.0978784681657814e-11,28.19068217277527
2.4802083942176978e-08,1.9985187116322578e-11,28.198328971862793
2.4751306781922722e-08,2.081956829158571e-11,28.205634355545044
2.470007665067442e-08,2.0225663158179863e-11,28.21310782432556
2.464987147732245e-08,2.0282728621645596e-11,28.220462322235107
2.4598728387559277e-08,2.064398305079429e-11,28.227522134780884
2.4548569399485132e-08,1.9829842629048855e-11,28.235310554504395
2.4498053363686267e-08,2.067440316166902e-11,28.242223978042603
2.4447590618592585e-08,1.978897254395484e-11,28.250211238861084
2.4397747822035853e-08,2.0339631021104587e-11,28.257081031799316
2.434717316646129e-08,2.0090141356066127e-11,28.264437198638916
2.4297632350567255e-08,1.984572922664185e-11,28.271514415740967
2.4247404084576374e-08,2.0349498128235943e-11,28.278491020202637
2.419774247641726e-08,1.9547460872182398e-11,28.285994052886963
2.4148155475245403e-08,2.027339233989789e-11,28.29276967048645
2.409826116434033e-08,1.964643725482773e-11,28.30069375038147
2.4049221281075006e-08,1.986871604742202e-11,28.3075270652771
2.3999376708161435e-08,1.995991046055412e-11,28.314995765686035
2.3950450511733834e-08,1.9424019684355365e-11,28.322000741958618
2.3901106871448974e-08,2.0104695686029572e-11,28.329149961471558
2.3851963959486966e-08,1.9288006955497927e-11,28.336313247680664
2.380326336037797e-08,1.9870247808251307e-11,28.343101024627686
2.3753964129014093e-08,1.951243507047895e-11,28.351032733917236
2.3705643670268728e-08,1.9399787332119445e-11,28.357891082763672
2.365659135250553e-08,1.9792523522910166e-11,28.365773677825928
2.36082229321255e-08,1.9041979798517517e-11,28.372742891311646
2.3559760364832982e-08,1.9795963479563028e-11,28.379960298538208
2.3511141478138597e-08,1.9076004664775326e-11,28.387160539627075
2.346326866131676e-08,1.9418846738950002e-11,28.39386796951294
2.3414642669195018e-08,1.9376262747061723e-11,28.401605367660522
2.336695459348448e-08,1.896058483830121e-11,28.408429861068726
2.3318747821576835e-08,1.9558707084477156e-11,28.416347980499268
2.3270883886539195e-08,1.8765287934652264e-11,28.423308849334717
2.322330061588218e-08,1.9415996588278972e-11,28.430639266967773
2.31752590451606e-08,1.893005197040054e-11,28.437769412994385
2.312811453464292e-08,1.898188897730968e-11,28.444610118865967
2.308021862518217e-08,1.9234143791568847e-11,28.451990127563477
2.3033107865444435e-08,1.8574572435703374e-11,28.45888900756836
2.2985769732031258e-08,1.9263620212872645e-11,28.46692204475403
2.2938383636983417e-08,1.857341364042142e-11,28.473792552947998
2.2891645912181957e-08,1.8969756321318698e-11,28.48107409477234
2.284421363185629e-08,1.8833393178319113e-11,28.488258838653564
2.279771749158499e-08,1.8528031539566392e-11,28.495542526245117
2.275062627177249e-08,1.9031555845150372e-11,28.502936601638794
2.270403065551818e-08,1.8240371019162538e-11,28.50983166694641
2.2657520304392165e-08,1.897323097244108e-11,28.51867151260376
2.2610718630744486e-08,1.8329303352881965e-11,28.52561378479004
2.256467901418091e-08,1.859871111287159e-11,28.534026622772217
2.251797148744572e-08,1.860916802598478e-11,28.54106903076172
2.2472026017794633e-08,1.818946035458957e-11,28.5494601726532
2.242576968569665e-08,1.8764692924500004e-11,28.556679725646973
2.2379650133075302e-08,1.8053329664535767e-11,28.563996076583862
2.2333978222377482e-08,1.8550175284737236e-11,28.571206092834473
2.2287730772063696e-08,1.8281442332179765e-11,28.578042030334473
2.2242410580020078e-08,1.80823342410541e-11,28.5854811668396
2.2196397608809093e-08,1.855327003141838e-11,28.592382669448853
2.2150985046209826e-08,1.77938393186583e-11,28.600210905075073
2.210557070725372e-08,1.8503473059316988e-11,28.607353925704956
2.2059930770979008e-08,1.7867606699750738e-11,28.614585161209106
2.2015036904576846e-08,1.8142261998255194e-11,28.621522665023804
2.19694449299368e-08,1.8110405536342356e-11,28.62848949432373
2.1924652315874482e-08,1.774728107528656e-11,28.636372804641724
2.1879477785091694e-08,1.828264796499557e-11,28.64322781562805
2.183456082605062e-08,1.753257435066491e-11,28.65146279335022
2.178992453139017e-08,1.8149216504670385e-11,28.658605098724365
2.1744863687445104e-08,1.7685913497600403e-11,28.665897607803345
2.1700609309505126e-08,1.7743513255896737e-11,28.672755002975464
2.1655710114032445e-08,1.798609004788343e-11,28.67983388900757
2.161147705237454e-08,1.7370740262867557e-11,28.68662667274475
2.1567084118601088e-08,1.8026666964710003e-11,28.69339418411255
2.1522639670479293e-08,1.7352251580060596e-11,28.70119023323059
2.147880984182393e-08,1.7695544682339026e-11,28.707984924316406
2.1434290786714882e-08,1.7642652963556493e-11,28.715009927749634
2.139066879180973e-08,1.7281370778832184e-11,28.722204208374023
2.1346524547993795e-08,1.781884362284103e-11,28.72902512550354
2.1302769326325688e-08,1.704689167603135e-11,28.73580527305603
2.125919351669836e-08,1.7682773648108885e-11,28.742550134658813
2.121521092135481e-08,1.7229740204016686e-11,28.750091552734375
2.1172080977294172e-08,1.7277602959442362e-11,28.757302045822144
2.1128260030423007e-08,1.7465277488137865e-11,28.764176607131958
2.1085115875507654e-08,1.6950404621574044e-11,28.77111268043518
2.1041778097696806e-08,1.7544670577462895e-11,28.778024911880493
2.0998479399736425e-08,1.6853341638922714e-11,28.785440683364868
2.0955646107267967e-08,1.7329603030358243e-11,28.792295932769775
2.0912256815108776e-08,1.7093543594470795e-11,28.799652814865112
2.086971484516198e-08,1.6902319821543443e-11,28.806416749954224
2.082659378288554e-08,1.7329731399895465e-11,28.813340663909912
2.0783961218739933e-08,1.6635560984301634e-11,28.820789098739624
2.074138194529951e-08,1.7266743590482747e-11,28.827797412872314
2.069855042918789e-08,1.6712057085421783e-11,28.835018157958984
2.0656440113953067e-08,1.6913201741908246e-11,28.842063903808594
2.0613653006762434e-08,1.699198073912278e-11,28.84972596168518
2.057166881286321e-08,1.6486121495740136e-11,28.856603145599365
2.052927783324776e-08,1.713760383603713e-11,28.863667726516724
2.0487116003664596e-08,1.6344283565450368e-11,28.870578289031982
2.0445272141955684e-08,1.6955764917114813e-11,28.877835988998413
2.0402980638323243e-08,1.6528610077837236e-11,28.88496232032776
2.0361474284413816e-08,1.655199068084645e-11,28.89175057411194
2.0319387061817906e-08,1.6769240510083883e-11,28.899150609970093
2.0277830969916977e-08,1.625773647651041e-11,28.9062762260437
2.0236257114447653e-08,1.67674485407332e-11,28.91324019432068
2.0194521610505944e-08,1.6254633056211887e-11,28.920198678970337
2.0153409607814865e-08,1.649535195935581e-11,28.926949977874756
2.0111656340304762e-08,1.653322617700681e-11,28.93439269065857
2.007070420972923e-08,1.6123732557438153e-11,28.94123864173889
2.002935417522167e-08,1.6632939817129433e-11,28.9483060836792
1.998821375082116e-08,1.6005899730608952e-11,28.955118656158447
1.9947387741581224e-08,1.648778856500055e-11,28.962194681167603
1.9906162052052423e-08,1.610349874281436e-11,28.969003438949585
1.9865661116114097e-08,1.6135950214879458e-11,28.97574234008789
1.9824552666136697e-08,1.637850619018444e-11,28.983404397964478
1.9784106797260392e-08,1.5784096252247082e-11,28.990212440490723
1.9743458423704396e-08,1.6419600054606853e-11,28.99708080291748
1.9702792286580006e-08,1.5782960008370317e-11,29.004024744033813
1.9662659056507437e-08,1.6146516415571632e-11,29.010887384414673
1.9621943181391543e-08,1.6025384144691124e-11,29.018239736557007
1.958199646878711e-08,1.5788505919323015e-11,29.025087594985962
1.9541593232474952e-08,1.621878326085735e-11,29.03250741958618
1.950155059660119e-08,1.5585496435099877e-11,29.039771795272827
1.9461669609199816e-08,1.6098981522882916e-11,29.046717643737793
1.94214351267874e-08,1.5710733061724547e-11,29.053698301315308
1.9381939608820176e-08,1.5778007372846403e-11,29.060524940490723
1.934185078766859e-08,1.5902579600379774e-11,29.068305492401123
1.9302396125908672e-08,1.5440112730025213e-11,29.075092315673828
1.9262699879618594e-08,1.599255623763174e-11,29.08253502845764
1.922305514767686e-08,1.540098430730108e-11,29.08937430381775
1.918386693944285e-08,1.578856836936815e-11,29.09622359275818
1.914417779858013e-08,1.5555935012345756e-11,29.103299856185913
1.9105216964021565e-08,1.5439658232474507e-11,29.110124349594116
1.90657782894732e-08,1.5739649167345604e-11,29.11771321296692
1.9026757058782096e-08,1.5177652537556874e-11,29.124571800231934
1.898776247344358e-08,1.5748858814279565e-11,29.1317195892334
1.8948586699707448e-08,1.5233684105830925e-11,29.139147996902466
1.8910027321794587e-08,1.5443807691029043e-11,29.146117210388184
1.8870901286049957e-08,1.5430113783909682e-11,29.15305757522583
1.8832453818617978e-08,1.5077269294172524e-11,29.1598801612854
1.8793665290672834e-08,1.5570733938319314e-11,29.167499542236328
1.8755072161980024e-08,1.4938208656167795e-11,29.174586057662964
1.871679167209095e-08,1.5410920803371475e-11,29.18165373802185
1.8678058211207826e-08,1.5147735496490178e-11,29.188517570495605
1.86401045709772e-08,1.503220811716055e-11,29.195567846298218
1.8601562956632733e-08,1.5359049101992817e-11,29.202640533447266
1.8563550696626407e-08,1.4772549503105914e-11,29.209406852722168
1.8525463829632827e-08,1.5382079290859885e-11,29.216798543930054
1.848727215758572e-08,1.4815093596354245e-11,29.223551511764526
1.8449643590656706e-08,1.5092632005275775e-11,29.231695413589478
1.8411446589539082e-08,1.5044627002525068e-11,29.239409685134888
1.8373992105580328e-08,1.46997119337966e-11,29.246485710144043
1.833607932155701e-08,1.523808856873643e-11,29.25346541404724
1.829848628176478e-08,1.4551740021295778e-11,29.260305643081665
1.8261093970295406e-08,1.5086850171930344e-11,29.26832890510559
1.8223358821956026e-08,1.466073790146183e-11,29.275168418884277
1.8186284478360903e-08,1.4763154240760024e-11,29.282577514648438
1.8148670122286603e-08,1.4900500971970487e-11,29.289454460144043
1.8111666832965057e-08,1.4419135156706897e-11,29.296563148498535
1.8074439722681745e-08,1.4957918584301844e-11,29.303606271743774
1.8037244586821544e-08,1.4367267792136929e-11,29.31036114692688
1.800049709288487e-08,1.4727110156376177e-11,29.317787170410156
1.7963232679107932e-08,1.4581131441149253e-11,29.32464289665222
1.7926682360780433e-08,1.43973851937651e-11,29.331681489944458
1.7889703940454638e-08,1.4735842754354245e-11,29.33862280845642
1.7853066580642007e-08,1.4184825189444972e-11,29.34568190574646
1.7816532249526063e-08,1.467300066171351e-11,29.352704763412476
1.7779733241241047e-08,1.429082286535932e-11,29.359525442123413
1.7743598590413967e-08,1.4352242484749755e-11,29.366867780685425
1.7706872412759367e-08,1.4503492157258435e-11,29.3736891746521
1.7670782170853272e-08,1.4045051580091616e-11,29.380797147750854
1.7634437909919143e-08,1.4578716706070693e-11,29.387754201889038
1.7598182466826984e-08,1.397947643061448e-11,29.394515991210938
1.7562284071459544e-08,1.4415555554814219e-11,29.401647329330444
1.752595224502329e-08,1.4177116945679469e-11,29.408478021621704
1.7490341619463834e-08,1.4029831983675134e-11,29.415832042694092
1.7454201639566236e-08,1.4363640485348661e-11,29.42266345024109
1.7418514630662685e-08,1.3794345006534758e-11,29.42997717857361
1.738280630547706e-08,1.4374712357934083e-11,29.436915159225464
1.7346980740740037e-08,1.3817974542362776e-11,29.443684816360474
1.7311656108631723e-08,1.4123333579030284e-11,29.451059579849243
1.7275835872965217e-08,1.4059349170980617e-11,29.45785641670227
1.7240687100184005e-08,1.3727809687613668e-11,29.46468424797058
1.720512976532973e-08,1.4234343738428468e-11,29.471598386764526
1.7169865529353956e-08,1.3552396184446369e-11,29.478519439697266
1.7134796692630516e-08,1.4075801288426781e-11,29.485687494277954
1.7099367255468678e-08,1.3723172771762382e-11,29.49258327484131
1.706461816297633e-08,1.3726541604752729e-11,29.500120162963867
1.702931484715009e-08,1.3985778681002703e-11,29.507241010665894
1.699457463644194e-08,1.3427934979215461e-11,29.514174222946167
1.6959667448190885e-08,1.4032251055562384e-11,29.521475315093994
1.6924749601798794e-08,1.3440758055149882e-11,29.528523683547974
1.689031314811018e-08,1.3737541486313898e-11,29.535537481307983
1.6855342011012908e-08,1.3649782693025969e-11,29.54243230819702
1.6821054771298805e-08,1.339600652627837e-11,29.54984426498413
1.6786344758656924e-08,1.3840957893695993e-11,29.557158946990967
1.6751958042959814e-08,1.3241222354687388e-11,29.564164400100708
1.6717711659453016e-08,1.3735131955405766e-11,29.57102060317993
1.668319526970663e-08,1.3315387854817562e-11,29.577865839004517
1.6649272183144603e-08,1.341625508605171e-11,29.584912300109863
1.661483572945599e-08,1.3532252575443326e-11,29.591750144958496
1.6580937511889715e-08,1.3161361757385581e-11,29.599637508392334
1.654688830399209e-08,1.3573492156637723e-11,29.606480836868286
1.6512855083306022e-08,1.3097408574358482e-11,29.613307237625122
1.6479198450269905e-08,1.3395034213770085e-11,29.62052297592163
1.6445113715235493e-08,1.3254436610765641e-11,29.627259254455566
1.6411672021376944e-08,1.3090956270389587e-11,29.635228633880615
1.637779867280642e-08,1.342424435502032e-11,29.64216637611389
1.6344291253744814e-08,1.2890169834300913e-11,29.650017023086548
1.6310817585463155e-08,1.3415850028120069e-11,29.657000064849854
1.627718582142279e-08,1.2929669487848905e-11,29.664108753204346
1.6244079859006888e-08,1.3124777306638968e-11,29.671074151992798
1.6210467634891756e-08,1.3147456214002151e-11,29.677844762802124
1.6177448713960985e-08,1.281771563887979e-11,29.685166120529175
1.6144161563147463e-08,1.3251857076956863e-11,29.69217848777771
1.6111009415453736e-08,1.2719043700204491e-11,29.69972562789917
1.607814859028167e-08,1.3100993380421588e-11,29.706655740737915
1.6044902295675456e-08,1.2875139322743312e-11,29.713684797286987
1.601228305503355e-08,1.2797502640937708e-11,29.722065210342407
1.5979212619754435e-08,1.305134646190087e-11,29.72945261001587
1.59465560756189e-08,1.2573605351340333e-11,29.737025499343872
1.5913878215201294e-08,1.3047233432539329e-11,29.743876934051514
1.5881054693522856e-08,1.2642379330907172e-11,29.75146174430847
1.5848776513394114e-08,1.2774346684618632e-11,29.758808612823486
1.581597253164091e-08,1.2823138384465693e-11,29.76637029647827
1.578377784028362e-08,1.2485889058777566e-11,29.7739737033844
1.5751275839193113e-08,1.2918687820884234e-11,29.78133225440979
1.5718960355570744e-08,1.2367725767126192e-11,29.789584159851074
1.5686849152984905e-08,1.2827081410926588e-11,29.796658277511597
1.565445906237528e-08,1.2467481040612238e-11,29.804424047470093
1.5622630300526907e-08,1.2518382164206088e-11,29.81139636039734
1.5590320145975056e-08,1.2711559235767389e-11,29.81944513320923
1.5558539345761346e-08,1.2233716643883508e-11,29.826775074005127
1.552659867343209e-08,1.2729484133444657e-11,29.83461356163025
1.5494633132107083e-08,1.2240281704878342e-11,29.841550827026367
1.546309746913721e-08,1.250233683941504e-11,29.84909987449646
1.5431096400675415e-08,1.243131726030855e-11,29.856173038482666
1.5399720609821088e-08,1.2197904145083704e-11,29.86327838897705
1.536796112588945e-08,1.2580943231643715e-11,29.870104551315308
1.5336492964479476e-08,1.204340099869583e-11,29.876793384552002
1.530514026626406e-08,1.2499255103159967e-11,29.88502860069275
1.527354243080481e-08,1.2140129179716297e-11,29.892091274261475
1.524247217332686e-08,1.2262102791482654e-11,29.89961338043213
1.5210980919277972e-08,1.2306522120808516e-11,29.90639901161194
1.51799728342894e-08,1.1980027213309707e-11,29.913278102874756
1.514875513919378e-08,1.2426821724420556e-11,29.922053337097168
1.5117651130935883e-08,1.1888490192291101e-11,29.930516719818115
1.508682601070177e-08,1.2258419973543155e-11,29.938082218170166
1.5055631408245063e-08,1.2051430166304389e-11,29.945812940597534
1.5025026556259036e-08,1.1947690232994024e-11,29.954806089401245
1.4994011365843107e-08,1.222476894019442e-11,29.961941242218018
1.4963328354156147e-08,1.178593854456178e-11,29.97037649154663
1.493272350217012e-08,1.2156674972230164e-11,29.97678232192993
1.49019250272886e-08,1.1814342906757425e-11,29.9848153591156
1.4871613274181072e-08,1.1936081463492787e-11,29.99156618118286
1.4840862760934215e-08,1.1985554909665908e-11,29.999030590057373
1.481063538477656e-08,1.1674213679091494e-11,30.00706696510315
1.4780169088624007e-08,1.2071735104590697e-11,30.014049768447876
1.474982980198547e-08,1.1586585857426002e-11,30.021790504455566
1.4719740981661289e-08,1.1944429820220925e-11,30.02862024307251
1.46893182062513e-08,1.1716418633900272e-11,30.036328077316284
1.4659467417743599e-08,1.1655196772986098e-11,30.043267726898193
1.4629183198167084e-08,1.189910669996408e-11,30.051230669021606
1.459931198155573e-08,1.1444904052249072e-11,30.05906105041504
1.4569388362417612e-08,1.1894830606595796e-11,30.06621026992798
1.4539373260902266e-08,1.1466707791618624e-11,30.07437753677368
1.4509796031347832e-08,1.1672743500945604e-11,30.081351280212402
1.4479780041654067e-08,1.1652205242351776e-11,30.08907127380371
1.4450321828007873e-08,1.1399073525375503e-11,30.0958354473114
1.4420558969163721e-08,1.1763857249436072e-11,30.104316473007202
1.4390994174107163e-08,1.1280116597733869e-11,30.111088037490845
1.4361612343805064e-08,1.1661693312403631e-11,30.11867594718933
1.4331949849122338e-08,1.1384933794322816e-11,30.125940084457397
1.4302824702383532e-08,1.1397937281498738e-11,30.13420009613037
1.4273262571862233e-08,1.1563042190410044e-11,30.141238689422607
1.4244146306907624e-08,1.116054557798174e-11,30.14835286140442
1.4214917243293712e-08,1.1594387776259207e-11,30.155389308929443
1.4185669527932987e-08,1.1153114889972393e-11,30.162408590316772
1.4156789518438018e-08,1.1409657940664175e-11,30.17030096054077
1.4127515157724702e-08,1.1314046921562237e-11,30.17705202102661
1.4098784362204242e-08,1.1139989104791415e-11,30.184165716171265
1.4069720499776395e-08,1.1440721633948492e-11,30.191073894500732
1.4040919538160779e-08,1.0987658699557201e-11,30.19794726371765
1.4012210947100812e-08,1.1384057758967447e-11,30.205463647842407
1.3983299851361153e-08,1.1058693023813237e-11,30.212427616119385
1.3954871036503391e-08,1.1147859545201921e-11,30.21966004371643
1.392602477778837e-08,1.1228534595175699e-11,30.22675633430481
1.3897649253635791e-08,1.0903661654126928e-11,30.234632968902588
1.3869092541085593e-08,1.1297146378097533e-11,30.241637229919434
1.3840597112846353e-08,1.0849292818304601e-11,30.250335454940796
1.3812372579025123e-08,1.1181764715539888e-11,30.2585608959198
1.378383007732964e-08,1.099586480896031e-11,30.26613187789917
1.3755832029005433e-08,1.087965308121941e-11,30.273224353790283
1.372743430039236e-08,1.1137038340158778e-11,30.280096530914307
1.3699375855935614e-08,1.0701013859748532e-11,30.287545919418335
1.3671332510512002e-08,1.110728176101361e-11,30.294349670410156
1.3643149721076497e-08,1.0746022995056226e-11,30.301604986190796
1.3615409244494003e-08,1.0892392890426983e-11,30.30881929397583
1.3587255764946349e-08,1.0911436684746256e-11,30.31596040725708
1.3559600553492146e-08,1.0641704531466623e-11,30.322967290878296
1.3531697540258847e-08,1.1002213029520647e-11,30.32980513572693
1.3503941076464798e-08,1.0551562228122702e-11,30.336945295333862
1.34763897818857e-08,1.0891906300491971e-11,30.343966722488403
1.344855160567704e-08,1.066573131897064e-11,30.351097106933594
1.3421225020238126e-08,1.063802778505929e-11,30.3576078414917
1.3393503195402445e-08,1.0829443244930737e-11,30.36413812637329
1.3366167728179335e-08,1.0435348765658325e-11,30.370954036712646
1.3338764759396327e-08,1.0841173445075292e-11,30.377365112304688
1.3311310276264976e-08,1.0434013895943561e-11,30.38439965248108
1.3284224387177801e-08,1.0650556825364532e-11,30.39114212989807
1.3256753028656476e-08,1.0602421718353128e-11,30.397947788238525
1.3229791484548059e-08,1.0397523987626389e-11,30.404788494110107
1.320253861791798e-08,1.071088443632684e-11,30.41156768798828
1.317549802593021e-08,1.0270584729910048e-11,30.418970346450806
1.3148581778921198e-08,1.0632023039747196e-11,30.425374507904053
1.3121441710950421e-08,1.0357916781222887e-11,30.432175874710083
1.3094780371147863e-08,1.0396685248825754e-11,30.438953161239624
1.306771846287802e-08,1.0525734797650621e-11,30.446173429489136
1.3041080215714373e-08,1.0176631239089406e-11,30.453251123428345
1.3014306965430933e-08,1.0563199620561292e-11,30.459877252578735
1.2987552366894306e-08,1.0146551134015969e-11,30.46676468849182
1.2961106854447735e-08,1.0405790812351157e-11,30.473573207855225
1.2934310511525382e-08,1.0292711127846133e-11,30.48032784461975
1.2908024871194357e-08,1.0152257506890194e-11,30.48724913597107
1.2881405275777524e-08,1.042875855117309e-11,30.49400520324707
1.2855068121098157e-08,9.985897525544019e-12,30.500698566436768
1.2828764717198737e-08,1.0391873993265133e-11,30.50774908065796
1.2802313875681648e-08,1.0055471212633282e-11,30.514636993408203
1.2776283142557077e-08,1.0190178562075047e-11,30.521900177001953
1.2749894473529366e-08,1.0186860036065504e-11,30.528972148895264
1.2723915254753138e-08,9.967107000852238e-12,30.536784887313843
1.2697771722969264e-08,1.0247426171505758e-11,30.544164419174194
1.2671708127243164e-08,9.877416592973809e-12,30.55171823501587
1.2645873681549347e-08,1.015078472665909e-11,30.558470964431763
1.2619744360620189e-08,1.0010145490291222e-11,30.56587314605713
1.2594098208751348e-08,9.925418126277563e-12,30.572892427444458
1.2568111884547761e-08,1.0141873452162997e-11,30.580031633377075
1.2542433758255811e-08,9.762845913641183e-12,30.587326765060425
1.2516754743785441e-08,1.0124502798636303e-11,30.594078302383423
1.2490973588796805e-08,9.783607951563411e-12,30.601556301116943
1.2465569021458123e-08,9.942957915343165e-12,30.60806155204773
1.2439804741859462e-08,9.934751805940056e-12,30.615796327590942
1.2414488104184329e-08,9.715865265103041e-12,30.622801303863525
1.2388943204655334e-08,1.0022708357704246e-11,30.62989044189453
1.2363555512706625e-08,9.603562736715254e-12,30.637528896331787
1.2338312593840328e-08,9.945184432924581e-12,30.644596576690674
1.2312841413120168e-08,9.699536313023671e-12,30.652370929718018
1.2287827644286153e-08,9.707883802390072e-12,30.659115314483643
1.2262447057764803e-08,9.86161759891635e-12,30.666058778762817
1.2237433288930788e-08,9.52175664703514e-12,30.673983335494995
1.221233869586058e-08,9.87570442090302e-12,30.680880069732666
1.2187219233794622e-08,9.51131794851845e-12,30.688124179840088
1.2162416851424496e-08,9.718359797461495e-12,30.694929122924805
1.2137276961254884e-08,9.648787845095708e-12,30.702749490737915
1.2112603364755614e-08,9.482943943983635e-12,30.709567308425903
1.2087641998448362e-08,9.760921237944586e-12,30.7172429561615
1.2062907117638133e-08,9.353563062974857e-12,30.72423768043518
1.2038257501956195e-08,9.70293463631311e-12,30.731271028518677
1.201342580969822e-08,9.424646826849958e-12,30.738274574279785
1.1989013337654342e-08,9.492273286837438e-12,30.745227575302124
1.1964244706064164e-08,9.570544010073512e-12,30.752591848373413
1.1939867761157075e-08,9.290264738059939e-12,30.75978446006775
1.1915348707702833e-08,9.623934461855388e-12,30.76710033416748
1.1890874063169576e-08,9.250916872816095e-12,30.774346113204956
1.1866656102199613e-08,9.494042704782935e-12,30.781675100326538
1.1842134384210112e-08,9.372435987031746e-12,30.78884768486023
1.1818069189928337e-08,9.267395878476137e-12,30.796082258224487
1.1793694021378087e-08,9.493103352020693e-12,30.803752660751343
1.1769592411781105e-08,9.120078824087496e-12,30.811057567596436
1.1745512118466195e-08,9.464106581758003e-12,30.81883430480957
1.1721311032886206e-08,9.160699976362707e-12,30.825902938842773
1.1697482094064071e-08,9.278756582520309e-12,30.833407640457153
1.1673304989301414e-08,9.302392189880493e-12,30.840713024139404
1.1649551545644954e-08,9.064218993437567e-12,30.84755253791809
1.162560181455774e-08,9.354666347105578e-12,30.854500770568848
1.160176044123773e-08,8.980384144652298e-12,30.86136555671692
1.1578090486352721e-08,9.282962419587815e-12,30.868565320968628
1.1554196710505948e-08,9.062935298065344e-12,30.875296592712402
1.1530709720375398e-08,9.07883056927572e-12,30.882188081741333
1.1506924302295829e-08,9.193676202279288e-12,30.88900899887085
1.1483430206737921e-08,8.91908248645823e-12,30.89578866958618
1.1459902360400065e-08,9.220992892855495e-12,30.903323888778687
1.1436327440605965e-08,8.912095020296995e-12,30.910120248794556
1.1413057166009821e-08,9.077944992941234e-12,30.91722345352173
1.1389478693502042e-08,9.040124551717987e-12,30.92439556121826
1.1366327434814139e-08,8.850431672258186e-12,30.93131971359253
1.1342911498957164e-08,9.15361449832508e-12,30.93825650215149
1.1319686521460426e-08,8.752074585893777e-12,30.945735454559326
1.1296575230801409e-08,9.076316087597291e-12,30.953038692474365
1.1273266764533219e-08,8.83061245654515e-12,30.959838151931763
1.1250376630300707e-08,8.852200222841944e-12,30.96705722808838
1.1227133889235574e-08,8.976120194348347e-12,30.973995685577393
1.1204244643181482e-08,8.686790869960603e-12,30.980868101119995
1.1181260362036483e-08,9.008120638309691e-12,30.987793922424316
1.1158278745426742e-08,8.663427614186148e-12,30.994525909423828
1.113556713505659e-08,8.873531250064293e-12,31.001845598220825
1.1112556208558999e-08,8.788596586595254e-12,31.00879955291748
1.1089973384059704e-08,8.657133170053566e-12,31.0158908367157
1.106711700060714e-08,8.890879352185799e-12,31.02286171913147
1.104448887900844e-08,8.532731812782579e-12,31.029841661453247
1.1021916712650182e-08,8.834874672125625e-12,31.037060260772705
1.0999186450533216e-08,8.591874607610794e-12,31.044068336486816
1.0976849651456178e-08,8.641782602014647e-12,31.051398515701294
1.0954154916476e-08,8.738855125645095e-12,31.058378219604492
1.0931857197249428e-08,8.455782081473462e-12,31.06552791595459
1.0909408487691508e-08,8.758867763025702e-12,31.07267665863037
1.0887004187054572e-08,8.42350061230901e-12,31.079849243164062
1.086482637191466e-08,8.653917860090843e-12,31.08748507499695
1.0842387432319356e-08,8.52359502423461e-12,31.09496808052063
1.0820357942975534e-08,8.458052834503516e-12,31.102172374725342
1.0798050453786345e-08,8.618878180599587e-12,31.10937476158142
1.0775986325484155e-08,8.327281572628742e-12,31.116455078125
1.075393374350142e-08,8.613584671912644e-12,31.123451471328735
1.0731807442709851e-08,8.320968046537924e-12,31.13030505180359
1.0709968911726264e-08,8.482247890184702e-12,31.137911796569824
1.0687859486324669e-08,8.434880398311417e-12,31.144772052764893
1.066611421407515e-08,8.277070001616593e-12,31.152101755142212
1.0644161996253843e-08,8.54332143224168e-12,31.159009218215942
1.0622360768763883e-08,8.195659428889002e-12,31.166630744934082
1.0600697208928977e-08,8.45396756071759e-12,31.1738383769989
1.0578805387240209e-08,8.289620725965285e-12,31.180927276611328
1.0557333673943958e-08,8.242091037446997e-12,31.187843561172485
1.0535534222810838e-08,8.40657665007738e-12,31.194817781448364
1.0514037640518836e-08,8.106516326267243e-12,31.201997995376587
1.0492507307446886e-08,8.393009377771765e-12,31.20885157585144
1.0470910360993457e-08,8.126141252950969e-12,31.21644926071167
1.0449626941522183e-08,8.243266312601971e-12,31.223247051239014
1.0428035324139273e-08,8.229968789796871e-12,31.23005223274231
1.0406821182584736e-08,8.078856160442793e-12,31.237034559249878
1.0385412529956284e-08,8.291660760773034e-12,31.244136333465576
1.0364142433161305e-08,7.996810678922994e-12,31.25167441368103
1.0342983358668789e-08,8.244850982497276e-12,31.258509397506714
1.0321667964774406e-08,8.026209037670373e-12,31.266459941864014
1.0300677644181633e-08,8.095530322493882e-12,31.273555994033813
1.0279417317349271e-08,8.148065555602102e-12,31.280418157577515
1.0258489169245877e-08,7.90009030415817e-12,31.28727674484253
1.0237415359881652e-08,8.2169002504906e-12,31.29409146308899
1.0216400170293127e-08,7.869675397453868e-12,31.301677942276
1.0195596367168491e-08,8.096041198557558e-12,31.30885362625122
1.017454032137266e-08,7.977295039818255e-12,31.31646418571472
1.0153881291330435e-08,7.880193893250453e-12,31.32325315475464
1.0132931826944969e-08,8.100975619484974e-12,31.33031988143921
1.0112246151550153e-08,7.739622311098149e-12,31.3372859954834
1.0091547153479041e-08,8.086760427961082e-12,31.344485759735107
1.0070765554814898e-08,7.783993935528422e-12,31.351840257644653
1.0050316134879722e-08,7.89349315077903e-12,31.358649492263794
1.0029534536215579e-08,7.938157076115004e-12,31.366077184677124
1.0009146400591362e-08,7.691155004541095e-12,31.37305450439453
9.98856641842849e-09,7.993277914564167e-12,31.379977226257324
9.96807436592917e-09,7.656812683887182e-12,31.38778328895569
9.947776824503762e-09,7.879426278112334e-12,31.39498805999756
9.927232369477679e-09,7.751165161107298e-12,31.402353763580322
9.907063613923128e-09,7.710028795959722e-12,31.409351587295532
9.886638174805285e-09,7.843085556014096e-12,31.417316198349
9.86645165568234e-09,7.583072191008622e-12,31.424189567565918
9.84625003752626e-09,7.851086968047039e-12,31.431161403656006
9.826003122270777e-09,7.570923055144618e-12,31.438791751861572
9.806021772362783e-09,7.714029068295325e-12,31.446105003356934
9.785766863501522e-09,7.69027723446225e-12,31.45341730117798
9.765861008759202e-09,7.5480698080721e-12,31.460652828216553
9.745780182868202e-09,7.75234997724139e-12,31.46853518486023
9.7258254783128e-09,7.459792332464854e-12,31.475427865982056
9.705972914275662e-09,7.707759777653145e-12,31.483295440673828
9.685961366301399e-09,7.51426958850443e-12,31.49038553237915
9.666274891628746e-09,7.553044127639463e-12,31.497675895690918
9.646337062463317e-09,7.619327911656537e-12,31.50488829612732
9.626674568607996e-09,7.393578804748557e-12,31.512252807617188
9.606925033267544e-09,7.673727972501432e-12,31.51945996284485
9.587204807814942e-09,7.354849368423899e-12,31.52622151374817
9.567687975220451e-09,7.557125064616699e-12,31.533690452575684
9.547929558095802e-09,7.470449606139518e-12,31.540658473968506
9.528530853231132e-09,7.366964677180121e-12,31.54776382446289
9.508906551047858e-09,7.567429322064001e-12,31.555033445358276
9.489451002764326e-09,7.285884569274703e-12,31.562416791915894
9.47007006146805e-09,7.532050504133192e-12,31.569563388824463
9.450564775193016e-09,7.307511366849706e-12,31.57660150527954
9.431352587796482e-09,7.391746936757926e-12,31.58456015586853
9.411891710442433e-09,7.411337168972132e-12,31.591490983963013
9.392725708323724e-09,7.219703133942712e-12,31.599212646484375
9.373433584869417e-09,7.484521682976641e-12,31.60605502128601
9.354216956580785e-09,7.159712926696482e-12,31.61292862892151
9.33515931222928e-09,7.388876836766922e-12,31.61970567703247
9.315886728700207e-09,7.260031551631352e-12,31.626482725143433
9.296956982041138e-09,7.224998811034e-12,31.634564638137817
9.277806078955564e-09,7.350470059008796e-12,31.64142894744873
9.258855904192842e-09,7.0984941015483916e-12,31.648404359817505
9.23990661760854e-09,7.363917635394568e-12,31.65532922744751
9.22089338217802e-09,7.113707626432708e-12,31.66228675842285
9.202162587484963e-09,7.205542152527444e-12,31.669194221496582
9.183143134805505e-09,7.244887849366943e-12,31.676206350326538
9.164479841672346e-09,7.02410308736634e-12,31.683669328689575
9.145636248319988e-09,7.294689158277023e-12,31.6906681060791
9.126893907307476e-09,6.970360486718841e-12,31.697559356689453
9.108292786663696e-09,7.2080731140788945e-12,31.70441174507141
9.089496266767583e-09,7.058297522843926e-12,31.711424350738525
9.071039919206214e-09,7.0386673919897724e-12,31.71872854232788
9.052318894475775e-09,7.181985475085417e-12,31.725512266159058
9.033859882379147e-09,6.910789215192059e-12,31.733308792114258
9.015367119502571e-09,7.16018390412021e-12,31.740479946136475
8.996811295958196e-09,6.9319324585981335e-12,31.74761462211609
8.978535248616026e-09,7.021189619288437e-12,31.754753351211548
8.959990083212688e-09,7.026273226434787e-12,31.761913537979126
8.941776208359897e-09,6.8677593993704544e-12,31.768802404403687
8.923370486968452e-09,7.1070926921379396e-12,31.775591373443604
8.905123749514132e-09,6.777529926171866e-12,31.78306794166565
8.886935631835513e-09,7.066730013660649e-12,31.789867162704468
8.868624945534975e-09,6.8318566949499004e-12,31.797116994857788
8.850612687183457e-09,6.8958827363629904e-12,31.80427837371826
8.832334863484448e-09,6.968386371403179e-12,31.81132984161377
8.814353691377619e-09,6.743850703566645e-12,31.818584203720093
8.796278372358302e-09,6.982504418412416e-12,31.825719118118286
8.77821637601528e-09,6.7143538992620044e-12,31.833650588989258
8.760340897140395e-09,6.905883417201997e-12,31.840450525283813
8.742270907191596e-09,6.792376123360144e-12,31.84773302078247
8.724507338797594e-09,6.733446699519474e-12,31.854910612106323
8.706533272118122e-09,6.890035417206342e-12,31.86226797103882
8.688747499263627e-09,6.625006966631819e-12,31.869302988052368
8.670989259940143e-09,6.8700787246578354e-12,31.87646460533142
8.653133320990491e-09,6.655367229546627e-12,31.884109020233154
8.63554383556675e-09,6.7477798522397325e-12,31.890846490859985
8.617731417359664e-09,6.751167333507446e-12,31.897932052612305
8.600191669927426e-09,6.592714221764773e-12,31.904848337173462
8.58252846569485e-09,6.806878845300179e-12,31.911584854125977
8.56493365120059e-09,6.53770527297981e-12,31.918474912643433
8.547483609788742e-09,6.734201304231524e-12,31.925248622894287
8.529847939087176e-09,6.615582647667706e-12,31.932709455490112
8.512524907189345e-09,6.577568784776888e-12,31.93949818611145
8.494967396188713e-09,6.7334957054576705e-12,31.94652223587036
8.47764880518298e-09,6.443803390182579e-12,31.95333242416382
8.460283140721003e-09,6.7397771391641825e-12,31.960078239440918
8.442894383620114e-09,6.445650437003625e-12,31.96794843673706
8.425732112016249e-09,6.5991227239659e-12,31.975053310394287
8.408321150454867e-09,6.581526556387329e-12,31.982723712921143
8.391245920336132e-09,6.413427948437356e-12,31.98988366127014
8.373971738251385e-09,6.664371745429554e-12,31.997138738632202
8.356841441070628e-09,6.335611722751988e-12,32.00443148612976
8.339798185375003e-09,6.587161371918171e-12,32.01189136505127
8.322585287601214e-09,6.432650419274655e-12,32.01900339126587
8.305695686772196e-09,6.4293735266285346e-12,32.025938510894775
8.2885680541267e-09,6.514611333025e-12,32.03370547294617
8.271674012405583e-09,6.3011249863687e-12,32.04087972640991
8.254715133659829e-09,6.551134201088216e-12,32.048030614852905
8.23777224212563e-09,6.2755989641005705e-12,32.0554563999176
8.221012315345888e-09,6.4421749185195054e-12,32.06254506111145
8.204030343961222e-09,6.393795649178857e-12,32.069836378097534
8.187369004986067e-09,6.28733176633034e-12,32.07707715034485
8.170521148542775e-09,6.451562374609754e-12,32.08507752418518
8.153805630684019e-09,6.214169370050149e-12,32.09194469451904
8.137169160704616e-09,6.401447080750522e-12,32.099446058273315
8.120401240319097e-09,6.248812231546275e-12,32.107807874679565
8.103909543422105e-09,6.275860039983705e-12,32.11627674102783
8.087187808314411e-09,6.340326267478824e-12,32.12368941307068
8.07072364494843e-09,6.143896589400066e-12,32.13098740577698
8.054161781956282e-09,6.368992572919341e-12,32.1387505531311
8.0376389988146e-09,6.11316466198053e-12,32.145729064941406
8.021276975966884e-09,6.285883705908768e-12,32.152674198150635
8.004712448439477e-09,6.213184480796663e-12,32.15943956375122
7.98847299421368e-09,6.1189070303668824e-12,32.16700720787048
7.97200705449086e-09,6.291393621349339e-12,32.173792362213135
7.955724079522497e-09,6.042641213788169e-12,32.180904388427734
7.939470414441985e-09,6.252702782622022e-12,32.18823862075806
7.923125266984243e-09,6.062528083716767e-12,32.19561505317688
7.907028809484018e-09,6.135977143051363e-12,32.203381299972534
7.890700537416251e-09,6.168482391544217e-12,32.21080780029297
7.874668028762244e-09,5.984673694114928e-12,32.21854615211487
7.858471207100592e-09,6.23257175036418e-12,32.22560691833496
7.842390736811922e-09,5.92302248914045e-12,32.23359799385071
7.826390202581024e-09,6.175161510607596e-12,32.24088406562805
7.810263547014529e-09,5.979607000522469e-12,32.24834442138672
7.794405121330783e-09,6.0155409299655904e-12,32.25537586212158
7.778326427398952e-09,6.0868146460613115e-12,32.26239728927612
7.762478659856242e-09,5.884245347920203e-12,32.26921105384827
7.746564278932055e-09,6.125597425132856e-12,32.276044607162476
7.730655227078387e-09,5.882054392170044e-12,32.28359866142273
7.714944239012311e-09,6.003181025199256e-12,32.29072117805481
7.699004989092373e-09,5.988641006704487e-12,32.29833936691284
7.683380154333008e-09,5.8438020048012795e-12,32.30549144744873
7.667564361213408e-09,6.043544137357415e-12,32.31279730796814
7.651886235748862e-09,5.778921612076271e-12,32.320377588272095
7.636269394595274e-09,5.9994518034067745e-12,32.32716989517212
7.620536202068706e-09,5.826834240801881e-12,32.33454346656799
7.60506324581911e-09,5.8697612742575345e-12,32.341373443603516
7.589372685856688e-09,5.92376842023512e-12,32.348384380340576
7.573925486781263e-09,5.7432010536206946e-12,32.355889320373535
7.558389469863869e-09,5.957173990212006e-12,32.36283540725708
7.542880986477485e-09,5.721496627170142e-12,32.36973857879639
7.527530598849808e-09,5.874782431358749e-12,32.37690997123718
7.511987476505055e-09,5.816811008557687e-12,32.38516616821289
7.49674899935826e-09,5.718389303743798e-12,32.39223265647888
7.4812911421418e-09,5.9081988433573596e-12,32.40027379989624
7.466030460534512e-09,5.616193274327053e-12,32.407350063323975
7.450764449856706e-09,5.870498965415694e-12,32.42014265060425
7.435430049440583e-09,5.65020166071184e-12,32.42867851257324
7.420320802253855e-09,5.7617513191110525e-12,32.43746900558472
7.405017043993212e-09,5.734313197891527e-12,32.45547962188721
7.389958422976406e-09,5.617987845762951e-12,32.47642159461975
7.374775901070052e-09,5.794229245709159e-12,32.485082387924194
7.359673315221471e-09,5.562439397976959e-12,32.49186182022095
7.344663988106959e-09,5.7599537119090716e-12,32.499237060546875
7.3295352009949966e-09,5.610807391615014e-12,32.505942583084106
7.314650662948452e-09,5.618863881118319e-12,32.51241588592529
7.299569393381944e-09,5.704044007959208e-12,32.518884897232056
7.28468263488935e-09,5.521780515466146e-12,32.52731013298035
7.269779889185202e-09,5.699456965407856e-12,32.535500049591064
7.254839395898216e-09,5.5155242352500355e-12,32.54217529296875
7.240090305060676e-09,5.610944868450485e-12,32.549432039260864
7.225152476308949e-09,5.591937937005076e-12,32.55603861808777
7.2104695547636766e-09,5.481287299047288e-12,32.56248950958252
7.195632978351796e-09,5.669622757387138e-12,32.56886053085327
7.1809282964352406e-09,5.406227548965248e-12,32.575408935546875
7.166272908420979e-09,5.618057668382859e-12,32.58257985115051
7.1515087185503035e-09,5.458001238467514e-12,32.58943009376526
7.136992330458725e-09,5.489603563391121e-12,32.59648370742798
7.122268108616936e-09,5.550729580833247e-12,32.603373289108276
7.107768595915331e-09,5.369471794275382e-12,32.6101496219635
7.093197584850941e-09,5.573470504560696e-12,32.6177704334259
7.078639008284426e-09,5.357064184613458e-12,32.624619007110596
7.064239859744248e-09,5.492397769230051e-12,32.63173222541809
7.049665295966179e-09,5.4305583467584295e-12,32.6387984752655
7.035349636197452e-09,5.362083173310328e-12,32.64579439163208
7.020865666618192e-09,5.501882803515823e-12,32.65320801734924
7.006527802388973e-09,5.283183179133344e-12,32.66037893295288
6.992214807155506e-09,5.480510142930051e-12,32.66847324371338
6.977821431775055e-09,5.314662772371026e-12,32.67612147331238
6.96365098917795e-09,5.3681061332189195e-12,32.6839554309845
6.94928425915009e-09,5.397314539745679e-12,32.69074535369873
6.935148455511353e-09,5.246885825122005e-12,32.69759917259216
6.920912731800399e-09,5.4349736516856595e-12,32.70447397232056
6.906729854705418e-09,5.211370397717463e-12,32.711201906204224
6.892663773072627e-09,5.371060800979377e-12,32.71873593330383
6.878452918357425e-09,5.2714651220531206e-12,32.725847005844116
6.8644863127076405e-09,5.245122912389544e-12,32.73356914520264
6.8503438477307554e-09,5.348367582147517e-12,32.74101376533508
6.836372357099663e-09,5.1520164003060476e-12,32.74840545654297
6.822387987881484e-09,5.346200478845153e-12,32.75592827796936
6.80836187427758e-09,5.1599514591660345e-12,32.76312327384949
6.7945280513015405e-09,5.247931863378019e-12,32.77142071723938
6.780508599035784e-09,5.242358630530575e-12,32.77824950218201
6.766727178586507e-09,5.1251771923666034e-12,32.78593969345093
6.752823633604521e-09,5.287611494486644e-12,32.79307746887207
6.739000912858728e-09,5.074697606577416e-12,32.80127000808716
6.7252625690628065e-09,5.241090981350505e-12,32.80880570411682
6.711405209358645e-09,5.119979093470839e-12,32.81683850288391
6.697782328757285e-09,5.123458948763648e-12,32.82385039329529
6.683972042509367e-09,5.20486084787386e-12,32.83120155334473
6.670357599602994e-09,5.021814995093132e-12,32.83817481994629
6.656697415508006e-09,5.2149218103536565e-12,32.844956398010254
6.6430274614504015e-09,5.017149456304493e-12,32.8522207736969
6.629520932222022e-09,5.133212865188197e-12,32.859029054641724
6.615848313629158e-09,5.0842637391856904e-12,32.868305683135986
6.602414170941984e-09,4.999471323041682e-12,32.87525248527527
6.588827261566621e-09,5.15514584145671e-12,32.883432149887085
6.575358035831869e-09,4.945940358658252e-12,32.8907744884491
6.561946541694397e-09,5.114033328756928e-12,32.89782524108887
6.54843068659261e-09,4.984357111076365e-12,32.904977321624756
6.53513243520365e-09,5.0130507384116285e-12,32.912025690078735
6.521653439506281e-09,5.072689664153973e-12,32.91926026344299
6.508381389380702e-09,4.9114774747227585e-12,32.92621088027954
6.495038284981547e-09,5.0888234598422954e-12,32.93393683433533
6.481712500061576e-09,4.896606991405816e-12,32.940783739089966
6.468528823688757e-09,5.0118546465749425e-12,32.947898149490356
6.455187495646442e-09,4.953938301244243e-12,32.954997301101685
6.442081534885347e-09,4.89497982078535e-12,32.96191620826721
6.428817478365545e-09,5.016479853042766e-12,32.96954393386841
6.415696862660525e-09,4.819983821791052e-12,32.97630596160889
6.402585128739702e-09,5.004045355166964e-12,32.9835147857666
6.389416995489228e-09,4.838810775675828e-12,32.99051260948181
6.376440264688199e-09,4.906754256378543e-12,32.997554302215576
6.3632854541140205e-09,4.916296536539022e-12,33.00438380241394
6.350349135431088e-09,4.7924845515689984e-12,33.011104106903076
6.337308455783841e-09,4.954726299383205e-12,33.01864814758301
6.324332613161232e-09,4.750554984112032e-12,33.025466442108154
6.311448252915852e-09,4.903365474068222e-12,33.03306436538696
6.298439991780924e-09,4.803732498587232e-12,33.0405375957489
6.2856555516077606e-09,4.790856513586794e-12,33.04754686355591
6.272703245713274e-09,4.876410907017625e-12,33.05454182624817
6.2599205818969494e-09,4.696410794979844e-12,33.0619101524353
6.247108164103565e-09,4.881089889913204e-12,33.06890034675598
6.234274430028108e-09,4.700362928738988e-12,33.0757942199707
6.221605453049506e-09,4.796392449879505e-12,33.083495140075684
6.208770386706419e-09,4.773518819806144e-12,33.09035134315491
6.196163582217196e-09,4.670245527110817e-12,33.0983521938324
6.183418221894499e-09,4.832370614771264e-12,33.105384826660156
6.170777666625327e-09,4.619092001251213e-12,33.11262655258179
6.158191734328966e-09,4.796313953642217e-12,33.11960172653198
6.145507214228019e-09,4.6624813385132136e-12,33.126670122146606
6.133041186018318e-09,4.674260544595965e-12,33.13532733917236
6.12038730807285e-09,4.748906129448116e-12,33.14246964454651
6.107929717558136e-09,4.5783450815239934e-12,33.15098237991333
6.095413507267722e-09,4.761242615447525e-12,33.158132553100586
6.082907066939924e-09,4.56627357453554e-12,33.16645884513855
6.070536517910341e-09,4.687226735217154e-12,33.173250675201416
6.058015866727828e-09,4.634521499208288e-12,33.180546045303345
6.045716816061031e-09,4.574998799938834e-12,33.18808913230896
6.033275656847081e-09,4.693413192813356e-12,33.195289611816406
6.020961951236359e-09,4.496849507346079e-12,33.20273280143738
6.008663788747981e-09,4.6738559203451935e-12,33.210081815719604
5.996296348342867e-09,4.535191232973856e-12,33.218137979507446
5.984124751279296e-09,4.579172110941165e-12,33.2249116897583
5.971787064851242e-09,4.5950257487881174e-12,33.23253679275513
5.959641669051052e-09,4.4744459873347076e-12,33.23953866958618
5.947408343587313e-09,4.64174315303878e-12,33.24676704406738
5.935227864739545e-09,4.4464727039228436e-12,33.254061222076416
5.923142865071895e-09,4.587429394686815e-12,33.26109576225281
5.910938849496006e-09,4.491679597706799e-12,33.26884436607361
5.898935118153759e-09,4.484573736668329e-12,33.27577590942383
5.88678705781831e-09,4.562663614982032e-12,33.28402495384216
5.874783770565273e-09,4.400487352979043e-12,33.29109716415405
5.862770713349619e-09,4.560808761905344e-12,33.29922437667847
5.850727458067695e-09,4.39730240067715e-12,33.30600190162659
5.838832972671071e-09,4.490399371781528e-12,33.31305193901062
5.826795934638085e-09,4.465883392257286e-12,33.32037091255188
5.8149587367495315e-09,4.372598637336633e-12,33.32720422744751
5.803006963844837e-09,4.522183408989244e-12,33.33494424819946
5.791137347443964e-09,4.330867695717666e-12,33.34172558784485
5.779338785316668e-09,4.470670795370113e-12,33.34965896606445
5.767427868619279e-09,4.380623901817371e-12,33.35643815994263
5.755723453404471e-09,4.372518840056738e-12,33.36359214782715
5.743867159679894e-09,4.434987967150139e-12,33.37058401107788
5.732161856286666e-09,4.296316774565767e-12,33.37738800048828
5.720428131184008e-09,4.448137604778912e-12,33.38506746292114
5.70869174154609e-09,4.278809077884471e-12,33.391828298568726
5.697078808708511e-09,4.389065933613212e-12,33.39963984489441
5.685338422267705e-09,4.332807550244677e-12,33.4066047668457
5.673787661919505e-09,4.2887390687418314e-12,33.41395831108093
5.662126767447262e-09,4.384494937254013e-12,33.4209258556366
5.65055158219252e-09,4.235894621174019e-12,33.42777752876282
5.639028355375331e-09,4.359996304964531e-12,33.43549060821533
5.627417642983801e-09,4.2650193272930625e-12,33.44229006767273
5.615998777130926e-09,4.265888857435396e-12,33.450151443481445
5.604417374627246e-09,4.331609723684515e-12,33.457035303115845
5.593018048699605e-09,4.174551763297396e-12,33.464314222335815
5.581553885747326e-09,4.345307533931697e-12,33.47137212753296
5.570104377738971e-09,4.170278705695196e-12,33.47813892364502
5.558776106084906e-09,4.284481623650915e-12,33.485527753829956
5.547321269006034e-09,4.2195526586685794e-12,33.49242925643921
5.536053393484508e-09,4.193168815641579e-12,33.50018525123596
5.524668722500792e-09,4.26929758906569e-12,33.50696611404419
5.5133879683921805e-09,4.13204409924206e-12,33.51421499252319
5.502126754208803e-09,4.267254518491859e-12,33.52166390419006
5.4908193547476e-09,4.133643080606042e-12,33.52930045127869
5.4796616133501175e-09,4.197742847766861e-12,33.536306381225586
5.468365760208371e-09,4.199183969294529e-12,33.54318451881409
5.457250207285824e-09,4.099848498889669e-12,33.551087379455566
5.446048056967356e-09,4.234888915238821e-12,33.55792260169983
5.43490008553249e-09,4.0631504237553795e-12,33.56586194038391
5.423830273798558e-09,4.1894825282551285e-12,33.57273817062378
5.412660097903199e-09,4.097288047039127e-12,33.57975792884827
5.4016733308515086e-09,4.093528033904947e-12,33.586742877960205
5.390545343431086e-09,4.168774700441524e-12,33.59499740600586
5.3795634613607035e-09,4.017008947698741e-12,33.602755546569824
5.36855582211615e-09,4.174603371320806e-12,33.609724283218384
5.357532639749252e-09,4.020110633273788e-12,33.61781167984009
5.346644016412938e-09,4.104641973534662e-12,33.62466096878052
5.33562127813525e-09,4.076576316097702e-12,33.63280153274536
5.324783725058069e-09,4.0064522879856845e-12,33.640036821365356
5.313844919641042e-09,4.113161634206053e-12,33.647372245788574
5.302983385746529e-09,3.954352036789066e-12,33.65461492538452
5.292164484416162e-09,4.096560764221824e-12,33.66142177581787
5.281273196544589e-09,3.985323356048287e-12,33.66899800300598
5.270556879821697e-09,4.000075444487994e-12,33.67589974403381
5.259689572767456e-09,4.055257431939685e-12,33.68365430831909
5.248992351880588e-09,3.906722601670909e-12,33.690515995025635
5.2382369553072294e-09,4.066822399673153e-12,33.69784140586853
5.227487775982809e-09,3.908260000351493e-12,33.70489287376404
5.216862053458726e-09,4.003582187994681e-12,33.71195650100708
5.206109321420627e-09,3.954909750386593e-12,33.719197273254395
5.195539554136985e-09,3.907861447632888e-12,33.726056814193726
5.184849438677475e-09,4.014093744897362e-12,33.73398470878601
5.174266348717538e-09,3.849788543508481e-12,33.740864753723145
5.163706795485723e-09,3.9888843096635984e-12,33.74833822250366
5.1530810729616405e-09,3.879189938021943e-12,33.75527548789978
5.142620995712832e-09,3.911516076315902e-12,33.762372732162476
5.13202413898739e-09,3.926896134653912e-12,33.76964998245239
5.121583601663815e-09,3.8323242149140846e-12,33.776439905166626
5.11108488865375e-09,3.9479678207166025e-12,33.78444695472717
5.100616373709954e-09,3.800732298331333e-12,33.79133367538452
5.0902282389131415e-09,3.917715544338174e-12,33.79915642738342
5.0797486217391e-09,3.835837897314676e-12,33.80614614486694
5.0694328734834926e-09,3.833966998045835e-12,33.813156604766846
5.059003438390164e-09,3.887258136908711e-12,33.82027053833008
5.048684581510088e-09,3.768586137598007e-12,33.82707238197327
5.038368389165271e-09,3.885244122953102e-12,33.8351788520813
5.028013561059197e-09,3.777832213724963e-12,33.842143297195435
5.017800841500275e-09,3.824226092047356e-12,33.85002827644348
5.007458447892077e-09,3.829228167190335e-12,33.85691857337952
4.997282143648363e-09,3.74165759139955e-12,33.86379647254944
4.987022350633197e-09,3.857975137272485e-12,33.87084102630615
4.976822065572151e-09,3.704038378099517e-12,33.87758731842041
4.9666843970896934e-09,3.8169285440647904e-12,33.885215044021606
4.956457466676056e-09,3.7329987191692116e-12,33.89208459854126
4.946400178340582e-09,3.7328477982268016e-12,33.89977049827576
4.9362101073313625e-09,3.791801941877004e-12,33.90675616264343
4.926160812601665e-09,3.658123283456494e-12,33.91377854347229
4.91607643482439e-09,3.802323039758804e-12,33.9207718372345
4.905988948422646e-09,3.65467985735668e-12,33.92761707305908
4.896019589750722e-09,3.742013643392994e-12,33.934977531433105
4.88592588610004e-09,3.71249688976838e-12,33.9418671131134
4.876007153598039e-09,3.650986197395456e-12,33.94921374320984
4.865980063328834e-09,3.766546970151996e-12,33.95601463317871
4.856044011347649e-09,3.6042093788657414e-12,33.963390827178955
4.8461408219679925e-09,3.7357634347090496e-12,33.97054886817932
4.836168798760809e-09,3.6297076455582555e-12,33.97685480117798
4.826354871312333e-09,3.655647833056275e-12,33.98443365097046
4.816407717100901e-09,3.688089330461386e-12,33.991201877593994
4.806610220953189e-09,3.577163738832656e-12,33.99801468849182
4.796761654546344e-09,3.706407143005963e-12,34.0048725605011
4.786931295797103e-09,3.5603982869586437e-12,34.01161980628967
4.777194639871141e-09,3.6588002592929936e-12,34.01880669593811
4.767349626177975e-09,3.6075725740047915e-12,34.02554178237915
4.757674698652181e-09,3.5708319981453407e-12,34.033015966415405
4.747882531574987e-09,3.666276917474454e-12,34.039745569229126
4.7381969459081574e-09,3.517488383897316e-12,34.046674728393555
4.728521574293154e-09,3.6522191521060066e-12,34.05354595184326
4.7188057905600544e-09,3.5234825040281192e-12,34.0602490901947
4.709224565857539e-09,3.5773415479889437e-12,34.067737102508545
4.699514111194958e-09,3.5906117488992972e-12,34.074482679367065
4.68996974589686e-09,3.4869798021253118e-12,34.081310749053955
4.6803401154704716e-09,3.6272538792014863e-12,34.08808207511902
4.6707677725521535e-09,3.4525758987880018e-12,34.094876766204834
4.6612513848742765e-09,3.5927378693595413e-12,34.10168981552124
4.651655949317046e-09,3.4899236278640444e-12,34.10846281051636
4.642213280448004e-09,3.507630167223774e-12,34.11585235595703
4.63266047745492e-09,3.5439370622142308e-12,34.122942209243774
4.623217364496668e-09,3.4442852216154396e-12,34.13012480735779
4.61376226112975e-09,3.5542669068328037e-12,34.13782262802124
4.604297387800216e-09,3.4268974376944206e-12,34.14457154273987
4.594934654988947e-09,3.5048153615435673e-12,34.151976108551025
4.585473334373091e-09,3.4696293147590263e-12,34.158758878707886
4.576158563196486e-09,3.418960860951392e-12,34.166614294052124
4.5667589709808e-09,3.5130969314178806e-12,34.173420906066895
4.5574273244142205e-09,3.376720777992226e-12,34.18040990829468
4.548136534054947e-09,3.492720869469057e-12,34.187522411346436
4.538771580797629e-09,3.4150403858956846e-12,34.19437646865845
4.529569608280326e-09,3.407691229889709e-12,34.20190095901489
4.520237517624537e-09,3.4638626602440103e-12,34.20887303352356
4.5110359891964436e-09,3.3417608957808653e-12,34.2163405418396
4.501802930434451e-09,3.4708611852674043e-12,34.22358226776123
4.492568539404829e-09,3.3365417633629546e-12,34.23044514656067
4.483433624358213e-09,3.425680962856892e-12,34.23770833015442
4.474195680614912e-09,3.3880576295886033e-12,34.24449563026428
4.465113612184268e-09,3.346037422830017e-12,34.25174927711487
4.455938729108766e-09,3.4192945783800832e-12,34.258676528930664
4.446842893912617e-09,3.293888816216506e-12,34.26585078239441
4.437765266374072e-09,3.410852980265111e-12,34.27320194244385
4.428643229914542e-09,3.305429714661745e-12,34.28041458129883
4.419653532039547e-09,3.3424140191695706e-12,34.287508726119995
4.410548370969991e-09,3.3595669649000293e-12,34.29429578781128
4.40157643666339e-09,3.2768380023306953e-12,34.30180788040161
4.392559205257385e-09,3.3755201325064155e-12,34.31006622314453
4.3835619578658225e-09,3.2543325673151102e-12,34.31841254234314
4.374643314264404e-09,3.3377705981052497e-12,34.32544302940369
4.365631856018126e-09,3.2929093479738825e-12,34.33309507369995
4.356774052638457e-09,3.2610264315280357e-12,34.34002900123596
4.347811444205263e-09,3.337457046836967e-12,34.34697914123535
4.338945203130606e-09,3.2084712490998424e-12,34.353872537612915
4.3300829588588385e-09,3.329953934122498e-12,34.36056613922119
4.3211856315394925e-09,3.2213433309724593e-12,34.368151903152466
4.312413537377324e-09,3.266432914081352e-12,34.374820709228516
4.3035273122882245e-09,3.270418224426974e-12,34.38167905807495
4.294778310764968e-09,3.201434993840846e-12,34.38885474205017
4.2859724658228515e-09,3.290872132091782e-12,34.39577794075012
4.277202148017523e-09,3.1714986539754797e-12,34.40302801132202
4.268493558612363e-09,3.262491839184367e-12,34.409738302230835
4.25970636541706e-09,3.20176307341824e-12,34.41702628135681
4.251063057125748e-09,3.1909377484068413e-12,34.423792362213135
4.242313167424072e-09,3.2461895584784406e-12,34.43056011199951
4.23367119140039e-09,3.132071858813479e-12,34.43794226646423
4.225013228165153e-09,3.2481829725927724e-12,34.44473671913147
4.2163370572723124e-09,3.141632353570456e-12,34.45199179649353
4.2077803463769214e-09,3.1869112383786646e-12,34.458725452423096
4.1991050636625005e-09,3.1853647323998313e-12,34.46557545661926
4.190579883101009e-09,3.1151563533587945e-12,34.472615003585815
4.181969437411226e-09,3.225067131754078e-12,34.47950720787048
4.173430934173439e-09,3.0743170596064795e-12,34.486929178237915
4.164922184912712e-09,3.1967271711674794e-12,34.493669748306274
4.156352151341025e-09,3.102992906026114e-12,34.5012092590332
4.147921117692022e-09,3.1217216311940632e-12,34.50801372528076
4.139375953116087e-09,3.1556671338528464e-12,34.514997482299805
4.130956465786539e-09,3.0542046756260044e-12,34.521925926208496
4.1224974545173154e-09,3.1672310173841423e-12,34.528647661209106
4.1140411077833505e-09,3.0558426882681955e-12,34.536031007766724
4.105686901567651e-09,3.1145784736008597e-12,34.5427143573761
4.097224337584748e-09,3.0957742879617056e-12,34.54980182647705
4.088910543487145e-09,3.0428762808065724e-12,34.556620836257935
4.080505711101523e-09,3.1276851768236025e-12,34.56340312957764
4.072177262059995e-09,3.0024138557294133e-12,34.57057189941406
4.06386879703291e-09,3.114300701004269e-12,34.57728695869446
4.055514590817211e-09,3.0193807523670735e-12,34.58500552177429
4.047284729580269e-09,3.053712881520565e-12,34.591821908950806
4.0389469546653345e-09,3.068459332108975e-12,34.59884762763977
4.030737077442836e-09,2.985093942864392e-12,34.60590195655823
4.022474797693576e-09,3.0887297927661983e-12,34.612892866134644
4.014237831029277e-09,2.966122790090675e-12,34.62038207054138
4.006071918638554e-09,3.051059838804493e-12,34.62740778923035
3.997817188405861e-09,3.0124667951131334e-12,34.635005712509155
3.989713892593727e-09,2.9730304589720147e-12,34.64182996749878
3.981503127192809e-09,3.050907183138607e-12,34.64891171455383
3.973387840972009e-09,2.925060584371697e-12,34.6559317111969
3.96527077839437e-09,3.0425857146243462e-12,34.66285800933838
3.957126626374929e-09,2.934624114894757e-12,34.6703565120697
3.949093496657952e-09,2.9845923909394e-12,34.67706561088562
3.940956005976659e-09,2.98179623353656e-12,34.684507608413696
3.932953518415161e-09,2.9125445544925244e-12,34.69129538536072
3.924881308847716e-09,3.0102361575634617e-12,34.69840598106384
3.916856172736516e-09,2.8857177064578465e-12,34.70524311065674
3.908879886438399e-09,2.9818740792525444e-12,34.71200680732727
3.900834766312755e-09,2.914601502854164e-12,34.71944546699524
3.892921540682437e-09,2.915714761644872e-12,34.72610116004944
3.884907506801483e-09,2.960112623767719e-12,34.733399629592896
3.8770000543308925e-09,2.8572389679931698e-12,34.74017333984375
3.8690681769537605e-09,2.9677588511689557e-12,34.74731636047363
3.86113185868453e-09,2.8547895384450905e-12,34.754297494888306
3.853288799149368e-09,2.9188259881990364e-12,34.76104187965393
3.845350260434088e-09,2.8988738492996546e-12,34.768640756607056
3.837544504392554e-09,2.8499646219370955e-12,34.77552890777588
3.829662365006925e-09,2.9310115532560355e-12,34.78269004821777
3.821841065843046e-09,2.813501601833801e-12,34.78988218307495
3.814044635674918e-09,2.9231554243142055e-12,34.79711055755615
3.806206905210274e-09,2.8269222900056956e-12,34.804362297058105
3.798483749761772e-09,2.8562779311874786e-12,34.81139159202576
3.790660230151843e-09,2.8767994930678498e-12,34.81890034675598
3.7829530619148954e-09,2.7903660285155674e-12,34.82591104507446
3.7751988202217035e-09,2.9029476305425517e-12,34.83310341835022
3.767473444327152e-09,2.7685262936338884e-12,34.84011268615723
3.759809796832769e-09,2.8607233769351037e-12,34.84721493721008
3.752064881012984e-09,2.8122220264298337e-12,34.85437774658203
3.744454524223784e-09,2.7863358322000042e-12,34.861093521118164
3.736754905503403e-09,2.8514085623904117e-12,34.869006633758545
3.729134334662376e-09,2.740616978150201e-12,34.8759069442749
3.7215222015163363e-09,2.842739498659652e-12,34.883395195007324
3.713875207367323e-09,2.754244098415737e-12,34.89017677307129
3.7063392355207725e-09,2.786067383742097e-12,34.89733171463013
3.6987035656466105e-09,2.7992478127125686e-12,34.90433073043823
3.6911889100821327e-09,2.7229043672583053e-12,34.911067485809326
3.683620741767868e-09,2.8192921087966116e-12,34.91861939430237
3.6760818833414532e-09,2.7029875733497466e-12,34.92537569999695
3.6686031990029733e-09,2.7857052602164867e-12,34.93290877342224
3.6610501297218434e-09,2.734770092674421e-12,34.939719676971436
3.653623403820916e-09,2.7212145297522694e-12,34.94693422317505
3.6461078600780183e-09,2.772394076464013e-12,34.95400094985962
3.638680468043276e-09,2.6718295544764237e-12,34.96075630187988
3.631243084001312e-09,2.7753396369262218e-12,34.9683039188385
3.623791045015423e-09,2.6739847315548904e-12,34.97504544258118
3.6164329308974175e-09,2.7253848049885177e-12,34.982481479644775
3.6089840005359974e-09,2.7154207701829414e-12,34.98931431770325
3.601655196305842e-09,2.6626765028958665e-12,34.996421337127686
3.5942639975417023e-09,2.7435907278688942e-12,35.003825664520264
3.586913432940264e-09,2.6429366507818575e-12,35.01054787635803
3.5796134945087488e-09,2.714388609714735e-12,35.01930904388428
3.572246276561941e-09,2.6644580639056947e-12,35.026323556900024
3.5650007390586325e-09,2.6559915291407554e-12,35.03346872329712
3.557662830999675e-09,2.700153685711304e-12,35.04055452346802
3.5504219564330697e-09,2.604971793829236e-12,35.04747676849365
3.543159099450577e-09,2.704797106775625e-12,35.05492949485779
3.5358889149961215e-09,2.6112965956226475e-12,35.06165385246277
3.5287126554095494e-09,2.65425398673913e-12,35.06918668746948
3.5214413607320694e-09,2.6454697807376526e-12,35.076112270355225
3.5142961873901868e-09,2.5932504841424953e-12,35.08328700065613
3.5070761850164445e-09,2.672001942621849e-12,35.090252161026
3.4999174669536615e-09,2.5606877729345e-12,35.09709334373474
3.492781175395976e-09,2.6552163245874283e-12,35.10450291633606
3.485600919006515e-09,2.577831177685841e-12,35.1111786365509
3.4785299085626775e-09,2.5999059675985148e-12,35.1188645362854
3.471366305518586e-09,2.6188337522853322e-12,35.12594175338745
3.4643097279740687e-09,2.54304390046034e-12,35.133275270462036
3.45721251626685e-09,2.6340882600117688e-12,35.14064431190491
3.4501341783510497e-09,2.530768997144328e-12,35.14767622947693
3.4431189011030483e-09,2.6004907862503535e-12,35.15509915351868
3.436028794823187e-09,2.563047647383132e-12,35.16233539581299
3.4290592587638002e-09,2.5388228845624194e-12,35.16990041732788
3.422007788245196e-09,2.5964109334752905e-12,35.1765878200531
3.4150335892491057e-09,2.4963058963684004e-12,35.184077739715576
3.4080596122976203e-09,2.5930249700906183e-12,35.190950870513916
3.401062320662618e-09,2.503465316994191e-12,35.19796419143677
3.3941587318508937e-09,2.54299858080953e-12,35.205172061920166
3.3871700999554832e-09,2.53837641010779e-12,35.21232008934021
3.3802856069797826e-09,2.4921807239425275e-12,35.21983337402344
3.373354040547838e-09,2.564124693821279e-12,35.226590633392334
3.36646110987715e-09,2.4628036155577293e-12,35.23414492607117
3.3596039283878554e-09,2.5430686202698727e-12,35.24095559120178
3.3526905696135145e-09,2.4895716998346584e-12,35.247737884521484
3.3458937842567593e-09,2.480741740501502e-12,35.25500535964966
3.3390041842551454e-09,2.529588951499795e-12,35.26195549964905
3.3322147263703528e-09,2.4243155226366664e-12,35.269389152526855
3.3253955145085e-09,2.534361175782207e-12,35.27615833282471
3.318577412869672e-09,2.4264036960208735e-12,35.28318643569946
3.3118385811548023e-09,2.4897816013752516e-12,35.29032063484192
3.305015150445456e-09,2.468310278391783e-12,35.29712200164795
3.298310069510535e-09,2.4261152982429923e-12,35.304521560668945
3.2915350445250624e-09,2.4978513181450612e-12,35.31122612953186
3.2848173070476605e-09,2.39350401477767e-12,35.31879448890686
3.2781202197185166e-09,2.483772519254468e-12,35.32556891441345
3.2713820541374616e-09,2.411632091942062e-12,35.332863330841064
3.264746029074672e-09,2.4315425974780203e-12,35.33998513221741
3.2580242947943816e-09,2.4525561703042653e-12,35.34678053855896
3.2514011483186778e-09,2.3769209257090695e-12,35.35423469543457
3.2447431408400007e-09,2.464498223553324e-12,35.36097526550293
3.2380982339930142e-09,2.367541709555332e-12,35.36800003051758
3.2315157216800117e-09,2.43178849453074e-12,35.37472486495972
3.224863043271853e-09,2.3973590040221593e-12,35.38167119026184
3.2183207210323417e-09,2.3751844675096168e-12,35.38874387741089
3.21170579020702e-09,2.429870974568482e-12,35.39560103416443
3.2051590270754104e-09,2.336931646459983e-12,35.402841091156006
3.1986160387020846e-09,2.4245375672415914e-12,35.409239530563354
3.192047737243797e-09,2.3461022621157346e-12,35.41642212867737
3.1855718063411587e-09,2.3735154466852926e-12,35.42295479774475
3.1790097221318092e-09,2.384754069564843e-12,35.430049419403076
3.172553331154404e-09,2.3207523142804165e-12,35.437108278274536
3.1660485344531253e-09,2.402922695890486e-12,35.44387197494507
3.1595739358181163e-09,2.3028970223826217e-12,35.451385259628296
3.1531468547285613e-09,2.372392863755901e-12,35.457754373550415
3.146654936614368e-09,2.33282815807756e-12,35.46468901634216
3.1402769273825015e-09,2.3144860594043193e-12,35.471569538116455
3.1338143191561585e-09,2.3694538085067274e-12,35.47787570953369
3.1274340894782426e-09,2.2748695288621334e-12,35.48503398895264
3.1210436457485002e-09,2.367242036074857e-12,35.49187254905701
3.1146425438777214e-09,2.275636276638515e-12,35.49941039085388
3.1083164930834073e-09,2.3297509754716117e-12,35.50648045539856
3.1019156132572334e-09,2.3125759120168343e-12,35.5131938457489
3.095620426663004e-09,2.272098091268826e-12,35.520195722579956
3.0892659541592593e-09,2.3396540781150943e-12,35.526936292648315
3.082958111022549e-09,2.2424963361938888e-12,35.53452157974243
3.0766755809708e-09,2.324387861005195e-12,35.54148244857788
3.0703508624441156e-09,2.2608052582806515e-12,35.54841446876526
3.064124065588203e-09,2.272105463843599e-12,35.555278062820435
3.0578173326745173e-09,2.29882736110798e-12,35.56254434585571
3.0515994176028016e-09,2.224965654426536e-12,35.569591760635376
3.0453535249108654e-09,2.3092970678068037e-12,35.57642579078674
3.039114737646287e-09,2.2176147636970844e-12,35.58406472206116
3.032941675584766e-09,2.270751512170599e-12,35.59080243110657
3.0266944506252003e-09,2.2526288560170693e-12,35.5977144241333
3.020555361388233e-09,2.217384262315214e-12,35.604612827301025
3.0143518792158375e-09,2.274541232444305e-12,35.61134624481201
3.0082030200162535e-09,2.1851368370989777e-12,35.61839461326599
3.0020654850915207e-09,2.2702183015421706e-12,35.625102043151855
2.995898418234333e-09,2.198751163778878e-12,35.63269066810608
2.9898221676205594e-09,2.221830575424577e-12,35.639543533325195
2.983665536859803e-09,2.235602978781226e-12,35.6466805934906
2.9776039411899546e-09,2.1723183148136815e-12,35.65374779701233
2.9715028215804296e-09,2.2501356247012216e-12,35.66130185127258
2.9654230182529773e-09,2.15772126728464e-12,35.66890239715576
2.9593942851846577e-09,2.218967631167912e-12,35.67565321922302
2.95330115918091e-09,2.1878286942528247e-12,35.683401584625244
2.947314836632131e-09,2.164621129910338e-12,35.69022464752197
2.941251908694653e-09,2.220539724318016e-12,35.69737696647644
2.935260923209171e-09,2.129277656970352e-12,35.70411705970764
2.929269049545269e-09,2.2104579451565076e-12,35.71100950241089
2.9232540832424547e-09,2.139584950183737e-12,35.71859908103943
2.9173223836664874e-09,2.1696002199672604e-12,35.72623419761658
2.9113156330140555e-09,2.17098886610978e-12,35.7339928150177
2.905405027675556e-09,2.120648058198671e-12,35.740981101989746
2.8994480150146273e-09,2.1853918414499462e-12,35.747806549072266
2.8935234208660177e-09,2.0985177571347657e-12,35.754921674728394
2.8876323554527517e-09,2.1688573246386733e-12,35.761998414993286
2.881690441824958e-09,2.1251893474183436e-12,35.76892352104187
2.87584889235859e-09,2.1188842781044714e-12,35.77571439743042
2.8699320697711528e-09,2.1564050458472428e-12,35.78322148323059
2.8640925187062294e-09,2.079717691463867e-12,35.79019832611084
2.858235426117517e-09,2.1618338629653122e-12,35.797184228897095
2.8523774453503847e-09,2.0757967827272905e-12,35.80430340766907
2.8465840795632857e-09,2.125532388985718e-12,35.8110773563385
2.8407236563054994e-09,2.1067288538678675e-12,35.81859612464905
2.8349629310753244e-09,2.070086506725244e-12,35.82533645629883
2.829137590865116e-09,2.1355614759216435e-12,35.83254408836365
2.8233668736277195e-09,2.042337870003519e-12,35.839516162872314
2.817610367245038e-09,2.1229389773891327e-12,35.846399784088135
2.8118212203054327e-09,2.0574228085101787e-12,35.854525327682495
2.806118448717143e-09,2.0780946408116563e-12,35.86137056350708
2.8003455110336972e-09,2.0856970664451246e-12,35.868932485580444
2.794651177140395e-09,2.03632033110579e-12,35.87653565406799
2.7889290876714767e-09,2.101420816871813e-12,35.88425397872925
2.7832216531464837e-09,2.023543875864786e-12,35.891003370285034
2.7775626243453644e-09,2.0768278589933242e-12,35.89800667762756
2.7718480843930138e-09,2.045754407889455e-12,35.90506720542908
2.766225692951707e-09,2.0295750757098885e-12,35.911991119384766
2.7605400187979967e-09,2.0745427944945938e-12,35.91919279098511
2.7549189596243195e-09,1.990432341517079e-12,35.926016092300415
2.749289906844865e-09,2.0765854313875565e-12,35.93368458747864
2.743650417968979e-09,1.9959192718715935e-12,35.940717697143555
2.7380817613220643e-09,2.035663955110567e-12,35.947694063186646
2.7324451590260423e-09,2.0291823776830142e-12,35.955082654953
2.7268980407058052e-09,1.986649126456408e-12,35.96203255653381
2.7213047371077437e-09,2.0489729704586956e-12,35.96950840950012
2.7157460724680504e-09,1.9662251427715605e-12,35.97630786895752
2.7102158295377876e-09,2.0331223683778266e-12,35.98385143280029
2.704646506757058e-09,1.9786917330316678e-12,35.99095559120178
2.69916111683699e-09,1.984985526642946e-12,35.998037338256836
2.693608225357025e-09,2.0117935095598227e-12,36.00543785095215
2.6881268322398455e-09,1.9489303833969407e-12,36.01255965232849
2.682631006223346e-09,2.0188761686718015e-12,36.01998019218445
2.677134292028427e-09,1.9448984523579016e-12,36.02703928947449
2.671698640099862e-09,1.9854393736723486e-12,36.034503698349
2.666199039325079e-09,1.9701833480628705e-12,36.04143238067627
2.6607891445706855e-09,1.9381440896637514e-12,36.048419713974
2.6553277354679494e-09,1.99334667695672e-12,36.055325746536255
2.6499096250631737e-09,1.9132861527743072e-12,36.06250786781311
2.644509500271397e-09,1.9830335290516032e-12,36.06976652145386
2.6390731822090174e-09,1.9322442951219543e-12,36.07747220993042
2.633722351319534e-09,1.9420133903769177e-12,36.084938526153564
2.628304907048573e-09,1.9566381934815746e-12,36.0926673412323
2.6229607374972375e-09,1.9013555920682768e-12,36.100229024887085
2.617592809173175e-09,1.967010538825309e-12,36.10818028450012
2.6122326524102846e-09,1.8960677212326305e-12,36.1151180267334
2.6069257863525763e-09,1.9379775562100576e-12,36.12297511100769
2.6015583021177235e-09,1.9234286472574746e-12,36.13012170791626
2.5962827443493097e-09,1.894432527516088e-12,36.13762807846069
2.5909496770282203e-09,1.945177742837534e-12,36.145323038101196
2.5856679020108686e-09,1.867529785329336e-12,36.15299391746521
2.5803956749115287e-09,1.9335908742201813e-12,36.16062664985657
2.5750972465488076e-09,1.874700698498155e-12,36.169065952301025
2.5698734251733413e-09,1.8967581411760692e-12,36.17755699157715
2.564581658148768e-09,1.908808397801942e-12,36.185354709625244
2.55937715465393e-09,1.849458520358782e-12,36.19310426712036
2.5541309067733664e-09,1.9215154641039067e-12,36.20083212852478
2.5489070853979e-09,1.8415349540418235e-12,36.20873975753784
2.5437256745419745e-09,1.8958374366911945e-12,36.21633696556091
2.5384920832038915e-09,1.8626513092340202e-12,36.223135471343994
2.5333453113063342e-09,1.8528106566356728e-12,36.23008394241333
2.5281352566963733e-09,1.8941363234825648e-12,36.236966371536255
2.522988928888026e-09,1.8215459522685773e-12,36.243799924850464
2.51783816018758e-09,1.888097534222255e-12,36.25148797035217
2.5126736247216286e-09,1.823399287462224e-12,36.25830006599426
2.5075710397004514e-09,1.860904225853277e-12,36.26609659194946
2.5024140537510675e-09,1.8462399577895416e-12,36.272895097732544
2.4973341172795926e-09,1.8165500570779813e-12,36.279927253723145
2.492209105753318e-09,1.8720303085473233e-12,36.28678107261658
2.4871245063451397e-09,1.7903456495105274e-12,36.29356551170349
2.4820578925499603e-09,1.8580091892123063e-12,36.30113744735718
2.4769546413949683e-09,1.812101467144056e-12,36.30793499946594
2.471935767189848e-09,1.8126286062403185e-12,36.315030574798584
2.466846948934176e-09,1.844758720781492e-12,36.322147846221924
2.461832071531944e-09,1.7777414739947317e-12,36.32927227020264
2.4567996526059233e-09,1.8443638543502727e-12,36.33677315711975
2.451765457323063e-09,1.774684240708757e-12,36.34392070770264
2.44678388661157e-09,1.8195124226738635e-12,36.351749420166016
2.441751911774759e-09,1.7944658346064069e-12,36.35922336578369
2.436796098237437e-09,1.780436475334879e-12,36.36694049835205
2.431793877377686e-09,1.8194534420756803e-12,36.37401795387268
2.426835399305105e-09,1.753995603273606e-12,36.38106989860535
2.421886025061326e-09,1.8136477562824549e-12,36.38839244842529
2.416914002267845e-09,1.7615282062871662e-12,36.39569568634033
2.4120130337479395e-09,1.7746397884196852e-12,36.40303182601929
2.4070498927386552e-09,1.7860874454780906e-12,36.41020631790161
2.402157583958342e-09,1.7406864795052601e-12,36.41797995567322
2.3972395180038575e-09,1.79788801034364e-12,36.42522859573364
2.392338549483952e-09,1.7241545647792011e-12,36.43304753303528
2.38747333014544e-09,1.777155354300286e-12,36.44012951850891
2.3825603712168686e-09,1.7495734678726893e-12,36.44712042808533
2.3777328994611935e-09,1.7321915386434017e-12,36.454996824264526
2.3728452536175837e-09,1.7737896654962393e-12,36.462015867233276
2.368010898479156e-09,1.708914585361876e-12,36.469300508499146
2.363180318099012e-09,1.7661804093890843e-12,36.47615623474121
2.358331752105869e-09,1.7110103481612904e-12,36.48398733139038
2.3535462467805246e-09,1.7366238655447397e-12,36.49134612083435
2.3487010114564555e-09,1.7411598421737673e-12,36.499422550201416
2.34393437992253e-09,1.6990633075822381e-12,36.50677418708801
2.3391308889841866e-09,1.7507058086216332e-12,36.51396131515503
2.334349602506336e-09,1.6863287025450924e-12,36.521228551864624
2.329601622719224e-09,1.7330433962903236e-12,36.52865815162659
2.324812120590991e-09,1.700451303203454e-12,36.53592896461487
2.3200985577176425e-09,1.6953908979835952e-12,36.54309415817261
2.3153279293808282e-09,1.7237123187130443e-12,36.550774335861206
2.310616364908924e-09,1.6685396554000365e-12,36.558016777038574
2.3058934761621686e-09,1.7287169959412374e-12,36.56584095954895
2.3011721417276476e-09,1.6602060438214439e-12,36.57306909561157
2.2964952162141117e-09,1.7065131859700378e-12,36.58004975318909
2.2917709951997267e-09,1.6854424756893027e-12,36.58697724342346
2.2871253779754852e-09,1.6595569319807768e-12,36.59382939338684
2.2824262480014568e-09,1.7112764113744183e-12,36.601207971572876
2.2777733033052527e-09,1.6362788944970785e-12,36.60805821418762
2.2731321269731097e-09,1.6963479232412482e-12,36.61510372161865
2.2684627509761413e-09,1.6460705411572296e-12,36.622546672821045
2.263860210405255e-09,1.6647542719350206e-12,36.629685163497925
2.2592061554860265e-09,1.6675267937305005e-12,36.6376895904541
2.2546158273684114e-09,1.6273005078865088e-12,36.64493179321289
2.2499977436751806e-09,1.685685987497243e-12,36.65294003486633
2.245399643996393e-09,1.6118435796144692e-12,36.66127824783325
2.2408332966961098e-09,1.664836888140564e-12,36.669426679611206
2.236224316831681e-09,1.6327355049569614e-12,36.67716693878174
2.2316908321329265e-09,1.623708871349716e-12,36.6856415271759
2.227104722862805e-09,1.6571992259364898e-12,36.69352674484253
2.222569683851816e-09,1.594305200011692e-12,36.70227885246277
2.2180310921271484e-09,1.6602949483995877e-12,36.710007429122925
2.2134845067967035e-09,1.5961968075420274e-12,36.71839356422424
2.20899298852828e-09,1.6264523365269734e-12,36.726070404052734
2.20444662524244e-09,1.6240663328059846e-12,36.734272718429565
2.1999730925870153e-09,1.5872884603918003e-12,36.741883516311646
2.1954609241703338e-09,1.6445459360622805e-12,36.749714851379395
2.1909802860875516e-09,1.5672020972634648e-12,36.75768685340881
2.1865196320192126e-09,1.6278561614999076e-12,36.76587700843811
2.18202589330474e-09,1.5847449220951493e-12,36.77420449256897
2.1776027647746332e-09,1.588173819885852e-12,36.78118824958801
2.17312523531632e-09,1.6114576036410644e-12,36.789581537246704
2.168702772920028e-09,1.561705951190484e-12,36.796815395355225
2.1642714287395393e-09,1.616517900440706e-12,36.805004596710205
2.1598396404698406e-09,1.554825170523022e-12,36.812516927719116
2.1554538154333613e-09,1.5897242289925062e-12,36.82066988945007
2.1510193626284035e-09,1.5772788890949796e-12,36.828038930892944
2.1466559640970218e-09,1.551532665365618e-12,36.83661079406738
2.142251487313729e-09,1.5959954711985969e-12,36.84382438659668
2.1378812053995944e-09,1.5317324231906015e-12,36.852307081222534
2.13352580047399e-09,1.5872200472347164e-12,36.859454870224
2.1291437501957944e-09,1.5429551082982162e-12,36.867140769958496
2.124826758986842e-09,1.553377760622754e-12,36.8745322227478
2.1204566991173124e-09,1.568502055668275e-12,36.88138198852539
2.1161477015141372e-09,1.520050903723591e-12,36.889333724975586
2.111818275807309e-09,1.5760682689491823e-12,36.89679837226868
2.107493513037184e-09,1.5192099965186112e-12,36.90452980995178
2.1032127150988345e-09,1.5554321068991794e-12,36.91168022155762
2.098889506640944e-09,1.5322668264414196e-12,36.91934275627136
2.0946295808954574e-09,1.5234931372010152e-12,36.9263813495636
2.0903292430318743e-09,1.55394967726874e-12,36.934648513793945
2.086073536133881e-09,1.4926844482676671e-12,36.94193148612976
2.0818160528790486e-09,1.551343797347171e-12,36.94924235343933
2.0775454689925255e-09,1.49827665465313e-12,36.95629167556763
2.073331728524863e-09,1.519242631004003e-12,36.963289737701416
2.0690662516642533e-09,1.5229709854347462e-12,36.97013711929321
2.0648656118282815e-09,1.484598360045053e-12,36.97688293457031
2.060634995970645e-09,1.5361452344528348e-12,36.984519481658936
2.0564243641274516e-09,1.4717416738432854e-12,36.99127912521362
2.0522421539936886e-09,1.5197394124394359e-12,36.998374223709106
2.048023084455508e-09,1.4881302570421417e-12,37.00518774986267
2.0438686298973607e-09,1.4887721047282532e-12,37.012025356292725
2.0396719868642776e-09,1.506419338229148e-12,37.01906704902649
2.0355201968413894e-09,1.4598025479400922e-12,37.025874853134155
2.031360635257329e-09,1.5142508557816625e-12,37.033610343933105
2.027201739807083e-09,1.455740909761527e-12,37.04041409492493
2.0230828123857236e-09,1.494288308541425e-12,37.04725980758667
2.0189252492031073e-09,1.4741849234389814e-12,37.05424904823303
2.0148283041976356e-09,1.4565139459105092e-12,37.06147050857544
2.010695387966166e-09,1.4939541574318649e-12,37.0684871673584
2.006593335934781e-09,1.4362137781137596e-12,37.07531714439392
2.0025068270257407e-09,1.4853012483134753e-12,37.082566022872925
1.998394560942529e-09,1.4478329559558523e-12,37.08981132507324
1.9943422469026473e-09,1.4543593109331288e-12,37.09683656692505
1.9902421932727066e-09,1.4698794481918243e-12,37.10390305519104
1.9861958744371577e-09,1.4249189935616746e-12,37.11070680618286
1.9821324581670297e-09,1.480859163592585e-12,37.11836886405945
1.9780783677703084e-09,1.4160284273270762e-12,37.12534856796265
1.9740591383765604e-09,1.4590932628788522e-12,37.13377666473389
1.9699990527755062e-09,1.4366811776703181e-12,37.14093804359436
1.9660049144221148e-09,1.4217586526490966e-12,37.14806294441223
1.9619685875937876e-09,1.456656084815322e-12,37.154900789260864
1.9579702303929025e-09,1.39950074098949e-12,37.16174268722534
1.9539785345301652e-09,1.4516366624375832e-12,37.16867637634277
1.949966410563775e-09,1.4113688516503853e-12,37.17554688453674
1.9460160149975536e-09,1.4183106729001582e-12,37.183066844940186
1.9420118846369405e-09,1.4329009983757302e-12,37.189897775650024
1.9380674842750523e-09,1.3894441153183834e-12,37.19777798652649
1.9341006574080666e-09,1.4389629895625311e-12,37.20466423034668
1.930145598905142e-09,1.3809991561766766e-12,37.211517333984375
1.9262225148253265e-09,1.4219625910777411e-12,37.21899223327637
1.9222619052072787e-09,1.3984315008069848e-12,37.225813150405884
1.918365688524659e-09,1.3889997008478816e-12,37.23392105102539
1.9144246188318448e-09,1.4191074530767178e-12,37.24077272415161
1.9105275139708056e-09,1.364528065192494e-12,37.247700214385986
1.906628410708322e-09,1.4183529567848852e-12,37.254578828811646
1.902719093394012e-09,1.3682281219465353e-12,37.26145648956299
1.8988588479373902e-09,1.3918689334771472e-12,37.26844787597656
1.894952861292154e-09,1.3897835790185886e-12,37.275301694869995
1.891108158957877e-09,1.3588624583199538e-12,37.282623529434204
1.8872294837990466e-09,1.408438686859026e-12,37.28943181037903
1.8833794523942515e-09,1.3414841069578354e-12,37.29632878303528
1.879545630245616e-09,1.3943965340018627e-12,37.30313968658447
1.8756816100307105e-09,1.3604204568418155e-12,37.310049533843994
1.871882870929653e-09,1.3574766311030828e-12,37.31732130050659
1.8680337277032777e-09,1.3801651878656007e-12,37.32418513298035
1.86423543269143e-09,1.3305190282864032e-12,37.33108735084534
1.8604259244270338e-09,1.38230095772518e-12,37.33794546127319
1.8566158610511252e-09,1.3290195766818558e-12,37.344783782958984
1.8528468759271277e-09,1.3614659529967432e-12,37.35168719291687
1.8490354802835895e-09,1.3494243699882502e-12,37.3585000038147
1.845286146107128e-09,1.3281140510273959e-12,37.365859270095825
1.8415003966154586e-09,1.3647388340948252e-12,37.372700691223145
1.8377455113238739e-09,1.3103966696459413e-12,37.379613399505615
1.834001395195628e-09,1.3586803123549762e-12,37.386452436447144
1.830237073008334e-09,1.3186718427274369e-12,37.39329433441162
1.8265260415262219e-09,1.3309924993751276e-12,37.40064883232117
1.82277037907852e-09,1.3402684994820446e-12,37.407477617263794
1.819067785291395e-09,1.3015902374999277e-12,37.41438102722168
1.8153454295344318e-09,1.3496974805154993e-12,37.421273946762085
1.8116331768069927e-09,1.2944438273002068e-12,37.42808723449707
1.807951788279638e-09,1.3326341983047052e-12,37.43530249595642
1.8042348726154955e-09,1.310307981908232e-12,37.44211459159851
1.8005771318385655e-09,1.301097467612533e-12,37.45004987716675
1.7968796450773539e-09,1.3299698798860393e-12,37.45687747001648
1.7932204610104918e-09,1.2789368088877984e-12,37.46386504173279
1.7895626092112593e-09,1.3272498334757077e-12,37.4707407951355
1.785892544958756e-09,1.2836703271526528e-12,37.47754883766174
1.7822705533632188e-09,1.3022153884725829e-12,37.48506140708923
1.778604707958209e-09,1.3047928622972327e-12,37.49182844161987
1.7749951508605477e-09,1.272183205135169e-12,37.49940013885498
1.7713595035218077e-09,1.3154227056569323e-12,37.50621676445007
1.7677410646399494e-09,1.2612606271888982e-12,37.513285875320435
1.7641458294193058e-09,1.3026051591535914e-12,37.52017259597778
1.7605203961323923e-09,1.2754634588080238e-12,37.5269672870636
1.7569522503535495e-09,1.2730181492282e-12,37.534703731536865
1.7533422491666784e-09,1.2948418379177262e-12,37.5414674282074
1.74977565770007e-09,1.248524504268711e-12,37.54841113090515
1.7462020718284066e-09,1.2968503224422556e-12,37.55545210838318
1.742624600176157e-09,1.2481773427330811e-12,37.56237268447876
1.7390884288204234e-09,1.2744774853523655e-12,37.56938910484314
1.7355114012573836e-09,1.2674187871083986e-12,37.57615375518799
1.731991550180112e-09,1.2440000201827117e-12,37.58359146118164
1.728440168768941e-09,1.2806859522526692e-12,37.590489864349365
1.7249124351081946e-09,1.230975824745295e-12,37.59764528274536
1.7214021319489348e-09,1.270611979346803e-12,37.604522466659546
1.717867847972343e-09,1.2374823388228151e-12,37.61130094528198
1.7143828578980447e-09,1.2468387867309305e-12,37.618759632110596
1.7108611194416312e-09,1.2549448242735184e-12,37.625864028930664
1.7073826796831781e-09,1.2223631395275047e-12,37.63365936279297
1.7038928046275714e-09,1.2608163211386136e-12,37.64089250564575
1.7004052610403164e-09,1.2179158506361865e-12,37.6480987071991
1.6969530225452445e-09,1.2425330946433388e-12,37.65537428855896
1.69346370260115e-09,1.2319571361316117e-12,37.66289019584656
1.6900301158528919e-09,1.2140130480758904e-12,37.67014837265015
1.6865620011685678e-09,1.2460326824156875e-12,37.67734336853027
1.6831251947735382e-09,1.1959116422849414e-12,37.68547582626343
1.6796952717612612e-09,1.2389931745501737e-12,37.69284248352051
1.6762479182474976e-09,1.2036008040922086e-12,37.70109295845032
1.6728493035245151e-09,1.2154346539644534e-12,37.708396434783936
1.6694098325942264e-09,1.2207781443715482e-12,37.71636700630188
1.6660200996554408e-09,1.1889459685873738e-12,37.72364521026611
1.6626101606576071e-09,1.2295994300873248e-12,37.73092794418335
1.6592117679792295e-09,1.1811646495954453e-12,37.73821830749512
1.6558391324750232e-09,1.215577985491656e-12,37.74571919441223
1.6524364099268496e-09,1.194125202365337e-12,37.75335955619812
1.6490873111507653e-09,1.1882435139998204e-12,37.76068091392517
1.645700242747239e-09,1.211216782252833e-12,37.76844525337219
1.6423512549934571e-09,1.1672554199246288e-12,37.77550435066223
1.6389992696375089e-09,1.211030950000469e-12,37.78331923484802
1.63564140009953e-09,1.1664641691791489e-12,37.790138483047485
1.6323215001889935e-09,1.1922519178517166e-12,37.79715132713318
1.628965851097064e-09,1.1849707413219557e-12,37.80415391921997
1.6256611612419647e-09,1.164467719298734e-12,37.81106901168823
1.6223291599004597e-09,1.198076794023395e-12,37.818609952926636
1.6190188079079348e-09,1.1499797425082448e-12,37.82563543319702
1.6157246651715695e-09,1.1869394356267549e-12,37.83373761177063
1.6124048762833354e-09,1.162618178812691e-12,37.8405601978302
1.6091383781002833e-09,1.1590847639325608e-12,37.847519636154175
1.6058300245092028e-09,1.1809929119713236e-12,37.85454225540161
1.6025661908614097e-09,1.1371930957668197e-12,37.86131954193115
1.599291366005673e-09,1.1830678580890264e-12,37.868608713150024
1.5960172072837508e-09,1.1364419605017217e-12,37.87540936470032
1.5927776875201971e-09,1.163912390945987e-12,37.882570028305054
1.5895036398205775e-09,1.1500519503729323e-12,37.8898344039917
1.5862793301124611e-09,1.1374912513642532e-12,37.89692282676697
1.5830268207395193e-09,1.1627404768177474e-12,37.90408372879028
1.5797988472954216e-09,1.1228376084818081e-12,37.9124071598053
1.5765819760815702e-09,1.1576021174616868e-12,37.920042514801025
1.5733455649424855e-09,1.1304055564861915e-12,37.92707586288452
1.5701561162373423e-09,1.1357876444906267e-12,37.93507361412048
1.5669290309716644e-09,1.1466316177793923e-12,37.9419322013855
1.5637461325823665e-09,1.1129742960580558e-12,37.949466705322266
1.5605482461822362e-09,1.1507700174717694e-12,37.956536531448364
1.557355910897229e-09,1.1084217311357891e-12,37.9635329246521
1.5541925524331646e-09,1.1368325985444683e-12,37.970513105392456
1.5509983297690155e-09,1.1211621908646663e-12,37.977258920669556
1.547854178163277e-09,1.1116962385371298e-12,37.98508977890015
1.5446769419114048e-09,1.1358905352767956e-12,37.991838693618774
1.5415321241718516e-09,1.0933611871780102e-12,37.999396085739136
1.5383878615438107e-09,1.1345803853715641e-12,38.00621056556702
1.535235272243085e-09,1.0934052057862131e-12,38.013317346572876
1.5321198754136844e-09,1.1158160983723575e-12,38.02018857002258
1.5289705057597303e-09,1.11154098078603e-12,38.026920795440674
1.52586865365123e-09,1.088650437158778e-12,38.03461670875549
1.5227424876584905e-09,1.1233966231219417e-12,38.04151129722595
1.5196337521672376e-09,1.0782842717674268e-12,38.04954409599304
1.5165441125120083e-09,1.1105491526386402e-12,38.0563268661499
1.5134272723926756e-09,1.0911048540368506e-12,38.0633270740509
1.5103607253763585e-09,1.0861237039958005e-12,38.07093000411987
1.5072579850894385e-09,1.1058786265200071e-12,38.07799816131592
1.5041938805637756e-09,1.0641172188199932e-12,38.08522868156433
1.5011205611870082e-09,1.1093508923976092e-12,38.092029333114624
1.498048241010963e-09,1.0618953633079187e-12,38.0999858379364
1.4950080062803295e-09,1.0897054742928236e-12,38.10680842399597
1.4919329105467227e-09,1.0818179034879916e-12,38.114343881607056
1.4889083299607364e-09,1.0628929377268226e-12,38.12156009674072
1.4858562158437394e-09,1.0919816483337397e-12,38.12870526313782
1.4828263061872349e-09,1.0482018898694268e-12,38.136255741119385
1.4798060554710446e-09,1.0883747245463149e-12,38.14303541183472
1.4767690403871825e-09,1.0568680262543206e-12,38.15206599235535
1.473777322402725e-09,1.0619166136704994e-12,38.158838987350464
1.4707470796793132e-09,1.074626282057678e-12,38.16663479804993
1.4677585813416272e-09,1.0412502023798842e-12,38.17348504066467
1.4647593138406023e-09,1.0762967123448264e-12,38.18056321144104
1.4617610455402996e-09,1.0393348508219713e-12,38.18774747848511
1.4587934193954766e-09,1.0621574149730084e-12,38.19456768035889
1.4557948180282665e-09,1.0523086308583673e-12,38.201984882354736
1.4528437342065104e-09,1.037829761366127e-12,38.20873761177063
1.4498627853853918e-09,1.0645686806046162e-12,38.21633982658386
1.446909370095284e-09,1.022587288283805e-12,38.22320199012756
1.4439615059202993e-09,1.0580339772706115e-12,38.23014211654663
1.4409983206675747e-09,1.0288202581532069e-12,38.237030029296875
1.438077323889786e-09,1.038119893867484e-12,38.2441143989563
1.4351213550867215e-09,1.0439804402906372e-12,38.25261735916138
1.432210017249247e-09,1.0134231778410885e-12,38.260937213897705
1.429277474152002e-09,1.0514140556458496e-12,38.268545389175415
1.4263566994188182e-09,1.008761216919618e-12,38.275593519210815
1.4234579071015219e-09,1.0398880107703734e-12,38.28382182121277
1.4205346898776838e-09,1.017669889330497e-12,38.29094386100769
1.4176544382848988e-09,1.0176631672770275e-12,38.29843330383301
1.4147445437373563e-09,1.031431016984552e-12,38.305872678756714
1.411866401568318e-09,9.974933205814107e-13,38.31307601928711
1.4089837074848788e-09,1.0362433567473461e-12,38.32050848007202
1.4060983488661805e-09,9.984095798373782e-13,38.32754945755005
1.4032467410274307e-09,1.0162091437435072e-12,38.33537292480469
1.4003616044533373e-09,1.0137681709723734e-12,38.34263563156128
1.3975202106664142e-09,9.943637710105313e-13,38.35078740119934
1.3946571675305108e-09,1.023897221348602e-12,38.35791325569153
1.3918128871637236e-09,9.809314818753911e-13,38.36514711380005
1.3889799310717876e-09,1.0164615460092619e-12,38.37259221076965
1.3861284342553404e-09,9.891532037897832e-13,38.37998127937317
1.3833195700030387e-09,9.927650064869842e-13,38.38725280761719
1.3804758447477639e-09,1.0080220078784174e-12,38.394296407699585
1.3776711993429558e-09,9.72296678933282e-13,38.401872396469116
1.3748563398863212e-09,1.0103746181724937e-12,38.4097797870636
1.3720438118980383e-09,9.682354744355859e-13,38.41747498512268
1.369258817440766e-09,9.94220547903546e-13,38.42458939552307
1.3664427367388043e-09,9.862864648255143e-13,38.432515144348145
1.3636741735822966e-09,9.701325029767838e-13,38.43980026245117
1.3608775217832658e-09,9.96391554333731e-13,38.44730567932129
1.3581028524001226e-09,9.586944953177134e-13,38.45456123352051
1.355338397068806e-09,9.889901397830414e-13,38.461642265319824
1.3525577324813298e-09,9.637091472058934e-13,38.469056367874146
1.3498159256997155e-09,9.704886633904453e-13,38.476757526397705
1.347040923249665e-09,9.80773947299729e-13,38.484758377075195
1.3443076651853403e-09,9.477688816053598e-13,38.491899728775024
1.3415560884411093e-09,9.876690394358678e-13,38.499685287475586
1.3388152808602172e-09,9.413743656122575e-13,38.50736141204834
1.3360954564944905e-09,9.73328297300402e-13,38.514535665512085
1.3333486537092654e-09,9.57475960496057e-13,38.52200937271118
1.330648813357982e-09,9.475282971432852e-13,38.52934694290161
1.3279166655166819e-09,9.706300433537374e-13,38.53674864768982
1.3252142716524418e-09,9.317746227366364e-13,38.544167280197144
1.322510767565177e-09,9.7119263586104e-13,38.55237436294556
1.3198013792958818e-09,9.339023695001392e-13,38.55948734283447
1.3171240764719983e-09,9.537770963644054e-13,38.5673508644104
1.3144169086487523e-09,9.5076008697903e-13,38.574880599975586
1.3117508190774174e-09,9.307303192040983e-13,38.58306884765625
1.3090650785585467e-09,9.581536952740777e-13,38.59023094177246
1.306392771738274e-09,9.208265660393122e-13,38.59745907783508
1.3037348978173213e-09,9.52195245394749e-13,38.605045318603516
1.30105859419416e-09,9.298022421444507e-13,38.61239695549011
1.2984215924660703e-09,9.312459657573324e-13,38.61973261833191
1.2957560580062477e-09,9.417333449515675e-13,38.626760721206665
1.293121942858022e-09,9.11610630732751e-13,38.634968996047974
1.2904798341040191e-09,9.472781717020928e-13,38.64234733581543
1.2878403898852753e-09,9.080883289248887e-13,38.65235877037048
1.2852250375061658e-09,9.345266531110563e-13,38.65922236442566
1.2825840389751875e-09,9.227677216089303e-13,38.66824507713318
1.2799841186961203e-09,9.114000786708543e-13,38.67535471916199
1.277359440443604e-09,9.345205815788904e-13,38.683655738830566
1.2747572997184875e-09,8.955357614325032e-13,38.69056534767151
1.2721605990861917e-09,9.292122193221841e-13,38.6975998878479
1.2695499096437857e-09,9.040070666870015e-13,38.70498180389404
1.2669787441410563e-09,9.073275442604556e-13,38.71257257461548
1.2643733837691684e-09,9.206094003441634e-13,38.71989846229553
1.2618078804038646e-09,8.864910216489774e-13,38.72697329521179
1.2592257236931914e-09,9.259399887454056e-13,38.73491334915161
1.2566532259228325e-09,8.810488688441864e-13,38.74222707748413
1.2540997129661946e-09,9.136444855881165e-13,38.750386238098145
1.251522996348342e-09,8.953661380026179e-13,38.757246017456055
1.2489888012723327e-09,8.876981723478228e-13,38.76419234275818
1.246424519152356e-09,9.088751344414614e-13,38.7715003490448
1.243886327273458e-09,8.75337833900619e-13,38.77869367599487
1.2413521321974486e-09,9.049311321986109e-13,38.7860209941864
1.2388075010250077e-09,8.780202584955654e-13,38.792850971221924
1.2362956214317933e-09,8.886392056234316e-13,38.80035066604614
1.233753765816914e-09,8.938380092506082e-13,38.80727434158325
1.2312513231194089e-09,8.689506904822897e-13,38.81507134437561
1.228732116054232e-09,8.980398889801844e-13,38.82254505157471
1.2262225679293692e-09,8.621185904923723e-13,38.83003044128418
1.2237286739491537e-09,8.91333881702927e-13,38.8377947807312
1.2212165723113344e-09,8.716476433863474e-13,38.845372676849365
1.218743106434772e-09,8.690604117421452e-13,38.85259938240051
1.2162388873804275e-09,8.873301941304812e-13,38.859426498413086
1.2137668647937971e-09,8.531156467025958e-13,38.86713409423828
1.211289846203556e-09,8.852271129664024e-13,38.87414860725403
1.2088096079665434e-09,8.527737435475025e-13,38.881725549697876
1.2063576804166587e-09,8.699783515114801e-13,38.889002084732056
1.2038782193357633e-09,8.660303377205913e-13,38.89631986618042
1.2014361727707978e-09,8.514200087149371e-13,38.903791427612305
1.198975807525926e-09,8.735414735311364e-13,38.910821199417114
1.196529320068862e-09,8.435793838641736e-13,38.918572664260864
1.1940961552880935e-09,8.668311294451891e-13,38.925318241119385
1.191645448983536e-09,8.486364822674064e-13,38.93274402618408
1.1892304918603713e-09,8.497666004018967e-13,38.93971085548401
1.186788223250801e-09,8.605857996710209e-13,38.94691753387451
1.1843764857744077e-09,8.335879187436335e-13,38.95460820198059
1.1819570877591445e-09,8.636066579741086e-13,38.961692810058594
1.1795394661007208e-09,8.306166626899369e-13,38.969574213027954
1.1771451591258142e-09,8.51140392974653e-13,38.97661375999451
1.1747265382666683e-09,8.422575245754793e-13,38.984626054763794
1.172345776012662e-09,8.316027987759211e-13,38.99139857292175
1.1699414770305339e-09,8.530176890363117e-13,38.99839544296265
1.1675582722858735e-09,8.196494156141598e-13,39.00548219680786
1.165180063544824e-09,8.49315247037491e-13,39.01253819465637
1.1627896423505035e-09,8.263419787844783e-13,39.01945996284485
1.1604347482929711e-09,8.303927749413187e-13,39.02640748023987
1.1580497671914713e-09,8.386454508277352e-13,39.034210443496704
1.155699203003735e-09,8.126694304479154e-13,39.04143190383911
1.1533345389835858e-09,8.456926023185651e-13,39.04944396018982
1.1509792008368436e-09,8.070153161184035e-13,39.05671429634094
1.148641071146983e-09,8.336834369550294e-13,39.06393551826477
1.1462799598405127e-09,8.208191071279458e-13,39.07131886482239
1.1439599267859535e-09,8.112436503809883e-13,39.07838702201843
1.1416111389550565e-09,8.319031769878082e-13,39.08589720726013
1.1392884413652382e-09,7.977143251514107e-13,39.09263348579407
1.1369641894631854e-09,8.324264671663584e-13,39.10127544403076
1.1346358297359416e-09,7.991656923896084e-13,39.108232259750366
1.1323354476289182e-09,8.151203778790361e-13,39.11506462097168
1.1300070879016744e-09,8.151229257541415e-13,39.12221121788025
1.1277159206457554e-09,7.962032725836177e-13,39.129197120666504
1.1254075449329548e-09,8.19943722293881e-13,39.13678765296936
1.1231098273611906e-09,7.906138309136945e-13,39.143746852874756
1.1208260985995366e-09,8.140814411472519e-13,39.151638984680176
1.1185258275148158e-09,7.963196074767254e-13,39.15849328041077
1.1162604174330681e-09,7.94561736284366e-13,39.16617035865784
1.1139676958649147e-09,8.077085007773821e-13,39.173184394836426
1.111703951117704e-09,7.79271504096346e-13,39.18011713027954
1.109433878099253e-09,8.093994224855905e-13,39.187235832214355
1.1071625838354748e-09,7.810756165113619e-13,39.193992137908936
1.1049178239019852e-09,7.948777812176455e-13,39.20197606086731
1.1026460855489972e-09,7.930660251773136e-13,39.20877718925476
1.100412205801149e-09,7.755127920047733e-13,39.21615743637085
1.098156343637413e-09,8.000791327199275e-13,39.22306561470032
1.0959173568636515e-09,7.682206108229617e-13,39.230106830596924
1.0936880290302042e-09,7.930674346401378e-13,39.23722052574158
1.0914442682974368e-09,7.732071276647656e-13,39.24408793449402
1.0892312607424515e-09,7.79842282330051e-13,39.25229072570801
1.0869953825931589e-09,7.823626187002108e-13,39.25901508331299
1.0847881481979016e-09,7.628803730223843e-13,39.26675271987915
1.0825689233939784e-09,7.904636147026967e-13,39.273579835891724
1.0803586913965546e-09,7.559783419923416e-13,39.280736684799194
1.0781636694545682e-09,7.801983343234953e-13,39.28802824020386
1.0759494406542558e-09,7.656182003483447e-13,39.295066356658936
1.0737696287677068e-09,7.611715077682213e-13,39.30243229866028
1.0715662801530357e-09,7.771861496377874e-13,39.31014347076416
1.0693859131549743e-09,7.482485226036062e-13,39.31800150871277
1.0672044359338884e-09,7.786026055660311e-13,39.32475662231445
1.0650187398653088e-09,7.501806792951926e-13,39.33174705505371
1.06286057732774e-09,7.617253182379269e-13,39.338996171951294
1.0606748812591604e-09,7.643401428274188e-13,39.346649169921875
1.0585254894834861e-09,7.419731604292601e-13,39.35366654396057
1.056357668005603e-09,7.698823674927302e-13,39.360682010650635
1.0542020589809908e-09,7.356062373814476e-13,39.36884069442749
1.0520577742312298e-09,7.639126961209164e-13,39.376078367233276
1.049899611693661e-09,7.416610728339101e-13,39.384976863861084
1.0477723133561767e-09,7.456148871064217e-13,39.39185070991516
1.045620923179058e-09,7.543348541291794e-13,39.40038514137268
1.0434964003991354e-09,7.299638324353985e-13,39.407447814941406
1.0413655493479723e-09,7.570641162579772e-13,39.41467213630676
1.0392352534083216e-09,7.287119041868295e-13,39.42217421531677
1.037126606817651e-09,7.451436386321508e-13,39.429248094558716
1.0349958667887904e-09,7.395559858958123e-13,39.4367094039917
1.0328978783391563e-09,7.277552583999369e-13,39.44350051879883
1.0307813491650109e-09,7.482639182744555e-13,39.45154356956482
1.0286809182247225e-09,7.182399748735524e-13,39.458415269851685
1.0265870376002795e-09,7.442273251660747e-13,39.46613383293152
1.0244805004333557e-09,7.2608634599583e-13,39.473109006881714
1.022406159734146e-09,7.266846629647161e-13,39.48020100593567
1.0203056177715553e-09,7.365733457193047e-13,39.48730182647705
1.0182339416076047e-09,7.117782925558647e-13,39.49409031867981
1.0161532726371547e-09,7.389711672439736e-13,39.50209450721741
1.0140747130904515e-09,7.117722210236987e-13,39.50892472267151
1.012017691870426e-09,7.274288051258015e-13,39.51666879653931
1.0099385772122105e-09,7.199861366824489e-13,39.523744344711304
1.0078909928878943e-09,7.132431039010012e-13,39.53097915649414
1.0058255339728817e-09,7.268995518353027e-13,39.53844475746155
1.0037765063586335e-09,7.038082139657065e-13,39.545764684677124
1.0017325857702986e-09,7.239117074883672e-13,39.55310130119324
9.996797833977666e-10,7.049868501474155e-13,39.56017994880676
9.97652738199406e-10,7.1206219089473e-13,39.568031549453735
9.956039326297628e-10,7.141866308416067e-13,39.57503581047058
9.935838818364573e-10,6.965974021569399e-13,39.58333373069763
9.915508414337637e-10,7.198720244037948e-13,39.59009003639221
9.89526904859872e-10,6.908511848528753e-13,39.597161531448364
9.875145146054365e-10,7.148553667415958e-13,39.60436654090881
9.854891347416128e-10,6.962403743815404e-13,39.611382484436035
9.834921765872195e-10,6.976933679229969e-13,39.618573904037476
9.814733470392412e-10,7.078512038669049e-13,39.62551951408386
9.794787203531996e-10,6.837025520387008e-13,39.63335371017456
9.77479763797362e-10,7.09591077303201e-13,39.64070653915405
9.754791419069875e-10,6.834033122390948e-13,39.647802114486694
9.73499392209476e-10,6.998607964860126e-13,39.65541911125183
9.715012128097555e-10,6.914328593184138e-13,39.66244673728943
9.695312330748607e-10,6.823811806409841e-13,39.67022657394409
9.675451551061087e-10,7.001427432609675e-13,39.6770544052124
9.655731769697695e-10,6.73077208118017e-13,39.68470549583435
9.636081932384855e-10,6.963451083114025e-13,39.69159436225891
9.616321072769551e-10,6.779131834881713e-13,39.699471950531006
9.596835548464355e-10,6.815411407977423e-13,39.70687508583069
9.577129089777259e-10,6.889833213501173e-13,39.7139196395874
9.557682423277924e-10,6.671741067595938e-13,39.72093415260315
9.538153600274768e-10,6.924813912394245e-13,39.7277467250824
9.518654753293276e-10,6.646308937235945e-13,39.73530077934265
9.499339093110848e-10,6.823716396618662e-13,39.74214053153992
9.479824703007012e-10,6.746584085663698e-13,39.74992346763611
9.46061895490402e-10,6.656672825802734e-13,39.756895303726196
9.441220027994746e-10,6.832927236175013e-13,39.7639262676239
9.421995406100336e-10,6.556088137654736e-13,39.77100896835327
9.402802980673641e-10,6.807459327143328e-13,39.77788519859314
9.383533949858247e-10,6.587142398380152e-13,39.7853217124939
9.364518049892467e-10,6.666845894787166e-13,39.7923309803009
9.345271223537566e-10,6.718676179642835e-13,39.800647020339966
9.326328598291411e-10,6.495885643623134e-13,39.80782961845398
9.307243864498105e-10,6.758285337610248e-13,39.815118074417114
9.288241842320133e-10,6.453122541535961e-13,39.82228326797485
9.269373046905116e-10,6.674980121586238e-13,39.82922339439392
9.250340493593967e-10,6.539594712105801e-13,39.83627772331238
9.231604369830393e-10,6.513461645041296e-13,39.84307098388672
9.212661744584238e-10,6.636703990189896e-13,39.8511528968811
9.193927286155201e-10,6.395907566590642e-13,39.858433961868286
9.175178949938356e-10,6.634466196905886e-13,39.86607837677002
9.156390645692625e-10,6.409016655058164e-13,39.8729681968689
9.137826606497867e-10,6.514536089394229e-13,39.88001871109009
9.119057731155067e-10,6.502053669782404e-13,39.88741421699524
9.100566411568423e-10,6.36751610640085e-13,39.894201040267944
9.081934648769163e-10,6.563975166358482e-13,39.90214014053345
9.063413353160854e-10,6.301183533286014e-13,39.909199237823486
9.044983095840564e-10,6.512029413971443e-13,39.91702222824097
9.026425162872442e-10,6.359790623820805e-13,39.92392635345459
9.008140899879891e-10,6.364407156671248e-13,39.93090891838074
8.989647359847197e-10,6.457365024636896e-13,39.93772912025452
8.971386966649675e-10,6.235749221671083e-13,39.944145917892456
8.953066621408823e-10,6.481018521332926e-13,39.95181369781494
8.934760153955779e-10,6.217928732663025e-13,39.958659648895264
8.916630767075162e-10,6.381881785186283e-13,39.96655797958374
8.898318748506995e-10,6.312695049852379e-13,39.973329305648804
8.880287616364058e-10,6.228041628426884e-13,39.98030710220337
8.862085509875328e-10,6.397280708642095e-13,39.9873263835907
8.844038279498534e-10,6.136806557713315e-13,39.99425768852234
8.826038233600286e-10,6.355176259374706e-13,40.00183415412903
8.807941598298896e-10,6.175139609723712e-13,40.008363485336304
8.790098648958633e-10,6.222688380200236e-13,40.01606607437134
8.772049753247302e-10,6.276003479931125e-13,40.02306246757507
8.754237890151728e-10,6.105649839882599e-13,40.03003120422363
8.73635053189048e-10,6.315288461448965e-13,40.03741240501404
8.718506472327192e-10,6.064089660105798e-13,40.04419183731079
8.700797859972909e-10,6.248245735911151e-13,40.051724672317505
8.682937147064251e-10,6.143503132431671e-13,40.0590283870697
8.66534677346209e-10,6.101131969429852e-13,40.0669322013855
8.647574878395403e-10,6.234475826219499e-13,40.07361721992493
8.629981174124168e-10,5.998529038937772e-13,40.08076310157776
8.612394131191081e-10,6.223383895893886e-13,40.08768701553345
8.594753797552812e-10,6.015893078831214e-13,40.095417976379395
8.577339394300054e-10,6.095483276111202e-13,40.102778911590576
8.559715714007154e-10,6.122483704913695e-13,40.11105751991272
8.542357932128652e-10,5.961628217997228e-13,40.11964440345764
8.524880801275003e-10,6.172255631944901e-13,40.12664294242859
8.507483606479127e-10,5.915202680971399e-13,40.13469052314758
8.490196323762689e-10,6.111126687156909e-13,40.14185929298401
8.472773593837246e-10,5.980533993379944e-13,40.14978814125061
8.455612321434103e-10,5.971439705557136e-13,40.157333850860596
8.438259535559212e-10,6.072842424244274e-13,40.16442370414734
8.421109365386314e-10,5.854940013719223e-13,40.172162771224976
8.40392866408024e-10,6.081556699205626e-13,40.17924237251282
8.386730199205772e-10,5.859966374990866e-13,40.18680500984192
8.369730464252711e-10,5.967007487076015e-13,40.19440269470215
8.352531444266731e-10,5.953831178073798e-13,40.20224905014038
8.335607204479345e-10,5.824807866941506e-13,40.209367513656616
8.318539745921782e-10,6.0050494308031e-13,40.217118978500366
8.30157553810551e-10,5.770608600338956e-13,40.225436210632324
8.28470070324272e-10,5.952075312655458e-13,40.23555612564087
8.26770596429327e-10,5.817632616963997e-13,40.24331474304199
8.250958805078312e-10,5.827259248053496e-13,40.25091791152954
8.234017911945557e-10,5.913604024868069e-13,40.25859332084656
8.217300173640751e-10,5.703974076919083e-13,40.266135931015015
8.200519707735054e-10,5.930518662961015e-13,40.27318048477173
8.18374701339053e-10,5.705393297562866e-13,40.279961585998535
8.16714584850331e-10,5.840521751128425e-13,40.287643909454346
8.150374819493322e-10,5.783796293463983e-13,40.29409623146057
8.133868578674708e-10,5.692457681442942e-13,40.302008867263794
8.117195249290887e-10,5.857994753340201e-13,40.30902671813965
8.100662363119682e-10,5.621099831258636e-13,40.316672801971436
8.084173885869461e-10,5.832204294162202e-13,40.324090003967285
8.067608248119029e-10,5.648262890387001e-13,40.331050157547
8.051255773189325e-10,5.722669517080337e-13,40.33868885040283
8.034733434136854e-10,5.729518964305014e-13,40.34594202041626
8.018422037459061e-10,5.59989988407894e-13,40.35367298126221
8.002031259835007e-10,5.777178323403132e-13,40.36065936088562
7.985691552470087e-10,5.55860370753114e-13,40.36906838417053
7.969473414526362e-10,5.714270744951178e-13,40.376116037368774
7.953117608927585e-10,5.619777104608203e-13,40.38381338119507
7.937005497282712e-10,5.58280255791993e-13,40.391043186187744
7.92072796240717e-10,5.698858811069296e-13,40.39846134185791
7.904619736542884e-10,5.485980051310457e-13,40.40601944923401
7.888505404451962e-10,5.694307872450288e-13,40.41310429573059
7.872354435001228e-10,5.497301290395551e-13,40.420750856399536
7.856397754579802e-10,5.588168816572647e-13,40.427544832229614
7.840262883362925e-10,5.580370692447045e-13,40.43581223487854
7.824373926546002e-10,5.446327525256145e-13,40.44270420074463
7.808351742966124e-10,5.646494014542591e-13,40.45085644721985
7.792435030573586e-10,5.384383802535531e-13,40.45826053619385
7.776595478681259e-10,5.585235507594988e-13,40.465128660202026
7.760632692033198e-10,5.459901194354577e-13,40.47274589538574
7.744918595342654e-10,5.455294419323686e-13,40.47966027259827
7.729022422076071e-10,5.544201707972929e-13,40.487393856048584
7.713327199176945e-10,5.335413100909792e-13,40.49434423446655
7.697583126464735e-10,5.552321298042673e-13,40.50206279754639
7.681838498641014e-10,5.333409495295038e-13,40.50900673866272
7.666254853155863e-10,5.467591440364017e-13,40.51665735244751
7.650513556001215e-10,5.417064908620761e-13,40.52368426322937
7.635011511908374e-10,5.333643682964295e-13,40.53055930137634
7.619370689937455e-10,5.483061379062126e-13,40.5374972820282
7.603851992499244e-10,5.260706692315764e-13,40.54429078102112
7.588378814205043e-10,5.453219798466635e-13,40.55167198181152
7.572827365187607e-10,5.2854357175669e-13,40.558507680892944
7.557477976760651e-10,5.349389009014216e-13,40.56610059738159
7.541968161106638e-10,5.375191936517199e-13,40.57258224487305
7.526660961154619e-10,5.228194721769441e-13,40.57923197746277
7.511287702932634e-10,5.39975995774572e-13,40.5859489440918
7.495934983836605e-10,5.209602280814574e-13,40.59232783317566
7.480721597730167e-10,5.336363404113975e-13,40.599446296691895
7.465366658188088e-10,5.268559568651077e-13,40.605990171432495
7.450243200146645e-10,5.214329944387697e-13,40.61297297477722
7.434976523335024e-10,5.325863448174539e-13,40.619779109954834
7.41983863239426e-10,5.14217141089901e-13,40.62651968002319
7.40473293792121e-10,5.306323414520919e-13,40.63448524475098
7.389566181181806e-10,5.153544691688383e-13,40.64151191711426
7.374590937914149e-10,5.209675464461216e-13,40.64969205856323
7.359451381638848e-10,5.231599116591046e-13,40.65631651878357
7.344523322849739e-10,5.096182265247606e-13,40.6632981300354
7.329499229768999e-10,5.282830379746417e-13,40.670764446258545
7.314547856296372e-10,5.047094469787239e-13,40.67786407470703
7.299683080219665e-10,5.234617535439245e-13,40.68579578399658
7.28470561650596e-10,5.113577204902964e-13,40.69269156455994
7.269959634292888e-10,5.095042226663238e-13,40.70028114318848
7.255036571507389e-10,5.207121084142841e-13,40.70689010620117
7.240294475074904e-10,4.99878892619432e-13,40.713807106018066
7.22553572529705e-10,5.19221113586682e-13,40.720691204071045
7.210737562601821e-10,5.02128232656579e-13,40.727463245391846
7.196129803155316e-10,5.088866068987674e-13,40.73503661155701
7.181347183582432e-10,5.103295173600197e-13,40.74165964126587
7.166797710844719e-10,4.966429828154317e-13,40.74852681159973
7.152122227793711e-10,5.1582371186909e-13,40.755210638046265
7.137547775037945e-10,4.911490593569046e-13,40.762107610702515
7.123034939660045e-10,5.10537684177137e-13,40.768906593322754
7.108419408652367e-10,4.977002967740396e-13,40.77566647529602
7.094034804033811e-10,4.974914252255103e-13,40.783276319503784
7.079472563731315e-10,5.052826104572083e-13,40.79006361961365
7.065094065339395e-10,4.877209747178313e-13,40.79713201522827
7.050677819364637e-10,5.064627645219588e-13,40.803823471069336
7.036258797832318e-10,4.875015864082288e-13,40.810704946517944
7.021984660404712e-10,4.997268332647409e-13,40.8185977935791
7.007568414429954e-10,4.948669512366832e-13,40.82550525665283
6.993377543729196e-10,4.866928257976633e-13,40.83327651023865
6.979047340038846e-10,5.009298639953308e-13,40.841569662094116
6.964837040435157e-10,4.798877224418407e-13,40.84849452972412
6.950665043525817e-10,4.981701899955948e-13,40.85616135597229
6.936417551450802e-10,4.835817076637161e-13,40.86296725273132
6.922368789297195e-10,4.874662956275144e-13,40.87005400657654
6.908153493689895e-10,4.92499758423387e-13,40.87696290016174
6.894141924007613e-10,4.761635963995703e-13,40.884835958480835
6.880049308044534e-10,4.961905452488535e-13,40.89261865615845
6.866004986783025e-10,4.732017729047744e-13,40.90012335777283
6.852060030482221e-10,4.899961729767921e-13,40.90813088417053
6.837997945652319e-10,4.802483280844094e-13,40.91512489318848
6.824156240092805e-10,4.763013984956932e-13,40.92278003692627
6.810155217529257e-10,4.884903787895356e-13,40.92976641654968
6.796306850631595e-10,4.683302899134711e-13,40.93742656707764
6.78246014906847e-10,4.870664960764104e-13,40.94417405128479
6.768577920368557e-10,4.690313892483089e-13,40.95193433761597
6.754861670010825e-10,4.772029126021149e-13,40.95869994163513
6.740987212872085e-10,4.78149963199781e-13,40.96659207344055
6.727323142996511e-10,4.663034823722267e-13,40.97347688674927
6.713565814386868e-10,4.812201527017168e-13,40.980743646621704
6.699863441816944e-10,4.631756675248233e-13,40.987987995147705
6.686254327981089e-10,4.770310665577759e-13,40.99484443664551
6.672545294073018e-10,4.664361345080303e-13,41.00242590904236
6.659020557187034e-10,4.675820277841303e-13,41.009177684783936
6.64537314065683e-10,4.720858578187437e-13,41.01722526550293
6.631868387785289e-10,4.58091951958256e-13,41.024080991744995
6.618339765118719e-10,4.73883844491485e-13,41.03108620643616
6.604798374887366e-10,4.585984912132413e-13,41.03808283805847
6.591414081213998e-10,4.65482199226569e-13,41.04445028305054
6.577881572766842e-10,4.645465869618226e-13,41.052814960479736
6.564548349352606e-10,4.552216893369265e-13,41.05973720550537
6.551113540531617e-10,4.689889969433647e-13,41.06778359413147
6.537756447322352e-10,4.515297369941246e-13,41.074793338775635
6.524464857271539e-10,4.660215355972719e-13,41.08173704147339
6.511088335159343e-10,4.550869230068866e-13,41.08835959434509
6.497907767410993e-10,4.549093849011421e-13,41.09470295906067
6.48457287866222e-10,4.612579849322396e-13,41.10230350494385
6.471398972252018e-10,4.471271985474756e-13,41.10921812057495
6.458197865377713e-10,4.618018207419583e-13,41.1168897151947
6.444996758503407e-10,4.4580477005264074e-13,41.124369382858276
6.431916665938786e-10,4.569296872293516e-13,41.13136601448059
6.418720555068091e-10,4.5147184059811385e-13,41.13878035545349
6.405721508784268e-10,4.456217567259252e-13,41.14516806602478
6.392588680625977e-10,4.581964690476836e-13,41.15228605270386
6.379589079230641e-10,4.376536839097861e-13,41.159541845321655
6.366596694284965e-10,4.561460801091877e-13,41.16715955734253
6.353554904414693e-10,4.404853218287208e-13,41.174235105514526
6.340679647998115e-10,4.4773134310303886e-13,41.181215047836304
6.327666168814972e-10,4.48133582109031e-13,41.1883385181427
6.314837541765428e-10,4.361637732843565e-13,41.19518756866455
6.301925092877525e-10,4.5179024367111853e-13,41.20211386680603
6.289066489806316e-10,4.327074993887986e-13,41.20992636680603
6.276288377904393e-10,4.4796981337087705e-13,41.217921018600464
6.263419782825963e-10,4.369748107194843e-13,41.22523784637451
6.250734929658108e-10,4.3654253931331433e-13,41.23273420333862
6.237916849727299e-10,4.4415897825986206e-13,41.24040198326111
6.225230886336419e-10,4.2948468132603113e-13,41.24784731864929
6.212551029172175e-10,4.4354846401653547e-13,41.25549602508545
6.199836199982656e-10,4.298256086991692e-13,41.26261925697327
6.187270695789948e-10,4.363233678441464e-13,41.27020287513733
6.174570299499749e-10,4.3615694281066986e-13,41.27718782424927
6.162054755343149e-10,4.2619781401992407e-13,41.28507852554321
6.149448172898531e-10,4.404144963218032e-13,41.291908979415894
6.136909869169926e-10,4.222226951747232e-13,41.29942321777344
6.124438733934312e-10,4.3652898678615826e-13,41.30766272544861
6.111880446191265e-10,4.2623389084721353e-13,41.31480026245117
6.099503679912743e-10,4.2669066522248167e-13,41.321792125701904
6.086985915310095e-10,4.343396573392583e-13,41.329466819763184
6.074631908603578e-10,4.17290252916272e-13,41.3368456363678
6.062230162307003e-10,4.3617122717429235e-13,41.343820571899414
6.049835632460088e-10,4.1768118911461594e-13,41.351717472076416
6.037570443595541e-10,4.2836971491690135e-13,41.35845398902893
6.025179799529212e-10,4.231793680666701e-13,41.36606788635254
6.012974562707996e-10,4.174718567801633e-13,41.374008893966675
6.000661079141878e-10,4.285288757958222e-13,41.38113617897034
5.988440854309829e-10,4.115634428310949e-13,41.388282775878906
5.976258932172129e-10,4.2636597377687657e-13,41.39542293548584
5.964005955760854e-10,4.157845129391241e-13,41.402424573898315
5.951929504810494e-10,4.175890861400633e-13,41.41065049171448
5.939720937320203e-10,4.2090899450737684e-13,41.41860032081604
5.927658919269163e-10,4.098530867989447e-13,41.42548871040344
5.915561929192847e-10,4.2191770910360304e-13,41.4332811832428
5.903479372015852e-10,4.0735671129679685e-13,41.44082570075989
5.891491738907462e-10,4.1845137923289533e-13,41.44845628738403
5.879406961284417e-10,4.125406342491561e-13,41.45562982559204
5.867504260237411e-10,4.075984883812611e-13,41.462666273117065
5.855476103988622e-10,4.176569571960609e-13,41.47020697593689
5.843568406938005e-10,4.0084973643335353e-13,41.47721457481384
5.83165904455285e-10,4.181228117645236e-13,41.48517990112305
5.819729143041741e-10,4.014256375223235e-13,41.49203944206238
5.80793579896266e-10,4.0935646799383774e-13,41.49942922592163
5.796012558789698e-10,4.085941925514175e-13,41.50709652900696
5.784259182739504e-10,4.003251452121964e-13,41.514270067214966
5.772438083084808e-10,4.115298596688022e-13,41.52138662338257
5.760662502574121e-10,3.964843590161665e-13,41.528218030929565
5.748954090556424e-10,4.0920755282544685e-13,41.535430669784546
5.737167962927003e-10,4.004480937385563e-13,41.54257893562317
5.725549478974301e-10,4.0013288906196043e-13,41.54993915557861
5.713806650042841e-10,4.0630335467611856e-13,41.55681586265564
5.702207039881557e-10,3.9103312601818097e-13,41.56395745277405
5.690566351468362e-10,4.083166639003155e-13,41.572240114212036
5.678940095954488e-10,3.9004785729393476e-13,41.57923698425293
5.667424862743076e-10,4.00642843553789e-13,41.586716175079346
5.655790835668029e-10,3.965671378520358e-13,41.59434938430786
5.644327782938774e-10,3.9156682453758695e-13,41.602617502212524
5.632779243036623e-10,4.0060457121710025e-13,41.61056423187256
5.621307308523171e-10,3.8575821139849586e-13,41.619054555892944
5.60987145625802e-10,3.987478749967188e-13,41.626726150512695
5.598377872395588e-10,3.881006030870965e-13,41.6344940662384
5.587033058418456e-10,3.9146255139364816e-13,41.64256811141968
5.575578332361886e-10,3.930663032471887e-13,41.65091609954834
5.564261273960369e-10,3.8291735776109503e-13,41.658539056777954
5.552898696414843e-10,3.957250380246663e-13,41.665138483047485
5.541553882437711e-10,3.818848991372914e-13,41.67328882217407
5.530311764090357e-10,3.9098374060922425e-13,41.68023753166199
5.51896361944415e-10,3.8677294331677936e-13,41.68823981285095
5.507786449143737e-10,3.8190002375759757e-13,41.695027589797974
5.496506583213545e-10,3.901580122346593e-13,41.70204257965088
5.485322751574984e-10,3.758790967280795e-13,41.709736585617065
5.474148356832131e-10,3.903610019864029e-13,41.71741437911987
5.462945096290639e-10,3.772120148789332e-13,41.72375750541687
5.451880613627225e-10,3.8187186160616726e-13,41.73021054267883
5.440684569535392e-10,3.8387164540826246e-13,41.73766016960144
5.429656724231791e-10,3.7329500927017756e-13,41.744184494018555
5.41855948998915e-10,3.8548596823298475e-13,41.75179934501648
5.407507219779006e-10,3.700637344304647e-13,41.75830054283142
5.396522118061853e-10,3.8170898733480563e-13,41.765116691589355
5.385455970063902e-10,3.738056413883639e-13,41.771721601486206
5.374545253289398e-10,3.7420034518925727e-13,41.778117418289185
5.363534616442678e-10,3.7804088743979836e-13,41.78524041175842
5.35263500189842e-10,3.669868770851681e-13,41.79197335243225
5.341714293116695e-10,3.805774055273825e-13,41.79946160316467
5.330802466119167e-10,3.652973648397839e-13,41.80581593513489
5.319990004082342e-10,3.74399350498017e-13,41.81224083900452
5.309074291304228e-10,3.709313672189962e-13,41.81910061836243
5.298318450641659e-10,3.6532753276523333e-13,41.825525522232056
5.287473237025608e-10,3.7550027648901307e-13,41.8328161239624
5.276706294132794e-10,3.605197195465093e-13,41.83955764770508
5.265974323265254e-10,3.7365564201780055e-13,41.846423625946045
5.25518573102346e-10,3.6322331318887346e-13,41.853243589401245
5.244543133109403e-10,3.6572955493079096e-13,41.8599898815155
5.233784516889273e-10,3.691695657937616e-13,41.868029832839966
5.223163568324196e-10,3.5790015157251276e-13,41.87511658668518
5.212499876172672e-10,3.7121128111487767e-13,41.88261556625366
5.201852837366516e-10,3.5635163981966034e-13,41.88978433609009
5.191300722628966e-10,3.659886521449607e-13,41.89691495895386
5.180649242930713e-10,3.6115717621382215e-13,41.90356731414795
5.170157635348005e-10,3.57096757762701e-13,41.90994191169739
5.159566662804593e-10,3.6596848598455245e-13,41.917585372924805
5.149068393883738e-10,3.515074516180494e-13,41.92568826675415
5.138582892527666e-10,3.6596203498162616e-13,41.933239459991455
5.128069080484465e-10,3.5236082714801276e-13,41.939908504486084
5.117679613420023e-10,3.5811449834201314e-13,41.946661949157715
5.107177458718581e-10,3.5859035467551703e-13,41.95371913909912
5.096823518790927e-10,3.4941645930819387e-13,41.96024775505066
5.086404630816332e-10,3.617939281497229e-13,41.967578649520874
5.076027931316673e-10,3.4666713943920513e-13,41.97415637969971
5.065723396313615e-10,3.57465467816509e-13,41.980873823165894
5.055332263914636e-10,3.510598658561931e-13,41.988359451293945
5.045097672962129e-10,3.490503242345455e-13,41.99486207962036
5.034756500599258e-10,3.5616225680518143e-13,42.00201869010925
5.0245241300928e-10,3.4315754990181524e-13,42.00832986831665
5.014286208471219e-10,3.561548029152456e-13,42.015111207962036
5.004027747723683e-10,3.4375001217896994e-13,42.02262091636658
4.993888080839781e-10,3.498021371260013e-13,42.03020191192627
4.983640722322491e-10,3.4889495806322834e-13,42.03738045692444
4.973534362129328e-10,3.4297177185955985e-13,42.04387950897217
4.963370270338885e-10,3.513408368491927e-13,42.0512216091156
4.953253363026988e-10,3.390252488466583e-13,42.05773591995239
4.943186970862712e-10,3.4949988866536663e-13,42.06611943244934
4.93305674087452e-10,3.4151753148560504e-13,42.07318139076233
4.923066954098942e-10,3.4194142742999256e-13,42.080166816711426
4.912971141024514e-10,3.467678076109204e-13,42.08710026741028
4.902996897371281e-10,3.3496352935293017e-13,42.09378147125244
4.892987126581261e-10,3.490277728293578e-13,42.10129141807556
4.882998450028708e-10,3.332945356336603e-13,42.10789203643799
4.873093595314515e-10,3.432424971420295e-13,42.11466383934021
4.863093261420204e-10,3.3868190912368645e-13,42.12158417701721
4.853246693414803e-10,3.343517140669966e-13,42.12834692001343
4.843306866675334e-10,3.4319083490851054e-13,42.135443925857544
4.8334497515512e-10,3.295070921845167e-13,42.142329931259155
4.823617061333607e-10,3.4154528706122067e-13,42.15025043487549
4.813737186637468e-10,3.318342779376482e-13,42.15719246864319
4.803990538704284e-10,3.342152943286436e-13,42.164348125457764
4.794133423580149e-10,3.3722520218978924e-13,42.171468019485474
4.784408424995945e-10,3.2701434875964663e-13,42.178330421447754
4.774637907267731e-10,3.390116150043393e-13,42.18616557121277
4.764891814446059e-10,3.252710600865072e-13,42.19260096549988
4.755222327013087e-10,3.348018748090126e-13,42.200016498565674
4.745469017741755e-10,3.2940162641818815e-13,42.206881284713745
4.735860592575136e-10,3.268776308656962e-13,42.21343421936035
4.7261566882284e-10,3.3405659423564604e-13,42.22032642364502
4.716547152838757e-10,3.213639207175212e-13,42.227126598358154
4.706942058341212e-10,3.3342081808170054e-13,42.234646797180176
4.697309208268052e-10,3.2243530219931704e-13,42.241536140441895
4.687794041835502e-10,3.2693620488806474e-13,42.24974274635315
4.678176179773175e-10,3.274587090200398e-13,42.25671696662903
4.668692654696827e-10,3.196796939577279e-13,42.26374793052673
4.659148622465636e-10,3.3012069640403485e-13,42.270957469940186
4.649648444043919e-10,3.170323161980071e-13,42.277724504470825
4.6402051645522135e-10,3.270959891832348e-13,42.28614568710327
4.630692773677225e-10,3.2013608886223566e-13,42.29299974441528
4.6213163851227534e-10,3.196464089510326e-13,42.300832748413086
4.611843129609383e-10,3.2487039317366517e-13,42.307774782180786
4.6024756228391084e-10,3.1356213740958705e-13,42.314799785614014
4.5930920178349766e-10,3.2546345176201474e-13,42.32181477546692
4.5837023066042093e-10,3.1333995727939046e-13,42.32929301261902
4.5744111276668775e-10,3.2006954595389936e-13,42.33671450614929
4.565026134883965e-10,3.181730053036791e-13,42.34353756904602
4.5557782546445935e-10,3.125368345201218e-13,42.35150480270386
4.546455711906816e-10,3.217344468099681e-13,42.35825204849243
4.5371972845487107e-10,3.085256388476315e-13,42.366193532943726
4.527972163881344e-10,3.1977206798282365e-13,42.37346816062927
4.518696250510601e-10,3.1110528107662627e-13,42.38071799278259
4.5095474576761774e-10,3.1275088313402477e-13,42.3880181312561
4.500297634546513e-10,3.1619815815155106e-13,42.39542627334595
4.4911685481707764e-10,3.055801325955315e-13,42.40282583236694
4.4819983835431287e-10,3.1819547539370385e-13,42.41010570526123
4.4728434844820697e-10,3.0545853932188727e-13,42.41813063621521
4.463776293039956e-10,3.1284393478547834e-13,42.42538833618164
4.454619451088604e-10,3.0906879703099244e-13,42.43958353996277
4.445599999236549e-10,3.0525389616183063e-13,42.449345111846924
4.4364953377673544e-10,3.1306286230915747e-13,42.458343505859375
4.427464506129297e-10,3.018451374264819e-13,42.475608587265015
4.418463650512905e-10,3.106283676460042e-13,42.49044060707092
4.409410614414355e-10,3.0387273101430134e-13,42.502450942993164
4.4004819232945636e-10,3.050255902893595e-13,42.50929832458496
4.391458863217679e-10,3.073539144547721e-13,42.516974210739136
4.382547935666281e-10,2.9947141229509644e-13,42.52358818054199
4.37359898297629e-10,3.093904798155689e-13,42.530396461486816
4.364675010304353e-10,2.9754131558763774e-13,42.53729438781738
4.3558154305678443e-10,3.0608485581187783e-13,42.54395079612732
4.3468850741135157e-10,3.006236481539054e-13,42.55254077911377
4.338086279087605e-10,2.9865481832383467e-13,42.560521364212036
4.32919394777187e-10,3.0553399979309226e-13,42.568580865859985
4.320399316082302e-10,2.930716108164033e-13,42.575451135635376
4.3115977454988297e-10,3.0504963247253436e-13,42.58338284492493
4.3027778562354513e-10,2.942330352886241e-13,42.59055519104004
4.29405927482307e-10,2.999438804968113e-13,42.59780263900757
4.2852518755687186e-10,2.985363421314363e-13,42.60485529899597
4.27656632329132e-10,2.9319607722580465e-13,42.61178231239319
4.2678249823069336e-10,3.012835207011344e-13,42.618932485580444
4.2591230542399217e-10,2.9064606082117306e-13,42.62575554847717
4.250474971989604e-10,2.985468317874551e-13,42.63345980644226
4.241760276357809e-10,2.9367936034419007e-13,42.64055514335632
4.2331735339296017e-10,2.9232001476538205e-13,42.64736723899841
4.224495475657619e-10,2.976790363685977e-13,42.654478549957275
4.21591900279239e-10,2.8627981604224806e-13,42.660828828811646
4.207320047910912e-10,2.984679560794068e-13,42.66801404953003
4.1987235910312393e-10,2.8579677686935145e-13,42.67488431930542
4.1902106784341697e-10,2.935385766920928e-13,42.68194913864136
4.181613666442985e-10,2.9051565840487736e-13,42.688908100128174
4.1731457178784126e-10,2.860581238030291e-13,42.69582462310791
4.164604494594215e-10,2.9416681764093955e-13,42.7028124332428
4.156126276466665e-10,2.8232508019788993e-13,42.70960450172424
4.147674981247462e-10,2.9244174356429786e-13,42.717140674591064
4.139180664886055e-10,2.8430187891392844e-13,42.723883867263794
4.13079959127316e-10,2.8629767827303976e-13,42.730708360672
4.1223277569280015e-10,2.8892277567811597e-13,42.737584590911865
4.1139650019950125e-10,2.800867177077393e-13,42.74439287185669
4.105569217927041e-10,2.897799188106287e-13,42.75190329551697
4.097185091200828e-10,2.7908548410650325e-13,42.7588164806366
4.0888750718615086e-10,2.8619944955621257e-13,42.76613759994507
4.080490112468027e-10,2.827084269810265e-13,42.773009061813354
4.0722272776072543e-10,2.7973779434357915e-13,42.78002953529358
4.06388728224627e-10,2.862817133960499e-13,42.78698420524597
4.055623614718229e-10,2.75195691972277e-13,42.79375648498535
4.047367441195604e-10,2.85615335635786e-13,42.80133390426636
4.0390851774319003e-10,2.762761265422131e-13,42.808172941207886
4.0309042215191937e-10,2.800193345427193e-13,42.81512713432312
4.022637500877835e-10,2.8015491402438863e-13,42.822049617767334
4.0144845780965e-10,2.733461785912883e-13,42.828843116760254
4.0062769768312023e-10,2.833648029762492e-13,42.83597016334534
3.998110731373572e-10,2.7108946597936834e-13,42.84273910522461
3.989995001063562e-10,2.7985193372728756e-13,42.8506498336792
3.98181154714905e-10,2.7486278769521533e-13,42.85744333267212
3.9737529933248084e-10,2.7332780136446466e-13,42.864421129226685
3.96561117277372e-10,2.781831568484522e-13,42.871522426605225
3.957552341393722e-10,2.6875677790021146e-13,42.878246545791626
3.949488514010113e-10,2.785095017023703e-13,42.88531494140625
3.9414138619520145e-10,2.68927892108084e-13,42.89213705062866
3.933426917512861e-10,2.738098376503517e-13,42.89954876899719
3.9253597594601786e-10,2.727568876054881e-13,42.906329870224
3.917409452380838e-10,2.6708564288165093e-13,42.91338276863098
3.909393087031532e-10,2.7612029958497264e-13,42.92031908035278
3.901432232833457e-10,2.6413664007754467e-13,42.927021741867065
3.8935035751030966e-10,2.7398436709506757e-13,42.93463969230652
3.8855293982287264e-10,2.659625720612818e-13,42.94141459465027
3.877663190543501e-10,2.6765986345725357e-13,42.94843602180481
3.869712050796892e-10,2.705884561554628e-13,42.95538282394409
3.8618599984552304e-10,2.6188361375301117e-13,42.962141275405884
3.853981578316734e-10,2.7183799915925233e-13,42.969045877456665
3.846110374627898e-10,2.613577485943014e-13,42.97582411766052
3.8383135558817116e-10,2.6776858183009955e-13,42.983317375183105
3.8304370786335085e-10,2.659580997273203e-13,42.99005341529846
3.8226818932507456e-10,2.6150240826916527e-13,42.9969208240509
3.8148567638174313e-10,2.689928900283245e-13,43.003883600234985
3.8070949170965207e-10,2.5786100685265545e-13,43.01070713996887
3.7993513890555164e-10,2.6740502173661085e-13,43.018471240997314
3.7915731665449925e-10,2.594875540568725e-13,43.02532768249512
3.783894864106685e-10,2.620348870611272e-13,43.03387713432312
3.7761352378318236e-10,2.634629439526165e-13,43.04109168052673
3.7684810827443016e-10,2.556750655375445e-13,43.04844689369202
3.7607805758455015e-10,2.6576901486843885e-13,43.05572056770325
3.753109212301098e-10,2.543097026366792e-13,43.06263709068298
3.74549447013095e-10,2.6218702773098124e-13,43.069631814956665
3.737813947246593e-10,2.5764148301778145e-13,43.07639193534851
3.7302511080028466e-10,2.553646855606162e-13,43.08470892906189
3.722604724476497e-10,2.617655170313732e-13,43.09151005744934
3.715041052565482e-10,2.511393328540057e-13,43.09952688217163
3.7074746050969054e-10,2.6126025171394063e-13,43.106360912323
3.699895667619302e-10,2.513095525950859e-13,43.113418102264404
3.6923958335322027e-10,2.5699500036738265e-13,43.12026047706604
3.6848246676157714e-10,2.5539452822541386e-13,43.12696695327759
3.6773592504424357e-10,2.507541158221216e-13,43.13495326042175
3.6698416527869426e-10,2.5772594236701807e-13,43.141735553741455
3.6623626353815553e-10,2.482949555595443e-13,43.14973306655884
3.654923308449298e-10,2.558552870436659e-13,43.15660238265991
3.6474348541482016e-10,2.503495186764043e-13,43.16353917121887
3.6400540914804935e-10,2.4977147628814367e-13,43.1705527305603
3.6325895069744263e-10,2.5464843450041796e-13,43.1774218082428
3.6252159607563783e-10,2.4520394937589673e-13,43.185335874557495
3.617824095858424e-10,2.5485741446916454e-13,43.1920645236969
3.6104352840737874e-10,2.4446612269246604e-13,43.199564695358276
3.6031133632263845e-10,2.511864685434545e-13,43.20637798309326
3.5957273269993095e-10,2.4767273193275485e-13,43.21355581283569
3.5884456517365493e-10,2.449983846439935e-13,43.220906496047974
3.5810990284268485e-10,2.5157894972989425e-13,43.227917432785034
3.5738140224950143e-10,2.4149654715213686e-13,43.23571801185608
3.566548445466111e-10,2.5003675345469656e-13,43.24267530441284
3.559245398410127e-10,2.430006066159174e-13,43.25094294548035
3.552036997866992e-10,2.4525246742311546e-13,43.25785565376282
3.5447547674927193e-10,2.4707509259022653e-13,43.26599168777466
3.537568571410077e-10,2.3946526727693096e-13,43.27300429344177
3.530342684854304e-10,2.489924499221585e-13,43.28032469749451
3.523140945649317e-10,2.3825331898347235e-13,43.28789782524109
3.5159958278185854e-10,2.4506102442450883e-13,43.294740200042725
3.508782986383352e-10,2.4207128272377143e-13,43.30190467834473
3.501684497919655e-10,2.3870038974929675e-13,43.30870795249939
3.4945091265115025e-10,2.456317213430509e-13,43.31705284118652
3.4874059195999507e-10,2.3513209066426677e-13,43.32415580749512
3.4803104842495713e-10,2.4413457366811997e-13,43.33118772506714
3.4731856279890394e-10,2.3663804748184913e-13,43.338361501693726
3.466154030462576e-10,2.394088345538531e-13,43.345836877822876
3.4590441622128765e-10,2.4033577320121957e-13,43.35293912887573
3.4520344915911494e-10,2.3415487214115127e-13,43.36032748222351
3.4449793018254127e-10,2.421399669313984e-13,43.36799740791321
3.437961859642513e-10,2.3136624994340993e-13,43.375014305114746
3.4309791119291333e-10,2.3977873723005083e-13,43.383275270462036
3.4239489021814506e-10,2.3391404373358793e-13,43.39057779312134
3.417016114504179e-10,2.3458942037188346e-13,43.3978374004364
3.410014215443624e-10,2.377920180641341e-13,43.404958963394165
3.403093640219623e-10,2.294099426484314e-13,43.41251492500305
3.396152525869667e-10,2.3890232240392217e-13,43.41976022720337
3.3892172401905896e-10,2.288118696250341e-13,43.426857233047485
3.38234495966816e-10,2.3523658064864006e-13,43.434765338897705
3.3754096739890826e-10,2.3258177610403774e-13,43.44152617454529
3.368577916607052e-10,2.286728206964128e-13,43.450268268585205
3.3616812111780803e-10,2.3613760686408414e-13,43.45707321166992
3.354841682234877e-10,2.2570725670412184e-13,43.46427798271179
3.348023525084898e-10,2.340863776689045e-13,43.47129774093628
3.3411662325733005e-10,2.276138804345462e-13,43.478108167648315
3.334401088572747e-10,2.2947152533182857e-13,43.486321687698364
3.3275684985234477e-10,2.3085488598875714e-13,43.49309515953064
3.320815566976165e-10,2.2504566298594403e-13,43.500908851623535
3.314042096302927e-10,2.317677300078813e-13,43.507792949676514
3.3072750094120806e-10,2.242413069467042e-13,43.51610231399536
3.300571205233638e-10,2.286332744221714e-13,43.52292847633362
3.2938046734543036e-10,2.2659904009604548e-13,43.52979230880737
3.2871322330763064e-10,2.2425559131032669e-13,43.53678798675537
3.2804053917701026e-10,2.29508903201725e-13,43.54355025291443
3.273737114728448e-10,2.2030961039851138e-13,43.551875591278076
3.2670702254655737e-10,2.2949003808392376e-13,43.55869436264038
3.2603886257476233e-10,2.2120262707040622e-13,43.566622734069824
3.2537894600892514e-10,2.2419894174681432e-13,43.57351994514465
3.247114799265205e-10,2.2501861214174051e-13,43.58117651939392
3.240532009396446e-10,2.1962850104122883e-13,43.58828830718994
3.2339156352811926e-10,2.2628814512308526e-13,43.595458030700684
3.2273192451803823e-10,2.1825754094664807e-13,43.60257339477539
3.2207717048926554e-10,2.2352338892566576e-13,43.609612703323364
3.214167820786429e-10,2.2094984533389123e-13,43.61800932884216
3.20766663230998e-10,2.1833744664676025e-13,43.62500858306885
3.2010910588908814e-10,2.242521625209562e-13,43.63277196884155
3.194593756195019e-10,2.1423643837680667e-13,43.640079498291016
3.188081465488324e-10,2.2440868065708164e-13,43.64786958694458
3.181565566556799e-10,2.1497193402556652e-13,43.65513348579407
3.1751237750121675e-10,2.1959032357223018e-13,43.66215991973877
3.1686100965266917e-10,2.1840133325977396e-13,43.6696298122406
3.162191064554065e-10,2.147906418697998e-13,43.67660450935364
3.1557276236604537e-10,2.2037695290594989e-13,43.68432116508484
3.1493024854611917e-10,2.119788990607302e-13,43.691351652145386
3.14289899661091e-10,2.1979723000432189e-13,43.698506116867065
3.136464976627451e-10,2.1366940064059675e-13,43.70567178726196
3.1301189418186937e-10,2.1448919300826735e-13,43.71270537376404
3.123701020069092e-10,2.1699135543951087e-13,43.71983766555786
3.117361646598482e-10,2.1061672100374657e-13,43.72688865661621
3.111007007561284e-10,2.1735304528425203e-13,43.734626054763794
3.104654311414379e-10,2.0975685381327547e-13,43.7414014339447
3.0983562937514364e-10,2.1499416017010248e-13,43.748440742492676
3.092009981386923e-10,2.116688307919265e-13,43.75531339645386
3.0857466581935e-10,2.1025634575413954e-13,43.76393675804138
3.079432819852457e-10,2.1458563279150994e-13,43.77111744880676
3.073171439549327e-10,2.0689630835391687e-13,43.777931213378906
3.066918663474638e-10,2.1427107863621758e-13,43.78588080406189
3.060643960495213e-10,2.0775343793390244e-13,43.7931067943573
3.054446418015999e-10,2.1009059834702082e-13,43.801026344299316
3.0481817070437955e-10,2.116656866056263e-13,43.80796241760254
3.0420066465808304e-10,2.0491441388766768e-13,43.81511092185974
3.0357932834235157e-10,2.1301897420479554e-13,43.82256364822388
3.0296001818364005e-10,2.0420168648453002e-13,43.83000421524048
3.023456485173881e-10,2.0993557098888255e-13,43.83744239807129
3.017258942694667e-10,2.0653789822074747e-13,43.84421944618225
3.011151605836204e-10,2.0520682321358702e-13,43.85201644897461
3.00498514960168e-10,2.0932574792444092e-13,43.85884499549866
2.998880033189266e-10,2.0154915876448992e-13,43.8671236038208
2.99277075344051e-10,2.1000929673661156e-13,43.873993158340454
2.986656200132387e-10,2.01502795569089e-13,43.880988359451294
2.98060548464818e-10,2.0589141557034868e-13,43.88817024230957
2.974490931340057e-10,2.0549448915500174e-13,43.89503479003906
2.9684701918775147e-10,2.0039722106127839e-13,43.90269136428833
2.962400325046133e-10,2.0749306678218005e-13,43.90948152542114
2.956364320017002e-10,1.9892580963541684e-13,43.91711091995239
2.9503641196804153e-10,2.0520695873885858e-13,43.924041509628296
2.9443195104228437e-10,2.0078293953666726e-13,43.931129693984985
2.9383609434496805e-10,2.007041993538905e-13,43.93846011161804
2.9323374284295767e-10,2.0432574631811667e-13,43.945523738861084
2.9263894085751474e-10,1.9635817494548236e-13,43.95279312133789
2.9204227924850557e-10,2.045769153039001e-13,43.95956826210022
2.9144572866179885e-10,1.963999031765959e-13,43.9675989151001
2.908549234792446e-10,2.0174720184382156e-13,43.97463798522949
2.902588169817477e-10,1.9899063137280432e-13,43.98148965835571
2.8967089837905746e-10,1.9714918174547347e-13,43.98883056640625
2.890785111286931e-10,2.0118601879934306e-13,43.99600553512573
2.88490148436793e-10,1.9458822845142693e-13,44.00349807739258
2.879038951686397e-10,2.0008774910366955e-13,44.0102276802063
2.873146442983199e-10,1.9529686299136345e-13,44.01811861991882
2.867329151889919e-10,1.9632887438177093e-13,44.0254647731781
2.861452741420578e-10,1.9809380644077862e-13,44.033475160598755
2.8556496056708625e-10,1.9226555568983839e-13,44.04038453102112
2.849822322570361e-10,1.9919119522218698e-13,44.04730582237244
2.844008084590399e-10,1.912805580161353e-13,44.05455446243286
2.8382401984217154e-10,1.966471283769769e-13,44.06148076057434
2.832420131770874e-10,1.943831516105013e-13,44.0689697265625
2.826690825852296e-10,1.9161042652711402e-13,44.076128244400024
2.8209024005576566e-10,1.9673287521629335e-13,44.08389759063721
2.815168931302736e-10,1.885733322964933e-13,44.091078758239746
2.809437682493865e-10,1.967040489910324e-13,44.09845304489136
2.8036956090105036e-10,1.8892817811502066e-13,44.10583448410034
2.798014875349253e-10,1.9322546763577558e-13,44.112804889678955
2.792281128538576e-10,1.9178494241930272e-13,44.12017226219177
2.786620656447525e-10,1.888363597435383e-13,44.12697768211365
2.780927155221491e-10,1.9391564363372554e-13,44.13498139381409
2.775265572907415e-10,1.8613279320622844e-13,44.14185404777527
2.7696281379441245e-10,1.9234814479032747e-13,44.14974904060364
2.7639557309555585e-10,1.8782233255666692e-13,44.15634226799011
2.758362149801741e-10,1.8796036504575148e-13,44.16309332847595
2.752710004383374e-10,1.9093434515740637e-13,44.17049789428711
2.7471233621234603e-10,1.8409792191132618e-13,44.17744159698486
2.741524784966032e-10,1.9131377526019483e-13,44.1853244304657
2.7359245424740664e-10,1.841251895959642e-13,44.19245719909668
2.7303817540236253e-10,1.8815789312905118e-13,44.20053195953369
2.724783176866197e-10,1.869569765926976e-13,44.207656145095825
2.7192664786568344e-10,1.8343289940377788e-13,44.215110063552856
2.713705371526487e-10,1.8910750515434976e-13,44.22210717201233
2.708182289534733e-10,1.8116533121760592e-13,44.22919201850891
2.702678914001666e-10,1.8788579904133879e-13,44.236533403396606
2.6971455624469343e-10,1.8272800536133643e-13,44.243502140045166
2.6916871509463647e-10,1.8373746534655622e-13,44.25141644477844
2.6861704527370023e-10,1.8571335604327527e-13,44.258809089660645
2.680721755687898e-10,1.7984333640364003e-13,44.26669645309448
2.6752541848473754e-10,1.864881946783692e-13,44.2737500667572
2.669794385568025e-10,1.7929119289477463e-13,44.281028747558594
2.6643823258787336e-10,1.8384694266092294e-13,44.288331270217896
2.658920306153334e-10,1.817391045598124e-13,44.29586887359619
2.6535382224857074e-10,1.7947285096877458e-13,44.303231716156006
2.648108676783778e-10,1.8414734797786436e-13,44.31020379066467
2.6427235400028337e-10,1.7685408259388025e-13,44.31837010383606
2.6373489503406233e-10,1.8345332306220208e-13,44.32533144950867
2.631953543996701e-10,1.7773094465340505e-13,44.33345818519592
2.626625583701525e-10,1.7978813696053336e-13,44.34062719345093
2.621241002032093e-10,1.808224116229759e-13,44.347854137420654
2.6159285848592617e-10,1.7569165523464991e-13,44.35540461540222
2.6105848038859847e-10,1.8254249836962416e-13,44.36300611495972
2.6052632273732e-10,1.74674456756424e-13,44.3702278137207
2.599979675999009e-10,1.7975818587551845e-13,44.37717056274414
2.5946511605923206e-10,1.7665651385299908e-13,44.38552474975586
2.589400638353112e-10,1.7541255449039783e-13,44.39223837852478
2.5840982131875023e-10,1.7912155591236212e-13,44.400100231170654
2.578846303169513e-10,1.7301583072042853e-13,44.407042264938354
2.5735993891551345e-10,1.7844280469480472e-13,44.41443419456482
2.568338042241436e-10,1.7303334058551417e-13,44.42162084579468
2.563136092259555e-10,1.755474970032908e-13,44.428526878356934
2.5578827944627847e-10,1.7535449546406123e-13,44.435680627822876
2.552701106051103e-10,1.716554415970295e-13,44.442436933517456
2.5474844456141454e-10,1.7710582078580422e-13,44.44999051094055
2.542296650975828e-10,1.6981836943597006e-13,44.456753730773926
2.537133558799809e-10,1.7565194633008263e-13,44.46405601501465
2.5319382701560755e-10,1.7150407342122337e-13,44.47148418426514
2.5268143133416743e-10,1.7178543743751051e-13,44.47848033905029
2.5216376209336033e-10,1.740645388242923e-13,44.48572659492493
2.5165211581246183e-10,1.68356986880204e-13,44.49424982070923
2.5113910950835816e-10,1.7478411025364377e-13,44.50265383720398
2.506264362711619e-10,1.6801399952293822e-13,44.50963068008423
2.5011848148182025e-10,1.7222307564443429e-13,44.51769185066223
2.496058360001996e-10,1.7043700164306314e-13,44.524434089660645
2.491004624793902e-10,1.6824566642214406e-13,44.531323194503784
2.4859098113338973e-10,1.726139305276153e-13,44.53898906707764
2.480853578123998e-10,1.658140042371664e-13,44.54597878456116
2.475809279811614e-10,1.718733933387534e-13,44.553462505340576
2.4707441648175177e-10,1.667443039112676e-13,44.56029748916626
2.4657426100915814e-10,1.682579314592203e-13,44.56837582588196
2.460689152439244e-10,1.694546738172098e-13,44.575223445892334
2.4557003652780907e-10,1.6457992466686194e-13,44.582801818847656
2.450689373656445e-10,1.7048824374824023e-13,44.59002161026001
2.4456911495995826e-10,1.6361236909560872e-13,44.59690833091736
2.4407312282370697e-10,1.6825885303106691e-13,44.60411310195923
2.4357296735111333e-10,1.6578067857288964e-13,44.61107110977173
2.430800560837554e-10,1.6429284148411494e-13,44.61897587776184
2.425825096352696e-10,1.6805542959845432e-13,44.6257483959198
2.4208959836791166e-10,1.6166397647648933e-13,44.633403301239014
2.4159690914515863e-10,1.6784878066437858e-13,44.64070510864258
2.411029709215029e-10,1.6210633096286342e-13,44.64768576622009
2.406147781019996e-10,1.6471600559203603e-13,44.65548276901245
2.401215892788855e-10,1.6475122861011465e-13,44.66251015663147
2.3963511730507037e-10,1.6096576382993583e-13,44.669912576675415
2.3914564772908875e-10,1.662234396350784e-13,44.6767475605011
2.386583985991564e-10,1.5952000733798072e-13,44.68483304977417
2.3817400829351243e-10,1.6459205417866662e-13,44.69164180755615
2.3768620405206775e-10,1.6119068157061794e-13,44.69946503639221
2.372052276822245e-10,1.608459865949305e-13,44.70687913894653
2.3671939408664855e-10,1.63686813127277e-13,44.71403956413269
2.362389173171664e-10,1.577966408797607e-13,44.721433877944946
2.35757663391567e-10,1.6389645716985424e-13,44.7284517288208
2.352760486434846e-10,1.580092529257851e-13,44.73612427711487
2.347995409213155e-10,1.611306303227894e-13,44.742889642715454
2.3431820372898926e-10,1.6035252552865087e-13,44.750550508499146
2.3384380543056693e-10,1.5741303659860817e-13,44.75739049911499
2.333657156405877e-10,1.6219106136264316e-13,44.764244556427
2.328908177418043e-10,1.5551022112831464e-13,44.771750926971436
2.3241765456649688e-10,1.611283806032815e-13,44.77934646606445
2.3194189624486938e-10,1.567389338978653e-13,44.786070585250854
2.314725633389969e-10,1.5755508063573093e-13,44.79238677024841
2.3099824830730142e-10,1.5936565760620025e-13,44.800326347351074
2.3052981745763645e-10,1.5423956328721594e-13,44.8067147731781
2.3005959637334428e-10,1.6014868196769644e-13,44.81339883804321
2.2959030510083522e-10,1.5331579593120398e-13,44.82018256187439
2.2912474695324647e-10,1.5797411122286942e-13,44.82694387435913
2.2865503934710318e-10,1.5595870135696327e-13,44.83461618423462
2.281924232905297e-10,1.5408151371552187e-13,44.8413290977478
2.2772569940876508e-10,1.5747911872102116e-13,44.84809684753418
2.272624172183768e-10,1.5224445510698958e-13,44.85461688041687
2.2680045341783028e-10,1.5684976646494764e-13,44.86143922805786
2.2633669938265655e-10,1.5237092729041002e-13,44.86863613128662
2.2587828829578882e-10,1.542177030609132e-13,44.87539863586426
2.2541550570576163e-10,1.5466896155762883e-13,44.88278651237488
2.2495896812024796e-10,1.5028261838093138e-13,44.88951778411865
2.2449934966584095e-10,1.5645101045843463e-13,44.896445751190186
2.2404188226854416e-10,1.4929457138861818e-13,44.903032541275024
2.2358735696226262e-10,1.5448372561645968e-13,44.90981340408325
2.2312925118672666e-10,1.5118970257601422e-13,44.917017221450806
2.2267780674933846e-10,1.5068104912679264e-13,44.92375349998474
2.222218381531249e-10,1.5350666972367005e-13,44.93060612678528
2.21770588004766e-10,1.4789928450779227e-13,44.93714761734009
2.2131922683410465e-10,1.5319950169567775e-13,44.94389533996582
2.2086674156263086e-10,1.4842260179139671e-13,44.95128917694092
2.2041955760609966e-10,1.5058142449966838e-13,44.958024978637695
2.1996780785737968e-10,1.5060604944151096e-13,44.964768409729004
2.1952231699096103e-10,1.471675564615818e-13,44.97144937515259
2.1907375913343685e-10,1.5204825517135118e-13,44.97824215888977
2.1862768539993027e-10,1.4560649506858286e-13,44.98516845703125
2.181839153791998e-10,1.5044770171421945e-13,44.99189376831055
2.177371200007272e-10,1.4700076550987207e-13,44.99946069717407
2.1729643084889005e-10,1.4732719167895314e-13,45.006274700164795
2.1685156448292275e-10,1.489949250131975e-13,45.01310396194458
2.1641134717587107e-10,1.4465853645159732e-13,45.019885778427124
2.1597039434606558e-10,1.496608419875381e-13,45.0264310836792
2.155294970274113e-10,1.4432067194959652e-13,45.033753633499146
2.1509273528952377e-10,1.4750306282385744e-13,45.040682554244995
2.1465212940441347e-10,1.4597326711100755e-13,45.0477569103241
2.1421737994575807e-10,1.4416571235409403e-13,45.054582595825195
2.1377939696254344e-10,1.478701872319882e-13,45.061052560806274
2.133445642371612e-10,1.4214000256754927e-13,45.06866669654846
2.1291092500153042e-10,1.471878581472616e-13,45.07546353340149
2.1247546777569681e-10,1.4273386075500105e-13,45.082802057266235
2.1204525635365457e-10,1.4429970619008609e-13,45.08937907218933
2.1161086771748217e-10,1.4509827530023028e-13,45.09597039222717
2.1118198856306947e-10,1.40816584738232e-13,45.10284471511841
2.1075099998490998e-10,1.4625118878539706e-13,45.10956168174744
2.1032138530774347e-10,1.398760122485465e-13,45.11699032783508
2.0989471272159221e-10,1.4453123756402037e-13,45.123809576034546
2.0946486212203297e-10,1.4162003275815238e-13,45.1306312084198
2.0904085407114081e-10,1.410621158727185e-13,45.13813352584839
2.0861308513975274e-10,1.4393446558323003e-13,45.14494276046753
2.0818918811116305e-10,1.386364845623253e-13,45.15238618850708
2.0776567966063197e-10,1.4365096026765223e-13,45.159501791000366
2.0734089445362258e-10,1.391448805135309e-13,45.16702222824097
2.0692117463916304e-10,1.409161958128291e-13,45.17367100715637
2.0649713883269527e-10,1.412267926301919e-13,45.180551052093506
2.0607873740807747e-10,1.3776784888678423e-13,45.18732714653015
2.0565801839289577e-10,1.423401733936444e-13,45.19410514831543
2.05238964712251e-10,1.3668241343432752e-13,45.202271461486816
2.0482261720022876e-10,1.4062960052105972e-13,45.209431171417236
2.0440307779701072e-10,1.3810561852109493e-13,45.217599868774414
2.0398938094245977e-10,1.376857341247456e-13,45.224260091781616
2.0357181218511045e-10,1.4003518667999454e-13,45.2310528755188
2.031586426864962e-10,1.3486747255011394e-13,45.23774003982544
2.0274477929849155e-10,1.4039488430324376e-13,45.24419975280762
2.0233083264376006e-10,1.3478432779601146e-13,45.25161123275757
2.01920827280766e-10,1.3823256504296583e-13,45.25805354118347
2.015070471594882e-10,1.3701039814403154e-13,45.26448583602905
2.010991512202409e-10,1.3465765232468369e-13,45.270986795425415
2.0068804951201002e-10,1.3867193797336558e-13,45.27738404273987
2.0027969560576508e-10,1.3296624272549767e-13,45.284661531448364
1.998730347896327e-10,1.3743441606116347e-13,45.29149293899536
1.9946373719381683e-10,1.3439635960111468e-13,45.2984459400177
1.990602266355168e-10,1.344505832622661e-13,45.304938077926636
1.9865259437423788e-10,1.3608568211111866e-13,45.31175470352173
1.9824943076063306e-10,1.3206369862701212e-13,45.3184859752655
1.9784557325763785e-10,1.3631638678089641e-13,45.32513737678528
1.9744177126579388e-10,1.316134565698332e-13,45.33274817466736
1.9704149423205308e-10,1.3470896219249656e-13,45.339391469955444
1.9663788652923841e-10,1.333587916745732e-13,45.346362352371216
1.962398576971225e-10,1.317088392559576e-13,45.35283970832825
1.958385259515083e-10,1.350724816284038e-13,45.35954999923706
1.9544039997487772e-10,1.2979932883724898e-13,45.36697173118591
1.9504318993224246e-10,1.342586117151004e-13,45.37342357635498
1.946440647548897e-10,1.308062816049449e-13,45.380242586135864
1.9425035191478202e-10,1.3137459327870749e-13,45.38690161705017
1.938521565492124e-10,1.3296045579640203e-13,45.393171548843384
1.9345945678761467e-10,1.28377722948686e-13,45.40040445327759
1.9306463372448235e-10,1.3350530804565747e-13,45.406965017318726
1.9267092088437465e-10,1.2797885852195573e-13,45.41390585899353
1.9228038605767495e-10,1.3162913684375277e-13,45.42049956321716
1.9188632627287205e-10,1.297906552198691e-13,45.426913022994995
1.9149831720355337e-10,1.2826281107092968e-13,45.43411636352539
1.9110614479789234e-10,1.3185929941244429e-13,45.44050693511963
1.9071809409521023e-10,1.2616836286664934e-13,45.44693350791931
1.9032994624801347e-10,1.3149649826047632e-13,45.45350694656372
1.8994100736691166e-10,1.2667369594671768e-13,45.46027112007141
1.8955643998896932e-10,1.2897740872281488e-13,45.467493295669556
1.891680007082286e-10,1.2869230420903266e-13,45.47403383255005
1.887849598869451e-10,1.2595787856738844e-13,45.48092865943909
1.883992267748269e-10,1.3002003174198556e-13,45.4874587059021
1.8801575574212137e-10,1.2448526096661e-13,45.49417519569397
1.8763395004395278e-10,1.2894320214427296e-13,45.501699924468994
1.8725006267761302e-10,1.2541564195587412e-13,45.50819253921509
1.8687099090364256e-10,1.26261075704924e-13,45.5151207447052
1.864883525382055e-10,1.2749706618155748e-13,45.52171230316162
1.861100717981401e-10,1.2366610556771573e-13,45.528502225875854
1.857307363462013e-10,1.2811054842833125e-13,45.53531789779663
1.8535173396116988e-10,1.2325691411529255e-13,45.54170370101929
1.8497611775636358e-10,1.26156002961883e-13,45.548107862472534
1.8459732353814928e-10,1.245663050790033e-13,45.554648876190186
1.8422348369018238e-10,1.2342344756898632e-13,45.56128287315369
1.8384682665129048e-10,1.2627183641148593e-13,45.568408727645874
1.834730145588992e-10,1.2156054429116742e-13,45.57474637031555
1.831000767671398e-10,1.2576121784582672e-13,45.581369161605835
1.8272564017429715e-10,1.2219091298677764e-13,45.58790683746338
1.823557832514311e-10,1.2332105822632222e-13,45.5946831703186
1.8198224871479596e-10,1.2403744481179202e-13,45.60187387466431
1.816134465038033e-10,1.2066038543746133e-13,45.608659505844116
1.8124304834721272e-10,1.2456043683474471e-13,45.61610007286072
1.8087337183558816e-10,1.2017725139687463e-13,45.622676849365234
1.8050679007064474e-10,1.2292280366331398e-13,45.62932348251343
1.8013693314777868e-10,1.2165280989604593e-13,45.63658785820007
1.7977258570667232e-10,1.1999234071635723e-13,45.64297366142273
1.7940469942967496e-10,1.231107365573872e-13,45.65067219734192
1.7904014382175149e-10,1.184540746740348e-13,45.657254219055176
1.786759351585232e-10,1.22843087698582e-13,45.66426682472229
1.783107966835118e-10,1.1874568440085193e-13,45.67140793800354
1.779499186893574e-10,1.2038903673874252e-13,45.67819046974182
1.7758527981470706e-10,1.2053003723127426e-13,45.68524956703186
1.772255259213651e-10,1.179637848991097e-13,45.69186186790466
1.768638013821544e-10,1.213548440339926e-13,45.699538230895996
1.7650354788845135e-10,1.1679132866978387e-13,45.7062349319458
1.7614532055176824e-10,1.2040399872872282e-13,45.71311831474304
1.7578481725788464e-10,1.1783336893028684e-13,45.71989583969116
1.7542910180079474e-10,1.1782537293926476e-13,45.72668099403381
1.7506980587445042e-10,1.1991216396570192e-13,45.73439812660217
1.7471465940666064e-10,1.1557133017519455e-13,45.7412588596344
1.743588606828439e-10,1.1978680308950829e-13,45.748111724853516
1.7400290930336126e-10,1.1535378500928534e-13,45.75492739677429
1.7365024695958908e-10,1.1828975028226746e-13,45.761290550231934
1.7329458701365041e-10,1.1707221834762055e-13,45.768646240234375
1.7294393694911037e-10,1.1514057665206606e-13,45.77529978752136
1.7259035867134287e-10,1.1849684644973935e-13,45.78278422355652
1.7223937553989543e-10,1.1364102340356494e-13,45.78947401046753
1.7188943324253358e-10,1.1786149042413568e-13,45.796489000320435
1.7153778397727137e-10,1.1452365206339465e-13,45.80323886871338
1.7119071438198574e-10,1.1536045285264612e-13,45.81022500991821
1.708400781952335e-10,1.1636956047215985e-13,45.81803011894226
1.70493577589248e-10,1.1314065054843572e-13,45.8244845867157
1.7014602227138909e-10,1.1705319059949343e-13,45.83104729652405
1.6979914696513276e-10,1.1229380733656161e-13,45.838090896606445
1.6945489456077212e-10,1.154678159727765e-13,45.84447765350342
1.691078665988499e-10,1.1377185272446605e-13,45.85217547416687
1.687654738180555e-10,1.1304015855957347e-13,45.85912585258484
1.6842036099085078e-10,1.1531741002639845e-13,45.8667151927948
1.6807813474351008e-10,1.1117459898643198e-13,45.87324786186218
1.6773643585210607e-10,1.1486066275618462e-13,45.880661725997925
1.673935434709506e-10,1.1153803710717627e-13,45.88921046257019
1.6705459238153253e-10,1.1299114584511355e-13,45.89707899093628
1.6671242164534306e-10,1.133778265499305e-13,45.904024839401245
1.6637484445691797e-10,1.1019368739966645e-13,45.91080093383789
1.6603519947810952e-10,1.141966024780644e-13,45.91886305809021
1.6569681737799158e-10,1.0966761895304933e-13,45.92565441131592
1.6536091940189124e-10,1.126476231630251e-13,45.93342351913452
1.6502227362380495e-10,1.1090531027184089e-13,45.94026803970337
1.6468826302684647e-10,1.1043761255968496e-13,45.947476863861084
1.643514213611752e-10,1.1213264745988522e-13,45.95467233657837
1.640177438311241e-10,1.0846906055642092e-13,45.96153402328491
1.636838442564681e-10,1.1236928813655733e-13,45.96868371963501
1.633496116149047e-10,1.0843852671273829e-13,45.975579023361206
1.63018792909142e-10,1.1054673750834562e-13,45.98332953453064
1.6268483782333476e-10,1.1012779501263364e-13,45.99047565460205
1.6235550404086752e-10,1.0793982081844927e-13,45.99774622917175
1.6202368613438267e-10,1.1167251883414595e-13,46.0052216053009
1.6169403316279585e-10,1.0681563191458979e-13,46.012709617614746
1.6136585123671665e-10,1.1046358597797956e-13,46.02015781402588
1.6103553213131505e-10,1.0776834746860711e-13,46.027719259262085
1.6070966779579976e-10,1.0817694938609901e-13,46.0353524684906
1.6038061156908867e-10,1.0949446508983982e-13,46.042433738708496
1.6005537173402473e-10,1.0600619367766642e-13,46.0503613948822
1.5972929923169232e-10,1.0960110992603092e-13,46.057273149490356
1.5940335162945019e-10,1.0564977576598897e-13,46.06470847129822
1.5908040162937453e-10,1.0802329760946708e-13,46.072880268096924
1.5875457892722267e-10,1.0706332467715768e-13,46.0801727771759
1.5843315548380588e-10,1.0577585492612188e-13,46.0876681804657
1.581094422054008e-10,1.0811050812171638e-13,46.095139026641846
1.5778778283959127e-10,1.0450891725372752e-13,46.10267400741577
1.574672753301698e-10,1.0753339408156593e-13,46.10973119735718
1.5714528289745289e-10,1.0482510448854218e-13,46.117095708847046
1.568272317564734e-10,1.0556833863030815e-13,46.124171018600464
1.5650611362438838e-10,1.0631193869030733e-13,46.131463289260864
1.5618871473943585e-10,1.0365695796285199e-13,46.13864231109619
1.558703582871246e-10,1.0669380147172031e-13,46.14555525779724
1.5555259857968906e-10,1.0291171804706692e-13,46.15273141860962
1.5523718421839305e-10,1.0557936361114961e-13,46.160012006759644
1.5491924409971602e-10,1.0433543812986626e-13,46.168081521987915
1.5460598079553023e-10,1.0296751380136845e-13,46.17528796195984
1.5428959498908768e-10,1.0564457837182462e-13,46.18342113494873
1.5397624841817503e-10,1.0134038383848368e-13,46.19038367271423
1.5366305450292828e-10,1.0534146932571556e-13,46.197375535964966
1.5334904179820086e-10,1.0182395833620295e-13,46.204421281814575
1.530386789516669e-10,1.0333377084776121e-13,46.21121430397034
1.5272515196951275e-10,1.0342269575469576e-13,46.21869778633118
1.5241577444591314e-10,1.0124940572368499e-13,46.22569274902344
1.5210459280989852e-10,1.0441568941942092e-13,46.23389649391174
1.5179490997496714e-10,1.0028558387366326e-13,46.240846395492554
1.5148696186351174e-10,1.0318396798884161e-13,46.2478404045105
1.5117689045052174e-10,1.0107629251805694e-13,46.2549352645874
1.508710240072375e-10,1.009123408207864e-13,46.26219987869263
1.5056221547293802e-10,1.0254105642934844e-13,46.26945900917053
1.502567098521368e-10,9.895960461671349e-14,46.276569843292236
1.499507462643379e-10,1.0272201654819985e-13,46.28443193435669
1.4964453287635848e-10,9.919499168462367e-14,46.29177641868591
1.4934146974621143e-10,1.0113225767894793e-13,46.3001024723053
1.4903557554735158e-10,1.0059547595961393e-13,46.30742931365967
1.4873409448501462e-10,9.854258657985768e-14,46.314576387405396
1.4843004603193322e-10,1.016473892361501e-13,46.32187604904175
1.4812821802490106e-10,9.722742223957845e-14,46.32937693595886
1.478272920740764e-10,1.0102342410962112e-13,46.33664035797119
1.4752492283331975e-10,9.801319776408732e-14,46.34373450279236
1.4722632835084681e-10,9.910492836540802e-14,46.35136866569519
1.4692501382196355e-10,9.936464899582692e-14,46.35840916633606
1.4662718261782004e-10,9.688885978242912e-14,46.366122007369995
1.4632819955728849e-10,1.0002985446249182e-13,46.37332248687744
1.4602989650835951e-10,9.627049862587916e-14,46.38041710853577
1.4573385553884322e-10,9.884221262648762e-14,46.38770508766174
1.454354553453996e-10,9.745114058160725e-14,46.39471697807312
1.4514123236608611e-10,9.646418456773012e-14,46.402087926864624
1.4484434485151354e-10,9.884997144828447e-14,46.4088830947876
1.4455010799441226e-10,9.487395136002774e-14,46.41673421859741
1.4425619032643056e-10,9.857930715218705e-14,46.423540115356445
1.4396135672445354e-10,9.532200468407095e-14,46.43067979812622
1.436698537915504e-10,9.695105910581189e-14,46.438151121139526
1.4337579734569061e-10,9.66258729929656e-14,46.44515919685364
1.430852103467828e-10,9.490319771363054e-14,46.45239996910095
1.4279334659139664e-10,9.732310985756387e-14,46.45947551727295
1.425025375478839e-10,9.395192550375533e-14,46.46713376045227
1.4221340771669588e-10,9.660122772233229e-14,46.474077224731445
1.4192222397291232e-10,9.509849640621307e-14,46.48103046417236
1.4163528683219795e-10,9.419098530652481e-14,46.48807144165039
1.4134525494480243e-10,9.667849067964904e-14,46.495256423950195
1.4105859535984422e-10,9.23118867587544e-14,46.50251770019531
1.407713945411615e-10,9.645309182425288e-14,46.509541273117065
1.4048391616672262e-10,9.26217991734958e-14,46.51712441444397
1.4019958805011612e-10,9.459207234770867e-14,46.52428126335144
1.3991231784249436e-10,9.421240507569498e-14,46.531872510910034
1.3962916933785152e-10,9.225087328149778e-14,46.53874325752258
1.393438975316741e-10,9.523646113266185e-14,46.54556155204773
1.3906041596012386e-10,9.12492466569742e-14,46.552595138549805
1.387779474670836e-10,9.477964609981224e-14,46.55932903289795
1.3849425772871626e-10,9.17814001882844e-14,46.56707262992859
1.3821400968172526e-10,9.264222960818358e-14,46.573779821395874
1.3793088893265804e-10,9.369568109655196e-14,46.580726623535156
1.376514874307233e-10,9.034269101045045e-14,46.587544679641724
1.3737083692788588e-10,9.413001926311323e-14,46.594319343566895
1.3709069990319733e-10,9.005717992085355e-14,46.60190272331238
1.3681293598022393e-10,9.266413049206779e-14,46.60867118835449
1.3653257691093046e-10,9.177684653915996e-14,46.6173529624939
1.3625657546700864e-10,9.010338048592859e-14,46.62434959411621
1.3597777070994965e-10,9.318468306013239e-14,46.631247997283936
1.35701685999301e-10,8.866786292823989e-14,46.63897776603699
1.3542575394431822e-10,9.263054055351147e-14,46.64612579345703
1.3514894758870355e-10,8.92529187493038e-14,46.653438568115234
1.3487548577995057e-10,9.061977920441985e-14,46.66065335273743
1.345991929024848e-10,9.085748375447372e-14,46.668776988983154
1.343266331499393e-10,8.839847256969513e-14,46.67571520805359
1.340523941850691e-10,9.192322060870908e-14,46.683408975601196
1.3377951524340403e-10,8.751576937096606e-14,46.690253019332886
1.3350814898061003e-10,9.071097415965304e-14,46.697285890579224
1.3323485370531074e-10,8.867501866257829e-14,46.704360008239746
1.3296540257723422e-10,8.843600629365386e-14,46.711185693740845
1.326932869138986e-10,9.018808378065402e-14,46.718632221221924
1.3242401619706357e-10,8.679224060368501e-14,46.725563049316406
1.32154495680048e-10,9.02637001059213e-14,46.733336210250854
1.3188450331824697e-10,8.723779348646793e-14,46.74031949043274
1.3161768896985393e-10,8.835912280709748e-14,46.74735713005066
1.3134793253044563e-10,8.874011145050889e-14,46.75436472892761
1.310822145272894e-10,8.614234271644289e-14,46.76118230819702
1.3081445648932544e-10,8.938085460565709e-14,46.76870560646057
1.3054825276359594e-10,8.525192812976201e-14,46.77546453475952
1.3028329803876915e-10,8.856118421073089e-14,46.78282809257507
1.3001670573498103e-10,8.6211474157466e-14,46.78982973098755
1.2975374941159856e-10,8.647855381013064e-14,46.796942472457886
1.2948810079738138e-10,8.765815899753129e-14,46.80398869514465
1.2922557468542095e-10,8.462739379709247e-14,46.81085824966431
1.2896217427282863e-10,8.826325222999545e-14,46.818697929382324
1.286992595828096e-10,8.427088101772492e-14,46.825944662094116
1.2843849594990076e-10,8.675317544415764e-14,46.83377718925476
1.2817531758191336e-10,8.591491098197332e-14,46.84084510803223
1.2791621928354147e-10,8.432864866472767e-14,46.84785842895508
1.2765463686115197e-10,8.697232658453485e-14,46.855170011520386
1.27395038962419e-10,8.344612164885162e-14,46.86273813247681
1.2713639863104476e-10,8.616597832380307e-14,46.87009000778198
1.2687645378761658e-10,8.389054289561701e-14,46.877304792404175
1.266197008353842e-10,8.455824202727863e-14,46.885364294052124
1.2636047763692204e-10,8.510732944127034e-14,46.89245271682739
1.2610443245186786e-10,8.273809697263712e-14,46.900020122528076
1.2584727704378906e-10,8.568002535756791e-14,46.906997203826904
1.2559081552510065e-10,8.22575921223187e-14,46.91401529312134
1.253362275077663e-10,8.464266749519736e-14,46.92131590843201
1.2507965496677542e-10,8.328397243769284e-14,46.9281005859375
1.2482664901725116e-10,8.26903175381484e-14,46.935370206832886
1.2457131159937518e-10,8.444822938808924e-14,46.94238519668579
1.243182778942753e-10,8.159296263805793e-14,46.95001530647278
1.24065563378295e-10,8.410589932839052e-14,46.95690417289734
1.2381211333956088e-10,8.163861432578315e-14,46.96395301818848
1.2356150824732737e-10,8.270835595179313e-14,46.97105026245117
1.233085161755909e-10,8.281805010659435e-14,46.97785019874573
1.230588270173527e-10,8.091809421953075e-14,46.98535466194153
1.2280748640236538e-10,8.389396490872392e-14,46.992074489593506
1.2255771397740034e-10,7.991514622360946e-14,46.9995002746582
1.2230895463094527e-10,8.301164118075521e-14,47.006394147872925
1.2205868260561914e-10,8.082901345853391e-14,47.01323080062866
1.2181185227166935e-10,8.098594494673761e-14,47.02027130126953
1.2156251005812635e-10,8.215094050986402e-14,47.02704381942749
1.2131599891329614e-10,7.933469148551503e-14,47.035176277160645
1.21068904901378e-10,8.237456398420273e-14,47.0422203540802
1.2082192191176233e-10,7.923028959256825e-14,47.050353050231934
1.2057721487934714e-10,8.113367426900234e-14,47.05746006965637
1.203303012786705e-10,8.039671494730963e-14,47.06440997123718
1.200868293693702e-10,7.915309439788729e-14,47.07142615318298
1.1984142844756462e-10,8.140284101084902e-14,47.07822799682617
1.1959780388259844e-10,7.813149134833566e-14,47.08538603782654
1.1935485932923484e-10,8.098366134591181e-14,47.09208822250366
1.1911081843063442e-10,7.867882371006066e-14,47.099547147750854
1.1886990003429077e-10,7.927344083903318e-14,47.10637712478638
1.186264836361417e-10,7.995753852855364e-14,47.11351466178894
1.1838612035131035e-10,7.755475677894558e-14,47.12048840522766
1.1814475786575684e-10,8.040379614274867e-14,47.12727904319763
1.1790397824729126e-10,7.714607354629074e-14,47.135377645492554
1.176650166190285e-10,7.937620287619407e-14,47.14210486412048
1.1742413985604827e-10,7.813853188619324e-14,47.14977431297302
1.171865937621419e-10,7.745528800588361e-14,47.156946659088135
1.1694696600006438e-10,7.920216132245583e-14,47.164084911346436
1.1670946153952144e-10,7.617336123845464e-14,47.171409130096436
1.1647213749022e-10,7.906935333258994e-14,47.17851495742798
1.1623421669604284e-10,7.64139050429477e-14,47.18589758872986
1.1599900207048819e-10,7.747746671657452e-14,47.19287848472595
1.1576146291547573e-10,7.759786059156545e-14,47.20094680786133
1.15526976873781e-10,7.58943079280476e-14,47.20785593986511
1.1529130428122869e-10,7.812438982410588e-14,47.21511745452881
1.150565476226717e-10,7.52298749554306e-14,47.2222535610199
1.1482314404842597e-10,7.744177613630901e-14,47.229220151901245
1.14588241673097e-10,7.588442135948725e-14,47.23631715774536
1.1435639934997965e-10,7.59009418900905e-14,47.24306511878967
1.1412250311426675e-10,7.689554830554723e-14,47.2504198551178
1.1389097304137508e-10,7.440961502557311e-14,47.257237672805786
1.136590752071065e-10,7.71076182504854e-14,47.26405477523804
1.1342717737283792e-10,7.42349500555857e-14,47.27112627029419
1.1319746529014907e-10,7.594008158851723e-14,47.27790951728821
1.1296572705044028e-10,7.532571842747832e-14,47.285284996032715
1.1273711825188215e-10,7.413539996736079e-14,47.29199004173279
1.125068649354688e-10,7.608800064616214e-14,47.29945683479309
1.1227804797009355e-10,7.327352022660702e-14,47.306530475616455
1.1205004979419897e-10,7.575329388298871e-14,47.313472509384155
1.1182096915085538e-10,7.377487563995505e-14,47.320502042770386
1.1159474733180019e-10,7.423873121066224e-14,47.32725405693054
1.1136633282227137e-10,7.494135520480505e-14,47.33623790740967
1.1114063142025898e-10,7.26584794392103e-14,47.343069314956665
1.1091410428987203e-10,7.535294545453486e-14,47.35128831863403
1.1068809757652787e-10,7.219299078898081e-14,47.35820651054382
1.1046371456435722e-10,7.445457553441337e-14,47.36517572402954
1.1023768009543744e-10,7.305125200498391e-14,47.37238335609436
1.1001456690085121e-10,7.27672249171106e-14,47.37939715385437
1.0978969122721338e-10,7.417185626541062e-14,47.38654184341431
1.0956677926055036e-10,7.140136057274052e-14,47.39330554008484
1.0934392974393248e-10,7.420043176891919e-14,47.40093207359314
1.0912059450474132e-10,7.166444222989413e-14,47.4077627658844
1.0889979890071899e-10,7.272408044690926e-14,47.41470146179199
1.0867680366732912e-10,7.289068843950239e-14,47.42186450958252
1.0845679909721184e-10,7.088904116492323e-14,47.428619146347046
1.082354345038894e-10,7.358423901671421e-14,47.43576145172119
1.0801508298907692e-10,7.038927817351603e-14,47.442522287368774
1.0779609843636351e-10,7.266444932742255e-14,47.45002222061157
1.0757541385464364e-10,7.13404690682283e-14,47.456878900527954
1.0735787953075615e-10,7.09541407291174e-14,47.46379828453064
1.0713832598874262e-10,7.222337555486472e-14,47.470680713653564
1.0692081942043075e-10,6.981681265018011e-14,47.4774489402771
1.0670331285211887e-10,7.227217142889014e-14,47.48518371582031
1.0648554260583865e-10,6.970938854367753e-14,47.49209117889404
1.062698679055174e-10,7.117731697005997e-14,47.49949383735657
1.0605234052052381e-10,7.075108321473803e-14,47.50686168670654
1.0583767889871254e-10,6.949303600015805e-14,47.51411700248718
1.0562156010918144e-10,7.157517850978068e-14,47.52144765853882
1.0540680134285552e-10,6.852108263384268e-14,47.528446197509766
1.0519273646591998e-10,7.117867899903915e-14,47.535956621170044
1.0497765851047447e-10,6.917917980001423e-14,47.54336762428284
1.0476541162374176e-10,6.941898499177729e-14,47.5513117313385
1.0455090959649027e-10,7.047484205371587e-14,47.5583438873291
1.0433897495998323e-10,6.806264129773434e-14,47.56611180305481
1.0412643663970655e-10,7.06704185731051e-14,47.57298827171326
1.0391408566956528e-10,6.786575695947455e-14,47.58038568496704
1.0370362207856587e-10,6.95899162405332e-14,47.58772897720337
1.0349129886400021e-10,6.8861684746329e-14,47.5947630405426
1.0328191080155591e-10,6.792544228906988e-14,47.60192012786865
1.030709267935137e-10,6.955178620537961e-14,47.609193563461304
1.0286142076987304e-10,6.704887838514251e-14,47.61704635620117
1.0265244904106297e-10,6.939740259228125e-14,47.62429404258728
1.0244272791171127e-10,6.721905746864126e-14,47.63141059875488
1.0223540070075643e-10,6.808818103515996e-14,47.63879609107971
1.0202620692734143e-10,6.818728388998871e-14,47.64645051956177
1.0181944870568671e-10,6.670202178137366e-14,47.65386772155762
1.0161185781676352e-10,6.87689515792636e-14,47.66082406044006
1.0140485673382216e-10,6.617928725643693e-14,47.669121503829956
1.0119936832975185e-10,6.786303967777976e-14,47.676475524902344
1.0099216601888727e-10,6.708560573373545e-14,47.684407234191895
1.0078793355461357e-10,6.63215142526763e-14,47.69129991531372
1.0058183452787972e-10,6.792546261786062e-14,47.69849920272827
1.0037771308590848e-10,6.509601343206162e-14,47.70558142662048
1.0017348062163478e-10,6.794540516157077e-14,47.71317720413208
9.996894284602931e-11,6.535369440714353e-14,47.72053527832031
9.97666602109426e-11,6.655854117637236e-14,47.72749090194702
9.956235835772986e-11,6.643853354840537e-14,47.73537588119507
9.936091532880553e-11,6.479336517187587e-14,47.74287533760071
9.91580498266309e-11,6.706257321383371e-14,47.750922203063965
9.895628066969309e-11,6.414239663498841e-14,47.75779438018799
9.875546214122011e-11,6.655370970044122e-14,47.765151262283325
9.855354032861641e-11,6.474143188781381e-14,47.7724552154541
9.835415121228763e-11,6.510573059403252e-14,47.77996635437012
9.815290941128652e-11,6.586974075992874e-14,47.78722858428955
9.79539852008493e-11,6.358176246785974e-14,47.79430913925171
9.775440179549122e-11,6.625455121599816e-14,47.802109479904175
9.755504737363196e-11,6.347874970894646e-14,47.80884528160095
9.735758033091457e-11,6.49395495060448e-14,47.81671380996704
9.71582050923736e-11,6.445581915426324e-14,47.82393455505371
9.696163316696982e-11,6.336677872958302e-14,47.83111333847046
9.676352774601327e-11,6.536763318132355e-14,47.838279008865356
9.656690724835215e-11,6.24462978614064e-14,47.84504818916321
9.637073777879479e-11,6.507225585195703e-14,47.85276222229004
9.617374951975677e-11,6.300348968663744e-14,47.85992789268494
9.597923150694854e-11,6.357256707818434e-14,47.86761498451233
9.57827567260594e-11,6.410933524499118e-14,47.87453365325928
9.558878688586958e-11,6.200845636657529e-14,47.88277792930603
9.539393580615396e-11,6.446039990844199e-14,47.8902370929718
9.519951493786039e-11,6.177489888983118e-14,47.89743137359619
9.500664838180128e-11,6.354198580065668e-14,47.90483498573303
9.481219975793209e-11,6.261487097043716e-14,47.911656856536865
9.462032546370125e-11,6.215424090119312e-14,47.91884660720825
9.442695930728107e-11,6.348200231546391e-14,47.92575478553772
9.42352168520344e-11,6.117429154385567e-14,47.933361768722534
9.404363399134752e-11,6.340217793051467e-14,47.94048285484314
9.385155846919346e-11,6.135135531114971e-14,47.94738435745239
9.366173114866427e-11,6.201908832412922e-14,47.95441675186157
9.346992624337247e-11,6.242401750676183e-14,47.96135377883911
9.328073036218854e-11,6.052910993606386e-14,47.96877932548523
9.309036874682874e-11,6.297897994127569e-14,47.975544691085815
9.290085367652523e-11,6.015434867888067e-14,47.982872009277344
9.271248352371586e-11,6.220502222044691e-14,47.99001359939575
9.252278804217084e-11,6.089983931641813e-14,47.996949911117554
9.233568076805199e-11,6.070603140182276e-14,48.00404691696167
9.214688040382057e-11,6.163130986461263e-14,48.01078486442566
9.195983557974685e-11,5.97177269114936e-14,48.01865196228027
9.177272830562799e-11,6.172328409015729e-14,48.02582812309265
9.158548919252496e-11,5.96029979928539e-14,48.03382468223572
9.140006113073085e-11,6.078077358908848e-14,48.04078435897827
9.121307181780836e-11,6.026739030788944e-14,48.04774332046509
9.102843478991929e-11,5.935805639329869e-14,48.055153369903564
9.084256957780923e-11,6.096210640243668e-14,48.06364035606384
9.065780764982989e-11,5.875545004956767e-14,48.071141958236694
9.047376736681656e-11,6.067496223331748e-14,48.07816672325134
9.028890135542866e-11,5.900408471277291e-14,48.08584475517273
9.01062349734083e-11,5.93825187048154e-14,48.09289264678955
8.99218824401693e-11,5.99667139404049e-14,48.10051417350769
8.973955606395023e-11,5.828096252130655e-14,48.107617139816284
8.955686192635426e-11,6.01407961517246e-14,48.114840269088745
8.937427187216684e-11,5.80411844345978e-14,48.12224864959717
8.919320837463829e-11,5.937960491147684e-14,48.12939953804016
8.901063913713259e-11,5.890991497782896e-14,48.13720226287842
8.883065810705304e-11,5.790685856169042e-14,48.144206047058105
8.864905337579998e-11,5.970119960462678e-14,48.15217161178589
8.846896826231188e-11,5.714227918965364e-14,48.15894436836243
8.828932723803362e-11,5.923103533252844e-14,48.16675305366516
8.810888824095642e-11,5.750825163297613e-14,48.17375922203064
8.793058642320162e-11,5.819650317206992e-14,48.180914640426636
8.775072335431844e-11,5.82534576674433e-14,48.1880042552948
8.75728933813491e-11,5.704491105830087e-14,48.19500923156738
8.739443196903451e-11,5.860051078285591e-14,48.20232582092285
8.7216470157081e-11,5.655875480415837e-14,48.209269523620605
8.703962550704603e-11,5.807296511077878e-14,48.217111110687256
8.686160124504738e-11,5.71249251786303e-14,48.22408843040466
8.66858251846736e-11,5.695076165214766e-14,48.231213331222534
8.650862665104952e-11,5.794112612660454e-14,48.23846983909607
8.633309345196238e-11,5.591773721033526e-14,48.24527716636658
8.615744229167888e-11,5.804412533299066e-14,48.25258922576904
8.598170092577462e-11,5.5814294158684774e-14,48.25934028625488
8.580756244436216e-11,5.716197101161141e-14,48.267139196395874
8.56319806730177e-11,5.6696871996537654e-14,48.27404284477234
8.545875812560055e-11,5.5580621485459836e-14,48.281081676483154
8.528416167719044e-11,5.752193290914018e-14,48.28807854652405
8.511077953521351e-11,5.497138456781771e-14,48.29490089416504
8.493804271036964e-11,5.703325588494665e-14,48.30220603942871
8.47644524015756e-11,5.532111430734364e-14,48.30893397331238
8.459300621099786e-11,5.570761882930757e-14,48.31666302680969
8.441984611362585e-11,5.64527469367436e-14,48.32357406616211
8.424878850110673e-11,5.4531496641386026e-14,48.330668449401855
8.407716883818139e-11,5.6667767944469996e-14,48.33786392211914
8.390587530326954e-11,5.421435395340686e-14,48.34458374977112
8.373588628041162e-11,5.5806948688966185e-14,48.35207772254944
8.356450253987902e-11,5.503166282047611e-14,48.358745098114014
8.339542945101641e-11,5.454936903657309e-14,48.36600399017334
8.32251004223572e-11,5.566454550987379e-14,48.372979164123535
8.305604815017631e-11,5.365022323427192e-14,48.37988758087158
8.288727343375157e-11,5.5551182008345065e-14,48.38694763183594
8.271797830028405e-11,5.3893968823305605e-14,48.39371681213379
8.255056360706448e-11,5.462495486865428e-14,48.401392221450806
8.238174031838241e-11,5.465155170319806e-14,48.408159017562866
8.221485991999344e-11,5.337276234580572e-14,48.415194511413574
8.204725093774456e-11,5.511151092234788e-14,48.42238521575928
8.188011380028115e-11,5.3104984737992536e-14,48.429431676864624
8.171422566372044e-11,5.4413630312709696e-14,48.4365496635437
8.15470399539997e-11,5.3709630737060546e-14,48.4432692527771
8.138203999585869e-11,5.333049878986952e-14,48.450865507125854
8.121577022013327e-11,5.430560650688046e-14,48.457804918289185
8.10508396509313e-11,5.253884146857492e-14,48.46475005149841
8.088611724854644e-11,5.415647449805508e-14,48.47191667556763
8.072100626810297e-11,5.25462513127975e-14,48.47889184951782
8.055763695002938e-11,5.3318281186638325e-14,48.48610806465149
8.039278964755425e-11,5.3326826055010226e-14,48.4928514957428
8.022997544099297e-11,5.2294330161756913e-14,48.500406980514526
8.006638407831446e-11,5.367597981213203e-14,48.50748801231384
7.990344497166291e-11,5.177333713655974e-14,48.51461887359619
7.974136628785544e-11,5.3275356945003266e-14,48.52171039581299
7.957833697558314e-11,5.21891998204755e-14,48.52845644950867
7.941729218696736e-11,5.229731510586304e-14,48.535685539245605
7.925499839744887e-11,5.2809986879386386e-14,48.542420864105225
7.909424504237705e-11,5.123722965545176e-14,48.550004720687866
7.89332488260186e-11,5.3024933348213427e-14,48.55685353279114
7.877223873187233e-11,5.125590164974103e-14,48.56377553939819
7.861281764443007e-11,5.2161179970580326e-14,48.57085824012756
7.845193245037407e-11,5.191523209588378e-14,48.57762837409973
7.829310116891364e-11,5.114517072661237e-14,48.58543944358826
7.813334007567008e-11,5.2335384154644435e-14,48.5921733379364
7.797451573310354e-11,5.0421408178237884e-14,48.599950551986694
7.781611466306515e-11,5.22690987443241e-14,48.60695242881775
7.765713766483273e-11,5.075419725881873e-14,48.614023208618164
7.75000827402117e-11,5.115473203452098e-14,48.62108540534973
7.734152901450742e-11,5.14440615486441e-14,48.62793159484863
7.718477246232425e-11,5.012138910832041e-14,48.63586688041687
7.702758569871904e-11,5.161681222417072e-14,48.642675161361694
7.687057240746142e-11,4.995657343744367e-14,48.65072011947632
7.671491913940898e-11,5.0909349977833196e-14,48.65768909454346
7.655787809257575e-11,5.063733042902016e-14,48.66472029685974
7.6403113002943e-11,4.969924482806781e-14,48.67191743850708
7.624695319563557e-11,5.1144496488386357e-14,48.678892612457275
7.609207014480646e-11,4.914470929815937e-14,48.6861515045166
7.593753403867254e-11,5.080474140884729e-14,48.692933320999146
7.578235955429946e-11,4.947382564388092e-14,48.700496673583984
7.562914183800729e-11,4.977936059235091e-14,48.707470417022705
7.547434205390502e-11,5.011343038674801e-14,48.7146155834198
7.532152679345927e-11,4.872410322973898e-14,48.72176671028137
7.516794131579019e-11,5.0406300498590656e-14,48.728578090667725
7.501494564410294e-11,4.839840212086076e-14,48.73589277267456
7.486276876189635e-11,5.008612543266032e-14,48.74263334274292
7.47097730902091e-11,4.875182492403672e-14,48.75041651725769
7.455867173655761e-11,4.891303562268995e-14,48.75749659538269
7.440618954301925e-11,4.9589364326018195e-14,48.764652967453
7.42553171728666e-11,4.792288798866756e-14,48.77173328399658
7.41042019414273e-11,4.9740329314141435e-14,48.77986121177673
7.395298956547336e-11,4.804668354797467e-14,48.786959648132324
7.380338701290512e-11,4.882147474922355e-14,48.7937798500061
7.365232035372316e-11,4.869110960237753e-14,48.80174660682678
7.350330066824284e-11,4.7721683782376775e-14,48.80862379074097
7.335319851531352e-11,4.932568635766972e-14,48.81649422645569
7.32041580131515e-11,4.706169942679875e-14,48.82339954376221
7.305555466130542e-11,4.8939490155698595e-14,48.830421447753906
7.29061533366604e-11,4.767488690610687e-14,48.8384690284729
7.275884755797435e-11,4.76985699473121e-14,48.84531903266907
7.26099319559026e-11,4.8393824754813797e-14,48.85328006744385
7.246275107730682e-11,4.6871238986410935e-14,48.8602397441864
7.231525794848537e-11,4.841701651690962e-14,48.86850595474243
7.216784808639076e-11,4.6667940914674536e-14,48.875688791275024
7.202167334741105e-11,4.779210271347971e-14,48.883522033691406
7.187430511867987e-11,4.7256832100923615e-14,48.89077806472778
7.172894223028692e-11,4.66585727302779e-14,48.89775371551514
7.15823997299303e-11,4.784128483452908e-14,48.90550231933594
7.143702990264345e-11,4.5954942460993756e-14,48.91229033470154
7.129189599774932e-11,4.76844414377519e-14,48.92042016983032
7.114624861470631e-11,4.6318959952273975e-14,48.9272780418396
7.100241922186612e-11,4.665207768163836e-14,48.93518018722534
7.085709102794269e-11,4.7000065921424736e-14,48.94195032119751
7.07136155186916e-11,4.565758646266245e-14,48.94950461387634
7.056939060889889e-11,4.7450917842325677e-14,48.95664596557617
7.042576244398191e-11,4.537744556195114e-14,48.96365666389465
7.028305021306025e-11,4.6745986530434547e-14,48.97108030319214
7.013927633137129e-11,4.586246001568074e-14,48.97788429260254
6.999746615665714e-11,4.567192503639357e-14,48.9858078956604
6.985427514205611e-11,4.66966722722454e-14,48.99265718460083
6.971269395084079e-11,4.470899426503236e-14,49.00065040588379
6.957083520386931e-11,4.6680626080092616e-14,49.00781774520874
6.942887931238317e-11,4.4789028714152523e-14,49.01516056060791
6.928839446640467e-11,4.5762916703719417e-14,49.02260613441467
6.914652184164538e-11,4.567195891771146e-14,49.02943158149719
6.900673088505727e-11,4.4545391545336085e-14,49.0370934009552
6.886583664433843e-11,4.6090250892119947e-14,49.043856382369995
6.872581670425149e-11,4.4082857346026613e-14,49.05175185203552
6.858639350904028e-11,4.569843716764263e-14,49.05866527557373
6.844617234103012e-11,4.451334659487556e-14,49.06617045402527
6.83077830410106e-11,4.467749141565808e-14,49.07354998588562
6.816797820663467e-11,4.538272427127843e-14,49.08045268058777
6.802988727905301e-11,4.375271778450478e-14,49.08813834190369
6.789139389562493e-11,4.538824014983095e-14,49.09493565559387
6.77529976567115e-11,4.362923054519047e-14,49.102757692337036
6.761580184644345e-11,4.471377830711845e-14,49.10956597328186
6.747747499646906e-11,4.4225751804228414e-14,49.117366313934326
6.73409938922731e-11,4.368888876973148e-14,49.12457609176636
6.720343032062814e-11,4.4801642728803034e-14,49.131831645965576
6.70669561553261e-11,4.301703578849653e-14,49.13971543312073
6.693071097352288e-11,4.4667127120515474e-14,49.146568059921265
6.679402864140371e-11,4.323846036530417e-14,49.154376745224
6.665884511036779e-11,4.3924475737417215e-14,49.16126608848572
6.652256523409505e-11,4.3808188278154567e-14,49.16920518875122
6.63878535478446e-11,4.288505111465536e-14,49.176105260849
6.625248960556718e-11,4.4270319289781146e-14,49.184056997299194
6.611764608033255e-11,4.2483001844043425e-14,49.19119882583618
6.598361440568468e-11,4.379945028627069e-14,49.19848394393921
6.58486945526171e-11,4.298179244162717e-14,49.206223249435425
6.571553023970722e-11,4.278498264226674e-14,49.21317791938782
6.558120019262148e-11,4.363415350067991e-14,49.22087574005127
6.544816771869577e-11,4.199319996009594e-14,49.22772741317749
6.531499646689198e-11,4.3798610029587015e-14,49.23524308204651
6.51818321539821e-11,4.1952654186976773e-14,49.242021799087524
6.504989602529321e-11,4.295603247563527e-14,49.24951124191284
6.491678028464065e-11,4.268307441431668e-14,49.25634002685547
6.47854547786153e-11,4.186862174234557e-14,49.26317763328552
6.465324109417026e-11,4.316295584838592e-14,49.27020859718323
6.452170742132779e-11,4.155948520978385e-14,49.276979207992554
6.439090233234523e-11,4.2701465193667465e-14,49.28470492362976
6.425925763720031e-11,4.18621944563418e-14,49.29150056838989
6.412931990995574e-11,4.1817440623540675e-14,49.29850196838379
6.39981817540658e-11,4.247513121389754e-14,49.30545258522034
6.386846607142616e-11,4.1020975543237456e-14,49.312260389328
6.373844507745474e-11,4.258577743373147e-14,49.31923198699951
6.360851428910408e-11,4.0940033074797835e-14,49.325931787490845
6.347972841824756e-11,4.192974025168765e-14,49.33341979980469
6.334984620215423e-11,4.153303745303878e-14,49.34011125564575
6.322171952621858e-11,4.094001613413889e-14,49.34699535369873
6.309261446624248e-11,4.204481137163804e-14,49.35395169258118
6.296446003473122e-11,4.036023563427048e-14,49.36069655418396
6.283659703676392e-11,4.18638309239959e-14,49.36803841590881
6.270824137732944e-11,4.0604879078228254e-14,49.374770402908325
6.258142615234163e-11,4.0960724395633363e-14,49.38183522224426
6.245338968202674e-11,4.127690485418445e-14,49.388712644577026
6.232692140173413e-11,4.006482103545428e-14,49.395587682724
6.219991188771701e-11,4.1529954253110776e-14,49.402589082717896
6.207324931839509e-11,3.984501598564179e-14,49.409300327301025
6.194746798859896e-11,4.100301166849209e-14,49.41671967506409
6.182077072480752e-11,4.03344993852011e-14,49.42347168922424
6.169576655112863e-11,4.0036015138984055e-14,49.43033981323242
6.156969378778854e-11,4.090461354507545e-14,49.43739151954651
6.144474512526088e-11,3.9383172965217275e-14,49.444063663482666
6.131985891277836e-11,4.083466895242298e-14,49.45217728614807
6.119470208343358e-11,3.9503624438448626e-14,49.459086894989014
6.107091221618788e-11,4.007465000577422e-14,49.46670913696289
6.094594967587241e-11,4.011532113976958e-14,49.47364592552185
6.082259002004875e-11,3.9160914907989536e-14,49.480480909347534
6.069863361934935e-11,4.028296590069015e-14,49.487579107284546
6.057504498002686e-11,3.894187557596136e-14,49.494391441345215
6.045224737460941e-11,3.9999402986871935e-14,49.50251746177673
6.032866567418083e-11,3.928762764876699e-14,49.509583711624146
6.020667298045623e-11,3.9143062841593204e-14,49.51761507987976
6.008359781928263e-11,3.98427289966842e-14,49.524495363235474
5.996177165901173e-11,3.842428762321215e-14,49.531306982040405
5.983976508749933e-11,3.989455047239722e-14,49.53834533691406
5.971775157709303e-11,3.839847683524342e-14,49.54517459869385
5.959686216749915e-11,3.927898113644142e-14,49.55222988128662
5.947491110713798e-11,3.905740748183506e-14,49.5590546131134
5.935467395357108e-11,3.8280688433598234e-14,49.56668162345886
5.923350698822105e-11,3.9409271744388075e-14,49.5734703540802
5.911313799566997e-11,3.781433580976254e-14,49.580382347106934
5.899316452007142e-11,3.918266332594324e-14,49.58750867843628
5.887263593296055e-11,3.812226277927558e-14,49.594369411468506
5.87535645135695e-11,3.842052340879455e-14,49.601903438568115
5.863337593225992e-11,3.884800738474664e-14,49.60870671272278
5.851464451867017e-11,3.754171994975464e-14,49.61617827415466
5.839539962693152e-11,3.9120931564747344e-14,49.62297487258911
5.827650167988807e-11,3.7337293630132495e-14,49.62986993789673
5.815846762513566e-11,3.8508347172897667e-14,49.63697957992554
5.803948294191841e-11,3.790065863148312e-14,49.64375615119934
5.792214971545029e-11,3.754256698270189e-14,49.65155744552612
5.78038034104722e-11,3.84529613825426e-14,49.65845084190369
5.7686459775663224e-11,3.695889690753969e-14,49.66622257232666
5.756926185762623e-11,3.831187618671614e-14,49.67299842834473
5.74517343421288e-11,3.7108347400753236e-14,49.67985153198242
5.733556684983654e-11,3.75292380722439e-14,49.68679165840149
5.721821974558061e-11,3.775952261367982e-14,49.69358944892883
5.710242695355916e-11,3.668198489642331e-14,49.70098114013672
5.6986006191639405e-11,3.804117123303724e-14,49.7077476978302
5.687003298837645e-11,3.644672657752111e-14,49.71462798118591
5.67547744911856e-11,3.7626223344704515e-14,49.72148299217224
5.663871455174885e-11,3.6885953818253936e-14,49.72826886177063
5.652421239399352e-11,3.6730716395944746e-14,49.735459089279175
5.640870409662213e-11,3.7344496798315946e-14,49.74205780029297
5.6294292144487557e-11,3.60614519473966e-14,49.74950432777405
5.6179779578391376e-11,3.7466642337441805e-14,49.756574869155884
5.6065194153909204e-11,3.6106808867656173e-14,49.763253927230835
5.5951750177474224e-11,3.6826488717224895e-14,49.77025651931763
5.583728271418842e-11,3.668006721383073e-14,49.77711200714111
5.572431405198586e-11,3.595306561146594e-14,49.78454375267029
5.561060292813558e-11,3.7056607240203154e-14,49.790902614593506
5.5497564876993977e-11,3.5509189853918585e-14,49.79777908325195
5.53850090789787e-11,3.6711634437709e-14,49.80594730377197
5.527176633046693e-11,3.592110197616835e-14,49.8127977848053
5.5160084833083545e-11,3.5832143187915916e-14,49.82081389427185
5.504723413207735e-11,3.650907159057082e-14,49.82732319831848
5.493569141257204e-11,3.516128292929514e-14,49.83492994308472
5.482387460675753e-11,3.657685116701011e-14,49.842164039611816
5.4712127189882054e-11,3.512510106992023e-14,49.84950566291809
5.460136162649398e-11,3.6002068161530495e-14,49.85689091682434
5.448970441523926e-11,3.55406215525253e-14,49.863460063934326
5.437946967723484e-11,3.519169818836515e-14,49.87081289291382
5.4268436966431466e-11,3.6018310865327044e-14,49.87722039222717
5.415822998400266e-11,3.466097783680171e-14,49.88498902320862
5.4048255454519634e-11,3.5903991910633815e-14,49.892019510269165
5.3937920102553605e-11,3.47729013823201e-14,49.899523973464966
5.3828792118126856e-11,3.525255242342769e-14,49.90711760520935
5.371874473025784e-11,3.529007937112284e-14,49.914077281951904
5.360993593495067e-11,3.452037375568928e-14,49.92128801345825
5.350073162269098e-11,3.5532290136456104e-14,49.92809510231018
5.339178751895268e-11,3.431245766032445e-14,49.93541884422302
5.328363444911943e-11,3.5132978476329693e-14,49.94212794303894
5.3174652181464666e-11,3.473632649965766e-14,49.94953227043152
5.306714442876448e-11,3.4363364340454436e-14,49.956398487091064
5.295874849764459e-11,3.5108631361293816e-14,49.963196992874146
5.285127196996697e-11,3.377635356734826e-14,49.970210552215576
5.2743830136758874e-11,3.51305390214416e-14,49.97701334953308
5.2636214831203176e-11,3.38914721211437e-14,49.98478436470032
5.2529730565353816e-11,3.4479306210274605e-14,49.99154734611511
5.242227832380486e-11,3.4438109915851944e-14,49.99852418899536
5.231620692214278e-11,3.3644992309756275e-14,50.005428075790405
5.220949020334764e-11,3.4773372332638774e-14,50.01227927207947
5.210332165717091e-11,3.3292714695125e-14,50.01940035820007
5.1997649241908306e-11,3.446452379127912e-14,50.02621579170227
5.1891411306792534e-11,3.356851539901458e-14,50.033878564834595
5.1786474414283745e-11,3.371317507387846e-14,50.04064750671387
5.168060077109793e-11,3.4142559791764185e-14,50.04747986793518
5.157585816761845e-11,3.3033387087993624e-14,50.054494857788086
5.147094209179137e-11,3.418649708480416e-14,50.06131052970886
5.136598091315392e-11,3.3029111265675884e-14,50.06867432594299
5.1262064038049004e-11,3.361490231133801e-14,50.07543396949768
5.115715143166888e-11,3.355216427500078e-14,50.082908391952515
5.1053730687478094e-11,3.279415449050291e-14,50.089702129364014
5.094949115380665e-11,3.394000372088958e-14,50.096601486206055
5.084599408178292e-11,3.236538302447099e-14,50.1035852432251
5.0742805790537915e-11,3.365038960369618e-14,50.11041212081909
5.063909708225012e-11,3.27514301486434e-14,50.11798095703125
5.0536779622190053e-11,3.2820808923287106e-14,50.12474751472473
5.0433372755787076e-11,3.33372923450731e-14,50.13184142112732
5.0331235706968513e-11,3.216185117164115e-14,50.13907599449158
5.02287413051139e-11,3.345340700961451e-14,50.14608025550842
5.0126423845053836e-11,3.207297031041986e-14,50.153141260147095
5.002490435779272e-11,3.297793014687099e-14,50.15986251831055
4.9922600775520465e-11,3.247795709129288e-14,50.16836094856262
4.98217057887107e-11,3.211666365797103e-14,50.17588710784912
4.971988445956477e-11,3.299048656328109e-14,50.183937072753906
4.9619024167224524e-11,3.1527237146899284e-14,50.190775632858276
4.95181985693538e-11,3.28643701336985e-14,50.197901487350464
4.941709541572692e-11,3.176402351323833e-14,50.204941511154175
4.9317171874063703e-11,3.2205036299423964e-14,50.212830543518066
4.9216283826147844e-11,3.2277708338166594e-14,50.22050428390503
4.9116676004157256e-11,3.147157691786931e-14,50.2276177406311
4.9016547765123875e-11,3.254113219663089e-14,50.23572492599487
4.891682545138387e-11,3.1214072125640424e-14,50.2425172328949
4.881768947417875e-11,3.214200688375288e-14,50.25014138221741
4.871789777149971e-11,3.151795366579738e-14,50.25702428817749
4.861935853917032e-11,3.148502102480813e-14,50.264201641082764
4.852003174238284e-11,3.197093333346182e-14,50.27108979225159
4.842164516571934e-11,3.0933453498346863e-14,50.27789306640625
4.832315797509423e-11,3.2024838510225084e-14,50.28538274765015
4.8224667315022174e-11,3.08134695873024e-14,50.292362213134766
4.8127012791665535e-11,3.157544009786163e-14,50.30001711845398
4.802863662334289e-11,3.122839714684439e-14,50.30691981315613
4.793144006698391e-11,3.0870051388178985e-14,50.31363868713379
4.783364329630224e-11,3.1635650587884256e-14,50.32052803039551
4.773645020939021e-11,3.0462177919021727e-14,50.32726049423218
4.7639579781044716e-11,3.146960841329989e-14,50.33507800102234
4.754227914127718e-11,3.066942655242412e-14,50.34210515022278
4.7446182399601966e-11,3.074840051629432e-14,50.34951329231262
4.734915584614363e-11,3.1130605499017985e-14,50.3569176197052
4.7253246454603826e-11,3.0088965038066115e-14,50.3639817237854
4.71570352211792e-11,3.1255339570830654e-14,50.371657609939575
4.7060966235079604e-11,2.9999464148727437e-14,50.37839460372925
4.6965657057862487e-11,3.0854472758213083e-14,50.386162519454956
4.686965399125498e-11,3.037835215042965e-14,50.392930030822754
4.6774868700527605e-11,3.009956650243395e-14,50.40062856674194
4.66793201314708e-11,3.087438142060535e-14,50.4076828956604
4.658460769912942e-11,2.956952038909652e-14,50.41469717025757
4.648994730849232e-11,3.0836851084778405e-14,50.423381328582764
4.639506834269724e-11,2.974596412827317e-14,50.43029499053955
4.630128225269203e-11,3.0118340140676894e-14,50.43798041343689
4.620651777864637e-11,3.033502810924349e-14,50.44464302062988
4.611301618329122e-11,2.9433707126333766e-14,50.453052043914795
4.601903233480975e-11,3.053151942421575e-14,50.459784269332886
4.592538849212957e-11,2.9234346063736205e-14,50.46735596656799
4.5832358741559887e-11,3.0099095552115276e-14,50.47447228431702
4.573865244883457e-11,2.956121268994985e-14,50.481316566467285
4.564619168756501e-11,2.940919060470844e-14,50.48831081390381
4.555292254515564e-11,2.9995062965533503e-14,50.49511694908142
4.5460513825590354e-11,2.895095255650744e-14,50.502177476882935
4.536812939215373e-11,2.99529857568457e-14,50.50878858566284
4.52755506696878e-11,2.904800559160384e-14,50.51617240905762
4.518400931186051e-11,2.9382583605769286e-14,50.52312922477722
4.509153814225009e-11,2.955079418469862e-14,50.52997159957886
4.50003645457997e-11,2.8655907264056243e-14,50.536940813064575
4.4908576857238813e-11,2.9765737265393874e-14,50.543710708618164
4.481722284954692e-11,2.848926539014522e-14,50.551321029663086
4.4726406606132585e-11,2.939541784898608e-14,50.55815410614014
4.463495198447909e-11,2.883600340930145e-14,50.565184354782104
4.454477758875086e-11,2.8698272463946115e-14,50.572123765945435
4.4453697667368175e-11,2.923440027384483e-14,50.57896065711975
4.4363606538366795e-11,2.8153305018209854e-14,50.58598446846008
4.4273321120336107e-11,2.9333560726913996e-14,50.59274888038635
4.418312590792617e-11,2.808638772131087e-14,50.60043907165527
4.409365927937614e-11,2.891530941008698e-14,50.60730290412903
4.400349876143572e-11,2.8534764611939933e-14,50.614121198654175
4.391455254992849e-11,2.813969828094516e-14,50.62115931510925
4.382485693787963e-11,2.897887415058073e-14,50.62793564796448
4.373591419581935e-11,2.7655046357316984e-14,50.63607048988342
4.3647113701084095e-11,2.880953871189744e-14,50.642881870269775
4.355794891441889e-11,2.796198738047942e-14,50.65090084075928
4.346990475911916e-11,2.8199763081300858e-14,50.657824754714966
4.338104181433877e-11,2.8318820338301028e-14,50.664653301239014
4.3293191948068355e-11,2.756986025381162e-14,50.671862840652466
4.32050124843375e-11,2.851118660282016e-14,50.67892599105835
4.3117058534658526e-11,2.7407404416725928e-14,50.68581414222717
4.302968745206748e-11,2.8242333263163964e-14,50.69262218475342
4.294176472741107e-11,2.7691766929646353e-14,50.7004771232605
4.2854931409097574e-11,2.7572347142544758e-14,50.70727777481079
4.276737644581807e-11,2.8169149616521193e-14,50.71416664123535
4.2680629863678377e-11,2.711326036733061e-14,50.72098112106323
4.25939179760082e-11,2.8089965588480072e-14,50.72778511047363
4.250702220764957e-11,2.716252719167471e-14,50.73527908325195
4.242103543439235e-11,2.7578964163928708e-14,50.742055892944336
4.233426109667704e-11,2.7658439571303685e-14,50.7495219707489
4.224860739032721e-11,2.6958810685662367e-14,50.75632119178772
4.2162502655873624e-11,2.780562679248217e-14,50.76320719718933
4.207674139666828e-11,2.6713262610516923e-14,50.770094871520996
4.1991410348884983e-11,2.764447877426704e-14,50.77690577507019
4.19056664369144e-11,2.6891303853832094e-14,50.78469657897949
4.182092172566598e-11,2.702104558442893e-14,50.791483879089355
4.173542067498204e-11,2.7410092899300513e-14,50.79850912094116
4.165089106944464e-11,2.6392447187678462e-14,50.80548667907715
4.156613941930232e-11,2.748191790509589e-14,50.8125901222229
4.148141552473561e-11,2.636789170253756e-14,50.820226192474365
4.1397479194626996e-11,2.7017921726919455e-14,50.82698440551758
4.131282468899933e-11,2.6798968792251902e-14,50.8350784778595
4.1229280406396285e-11,2.636087318753661e-14,50.841917276382446
4.114511509278884e-11,2.7194282456867273e-14,50.849480867385864
4.106156734073885e-11,2.599132457111082e-14,50.85686779022217
4.0978217347165113e-11,2.706727664269007e-14,50.86369729042053
4.089456551170656e-11,2.616061088188317e-14,50.871110916137695
4.0811888590841505e-11,2.64273568035666e-14,50.87786245346069
4.0728399819389693e-11,2.6697865245601735e-14,50.88587236404419
4.0645948412576516e-11,2.584912467992577e-14,50.89264678955078
4.0563209041666326e-11,2.6768063948138382e-14,50.90062952041626
4.0480594570846407e-11,2.5735037812260088e-14,50.90778970718384
4.039863929494736e-11,2.6392835128768305e-14,50.91459918022156
4.031603176302134e-11,2.6106031466893893e-14,50.922234773635864
4.023452751522605e-11,2.576235123667725e-14,50.93111252784729
4.015237795029769e-11,2.643127178984881e-14,50.93860077857971
4.0070870233055444e-11,2.5387330787412198e-14,50.945624589920044
3.998950823258518e-11,2.6333317511696534e-14,50.95316123962402
3.990788949304047e-11,2.5519296826528523e-14,50.95992660522461
3.982719362638498e-11,2.5820205281040613e-14,50.967917919158936
3.9745755298081775e-11,2.5913521206773725e-14,50.97508382797241
3.966530229271292e-11,2.524151406554237e-14,50.98286414146423
3.958448846486107e-11,2.6114196864505425e-14,50.99034237861633
3.9503948723318416e-11,2.505098755658467e-14,50.99707865715027
3.9423873887667327e-11,2.591098349606375e-14,51.004666328430176
3.9343348023912483e-11,2.5278146546445224e-14,51.01147747039795
3.926376238028162e-11,2.537084752625863e-14,51.0192973613739
3.918360427790368e-11,2.5635342034368257e-14,51.02610802650452
3.910412965657528e-11,2.4876820641970242e-14,51.03393006324768
3.902460646298955e-11,2.5777750295658333e-14,51.041133880615234
3.894507979995687e-11,2.480522602913652e-14,51.04819083213806
3.8866233148526774e-11,2.5404019030539002e-14,51.05601787567139
3.8786782813327036e-11,2.519128501177019e-14,51.06279182434082
3.870835943442508e-11,2.4704134340947613e-14,51.07038640975952
3.862938788290471e-11,2.5471000701941977e-14,51.07719969749451
3.8550888176169806e-11,2.4410119040560278e-14,51.08468270301819
3.847270071966058e-11,2.5278624273027475e-14,51.091503858566284
3.8394107337857974e-11,2.463526039794047e-14,51.09850764274597
3.8316502748436676e-11,2.4701276451783577e-14,51.105360984802246
3.8238183452943275e-11,2.5021732732652402e-14,51.11230993270874
3.8160717641400055e-11,2.4200513961498624e-14,51.119213581085205
3.808306447972143e-11,2.5122106136902037e-14,51.12603712081909
3.800544254306537e-11,2.4219136827876957e-14,51.133803606033325
3.792853878192837e-11,2.47404788306484e-14,51.14063262939453
3.785100358144611e-11,2.4497849631039195e-14,51.14753770828247
3.777442594832259e-11,2.422350074162121e-14,51.154441356658936
3.7697383409307506e-11,2.4718830362582475e-14,51.16125679016113
3.7620823123418745e-11,2.3861656736883646e-14,51.168673276901245
3.7544457126559294e-11,2.465536218384471e-14,51.17552161216736
3.7467827451731495e-11,2.398024981982872e-14,51.183398485183716
3.739206166919473e-11,2.416322757116049e-14,51.19080996513367
3.731559158892672e-11,2.4417079957320814e-14,51.19781494140625
3.724008948435831e-11,2.358411283918862e-14,51.205544233322144
3.716422655730689e-11,2.4533887494813077e-14,51.21231293678284
3.7088582205413445e-11,2.3469971761414313e-14,51.21997332572937
3.701346867890365e-11,2.421816104592172e-14,51.22684931755066
3.693780004088154e-11,2.3798088608258106e-14,51.2346248626709
3.6863147950816355e-11,2.362273245938573e-14,51.24156451225281
3.6787850543618106e-11,2.4149661491477264e-14,51.248539447784424
3.671322967857549e-11,2.3195727904081788e-14,51.25635123252869
3.663860534408592e-11,2.4189710903289342e-14,51.26320266723633
3.656388039563474e-11,2.3301615492818048e-14,51.270899295806885
3.648992913385385e-11,2.3728205001977837e-14,51.27755546569824
3.641531173825818e-11,2.3687725297428554e-14,51.285715103149414
3.634168313504382e-11,2.3074846138113232e-14,51.29275703430176
3.626756880925619e-11,2.3887123629475794e-14,51.300721168518066
3.619383612263327e-11,2.2850240105555704e-14,51.30801224708557
3.6120460789046405e-11,2.3661374102439472e-14,51.3152072429657
3.604665871348445e-11,2.3097838000433503e-14,51.32289934158325
3.597381073583428e-11,2.3103463993269166e-14,51.329872369766235
3.5900286216028476e-11,2.3466402364574583e-14,51.337581634521484
3.582753885233991e-11,2.26494729682657e-14,51.344402551651
3.575467005800803e-11,2.3511503480884086e-14,51.35236644744873
3.5681773508100534e-11,2.2700953936733922e-14,51.359135150909424
3.560961248094685e-11,2.3077717579804424e-14,51.366798877716064
3.5536792258872296e-11,2.300157948224163e-14,51.374070167541504
3.546492613470953e-11,2.257370078893612e-14,51.38109636306763
3.539257428797349e-11,2.3244032498997806e-14,51.38880205154419
3.532065265265949e-11,2.2360184111724045e-14,51.39563584327698
3.524899816476079e-11,2.3124046893887445e-14,51.40305757522583
3.517706959055289e-11,2.2428226268376983e-14,51.40984344482422
3.5105935519696985e-11,2.26419462334964e-14,51.417924880981445
3.503418388728363e-11,2.2786871876705715e-14,51.42520880699158
3.4963240636010084e-11,2.2143777358095938e-14,51.432814836502075
3.4892047584555996e-11,2.293190932826407e-14,51.44021129608154
3.482099678042694e-11,2.2094845958798952e-14,51.44704794883728
3.4750521904491904e-11,2.2585586355251992e-14,51.454649686813354
3.4679471100362846e-11,2.2351163210835787e-14,51.46139073371887
3.460936745525167e-11,2.2077368280965307e-14,51.46907138824463
3.453870522918123e-11,2.2631495540993175e-14,51.476054430007935
3.4468629339645673e-11,2.1743123997781076e-14,51.483970642089844
3.4398622839049153e-11,2.256728366732772e-14,51.49113893508911
3.432844633555199e-11,2.182459332071389e-14,51.497965574264526
3.425902617149035e-11,2.2137973488341352e-14,51.50561213493347
3.4188981506977356e-11,2.2177870434222924e-14,51.51266360282898
3.411981461254321e-11,2.1627778439155775e-14,51.520686864852905
3.405027301783825e-11,2.2375093585661615e-14,51.52758741378784
3.398102979557116e-11,2.144580526889945e-14,51.535749673843384
3.3912168212468785e-11,2.2153120131504153e-14,51.542962074279785
3.384287641794437e-11,2.169441113298448e-14,51.55057072639465
3.377447280183965e-11,2.1650351867200102e-14,51.55786752700806
3.370546550196529e-11,2.201676984985284e-14,51.56521034240723
3.3637117397011806e-11,2.1291265801738797e-14,51.57294249534607
3.35687345975888e-11,2.2064967718617504e-14,51.57989764213562
3.350034138982494e-11,2.1219837207362736e-14,51.58769106864929
3.343255186583072e-11,2.169260356467504e-14,51.59451723098755
3.336420029143028e-11,2.1538702760356618e-14,51.60243487358093
3.329669873153307e-11,2.1229681424275726e-14,51.60947823524475
3.3228815532471145e-11,2.172185500047552e-14,51.61736536026001
3.3161310503126984e-11,2.0936215001238212e-14,51.624552488327026
3.30940309878347e-11,2.1620770088550192e-14,51.63145065307617
3.3026470447339307e-11,2.1063767998699343e-14,51.63908004760742
3.295970441019591e-11,2.1165017235016438e-14,51.64612030982971
3.289231040315421e-11,2.146808731760992e-14,51.65388202667236
3.282574559393403e-11,2.0668229023320002e-14,51.661659955978394
3.275891363729855e-11,2.1547508514876273e-14,51.67009997367859
3.269221351964724e-11,2.0605928055983554e-14,51.676955699920654
3.2626033819038724e-11,2.1229105441871593e-14,51.684948682785034
3.2559333701387416e-11,2.0913040179801334e-14,51.69192099571228
3.249352870104971e-11,2.06963030833238e-14,51.699562549591064
3.24271824669875e-11,2.1215195466811783e-14,51.706937074661255
3.236135664996809e-11,2.0440334808861232e-14,51.714057207107544
3.2295680019167605e-11,2.1100842630800663e-14,51.72174263000488
3.222978481320915e-11,2.050179382544811e-14,51.72856283187866
3.21646043133228e-11,2.0726215204823137e-14,51.736233711242676
3.209886870192413e-11,2.078920904511044e-14,51.7430956363678
3.203390677719575e-11,2.0274746643936595e-14,51.75066518783569
3.19686395411356e-11,2.0959444032783714e-14,51.75808143615723
3.190361863580904e-11,2.011451003317271e-14,51.765239238739014
3.183897243075329e-11,2.0746196712048866e-14,51.77275848388672
3.177392030040416e-11,2.033331897223923e-14,51.77960252761841
3.1709697367876544e-11,2.025707414852508e-14,51.7872314453125
3.164492626273052e-11,2.0635887611327938e-14,51.79426646232605
3.158077271914195e-11,1.9882507708919757e-14,51.80240845680237
3.151657754218995e-11,2.0642167513598882e-14,51.809171199798584
3.145236154855624e-11,1.9826676379234437e-14,51.81679081916809
3.138869372754094e-11,2.0336964602044212e-14,51.82391905784607
3.132453671450541e-11,2.0174161481450147e-14,51.83087706565857
3.126118808260969e-11,1.9835307644966958e-14,51.838449239730835
3.1197436994867545e-11,2.0402792614573027e-14,51.84526014328003
3.1134057137949256e-11,1.9595034891017014e-14,51.8529531955719
3.107091667287065e-11,2.0266018816448086e-14,51.859983682632446
3.100746048811942e-11,1.9774395811664007e-14,51.86791443824768
3.0944795337273234e-11,1.9815248210710082e-14,51.87468123435974
3.088156119712693e-11,2.009177058667072e-14,51.882004737854004
3.0819007068583204e-11,1.942572825145393e-14,51.889769554138184
3.0756303753820546e-11,2.015573682078147e-14,51.89661979675293
3.069365941965607e-11,1.938133864282012e-14,51.904003620147705
3.063153897198134e-11,1.985816059388388e-14,51.91082191467285
3.056893280173334e-11,1.9645973758398994e-14,51.91902780532837
3.050712807373124e-11,1.9391181165667216e-14,51.92597937583923
3.0444875787072334e-11,1.9901947115059243e-14,51.933953523635864
3.0383074528517184e-11,1.911802659270486e-14,51.94098401069641
3.0321398170052305e-11,1.9826408716823105e-14,51.94796061515808
3.0259524053111164e-11,1.9205936754168595e-14,51.95545697212219
3.0198361172795174e-11,1.9382263602798523e-14,51.962382078170776
3.0136632772626015e-11,1.9509850481577544e-14,51.970041036605835
3.007559826184725e-11,1.90289831011577e-14,51.97687029838562
3.001436946203917e-11,1.9655042093132298e-14,51.98491287231445
2.9953303726237834e-11,1.887406924543436e-14,51.99168515205383
2.9892636976835973e-11,1.9407998157802003e-14,51.99946618080139
2.983153654656512e-11,1.912924639112419e-14,52.00676226615906
2.977128266135054e-11,1.8894492903858556e-14,52.01369309425354
2.971047366462365e-11,1.9373002144553245e-14,52.02101755142212
2.965021977940907e-11,1.8590499555352566e-14,52.0278799533844
2.958999364977011e-11,1.9341018180464922e-14,52.03534722328186
2.952961833391221e-11,1.8703381942167252e-14,52.0420925617218
2.9469919560209945e-11,1.8972995917410085e-14,52.049538373947144
2.940967261388927e-11,1.899773605573349e-14,52.05640506744385
2.9350188945898026e-11,1.8533175753614184e-14,52.063188791275024
2.929036180265854e-11,1.9178462393491455e-14,52.07066869735718
2.923082262351606e-11,1.8361563490368674e-14,52.07753133773804
2.91715714084706e-11,1.899807486891239e-14,52.08557915687561
2.91119905959647e-11,1.85538399693954e-14,52.092405557632446
2.9053157449276945e-11,1.8566631860964834e-14,52.10015606880188
2.8993800416099447e-11,1.8842617218036914e-14,52.107511043548584
2.8935048801415064e-11,1.8205953373562692e-14,52.11446499824524
2.8876210450556883e-11,1.8885231445613278e-14,52.121713161468506
2.8817373834422177e-11,1.818701541092798e-14,52.12852883338928
2.875907324784155e-11,1.8576777621607046e-14,52.13600516319275
2.8700279999793743e-11,1.8466053474741964e-14,52.14276623725891
2.8642272581480555e-11,1.809918656462718e-14,52.150712966918945
2.8583829747574896e-11,1.868335469516237e-14,52.157450437545776
2.8525778961174808e-11,1.7898211057232154e-14,52.16448950767517
2.8467932872144885e-11,1.8524852807874463e-14,52.17145085334778
2.840979014540057e-11,1.807383486851586e-14,52.17824125289917
2.8352376002516166e-11,1.8136896471438943e-14,52.185253620147705
2.829443276897159e-11,1.8336821657979376e-14,52.191561460494995
2.8237148730347883e-11,1.7758752164664417e-14,52.19818043708801
2.8179675606865295e-11,1.8426881589063242e-14,52.2046959400177
2.8122308301514742e-11,1.7685251727699372e-14,52.21143937110901
2.8065372942309708e-11,1.8171472356345864e-14,52.218605041503906
2.800801604530001e-11,1.7928695773003836e-14,52.22534799575806
2.795142763079017e-11,1.7707259337734933e-14,52.2328827381134
2.7894344820089678e-11,1.8202099373652685e-14,52.24076509475708
2.7837758140303315e-11,1.7428897206212858e-14,52.24781394004822
2.7781247788349894e-11,1.8100487607234164e-14,52.254581451416016
2.7724567433495828e-11,1.7515894266159453e-14,52.26142454147339
2.7668506374922686e-11,1.777802555234624e-14,52.26862835884094
2.7611957859052794e-11,1.7800117865676528e-14,52.275375843048096
2.7556089354785485e-11,1.7371673354362252e-14,52.28282833099365
2.749994676420897e-11,1.7954836903821998e-14,52.28956413269043
2.7444029687684335e-11,1.7226551199509173e-14,52.296486139297485
2.7388423126661898e-11,1.776866583827908e-14,52.303516149520874
2.7332492172349454e-11,1.7376564122599698e-14,52.31029510498047
2.7277227351851785e-11,1.7396015387200446e-14,52.31810998916626
2.7221523646314694e-11,1.765817547250744e-14,52.32488536834717
2.7166354235608203e-11,1.705470176703843e-14,52.33278441429138
2.7111148395708717e-11,1.7650436979501326e-14,52.339804887771606
2.7055887044658e-11,1.705849986277392e-14,52.34668016433716
2.7001165192608312e-11,1.7359526901898625e-14,52.35387825965881
2.6945959352708826e-11,1.7342621818337324e-14,52.36067509651184
2.6891468218881442e-11,1.6974652071325216e-14,52.36820101737976
2.6836637079252768e-11,1.7518870739936104e-14,52.37495970726013
2.678211818984977e-11,1.677177243386476e-14,52.38363695144653
2.6727807467263887e-11,1.7380912789750902e-14,52.390780210494995
2.667325735283832e-11,1.687485634354561e-14,52.39783310890198
2.661932133052325e-11,1.7035965398245166e-14,52.405433177948
2.6564941218998328e-11,1.7153338753746195e-14,52.41233038902283
2.651114570928481e-11,1.6659300010996546e-14,52.41950249671936
2.6457220095310596e-11,1.721842307134732e-14,52.42638611793518
2.6403348257764137e-11,1.6599448662943557e-14,52.43440365791321
2.6349908366363195e-11,1.6988722982645005e-14,52.44115138053894
2.6296062549668875e-11,1.6821864268299486e-14,52.44795298576355
2.6242886336236282e-11,1.6632399938657644e-14,52.45488214492798
2.6189351035044162e-11,1.7039402657945124e-14,52.46174502372742
2.613619563829328e-11,1.6391696891970495e-14,52.46867084503174
2.6083149529121386e-11,1.6980250959106567e-14,52.47546863555908
2.6029933417048845e-11,1.6483273012029946e-14,52.48337721824646
2.59773313970868e-11,1.661167643057012e-14,52.49010181427002
2.5924234980934102e-11,1.6736747621495796e-14,52.4970645904541
2.5871745717997996e-11,1.629082035015019e-14,52.50421690940857
2.5819093391055148e-11,1.679510141529804e-14,52.51121711730957
2.5766543412797382e-11,1.6208993579313637e-14,52.518693685531616
2.5714366400086952e-11,1.662160704484373e-14,52.52572751045227
2.5661835503787422e-11,1.638262855723719e-14,52.533780336380005
2.560996553713224e-11,1.625757430697046e-14,52.540581464767456
2.555769311463063e-11,1.6570505547135878e-14,52.54819297790527
2.5505863046615396e-11,1.5969774534350077e-14,52.55532646179199
2.5454036448047113e-11,1.6595803033138574e-14,52.56231737136841
2.540214913415717e-11,1.600266821182375e-14,52.569464683532715
2.5350777033139593e-11,1.6292438183079447e-14,52.57621955871582
2.529895910818869e-11,1.626556690986075e-14,52.583667278289795
2.5247796908711706e-11,1.5908429020178132e-14,52.59056782722473
2.5196327663179474e-11,1.6415075001314713e-14,52.597482442855835
2.5145132503956447e-11,1.5733191455918373e-14,52.60447955131531
2.5094155919891392e-11,1.6279512460304346e-14,52.61131191253662
2.504292780092232e-11,1.5847544291929493e-14,52.61860799789429
2.4992301630999414e-11,1.5930497616585895e-14,52.62543606758118
2.4941260862165748e-11,1.6081721796790995e-14,52.633490800857544
2.4890724897863592e-11,1.561778152278908e-14,52.64074492454529
2.484012301406935e-11,1.6120746298736895e-14,52.64781928062439
2.4789508987210773e-11,1.560260946863786e-14,52.654783487319946
2.4739354662073332e-11,1.590352469941353e-14,52.66162180900574
2.4688801350536416e-11,1.580792517285462e-14,52.66891932487488
2.4638884682515183e-11,1.5549139666809486e-14,52.67571043968201
2.4588647090650895e-11,1.5948918889122782e-14,52.68339562416077
2.4538702667054046e-11,1.5381750709838986e-14,52.690176248550415
2.4488923042187416e-11,1.5877346299145688e-14,52.69709753990173
2.4438952597738428e-11,1.5461385359408046e-14,52.70401215553284
2.4389571959271272e-11,1.552825691652788e-14,52.71083188056946
2.4339709067677795e-11,1.5733128775480276e-14,52.71863341331482
2.429044812513048e-11,1.520931004837106e-14,52.72537398338318
2.424100503661819e-11,1.5796417383233223e-14,52.73283529281616
2.4191676439855314e-11,1.5144815265701224e-14,52.739638566970825
2.414271386974587e-11,1.5553696704065714e-14,52.746636152267456
2.4093376599365612e-11,1.5339356710828908e-14,52.75362467765808
2.4044686380841895e-11,1.5189823208386528e-14,52.760409355163574
2.39955902370248e-11,1.557591607233809e-14,52.76803970336914
2.3946932978247126e-11,1.4950114578379456e-14,52.77479934692383
2.389829827087464e-11,1.5542315969386405e-14,52.78184676170349
2.3849568153710976e-11,1.5003303165269342e-14,52.78880214691162
2.380134284107882e-11,1.524839045449148e-14,52.795669078826904
2.375270119481243e-11,1.5237506081119262e-14,52.80268049240112
2.3704658028145253e-11,1.4899397633629657e-14,52.80945587158203
2.365634944878625e-11,1.5370595285923647e-14,52.817086696624756
2.3608275057096506e-11,1.475346402121311e-14,52.823811054229736
2.356044179196992e-11,1.5198271515002443e-14,52.830870389938354
2.3512311889128945e-11,1.491683295981594e-14,52.83783030509949
2.3464813425633224e-11,1.4846725736837596e-14,52.84462308883667
2.3416886485438937e-11,1.5117295165244932e-14,52.8519823551178
2.3369445267817923e-11,1.4572476797307388e-14,52.85873627662659
2.332192598764049e-11,1.51415829879745e-14,52.86615967750549
2.327441885052739e-11,1.4559212261353385e-14,52.872960805892944
2.3227317638707667e-11,1.4934529172149977e-14,52.87997317314148
2.317986080857537e-11,1.47720072664944e-14,52.8869469165802
2.3133014601106616e-11,1.453920195500745e-14,52.89377951622009
2.3085823183666143e-11,1.4955081579582155e-14,52.901408672332764
2.303895962896263e-11,1.4324975464185576e-14,52.90817427635193
2.299220709656158e-11,1.4913532919453437e-14,52.91523051261902
2.2945305377941594e-11,1.441599254249984e-14,52.92216157913208
2.289892928053483e-11,1.4582077068731568e-14,52.92901349067688
2.2852140318940783e-11,1.4670758030177304e-14,52.936049699783325
2.2805870039666054e-11,1.4279466077995497e-14,52.942824363708496
2.275947312557758e-11,1.473511389944379e-14,52.95041537284851
2.271314213098119e-11,1.4229253964882262e-14,52.95716857910156
2.2667178897761708e-11,1.4544831335974902e-14,52.96420240402222
2.2620853107335748e-11,1.443741739386769e-14,52.97110724449158
2.257515181736114e-11,1.4194848333597739e-14,52.97796106338501
2.2529060214604435e-11,1.4631999496576842e-14,52.98537993431091
2.2483379741311538e-11,1.3950647887871377e-14,52.99211382865906
2.2437728758317732e-11,1.4559452818710406e-14,52.999523401260376
2.2391963283574512e-11,1.4035810274454219e-14,53.006290674209595
2.2346706082809753e-11,1.4246121778993884e-14,53.013293981552124
2.2301016935899476e-11,1.4311155274618174e-14,53.02053737640381
2.225593494220579e-11,1.3882892875387558e-14,53.02734875679016
2.221058406637333e-11,1.4427427487287772e-14,53.03579092025757
2.21654257448467e-11,1.3782753252231366e-14,53.042644739151
2.2120534570735373e-11,1.425720435807576e-14,53.050934076309204
2.2075350228356605e-11,1.395892678789784e-14,53.05780291557312
2.203074181417186e-11,1.3917451819635534e-14,53.06524872779846
2.1985746556651975e-11,1.4209935684454233e-14,53.07445287704468
2.1941191918894987e-11,1.3678260726759234e-14,53.08146572113037
2.189660258666848e-11,1.4217854595478113e-14,53.088757276535034
2.1851985498866355e-11,1.3690612161196096e-14,53.097148418426514
2.1807803826656702e-11,1.3932371457968471e-14,53.10449957847595
2.1763231841664954e-11,1.389136659299189e-14,53.111260175704956
2.1719232315420278e-11,1.3606450120523961e-14,53.11902856826782
2.1674956968142922e-11,1.4036629355314214e-14,53.125789642333984
2.1630915808534823e-11,1.3496003800465579e-14,53.13349175453186
2.1587068937956033e-11,1.3949888946350637e-14,53.14045596122742
2.1543019104730554e-11,1.3571596408810341e-14,53.14759159088135
2.1499461932972252e-11,1.368316674158973e-14,53.154489040374756
2.1455571694306563e-11,1.3750061168599139e-14,53.16130471229553
2.1412099523998585e-11,1.3423867086545613e-14,53.168747901916504
2.1368568373092423e-11,1.3807612822200332e-14,53.175463914871216
2.1325047630527116e-11,1.3396184355763448e-14,53.18297076225281
2.1281891179891765e-11,1.3661368348692141e-14,53.189778327941895
2.1238432887371594e-11,1.3500141556412916e-14,53.19663214683533
2.119547592993598e-11,1.33806819587628e-14,53.203505754470825
2.115225876397897e-11,1.3631252092252515e-14,53.21025061607361
2.1109338235736352e-11,1.3165352631043601e-14,53.21803021430969
2.106648883115625e-11,1.3615398176578756e-14,53.224788188934326
2.1023528404273684e-11,1.3206406623931122e-14,53.23186254501343
2.0981029413835728e-11,1.334913845180705e-14,53.23858189582825
2.093816092729739e-11,1.341127848288352e-14,53.245373487472534
2.089579204112013e-11,1.3049471747595635e-14,53.25231885910034
2.08532479478718e-11,1.3506159725503158e-14,53.25906848907471
2.0810821815819835e-11,1.3000736859942411e-14,53.26669502258301
2.0768700995099643e-11,1.3331648068479196e-14,53.27347493171692
2.0726254046365966e-11,1.3180822840792254e-14,53.28047823905945
2.0684379556379362e-11,1.303603526395334e-14,53.287410497665405
2.0642175468932322e-11,1.3304035641431653e-14,53.29417634010315
2.0600314856733526e-11,1.2820896518647273e-14,53.301955461502075
2.055847506121644e-11,1.3292274588959027e-14,53.30875015258789
2.051657281565422e-11,1.2842808413959794e-14,53.316192865371704
2.047508516900276e-11,1.3059299870882626e-14,53.322882652282715
2.0433250577656104e-11,1.303645793339402e-14,53.329960346221924
2.0391929464458336e-11,1.2752662085515308e-14,53.33722186088562
2.0350355081633076e-11,1.3209971785606116e-14,53.34398341178894
2.0309032233711832e-11,1.2595033489196019e-14,53.35167694091797
2.0267865510903427e-11,1.307464302568919e-14,53.35844564437866
2.0226483682384e-11,1.2744033360881628e-14,53.3661584854126
2.018562053618389e-11,1.2764960156876493e-14,53.373111724853516
2.0144389628606874e-11,1.2954447356407911e-14,53.37998414039612
2.01035889324519e-11,1.2512123363219926e-14,53.38719034194946
2.006271711263441e-11,1.2990349694910232e-14,53.393988609313965
2.0021859170604728e-11,1.2491970755338852e-14,53.401997566223145
1.9981355112164145e-11,1.2781881334063792e-14,53.40885639190674
1.994052839515703e-11,1.267942507579686e-14,53.41670274734497
1.9900206482681426e-11,1.2518515073839907e-14,53.42347002029419
1.985964344364266e-11,1.2805278925165798e-14,53.430548906326294
1.9819326735337484e-11,1.233125218282798e-14,53.43745279312134
1.977912451878172e-11,1.275359297472434e-14,53.44422149658203
1.9738773116007025e-11,1.2411637303588307e-14,53.45192527770996
1.9698876210783034e-11,1.2497963513440676e-14,53.458242654800415
1.9658623687246468e-11,1.2644681478366383e-14,53.46516823768616
1.9618851682112748e-11,1.220270222758793e-14,53.471978187561035
1.9578921817142714e-11,1.2687559133189343e-14,53.47874736785889
1.9539083892516906e-11,1.2152196194041998e-14,53.4856219291687
1.9499535666711587e-11,1.2514780505575463e-14,53.492363929748535
1.9459696007362304e-11,1.2327110191715906e-14,53.50015306472778
1.9420375030332337e-11,1.220620386179188e-14,53.50708818435669
1.9380745272523647e-11,1.2497877116080056e-14,53.514174461364746
1.934144164272844e-11,1.2004794673527858e-14,53.52145862579346
1.9302177911573182e-11,1.246620909528106e-14,53.52862191200256
1.9262817035903268e-11,1.206448762641971e-14,53.53666400909424
1.9223877698038017e-11,1.2227323781298718e-14,53.54367232322693
1.9184601823818426e-11,1.2253534368818556e-14,53.55150318145752
1.91457977943843e-11,1.1937750321686785e-14,53.558170318603516
1.9106804680091294e-11,1.2363846010638325e-14,53.567320823669434
1.906795728257027e-11,1.184442338452536e-14,53.57422161102295
1.902932325603679e-11,1.2262590845090598e-14,53.58145070075989
1.899046545017491e-11,1.2000772114061347e-14,53.588610887527466
1.8952114183568014e-11,1.193562342195623e-14,53.59578561782837
1.891341250281897e-11,1.2176053724034363e-14,53.60298562049866
1.8875066440382504e-11,1.1750584839463792e-14,53.61023926734924
1.88367446640747e-11,1.214040210728443e-14,53.617729902267456
1.8798351764104382e-11,1.1749396452238794e-14,53.62498998641968
1.8760323156064018e-11,1.1971730742431786e-14,53.633519411087036
1.8722016992267498e-11,1.188329965570549e-14,53.64180946350098
1.8684151448233877e-11,1.1695217683833567e-14,53.65048933029175
1.8646056920701426e-11,1.2052967978337051e-14,53.65812110900879
1.8608215662796468e-11,1.152561881790368e-14,53.66523575782776
1.857047848830007e-11,1.196680270474466e-14,53.6733341217041
1.853258171924388e-11,1.1622620183990295e-14,53.68142032623291
1.8495132508844492e-11,1.1693637967386938e-14,53.68945336341858
1.8457355435708145e-11,1.1819181802697181e-14,53.69723701477051
1.841997387952432e-11,1.1480648144668055e-14,53.70534324645996
1.838252987329536e-11,1.1845847246909694e-14,53.71304893493652
1.8345106683748114e-11,1.1433550571701874e-14,53.72107648849487
1.8307985336085686e-11,1.1692077732698095e-14,53.72818636894226
1.827059163683753e-11,1.1572014200556587e-14,53.735742807388306
1.8233659374033984e-11,1.1434185846412315e-14,53.74251127243042
1.8196470372155993e-11,1.1722350690232964e-14,53.75091314315796
1.8159551987140254e-11,1.1271652929328423e-14,53.75895547866821
1.812270472578703e-11,1.1677888236765691e-14,53.766767501831055
1.8085742972684393e-11,1.1325974846301736e-14,53.77436852455139
1.804918887959861e-11,1.1447840017522054e-14,53.783841133117676
1.8012317332116723e-11,1.1510958371652603e-14,53.79049205780029
1.7975875996056878e-11,1.118920274224269e-14,53.79718279838562
1.7939278534884195e-11,1.1594708754312372e-14,53.80421757698059
1.7902797300184403e-11,1.1117217647220283e-14,53.811575412750244
1.7866550253153868e-11,1.14505403585579e-14,53.819602727890015
1.7830062079560172e-11,1.1256338573642066e-14,53.827489376068115
1.779403360768761e-11,1.118498536519831e-14,53.83577871322632
1.7757717171718035e-11,1.1422881344698259e-14,53.8425407409668
1.7721725129038468e-11,1.0988699032199283e-14,53.85051727294922
1.76857330863589e-11,1.1422135955704675e-14,53.857489347457886
1.7649683797804627e-11,1.1019013494348567e-14,53.86454701423645
1.761399012756293e-11,1.123959527337369e-14,53.87165188789368
1.757802063628855e-11,1.11700267633498e-14,53.878544092178345
1.7542472682818833e-11,1.0968915730683211e-14,53.88574171066284
1.750672870559633e-11,1.1297266358620446e-14,53.892423152923584
1.7471170343785758e-11,1.0837403701226614e-14,53.900171518325806
1.743576116819412e-11,1.1209972837142312e-14,53.90692758560181
1.740017158136098e-11,1.0947566265247666e-14,53.913848638534546
1.7365013940673357e-11,1.0955929868568855e-14,53.92305374145508
1.732955619282439e-11,1.1122124509083727e-14,53.93034529685974
1.729445926745843e-11,1.0738122969478937e-14,53.93760538101196
1.725929989204733e-11,1.116065434378843e-14,53.94518423080444
1.722415439442404e-11,1.0734995723837674e-14,53.953585147857666
1.7189317677579474e-11,1.0979884807350154e-14,53.960787296295166
1.7154205139702228e-11,1.0897787833003426e-14,53.96862721443176
1.7119526282693975e-11,1.0726428832609144e-14,53.97534132003784
1.7084625381080798e-11,1.1025281538158248e-14,53.98286318778992
1.7049943054625594e-11,1.0583880810882771e-14,53.989670276641846
1.7015373485196328e-11,1.0959905841223267e-14,53.99658131599426
1.6980652994824652e-11,1.0666476687635432e-14,54.00373935699463
1.6946341899193307e-11,1.0726306012831793e-14,54.01054334640503
1.691172896167714e-11,1.0831482093892359e-14,54.018627882003784
1.6877501132772643e-11,1.0496249323258683e-14,54.02540302276611
1.6843164016289158e-11,1.0887034749738032e-14,54.03291916847229
1.680889281929776e-11,1.045417465566972e-14,54.03977417945862
1.6774874891933855e-11,1.0739705227024408e-14,54.04697060585022
1.6740614103283313e-11,1.0592645060788011e-14,54.05947422981262
1.6706778321884386e-11,1.049456880989133e-14,54.076887130737305
1.6672701413922297e-11,1.0730611481302686e-14,54.08982563018799
1.663888644920508e-11,1.0326241340415272e-14,54.10264801979065
1.660511658729824e-11,1.0709150207518104e-14,54.11140751838684
1.6571263458664554e-11,1.03753294408075e-14,54.12057280540466
1.6537767683066917e-11,1.0502881591235684e-14,54.12795567512512
1.650398394337227e-11,1.053400666391549e-14,54.135772466659546
1.647059745535362e-11,1.0268705780440077e-14,54.14216065406799
1.6437063515839512e-11,1.0616971000000208e-14,54.148616313934326
1.640364753752177e-11,1.0191308144884715e-14,54.15691065788269
1.6370410235722055e-11,1.0533439998873777e-14,54.16632151603699
1.6337009869915597e-11,1.0267246342671957e-14,54.172897815704346
1.630397553076257e-11,1.0315598371433022e-14,54.17952299118042
1.6270717412281144e-11,1.040116902789644e-14,54.18677020072937
1.6237752462067157e-11,1.009993361866671e-14,54.19390797615051
1.620475281738365e-11,1.0440682267852906e-14,54.20156216621399
1.617174623380624e-11,1.0092234936209116e-14,54.2081573009491
1.6139041492113648e-11,1.0275366000504337e-14,54.216289043426514
1.6106078276623137e-11,1.0234954058590835e-14,54.223530292510986
1.60735140475321e-11,1.0036402759490849e-14,54.23132061958313
1.604075726413523e-11,1.0336966471593406e-14,54.238555908203125
1.6008182626703338e-11,9.923760930033183e-15,54.244919300079346
1.5975732889361716e-11,1.0266277336980299e-14,54.25240731239319
1.594313396580116e-11,1.0006124719758296e-14,54.25913619995117
1.591092015085227e-11,1.0042082962435136e-14,54.26736378669739
1.58784305148707e-11,1.01616509803025e-14,54.27552509307861
1.5846282619413898e-11,9.837925999290221e-15,54.284998416900635
1.5814058396124153e-11,1.020418643381477e-14,54.29231810569763
1.578187233675088e-11,9.810221245651427e-15,54.300708055496216
1.574994301645205e-11,1.005944967895269e-14,54.307629346847534
1.5717770834866585e-11,9.940265367010433e-15,54.315197229385376
1.568600804802145e-11,9.816986497801147e-15,54.32241678237915
1.5654016277677485e-11,1.0067015377237566e-14,54.32940220832825
1.562226216444973e-11,9.671817756135969e-15,54.336652994155884
1.559056182764973e-11,1.0030066106012439e-14,54.34342932701111
1.5558769550505502e-11,9.722204358036338e-15,54.351491928100586
1.55273294222269e-11,9.828783972690505e-15,54.358237504959106
1.549561520763909e-11,9.875424147865169e-15,54.36620044708252
1.5464263550257762e-11,9.616942726648099e-15,54.37347412109375
1.5432786992786163e-11,9.944747018334355e-15,54.38078856468201
1.5401407579829218e-11,9.546367094449924e-15,54.38779926300049
1.537022419062506e-11,9.82954122014535e-15,54.39427995681763
1.5338830899880307e-11,9.677423420180898e-15,54.40188503265381
1.5307850473322837e-11,9.588383316765526e-15,54.40834355354309
1.527661851186135e-11,9.786819419384685e-15,54.41523718833923
1.5245641554750833e-11,9.44467316583552e-15,54.42165946960449
1.5214685414322027e-11,9.784340153948072e-15,54.42832565307617
1.518368243635937e-11,9.453901589795855e-15,54.43555498123169
1.515298650445196e-11,9.612298444998304e-15,54.442296743392944
1.5122039037640533e-11,9.578367152164244e-15,54.45056176185608
1.5091459332206014e-11,9.39478631337403e-15,54.45701551437378
1.5060723501658657e-11,9.66923515267979e-15,54.464317083358765
1.5030119510095474e-11,9.312131144315061e-15,54.47119402885437
1.49996664394747e-11,9.601021895371507e-15,54.47771382331848
1.4969055509017615e-11,9.39461351865279e-15,54.48536038398743
1.493881060521396e-11,9.396129707628376e-15,54.492140769958496
1.490831243178281e-11,9.533844559357716e-15,54.50005125999451
1.4878128243300814e-11,9.191871947562737e-15,54.50686693191528
1.484787813532673e-11,9.571636628365361e-15,54.514155626297
1.481765751765174e-11,9.170660548497595e-15,54.52092003822327
1.4787679761263384e-11,9.430066929693066e-15,54.52731490135193
1.475748169499358e-11,9.305041478546543e-15,54.53470015525818
1.4727651390100682e-11,9.206329105906474e-15,54.54112219810486
1.4697625061455e-11,9.439503723758427e-15,54.54788875579834
1.4667806899626434e-11,9.057683293992817e-15,54.55498933792114
1.4638058126736908e-11,9.394750737990246e-15,54.561636447906494
1.4608194862097967e-11,9.143317477927279e-15,54.56875443458557
1.4578690685218554e-11,9.183256775456214e-15,54.57596778869629
1.4548905483136032e-11,9.308144160232335e-15,54.58502244949341
1.4519463756301754e-11,8.991260664335029e-15,54.59166073799133
1.4489930956484987e-11,9.349465815531189e-15,54.59852361679077
1.4460447596287285e-11,8.964164927385311e-15,54.60577130317688
1.443118975014146e-11,9.212476024004698e-15,54.61274600028992
1.4401715930922876e-11,9.091269844417344e-15,54.62042760848999
1.4372616811975103e-11,8.99316394736751e-15,54.62736487388611
1.4343306924124999e-11,9.188150084792502e-15,54.63582491874695
1.431421040726244e-11,8.869452244322177e-15,54.64263319969177
1.4285166799465898e-11,9.17533871146528e-15,54.65099763870239
1.42560442617512e-11,8.900314736788335e-15,54.65776085853577
1.4227239178432605e-11,8.988329930337529e-15,54.665244817733765
1.4198178223401303e-11,9.036132234715825e-15,54.67217659950256
1.4169451202639127e-11,8.807575640492303e-15,54.679080963134766
1.4140611424851013e-11,9.101617198901003e-15,54.686639070510864
1.4111865322130601e-11,8.744112543952222e-15,54.693528175354004
1.4083290089672573e-11,9.008651944808054e-15,54.70161819458008
1.4054538782781734e-11,8.835365097425822e-15,54.70864701271057
1.4026143961565207e-11,8.800158172973197e-15,54.71675658226013
1.3997520156849852e-11,8.967257444675737e-15,54.723925828933716
1.3969158295379369e-11,8.642519412258541e-15,54.731224060058594
1.394078602556803e-11,8.96695420688062e-15,54.738320112228394
1.391239293907498e-11,8.635876132853226e-15,54.745057582855225
1.3884254856932898e-11,8.828709112526298e-15,54.75242519378662
1.3855902536441533e-11,8.76635562914712e-15,54.7592978477478
1.3827888487027984e-11,8.620432181125938e-15,54.76733040809631
1.3799713975692907e-11,8.861281764512962e-15,54.77420473098755
1.3771692987385453e-11,8.521209047618675e-15,54.781405448913574
1.3743789960274366e-11,8.7855654893579e-15,54.788833141326904
1.3715742083753035e-11,8.587503775301427e-15,54.79606032371521
1.3688022937330402e-11,8.617670006684942e-15,54.80358171463013
1.3660086083111533e-11,8.708396552698297e-15,54.81059265136719
1.3632426784648821e-11,8.448197348664196e-15,54.81881093978882
1.360471110767314e-11,8.748439188246797e-15,54.82615375518799
1.357702492099655e-11,8.419164447364107e-15,54.83491826057434
1.3549555574754457e-11,8.626190311101373e-15,54.841464042663574
1.3521886735312627e-11,8.529044949413724e-15,54.84861898422241
1.349456137111904e-11,8.423506338251733e-15,54.85587239265442
1.346704345261962e-11,8.637105177659692e-15,54.862903118133545
1.3439735435660793e-11,8.28070505367413e-15,54.86994290351868
1.3412458643724534e-11,8.621696801316189e-15,54.87676429748535
1.3385121136466616e-11,8.31604919746421e-15,54.88455772399902
1.3358074195390923e-11,8.434596540630133e-15,54.89144706726074
1.333079046456076e-11,8.464659433994083e-15,54.89958691596985
1.3303816381871059e-11,8.250351628009273e-15,54.906399726867676
1.3276753828284082e-11,8.514675882496502e-15,54.913249254226685
1.3249752857380503e-11,8.195632452583698e-15,54.92027187347412
1.3222927093547998e-11,8.431242290159006e-15,54.92714190483093
1.3195940000432227e-11,8.280978645316094e-15,54.934781312942505
1.3169271229074297e-11,8.247130361710864e-15,54.94154405593872
1.3142405566601845e-11,8.409215198365658e-15,54.94856595993042
1.3115764550819531e-11,8.105352292933545e-15,54.955472469329834
1.3089148688527619e-11,8.380433018817957e-15,54.9623646736145
1.306246256993493e-11,8.142800466564605e-15,54.96967101097107
1.3036074823780108e-11,8.21521500729127e-15,54.9764039516449
1.3009442481615174e-11,8.25771319135386e-15,54.98385310173035
1.2983128461208082e-11,8.050764407614795e-15,54.99098801612854
1.2956704285860265e-11,8.306304930438997e-15,54.99805736541748
1.293036597932451e-11,7.998917520913359e-15,55.00516438484192
1.2904190736795496e-11,8.211668480341116e-15,55.012348890304565
1.287783941983367e-11,8.094915152957478e-15,55.01956915855408
1.285182637394966e-11,8.038784820641777e-15,55.02706789970398
1.2825607763333746e-11,8.174951296143537e-15,55.03478789329529
1.2799613799407972e-11,7.911140343622343e-15,55.04163837432861
1.2773615498673507e-11,8.194066288664224e-15,55.048588037490845
1.2747603320151235e-11,7.909122711141983e-15,55.05572152137756
1.2721834870277338e-11,8.042941211313954e-15,55.062862157821655
1.2695841773713301e-11,8.031835762342503e-15,55.06993365287781
1.2670189550312294e-11,7.848084669929891e-15,55.07690095901489
1.2644369926095855e-11,8.108234746053052e-15,55.084768295288086
1.261869515128966e-11,7.777175306750497e-15,55.091941118240356
1.2593128796700714e-11,8.034753790845794e-15,55.10008883476257
1.2567426266318904e-11,7.859967695146922e-15,55.10681653022766
1.2542051598674053e-11,7.848431953438265e-15,55.11400842666626
1.25164279982104e-11,7.995770793514309e-15,55.12104845046997
1.24911001680994e-11,7.692750685864714e-15,55.12806272506714
1.2465700346964148e-11,8.008173896960954e-15,55.13586926460266
1.244033348557494e-11,7.681215791189005e-15,55.14264917373657
1.2415175658364586e-11,7.874090275476493e-15,55.150758266448975
1.238981139906059e-11,7.80239994791973e-15,55.15769577026367
1.2364791482366577e-11,7.673405300382373e-15,55.16544246673584
1.2339571205111088e-11,7.890251664110105e-15,55.17248558998108
1.2314546951608385e-11,7.561313195307475e-15,55.179680585861206
1.2289553923128249e-11,7.879725585674575e-15,55.18708372116089
1.226451058766731e-11,7.585659463310405e-15,55.19387483596802
1.2239716185025173e-11,7.729090940400765e-15,55.20205092430115
1.2214724891268514e-11,7.714964971939405e-15,55.2087619304657
1.2190030235226246e-11,7.525775080972474e-15,55.21672701835632
1.2165210679093708e-11,7.789716476567544e-15,55.22354602813721
1.214048132858192e-11,7.484405991828574e-15,55.23076581954956
1.2115905501097757e-11,7.703325045178237e-15,55.23792028427124
1.2091169211692065e-11,7.575306179596116e-15,55.24476861953735
1.2066746907235526e-11,7.524751018139243e-15,55.25217819213867
1.2042123374855773e-11,7.680561881753725e-15,55.2589054107666
1.201772448916616e-11,7.394427375907644e-15,55.26676392555237
1.1993326470838284e-11,7.65979856311768e-15,55.2734317779541
1.196889289067915e-11,7.400735230265847e-15,55.28043246269226
1.194469956972144e-11,7.522300551822837e-15,55.28745245933533
1.1920306755563992e-11,7.509490025528563e-15,55.294198513031006
1.1896199303418342e-11,7.372030977749293e-15,55.30198383331299
1.1871977359523278e-11,7.568366438659262e-15,55.30986666679382
1.1847862968483724e-11,7.304967991183381e-15,55.31844711303711
1.1823864803917061e-11,7.507947578531612e-15,55.325239419937134
1.1799733065642748e-11,7.376471971491747e-15,55.33375024795532
1.1775895362997613e-11,7.35947625540509e-15,55.340455293655396
1.1751859901876216e-11,7.469996267329884e-15,55.34749722480774
1.1728067302041456e-11,7.21990724855421e-15,55.35436129570007
1.170423393620501e-11,7.470443500726034e-15,55.36113905906677
1.168040317245378e-11,7.213889079463968e-15,55.368773221969604
1.1656779708157927e-11,7.368372642450102e-15,55.375458002090454
1.1632979302067525e-11,7.304591061521853e-15,55.38294458389282
1.160948247258542e-11,7.185704058144081e-15,55.38970708847046
1.1585802629776598e-11,7.402725757691894e-15,55.396600008010864
1.1562303198209278e-11,7.087105187918944e-15,55.40338897705078
1.1538858410431452e-11,7.345704346715682e-15,55.410197019577026
1.1515323417032874e-11,7.149370579871608e-15,55.41761565208435
1.1492071183560881e-11,7.183820256869387e-15,55.42427921295166
1.1468590833951797e-11,7.277026915352303e-15,55.43139600753784
1.144540538733363e-11,7.017410046469439e-15,55.43832612037659
1.1422110653136475e-11,7.306430817083289e-15,55.4450740814209
1.1398887909963573e-11,6.983246666607832e-15,55.45232605934143
1.1375819557180034e-11,7.206946797428272e-15,55.45910334587097
1.1352586405666276e-11,7.095913060020968e-15,55.466774702072144
1.132966723910167e-11,7.021431758903003e-15,55.473472356796265
1.130654771197559e-11,7.192224517772045e-15,55.48042917251587
1.1283628545410984e-11,6.918999641075067e-15,55.48719620704651
1.1260720654548972e-11,7.189390345530532e-15,55.49389839172363
1.1237784140749607e-11,6.932591555263183e-15,55.50140190124512
1.1215074875725595e-11,7.0454675893307644e-15,55.50820851325989
1.1192170454310535e-11,7.035023673091119e-15,55.51522946357727
1.116954011920468e-11,6.895875641615024e-15,55.52203893661499
1.114679095554072e-11,7.11209774206063e-15,55.528804063797
1.1124164089881816e-11,6.805733971851748e-15,55.53564810752869
1.110162049094976e-11,7.054863302298183e-15,55.54238557815552
1.1078973675970882e-11,6.866522985377347e-15,55.550044536590576
1.1056587069513402e-11,6.911260301036004e-15,55.556711196899414
1.1034021786537895e-11,6.985396436227963e-15,55.56375741958618
1.1011685487061218e-11,6.771494359024887e-15,55.57053899765015
1.0989310156306331e-11,6.996201188503139e-15,55.577216148376465
1.0966944366530562e-11,6.7494113630570205e-15,55.58472776412964
1.0944752916464129e-11,6.914767864470584e-15,55.59168100357056
1.0922418351710927e-11,6.818995543190435e-15,55.59859108924866
1.0900343128117385e-11,6.743686690883002e-15,55.6054527759552
1.0878115248857956e-11,6.928266605034502e-15,55.61236786842346
1.0856064311393077e-11,6.620793221664718e-15,55.61918544769287
1.0834032455886433e-11,6.915287095667251e-15,55.6258978843689
1.0811954630207676e-11,6.654524191206752e-15,55.63389563560486
1.0790102318580796e-11,6.772792860533028e-15,55.64077138900757
1.0768080004053271e-11,6.762862246259419e-15,55.64787745475769
1.0746298816088906e-11,6.6096445740129565e-15,55.65472435951233
1.07244230856951e-11,6.847192846488057e-15,55.66148900985718
1.0702628887304666e-11,6.560596707685723e-15,55.66876983642578
1.068096045636624e-11,6.769084550289949e-15,55.67582964897156
1.0659161053805377e-11,6.642127440507212e-15,55.6834762096405
1.0637628798659815e-11,6.605592368393292e-15,55.6901741027832
1.0615927407975345e-11,6.736381455229408e-15,55.697099924087524
1.0594419438958447e-11,6.48635977557304e-15,55.70396184921265
1.0572913204665024e-11,6.71474442210827e-15,55.71099901199341
1.0551374877987296e-11,6.490640680088464e-15,55.71860337257385
1.05300473202119e-11,6.595312776545414e-15,55.72531819343567
1.0508541085918477e-11,6.604616586438055e-15,55.73286581039429
1.0487306335849045e-11,6.43117642609237e-15,55.73974061012268
1.046594755305108e-11,6.6629826622180335e-15,55.74701285362244
1.0444684180044295e-11,6.390811070990966e-15,55.75405526161194
1.0423538768233875e-11,6.5812837933565144e-15,55.76108121871948
1.0402260650077544e-11,6.4733480789537935e-15,55.768699407577515
1.0381260087677369e-11,6.430733004344482e-15,55.77571630477905
1.0360069573056574e-11,6.556945572166583e-15,55.783425092697144
1.0339084623167683e-11,6.331921105333111e-15,55.79034948348999
1.0318090132299673e-11,6.549921551451477e-15,55.797574043273926
1.029707569211169e-11,6.343447106162874e-15,55.8046293258667
1.027625814303823e-11,6.45428263786052e-15,55.81211733818054
1.0255283601490195e-11,6.4089667986988886e-15,55.81927251815796
1.0234557125399224e-11,6.3078306412802515e-15,55.82624626159668
1.0213690136706699e-11,6.5016737077429245e-15,55.83428597450256
1.0192983609935702e-11,6.205569624107661e-15,55.841503620147705
1.0172308308187272e-11,6.460529082330047e-15,55.84954476356506
1.0151562750138066e-11,6.267063369045376e-15,55.8565628528595
1.0131066124907662e-11,6.303683991486968e-15,55.86384177207947
1.0110376078009686e-11,6.367767539660913e-15,55.871068477630615
1.0089928892398348e-11,6.1681468614650185e-15,55.87845325469971
1.0069401042145376e-11,6.40672512600398e-15,55.885546922683716
1.0048921764149732e-11,6.159134854422706e-15,55.892234325408936
1.0028598611266926e-11,6.308068234021956e-15,55.90001463890076
1.0008122802718233e-11,6.234671982109424e-15,55.90710091590881
9.987907202690938e-12,6.165250008785409e-15,55.914201736450195
9.967538079636018e-12,6.316773191620889e-15,55.92103123664856
9.947334622673054e-12,6.071776534924108e-15,55.92782664299011
9.92714851294485e-12,6.305981991872869e-15,55.93533897399902
9.906925106661912e-12,6.0937392522134644e-15,55.94261050224304
9.886903795663926e-12,6.192711240451867e-15,55.95050883293152
9.866716818573984e-12,6.191961192777073e-15,55.95723009109497
9.846769233323727e-12,6.0482535829459085e-15,55.964184522628784
9.826723636197077e-12,6.251325073368917e-15,55.97144365310669
9.806755234265108e-12,6.0124105367498955e-15,55.97844672203064
9.786906528252981e-12,6.1772567008127385e-15,55.98565411567688
9.766932922150584e-12,6.066971740530808e-15,55.992414712905884
9.747203044696562e-12,6.044701550281598e-15,56.000083684921265
9.727319644214916e-12,6.1525237622693865e-15,56.00717234611511
9.707616654974771e-12,5.936382553470244e-15,56.014246702194214
9.687899787946819e-12,6.161118182068702e-15,56.022594928741455
9.668175982024962e-12,5.9345817614243814e-15,56.03024077415466
9.648630852621132e-12,6.063229972486312e-15,56.037604331970215
9.628931332827939e-12,6.025717847867734e-15,56.04440975189209
9.609472939597907e-12,5.914673099032116e-15,56.05230498313904
9.589893983086295e-12,6.097623745309573e-15,56.05940341949463
9.570432120409311e-12,5.843986929034324e-15,56.067723989486694
9.551036177224415e-12,6.055586770686763e-15,56.07459545135498
9.531559569397885e-12,5.891344541115312e-15,56.081932067871094
9.512297199920638e-12,5.9431190064997575e-15,56.08925199508667
9.492892583118362e-12,5.972107438570115e-15,56.096330642700195
9.473671847004539e-12,5.83240121238178e-15,56.10347652435303
9.454412079612506e-12,6.013258840246571e-15,56.110509157180786
9.435185271966517e-12,5.799240719529721e-15,56.11866044998169
9.41609550747513e-12,5.937435415423681e-15,56.125585317611694
9.39688257761695e-12,5.8485630245318655e-15,56.13413119316101
9.377887355555004e-12,5.814242520058542e-15,56.141406774520874
9.358778509105381e-12,5.915083910011535e-15,56.149800300598145
9.339804103725147e-12,5.7116291371798935e-15,56.15733551979065
9.3208522497501e-12,5.913267447856148e-15,56.164628744125366
9.30186309922032e-12,5.727313646264201e-15,56.17195200920105
9.283066502996373e-12,5.804152240074375e-15,56.179080963134766
9.264115516383065e-12,5.82076933243361e-15,56.186285972595215
9.245383972289467e-12,5.6681267955583335e-15,56.193296670913696
9.226566559383809e-12,5.8691675244903e-15,56.20114064216614
9.20781853541719e-12,5.625773877646198e-15,56.20810413360596
9.189179799029557e-12,5.8021278313304375e-15,56.21526765823364
9.170419631998605e-12,5.7130966217610116e-15,56.222357749938965
9.151910132509933e-12,5.6563691312174966e-15,56.229570627212524
9.133227160673663e-12,5.8084217096450105e-15,56.23689866065979
9.114738477866702e-12,5.542952690129567e-15,56.243903398513794
9.096226376292815e-12,5.7935143532898085e-15,56.25136947631836
9.077702131654597e-12,5.557182843643439e-15,56.25824570655823
9.059347022555286e-12,5.699001570002226e-15,56.26524996757507
9.040859207110064e-12,5.6333298350521796e-15,56.27303981781006
9.0225873647376e-12,5.554764141062554e-15,56.28008151054382
9.004207102147888e-12,5.702960178481219e-15,56.28756785392761
8.985934392413686e-12,5.481398805852597e-15,56.294923305511475
8.967721530639405e-12,5.668964934659642e-15,56.302247285842896
8.94943754520261e-12,5.5223761422583915e-15,56.309412717819214
8.93135825713598e-12,5.5470375065177005e-15,56.317211627960205
8.913129782850415e-12,5.6135062994711136e-15,56.32459306716919
8.895092995508946e-12,5.429733184201873e-15,56.33281922340393
8.87701197271884e-12,5.63673702508251e-15,56.33990931510925
8.858955236057398e-12,5.411331393422774e-15,56.346739053726196
8.841036409912295e-12,5.5555226590668205e-15,56.35414433479309
8.822987479506494e-12,5.489957226751654e-15,56.36131572723389
8.805166665237785e-12,5.419431145980893e-15,56.36873459815979
8.787207940452735e-12,5.58432220278994e-15,56.3755259513855
8.769401871333571e-12,5.321712766504427e-15,56.38346219062805
8.751612282087429e-12,5.556220614215358e-15,56.39014554023743
8.733775855307435e-12,5.3571132379854995e-15,56.39712142944336
8.716132850195013e-12,5.435896619442569e-15,56.403998374938965
8.698337189416705e-12,5.4537605443001624e-15,56.411051750183105
8.680748828093776e-12,5.306509795650633e-15,56.41875600814819
8.663086741023118e-12,5.4970384221907e-15,56.425475120544434
8.64548103246543e-12,5.271472277787459e-15,56.432865619659424
8.627982876763252e-12,5.435940241639353e-15,56.43977069854736
8.610377168205563e-12,5.336459610116124e-15,56.446985721588135
8.59298483063542e-12,5.307572398482964e-15,56.45399761199951
8.575460654081102e-12,5.414669126751429e-15,56.46084666252136
8.558085663745718e-12,5.213543271008264e-15,56.46859693527222
8.540713275495548e-12,5.413164372720632e-15,56.47545576095581
8.523317468478453e-12,5.2251967502965884e-15,56.48290133476257
8.506094266447217e-12,5.3130531251681726e-15,56.48979735374451
8.488728817090951e-12,5.30846517120937e-15,56.496647119522095
8.471571534551803e-12,5.188132706107108e-15,56.50379943847656
8.454323179030165e-12,5.359265972220946e-15,56.51068735122681
8.437154620788423e-12,5.136219327319313e-15,56.51822781562805
8.420066727188313e-12,5.313023902531492e-15,56.525208950042725
8.402889495329191e-12,5.192159500738355e-15,56.5328631401062
8.385920430287186e-12,5.190325250891076e-15,56.5396523475647
8.368809985281889e-12,5.272812707426489e-15,56.546804904937744
8.351866941092023e-12,5.087068122972514e-15,56.55429148674011
8.334900478135232e-12,5.2844140941885574e-15,56.56129717826843
8.317937484625393e-12,5.083047257571898e-15,56.568670988082886
8.301119340525798e-12,5.198195881036963e-15,56.57560420036316
8.284174561612456e-12,5.157970286371856e-15,56.58351016044617
8.267427541175376e-12,5.093423411175763e-15,56.59028649330139
8.25059291720276e-12,5.203567340471976e-15,56.59712553024292
8.233852835659583e-12,5.0203740192551315e-15,56.604023456573486
8.217162193735472e-12,5.183918717194518e-15,56.61077094078064
8.200412571213178e-12,5.046440611173935e-15,56.618759632110596
8.183845094655862e-12,5.0776728335215696e-15,56.626012563705444
8.167144044390895e-12,5.125001222965877e-15,56.63492941856384
8.150621670643954e-12,4.971751786983893e-15,56.642168045043945
8.134047255192733e-12,5.152984226927844e-15,56.65099859237671
8.117509268934509e-12,4.946921439651607e-15,56.65814566612244
8.101086641787436e-12,5.086286735078672e-15,56.66657543182373
8.084552992337901e-12,5.0090174250148195e-15,56.67382025718689
8.068222305535055e-12,4.9640679276028755e-15,56.680875062942505
8.051772790174105e-12,5.0795913631471006e-15,56.68822479248047
8.035454246435592e-12,4.8807948480088844e-15,56.69529891014099
8.019150447846624e-12,5.0674237348597925e-15,56.70246744155884
8.002813689511612e-12,4.90160729455587e-15,56.70936965942383
7.986643464630294e-12,4.9680866754211236e-15,56.717379093170166
7.970339666041326e-12,4.979736766577659e-15,56.724308490753174
7.954227554396454e-12,4.855456704424719e-15,56.731401443481445
7.938039114918638e-12,5.0207636544108685e-15,56.738624811172485
7.921913992847696e-12,4.815498772170945e-15,56.74549221992493
7.905875606950552e-12,4.969449127916782e-15,56.75377535820007
7.889747882794396e-12,4.869014737294945e-15,56.760952949523926
7.873812712944073e-12,4.856663726374557e-15,56.76912498474121
7.857750908280003e-12,4.9415444745024364e-15,56.776188373565674
7.841838289834868e-12,4.765784290914222e-15,56.78428912162781
7.825913528325401e-12,4.945499271333167e-15,56.791208028793335
7.809982695283768e-12,4.767369513075008e-15,56.79814672470093
7.794200181099331e-12,4.854345397197922e-15,56.805381774902344
7.778284093207244e-12,4.846701771881899e-15,56.81254482269287
7.762571835323584e-12,4.731832245772954e-15,56.81981039047241
7.746755494031365e-12,4.903590622201866e-15,56.82694411277771
7.731038899339016e-12,4.670114037104217e-15,56.83484077453613
7.715364805371827e-12,4.8765135199769875e-15,56.84183120727539
7.699642139147311e-12,4.699744943665067e-15,56.850138425827026
7.684086873738227e-12,4.765647071576767e-15,56.85699200630188
7.668407575600611e-12,4.7845507293771145e-15,56.863858699798584
7.652887004661046e-12,4.6656878664383394e-15,56.87092971801758
7.637333473975438e-12,4.8147394071337314e-15,56.87815070152283
7.621805096780232e-12,4.640481436477472e-15,56.885599851608276
7.606386007164012e-12,4.756069670042162e-15,56.892486572265625
7.590863701500972e-12,4.700218435082582e-15,56.900062084198
7.575530480696813e-12,4.643062345867756e-15,56.907132148742676
7.560088839675405e-12,4.765251083673925e-15,56.914153814315796
7.544763425126888e-12,4.570191677898995e-15,56.92129373550415
7.529460561983559e-12,4.748823303178402e-15,56.928332805633545
7.514117800200282e-12,4.594032267232415e-15,56.93561244010925
7.498942439232437e-12,4.64433204825569e-15,56.94256281852722
7.483631769833465e-12,4.676386316078635e-15,56.9501166343689
7.468500644314258e-12,4.542400103383108e-15,56.95696187019348
7.453307068749915e-12,4.709787366287714e-15,56.96379995346069
7.438160330719423e-12,4.516944645735748e-15,56.97124147415161
7.423107267756635e-12,4.652895127835958e-15,56.978474140167236
7.407962264449619e-12,4.567831844107945e-15,56.98580813407898
7.393001141831057e-12,4.543913327743378e-15,56.99286079406738
7.377923792739605e-12,4.632731508526569e-15,57.000596046447754
7.362979149994064e-12,4.46349898434637e-15,57.00768995285034
7.348035374610262e-12,4.6248617254136294e-15,57.01488161087036
7.333070782544748e-12,4.478546948170816e-15,57.02218413352966
7.318257978783382e-12,4.5374072676755174e-15,57.02908110618591
7.303317672846532e-12,4.545556995177525e-15,57.03650522232056
7.288552573980756e-12,4.447102544069895e-15,57.043440103530884
7.273717652495071e-12,4.585485704794619e-15,57.05107069015503
7.258952119948425e-12,4.397620149840719e-15,57.058083057403564
7.244250338489522e-12,4.54630492526995e-15,57.065242528915405
7.229472662878544e-12,4.452068698239647e-15,57.07245993614197
7.2148740974664616e-12,4.448784327986668e-15,57.07998704910278
7.200158871900619e-12,4.508953313394877e-15,57.08731150627136
7.185583725255462e-12,4.361679694855772e-15,57.094411849975586
7.170982991439034e-12,4.533467293921364e-15,57.10197186470032
7.1563944006869384e-12,4.3580001837328994e-15,57.10899043083191
7.141924638492947e-12,4.465431913532004e-15,57.11719250679016
7.127349058166921e-12,4.422037568611219e-15,57.124109983444214
7.112949985954575e-12,4.358461816689153e-15,57.13104176521301
7.098461141802348e-12,4.467005700748003e-15,57.138774394989014
7.0840625032708715e-12,4.295130010255896e-15,57.14575672149658
7.0696994265706525e-12,4.454916423008316e-15,57.152804136276245
7.055292548102665e-12,4.323976564307589e-15,57.16000199317932
7.04104006002404e-12,4.365988551458455e-15,57.16770958900452
7.026671779153393e-12,4.397330888089232e-15,57.174583196640015
7.012465261246881e-12,4.2597037042699324e-15,57.18145251274109
6.9981988953804475e-12,4.4361131386122174e-15,57.188538789749146
6.9839793670478656e-12,4.230669955936897e-15,57.19534420967102
6.9698457075273446e-12,4.381216086267719e-15,57.20257234573364
6.955627046556501e-12,4.286984941435099e-15,57.209402084350586
6.9415757864010885e-12,4.275507644999803e-15,57.21716070175171
6.927423478603201e-12,4.356610626182929e-15,57.22420120239258
6.913387830959072e-12,4.197371396714436e-15,57.231269121170044
6.899363025336669e-12,4.346807913884355e-15,57.239001750946045
6.88530612732996e-12,4.218485810507117e-15,57.24624490737915
6.871400150265661e-12,4.258643642536444e-15,57.25314664840698
6.857376212004995e-12,4.278326147131792e-15,57.26076292991638
6.843507097814561e-12,4.1759101229298535e-15,57.268768548965454
6.829589411366799e-12,4.303150565233447e-15,57.27566981315613
6.815710756197246e-12,4.148040197866345e-15,57.28345513343811
6.801914934073672e-12,4.265795988743059e-15,57.29056406021118
6.788041483074547e-12,4.186289241149034e-15,57.29764986038208
6.7743319634439025e-12,4.171753308741203e-15,57.304877519607544
6.760514890957747e-12,4.251426921825837e-15,57.31192755699158
6.746830091136635e-12,4.083399302013107e-15,57.31906342506409
6.7331249083146805e-12,4.26230494245095e-15,57.32619905471802
6.71942666438663e-12,4.077901634668953e-15,57.33380961418152
6.705839009080172e-12,4.189409287010245e-15,57.34079337120056
6.692157678706012e-12,4.1400590299208416e-15,57.34816765785217
6.678632039763821e-12,4.089060870232555e-15,57.35537242889404
6.665030072988687e-12,4.19687800002266e-15,57.3629093170166
6.651512240302138e-12,4.027224923984149e-15,57.369739055633545
6.638028668404239e-12,4.182219671353951e-15,57.37664198875427
6.62450216210031e-12,4.050429815090654e-15,57.384259939193726
6.611117035759673e-12,4.0950934388829e-15,57.391313552856445
6.597629994414822e-12,4.124421107648633e-15,57.398600816726685
6.5842812972671805e-12,4.002269215775669e-15,57.40569853782654
6.57090180877784e-12,4.135857322985987e-15,57.41289186477661
6.55753966752326e-12,3.978985127088596e-15,57.420146465301514
6.544278573911155e-12,4.080087403189343e-15,57.42733573913574
6.53092293786961e-12,4.036683740906138e-15,57.43523573875427
6.517726896387854e-12,3.990030013204318e-15,57.44214081764221
6.504448021860121e-12,4.091025986670185e-15,57.44957160949707
6.491260220314876e-12,3.932475394987809e-15,57.4564483165741
6.478097572260033e-12,4.075611681096051e-15,57.46386480331421
6.4648989286930636e-12,3.952067267057801e-15,57.470797061920166
6.451842966131993e-12,3.984675917944724e-15,57.478676080703735
6.438675113906722e-12,4.012993076404382e-15,57.486040115356445
6.425656014219516e-12,3.894000617424677e-15,57.49308180809021
6.412588342274983e-12,4.038908896458575e-15,57.50188374519348
6.399551895353017e-12,3.8846849490707745e-15,57.50909948348999
6.38661085822223e-12,3.982927218425117e-15,57.516844749450684
6.3735744113002646e-12,3.939077169778709e-15,57.52400207519531
6.360703630470255e-12,3.896622184396429e-15,57.531259536743164
6.347741342976887e-12,3.977882290191271e-15,57.53871202468872
6.334873164232091e-12,3.842992716857497e-15,57.5457398891449
6.322025368488138e-12,3.964773608299563e-15,57.55332326889038
6.309147215083355e-12,3.854583515707725e-15,57.56038498878479
6.296403936428829e-12,3.889437227421345e-15,57.56890535354614
6.28355006915271e-12,3.914625446173846e-15,57.575923204422
6.270849291223346e-12,3.809568796758842e-15,57.584362268447876
6.2580917011001436e-12,3.934075016708699e-15,57.59154176712036
6.2453800811490545e-12,3.782488729918649e-15,57.59993314743042
6.2327395848604805e-12,3.893195512608312e-15,57.606770277023315
6.2200236281007015e-12,3.825221965624102e-15,57.6138699054718
6.207467699581581e-12,3.801032822232887e-15,57.62115001678467
6.194800748759999e-12,3.886940597809313e-15,57.628074407577515
6.182266070603459e-12,3.722324403191649e-15,57.636061906814575
6.169706238956518e-12,3.893973935886839e-15,57.64319205284119
6.157155514607826e-12,3.72145111222303e-15,57.65155553817749
6.1447049705398715e-12,3.831800447008952e-15,57.65963315963745
6.132165521893773e-12,3.78541734633378e-15,57.66805386543274
6.119784366764858e-12,3.723506437669543e-15,57.6752405166626
6.1073099702491085e-12,3.842835592245781e-15,57.68383550643921
6.094930549843669e-12,3.66479307838119e-15,57.69111251831055
6.082575415566893e-12,3.819324498728844e-15,57.69964361190796
6.070178647926694e-12,3.69313607134574e-15,57.70662236213684
6.057920224483704e-12,3.733511167326037e-15,57.716304779052734
6.045554248185203e-12,3.768134486078004e-15,57.724056005477905
6.033328350807388e-12,3.649743844007323e-15,57.731276750564575
6.021062554789625e-12,3.788224837037455e-15,57.73907709121704
6.008827983794429e-12,3.625021916892285e-15,57.74704432487488
5.996668005908701e-12,3.745417485949117e-15,57.75497555732727
5.984434735956112e-12,3.677734047749341e-15,57.76239466667175
5.97234978486072e-12,3.651506519570559e-15,57.77032446861267
5.960178097591529e-12,3.723542436569801e-15,57.77838325500488
5.948097049623957e-12,3.596559915798646e-15,57.78670644760132
5.9360324815294074e-12,3.719387316447045e-15,57.793925523757935
5.923947530434015e-12,3.597562379291722e-15,57.80253481864929
5.911972300598478e-12,3.65965201190783e-15,57.80992794036865
5.899915105078701e-12,3.6440898990844e-15,57.81970739364624
5.887982375968326e-12,3.583598194123287e-15,57.82682180404663
5.876004977728444e-12,3.680282346371156e-15,57.835129261016846
5.8640731159798065e-12,3.5487476587832195e-15,57.84338068962097
5.852204571638042e-12,3.643531280855686e-15,57.85174894332886
5.840265337314632e-12,3.58905605091892e-15,57.858280658721924
5.8284722534440725e-12,3.567864980644512e-15,57.86525869369507
5.816591566037976e-12,3.625320072489719e-15,57.872278928756714
5.804807155784797e-12,3.513411985322612e-15,57.879663705825806
5.793028383382914e-12,3.62090660731805e-15,57.88710880279541
5.781239636321045e-12,3.5089616742177377e-15,57.89401698112488
5.769552804263389e-12,3.571214148917956e-15,57.90230655670166
5.757781838117149e-12,3.5559514622413805e-15,57.90911650657654
5.746144011997689e-12,3.4972713489962075e-15,57.91860485076904
5.7344480726417846e-12,3.58747040524166e-15,57.925631284713745
5.722812848607539e-12,3.4534680989201354e-15,57.93382000923157
5.711219257936717e-12,3.568340166127922e-15,57.94085955619812
5.699578829732044e-12,3.478062759334848e-15,57.94797134399414
5.688066337383724e-12,3.497874012938179e-15,57.95540976524353
5.67646060364857e-12,3.5385436646258837e-15,57.96244263648987
5.664981938408031e-12,3.4164785936300138e-15,57.96978759765625
5.653463808208414e-12,3.562765418785568e-15,57.97694110870361
5.641969964137461e-12,3.4078824797648035e-15,57.98523783683777
5.6305645909637825e-12,3.4970405325180807e-15,57.99229860305786
5.619074216339781e-12,3.455659584912919e-15,58.00049304962158
5.607726522721679e-12,3.4134527801841846e-15,58.00747990608215
5.5963003328662886e-12,3.50098876484347e-15,58.01475191116333
5.5849552413334e-12,3.363189209819404e-15,58.0217387676239
5.573628798077879e-12,3.4977403934907496e-15,58.02882409095764
5.5622754666084795e-12,3.383994033069864e-15,58.03597283363342
5.551039662654578e-12,3.426930768440895e-15,58.04297399520874
5.539716255165139e-12,3.4284446280758753e-15,58.05101537704468
5.528516446723364e-12,3.345942771980359e-15,58.057767152786255
5.517271969152082e-12,3.4574036257513157e-15,58.06479573249817
5.506063487092927e-12,3.321516882880387e-15,58.071953535079956
5.494918756121514e-12,3.432159502824296e-15,58.079084396362305
5.483715911913656e-12,3.3526591079773753e-15,58.08656311035156
5.472637534115199e-12,3.3567208427176965e-15,58.09350895881653
5.461484996888144e-12,3.39948330105983e-15,58.1019561290741
5.450419629515757e-12,3.2997983228380762e-15,58.10876774787903
5.439361634718143e-12,3.397218123200635e-15,58.1165931224823
5.428289762132721e-12,3.2968165551055043e-15,58.12389159202576
5.4173150340619536e-12,3.3526042625940406e-15,58.13063073158264
5.406264845519981e-12,3.340578300567161e-15,58.13742804527283
5.395343026515231e-12,3.2693824284933583e-15,58.14442276954651
5.384358757465346e-12,3.372852373439918e-15,58.15235257148743
5.373432167971037e-12,3.232452850784255e-15,58.15916919708252
5.362548946563628e-12,3.3462354218636355e-15,58.167784214019775
5.351612382409332e-12,3.2729170969822505e-15,58.17559790611267
5.3408119940479004e-12,3.2627438077692528e-15,58.1828887462616
5.32991619589529e-12,3.321571304747248e-15,58.19172930717468
5.319130986364273e-12,3.2006935621851917e-15,58.20147657394409
5.308327995917628e-12,3.32941567687177e-15,58.20903277397156
5.297525439151851e-12,3.2083098706886656e-15,58.21720552444458
5.286823496347681e-12,3.2671263562383465e-15,58.2240355014801
5.2760339500079745e-12,3.2517270854990265e-15,58.23096060752869
5.265371905843752e-12,3.2034576424503193e-15,58.238831758499146
5.25464914635787e-12,3.2876997277359694e-15,58.24578809738159
5.243997510534504e-12,3.151044514223644e-15,58.25303554534912
5.233368426116325e-12,3.2699681517763847e-15,58.25992035865784
5.2227046472286265e-12,3.1732848465614635e-15,58.26823043823242
5.2121575284946875e-12,3.2006473988895664e-15,58.275402545928955
5.20152367358695e-12,3.2243965086646825e-15,58.28192353248596
5.191000840981674e-12,3.1393452951561677e-15,58.290071964263916
5.180452854885997e-12,3.2372055526512988e-15,58.297975301742554
5.169920047620735e-12,3.130003580539137e-15,58.30608558654785
5.159463134507547e-12,3.2020134512752508e-15,58.31294250488281
5.148942903987486e-12,3.151728281570315e-15,58.320547103881836
5.138541935706398e-12,3.1289054023230217e-15,58.328754901885986
5.128069843762795e-12,3.1928019679738602e-15,58.33725142478943
5.117677982779956e-12,3.0841024416109527e-15,58.34590268135071
5.1073008669466624e-12,3.185478097595426e-15,58.35440182685852
5.0968977302612295e-12,3.099223250268863e-15,58.36311459541321
5.086600411707831e-12,3.135214950747119e-15,58.37144732475281
5.076227632683228e-12,3.1312275431479193e-15,58.37854862213135
5.065965875961087e-12,3.0642964819635422e-15,58.386908292770386
5.05565945010944e-12,3.1589428846985537e-15,58.393842697143555
5.045395524982954e-12,3.0359441716365726e-15,58.40184545516968
5.035179738432927e-12,3.1344795143906654e-15,58.40860080718994
5.024914945944703e-12,3.0644116784443688e-15,58.4165940284729
5.0147676809719766e-12,3.0656625343492266e-15,58.42347693443298
5.004541486081093e-12,3.1103589806681783e-15,58.4304735660553
4.994413303066603e-12,3.0046797620369428e-15,58.437618017196655
4.984270374902566e-12,3.1205809742756432e-15,58.44442343711853
4.974131349866351e-12,3.0015952915595162e-15,58.45235562324524
4.964078193642196e-12,3.0690138202050382e-15,58.45910358428955
4.953949143265968e-12,3.045566889433855e-15,58.46708416938782
4.9439380540861055e-12,3.005221439606712e-15,58.47382640838623
4.933876224244571e-12,3.0744704064512504e-15,58.48085808753967
4.923868170830792e-12,2.9650568313138075e-15,58.48811745643616
4.913890041396973e-12,3.0606135827088805e-15,58.49510431289673
4.90387504908929e-12,2.987423159802531e-15,58.50253248214722
4.8939749822118905e-12,2.9926271184722245e-15,58.50924825668335
4.883990781245906e-12,3.0295370026653043e-15,58.51716876029968
4.874111964731087e-12,2.929756309720511e-15,58.52401781082153
4.8642079947258665e-12,3.041760746885368e-15,58.53098249435425
4.85431963723193e-12,2.9215646540876146e-15,58.53820776939392
4.844502837081377e-12,2.999573847430894e-15,58.544997453689575
4.834620551119606e-12,2.9608915467956845e-15,58.55244278907776
4.824857961077678e-12,2.928497407002654e-15,58.55924201011658
4.81502598209671e-12,3.001454684090272e-15,58.56721377372742
4.8052685962252095e-12,2.882039767428124e-15,58.57403612136841
4.795524654460648e-12,2.992773231655626e-15,58.5809211730957
4.785758161290898e-12,2.89307046574198e-15,58.58791518211365
4.776091414721018e-12,2.9325206017438753e-15,58.595064640045166
4.766347039275587e-12,2.9422140467922535e-15,58.602171421051025
4.756711951409143e-12,2.865351312543083e-15,58.60890436172485
4.747038699626227e-12,2.9639376890322477e-15,58.61675047874451
4.737397540227617e-12,2.8465514162787737e-15,58.62354779243469
4.7278110246185e-12,2.9337007303976374e-15,58.63059401512146
4.718169431539021e-12,2.8792121596919523e-15,58.638246297836304
4.708642330208956e-12,2.8658296744000448e-15,58.64525556564331
4.699044105216377e-12,2.9193793090836985e-15,58.65306115150452
4.689528279588906e-12,2.8143455295582707e-15,58.66008496284485
4.680007683471876e-12,2.929359686542959e-15,58.66818356513977
4.6704883883974535e-12,2.808054615859013e-15,58.67581105232239
4.661050191645533e-12,2.873879452014276e-15,58.683915853500366
4.651538702826752e-12,2.8575149872315598e-15,58.69127941131592
4.6421430067999925e-12,2.802598876645748e-15,58.69961380958557
4.63269266698374e-12,2.890055875482702e-15,58.7067985534668
4.6232887310204696e-12,2.7808474940767313e-15,58.71394872665405
4.613931632591051e-12,2.8606320684774556e-15,58.721498012542725
4.6045250945425664e-12,2.8029425602640965e-15,58.728490352630615
4.595226543030462e-12,2.8001151642861617e-15,58.73571443557739
4.585856867855842e-12,2.842187079018046e-15,58.7427499294281
4.576577831982842e-12,2.7468556383869426e-15,58.75051188468933
4.567281882555951e-12,2.8510847366124787e-15,58.757529497146606
4.5579902699377506e-12,2.7498350767789096e-15,58.76523303985596
4.548781056684659e-12,2.7992840132066684e-15,58.77230381965637
4.539499852407314e-12,2.785306275511078e-15,58.779513120651245
4.530331405155907e-12,2.73392208055708e-15,58.78673958778381
4.521104410987187e-12,2.8154009326105496e-15,58.79349660873413
4.511938999501863e-12,2.6986382878644915e-15,58.8021342754364
4.5027935373365136e-12,2.8020135768791954e-15,58.80910587310791
4.493621186957286e-12,2.7174057851185682e-15,58.81715655326843
4.4845472821353205e-12,2.74262386178246e-15,58.82435965538025
4.47539791684215e-12,2.76124228123782e-15,58.83287787437439
4.466345262382765e-12,2.690843467167384e-15,58.83992576599121
4.457270490199061e-12,2.771808381980107e-15,58.84707570075989
4.448209595803165e-12,2.681399473321972e-15,58.85417175292969
4.4392163556228326e-12,2.7333829440861525e-15,58.86119627952576
4.430161966439972e-12,2.7069836799773145e-15,58.86898946762085
4.421214262750883e-12,2.6769055400203143e-15,58.87597393989563
4.412205843740136e-12,2.738536080779011e-15,58.883893966674805
4.403268114711034e-12,2.633960334319811e-15,58.89069962501526
4.394336457214099e-12,2.7344267004354066e-15,58.89758825302124
4.385391355610224e-12,2.640796948995337e-15,58.904561042785645
4.376531255456673e-12,2.6864297902374785e-15,58.911317110061646
4.367603934768427e-12,2.6821224159424535e-15,58.918814182281494
4.358778095403526e-12,2.6249993610125708e-15,58.92554759979248
4.3499088879517256e-12,2.7075141343605325e-15,58.932952880859375
4.34108088018248e-12,2.598520475806691e-15,58.9398832321167
4.332292337372312e-12,2.6854946658637097e-15,58.94669723510742
4.323460426475245e-12,2.625986366154359e-15,58.95359444618225
4.31473129794413e-12,2.6264060709797234e-15,58.9603853225708
4.3059332141548445e-12,2.6662655356533794e-15,58.96806836128235
4.297218830773275e-12,2.573360632657923e-15,58.97596764564514
4.288488834880422e-12,2.6797039251198057e-15,58.9844286441803
4.279773150456245e-12,2.562101658964782e-15,58.99124050140381
4.271120349758073e-12,2.6353066931894716e-15,58.998647689819336
4.2624068337382415e-12,2.6016801204581863e-15,59.00567030906677
4.2537987021695756e-12,2.5703691240464574e-15,59.01249933242798
4.245134625768809e-12,2.637395264679164e-15,59.019678354263306
4.2365286626044885e-12,2.529424186650895e-15,59.02674174308777
4.22794308244101e-12,2.622923706775324e-15,59.03497862815857
4.219330614063654e-12,2.547642806555151e-15,59.04177904129028
4.210809218668787e-12,2.5685945900219597e-15,59.04989004135132
4.202221470100964e-12,2.5869055365174663e-15,59.05677533149719
4.193723493473023e-12,2.5117264920092005e-15,59.06434226036072
4.185199495992942e-12,2.602776604608407e-15,59.07154369354248
4.1766954478328344e-12,2.4983457007831875e-15,59.07862186431885
4.168248645547434e-12,2.570657115248524e-15,59.08580255508423
4.159747199472541e-12,2.5302936659712515e-15,59.092599868774414
4.151347668401861e-12,2.509666719639715e-15,59.10079050064087
4.1428887230521294e-12,2.565763382395762e-15,59.10802984237671
4.134495263513616e-12,2.4684566609316618e-15,59.1162052154541
4.126111778635089e-12,2.5598792562694234e-15,59.123201847076416
4.117710079160064e-12,2.4783572055356437e-15,59.130085945129395
4.109393814816231e-12,2.511141827517358e-15,59.13750767707825
4.101010329937704e-12,2.5194683731471048e-15,59.14422011375427
4.092722688531225e-12,2.454268012032205e-15,59.1523015499115
4.0843981842508814e-12,2.5411729571457858e-15,59.15914225578308
4.076106206035712e-12,2.434275069861688e-15,59.16685080528259
4.0678571622265736e-12,2.5146318150182827e-15,59.173611640930176
4.0595621482453215e-12,2.4630083332566853e-15,59.18055176734924
4.051366880863938e-12,2.4567525714247387e-15,59.18740963935852
4.0431074287139435e-12,2.500601137763489e-15,59.194215536117554
4.034923870716023e-12,2.4101242547113367e-15,59.201580286026
4.026733373824198e-12,2.5024324229954526e-15,59.20841646194458
4.018542009570636e-12,2.4104558681101868e-15,59.21622681617737
4.0104213352987195e-12,2.4604545289207136e-15,59.22308349609375
4.002240379386013e-12,2.4453709897124826e-15,59.23007011413574
3.994156134307092e-12,2.4017974973233533e-15,59.23696422576904
3.986024618013451e-12,2.474360692332261e-15,59.243738412857056
3.977940806615399e-12,2.3723268917477712e-15,59.25147223472595
3.9698847507929624e-12,2.4559783833109482e-15,59.258254051208496
3.961790964734924e-12,2.40039946944391e-15,59.2652850151062
3.9537960579150155e-12,2.398359602348685e-15,59.272165060043335
3.945729160070854e-12,2.441852626607825e-15,59.279123067855835
3.937754636251789e-12,2.3373262198178027e-15,59.286049365997314
3.929750622133632e-12,2.450320838498e-15,59.2928683757782
3.921758751079807e-12,2.346847081903178e-15,59.30052471160889
3.913834100560676e-12,2.4094949092315267e-15,59.3073296546936
3.9058504694433616e-12,2.3791427541160898e-15,59.31431174278259
3.897963982840702e-12,2.3514883989376578e-15,59.32119846343994
3.890021551405942e-12,2.4147352903179523e-15,59.32803416252136
3.8821433047397935e-12,2.3073732289787593e-15,59.33540439605713
3.874271996967549e-12,2.404161778037377e-15,59.342169761657715
3.866380306194461e-12,2.3267694364379355e-15,59.349618673324585
3.858573183190828e-12,2.3548847892979107e-15,59.35642910003662
3.850702742780321e-12,2.3646205859936516e-15,59.363402128219604
3.842919038543613e-12,2.302838002820923e-15,59.370274782180786
3.8351049766460754e-12,2.3802417793651522e-15,59.37706971168518
3.8273169356006775e-12,2.2868506794579717e-15,59.38470458984375
3.819573130003917e-12,2.354809615123842e-15,59.3915319442749
3.811788124724602e-12,2.3068438333867253e-15,59.39861583709717
3.804088988257348e-12,2.305941108023189e-15,59.405452251434326
3.796336942724077e-12,2.343252697591504e-15,59.41244316101074
3.7886499493211545e-12,2.262091271135018e-15,59.41931104660034
3.780962955918232e-12,2.345609990283713e-15,59.426119327545166
3.773269023621406e-12,2.2643729661366843e-15,59.43383479118347
3.765645347625357e-12,2.3047067692608027e-15,59.44062542915344
3.757966594158946e-12,2.2937806795159327e-15,59.44763946533203
3.750371974781119e-12,2.254765706690689e-15,59.45448088645935
3.742740926210297e-12,2.3187442227791746e-15,59.461318254470825
3.735147174194209e-12,2.2286309286196314e-15,59.468693017959595
3.727583346158081e-12,2.303849995434655e-15,59.47550630569458
3.7199900278228615e-12,2.242267735553952e-15,59.48292636871338
3.712476073086668e-12,2.257677382446876e-15,59.48972272872925
3.704907474560981e-12,2.2792040895266335e-15,59.49671268463135
3.697412601783023e-12,2.2110257723274244e-15,59.50358271598816
3.68990298385552e-12,2.29057698915118e-15,59.5104124546051
3.682403774268872e-12,2.1988251097551734e-15,59.51806163787842
3.6749566063865036e-12,2.2610185039073204e-15,59.524837017059326
3.667462600970284e-12,2.2311809213073405e-15,59.53195929527283
3.66005663277047e-12,2.205968138599369e-15,59.53878736495972
3.6526046943985424e-12,2.257377532783548e-15,59.545783042907715
3.6451974251561214e-12,2.1784099216604503e-15,59.552701473236084
3.6378120567975847e-12,2.2490901624276118e-15,59.55947160720825
3.6304030528316877e-12,2.188053815281414e-15,59.56716275215149
3.6230714609009063e-12,2.2044388206131013e-15,59.57396125793457
3.6156830567762865e-12,2.2209587159416387e-15,59.58096957206726
3.6083722815272168e-12,2.158893223764527e-15,59.587939500808716
3.6010385211920903e-12,2.2353699227479866e-15,59.59471035003662
3.593725360698241e-12,2.142088937123949e-15,59.60197710990906
3.58645405040825e-12,2.2120112951615548e-15,59.60877966880798
3.5791417572761386e-12,2.1703923312982147e-15,59.61628580093384
3.5719153329560882e-12,2.1583360878434706e-15,59.623154163360596
3.5646373006126275e-12,2.2029812886691135e-15,59.63002800941467
3.5574180320269155e-12,2.120871608828176e-15,59.637065172195435
3.5502022328881555e-12,2.200994149374855e-15,59.64380645751953
3.5429764590894086e-12,2.1260543916741884e-15,59.65190243721008
3.535819640548832e-12,2.1607043919639937e-15,59.65877056121826
3.5286079613783272e-12,2.1580849425746097e-15,59.666587591171265
3.521478464732497e-12,2.1109947811467173e-15,59.67335510253906
3.5143147072980163e-12,2.1792027444990803e-15,59.680707693099976
3.5071823917265377e-12,2.0904669376700094e-15,59.68903112411499
3.5000830359011026e-12,2.159594355286617e-15,59.69616985321045
3.4929500698083205e-12,2.1091512139370184e-15,59.703455448150635
3.4858995030806472e-12,2.107300023430794e-15,59.710911989212036
3.4787929915208737e-12,2.1413693826352566e-15,59.719292879104614
3.471751315251015e-12,2.0719355508499798e-15,59.72605872154236
3.4647037842894246e-12,2.146524636910483e-15,59.73467755317688
3.4576586385726138e-12,2.06916363553009e-15,59.74146389961243
3.4506709555709447e-12,2.114864027649775e-15,59.75017166137695
3.4436329655884723e-12,2.1002205220576426e-15,59.75770306587219
3.4366801938967573e-12,2.0599428348662798e-15,59.765246868133545
3.4296808015116254e-12,2.127667565922234e-15,59.77225399017334
3.4227299813838208e-12,2.0309270859833733e-15,59.77922558784485
3.415793472724693e-12,2.1174656893472666e-15,59.78695631027222
3.408835930543419e-12,2.0489388180902623e-15,59.79393696784973
3.401953415152481e-12,2.0702126858352645e-15,59.80243158340454
3.3950147380890083e-12,2.0832993448703435e-15,59.80935311317444
3.3881515214967406e-12,2.0218579042171215e-15,59.81716752052307
3.3812655366588507e-12,2.0967133821395362e-15,59.8240225315094
3.3743964653748515e-12,2.0126438798168892e-15,59.83117127418518
3.3675729305820967e-12,2.068970723776353e-15,59.8381245136261
3.3607055940215735e-12,2.039499906442534e-15,59.844921588897705
3.3539221747092007e-12,2.015727926777842e-15,59.85235357284546
3.3470862800116796e-12,2.070482677587202e-15,59.85909104347229
3.3403097995932107e-12,1.979794248056473e-15,59.86711597442627
3.3335335360151763e-12,2.0684802916998927e-15,59.87384390830994
3.3267488156601965e-12,1.990673539231007e-15,59.881094455718994
3.320030448478173e-12,2.026675615862867e-15,59.888073682785034
3.313258304868394e-12,2.0231744051753915e-15,59.894850730895996
3.306564223815034e-12,1.9796494054224924e-15,59.902267932891846
3.299837399856065e-12,2.0418538110029538e-15,59.908971548080444
3.2931431019622703e-12,1.954132114369983e-15,59.916733264923096
3.2864761259632225e-12,2.0232322151740416e-15,59.92354416847229
3.279778792303345e-12,1.974107904123318e-15,59.930827379226685
3.273155401231631e-12,1.9807922646265753e-15,59.93781638145447
3.2664862568282382e-12,2.0026241153255813e-15,59.94461488723755
3.2598756593421596e-12,1.9412472609345874e-15,59.952048540115356
3.2532583398026116e-12,2.0100233716363212e-15,59.95880460739136
3.2466423213056705e-12,1.9377473207965326e-15,59.96668291091919
3.2400820308003953e-12,1.9783805500675055e-15,59.97341442108154
3.2334744690803996e-12,1.9662694612294267e-15,59.98062205314636
3.226940633108133e-12,1.9374076605846837e-15,59.98753237724304
3.2203744879111262e-12,1.9883857032404733e-15,59.99429416656494
3.213843904545377e-12,1.913727372236532e-15,60.00202989578247
