0.07304192334413528,0.08986825495958328,0
0.10961241275072098,0.08376602828502655,0.00625920295715332
0.13481086492538452,0.17880354821681976,0.01982593536376953
0.1487201601266861,0.06716251373291016,0.02769756317138672
0.14755037426948547,0.08951009064912796,0.0337371826171875
0.1377558410167694,0.19490833580493927,0.04070639610290527
0.1272837519645691,0.35091274976730347,0.04826688766479492
0.11308266967535019,0.5209904313087463,0.05601000785827637
0.13540948927402496,0.4226449728012085,0.06531596183776855
0.09084295481443405,0.2778525650501251,0.07361960411071777
0.1889915019273758,0.2030772715806961,0.08119821548461914
0.10348550975322723,0.824123203754425,0.08928465843200684
0.8100159764289856,0.402621865272522,0.09822702407836914
0.8000680208206177,5.010128021240234,0.10957646369934082
0.2524169683456421,1.879089117050171,0.11858248710632324
0.28322651982307434,0.792136013507843,0.12792205810546875
0.1619543731212616,1.1549673080444336,0.1371169090270996
0.07800714671611786,0.12337556481361389,0.14624309539794922
0.09327563643455505,0.21665124595165253,0.15590906143188477
0.07648555189371109,0.10849945992231369,0.16573667526245117
0.07633301615715027,0.07854067534208298,0.17619800567626953
0.06845322251319885,0.056581202894449234,0.18639373779296875
0.05742000788450241,0.18310704827308655,0.19658446311950684
0.069923534989357,0.21823404729366302,0.20697522163391113
0.0940643772482872,0.21116960048675537,0.2171478271484375
0.06996649503707886,0.22853587567806244,0.22794389724731445
0.05921408161520958,0.06972325593233109,0.23827576637268066
0.0808102935552597,0.06657931208610535,0.24859237670898438
0.06289255619049072,0.3509290814399719,0.25951647758483887
0.04946056008338928,0.17527073621749878,0.2698404788970947
0.16133691370487213,0.08240210264921188,0.28018951416015625
0.09975946694612503,0.6427876949310303,0.29061388969421387
0.8148762583732605,0.3425789475440979,0.30206751823425293
0.6028838753700256,3.87009596824646,0.31276893615722656
0.4283318817615509,2.672360420227051,0.3235900402069092
0.276372492313385,1.079673171043396,0.33382439613342285
0.13160085678100586,0.47949013113975525,0.3455226421356201
0.0567336268723011,0.539459764957428,0.3566312789916992
0.05291512981057167,0.3920859396457672,0.36795520782470703
0.12854959070682526,0.36183616518974304,0.37876200675964355
0.0823516920208931,0.4125485420227051,0.38916945457458496
0.0344671756029129,0.2879432737827301,0.3992006778717041
0.05519280955195427,0.1731123924255371,0.4100916385650635
0.06804975867271423,0.23544113337993622,0.42034387588500977
0.04006573185324669,0.1876104176044464,0.4307723045349121
0.032784342765808105,0.07930272072553635,0.441070556640625
0.05023708939552307,0.040526341646909714,0.4528636932373047
0.04807549715042114,0.22022880613803864,0.4630553722381592
0.037468791007995605,0.09821010380983353,0.4740257263183594
0.09086675196886063,0.03530259430408478,0.4845104217529297
0.0591111034154892,0.40636885166168213,0.4952666759490967
0.12177348136901855,0.2169884741306305,0.5055410861968994
0.10504566878080368,0.5625507831573486,0.5190975666046143
0.05586276203393936,0.34265270829200745,0.5294477939605713
0.044431041926145554,0.12016788870096207,0.5398201942443848
0.03759414330124855,0.026915263384580612,0.5520381927490234
0.03387437015771866,0.04453835263848305,0.563565731048584
0.0421757809817791,0.04304788261651993,0.5761590003967285
0.027686119079589844,0.09197160601615906,0.5898721218109131
0.04026196524500847,0.09682542830705643,0.6016066074371338
0.025896841660141945,0.04896494746208191,0.612013578414917
0.026309428736567497,0.08524887263774872,0.6246433258056641
0.8331843018531799,0.03371771425008774,0.634803056716919
0.6011260747909546,3.831976890563965,0.645233154296875
1.7820202112197876,1.5767738819122314,0.6568353176116943
1.4813629388809204,9.038470268249512,0.6683926582336426
0.8071601986885071,5.543400764465332,0.6802761554718018
0.43659621477127075,1.225132942199707,0.6915557384490967
0.2114463746547699,0.6368464231491089,0.7022089958190918
0.14977185428142548,1.029769778251648,0.7136111259460449
0.5010219216346741,0.4650331735610962,0.7262575626373291
0.35316649079322815,1.9521342515945435,0.7371973991394043
1378.867431640625,108.51255798339844,0.7489917278289795
740.0812377929688,6003.6328125,0.7609312534332275
1783.8616943359375,4077.196044921875,0.7711913585662842
1042.6026611328125,6696.8525390625,0.7827656269073486
585.8536987304688,4585.96142578125,0.7952795028686523
460.7188415527344,1459.67724609375,0.8072006702423096
298.256103515625,1316.872314453125,0.8185563087463379
220.57701110839844,1133.449462890625,0.8291594982147217
1565.509765625,420.9337158203125,0.8406076431274414
1558.2418212890625,9231.583984375,0.8514895439147949
801.8001098632812,5483.81005859375,0.8627467155456543
319.1866455078125,825.91357421875,0.8767490386962891
142.44342041015625,1033.0777587890625,0.8885664939880371
229.4376220703125,940.1911010742188,0.9015271663665771
178.05113220214844,498.0851135253906,0.9125633239746094
169.98861694335938,439.26898193359375,0.9246506690979004
1378.4688720703125,222.45372009277344,0.9361870288848877
1313.0491943359375,7837.25,0.9479920864105225
531.8554077148438,4169.76806640625,0.9585416316986084
315.00616455078125,1205.620849609375,0.9704406261444092
94.61564636230469,523.229248046875,0.9807314872741699
205.36956787109375,659.919189453125,0.9910118579864502
85.14688873291016,585.998779296875,1.0034995079040527
113.02285766601562,464.885986328125,1.0144834518432617
47.25187683105469,183.28717041015625,1.0248053073883057
90.4490966796875,228.6973419189453,1.0349533557891846
40.296653747558594,219.31826782226562,1.0486195087432861
90.8487777709961,193.21173095703125,1.0599687099456787
40.640777587890625,335.719482421875,1.0723185539245605
552.1167602539062,138.85064697265625,1.0828430652618408
643.3865966796875,3722.0908203125,1.095583438873291
257.5016784667969,1804.5550537109375,1.107773780822754
89.60470581054688,583.5732421875,1.1179039478302002
118.7730484008789,369.49993896484375,1.1302878856658936
72.40709686279297,475.2383728027344,1.143458366394043
45.333927154541016,141.8058624267578,1.1544833183288574
38.872318267822266,59.902923583984375,1.1663997173309326
46.2062873840332,60.983863830566406,1.1795227527618408
40.08320236206055,54.7602424621582,1.1898586750030518
70.77811431884766,43.04655075073242,1.2027459144592285
53.451820373535156,390.5253601074219,1.212982416152954
34.06889724731445,98.28662872314453,1.2241051197052002
22.259260177612305,58.365169525146484,1.2342627048492432
23.526626586914062,51.336082458496094,1.245347261428833
24.401338577270508,74.1544418334961,1.2564043998718262
19.203222274780273,52.7264404296875,1.2666871547698975
36.821651458740234,36.879844665527344,1.2791061401367188
23.632225036621094,149.5526123046875,1.290501356124878
17.619415283203125,37.75285339355469,1.301177740097046
16.78764533996582,26.408279418945312,1.3117797374725342
19.1782283782959,16.95469093322754,1.3242926597595215
18.002965927124023,54.16179275512695,1.3350841999053955
17.78242301940918,16.120914459228516,1.3460910320281982
17.519840240478516,14.63459300994873,1.3564026355743408
18.6103572845459,17.990585327148438,1.3679299354553223
16.66126823425293,43.332035064697266,1.3786942958831787
19.602970123291016,55.842041015625,1.3888862133026123
18.378625869750977,43.1819953918457,1.4009418487548828
17.452383041381836,28.124555587768555,1.413794994354248
17.924768447875977,18.96856689453125,1.424783706665039
16.962276458740234,16.95918846130371,1.4372367858886719
14.316041946411133,21.606237411499023,1.4472253322601318
12.909883499145508,27.110939025878906,1.459566593170166
11.853623390197754,21.959762573242188,1.4724938869476318
10.310778617858887,21.171998977661133,1.4838676452636719
11.268694877624512,27.713603973388672,1.495347261428833
12.132490158081055,19.37468910217285,1.5058653354644775
13.667476654052734,13.605789184570312,1.5158755779266357
12.998392105102539,14.377338409423828,1.5270586013793945
11.234214782714844,16.2624568939209,1.5405354499816895
11.179369926452637,27.449031829833984,1.550873041152954
10.357874870300293,19.48423957824707,1.5630450248718262
8.898205757141113,8.530107498168945,1.5736567974090576
7.851150989532471,12.51817798614502,1.5839076042175293
7.010348320007324,11.413233757019043,1.5957484245300293
6.1782612800598145,16.375879287719727,1.6079373359680176
5.457993984222412,20.991525650024414,1.619492530822754
6.132056713104248,16.07712745666504,1.632730484008789
6.631759166717529,12.010709762573242,1.6457860469818115
6.670660018920898,7.693848133087158,1.6563220024108887
6.2083024978637695,5.849874973297119,1.6686651706695557
5.55454158782959,9.51159954071045,1.6790642738342285
5.319182395935059,8.289135932922363,1.6937363147735596
5.023528575897217,7.499583721160889,1.707017183303833
5.592972278594971,5.743837356567383,1.7191152572631836
4.903329372406006,9.137596130371094,1.730823040008545
4.504596710205078,9.860640525817871,1.7414095401763916
4.580592155456543,6.334278106689453,1.754133701324463
4.0928053855896,11.310965538024902,1.7645761966705322
4.031871795654297,6.352919578552246,1.7745490074157715
4.313868045806885,7.423733234405518,1.7846014499664307
5.274603366851807,7.52512788772583,1.7964911460876465
5.629456520080566,6.483648777008057,1.80722975730896
5.783916473388672,6.200356483459473,1.8174827098846436
5.281001567840576,2.9925317764282227,1.828430414199829
3.8758864402770996,13.330978393554688,1.8408699035644531
3.787910223007202,9.305471420288086,1.8508961200714111
3.2049624919891357,11.505632400512695,1.8617968559265137
3.188021183013916,9.69668197631836,1.8729994297027588
2.720250129699707,4.8382415771484375,1.8833961486816406
2.682305335998535,4.918938159942627,1.8956964015960693
3.0779879093170166,3.4630775451660156,1.9068589210510254
3.1737401485443115,7.957420349121094,1.9170396327972412
3.1346676349639893,5.7105937004089355,1.9282147884368896
3.23703670501709,3.914018392562866,1.9435043334960938
3.9915707111358643,3.009150505065918,1.9545013904571533
4.063786029815674,4.948336601257324,1.9644944667816162
4.013887405395508,5.224850177764893,1.9749159812927246
3.834197998046875,9.47939682006836,1.9865131378173828
3.729924201965332,8.169264793395996,1.997267246246338
3.32739520072937,4.831559181213379,2.0074820518493652
3.134370803833008,5.02815580368042,2.018435001373291
2.3879668712615967,9.888322830200195,2.028707265853882
2.4051268100738525,7.185380935668945,2.0395305156707764
2.245239496231079,7.04466438293457,2.0510411262512207
2.2555553913116455,5.2697601318359375,2.0620789527893066
2.144679546356201,3.298715591430664,2.0726828575134277
2.034393072128296,1.5848294496536255,2.0840232372283936
1.941826343536377,2.39528751373291,2.0961339473724365
1.9446669816970825,2.6098713874816895,2.1069302558898926
1.779470443725586,1.6417458057403564,2.1187407970428467
1.7514293193817139,2.9986770153045654,2.128927707672119
2.0265886783599854,4.312821388244629,2.1396420001983643
2.158825635910034,3.3723535537719727,2.1498372554779053
1.9863431453704834,3.456369161605835,2.1618261337280273
10.137275695800781,2.085502862930298,2.172218084335327
8.454182624816895,55.624603271484375,2.1823203563690186
8.68985366821289,35.16074752807617,2.194361686706543
7.296957492828369,35.9993896484375,2.2065422534942627
5.509644985198975,23.997217178344727,2.2167983055114746
3.412837266921997,14.403310775756836,2.2308108806610107
2.846656084060669,7.660089015960693,2.245234251022339
2.4983227252960205,3.659730911254883,2.256676435470581
2.426440954208374,2.7559239864349365,2.2681989669799805
2.4143991470336914,2.3842666149139404,2.2801711559295654
2.2970316410064697,2.873453140258789,2.2929346561431885
2.049262762069702,2.5570011138916016,2.3052055835723877
1.8775744438171387,3.1578598022460938,2.316688299179077
2.0285515785217285,3.912763833999634,2.3293943405151367
1.8824918270111084,3.5491626262664795,2.3403923511505127
2.1456563472747803,3.009746789932251,2.3522825241088867
2.1355173587799072,3.1016058921813965,2.362400531768799
2.1334612369537354,3.120340347290039,2.3734452724456787
1.9723156690597534,5.648632049560547,2.385274887084961
8.338496208190918,3.5245511531829834,2.396603584289551
8.0040283203125,41.62947463989258,2.4067397117614746
5.972911357879639,26.50404930114746,2.4167611598968506
4.879627227783203,15.528215408325195,2.427567720413208
3.864840269088745,6.389954566955566,2.4377758502960205
2.96411395072937,6.190168380737305,2.4489247798919678
3.277726173400879,4.975761413574219,2.461289882659912
3.588411808013916,13.17655086517334,2.471529483795166
2.7052838802337646,11.394237518310547,2.481635570526123
2.256314516067505,4.831525802612305,2.493767738342285
1.8938121795654297,1.945655345916748,2.506119728088379
1.7249163389205933,3.1133642196655273,2.516211986541748
1.8035696744918823,4.029539585113525,2.5289342403411865
1.6578044891357422,3.2629032135009766,2.5412609577178955
1.7119710445404053,2.434915065765381,2.5516576766967773
1.7206159830093384,1.537800908088684,2.561864137649536
1.6368718147277832,2.4276182651519775,2.573385238647461
1.7685602903366089,2.4694786071777344,2.586838483810425
1.7276729345321655,1.8114944696426392,2.59727144241333
1.721921682357788,2.017967939376831,2.6075310707092285
1.6703777313232422,2.1314001083374023,2.6194469928741455
1.6006653308868408,2.7986741065979004,2.6311116218566895
1.4892768859863281,4.0966057777404785,2.64117169380188
1.7076727151870728,2.683396100997925,2.6512789726257324
1.624686598777771,3.2033138275146484,2.6618471145629883
1.6863343715667725,1.7575547695159912,2.6723792552948
1.6581002473831177,2.6050777435302734,2.6823041439056396
1.6043606996536255,1.832412600517273,2.693394660949707
1.4836599826812744,1.6747955083847046,2.7053396701812744
1.3144835233688354,2.694650411605835,2.7167043685913086
0.8982008695602417,2.5143909454345703,2.729006290435791
0.9599379897117615,2.983764171600342,2.740755558013916
0.9727023839950562,4.059176921844482,2.751164674758911
0.8300871849060059,2.3776185512542725,2.7643184661865234
0.8190704584121704,1.7453458309173584,2.777195930480957
0.8215155005455017,1.061824917793274,2.787785530090332
0.8684762120246887,0.9079415798187256,2.798159122467041
0.8702842593193054,0.7881582379341125,2.809534788131714
0.7847222685813904,1.1065996885299683,2.819594144821167
0.6816918849945068,1.5812970399856567,2.829822540283203
0.765301525592804,1.8639264106750488,2.8400721549987793
0.7159054279327393,2.0829343795776367,2.8526854515075684
0.6686723232269287,1.4233050346374512,2.8649814128875732
0.636368989944458,0.9015178680419922,2.8760838508605957
0.5815109610557556,0.5018270611763,2.887727975845337
0.5825155973434448,0.822029709815979,2.897965669631958
0.605664849281311,0.8170751929283142,2.909493923187256
0.5896599888801575,1.1922792196273804,2.921020746231079
0.6210368275642395,1.5929032564163208,2.9321281909942627
0.6062046885490417,1.2329552173614502,2.9438464641571045
0.6815962195396423,0.8514934182167053,2.955409049987793
0.6490439176559448,0.7372052669525146,2.96553111076355
0.570061445236206,0.88539719581604,2.9776954650878906
0.5520651340484619,1.0694422721862793,2.992849826812744
0.5257417559623718,0.5675974488258362,3.004544734954834
0.585762083530426,0.8503748178482056,3.016035795211792
0.5807908177375793,0.6599252820014954,3.0288991928100586
0.5499076247215271,0.7356553673744202,3.0419368743896484
0.5126856565475464,0.9257357120513916,3.054183006286621
0.522520899772644,1.1251170635223389,3.06467866897583
0.5421905517578125,1.0463361740112305,3.0766868591308594
0.5092476010322571,0.9164067506790161,3.090045928955078
0.6014956831932068,0.7982678413391113,3.1011710166931152
0.5710800290107727,1.5673142671585083,3.1123900413513184
0.57645183801651,0.9471862316131592,3.124189853668213
0.52238529920578,0.7648278474807739,3.134289264678955
0.5069043636322021,0.8340905904769897,3.1454975605010986
0.45160427689552307,1.1561052799224854,3.1579694747924805
0.46232378482818604,0.6999055743217468,3.1686744689941406
0.4401806592941284,0.688277542591095,3.1799402236938477
0.40361860394477844,0.31631067395210266,3.1911721229553223
0.3514340817928314,0.6085331439971924,3.2018380165100098
0.3256532549858093,0.6622901558876038,3.2128071784973145
0.3106202185153961,0.5391507744789124,3.2230184078216553
0.2749684453010559,0.3568077087402344,3.2340478897094727
0.25615960359573364,0.4457812011241913,3.2462751865386963
0.2966049611568451,0.40028291940689087,3.257012128829956
0.28974518179893494,0.7162618041038513,3.2690842151641846
0.2881593108177185,0.47653278708457947,3.2793056964874268
0.32987868785858154,0.4705131947994232,3.289573907852173
0.33971261978149414,0.4217539131641388,3.3008503913879395
0.37753766775131226,0.4102352559566498,3.3133981227874756
0.40926888585090637,0.31118419766426086,3.323613166809082
0.39497727155685425,0.329304575920105,3.3345935344696045
0.2919420301914215,0.7935447096824646,3.3452277183532715
0.34374070167541504,0.922423243522644,3.356862783432007
0.278098464012146,1.0702941417694092,3.373055934906006
0.21783018112182617,0.4867493510246277,3.385385274887085
0.21765169501304626,0.42170101404190063,3.3970887660980225
0.1955563724040985,0.43510305881500244,3.4077985286712646
0.23821820318698883,0.3437909483909607,3.4181535243988037
0.2179192304611206,0.3571471869945526,3.42854642868042
0.2007373422384262,0.30362868309020996,3.4401142597198486
0.25391119718551636,0.2384789139032364,3.4502294063568115
0.23298346996307373,0.9361100792884827,3.4621052742004395
0.20236118137836456,0.4353916645050049,3.4725139141082764
0.20852015912532806,0.28051209449768066,3.4828240871429443
0.2140807807445526,0.33863911032676697,3.4939112663269043
0.21580328047275543,0.16215218603610992,3.5060207843780518
0.2035195231437683,0.27250537276268005,3.516087770462036
0.19595886766910553,0.34217163920402527,3.527064323425293
0.19245551526546478,0.33617088198661804,3.538982391357422
0.17236287891864777,0.28124290704727173,3.5499119758605957
0.159486785531044,0.17271141707897186,3.562324047088623
0.17514535784721375,0.44601622223854065,3.5736680030822754
0.15798121690750122,0.20320072770118713,3.585395097732544
0.17095299065113068,0.2550360858440399,3.597381353378296
0.17778974771499634,0.31530076265335083,3.610597610473633
0.19558043777942657,0.25997358560562134,3.620758295059204
0.19315500557422638,0.25437241792678833,3.6308767795562744
0.17411594092845917,0.28127992153167725,3.6413140296936035
0.18109411001205444,0.32529252767562866,3.6544737815856934
0.17897187173366547,0.36263248324394226,3.6648569107055664
0.17920738458633423,0.22740989923477173,3.6761584281921387
0.18064530193805695,0.1207079365849495,3.6900086402893066
0.18130850791931152,0.22253651916980743,3.701103448867798
0.17106379568576813,0.2578745186328888,3.7123923301696777
0.18341949582099915,0.4574449956417084,3.723867416381836
0.1326141655445099,0.44207966327667236,3.7338390350341797
0.214645117521286,0.39316582679748535,3.745252847671509
0.24304361641407013,0.8005326986312866,3.7566938400268555
0.184118390083313,0.4943227171897888,3.7686057090759277
0.1592980921268463,0.20076070725917816,3.7807648181915283
0.16560275852680206,0.20548897981643677,3.791945457458496
0.16959546506404877,0.27614957094192505,3.803579092025757
0.17474745213985443,0.18352894484996796,3.814713954925537
0.20723062753677368,0.17198367416858673,3.8271617889404297
0.19853058457374573,0.46755507588386536,3.8382813930511475
0.17680855095386505,0.24271617829799652,3.84940767288208
0.17974120378494263,0.29116591811180115,3.862518548965454
0.17127767205238342,0.5372105836868286,3.8748674392700195
0.15138067305088043,0.2630715072154999,3.8868632316589355
0.15298466384410858,0.28929802775382996,3.8971943855285645
0.16291764378547668,0.3145884573459625,3.9095821380615234
0.14041179418563843,0.2835230529308319,3.920200824737549
0.1794815957546234,0.332088828086853,3.931713104248047
0.1774110347032547,0.27892544865608215,3.9438633918762207
0.16458013653755188,0.2930116653442383,3.9554505348205566
0.1780702918767929,0.16830796003341675,3.9672091007232666
0.17471371591091156,0.7388136386871338,3.9799227714538574
0.12932461500167847,0.41203904151916504,3.9938433170318604
0.10462754219770432,0.17435729503631592,4.0052385330200195
0.10514694452285767,0.15647755563259125,4.017014741897583
0.1011301800608635,0.15444743633270264,4.029316425323486
0.09801230579614639,0.18605022132396698,4.04103422164917
0.11731836944818497,0.15739211440086365,4.055022478103638
0.11963026970624924,0.3018988370895386,4.065724611282349
0.11400078982114792,0.17450715601444244,4.077683687210083
0.11207571625709534,0.09019272029399872,4.088845729827881
0.11853288114070892,0.09965357929468155,4.100656509399414
0.10044382512569427,0.1766369491815567,4.1121156215667725
0.09311744570732117,0.32018783688545227,4.123723268508911
0.09965188801288605,0.2436545342206955,4.133666515350342
0.08113076537847519,0.18004868924617767,4.145175218582153
0.07345753908157349,0.12608113884925842,4.15722918510437
0.0665108859539032,0.09261267632246017,4.168877124786377
0.06925956904888153,0.08968493342399597,4.180799722671509
0.07267937809228897,0.07655250281095505,4.191952228546143
0.07132069021463394,0.09604378044605255,4.2020111083984375
0.09320075809955597,0.0684264749288559,4.213279724121094
0.08953138440847397,0.21042627096176147,4.225255727767944
0.1069011464715004,0.13437184691429138,4.236871004104614
0.08834017068147659,0.16391001641750336,4.2486512660980225
0.09141302853822708,0.20103947818279266,4.260028123855591
0.07933730632066727,0.1665041595697403,4.271359205245972
0.07295702397823334,0.1898292452096939,4.28227424621582
0.082636259496212,0.12264411896467209,4.29524040222168
0.08380326628684998,0.17492671310901642,4.306394338607788
0.07771960645914078,0.08644276857376099,4.3188416957855225
0.07797589153051376,0.0953889712691307,4.332056999206543
0.07612953335046768,0.12302231043577194,4.343881130218506
0.07217863947153091,0.04620521888136864,4.355808258056641
0.06561511009931564,0.08431422710418701,4.366088151931763
0.05636214092373848,0.11348425596952438,4.379310131072998
0.06385550647974014,0.17879031598567963,4.3901591300964355
0.04878811538219452,0.07317788898944855,4.402958154678345
0.04635314270853996,0.09294194728136063,4.4160895347595215
0.05161594972014427,0.11252656579017639,4.428426504135132
0.04718681052327156,0.0524359829723835,4.4397454261779785
0.04818648099899292,0.06385136395692825,4.451921224594116
0.05147862434387207,0.08117310702800751,4.463987588882446
0.05110369250178337,0.053490523248910904,4.4762818813323975
0.05045995116233826,0.04144098982214928,4.487509727478027
0.04833992198109627,0.06694509834051132,4.497554779052734
0.05057258903980255,0.07947064936161041,4.510099411010742
0.04781891778111458,0.115119569003582,4.521913290023804
0.040646135807037354,0.10641120374202728,4.533997535705566
0.12301502376794815,0.07757102698087692,4.546302795410156
0.09726506471633911,0.4991459548473358,4.558080196380615
0.07978706806898117,0.32309746742248535,4.570207595825195
0.06566674262285233,0.1563395857810974,4.5804643630981445
0.06166134029626846,0.11325152218341827,4.593879222869873
0.06466396898031235,0.06068408861756325,4.6046202182769775
0.06306885927915573,0.05855513736605644,4.616028547286987
0.06023009866476059,0.06757652014493942,4.628315210342407
0.05312519893050194,0.08915941417217255,4.639593601226807
0.0623287670314312,0.09901101887226105,4.650623559951782
0.05053763836622238,0.08186642080545425,4.661860227584839
0.04963649436831474,0.09966287761926651,4.673367500305176
0.04866892471909523,0.07587840408086777,4.68446946144104
0.05467322841286659,0.0981917604804039,4.6979334354400635
0.052197277545928955,0.03809577226638794,4.709563970565796
0.048171453177928925,0.0835106149315834,4.721094608306885
0.045673877000808716,0.044427335262298584,4.7311155796051025
0.04602055624127388,0.10193269699811935,4.742881536483765
0.050020981580019,0.05858660116791725,4.7546563148498535
0.04368463531136513,0.12051515281200409,4.765436172485352
0.04166409373283386,0.056159306317567825,4.7777955532073975
0.04987948015332222,0.09106709808111191,4.789106369018555
0.04818044602870941,0.047627855092287064,4.7989890575408936
0.054377198219299316,0.04724697023630142,4.810423135757446
0.05575991049408913,0.09120074659585953,4.822775602340698
0.049090467393398285,0.049718186259269714,4.83387017250061
0.043145064264535904,0.14463810622692108,4.845874786376953
0.03352983295917511,0.09063351154327393,4.8577470779418945
0.043830130249261856,0.08723074942827225,4.870712995529175
0.038009028881788254,0.14759153127670288,4.880728483200073
0.02825816348195076,0.06802543997764587,4.89195704460144
0.028348363935947418,0.051763758063316345,4.904305934906006
0.031100323423743248,0.05100235715508461,4.915235996246338
0.031933847814798355,0.030632732436060905,4.927250146865845
0.03528440743684769,0.03841419145464897,4.939241409301758
0.03444599360227585,0.05091976746916771,4.953096866607666
0.03486010059714317,0.04904773831367493,4.963828086853027
0.035157009959220886,0.09416453540325165,4.977178335189819
0.03381423279643059,0.03611675649881363,4.987842559814453
0.033098068088293076,0.030318381264805794,4.9995012283325195
0.031176382675766945,0.05874735862016678,5.012220859527588
0.026964355260133743,0.05673573166131973,5.024109840393066
0.02936394326388836,0.1214861124753952,5.03735613822937
0.02553844451904297,0.06415406614542007,5.048513412475586
0.02485596016049385,0.05209755897521973,5.061166763305664
0.02756902389228344,0.029072409495711327,5.072190284729004
0.026712892577052116,0.046888284385204315,5.0849289894104
0.02484305202960968,0.03624994307756424,5.098952770233154
0.026521259918808937,0.023225916549563408,5.110917806625366
0.02356010489165783,0.051682353019714355,5.121619701385498
0.02329351007938385,0.04297291114926338,5.132827043533325
0.022570213302969933,0.031569235026836395,5.145913600921631
0.0206898283213377,0.026255102828145027,5.1567347049713135
0.019537433981895447,0.04009561240673065,5.171943664550781
0.0220906063914299,0.03363090753555298,5.184781312942505
0.023152930662035942,0.036769427359104156,5.195815086364746
0.02365175634622574,0.027967890724539757,5.2069993019104
0.024942994117736816,0.028279896825551987,5.217832088470459
0.02276846207678318,0.028819767758250237,5.230214595794678
0.02109949104487896,0.04658399522304535,5.24052619934082
0.020637109875679016,0.047979723662137985,5.251784324645996
0.019195014610886574,0.06427978724241257,5.2623748779296875
0.018316175788640976,0.023817114531993866,5.273303985595703
0.01893528737127781,0.022701548412442207,5.283522129058838
0.022446993738412857,0.021253205835819244,5.295555353164673
0.022966573014855385,0.025254230946302414,5.306629180908203
0.026869041845202446,0.02465045265853405,5.318514347076416
0.024742253124713898,0.06492834538221359,5.328730583190918
0.022209854796528816,0.04631734639406204,5.340083360671997
0.021286647766828537,0.06620664894580841,5.351399660110474
0.021723035722970963,0.05615509673953056,5.362891912460327
0.02261970192193985,0.05195619538426399,5.374668121337891
0.026065459474921227,0.029809003695845604,5.385675430297852
0.025573963299393654,0.023392610251903534,5.397340774536133
0.022385315969586372,0.02857080288231373,5.409547328948975
0.019213836640119553,0.04009053856134415,5.421245098114014
0.018808184191584587,0.018816227093338966,5.431640625
0.01809341460466385,0.02732842043042183,5.443474292755127
0.020442690700292587,0.019243786111474037,5.454575061798096
0.016675952821969986,0.048856042325496674,5.466360807418823
0.01389121450483799,0.0353938490152359,5.478767156600952
0.014526152983307838,0.03812085837125778,5.490599632263184
0.01578192040324211,0.02774828113615513,5.502256155014038
0.03289837762713432,0.015801921486854553,5.513291120529175
0.028451450169086456,0.07660029083490372,5.524001121520996
0.02471870556473732,0.05595619976520538,5.536003828048706
0.01871868595480919,0.08019053190946579,5.547537326812744
0.01511402241885662,0.014094173908233643,5.558615446090698
0.015536172315478325,0.022569160908460617,5.568907022476196
0.02072037383913994,0.012046314775943756,5.580555438995361
0.01844276674091816,0.06659781187772751,5.594362020492554
0.016057651489973068,0.040757305920124054,5.605466842651367
0.014639231376349926,0.01441267877817154,5.617053747177124
0.014358474873006344,0.013471921905875206,5.629507303237915
0.01385551504790783,0.02232065051794052,5.640835285186768
0.01317162998020649,0.01983356475830078,5.652408599853516
0.015357608906924725,0.047110557556152344,5.663893222808838
0.01392025500535965,0.028247257694602013,5.674832820892334
0.015073403716087341,0.028240786865353584,5.686405181884766
0.016324054449796677,0.016143592074513435,5.700516939163208
0.016684647649526596,0.019923770800232887,5.711655616760254
0.015701813623309135,0.014827407896518707,5.722053289413452
0.014216613955795765,0.020808544009923935,5.7319252490997314
0.011555302888154984,0.02240481600165367,5.742147207260132
0.01118630450218916,0.02408721297979355,5.754043340682983
0.010474583134055138,0.026377543807029724,5.765538454055786
0.009480119682848454,0.01844765432178974,5.777967214584351
0.008324294351041317,0.013558882288634777,5.789317846298218
0.009284844622015953,0.01608007773756981,5.799311637878418
0.009522194974124432,0.021668074652552605,5.810035943984985
0.011016408912837505,0.011997674591839314,5.820260286331177
0.011942951940000057,0.01589963585138321,5.830402374267578
0.012816106900572777,0.010011556558310986,5.8412230014801025
0.012194563634693623,0.014212097972631454,5.852818250656128
0.011924074962735176,0.017864862456917763,5.862894535064697
0.009945224970579147,0.027516093105077744,5.872994899749756
0.009215686470270157,0.024526625871658325,5.884445905685425
0.00960642658174038,0.022756382822990417,5.896486282348633
0.009183624759316444,0.017991049215197563,5.9077324867248535
0.008449007757008076,0.00888280663639307,5.920846223831177
0.007755172438919544,0.013841112144291401,5.9326560497283936
0.008508609607815742,0.011921904981136322,5.944223880767822
0.008993066847324371,0.021517310291528702,5.9573845863342285
0.008737565949559212,0.013432190753519535,5.967358112335205
0.009779089130461216,0.011992942541837692,5.97905969619751
0.010402318090200424,0.013764459639787674,5.991490840911865
0.011548733338713646,0.009114908054471016,6.00299596786499
0.011482891626656055,0.014187412336468697,6.015718460083008
0.011009781621396542,0.012037289328873158,6.027958154678345
0.011024394072592258,0.025372551754117012,6.0397865772247314
0.009134667925536633,0.01509926002472639,6.051429033279419
0.008929373696446419,0.02921765297651291,6.063153982162476
0.007327426224946976,0.016600796952843666,6.073958396911621
0.006420120596885681,0.01415256503969431,6.086206674575806
0.006985205691307783,0.015977825969457626,6.097907066345215
0.006658179685473442,0.009498676285147667,6.110409736633301
0.007052958011627197,0.007886763662099838,6.122946500778198
0.007622217759490013,0.010314693674445152,6.133660554885864
0.00771595211699605,0.00790986604988575,6.14554238319397
0.007618217263370752,0.00551221426576376,6.157092809677124
0.007429742254316807,0.010884144343435764,6.170355319976807
0.007492749486118555,0.009420632384717464,6.180429220199585
0.007185812573879957,0.030267223715782166,6.190487384796143
0.0071535902097821236,0.018547216430306435,6.201566457748413
0.00670273182913661,0.010212311521172523,6.213581800460815
0.007134288549423218,0.009256704710423946,6.225242853164673
0.00725243566557765,0.006505892612040043,6.236652374267578
0.00657851854339242,0.009071537293493748,6.246675252914429
0.0065389154478907585,0.009664613753557205,6.257994651794434
0.006704105529934168,0.009817449375987053,6.270063161849976
0.0069365729577839375,0.005963148549199104,6.281022787094116
0.006462645251303911,0.008143077604472637,6.2928688526153564
0.00649696821346879,0.009948236867785454,6.304751634597778
0.0061352369375526905,0.017712999135255814,6.316269636154175
0.006794224493205547,0.013421493582427502,6.328011512756348
0.00712685426697135,0.021281270310282707,6.339946746826172
0.0073660993948578835,0.009493152610957623,6.351913928985596
0.007575967814773321,0.006322038825601339,6.363596200942993
0.006852156016975641,0.0074770948849618435,6.376736640930176
0.0062900264747440815,0.00867752730846405,6.388316869735718
0.005899281240999699,0.009405005723237991,6.399111270904541
0.005603368394076824,0.006055792327970266,6.411334753036499
0.005896289832890034,0.010021775029599667,6.422673940658569
0.005659028422087431,0.007739041466265917,6.435317516326904
0.005531166214495897,0.022336915135383606,6.447309732437134
0.007258241064846516,0.013563058339059353,6.459640026092529
0.007469234522432089,0.013312702998518944,6.472149133682251
0.0070693353191018105,0.00765835028141737,6.482018232345581
0.0064776865765452385,0.00446731923148036,6.493804693222046
0.0059460001066327095,0.007296022027730942,6.505187273025513
0.005368016194552183,0.006599797401577234,6.515986919403076
0.004835801664739847,0.00976000539958477,6.527745008468628
0.004899546969681978,0.007645622361451387,6.539567232131958
0.005268599838018417,0.0074510774575173855,6.5533447265625
0.005134426523000002,0.00913046021014452,6.564488649368286
0.005049122031778097,0.013575533404946327,6.5775415897369385
0.005838995333760977,0.013838306069374084,6.588376998901367
0.004865465685725212,0.01527245994657278,6.599463701248169
0.01867428794503212,0.006925657391548157,6.611041784286499
0.013459096662700176,0.0362732969224453,6.6229753494262695
0.016185902059078217,0.0387822687625885,6.634768724441528
0.01003268826752901,0.03849950432777405,6.645814657211304
0.014296021312475204,0.035410210490226746,6.657739639282227
0.009713619016110897,0.025283366441726685,6.6693055629730225
0.007975850254297256,0.024530239403247833,6.680928945541382
0.006270423531532288,0.012805231846868992,6.6919989585876465
0.007122039329260588,0.011175760067999363,6.705852746963501
0.006694875191897154,0.010339855216443539,6.716445446014404
0.006445819046348333,0.006042080465704203,6.729120254516602
0.005606141407042742,0.010348277166485786,6.743278980255127
0.04999864101409912,0.004134038463234901,6.754611015319824
0.03852170333266258,0.24650374054908752,6.766597270965576
0.014679985120892525,0.07221489399671555,6.77792501449585
0.017209092155098915,0.0798390731215477,6.7892005443573
0.012734761461615562,0.033059652894735336,6.801268577575684
0.010186206549406052,0.021130487322807312,6.813303232192993
0.006201642099767923,0.032016441226005554,6.824879169464111
0.005785681307315826,0.018608585000038147,6.835870981216431
0.007429453078657389,0.014615642838180065,6.847684144973755
0.006248900666832924,0.025799836963415146,6.861788749694824
0.004981586243957281,0.011826522648334503,6.874321460723877
0.004613756667822599,0.004491691943258047,6.884411334991455
0.004226927645504475,0.00321415183134377,6.895842790603638
0.003976541105657816,0.004692574962973595,6.906036376953125
0.004468009807169437,0.004487010184675455,6.917706489562988
0.0042770784348249435,0.017011037096381187,6.9290077686309814
0.004285070113837719,0.008934536948800087,6.941084861755371
0.003919429611414671,0.006164517253637314,6.951045751571655
0.004116209223866463,0.004849283955991268,6.962116241455078
0.004089161287993193,0.0033906952012330294,6.972947359085083
0.004047167953103781,0.005118840839713812,6.983906269073486
0.004537598695605993,0.004183873534202576,6.9957263469696045
0.004290218465030193,0.010735685005784035,7.006606578826904
0.004520395305007696,0.006321591325104237,7.016735792160034
0.0037979858461767435,0.008444877341389656,7.027954339981079
0.007702182978391647,0.007129669655114412,7.038463354110718
0.005563105456531048,0.03354692831635475,7.0493388175964355
0.0051233889535069466,0.011711939238011837,7.061607122421265
0.004744669422507286,0.01219506748020649,7.073883056640625
0.004585748538374901,0.007535142358392477,7.085482358932495
0.004327659495174885,0.002486142795532942,7.09618616104126
0.004120549652725458,0.003650004044175148,7.107299327850342
0.003810875117778778,0.004491136409342289,7.11753249168396
0.0034836421255022287,0.004766072612255812,7.129107475280762
0.003020239993929863,0.007355143316090107,7.140644550323486
0.0029852658044546843,0.006703774444758892,7.152992248535156
0.003048938699066639,0.008861873298883438,7.16378927230835
0.004021453205496073,0.006874927319586277,7.17383074760437
0.003553911345079541,0.007779340259730816,7.183777093887329
0.003470072755590081,0.005457448773086071,7.1952784061431885
0.003073203843086958,0.005312475375831127,7.205974578857422
0.18008984625339508,0.007766372058540583,7.216028690338135
0.1348779946565628,0.9290957450866699,7.2270636558532715
0.11128085106611252,0.4724474549293518,7.239129066467285
0.04432198032736778,0.28003352880477905,7.2491230964660645
0.062445804476737976,0.1823679506778717,7.260469913482666
0.02669203095138073,0.1727483719587326,7.270876884460449
0.038649965077638626,0.1144847422838211,7.2821204662323
0.030670123174786568,0.1440565288066864,7.293841123580933
0.024099770933389664,0.07851646840572357,7.306636095046997
0.02034357562661171,0.05333702266216278,7.316575050354004
0.018026920035481453,0.032175298780202866,7.328313827514648
0.017644869163632393,0.027999989688396454,7.341606140136719
0.018263066187500954,0.02885400876402855,7.35274338722229
0.020179418846964836,0.023833073675632477,7.36440896987915
0.02190954051911831,0.02540571056306362,7.377806901931763
0.025913922116160393,0.02220265381038189,7.389214277267456
0.025272928178310394,0.044282156974077225,7.400423526763916
0.027898021042346954,0.031106693670153618,7.411905527114868
0.025193974375724792,0.14996521174907684,7.423674821853638
0.0157120730727911,0.038711804896593094,7.435741424560547
0.01589798741042614,0.03754071146249771,7.447478532791138
0.012546446174383163,0.017926521599292755,7.458590269088745
0.012484932318329811,0.02307640202343464,7.470975399017334
0.011669759638607502,0.02814869023859501,7.481880187988281
0.01190995890647173,0.012510215863585472,7.494657039642334
0.010727236047387123,0.015006029047071934,7.505743741989136
0.010460165329277515,0.011591004207730293,7.51860785484314
0.010300706140697002,0.015836888924241066,7.530465841293335
0.01062938291579485,0.01584562659263611,7.54291033744812
0.009982426650822163,0.020443907007575035,7.555078983306885
0.009534688666462898,0.019355081021785736,7.566481590270996
0.010600387118756771,0.015875553712248802,7.578946352005005
0.010580476373434067,0.020514003932476044,7.59010648727417
0.010270698927342892,0.009394962340593338,7.602574348449707
0.009898990392684937,0.013170643709599972,7.61474347114563
0.009382600896060467,0.0137993348762393,7.629025936126709
0.00929558090865612,0.019608743488788605,7.641041994094849
0.009230253286659718,0.011524577625095844,7.652355432510376
0.009904836304485798,0.008568148128688335,7.6636152267456055
0.010354633443057537,0.012128002010285854,7.674712181091309
0.009080477058887482,0.01727285608649254,7.686156749725342
0.012267113663256168,0.04144587367773056,7.697107791900635
0.009555643424391747,0.016649287194013596,7.707995891571045
0.00972363818436861,0.012829441577196121,7.718712091445923
0.010475563816726208,0.02443353645503521,7.729952096939087
0.010075156576931477,0.010371562093496323,7.7409069538116455
0.01088634505867958,0.010592891834676266,7.751965045928955
0.01127574872225523,0.016406364738941193,7.763590097427368
0.011248540133237839,0.010918602347373962,7.774506568908691
0.010126926004886627,0.020206721499562263,7.785686254501343
0.008555462583899498,0.01638554222881794,7.7974042892456055
0.008966661989688873,0.021660104393959045,7.810564756393433
0.00799544807523489,0.019993945956230164,7.822545528411865
0.008085721172392368,0.006006265990436077,7.8344221115112305
0.008201329968869686,0.008209023624658585,7.846341609954834
0.00776659743860364,0.011479292064905167,7.8586695194244385
0.007016030605882406,0.011756975203752518,7.870378732681274
0.006524514872580767,0.010681130923330784,7.883262395858765
0.006882220506668091,0.008780622854828835,7.8954832553863525
0.006078729871660471,0.014150304719805717,7.907366752624512
0.006571492180228233,0.012321697548031807,7.9197797775268555
0.007313762325793505,0.020933398976922035,7.931583881378174
0.0082699591293931,0.012761692516505718,7.94437837600708
0.008868946693837643,0.010908199474215508,7.956414222717285
0.008568706922233105,0.007009599823504686,7.969189882278442
0.006069246679544449,0.02101372927427292,7.984149694442749
0.012822377495467663,0.012765682302415371,8.00094199180603
0.00714027788490057,0.04403785988688469,8.016499280929565
0.012737814337015152,0.028375161811709404,8.03191590309143
0.006075038108974695,0.03945351764559746,8.046621561050415
0.016583506017923355,0.02654338628053665,8.061047792434692
0.00796517264097929,0.06071804463863373,8.071797609329224
0.013125350698828697,0.02959185093641281,8.083678960800171
0.009682406671345234,0.05840297415852547,8.095827341079712
0.008375538513064384,0.027981720864772797,8.107044458389282
0.006048466078937054,0.011557850986719131,8.119376182556152
0.0120522640645504,0.010210561566054821,8.130202770233154
0.011887768283486366,0.06064663827419281,8.14103102684021
0.008542275056242943,0.019311893731355667,8.153369665145874
0.007450323086231947,0.014260631985962391,8.165622472763062
0.0074280924163758755,0.008575034327805042,8.177364110946655
0.006611751392483711,0.015000995248556137,8.188339948654175
0.005866489838808775,0.006441630423069,8.199225902557373
0.005306873936206102,0.011346124112606049,8.213019132614136
0.006947691086679697,0.007429739460349083,8.225281476974487
0.007167687639594078,0.01948312111198902,8.239328622817993
0.007055042777210474,0.005779867991805077,8.25090217590332
0.007152139209210873,0.007246690336614847,8.263160943984985
0.006522434763610363,0.013195374049246311,8.274816274642944
0.006272836122661829,0.013791315257549286,8.286951541900635
0.005625230260193348,0.014561982825398445,8.301336288452148
0.004232482984662056,0.008277544751763344,8.313261032104492
0.0037759942933917046,0.010660947300493717,8.32619047164917
0.00291843106970191,0.01022934541106224,8.338079452514648
0.003170275129377842,0.006627891678363085,8.350053548812866
0.0031418304424732924,0.0057389624416828156,8.364285707473755
0.0030719591304659843,0.0036795458290725946,8.376927852630615
0.003365253796800971,0.007350712548941374,8.39047360420227
0.0031645814888179302,0.0028665156569331884,8.402190208435059
0.002995929680764675,0.003331036539748311,8.414815425872803
0.0028129350394010544,0.004627112299203873,8.428898096084595
0.0023024361580610275,0.005433898884803057,8.441337585449219
0.0025298697873950005,0.007109628990292549,8.453381061553955
0.0024117925204336643,0.0049101365730166435,8.465251684188843
0.002121159341186285,0.00223550945520401,8.47826886177063
0.0020864135585725307,0.002531557809561491,8.490445375442505
0.0021680144127458334,0.0036799442023038864,8.503365993499756
0.0019759712740778923,0.002063192892819643,8.515613794326782
0.0019355504773557186,0.004068783484399319,8.528202056884766
0.0018374702194705606,0.0037565554957836866,8.540252923965454
0.002508212346583605,0.008396429941058159,8.55195927619934
0.0025681632105261087,0.004596714861690998,8.563781023025513
0.002403466496616602,0.0024391822516918182,8.576209306716919
0.002338103484362364,0.00229943566955626,8.588419437408447
0.0022128531709313393,0.0024992350954562426,8.599985599517822
0.0021957573480904102,0.002919621765613556,8.612300157546997
0.0024360723327845335,0.0044229780323803425,8.626213073730469
0.0021389788016676903,0.004268776625394821,8.638065814971924
0.0026842113584280014,0.002598151797428727,8.649837732315063
0.0026551333721727133,0.010751006193459034,8.662606477737427
0.00226282374933362,0.005098505411297083,8.67463231086731
0.0019398331642150879,0.002007635310292244,8.687381982803345
0.002035859040915966,0.002890779171139002,8.69963002204895
0.0021553444676101208,0.0029593505896627903,8.712126016616821
0.0021578434389084578,0.0028569852001965046,8.724050998687744
0.002072019036859274,0.004169788211584091,8.736745357513428
0.0024842554703354836,0.0038275658152997494,8.748617887496948
0.0024894645903259516,0.005915640387684107,8.76191520690918
0.0027337330393493176,0.0031314885709434748,8.774110555648804
0.0027927930932492018,0.0029130324255675077,8.78621530532837
0.002787500387057662,0.003021383658051491,8.797796964645386
0.0024908706545829773,0.0048118168488144875,8.809946775436401
0.002308903494849801,0.0039866468869149685,8.821059226989746
0.0026241682935506105,0.0023965369910001755,8.831971406936646
0.00214240700006485,0.007348770275712013,8.843319654464722
0.0019027431262657046,0.0033720466308295727,8.854397773742676
0.0017073298804461956,0.003125398885458708,8.865466833114624
0.0015564400237053633,0.004393814597278833,8.877071380615234
0.0018461579456925392,0.0030243429355323315,8.888396263122559
0.00197641015984118,0.003921399358659983,8.899600505828857
0.0020489334128797054,0.0019447290105745196,8.911619663238525
0.0019260658882558346,0.00152753631118685,8.923484086990356
0.0017148475162684917,0.0029138459358364344,8.93530821800232
0.0021434223745018244,0.0024111573584377766,8.947503566741943
0.0017035601194947958,0.0058774505741894245,8.960097551345825
0.00180722342338413,0.004008790012449026,8.972423076629639
0.001445861766114831,0.0018897725967690349,8.984310388565063
0.0013279563281685114,0.002650431590154767,8.996607542037964
0.0014604819007217884,0.00260438141413033,9.010552406311035
0.0014499610988423228,0.0022496290039271116,9.023025751113892
0.0014787297695875168,0.001802309532649815,9.03581953048706
0.001552240108139813,0.0013999870279803872,9.04918909072876
0.0016332035884261131,0.0013911329442635179,9.061082601547241
0.001609796192497015,0.00181200064253062,9.072298765182495
0.0014104184228926897,0.0034065386280417442,9.083897113800049
0.001423716195859015,0.0028782470617443323,9.09615969657898
0.0010451751295477152,0.003276923205703497,9.10954999923706
0.00976624060422182,0.0016513795126229525,9.122053384780884
0.009820709936320782,0.0526014119386673,9.133928537368774
0.004846611991524696,0.0196605883538723,9.14616847038269
0.0037465954665094614,0.013573925010859966,9.158240795135498
0.002748392289504409,0.009773246012628078,9.171007633209229
0.0025215044151991606,0.00634059077128768,9.183420419692993
0.002202854258939624,0.005971107631921768,9.195474863052368
0.002511192811653018,0.004349398426711559,9.210169792175293
0.0023234300315380096,0.005841200239956379,9.22411584854126
0.0017603313317522407,0.0040628439746797085,9.235826015472412
0.00182429701089859,0.007141016889363527,9.248029708862305
0.001331000356003642,0.004260325338691473,9.262336492538452
0.001498464960604906,0.0031229949090629816,9.275291442871094
0.0012314957566559315,0.0030122899916023016,9.287002086639404
0.0010765321785584092,0.0018361470429226756,9.297197103500366
0.0009696675115264952,0.001573609421029687,9.309589624404907
0.0009623738005757332,0.0013107986887916923,9.321041107177734
0.0010786985512822866,0.0011681593023240566,9.331959962844849
0.0011141692521050572,0.0010525211691856384,9.342906951904297
0.0011387909762561321,0.0012662780936807394,9.354435205459595
0.001220822217874229,0.0023144923616200686,9.366182327270508
0.0010492665460333228,0.001944611663930118,9.378133773803711
0.0009997590677812696,0.0030036817770451307,9.39053750038147
0.0008376017794944346,0.003666308242827654,9.400676488876343
0.0044763339683413506,0.0024179434403777122,9.412190675735474
0.004051971714943647,0.017641449347138405,9.424413919448853
0.002344920765608549,0.011719628237187862,9.435839176177979
0.0015932159731164575,0.005566130857914686,9.447883129119873
0.0016134037869051099,0.003308836603537202,9.460505247116089
0.0014570860657840967,0.0035208154004067183,9.471380710601807
0.001366849523037672,0.0019232499180361629,9.482299089431763
0.0012969920644536614,0.0013533520977944136,9.493366003036499
0.0012440563878044486,0.002138762269169092,9.504845380783081
0.001165315043181181,0.0011522183194756508,9.516644954681396
0.001121841138228774,0.0012498912401497364,9.528069496154785
0.001129691954702139,0.001808003056794405,9.539155960083008
0.001288398401811719,0.0016793153481557965,9.549782752990723
0.0014339968329295516,0.0019355403492227197,9.562235593795776
0.0012873526429757476,0.0017092573689296842,9.572764158248901
0.0013583129039034247,0.0013828952796757221,9.584257364273071
0.0012843434233218431,0.0026535827200859785,9.596014022827148
0.0011248403461650014,0.0017736682202666998,9.6076819896698
0.0009424410527572036,0.002378565026447177,9.617770433425903
0.0010073024313896894,0.002468107035383582,9.62855839729309
0.0010216126684099436,0.0024062430020421743,9.643869638442993
0.0010848018573597074,0.0013217669911682606,9.654525756835938
0.0011553887743502855,0.001180711085908115,9.667177677154541
0.0011216553393751383,0.0014046990545466542,9.67973780632019
0.001183145446702838,0.0018043977906927466,9.691992282867432
0.001178780454210937,0.0015898853307589889,9.702013969421387
0.0011105018202215433,0.0010863145580515265,9.712384700775146
0.001030564890243113,0.0019797750283032656,9.72437572479248
0.0009212438017129898,0.0013549593277275562,9.735610008239746
0.0008667040965519845,0.002358280820772052,9.74618673324585
0.0006351469783112407,0.0019798700232058764,9.759533882141113
0.0007649636827409267,0.002564792288467288,9.773267030715942
0.0008170264773070812,0.0023983668070286512,9.786234617233276
0.0007130468729883432,0.0010583811672404408,9.801319122314453
0.0006767900777049363,0.0006635456811636686,9.813441753387451
0.0006885718903504312,0.001181978383101523,9.82416033744812
0.0006772654014639556,0.0005137737607583404,9.83412504196167
0.000750905426684767,0.00046574141015298665,9.844534158706665
0.0007808180525898933,0.001013423316180706,9.854193687438965
0.0008176646078936756,0.0008280429756268859,9.864233016967773
0.0010330735240131617,0.005171554628759623,9.874182939529419
0.000709204759914428,0.002603806322440505,9.883960723876953
0.000610015937127173,0.0009852221701294184,9.89466142654419
0.0006099186721257865,0.0007130468729883432,9.904863357543945
0.0005996074760332704,0.0006082678446546197,9.91516637802124
0.0005870499298907816,0.0006720047094859183,9.925340175628662
0.0005513570504263043,0.0006516223656944931,9.935242652893066
0.0005079309339635074,0.000761460221838206,9.945414304733276
0.0004969168221578002,0.0006383570143952966,9.95551323890686
0.0004884281079284847,0.001447124406695366,9.965465784072876
0.0004971101880073547,0.0008577769622206688,9.976207971572876
0.0007162909023463726,0.0011307084932923317,9.986088037490845
0.0007792736287228763,0.0009949427330866456,9.996093034744263
0.0007659642142243683,0.0003640562645159662,10.00640606880188
0.0006679792422801256,0.0008533603977411985,10.016560792922974
0.0005067650345154107,0.0010158028453588486,10.026654720306396
0.0005157851846888661,0.0011797707993537188,10.03580355644226
0.00044901028741151094,0.0011888104490935802,10.04577350616455
0.0005163689493201673,0.0007094445754773915,10.05579924583435
0.0005176282720640302,0.0012278154026716948,10.065131187438965
0.0005807174602523446,0.0011572408257052302,10.075306177139282
0.0006728703156113625,0.0010382594773545861,10.08511471748352
0.0007365079945884645,0.0009251349838450551,10.09548807144165
0.0007665882585570216,0.0005348091362975538,10.105481386184692
0.000719140749424696,0.0007161559769883752,10.115018606185913
0.0006182735087350011,0.0009973433334380388,10.124517679214478
0.0006186508690007031,0.0011427383869886398,10.134215593338013
0.0006064428598619998,0.000990013126283884,10.144672870635986
0.0005273998249322176,0.0009689787984825671,10.15544581413269
0.000521656300406903,0.0012950871605426073,10.165103435516357
0.0005464907153509557,0.0014259940944612026,10.17671799659729
0.0004974995972588658,0.0009110925602726638,10.187089681625366
0.0006600922788493335,0.0009686150588095188,10.20035195350647
0.000657475960906595,0.0013561856467276812,10.211426734924316
0.0005986319738440216,0.0005884773563593626,10.224246501922607
0.0005569466738961637,0.0006907325587235391,10.234155893325806
0.0005492460331879556,0.0009147016098722816,10.245198965072632
0.0005637994036078453,0.0005703409551642835,10.257407903671265
0.0005100163980387151,0.0007010628469288349,10.26879334449768
0.0004991769674234092,0.0008034790516830981,10.280295133590698
0.00046909836237318814,0.0011708795791491866,10.292876720428467
0.0004446469247341156,0.0012043785536661744,10.305196523666382
0.0005477192462421954,0.0014821358490735292,10.31551194190979
0.0004887107643298805,0.0008783491794019938,10.327207326889038
0.0005465226713567972,0.0005683467607013881,10.337515354156494
0.0005459716194309294,0.0007238196558319032,10.347689867019653
0.000550927419681102,0.00045619395677931607,10.35827922821045
0.0005091566708870232,0.0007150786696001887,10.372365951538086
0.0004527439596131444,0.0005604682373814285,10.382832050323486
0.0004175341164227575,0.001377939130179584,10.395621538162231
0.00036508782068267465,0.0004871603159699589,10.407347202301025
0.00034108900581486523,0.0004937878111377358,10.41936707496643
0.00031153790769167244,0.00047518295468762517,10.431316614151001
0.00033534367685206234,0.000694128917530179,10.44340991973877
0.0003226631670258939,0.0006922057364135981,10.455622673034668
0.00041083249379880726,0.0012465455802157521,10.466113090515137
0.0003775155928451568,0.0006895843544043601,10.478843927383423
0.00036542530870065093,0.00038768764352425933,10.491389513015747
0.00036825344432145357,0.00037635359331034124,10.502809047698975
0.00035897045745514333,0.0003724991693161428,10.513633489608765
0.0003742591943591833,0.00038755423156544566,10.525331974029541
0.0003223969251848757,0.0005771877476945519,10.535439252853394
0.0003746176662389189,0.0007964256219565868,10.5459725856781
0.00035092036705464125,0.0007979283691383898,10.557993412017822
0.00029075320344418287,0.0009636810282245278,10.568999528884888
0.0002586993796285242,0.000517459528055042,10.580645561218262
0.0003349601465743035,0.00040918117156252265,10.59155011177063
0.0002838970976881683,0.0006097993464209139,10.603270292282104
0.00059654435608536,0.0005836433847434819,10.613746166229248
0.0004934322787448764,0.0023536477237939835,10.623906373977661
0.0003919832524843514,0.0004840471956413239,10.634695768356323
0.0003868509957101196,0.0005208110087551177,10.646737098693848
0.00034728171885944903,0.000388503132853657,10.657156229019165
0.0003304239362478256,0.0006215706234797835,10.668808698654175
0.0003306899161543697,0.0005950577324256301,10.679226875305176
0.00029653465026058257,0.0007421232294291258,10.690215826034546
0.00028944219229742885,0.0004891575081273913,10.700334072113037
0.0002982724108733237,0.00032115448266267776,10.712466478347778
0.0002927011519204825,0.0005542609142139554,10.724053144454956
0.00027152636903338134,0.0003610833955463022,10.736669540405273
0.0002423122787149623,0.0007102839881554246,10.746878147125244
0.00020214816322550178,0.0005853777984157205,10.760525465011597
0.00034844319452531636,0.0004349267401266843,10.772643804550171
0.00035694416146725416,0.0012780512915924191,10.783562898635864
0.00029543275013566017,0.0006698754732497036,10.794885396957397
0.0003013095411006361,0.00039281119825318456,10.805661916732788
0.0003096285799983889,0.00029644204187206924,10.815918684005737
0.0003268652071710676,0.0001910015125758946,10.827187299728394
0.0003245037223678082,0.0003791390045080334,10.837574481964111
0.0002728999243117869,0.0003104414790868759,10.847983837127686
0.0002140789438271895,0.0006877061678096652,10.85961127281189
0.00019507145043462515,0.00043071736581623554,10.869937419891357
0.00018438221013639122,0.00036299441126175225,10.881537199020386
0.00016989030700642616,0.0002976488904096186,10.891961336135864
0.00015659350901842117,0.00037315464578568935,10.904958963394165
0.0002055894728982821,0.00031081188353709877,10.915267944335938
0.00020609010243788362,0.0004719769931398332,10.927215814590454
0.00021130077948328108,0.0002578304847702384,10.939741134643555
0.0003998973115812987,0.00016757019329816103,10.951104640960693
0.00039290261338464916,0.0015945675550028682,10.962910175323486
0.00027459184639155865,0.0005781438085250556,10.975258111953735
0.0002341345534659922,0.0004444213700480759,10.987488269805908
0.00020154521916992962,0.0007130499579943717,10.998116493225098
0.00017070877947844565,0.0003691552847158164,11.01102352142334
0.00019477418391034007,0.0002735119196586311,11.026373147964478
0.0001910101273097098,0.0003378633700776845,11.04106593132019
0.00017932233458850533,0.0001917143090395257,11.056177377700806
0.0001754516561049968,0.00019113169400952756,11.076868772506714
0.00017540119006298482,0.0002594987745396793,11.087241172790527
0.00017552914505358785,0.00017271158867515624,11.09788703918457
0.0001704675960354507,0.00023362507636193186,11.10748839378357
0.00015615823213011026,0.0002852204779628664,11.116657972335815
0.00015687251288909465,0.00046104990178719163,11.128859281539917
0.0001983917609322816,0.0004281440342310816,11.139204025268555
0.00020954206411261111,0.0003752101620193571,11.148643970489502
0.00018622046627569944,0.00031000652234070003,11.158304691314697
0.0001708355121081695,0.00020577668328769505,11.168013334274292
0.0001851087436079979,0.00020750323892571032,11.17857813835144
0.00018097928841598332,0.0002868946467060596,11.189165115356445
0.0001754975237417966,0.00015474458632525057,11.199224472045898
0.00017996615497395396,0.0002567018964327872,11.210062742233276
0.0001476037868997082,0.0003095270076300949,11.220345497131348
0.00017300287436228245,0.0006105307256802917,11.230863571166992
0.00017342015053145587,0.00043651749729178846,11.241297006607056
0.00015937323041725904,0.00026696803979575634,11.251599550247192
0.00015263486420735717,0.00017978639516513795,11.263004064559937
0.00017719548486638814,0.00013467384269461036,11.275324583053589
0.00020062153635080904,0.0005346250254660845,11.288058280944824
0.00019144213001709431,0.0003771183255594224,11.299796342849731
0.00018495327094569802,0.00012016076652798802,11.312339544296265
0.00018274383910465986,0.00013385766942519695,11.32473087310791
0.00017071767069865018,0.0003254002658650279,11.336544275283813
0.00015435696695931256,0.00020821912039536983,11.34960150718689
0.00015251492732204497,0.0005220389575697482,11.362432479858398
0.00017332886636722833,0.0004284036112949252,11.37477421760559
0.0001654473162489012,0.00025154341710731387,11.386786699295044
0.00015382781566586345,0.00014443107647821307,11.39931035041809
0.00013728007616009563,0.0001454085431760177,11.41201639175415
0.00013140687951818109,0.00021654146257787943,11.425295352935791
0.00012386446178425103,0.00013615655188914388,11.43704628944397
0.00011888579319929704,0.00015767414879519492,11.449524164199829
0.00013035129813943058,0.0002717242168728262,11.462331533432007
0.00012787496962118894,0.00016780458099674433,11.474557638168335
0.0001287457562284544,0.00034642632817849517,11.487042665481567
0.0001365213975077495,0.0002231813414255157,11.499146938323975
0.000128525571199134,0.00014653107791673392,11.511563539505005
0.00011702231859089807,0.00012044534378219396,11.524557113647461
0.00010757867130450904,0.00014855971676297486,11.539225101470947
9.261806553695351e-05,0.0001340339658781886,11.551505088806152
0.00010280477727064863,0.00018391167395748198,11.563371896743774
0.00011580806312849745,0.0002173087268602103,11.575328588485718
9.613469592295587e-05,0.0002025216381298378,11.587789058685303
0.000162017677212134,0.00019629481539595872,11.59995698928833
0.00014080310938879848,0.0005383507814258337,11.61206340789795
0.00012003449955955148,0.00028493450372479856,11.622936487197876
9.274756303057075e-05,0.00019543063535820693,11.633794784545898
8.982606959762052e-05,0.0001626685116207227,11.645426511764526
8.311159763252363e-05,0.00017593693337403238,11.658077955245972
9.540429891785607e-05,0.0001343378535239026,11.669973134994507
9.305429557571188e-05,0.00012449856149032712,11.681115865707397
0.0003913284162990749,7.384774653473869e-05,11.69291377067566
0.00035044027026742697,0.0019580316729843616,11.703805923461914
0.0002131440123775974,0.0006192144355736673,11.715781688690186
0.0001933241874212399,0.0005359762581065297,11.728312969207764
0.00016195382340811193,0.0002878091181628406,11.740725994110107
0.0001457485486753285,0.00041876130853779614,11.75287127494812
0.00015131857071537524,0.00019941452774219215,11.764525890350342
0.0001432096032658592,0.00021393811039160937,11.77719521522522
0.00013785278133582324,0.00019641626568045467,11.788940191268921
0.0001306084741372615,0.000259882042882964,11.800741195678711
0.00010716913675423712,0.00025944190565496683,11.812650203704834
0.0014702602056786418,0.00012759877427015454,11.825323343276978
0.0017438294598832726,0.009460531175136566,11.837476015090942
0.000741183350328356,0.005236401688307524,11.85006332397461
0.0002266836236231029,0.0006122108898125589,11.862273454666138
0.0002773010637611151,0.001122720423154533,11.873982429504395
0.00020370290440041572,0.0008178809657692909,11.886406898498535
0.00014985022426117212,0.0005572200752794743,11.898792505264282
0.00023988771135918796,0.0003648306301329285,11.912101030349731
0.0002173246757593006,0.000578481238335371,11.925265550613403
0.00022516406897921115,0.000432210712460801,11.937036991119385
0.00018484174506738782,0.0002461122930981219,11.95073676109314
0.00013411600957624614,0.0005303183570504189,11.964430570602417
0.00011907552107004449,0.00048045828589238226,11.977553367614746
8.970137423602864e-05,0.00027505491743795574,11.990346431732178
8.305250958073884e-05,0.0001408650423400104,12.002351760864258
6.988113455008715e-05,0.00017425414989702404,12.013294458389282
7.63215430197306e-05,0.00013464926450978965,12.024221658706665
6.926192145328969e-05,8.178838470485061e-05,12.03494668006897
7.715034007560462e-05,8.295600855490193e-05,12.045689821243286
7.680889393668622e-05,9.181570931104943e-05,12.056375741958618
0.00010189181921305135,8.401227387366816e-05,12.067508935928345
7.489354902645573e-05,0.00024519485305063426,12.078868389129639
0.00017738810856826603,0.00019165407866239548,12.090188980102539
0.0001259561104234308,0.0007505881949327886,12.101795434951782
0.00011351299326634035,0.0004098557401448488,12.113896608352661
8.191799861378968e-05,0.0002889327588491142,12.126076698303223
9.183609654428437e-05,0.0001638209942029789,12.13793420791626
8.295822772197425e-05,0.00010441138874739408,12.149883508682251
8.597507985541597e-05,0.00010827418009284884,12.162429571151733
7.264519081218168e-05,0.0001536532217869535,12.174297094345093
7.669434126000851e-05,0.00011646312486846,12.186809778213501
6.46086482447572e-05,0.00013050630514044315,12.199440956115723
7.256150274770334e-05,8.941642590798438e-05,12.211981296539307
5.71253513044212e-05,0.00015626881213393062,12.223448514938354
0.011354958638548851,0.0006536733126267791,12.234217643737793
0.009011497721076012,0.05667220428586006,12.245238065719604
0.006447675172239542,0.03042130172252655,12.255963802337646
0.0034679234959185123,0.015481410548090935,12.26712942123413
0.002705205697566271,0.009527782909572124,12.278647661209106
0.003200046718120575,0.006522195879369974,12.290310382843018
0.0016871185507625341,0.01028138305991888,12.30184555053711
0.0022957553155720234,0.0061376746743917465,12.313878774642944
0.0019686762243509293,0.008945057168602943,12.326112270355225
0.0018973955884575844,0.004162654280662537,12.337763547897339
0.0019357148557901382,0.002452252898365259,12.349851608276367
0.0020121291745454073,0.0019048732938244939,12.362004280090332
0.001514995121397078,0.006011714693158865,12.374448537826538
0.0013519319472834468,0.004183307755738497,12.387914657592773
0.001156782964244485,0.0035189988557249308,12.399853229522705
0.0007390506216324866,0.002208517864346504,12.412343502044678
0.00101600238122046,0.0019010081887245178,12.42437219619751
0.000640743353869766,0.0036887219175696373,12.435980081558228
0.0007716149557381868,0.0020004622638225555,12.448710203170776
0.0005450324388220906,0.0019517227774485946,12.462040662765503
0.0005668204976245761,0.001614285516552627,12.474209785461426
0.0005828806315548718,0.0009332745685242116,12.48573637008667
0.0005763781373389065,0.0006416240357793868,12.497785806655884
0.0005010162713006139,0.000991453300230205,12.510335445404053
0.0005005523562431335,0.0010051539866253734,12.522218704223633
0.0005005097482353449,0.0010194869246333838,12.533838033676147
0.0004957989440299571,0.0007483105291612446,12.54609751701355
0.0005844560801051557,0.00047590298345312476,12.559391975402832
0.000596995756495744,0.0013837706064805388,12.572870969772339
0.0005554010276682675,0.0005370317376218736,12.584697246551514
0.0005363146774470806,0.0005139363347552717,12.596695184707642
0.0005107703618705273,0.000987253268249333,12.609353065490723
0.0004791025712620467,0.0007480899221263826,12.621177911758423
0.0005276682786643505,0.0009278717334382236,12.633350849151611
0.0005739065818488598,0.0010100394720211625,12.645349025726318
0.0005332528962753713,0.0005853608017787337,12.657381772994995
0.0004765907069668174,0.0007638098904863,12.669793844223022
0.0004652404459193349,0.0011190680088475347,12.68210482597351
0.0005275692674331367,0.0007011868874542415,12.694708108901978
0.0005734118749387562,0.0009035856928676367,12.706848859786987
0.0005767825641669333,0.0005877256626263261,12.718493938446045
0.0005754404119215906,0.0005677633453160524,12.730542421340942
0.000562327797524631,0.0010210295440629125,12.745053768157959
0.00047288284986279905,0.0006399618578143418,12.757528305053711
0.00047614704817533493,0.0012226621620357037,12.769065618515015
0.0004166970611549914,0.0005957206012681127,12.781759977340698
0.0003712177276611328,0.0005220500170253217,12.795367956161499
0.00032336931326426566,0.0008996588876470923,12.807579040527344
0.00031985354144126177,0.00048070590128190815,12.819423198699951
0.0003712652251124382,0.0006582487840205431,12.83109736442566
0.00048171813250519335,0.0003994616854470223,12.84364652633667
0.00045869892346672714,0.0007708094199188054,12.855940103530884
0.0003941277973353863,0.0005701466579921544,12.867962837219238
0.00041052111191675067,0.001281184027902782,12.880841732025146
0.00041245855391025543,0.0008904881542548537,12.893223285675049
0.0003914615954272449,0.00034803658491000533,12.90523624420166
0.0003918914298992604,0.000361812039045617,12.91684365272522
0.00038147959276102483,0.0005913919303566217,12.928544521331787
0.00037010281812399626,0.00038159123505465686,12.937967538833618
0.0003194574674125761,0.0008483622805215418,12.94809341430664
0.00025379465660080314,0.00066993577638641,12.959338665008545
0.0002707582025323063,0.0007786498754285276,12.971126556396484
0.00025510965497232974,0.000609619717579335,12.983603954315186
0.0002256702136946842,0.00037784865708090365,12.995870590209961
0.0002195725537603721,0.0003550595138221979,13.007986783981323
0.00021836499217897654,0.0005003283149562776,13.019752979278564
0.00020119315013289452,0.00028568378183990717,13.031666040420532
0.0002364239771850407,0.00027587663498707116,13.044788360595703
0.00026656416594050825,0.0007181726396083832,13.056858777999878
0.00024612920242361724,0.0003924579359591007,13.068344831466675
0.00025056576123461127,0.0001848796382546425,13.080565690994263
0.00025367666967213154,0.0002673922572284937,13.094743251800537
0.00025019669556058943,0.0002901015686802566,13.108072757720947
0.0002421331882942468,0.0008171686204150319,13.120055437088013
0.00022418347361963242,0.0005796373006887734,13.132175207138062
0.0002068553731078282,0.00032142989221028984,13.145262956619263
0.00021452608052641153,0.0004498249909374863,13.156014204025269
0.00022849767992738634,0.00028002960607409477,13.167842149734497
0.0002452733460813761,0.00020765516092069447,13.178906440734863
0.00024623196804895997,0.00016750443319324404,13.190016508102417
0.00020042287360411137,0.00039885129081085324,13.201075792312622
0.00019909166439902037,0.00036732814623974264,13.212180376052856
0.00016916914319153875,0.0004882985958829522,13.222892045974731
0.0004057114419993013,0.0003387511533219367,13.233667135238647
0.0002766778052318841,0.0016685430891811848,13.245307207107544
0.00020716448489110917,0.0006938576116226614,13.256046056747437
0.0001909092243295163,0.00034677525400184095,13.266847848892212
0.0001575850765220821,0.000287989794742316,13.278875350952148
0.010607365518808365,0.000497328641358763,13.289745569229126
0.006652600131928921,0.048599906265735626,13.300426483154297
0.005519534926861525,0.023049360141158104,13.312011241912842
0.0022501416970044374,0.01026101317256689,13.32313323020935
0.002830228768289089,0.011692779138684273,13.334654808044434
0.0015324150444939733,0.004793545696884394,13.345792055130005
0.0028652213513851166,0.005771120078861713,13.357171297073364
0.0020729589741677046,0.0056457011960446835,13.369052171707153
0.0014520419063046575,0.0070442757569253445,13.380517959594727
0.0016575908521190286,0.006886604707688093,13.39195442199707
0.0012199776247143745,0.004164201207458973,13.404363870620728
0.0009686468984000385,0.003025985090062022,13.416177034378052
0.0009364933939650655,0.001488865353167057,13.428148746490479
0.0009476487757638097,0.0009430609061382711,13.44017219543457
0.0010540314251556993,0.0009057378629222512,13.45197868347168
0.0010380056919530034,0.0014911305624991655,13.464930057525635
0.00095875293482095,0.0010558409849181771,13.47706413269043
0.0008800364448688924,0.001768467016518116,13.488876819610596
0.0007485694950446486,0.0017795937601476908,13.500970363616943
0.000773971201851964,0.001950765261426568,13.512849807739258
0.0007049148553051054,0.0012779966928064823,13.524726152420044
0.0008182679302990437,0.0008016387582756579,13.536584854125977
0.0007421876071020961,0.0017820348730310798,13.548784732818604
0.0007097122143022716,0.0008975130040198565,13.561346292495728
0.0006933378172107041,0.0007222217973321676,13.573338747024536
0.0006747182924300432,0.0011094431392848492,13.58514952659607
0.0007335486588999629,0.0011614637915045023,13.597216844558716
0.0006885053589940071,0.0017734274733811617,13.609871625900269
0.0007880319026298821,0.0010067082475870848,13.621612548828125
0.0007971281884238124,0.0013948382111266255,13.634389877319336
0.0007974934414960444,0.0007685081800445914,13.648283243179321
0.0007409803802147508,0.0005710305413231254,13.660370349884033
0.0006532514817081392,0.0011564258020371199,13.672314882278442
0.0005771805881522596,0.0006142407655715942,13.684062480926514
0.0004917550832033157,0.0017721133772283792,13.697432041168213
0.0005886337603442371,0.0013614149065688252,13.710410594940186
0.0004550415033008903,0.0015722728567197919,13.722125053405762
0.0031417228747159243,0.0008366344845853746,13.734030961990356
0.0027509641367942095,0.014953701756894588,13.746161937713623
0.0018990740645676851,0.008608966134488583,13.758581638336182
0.0010827690130099654,0.004849001299589872,13.770487308502197
0.0007745982729829848,0.0023972289636731148,13.782633304595947
0.0007312780362553895,0.0022455055732280016,13.7954421043396
0.0007162788533605635,0.001061106682755053,13.807707786560059
0.0005850459565408528,0.0013651332119479775,13.8201322555542
0.0005596543778665364,0.001655264524742961,13.832423686981201
0.0006060699815861881,0.001364267896860838,13.844550132751465
0.0004675082163885236,0.0009168557007797062,13.855350017547607
0.0008399962680414319,0.0007460074848495424,13.866456985473633
0.000681683246511966,0.003850714536383748,13.87803053855896
0.0005047185113653541,0.0016487766988575459,13.889375925064087
0.00044333544792607427,0.0009327293373644352,13.900516271591187
0.0004136913048569113,0.000923110288567841,13.911726474761963
0.00040742161218076944,0.0005390877486206591,13.922953367233276
0.0003638946218416095,0.0006129764951765537,13.936216831207275
0.00039633086998946965,0.0005197911523282528,13.94798994064331
0.00037406545015983284,0.0007078982889652252,13.960201025009155
0.00042055826634168625,0.0006563469069078565,13.971337080001831
0.00038495910121127963,0.0007090801955200732,13.982590436935425
0.00044139171950519085,0.0006762489792890847,13.994227409362793
0.00042977952398359776,0.0006024923641234636,14.005371570587158
0.0004346051428001374,0.0005596966948360205,14.01622200012207
0.00031885950011201203,0.00089029356604442,14.0286865234375
0.00029593572253361344,0.0009365133591927588,14.039311408996582
0.00024341882090084255,0.0009477916173636913,14.050024271011353
0.0002484493306837976,0.0005990658537484705,14.061844825744629
0.0002187686477554962,0.0005051085609011352,14.072693586349487
0.00040554592851549387,0.0003008507192134857,14.083215236663818
0.0003699994704220444,0.0018175867153331637,14.094387769699097
0.0002597195270936936,0.0007348143262788653,14.104563474655151
0.0002450894098728895,0.0003801313287112862,14.114963293075562
0.00023269651865120977,0.00027485546888783574,14.12462043762207
0.00023502521798945963,0.00022178547806106508,14.134447813034058
0.0002334571472601965,0.0003996772284153849,14.144907236099243
0.00022988792625255883,0.00018207637185696512,14.15589427947998
0.00024616054724901915,0.00030199490720406175,14.165802717208862
0.0002331136493012309,0.00031871034298092127,14.176090717315674
0.00026781391352415085,0.0011115178931504488,14.185376405715942
0.00020361428323667496,0.0007703669252805412,14.195388555526733
0.0003078554873354733,0.00043480898602865636,14.206063747406006
0.0002646114444360137,0.0008689600508660078,14.216884136199951
0.0002012545010074973,0.0004216237284708768,14.227756977081299
0.00018882297445088625,0.00034686856088228524,14.239635944366455
0.0001681167632341385,0.000309019407723099,14.250946044921875
0.0001627633027965203,0.00021181569900363684,14.262340784072876
0.00018228881526738405,0.0001899645576486364,14.274128437042236
0.00016372209938708693,0.0002911509363912046,14.285142660140991
0.0001553820911794901,0.0002523963339626789,14.296446800231934
0.0002020585525315255,0.00017523302813060582,14.309436082839966
0.0002006066351896152,0.0006162145873531699,14.322038888931274
0.00017627097258809954,0.0003541245823726058,14.334348201751709
0.0001752353855408728,0.00017191711231134832,14.347982406616211
0.0001545473642181605,0.00025512324646115303,14.360424757003784
0.0001537044590804726,0.0002611442469060421,14.373038291931152
0.0001630045589990914,0.0003756909864023328,14.385326385498047
0.00014313518477138132,0.00021508298232220113,14.396673440933228
0.00014999056293163449,0.0002911796036642045,14.409982681274414
0.00015662780788261443,0.00016146311827469617,14.420841693878174
0.00015208368131425232,0.0001319125440204516,14.43214225769043
0.00015405060548800975,0.0002367388951824978,14.444284677505493
0.00017066496366169304,0.00022732611978426576,14.455374240875244
0.00013409195526037365,0.0003083334304392338,14.468312501907349
0.00039890798507258296,0.00022707408061251044,14.480041027069092
0.00026672944659367204,0.001671827514655888,14.49193286895752
0.00035527764703147113,0.0008691826951690018,14.504471063613892
0.00022311101201921701,0.0010585390264168382,14.516282320022583
0.00019151472952216864,0.0006048808572813869,14.528574466705322
0.0001577756047481671,0.00026642243028618395,14.541475057601929
0.00017353141447529197,0.00027480520657263696,14.55360722541809
0.0001432634744560346,0.0003453441895544529,14.565605878829956
0.0001318365684710443,0.0002082417777273804,14.57858920097351
0.00012499767763074487,0.0002523618168197572,14.590494871139526
0.00014628522330895066,0.0001455406309105456,14.602946519851685
0.00012008114572381601,0.0004200029361527413,14.615580558776855
0.00019122945377603173,0.0001700376597000286,14.627951383590698
0.0001862450153566897,0.0006026645423844457,14.643728971481323
0.000155813671881333,0.0002699882606975734,14.656264305114746
0.0001509614521637559,0.0002255485742352903,14.668741464614868
0.00016297493129968643,0.00020094240608159453,14.683213233947754
0.00015691330190747976,0.00011127246398245916,14.698863744735718
0.00014877082139719278,0.0002367341221543029,14.711371183395386
0.0001544859551358968,0.000254012004006654,14.727068424224854
0.00013865869550500065,0.0003061670868191868,14.73965048789978
0.00011850392183987424,0.00020785619562957436,14.75224781036377
0.00010530546569498256,0.0004256115935277194,14.76551866531372
9.788870374904945e-05,0.00021762454707641155,14.776432991027832
8.851105667417869e-05,0.00018647346587385982,14.788541793823242
8.808405254967511e-05,0.0001281840814044699,14.799471378326416
7.673462823731825e-05,0.00019710700144059956,14.812192678451538
9.94491419987753e-05,0.0001809760433388874,14.824904203414917
8.475034701405093e-05,0.0002721613273024559,14.837680578231812
8.222790347645059e-05,0.00010300858411937952,14.851282358169556
8.818267087917775e-05,8.438681834377348e-05,14.864578008651733
0.00020837319607380778,6.475605187006295e-05,14.878357648849487
0.00014558889961335808,0.0008691429975442588,14.891547441482544
8.438738586846739e-05,0.00019610476738307625,14.903734922409058
7.425063085975125e-05,0.0002912362106144428,14.915961503982544
0.00010910640412475914,0.0001939029898494482,14.92715072631836
9.972604311769828e-05,0.00023381483333650976,14.93872356414795
8.07048927526921e-05,0.0001233298535225913,14.949453830718994
7.883552461862564e-05,0.00025093555450439453,14.961472511291504
6.612395372940227e-05,0.00015447440091520548,14.973198652267456
6.464745092671365e-05,6.027711424394511e-05,14.98483419418335
6.545791984535754e-05,5.514950316864997e-05,14.99681544303894
5.940171831753105e-05,6.289626617217436e-05,15.009899139404297
5.221302490099333e-05,7.027981337159872e-05,15.0223548412323
5.1180901209590957e-05,0.00011439908121246845,15.03468942642212
4.2496321839280427e-05,9.555459837429225e-05,15.047069549560547
4.344471381045878e-05,0.00013589735317509621,15.059965133666992
4.5367603888735175e-05,0.0001416228769812733,15.072359323501587
5.3860847401665524e-05,9.041337762027979e-05,15.085084438323975
5.0886679673567414e-05,6.120963371358812e-05,15.097899913787842
4.441124474396929e-05,5.4288604587782174e-05,15.111051082611084
4.142120815231465e-05,5.519118712982163e-05,15.123716831207275
4.218767935526557e-05,5.962333671050146e-05,15.13758897781372
4.130997331230901e-05,2.8709284379146993e-05,15.150671482086182
3.9791651943232864e-05,4.58550603070762e-05,15.163456201553345
3.6797006032429636e-05,7.492924487451091e-05,15.17664122581482
3.981240661232732e-05,0.00011309933324810117,15.189373254776001
3.4137141483370215e-05,0.00015072569658514112,15.202279090881348
3.438606290728785e-05,7.14064299245365e-05,15.215677261352539
3.853128509945236e-05,7.024010119494051e-05,15.229131937026978
3.8330272218445316e-05,3.3600703318370506e-05,15.24267053604126
3.3528664062032476e-05,4.678858749684878e-05,15.255369663238525
3.419881613808684e-05,6.717885116813704e-05,15.268240451812744
3.356114393682219e-05,6.423469312721863e-05,15.28121018409729
3.1605519325239584e-05,1.4930069482943509e-05,15.294917345046997
2.894160570576787e-05,3.558678872650489e-05,15.307575941085815
2.6890447770711035e-05,3.979139728471637e-05,15.320391178131104
2.8590573492692783e-05,0.0001062985829776153,15.333561658859253
2.470669278409332e-05,5.720334957004525e-05,15.346808433532715
2.223718911409378e-05,3.9771261072019115e-05,15.360410690307617
2.014357414736878e-05,2.3375485397991724e-05,15.374690771102905
2.0255782146705315e-05,2.582419074315112e-05,15.38814663887024
2.0230050722602755e-05,2.914813558163587e-05,15.400839567184448
2.004828638746403e-05,1.5886793335084803e-05,15.414492130279541
1.870650885393843e-05,4.2802330426638946e-05,15.428305625915527
1.813730523281265e-05,2.6634239475242794e-05,15.441963911056519
1.914364838739857e-05,4.473712033359334e-05,15.454851865768433
1.823701495595742e-05,4.160098251304589e-05,15.46864128112793
2.188033795391675e-05,2.760386632871814e-05,15.481802225112915
2.5509303668513894e-05,2.3070409952197224e-05,15.49559211730957
2.3409071218338795e-05,2.374153700657189e-05,15.509378671646118
2.1773577827843837e-05,3.583146826713346e-05,15.522432565689087
2.2450047254096717e-05,3.4436157875461504e-05,15.53615665435791
2.1016319806221873e-05,1.951747435668949e-05,15.549216747283936
1.9604935005190782e-05,2.8126194592914544e-05,15.562860488891602
1.8483382518752478e-05,4.4024887756677344e-05,15.57721209526062
2.022791341005359e-05,3.974343417212367e-05,15.59029483795166
1.7389229469699785e-05,6.285380368353799e-05,15.603091478347778
1.8214985175291076e-05,3.3539909054525197e-05,15.61651062965393
1.7767584722605534e-05,3.0229039111873135e-05,15.629097938537598
1.7608957932679914e-05,2.1283614842104726e-05,15.642777681350708
1.8004151570494287e-05,1.865777448983863e-05,15.655482530593872
1.7393189409631304e-05,1.7282598491874523e-05,15.667807817459106
1.7157741240225732e-05,2.621240128064528e-05,15.680535554885864
1.9101935322396457e-05,3.331646803417243e-05,15.693387746810913
1.772719951986801e-05,3.630324863479473e-05,15.707938194274902
1.7893138647195883e-05,2.2384387193596922e-05,15.720476388931274
1.8517290300223976e-05,1.3031263733864762e-05,15.732519149780273
1.8542061297921464e-05,1.5461459042853676e-05,15.74492073059082
1.812806112866383e-05,2.2283376893028617e-05,15.756552934646606
1.7533677237224765e-05,4.8151370720006526e-05,15.768457651138306
1.766155219229404e-05,3.8826579839223996e-05,15.780060291290283
1.4023751646163873e-05,4.83244402857963e-05,15.791452407836914
1.1928341336897574e-05,2.2629761588177644e-05,15.802712202072144
1.375495321553899e-05,2.6150009944103658e-05,15.81463885307312
1.485431130276993e-05,1.9953000446548685e-05,15.827019691467285
1.6869333194335923e-05,1.7193236999446526e-05,15.838766098022461
1.77960901055485e-05,1.5334073395933956e-05,15.850460052490234
1.5862715372350067e-05,2.074095027637668e-05,15.862833976745605
1.4066054063732736e-05,4.8482448619324714e-05,15.876056909561157
1.2145022083132062e-05,2.3686952772550285e-05,15.88866925239563
1.157841325039044e-05,1.785060521797277e-05,15.901376485824585
1.200923725264147e-05,1.635492117202375e-05,15.914501905441284
1.2114901437598746e-05,1.4359620763571002e-05,15.927146911621094
1.1287002962490078e-05,2.1808069504913874e-05,15.93982195854187
2.5414856281713583e-05,1.3787039279122837e-05,15.952304124832153
2.6630274078343064e-05,0.0001119642038247548,15.965500831604004
1.973070902749896e-05,6.883278547320515e-05,15.978240013122559
1.6933423466980457e-05,1.6761914594098926e-05,15.989813327789307
1.771155984897632e-05,1.9053522919421084e-05,16.00154685974121
1.6823340047267266e-05,3.1578849302604795e-05,16.013418674468994
1.3735315405938309e-05,1.4384702808456495e-05,16.02611231803894
1.3389346349867992e-05,3.8441892684204504e-05,16.038312673568726
1.0270246093568858e-05,2.4452345314784907e-05,16.050888538360596
1.2912773854623083e-05,1.8251659639645368e-05,16.063803672790527
1.270234406547388e-05,3.837792610283941e-05,16.077094316482544
1.0394748642283957e-05,2.3961260012583807e-05,16.090245723724365
1.0738071068772115e-05,1.618048372620251e-05,16.10273241996765
1.1450993042672053e-05,2.2265796360443346e-05,16.11561894416809
1.0669155017239973e-05,1.3766729352937546e-05,16.12868070602417
1.095518109650584e-05,1.1336175703036133e-05,16.140259265899658
1.1701627045113128e-05,1.5381416233140044e-05,16.151854038238525
1.1847013411170337e-05,1.0704736268962733e-05,16.163827180862427
1.2581629562191665e-05,1.2779516509908717e-05,16.176109790802002
1.202839303005021e-05,2.470605068083387e-05,16.18765950202942
1.4836596164968796e-05,2.2392528990167193e-05,16.199633836746216
1.3741035218117759e-05,3.4214295737911016e-05,16.21234130859375
1.1090171028627083e-05,2.4648448743391782e-05,16.224639654159546
1.8181193809141405e-05,1.6452278941869736e-05,16.23617434501648
1.936328408191912e-05,9.738046355778351e-05,16.247700452804565
1.2708332178590354e-05,4.7932513552950695e-05,16.259954690933228
1.0711856702982914e-05,2.4825469154166058e-05,16.271620512008667
1.0146624845219776e-05,1.6138046703417785e-05,16.283202409744263
9.577949640515726e-06,7.441974503308302e-06,16.29548192024231
9.164331459032837e-06,1.2105440873710904e-05,16.30697202682495
9.503181900072377e-06,8.000034540600609e-06,16.318519353866577
8.417062417720445e-06,2.1566773284575902e-05,16.330491304397583
8.075476216617972e-06,1.35103136926773e-05,16.342747926712036
8.172839443432167e-06,1.1863186955451965e-05,16.35398554801941
8.576183063269127e-06,1.2845544006268028e-05,16.36566948890686
9.63325692282524e-06,1.4964498404879123e-05,16.378267526626587
1.0738865967141464e-05,1.3116457012074534e-05,16.390204906463623
1.1211845048819669e-05,1.1329272638249677e-05,16.40326452255249
1.992527541005984e-05,9.669485734775662e-06,16.414913654327393
1.8141334294341505e-05,7.055830064928159e-05,16.42727780342102
1.4187184206093661e-05,2.668445995368529e-05,16.43896245956421
1.202008752443362e-05,2.8567741537699476e-05,16.450724601745605
1.0859022950171493e-05,2.9181606805650517e-05,16.46230721473694
0.00020646527991630137,9.050255357578862e-06,16.47398543357849
0.00018974603153765202,0.000878727063536644,16.486034870147705
0.00011284275387879461,0.000280539010418579,16.498728275299072
0.00011134591477457434,0.00031388731440529227,16.512319564819336
9.04680709936656e-05,0.0003401552967261523,16.524417877197266
6.34819662082009e-05,0.00010673431097529829,16.536895036697388
5.065735604148358e-05,0.0001932058803504333,16.549471616744995
2.9661650842172094e-05,0.00014323841605801135,16.562032461166382
8.454175986116752e-05,9.919430158333853e-05,16.57435655593872
9.01433959370479e-05,0.0003525378415361047,16.58656358718872
7.558496872661635e-05,0.00011797152546932921,16.59932041168213
7.704662857577205e-05,8.504778816131875e-05,16.61207389831543
5.741817949456163e-05,0.0002238579181721434,16.624810218811035
3.005430153280031e-05,0.00011627095227595419,16.636385202407837
4.388669185573235e-05,0.00017750765255186707,16.6499125957489
3.5285822377773e-05,0.00010039128392236307,16.662917375564575
2.4627634047647007e-05,5.0189551984658465e-05,16.676663398742676
2.177084934373852e-05,6.1441955040209e-05,16.689109086990356
1.7881904568639584e-05,4.9221380322705954e-05,16.700782537460327
1.6770800357335247e-05,1.902096119010821e-05,16.713937759399414
1.6988369679893367e-05,1.6867441445356235e-05,16.72710657119751
1.5777672160766087e-05,1.724321919027716e-05,16.739974975585938
1.4770157577004284e-05,1.9575183614506386e-05,16.752415657043457
1.433455508959014e-05,2.1910038412897848e-05,16.764937162399292
1.3532366210711189e-05,2.5455885406699963e-05,16.778010606765747
1.50018831845955e-05,3.1886782380752265e-05,16.79066753387451
1.4014053704158869e-05,2.5626768547226675e-05,16.802459239959717
2.021712134592235e-05,2.230847894679755e-05,16.815088272094727
1.8535336494096555e-05,4.689477282227017e-05,16.828675746917725
1.768469883245416e-05,2.7715988835552707e-05,16.84088134765625
1.3935162314737681e-05,3.774445576709695e-05,16.852632761001587
5.8985886425944045e-05,1.6612942999927327e-05,16.86506962776184
4.863098729401827e-05,0.00025322180590592325,16.879075527191162
3.495854252832942e-05,9.104598575504497e-05,16.891588926315308
2.386897904216312e-05,8.139437704812735e-05,16.903112411499023
2.5090945200645365e-05,5.964530646451749e-05,16.914942741394043
2.0903869881294668e-05,7.020597695372999e-05,16.928223848342896
3.767226735362783e-05,4.171350155957043e-05,16.941384077072144
2.6746523872134276e-05,0.00013813405530527234,16.953128337860107
2.4957958885352127e-05,5.812180461362004e-05,16.96485185623169
1.7583395674591884e-05,6.07819456490688e-05,16.977071285247803
1.5712419553892687e-05,3.8848898839205503e-05,16.988853931427002
1.1354022717569023e-05,4.225978409522213e-05,17.00035858154297
1.961154703167267e-05,2.9057437131996267e-05,17.012341499328613
1.8673659724299796e-05,6.353232311084867e-05,17.024236917495728
1.7126738384831697e-05,2.963177212222945e-05,17.035887479782104
1.4724188986292575e-05,1.8926177290268242e-05,17.047728538513184
1.410287313774461e-05,3.26315093843732e-05,17.060545206069946
1.3828788723913021e-05,2.9388422262854874e-05,17.073043823242188
1.3216214028943796e-05,1.8141303371521644e-05,17.08456802368164
1.330648683506297e-05,1.720901309454348e-05,17.09674334526062
1.312882795900805e-05,9.181421773973852e-06,17.10861825942993
1.3036795280640945e-05,1.2614329534699209e-05,17.12022614479065
1.2049395081703551e-05,1.6266118109342642e-05,17.13247513771057
1.2609424629772548e-05,3.232655581086874e-05,17.144675254821777
9.952656910172664e-06,1.9941795471822843e-05,17.156813383102417
9.87813291430939e-06,2.4507942725904286e-05,17.168258666992188
9.49016884987941e-06,2.532175312808249e-05,17.18009376525879
1.1407210877223406e-05,1.7732076230458915e-05,17.193799018859863
1.1611568879743572e-05,2.343815503991209e-05,17.20582127571106
1.0894072147493716e-05,6.812259016442113e-06,17.217493772506714
9.853279152594041e-06,1.7363221559207886e-05,17.229259490966797
8.828991667542141e-06,1.2687824892054778e-05,17.241302490234375
8.289769539260305e-06,1.2269284525245894e-05,17.254310369491577
8.026933755900245e-06,9.327301995654125e-06,17.266433715820312
8.812220585241448e-06,9.356956070405431e-06,17.27895998954773
7.79254060034873e-06,1.4930605175322853e-05,17.290898084640503
6.112254595791455e-06,1.2324155250098556e-05,17.30271315574646
6.032142209733138e-06,2.7484311431180686e-05,17.314793348312378
4.634285232896218e-06,1.884013727249112e-05,17.32807755470276
5.274229806673247e-06,1.2046330994053278e-05,17.34057307243347
7.557265234936494e-06,7.680405360588338e-06,17.352288246154785
6.202873009897303e-06,8.895468454284128e-06,17.36444115638733
5.259362751530716e-06,1.4344477676786482e-05,17.37704634666443
5.926327958150068e-06,1.0322011803509668e-05,17.38948702812195
5.079197762825061e-06,9.325619430455845e-06,17.401256322860718
4.8343090384150855e-06,6.567058335349429e-06,17.414489030838013
4.8192969188676216e-06,4.605117283063009e-06,17.428220748901367
4.6162676881067455e-06,5.781150775874266e-06,17.439971208572388
7.356282367254607e-06,5.047616923548048e-06,17.45147156715393
6.9503630584222265e-06,2.0714913262054324e-05,17.463990926742554
5.852401500305859e-06,9.950816092896275e-06,17.47766637802124
6.827382094343193e-06,1.1369257663318422e-05,17.49040460586548
6.451116405514767e-06,1.4096000086283311e-05,17.503031730651855
1.2690352377831005e-05,9.161692105408292e-06,17.514702796936035
9.577713171893265e-06,3.152773933834396e-05,17.527111053466797
1.133659498009365e-05,2.045321889454499e-05,17.539692401885986
7.0596197474515066e-06,3.599131741793826e-05,17.552690267562866
2.3077001969795674e-05,2.342213520023506e-05,17.565035343170166
1.9738390619750135e-05,0.00011620581790339202,17.578081607818604
1.5351359252235852e-05,6.1011218349449337e-05,17.589781999588013
8.960141713032499e-06,3.4554941521491855e-05,17.601973295211792
1.632057137612719e-05,1.897934816952329e-05,17.614378213882446
1.1319928489683662e-05,6.890298391226679e-05,17.627612829208374
8.736707059142645e-06,2.2299949705484323e-05,17.644173622131348
6.943918833712814e-06,2.387880340393167e-05,17.656845331192017
6.206332727742847e-06,1.0790030501084402e-05,17.668594121932983
5.636203241010662e-06,8.51357890496729e-06,17.681756258010864
6.610240689042257e-06,4.638524842448533e-06,17.694225549697876
5.861384579475271e-06,2.6282181352144107e-05,17.70566964149475
4.93739162266138e-06,1.0599266715871636e-05,17.716509103775024
4.565034032566473e-06,9.312708243669476e-06,17.728543043136597
4.388808065414196e-06,2.8643503355851863e-06,17.73976969718933
4.286810963094467e-06,6.669561571470695e-06,17.7505362033844
4.956458269589348e-06,5.691649676009547e-06,17.762144088745117
4.354707925813273e-06,1.2020193025819026e-05,17.773203134536743
4.03034800910973e-06,8.791831533017103e-06,17.784639835357666
4.21980030296254e-06,6.537189619848505e-06,17.795647621154785
4.253514816809911e-06,4.6983363972685765e-06,17.807844161987305
3.271660898462869e-05,1.3789291415378102e-06,17.81930446624756
2.4232887881225906e-05,0.00013774819672107697,17.831053256988525
2.4451261197100393e-05,6.686767301289365e-05,17.843701601028442
1.7808608390623704e-05,4.837901360588148e-05,17.855393171310425
1.5264937246683985e-05,3.355359149281867e-05,17.86686420440674
1.460936437069904e-05,2.1704276150558144e-05,17.88098978996277
1.3926159226684831e-05,1.2611176316568162e-05,17.893255949020386
1.3294902601046488e-05,2.2996769985184073e-05,17.90470600128174
1.20293625514023e-05,1.5367166270152666e-05,17.916600227355957
1.1232099495828152e-05,2.9776238079648465e-05,17.930049419403076
9.71282224782044e-06,2.0098721506656148e-05,17.945330142974854
9.53160270000808e-06,8.87470923771616e-06,17.95625948905945
9.85580754786497e-06,1.1286379958619364e-05,17.96750497817993
1.0810627827595454e-05,1.2689824870903976e-05,17.978519678115845
1.1273661584709771e-05,1.9189414160791785e-05,17.98971152305603
1.0089224815601483e-05,2.043716267507989e-05,18.00064754486084
1.2665559552260675e-05,1.651984166528564e-05,18.011964082717896
1.3854425560566597e-05,4.967988206772134e-05,18.022659301757812
1.0889186341955792e-05,2.415345807094127e-05,18.033883094787598
1.0078601007990073e-05,1.1673030712699983e-05,18.04536747932434
1.0077115803142078e-05,1.1946353879466187e-05,18.056866884231567
1.1375670510460623e-05,1.0530606232350692e-05,18.06857204437256
7.207341241155518e-06,3.55907941411715e-05,18.080576181411743
4.52734320788295e-06,2.7497007977217436e-05,18.09273672103882
9.015665455081034e-06,2.0460414816625416e-05,18.104369640350342
8.151360816555098e-06,2.165129808417987e-05,18.117173671722412
6.827849119872553e-06,1.0318815839127637e-05,18.129546880722046
5.800826784252422e-06,7.932198059279472e-06,18.141653776168823
5.0689086492639035e-06,1.0046898751170374e-05,18.1533522605896
5.307331775838975e-06,5.709310244128574e-06,18.164966106414795
3.773492835534853e-06,1.6918018445721827e-05,18.177038192749023
3.7808904380653985e-06,9.394231710757595e-06,18.188629150390625
3.1553329336020397e-06,7.637685484951362e-06,18.200653791427612
3.7405377497634618e-06,6.130985184427118e-06,18.21361780166626
3.6389949400472688e-06,6.144354301795829e-06,18.227028846740723
4.352570158516755e-06,4.004645234090276e-06,18.239048719406128
3.795398015427054e-06,5.936349680268904e-06,18.25066900253296
3.485456090857042e-06,7.802896107023116e-06,18.261921882629395
2.7722026061383076e-06,6.588464657397708e-06,18.27292251586914
2.845971266651759e-06,7.027132141956827e-06,18.28423047065735
2.4119290173985064e-06,3.6193150663166307e-06,18.296760082244873
2.3878185402281815e-06,3.459322215348948e-06,18.307836771011353
2.3526397399109555e-06,2.4931184725573985e-06,18.31867003440857
2.2059773527871585e-06,3.947231562051456e-06,18.329569816589355
5.8966315918951295e-06,2.579477495601168e-06,18.340998649597168
5.622925073112128e-06,2.7084261091658846e-05,18.352447509765625
4.9704581215337384e-06,1.1837797501357272e-05,18.36398148536682
4.470797648536973e-06,8.042549779929686e-06,18.3765652179718
4.9162017603521235e-06,5.173784757062094e-06,18.388394832611084
4.494808763411129e-06,6.933846179890679e-06,18.400202751159668
9.315314855484758e-06,4.258963599568233e-06,18.41348385810852
6.732891961291898e-06,4.599877502187155e-05,18.426174879074097
4.634164724848233e-06,1.2876255823357496e-05,18.4384822845459
3.253857357776724e-06,1.06456227513263e-05,18.45049548149109
3.6982753499614773e-06,6.161285000416683e-06,18.463507175445557
3.014120693478617e-06,9.035840776050463e-06,18.477197647094727
3.0792380130151287e-06,4.0599406929686666e-06,18.489073038101196
2.850456894520903e-06,5.927944130235119e-06,18.501663208007812
2.97389624392963e-06,3.2934010505414335e-06,18.513488292694092
2.548812972236192e-06,4.77077219329658e-06,18.52663803100586
3.387259130249731e-05,1.3670630778506165e-06,18.53822684288025
2.353073432459496e-05,0.00012400401465129107,18.550403118133545
2.2024853024049662e-05,6.72808600938879e-05,18.564188241958618
1.7170224964502268e-05,5.8434237871551886e-05,18.57773184776306
1.3556011253967881e-05,1.9206967408536002e-05,18.58997631072998
1.2207539839437231e-05,2.5070456104003824e-05,18.602006912231445
1.0922699402726721e-05,1.1341241588525008e-05,18.61318826675415
8.2777623902075e-06,1.7126780221587978e-05,18.6271071434021
9.601381862012204e-06,1.3723460142500699e-05,18.63965606689453
7.589419055875624e-06,4.642374915420078e-05,18.652930736541748
5.9894391597481444e-06,1.9428067389526404e-05,18.66682720184326
3.914634362445213e-06,1.0466028470546007e-05,18.679211378097534
4.812302449863637e-06,9.428870725969318e-06,18.691207885742188
5.025861355534289e-06,1.14807189675048e-05,18.701964139938354
5.757809049100615e-06,7.434464350808412e-06,18.71290135383606
5.8522527979221195e-06,6.133765054983087e-06,18.723662614822388
6.409653451555641e-06,4.784632437804248e-06,18.73467445373535
5.965904620097717e-06,1.0552261301199906e-05,18.74567937850952
5.112165126774926e-06,9.647784281696659e-06,18.756338834762573
4.378794983495027e-06,2.172819949919358e-05,18.76716375350952
4.129110493522603e-06,1.1926395927730482e-05,18.778592824935913
3.0193489237717586e-06,1.0078350896947086e-05,18.7893967628479
2.639555304995156e-06,5.820930255140411e-06,18.80100917816162
2.8373065106279682e-06,4.506287496042205e-06,18.812068462371826
3.433646043049521e-06,2.903191671066452e-06,18.82337498664856
3.3189069199579535e-06,3.2631178328301758e-06,18.836873292922974
3.130452114419313e-06,7.54909615352517e-06,18.84832739830017
2.852589432222885e-06,6.522138846776215e-06,18.860743522644043
2.999761591127026e-06,4.484819328354206e-06,18.873657941818237
2.8622143872780725e-06,4.296581664675614e-06,18.88651943206787
2.61722175309842e-06,1.8133954426957644e-06,18.89924168586731
2.4390758426307e-06,4.083423391421093e-06,18.910897254943848
2.8342087716737296e-06,2.908243686761125e-06,18.926167011260986
2.2929539227334317e-06,8.240895112976432e-06,18.940102338790894
3.700593879329972e-06,3.695326086017303e-06,18.953354835510254
3.595457656047074e-06,9.106371180678252e-06,18.967248916625977
3.2152609037439106e-06,4.9124851102533285e-06,18.98120617866516
2.851247472790419e-06,3.452807959547499e-06,18.995360612869263
2.767429350569728e-06,5.81187578063691e-06,19.008613348007202
2.48256446866435e-06,3.3170642836921616e-06,19.021570920944214
4.665483629651135e-06,2.556019126132014e-06,19.034350395202637
4.772359716298524e-06,2.4581388061051257e-05,19.046557664871216
2.953041530417977e-06,1.2205260645714588e-05,19.059407949447632
2.4516709800082026e-06,6.865375326015055e-06,19.070348262786865
2.8346610179141862e-06,3.0566134228138253e-06,19.081998348236084
2.9390751024038764e-06,3.911738076567417e-06,19.09507441520691
2.667289663804695e-06,2.22874473365664e-06,19.10834527015686
2.6259917831339408e-06,6.9120042098802514e-06,19.120193004608154
2.226195192633895e-06,3.5421940083324444e-06,19.13281273841858
1.905428462123382e-06,2.454074547131313e-06,19.145349502563477
1.7482618659414584e-06,3.3405351587134646e-06,19.160128831863403
1.464767365177977e-06,3.156415914418176e-06,19.172443151474
5.607394541584654e-06,2.250022362204618e-06,19.18387460708618
4.754625933856005e-06,1.9674647774081677e-05,19.19552755355835
3.2174111765925772e-06,1.3337375094124582e-05,19.2067449092865
3.288207381046959e-06,6.167753326735692e-06,19.217960596084595
2.802701601467561e-06,4.976314357918454e-06,19.229309558868408
2.9368657123995945e-06,4.179556071903789e-06,19.240562438964844
2.849813654393074e-06,4.445855211088201e-06,19.251821517944336
2.6223565328109544e-06,2.2710328266839497e-06,19.263415575027466
2.445659447403159e-06,3.5529628803487867e-06,19.274658918380737
2.2128940599941416e-06,4.367789188108873e-06,19.286038875579834
2.114998324032058e-06,3.4375486848148284e-06,19.297980546951294
1.8315255374545814e-06,3.896474481734913e-06,19.310463190078735
1.5233125623126398e-06,1.9477492969599552e-06,19.32279682159424
1.4971330983826192e-06,3.4616382436070126e-06,19.33518147468567
1.4593018704545102e-06,2.3199936549644917e-06,19.34790015220642
1.7294865983785712e-06,2.5394158456037985e-06,19.360494136810303
1.9645140127977356e-06,3.224301508453209e-06,19.373096466064453
2.1983209990139585e-06,2.1191256109887036e-06,19.385470151901245
2.348226644244278e-06,1.8646387616172433e-06,19.397939920425415
2.230797690572217e-06,2.219146153947804e-06,19.410448789596558
1.781706032488728e-06,6.491838576039299e-06,19.42168354988098
1.7560554397277883e-06,3.742721219168743e-06,19.433234691619873
1.5233295016514603e-06,2.964217173939687e-06,19.445086002349854
1.7029968830684084e-06,2.0343441065051593e-06,19.456366539001465
1.7896810504680616e-06,9.4219876700663e-06,19.467983722686768
9.996016387958662e-07,4.447148512554122e-06,19.480645179748535
1.057317831509863e-06,2.4057933387666708e-06,19.493366718292236
1.433948000340024e-06,1.9139367850584676e-06,19.506337881088257
1.4555847656083643e-06,2.145288362953579e-06,19.5192551612854
1.2154335990999243e-06,1.1374611403880408e-06,19.532621145248413
1.0958676739392104e-06,3.432966423133621e-06,19.54629421234131
1.0768767424451653e-06,2.197203912146506e-06,19.559463500976562
1.0166641004616395e-06,1.351051082565391e-06,19.57205080986023
1.1025872481695842e-06,1.210969685416785e-06,19.58500075340271
1.1092828344771988e-06,1.0446768783367588e-06,19.59805202484131
1.0141664006368956e-06,1.2509004818639369e-06,19.611660718917847
1.0083532515636762e-06,1.6436617897852557e-06,19.625370264053345
1.0027195003203815e-06,3.231488562960294e-06,19.638508558273315
8.284881118925114e-07,2.9640027605637442e-06,19.651737689971924
1.657721782066801e-06,1.9871511085511884e-06,19.66479468345642
1.3910449752074783e-06,5.358927865017904e-06,19.678314685821533
1.1523096645760234e-06,3.2939351513050497e-06,19.692766904830933
1.0412176152385655e-06,1.7562632592671434e-06,19.705191612243652
1.0306811191185261e-06,8.335128427461314e-07,19.71844244003296
1.0710093647503527e-06,1.0428768746351125e-06,19.732970714569092
1.0157161796087166e-06,1.080829179045395e-06,19.746370315551758
8.615563729108544e-07,1.2528355455287965e-06,19.75930953025818
8.344736102117167e-07,1.5861136262174114e-06,19.770946502685547
7.470095511052932e-07,1.3727745908909128e-06,19.782694578170776
8.31259967526421e-07,1.4682415212519118e-06,19.794769287109375
7.974446134539903e-07,1.2037464784953045e-06,19.80651092529297
6.912227377142699e-07,2.0041654806846054e-06,19.818701028823853
1.026772110890306e-06,1.7709900248519261e-06,19.831152200698853
9.546229193801992e-07,3.3423571039747912e-06,19.844510555267334
1.072743202712445e-06,1.6935475741775008e-06,19.857683897018433
1.1658851235551992e-06,1.4119927982392255e-06,19.86997127532959
1.2184424349470646e-06,9.351835501547612e-07,19.882880449295044
1.182380970021768e-06,6.18393187323818e-07,19.8959801197052
1.0956900950986892e-06,1.4024515166966012e-06,19.909414529800415
8.761999197304249e-07,1.580536491019302e-06,19.922123908996582
7.825636885172571e-07,2.4490684609190794e-06,19.93486738204956
6.444019504669996e-07,1.3964397567178821e-06,19.947851181030273
6.634811597905355e-07,1.5510617004110827e-06,19.96105980873108
6.748575174242433e-07,1.2824400528188562e-06,19.973944664001465
7.080486170707445e-07,1.3667254279425833e-06,19.98660159111023
6.634391525039973e-07,1.2328586080911919e-06,19.999298810958862
7.096363106029457e-07,1.3796354778605746e-06,20.012308597564697
7.014978109509684e-07,1.2955889587829006e-06,20.026023387908936
7.152272019084194e-07,8.492839356222248e-07,20.03885245323181
7.193515330072842e-07,1.0860688917091466e-06,20.051421880722046
7.495164027204737e-07,1.3308849702298176e-06,20.0640971660614
7.957831371641078e-07,1.0901258065132424e-06,20.077129364013672
8.234148367591843e-07,9.324730854132213e-07,20.089550495147705
8.100175250547181e-07,6.822423301855451e-07,20.103617191314697
7.912676665000618e-07,1.1358612255207845e-06,20.11649179458618
8.357442879969312e-07,1.2882549071946414e-06,20.129852294921875
8.872040666574321e-07,2.1414966795418877e-06,20.143311023712158
7.393248324660817e-07,1.2300432672418538e-06,20.156634092330933
8.89316254415462e-07,1.4575149407392018e-06,20.169870615005493
9.439158361601585e-07,2.439799118292285e-06,20.18252682685852
1.0501273663976463e-06,9.632111641622032e-07,20.195594310760498
8.337879648934177e-07,1.901022415040643e-06,20.207788467407227
1.0408509751869133e-06,1.4369193195307162e-06,20.21959924697876
9.695251037555863e-07,3.975399522460066e-06,20.231698513031006
8.766796213421912e-07,1.2972549257028732e-06,20.244731664657593
8.497018484376895e-07,1.207110472023487e-06,20.25669527053833
9.06379682419356e-07,8.393263897232828e-07,20.268547296524048
8.106811719699181e-07,2.0793263502127957e-06,20.28065276145935
7.68122959016182e-07,9.612442681827815e-07,20.29275393486023
7.41050939723209e-07,9.64115770329954e-07,20.30453658103943
7.970905357979063e-07,8.210174655687297e-07,20.31664538383484
6.961951157791191e-07,2.259922666780767e-06,20.328920602798462
6.480583465418022e-07,1.2083306728527532e-06,20.34112000465393
6.734828730259323e-07,1.31326885366434e-06,20.353241205215454
7.121200269466499e-07,9.569855592417298e-07,20.365506410598755
8.550466077394958e-07,8.366062616005365e-07,20.378957509994507
6.478817340394016e-07,1.0865303465834586e-06,20.393347024917603
6.785786581531283e-07,2.5404540338058723e-06,20.406379461288452
5.49382434655854e-07,9.824008202485857e-07,20.41801929473877
5.37187361260294e-07,9.527955171506619e-07,20.43017053604126
5.302362069414812e-07,7.462725761797628e-07,20.44442367553711
5.021402671445685e-07,9.318903266830603e-07,20.45725989341736
5.028022656006215e-07,7.455021773239423e-07,20.470950841903687
5.346608418221876e-07,1.0165178991883295e-06,20.484062433242798
5.663775368702773e-07,7.750378472337616e-07,20.49722981452942
5.856195457454305e-07,4.2505135411374795e-07,20.509973764419556
6.27279575837747e-07,6.417573104045005e-07,20.522196054458618
5.520376475942612e-07,7.295435011656082e-07,20.53554892539978
4.779505502483516e-07,1.1684909395626164e-06,20.548826217651367
4.444621879429178e-07,9.978778052754933e-07,20.562020540237427
3.913870614269399e-07,8.291496556012135e-07,20.575271606445312
4.3126169657625724e-07,6.616970722461701e-07,20.587254285812378
4.385129273032362e-07,1.037205834109045e-06,20.60021996498108
4.248148286478681e-07,5.049525384492881e-07,20.61221218109131
4.2475082295823086e-07,5.852714366483269e-07,20.626816511154175
4.1779972548283695e-07,4.526762040768517e-07,20.63909101486206
4.0902168052525667e-07,8.166277325472038e-07,20.651413202285767
4.1196068423232646e-07,4.3684070760718896e-07,20.664503812789917
4.654757503885776e-07,4.064377492341009e-07,20.678208351135254
4.668069948365883e-07,5.629880206470261e-07,20.692771911621094
4.7879291287245e-07,6.762662110304518e-07,20.70575737953186
4.844014824811893e-07,1.420082639924658e-06,20.718602180480957
3.698224873005529e-07,9.204621278513514e-07,20.731369495391846
4.0363264020015777e-07,1.2202307289044256e-06,20.74531650543213
3.810268367487879e-07,7.540433557551296e-07,20.759915351867676
3.6177874562781653e-07,5.328800511961163e-07,20.771127700805664
3.3312400660179264e-07,4.0818875390868925e-07,20.78218126296997
3.1300999125960516e-07,4.5133862158763804e-07,20.793336391448975
2.5697676164782024e-07,5.242563929641619e-07,20.80535054206848
2.5042044171641464e-07,4.654605163523229e-07,20.816996097564697
2.403197925104905e-07,4.357602847449016e-07,20.828725576400757
2.3244759006502136e-07,2.986270715155115e-07,20.843366384506226
2.6888278625847306e-07,2.903069855619833e-07,20.855674505233765
2.942526577953686e-07,2.3592961895246845e-07,20.868510007858276
2.9716258609369106e-07,2.978670181619236e-07,20.8802170753479
2.746409393239446e-07,3.916651678537164e-07,20.890077829360962
2.483290586496878e-07,8.023374107324344e-07,20.90232563018799
2.610086937693268e-07,5.00477540299471e-07,20.914998769760132
2.403380960913637e-07,7.163843633861688e-07,20.930584192276
2.4627010475342104e-07,5.507063178811222e-07,20.94196319580078
2.5865026032079186e-07,3.420354062200204e-07,20.952778577804565
2.765653164260584e-07,2.6136950737054576e-07,20.964372873306274
2.781033288101753e-07,2.3512539826242573e-07,20.975305795669556
2.414125788163801e-07,3.9324717704403156e-07,20.986069440841675
2.6023531063401606e-07,5.239111260380014e-07,20.998743772506714
2.5934966174645524e-07,4.128141029013932e-07,21.01044487953186
2.7781265998783056e-07,2.657548066054005e-07,21.022781133651733
2.6556273269306985e-07,4.635109860373632e-07,21.035223722457886
2.5324203534182743e-07,2.445958386942948e-07,21.048274040222168
2.2656195142189972e-07,4.87749503008672e-07,21.062068462371826
2.157561880267167e-07,4.136139182264742e-07,21.076698541641235
2.104313665540758e-07,7.005104407653562e-07,21.08854603767395
2.3174941077286348e-07,4.442908334567619e-07,21.10162353515625
2.6119059270968137e-07,3.2175870501305326e-07,21.11376190185547
2.617929055759305e-07,2.3471037025046826e-07,21.128154516220093
2.3941802851368266e-07,2.4436218382106745e-07,21.142776012420654
2.2768091412217473e-07,2.968913577205967e-07,21.155118942260742
2.086856198957321e-07,3.6803717762268207e-07,21.16862440109253
2.0042023152200272e-07,4.0862568084776285e-07,21.18108344078064
2.2039824898456573e-07,3.061335576148849e-07,21.19477915763855
2.0314153914569033e-07,2.4181318281080166e-07,21.209468126296997
1.8186592853908223e-07,2.460107566548686e-07,21.222464323043823
1.880723345948354e-07,4.0154827729566023e-07,21.23478126525879
1.7790853235055692e-07,2.943072558991844e-07,21.2472026348114
1.9912468474103662e-07,3.4190321684945957e-07,21.260390758514404
2.1509497116767307e-07,4.806361175724305e-07,21.27402138710022
2.5940443038052763e-07,2.7344722752786765e-07,21.286077976226807
2.874165829780395e-07,2.2175970570970094e-07,21.299410581588745
2.780924717171729e-07,2.0523717125797702e-07,21.312944650650024
2.2371548880073533e-07,4.955138024342887e-07,21.327114582061768
2.168273738334392e-07,5.103922831040109e-07,21.3401517868042
1.9408250295782636e-07,4.931162038701586e-07,21.352665424346924
2.552861246840621e-07,3.0145170626383333e-07,21.366025686264038
2.3459668341274664e-07,7.347599648710457e-07,21.381595611572266
2.0299144409818837e-07,2.705434098970727e-07,21.394626140594482
2.0295020419780485e-07,3.171154787651176e-07,21.408098697662354
2.0534666589355766e-07,2.060979085172221e-07,21.4199378490448
2.482196066466713e-07,2.338632043574762e-07,21.432596921920776
2.463790735873772e-07,3.040536284970585e-07,21.445892810821533
2.4328267045348184e-07,3.9874268509265676e-07,21.459952354431152
2.215741119471204e-07,7.312347065635549e-07,21.472333908081055
2.618646988139517e-07,4.4402108301255794e-07,21.485382795333862
2.0913165599267813e-07,5.389644002207206e-07,21.498371601104736
2.4380094032494526e-07,4.1711274434419465e-07,21.5122172832489
2.2660387344330957e-07,3.239817090161523e-07,21.52718734741211
2.6430242883179744e-07,3.6958371651962807e-07,21.54112982749939
2.155829577077384e-07,3.9798220541342744e-07,21.5533447265625
1.7807498409183609e-07,3.831222841199633e-07,21.565630197525024
1.7110545513787656e-07,3.1063660799190984e-07,21.5787250995636
1.5943820130814856e-07,2.1699098340377532e-07,21.592809200286865
1.4863906017126283e-07,2.2204756078281207e-07,21.604662895202637
1.37958181767317e-07,3.5187537150704884e-07,21.61682105064392
1.3210606653046852e-07,2.4470526227560185e-07,21.629929065704346
1.198809087554764e-07,2.2864843174374982e-07,21.643705368041992
3.028240769253898e-07,1.5178343915067671e-07,21.656787395477295
2.7626555265669595e-07,1.0721406624725205e-06,21.669342041015625
2.1808591554872692e-07,2.6387590423837537e-07,21.68287706375122
2.107219074787281e-07,4.293099777896714e-07,21.69554042816162
1.7043257116711175e-07,4.559136073112313e-07,21.710954666137695
1.7114817296715046e-07,3.441660965108895e-07,21.727250337600708
1.5989583346254221e-07,3.7699649624300946e-07,21.742764711380005
1.4007495963141992e-07,2.145352482330054e-07,21.756001710891724
1.4016755756074417e-07,2.523438524804078e-07,21.769786834716797
1.4117499347321427e-07,2.2467713733931305e-07,21.78338646888733
1.401416085400342e-07,1.2960221340563294e-07,21.796009302139282
1.217427438859886e-07,2.749962391135341e-07,21.81144142150879
1.2997874421216693e-07,2.022784997279814e-07,21.82711696624756
1.28333454085805e-07,2.5533134362376586e-07,21.842793464660645
1.0870483890812466e-07,2.0505993347796903e-07,21.8548424243927
1.3068455473330687e-07,3.1036589120958524e-07,21.868293523788452
1.2573386243275309e-07,2.036916413317158e-07,21.88299870491028
3.023978081273526e-07,1.4534809622546163e-07,21.895699739456177
2.7758201781580283e-07,1.0089019042425207e-06,21.909950017929077
2.1855318266261747e-07,3.4885803756878886e-07,21.922486066818237
1.9885679591880034e-07,3.6936458513991965e-07,21.93518328666687
2.0240689480033325e-07,2.7558510851122264e-07,21.947668313980103
1.8433505033499387e-07,2.6130408059543697e-07,21.960904598236084
1.834487903806803e-07,2.0708885983822256e-07,21.97472882270813
1.81618446504217e-07,4.261094943558419e-07,21.98692798614502
1.5503263739446993e-07,1.6161878590992274e-07,22.000089168548584
1.3069855242520134e-07,3.014955893831939e-07,22.01201558113098
1.146199721802077e-07,1.9428681241606682e-07,22.02660632133484
1.2535524263057596e-07,2.3305307195187197e-07,22.038952827453613
1.3599273529507627e-07,1.9493774061629665e-07,22.05162501335144
1.3480345728567045e-07,1.7762233994744747e-07,22.063791275024414
1.42994338148128e-07,1.458536900145191e-07,22.07662558555603
1.5289143107111158e-07,2.0886029972189135e-07,22.088165521621704
1.5176691192664293e-07,9.508485021569868e-08,22.100465297698975
1.253018950819751e-07,2.92641630039725e-07,22.11233687400818
1.1873213168200891e-07,2.982504554438492e-07,22.124338626861572
1.0749143797283978e-07,3.418689402678865e-07,22.136303663253784
8.204643364706499e-08,2.2375670027940942e-07,22.149056673049927
8.122226091700213e-08,1.5225657534756465e-07,22.161428689956665
7.927581435751563e-08,1.8285479086443956e-07,22.17328929901123
8.217968883172944e-08,8.701973541747066e-08,22.185200214385986
8.866394551887424e-08,1.1277202105475226e-07,22.197309017181396
9.942279888264238e-08,6.379764272423927e-08,22.209929943084717
1.0059594757194645e-07,8.399033646355747e-08,22.22187304496765
9.287084168363435e-08,1.195917747054409e-07,22.234560251235962
7.742384866560315e-08,2.717077904890175e-07,22.24686336517334
1.2881672262210486e-07,2.429411551929661e-07,22.259422302246094
8.623185721035043e-08,3.381159103810205e-07,22.27149486541748
8.799135287063109e-08,1.6512214529029734e-07,22.283485412597656
8.807735696336749e-08,2.3812697236280655e-07,22.295793056488037
8.103550186433495e-08,9.334100070645945e-08,22.31000018119812
7.713948946275195e-08,9.047658977578976e-08,22.321927547454834
7.529992984700584e-08,7.800179702144305e-08,22.334641218185425
7.628319309560538e-08,6.414353492800728e-08,22.34786868095398
7.671727075830859e-08,1.0702508035365099e-07,22.361637353897095
7.144498681554978e-08,1.1264417310030694e-07,22.37464928627014
6.825310805425033e-08,1.552423896100663e-07,22.386735439300537
6.151963560796503e-08,1.7639793270518567e-07,22.398507595062256
1.0390097315848834e-07,1.565970961792118e-07,22.41209840774536
1.0269672401364005e-07,2.9003396662119485e-07,22.424051523208618
9.029027125961875e-08,1.3089898232010455e-07,22.436614274978638
8.883993984909466e-08,6.375097427735454e-08,22.449482917785645
8.39120701812135e-08,3.6520370372272737e-07,22.46225142478943
6.879557901129374e-08,1.785098788786854e-07,22.474488019943237
7.045255756565894e-08,7.91512206888001e-08,22.486761569976807
6.82350318470526e-08,5.7334936798270064e-08,22.499754428863525
6.81473011354683e-08,6.669232277545234e-08,22.512117385864258
6.299858057445817e-08,9.664269384757063e-08,22.526174783706665
6.46393161218839e-08,1.2362875168037135e-07,22.538615942001343
6.652288675468299e-08,1.1775276220760134e-07,22.551814794540405
5.970862559934176e-08,1.0269216232927647e-07,22.56406807899475
5.972826500055817e-08,7.793769896125013e-08,22.577680826187134
6.211727310301285e-08,1.0504999892191336e-07,22.590314865112305
6.75321629728387e-08,9.96656766005799e-08,22.602333307266235
6.944087971305635e-08,9.6652954084675e-08,22.61473774909973
7.332038620688763e-08,8.648554228329886e-08,22.627991914749146
6.864559054520214e-08,7.024921444553911e-08,22.639853715896606
6.117772954894463e-08,9.458922534122394e-08,22.65212345123291
4.808456566252062e-08,1.1977715530520072e-07,22.6652889251709
6.535517371730748e-08,1.311102835188649e-07,22.679161548614502
5.994503737838386e-08,1.4561805983248632e-07,22.691967248916626
5.395990854140109e-08,5.5006221799658306e-08,22.703802585601807
5.26141512580125e-08,7.103295018850986e-08,22.715948820114136
5.1134225742544004e-08,5.937900482422265e-08,22.72933292388916
4.737530900911224e-08,5.2835229524816896e-08,22.74133825302124
4.794669195007373e-08,6.152870923870069e-08,22.75368332862854
4.6009933640789313e-08,8.974286203056181e-08,22.767256021499634
4.890151217296079e-08,7.501419929667463e-08,22.779109954833984
4.78846899909513e-08,8.620533975545186e-08,22.792754411697388
4.5606203258330424e-08,5.653661716564784e-08,22.804782390594482
4.268001418950007e-08,8.416941454925109e-08,22.8177547454834
4.016799337591692e-08,6.180135869726655e-08,22.83121967315674
3.6907067624269985e-08,8.228452230696348e-08,22.843740224838257
5.703704886173e-08,5.418382897914853e-08,22.85637855529785
5.608565700754298e-08,1.3399913711964473e-07,22.86843514442444
5.4147591299624764e-08,6.711297828587703e-08,22.880253076553345
5.2036547515399434e-08,4.430292932511293e-08,22.89385175704956
4.589150037759282e-08,5.0123677652891274e-08,22.905688285827637
3.987752350553819e-08,8.299743825546102e-08,22.91805362701416
4.167223011108945e-08,6.664210872031617e-08,22.929927825927734
3.5910531437366444e-08,1.0359381263924661e-07,22.9419584274292
3.462828601641377e-08,4.746946657974149e-08,22.954018354415894
3.532285575147398e-08,5.276532633047282e-08,22.96624755859375
3.73863571212496e-08,4.76382062686298e-08,22.97865653038025
3.83176264051599e-08,6.329599955279264e-08,22.991098642349243
4.602638625783584e-08,6.768105009768988e-08,23.003320455551147
4.794094721205511e-08,6.533431928801292e-08,23.015632152557373
4.916323348425067e-08,4.4192130843612176e-08,23.028090238571167
5.174344863689839e-08,6.64051569287949e-08,23.040011405944824
5.311161643817286e-08,4.655714747059392e-08,23.051949739456177
4.781079709914593e-08,1.2214708533520025e-07,23.064537286758423
3.811410920206981e-08,8.720382993487874e-08,23.077033519744873
5.252451984461004e-08,2.0694527336218016e-07,23.089826107025146
4.3681840367071345e-08,7.314756800269606e-08,23.101609230041504
3.940718329431547e-08,5.2688090335095694e-08,23.113553047180176
3.733553199936068e-08,6.029986820976774e-08,23.126623153686523
3.73957753652121e-08,3.41532278014256e-08,23.138513803482056
3.854501073874417e-08,3.702920281511979e-08,23.150362730026245
3.677331861240418e-08,6.492714987871295e-08,23.16224718093872
3.025093420205849e-08,5.3854723347512845e-08,23.174134016036987
3.1603256900325505e-08,7.946866276142828e-08,23.185982704162598
2.9427072334442528e-08,3.789867975001471e-08,23.19801139831543
3.19902611067846e-08,2.3354266076580643e-08,23.210386991500854
3.2776643621446055e-08,5.994608898163278e-08,23.222921133041382
3.339532383961341e-08,2.9006645974050116e-08,23.23586082458496
3.2041484132605547e-08,3.56285099201159e-08,23.247854232788086
3.1933232946812495e-08,4.249406870826533e-08,23.26196002960205
3.2073895539497244e-08,7.250059752550442e-08,23.2739520072937
3.1700523095423705e-08,7.891311071261953e-08,23.286585569381714
3.19474935395192e-08,7.326005402319424e-08,23.298484325408936
2.5449764962104382e-08,7.247542299637644e-08,23.31196165084839
3.000138804054586e-08,3.875919674101169e-08,23.324419736862183
2.6787876805656197e-08,6.998259749479985e-08,23.336169958114624
3.098890033470525e-08,3.6636745193163733e-08,23.347997665405273
2.9203690132817428e-08,4.658133434531919e-08,23.360379219055176
2.8450500622057007e-07,1.6308458583580432e-08,23.372504949569702
1.7086705383917433e-07,1.3799023008687072e-06,23.3850736618042
1.872267034741526e-07,5.830669920214859e-07,23.39731454849243
1.0521590354528598e-07,4.710707628419186e-07,23.40998888015747
9.430593905790374e-08,3.831628703210299e-07,23.42231035232544
6.117662110227684e-08,9.944270829009838e-08,23.434564113616943
4.975247946958916e-08,1.5705465727933188e-07,23.45424175262451
4.8187970946855785e-08,7.27282483126146e-08,23.477303743362427
4.31769819897454e-08,1.2232074197982001e-07,23.493582487106323
4.7064606434332745e-08,7.31088505290245e-08,23.50591731071472
4.011704746176292e-08,6.099360660982711e-08,23.517205238342285
4.360760996746649e-08,5.5837698909044775e-08,23.527679920196533
4.32528644012109e-08,1.0426779084582449e-07,23.5390841960907
5.6494275924023896e-08,6.825658971365556e-08,23.550374746322632
4.946260290239479e-08,1.0165500441416953e-07,23.560670375823975
6.418836306920639e-08,5.747205733541705e-08,23.571362257003784
5.2130669558891896e-08,1.8474383978173137e-07,23.58263111114502
6.014871445358949e-08,9.277851376054969e-08,23.59425640106201
4.364864736317031e-08,1.30334314007996e-07,23.60712766647339
5.829716442917743e-08,9.925602739713213e-08,23.61709237098694
3.761746825148293e-08,1.1962777080043452e-07,23.627777814865112
4.133912767656511e-08,9.852745108673844e-08,23.63756775856018
4.292021671403745e-08,1.4036774587111722e-07,23.64784860610962
3.442399787445538e-08,6.496536286704213e-08,23.658315420150757
6.184726686342401e-08,7.487218312007826e-08,23.669276475906372
5.102728906081211e-08,1.0311952536312674e-07,23.67968440055847
5.2494293356630806e-08,9.899468977891956e-08,23.690614461898804
4.514681606337945e-08,1.352186416170298e-07,23.702346086502075
7.105565202891739e-08,7.577134653047324e-08,23.71377921104431
5.105388112269793e-08,1.9237968729157728e-07,23.725908756256104
3.725778796592749e-08,7.709434868274911e-08,23.73780393600464
3.344861099208174e-08,8.480206048488981e-08,23.749473810195923
2.906397789104176e-08,4.865676217491455e-08,23.761403799057007
2.6781211914794767e-08,7.198327267587956e-08,23.773855686187744
2.6811317610508922e-08,5.3623939066937965e-08,23.786000728607178
2.793187370286887e-08,5.960765747659025e-08,23.798760890960693
2.7927779200354053e-08,4.0440919946149734e-08,23.81136441230774
3.204063858674999e-08,3.416955607349337e-08,23.82467555999756
3.0625436409081885e-08,3.399432557671389e-08,23.83679485321045
2.3907649193688485e-08,6.897580817621929e-08,23.848755836486816
2.2528675813759946e-08,8.712486021522636e-08,23.861342191696167
1.9190245836853137e-08,4.863181857217569e-08,23.873455047607422
1.6181420647853884e-08,2.0863707206331128e-08,23.885486841201782
1.59573403379909e-08,2.3861327136387445e-08,23.8975031375885
1.449324749103198e-08,2.3211562449887424e-08,23.911909103393555
1.532996485309468e-08,1.877546651485318e-08,23.92424464225769
1.594830578710571e-08,2.6020421373118552e-08,23.93663501739502
1.68482543472237e-08,1.5085447557794396e-08,23.948599100112915
1.6363541632813394e-08,2.7595874030339473e-08,23.961997509002686
1.8453677697038984e-08,1.8908139054474304e-08,23.973418712615967
1.852163755700076e-08,4.405498188475576e-08,23.985431671142578
1.8007257907015628e-08,2.3668134119247952e-08,23.997270345687866
2.022358636111221e-08,3.939582882139803e-08,24.009812831878662
2.0899443953226182e-08,2.307145408053657e-08,24.022003650665283
2.0178674731141655e-08,1.6355564014247648e-08,24.033749103546143
1.6406866976126366e-08,2.8263791307381325e-08,24.046043872833252
1.3985375524327992e-08,3.6346715859281176e-08,24.05733036994934
1.3229985107443554e-08,3.1913355513779607e-08,24.068427085876465
1.1468753058352377e-08,2.1374367165094554e-08,24.079704523086548
1.2644183478016657e-08,1.9168208353903537e-08,24.091765642166138
1.3160851963789355e-08,1.913917913043406e-08,24.103679180145264
1.269775395940087e-08,1.1850007197722334e-08,24.115544080734253
1.303818741860141e-08,1.8396189460645473e-08,24.12906575202942
1.3996770853452745e-08,1.9544575735608305e-08,24.140934705734253
1.2053464004679881e-08,2.7841101868375517e-08,24.15376329421997
1.1629905927179607e-08,2.6755426318914033e-08,24.165743827819824
1.1974028879535581e-08,1.5048488677393834e-08,24.178003072738647
1.160389384580185e-08,1.3236286733331326e-08,24.190752267837524
1.3811926713458433e-08,9.767623154743887e-09,24.20273494720459
1.3624240402521082e-08,4.5924895886173545e-08,24.215340614318848
1.0638723679790019e-08,1.7788355677339496e-08,24.22750759124756
1.00188684015734e-08,1.547364192333589e-08,24.240097522735596
1.0039301834297021e-08,2.3583538677485194e-08,24.252044916152954
9.974324477468599e-09,1.4215135735184958e-08,24.2647488117218
1.0373327974377844e-08,1.8220967845650193e-08,24.278014183044434
1.1940782584929366e-08,1.221568801668127e-08,24.289987325668335
1.0555184282168284e-08,1.125561155390642e-08,24.302358388900757
9.537221679067898e-09,2.845952273844432e-08,24.314134120941162
8.44429681734482e-09,1.5517843010570687e-08,24.327592849731445
8.671072748711595e-09,1.6133052227473854e-08,24.34005880355835
9.592237226740963e-09,1.0232244385122158e-08,24.352015256881714
8.763203496187089e-09,2.086879646867601e-08,24.36396336555481
8.770533632684874e-09,1.0478093059873572e-08,24.37656879425049
9.725956040540495e-09,1.4731032393910937e-08,24.388394355773926
1.139200200839241e-08,1.403748228767654e-08,24.400437831878662
1.2524921544354584e-08,1.9039692489286608e-08,24.413023233413696
1.3167019474735753e-08,1.2501015334009935e-08,24.425957441329956
1.4191446240374717e-08,1.3048665259418613e-08,24.4375901222229
1.4422155025783923e-08,1.4152314875559568e-08,24.449683904647827
1.2245340741401378e-08,3.2951781747669884e-08,24.46245241165161
1.299005791821628e-08,3.040767637685349e-08,24.47511100769043
9.44984002160254e-09,3.027911787967241e-08,24.486780643463135
1.141930994208451e-08,2.3082860067802358e-08,24.499410152435303
1.1302513591715524e-08,3.660971259478174e-08,24.512019872665405
1.1362240037726679e-08,1.4693469552184979e-08,24.52443766593933
1.1964809587539094e-08,1.0637990932593766e-08,24.53610110282898
1.1258737053765344e-08,1.1253277421019448e-08,24.547809839248657
1.0235724268170543e-08,1.7678351227345956e-08,24.560336112976074
1.1137471389588427e-08,1.8810309754258014e-08,24.57273030281067
1.0111664394685249e-08,2.0426258018346743e-08,24.584635257720947
9.730912964300842e-09,9.308764425952631e-09,24.59692358970642
9.859626004526945e-09,1.1168063807076578e-08,24.60981035232544
8.481749524946736e-09,1.4900879641288611e-08,24.622339010238647
9.071354334366788e-09,2.2369071928096673e-08,24.634255170822144
9.37813648960173e-09,2.6462412705541283e-08,24.6463885307312
1.4728973596334072e-08,2.1992164533912728e-08,24.659214735031128
1.1961065915500058e-08,2.2888416495447927e-08,24.671585083007812
1.0764794389217514e-08,1.7969467691614227e-08,24.68340563774109
9.441622594863475e-09,1.4786353474960379e-08,24.69546937942505
9.572644010802378e-09,1.2135493498988126e-08,24.7073814868927
8.430339093479233e-09,1.4591859276436026e-08,24.71925449371338
1.1079922757062377e-08,1.215719258595982e-08,24.73124647140503
8.073513413364708e-09,2.972319279592739e-08,24.74361300468445
6.10363599662378e-08,1.3205164961505034e-08,24.755430459976196
5.379589040899191e-08,2.658869675542519e-07,24.767369747161865
3.318806562901955e-08,1.7375205629832635e-07,24.779431343078613
2.134508569895388e-08,6.358120430149938e-08,24.791499853134155
1.7421980302856355e-08,2.6471731473520776e-08,24.80370807647705
1.8380193367306674e-08,3.215009414248016e-08,24.815666437149048
1.735577193073823e-08,2.5767125322317952e-08,24.828012228012085
1.24619656816094e-08,3.161448702826419e-08,24.8401939868927
1.6520777634809747e-08,3.274396220831477e-08,24.8526508808136
1.3200236459454118e-08,4.0720752991774134e-08,24.8647882938385
1.4121326330496231e-08,2.784686969903305e-08,24.876960515975952
1.1295925972376608e-08,2.5527983282813693e-08,24.889041662216187
2.0896152364002774e-08,2.0074782725032492e-08,24.90099573135376
1.3003309540238206e-08,7.954551506372809e-08,24.913045406341553
2.2317706793728576e-08,3.198925213609982e-08,24.925892114639282
1.9997015598960388e-08,9.981160786765031e-08,24.938154220581055
1.560490758834021e-08,4.6323645364054755e-08,24.950328588485718
1.3661104247830735e-08,2.1718649989566075e-08,24.962618589401245
1.3353081307343473e-08,1.3253933062173928e-08,24.974684476852417
1.1849466297064737e-08,2.4471709991757962e-08,24.986825466156006
1.0653454118880745e-08,1.4738284370707788e-08,24.99866247177124
9.571035519684301e-09,2.3883441002681138e-08,25.01132321357727
9.142201662371008e-09,1.608292521382282e-08,25.023255348205566
8.14257816728059e-09,1.8443332194806317e-08,25.035356998443604
8.200284895565346e-09,1.0794428462190808e-08,25.047334671020508
7.364272303078678e-09,2.512352104133697e-08,25.05987548828125
6.662103757548721e-09,1.0589039867170413e-08,25.07203483581543
6.58998544622591e-09,1.2631465651224971e-08,25.084341526031494
9.878496243231893e-09,6.961021092877218e-09,25.09641981124878
1.0213407009018738e-08,7.769255461198554e-09,25.109241724014282
9.079768936715027e-09,1.161751761458163e-08,25.12205934524536
8.045911492615687e-09,2.0865343230980216e-08,25.136887311935425
7.2532504447053725e-09,1.657435255708606e-08,25.148610830307007
5.091873589435636e-09,1.564386131747142e-08,25.16187357902527
1.0315990728315683e-08,1.2523899250993509e-08,25.17385983467102
7.342572327928565e-09,3.980526486202507e-08,25.186302185058594
4.825845056899425e-09,2.358829043203059e-08,25.198681116104126
8.557290698263387e-08,1.0059814314899995e-08,25.21211552619934
1.0576579256849072e-07,5.879135187569773e-07,25.22424602508545
4.13074232596955e-08,2.9820972713423544e-07,25.23669743537903
2.72800644296467e-08,1.2679070948706794e-07,25.248943090438843
1.4965431560653997e-08,7.480154096128899e-08,25.261900186538696
1.0537352324035965e-08,2.5578263063152917e-08,25.27390146255493
9.432283398780328e-09,2.5306494677579394e-08,25.286081552505493
9.320247684740934e-09,1.6268176139533352e-08,25.29872488975525
9.329051309237002e-09,9.46432532344943e-09,25.311171054840088
9.805062539669507e-09,1.0193175192796389e-08,25.323306560516357
8.96362806201978e-09,1.4018401550686121e-08,25.33534526824951
8.638420645468159e-09,2.5210656673380072e-08,25.34861946105957
7.712888105970706e-09,1.255967507773903e-08,25.360723733901978
8.146964880495489e-09,1.4543945603406883e-08,25.372679233551025
8.193843825665681e-09,9.974413295310569e-09,25.385131120681763
7.483594188784082e-09,1.4072138121434818e-08,25.398569345474243
8.721796618260669e-09,1.422078899082635e-08,25.41128635406494
7.2942629714134455e-09,2.7712063754847804e-08,25.422314882278442
7.0370780314021886e-09,1.426897711098718e-08,25.434301376342773
8.000364815075045e-09,9.359448327472819e-09,25.445802927017212
9.080600271715866e-09,6.950116926418559e-09,25.45687174797058
8.164858122938767e-09,8.500066428496211e-09,25.467519760131836
7.213987629484109e-09,1.3671185961072752e-08,25.478636741638184
7.293634585181508e-09,1.188760734294192e-08,25.48947048187256
7.450863925839712e-09,1.0725091037500079e-08,25.500279903411865
6.910625405254223e-09,8.780628668603185e-09,25.511895895004272
6.51140785734583e-09,1.830589368978508e-08,25.5229971408844
6.334802460372657e-09,1.2124398374169232e-08,25.53449249267578
7.363455623021764e-09,1.5764429761588872e-08,25.54637575149536
7.667954271539656e-09,9.240872955729174e-09,25.55829954147339
7.468400120558272e-09,4.557727084630869e-09,25.570428609848022
7.059412165943968e-09,9.86553505555321e-09,25.58219814300537
6.321765777528299e-09,9.513441590058846e-09,25.594325304031372
5.827948790226856e-09,5.673782332848987e-09,25.6065354347229
5.86054671458669e-09,1.8234970866615186e-08,25.62011742591858
4.786826046654369e-09,1.0226111513134128e-08,25.632936000823975
4.14197165454766e-09,8.245148563901239e-09,25.645225048065186
4.98043650765112e-09,1.4370029610688562e-08,25.657240390777588
4.543905696152706e-09,9.26801568823521e-09,25.669257879257202
6.2070517614642995e-09,5.3093769381007405e-09,25.68196940422058
6.159439180919435e-09,9.331537320633743e-09,25.694626808166504
5.635827360350731e-09,6.389394791028735e-09,25.70651340484619
5.325188734417452e-09,1.5886861604030855e-08,25.71952795982361
4.375100726150549e-09,3.7139598063617996e-09,25.731355905532837
3.908483314774003e-09,7.47130624034753e-09,25.744261026382446
3.732508080389607e-09,5.3852415859978464e-09,25.75640320777893
3.4061904408133614e-09,8.115627281313209e-09,25.768125295639038
3.0875468848279297e-09,3.2353277834573646e-09,25.780086994171143
3.1705114089675135e-09,5.788674428686136e-09,25.792595624923706
3.6894776123119755e-09,5.304263694938527e-09,25.80515432357788
4.171937462160713e-09,5.857496709893439e-09,25.817251682281494
4.130956909875749e-09,4.850938317702003e-09,25.829412698745728
4.033810174774999e-09,5.031342897865443e-09,25.842597484588623
4.240272133415601e-09,7.584607608634997e-09,25.855212211608887
4.817631626963248e-09,7.186773398615287e-09,25.86720585823059
5.065380559443611e-09,8.531330308869656e-09,25.87968635559082
5.16096143599043e-09,6.1350289293216065e-09,25.891613006591797
5.299880090348097e-09,5.359733101784059e-09,25.903708696365356
5.7800177977185285e-09,7.140918079073799e-09,25.91579270362854
6.1244729288034705e-09,8.771752213476702e-09,25.927976608276367
5.786186196843346e-09,9.148251933766005e-09,25.93974018096924
5.412347459099465e-09,1.0737573497010544e-08,25.951748371124268
6.147849340720768e-09,1.0504838776626002e-08,25.963640689849854
6.902930227425941e-09,1.103856650530588e-08,25.976494073867798
6.840530808460699e-09,6.242101058262506e-09,25.988277196884155
6.4235377017496376e-09,4.262321162684657e-09,25.99992799758911
5.916934942007401e-09,1.515178382760496e-08,26.01199960708618
5.1371640275021946e-09,7.147991976097501e-09,26.02395009994507
4.5639523271745475e-09,1.4178636931205801e-08,26.035940408706665
4.6392125696570474e-09,9.582938886865122e-09,26.047929763793945
4.979581635922159e-09,8.731546152773717e-09,26.06026029586792
5.81759795892367e-09,6.3201519573397036e-09,26.072042226791382
5.9896239079648694e-09,7.642595001300378e-09,26.08388876914978
5.478365316946565e-09,4.874875614291341e-09,26.09574294090271
5.167824834728663e-09,1.7749583136605906e-08,26.1076443195343
4.620390292586762e-09,7.414473035538549e-09,26.119780778884888
4.6164654321501075e-09,4.744447057447587e-09,26.131843328475952
4.747580106823079e-09,4.970715838936712e-09,26.144195556640625
4.652922935832748e-09,4.626802940776997e-09,26.15612769126892
4.393740038466376e-09,8.926284600363488e-09,26.167940616607666
4.452829216461396e-09,8.437331722177532e-09,26.179852962493896
4.3604151400700175e-09,1.7277566044526793e-08,26.191813707351685
3.9739611601419256e-09,7.904854548712592e-09,26.203956604003906
3.832902883971201e-09,5.082373633058523e-09,26.21590304374695
4.417222143615618e-09,5.523379975613807e-09,26.22870635986328
4.536092390594604e-09,5.263635749486184e-09,26.241469860076904
4.69930006019581e-09,4.2371199882040855e-09,26.253921031951904
4.658127661372191e-09,5.515723433546782e-09,26.266160249710083
4.1023686669916515e-09,9.571804682195761e-09,26.279303789138794
3.659475833472925e-09,1.1759222040552686e-08,26.292602062225342
2.8984221689398737e-09,8.987662170056865e-09,26.304534435272217
2.735363713313177e-09,7.50714690411769e-09,26.31641435623169
2.6068311953508783e-09,3.72607145138204e-09,26.328672170639038
2.544609412069576e-09,3.2322748921842503e-09,26.340810298919678
2.721898928470523e-09,6.200502333797431e-09,26.35503077507019
2.479932259547013e-09,3.8429122106720115e-09,26.366754055023193
2.7903430677156393e-09,3.89862897520743e-09,26.379273176193237
2.946932697867055e-09,7.474379337679693e-09,26.39129877090454
2.796474829480644e-09,3.5673308751427157e-09,26.40318489074707
2.8342399538416885e-09,1.9935157968831163e-09,26.41523838043213
2.7905024957419755e-09,3.740873832924763e-09,26.427491426467896
2.472720028734443e-09,3.9914005434127375e-09,26.44056534767151
2.3461033116234375e-09,8.420199648639937e-09,26.45285129547119
2.2161938950659987e-09,6.9356622667271495e-09,26.46506929397583
2.014699740371384e-09,3.018725491799046e-09,26.477483987808228
1.9013659535715988e-09,2.338354176956159e-09,26.48989701271057
2.0023838143146122e-09,2.3654673775297397e-09,26.50202965736389
2.060214665533522e-09,3.599273989962626e-09,26.514498233795166
2.2146813272172494e-09,2.769288798276648e-09,26.527995109558105
2.0965744695899957e-09,4.3206527244876725e-09,26.5402250289917
2.195661208403976e-09,3.582533603108118e-09,26.552014589309692
2.1952391016100137e-09,4.666965924826627e-09,26.566574573516846
2.226577366926108e-09,3.2266467275832156e-09,26.57938313484192
2.3013317917985887e-09,4.197460157229216e-09,26.591794967651367
2.2673964927832913e-09,2.0823649471424233e-09,26.60392165184021
2.2700941126885255e-09,3.56373464072135e-09,26.616257429122925
2.36798358699275e-09,4.16978318540373e-09,26.628528356552124
2.8031965637609346e-09,4.789525664961047e-09,26.640460968017578
2.4713977531121145e-09,4.953333743173971e-09,26.652349948883057
2.6321389512418136e-09,3.5702309997276416e-09,26.66636300086975
2.7632485188888722e-09,3.815922688943374e-09,26.681296586990356
2.7733242369265554e-09,2.4872754966764887e-09,26.69746732711792
2.61029109438482e-09,3.989089059075468e-09,26.711493253707886
2.3559876272116753e-09,3.3130678200876673e-09,26.722201824188232
2.2278816569354376e-09,5.872396346973119e-09,26.73289132118225
1.9429602371445753e-09,4.82538498047802e-09,26.744133949279785
2.6898741012360006e-09,6.243694894436658e-09,26.75496006011963
2.4320521152532137e-09,4.591265145847956e-09,26.765883207321167
2.4755768546214085e-09,3.4484877176055306e-09,26.777279138565063
2.4576096713246898e-09,4.619874260924917e-09,26.787950038909912
2.6088617932629177e-09,2.942345700418514e-09,26.80035710334778
2.4778217255772006e-09,4.022042698892392e-09,26.811917781829834
2.3983139918470897e-09,2.218337069592735e-09,26.82397985458374
2.3231285783964495e-09,2.40127473460916e-09,26.835683822631836
2.09826445107808e-09,4.208638770819562e-09,26.84740948677063
2.150153166624591e-09,4.944050946420475e-09,26.859299659729004
2.1877513134427318e-09,6.6836189915875366e-09,26.871123790740967
1.9941965856418165e-09,3.627522948690398e-09,26.882646083831787
2.0875525752472868e-09,2.324768377803821e-09,26.895270109176636
1.9508692439274e-09,4.429915545500762e-09,26.907738208770752
1.8149015623691866e-09,2.6618169890468835e-09,26.919749975204468
1.7342794977892595e-09,2.9062154904835324e-09,26.931800842285156
1.7531317508812094e-09,3.355715927355618e-09,26.943206548690796
1.8630852416379184e-09,3.2874674094074408e-09,26.953683376312256
1.830096185706509e-09,2.3970996299027547e-09,26.964557886123657
2.031170787120118e-09,2.51646037341402e-09,26.975998163223267
1.9980468390912165e-09,3.2468043809075198e-09,26.986837148666382
1.892130674363557e-09,2.7349915665553226e-09,26.99847722053528
1.8555978975598464e-09,2.8322344469700056e-09,27.010257244110107
1.4666216019421086e-09,3.2876130706682716e-09,27.02206301689148
1.7401042828879554e-09,4.6542791842796305e-09,27.033731937408447
1.3028100820378086e-09,3.746454702024948e-09,27.045413732528687
1.2384537839693621e-09,1.7866771395702585e-09,27.057517766952515
1.2814725947052352e-09,1.363640644846953e-09,27.069496631622314
1.4047473184675141e-09,1.2600802623552454e-09,27.0817813873291
1.2941154814427591e-09,1.4117541580205284e-09,27.094128370285034
1.2081027289667645e-09,2.525721853885443e-09,27.106099843978882
1.331362464718211e-09,2.7506368294183403e-09,27.11775016784668
1.3171764789987606e-09,2.7783733091979457e-09,27.12972140312195
1.1817928857738025e-09,1.725714016131974e-09,27.141536235809326
1.1612667494276252e-09,1.5162117117384355e-09,27.15308690071106
1.0898513203017046e-09,3.011622284887494e-09,27.16502857208252
1.0738475664240354e-09,1.8064344464718829e-09,27.177392959594727
9.34111454853337e-10,3.2119096271543413e-09,27.18915629386902
1.0481143730700637e-09,2.2804047539182193e-09,27.20094609260559
1.301871166425883e-09,2.293174317102853e-09,27.21304488182068
1.4471276399419253e-09,1.7736823121339285e-09,27.224921941757202
1.4747972842954482e-09,1.232844715204351e-09,27.236665725708008
1.2900129853221642e-09,2.364888285200095e-09,27.248389720916748
1.2095218160368404e-09,2.8828857079332693e-09,27.26086401939392
3.132825909801795e-08,6.850733869079306e-10,27.27273964881897
3.684263205627758e-08,1.9528199857177242e-07,27.28455114364624
1.927797121936692e-08,1.1246001463405264e-07,27.296746730804443
1.0778705039626857e-08,4.995198921164956e-08,27.30839204788208
9.12637876382405e-09,2.9633023146402593e-08,27.320003032684326
8.088913538983888e-09,2.196641624152562e-08,27.33215069770813
6.57052678931791e-09,8.432523124213276e-09,27.34416913986206
4.7196615504674355e-09,1.9150000696299685e-08,27.355595588684082
6.6190573022595345e-09,1.3742004867367541e-08,27.367286682128906
5.4686060124709e-09,1.996123266678751e-08,27.37901735305786
6.086796844329001e-09,1.4721490693148098e-08,27.390715837478638
5.509680711668352e-09,6.926668572049266e-09,27.4023175239563
5.8377378486795806e-09,7.998354867311264e-09,27.414347410202026
6.107478522920928e-09,4.89851226248561e-09,27.426495790481567
5.165889938041346e-09,1.0214309398293153e-08,27.438543796539307
3.6153779969794186e-09,8.863079159482368e-09,27.45211434364319
2.330724724330935e-09,1.1221089835089515e-08,27.464008569717407
3.6170249018141476e-09,9.601018646776538e-09,27.47597098350525
2.663423259718911e-09,8.475479873482072e-09,27.48743772506714
2.477959837321464e-09,6.442741895540394e-09,27.49901580810547
2.5460475949756756e-09,3.05099656650043e-09,27.511182069778442
3.073444831969141e-09,3.216273691819538e-09,27.523168087005615
2.956541456100581e-09,3.281250382514145e-09,27.535080909729004
2.9053888184193966e-09,3.99971522568876e-09,27.546807527542114
2.6673765418649964e-09,2.6745861081423072e-09,27.561347723007202
2.535991194818621e-09,5.177382522703056e-09,27.57361102104187
3.3911198293878897e-09,3.2251132875416033e-09,27.585447549819946
2.3317245911869122e-09,8.579207566583591e-09,27.597116231918335
1.2388604808677428e-08,6.840166211219412e-09,27.609273195266724
6.8745240611178815e-09,4.705730916043649e-08,27.621060609817505
1.500297663881156e-08,2.704768142791636e-08,27.63295078277588
1.0296081320859685e-08,6.520247808339263e-08,27.645110607147217
7.83552245309238e-09,4.203376491318522e-08,27.656967401504517
4.473938552962409e-09,9.907522802166113e-09,27.668667316436768
3.4858136377380333e-09,1.173693764400241e-08,27.680376052856445
5.20011589344449e-09,7.039763882943362e-09,27.69363284111023
4.566139022443849e-09,1.8297857451443633e-08,27.707287311553955
4.309769430221877e-09,1.1100659058627116e-08,27.718987226486206
3.854701891015111e-09,2.9722613259508535e-09,27.730789184570312
3.442145457555057e-09,4.884768145529961e-09,27.743635892868042
3.2336011646094676e-09,4.521129692847126e-09,27.755557537078857
2.6008035725055834e-09,1.1287919043923011e-08,27.767369747161865
2.5427981942272027e-09,7.051352834963609e-09,27.779833793640137
2.3791968395414642e-09,4.9171475779985485e-09,27.791640520095825
2.3883302002758455e-09,3.662606884446973e-09,27.803593635559082
2.2104333918804286e-09,3.9502610071906474e-09,27.815165519714355
2.223674355761318e-09,2.5534285796879885e-09,27.827478170394897
2.464658033218825e-09,5.704536842898733e-09,27.83944034576416
2.2757238316017947e-09,2.4795521191833814e-09,27.851125478744507
2.4558421962694865e-09,1.8027462855840781e-09,27.8630850315094
2.3574442398199835e-09,4.3647836456273126e-09,27.875083446502686
2.067491511326125e-09,2.3418464945024198e-09,27.8868989944458
1.7472723268241452e-09,4.657388696927001e-09,27.898754358291626
1.3311279856154101e-09,3.6391709645755554e-09,27.910781860351562
1.7264109031245312e-09,5.030184713206154e-09,27.922627925872803
1.4084210464559987e-09,3.683510607643825e-09,27.93450355529785
1.360748402845502e-09,1.6283816517415062e-09,27.946403980255127
1.2079529598807426e-09,1.876450550497566e-09,27.95797896385193
1.3838691304002282e-09,1.6213690390287638e-09,27.969754695892334
1.2775676072607212e-09,2.8859232781286437e-09,27.98158836364746
2.219587402763068e-09,1.810913863309338e-09,27.994213819503784
1.74062386726348e-09,5.304056749366737e-09,28.006181716918945
1.868877275157388e-09,3.504580181612482e-09,28.017786979675293
1.686467965278382e-09,2.535325061003846e-09,28.029848337173462
1.6538558300638329e-09,2.1078656597950385e-09,28.041674613952637
1.6029514382509547e-09,1.8359093134634463e-09,28.053370475769043
1.4420273863890998e-09,1.5626495653009442e-09,28.065175771713257
1.279123251762826e-09,2.656754150009988e-09,28.077486038208008
1.4128394010270995e-09,3.0340339129963922e-09,28.089333295822144
1.1563400237335486e-09,3.1450251292142184e-09,28.101097583770752
2.699268364381169e-09,2.9730673478667313e-09,28.11274266242981
1.870858579167134e-09,6.337077529394719e-09,28.124533653259277
2.673352206272739e-09,4.2851135972910015e-09,28.136354684829712
1.461349929954281e-09,7.919220834651242e-09,28.14884352684021
3.491275935019189e-09,5.799511537674107e-09,28.161329746246338
2.016515621150461e-09,8.418951757960258e-09,28.173081398010254
2.364737961002561e-09,6.359724746829443e-09,28.18478274345398
1.4158757499771468e-09,4.923054408578764e-09,28.19678282737732
2.4150315081072904e-09,4.309572698701913e-09,28.209283351898193
1.6377792455557483e-09,4.537586306696539e-09,28.220815420150757
1.964381546315508e-09,3.733198195021714e-09,28.233031034469604
1.1495014939910675e-09,5.1232587061633694e-09,28.245234966278076
1.686774631082244e-08,3.2360707447054438e-09,28.25696563720703
6.364889060250789e-09,6.753798231784458e-08,28.26896595954895
2.8557869313772244e-07,2.653395192453445e-08,28.280795335769653
2.1043069864390418e-07,1.4081008430366637e-06,28.29315447807312
1.0784845017042244e-07,6.481207037722925e-07,28.304994583129883
4.553806931539839e-08,8.613991298034307e-08,28.316795110702515
2.139073096429911e-08,1.701401117770729e-07,28.32881259918213
5.9065797586299595e-08,1.1625225937450523e-07,28.34075355529785
5.1116245458615595e-08,2.4509787976967345e-07,28.35258388519287
4.356649796477541e-08,1.4469577536146971e-07,28.364676475524902
4.405591269573961e-08,4.650211238299562e-08,28.376909494400024
4.786142326906884e-08,4.6003290066209956e-08,28.388736963272095
4.5251258740108824e-08,6.66052528686123e-08,28.400324821472168
3.738629672511706e-08,1.4102215573075227e-07,28.412779331207275
3.072203824672215e-08,1.9077320700944256e-07,28.424660682678223
1.3610760518645293e-08,4.130451003447888e-08,28.436392784118652
1.2266638371727367e-08,4.3394834392529447e-08,28.448033809661865
9.658962518699354e-09,2.1514924952725778e-08,28.460264921188354
1.2020670681067713e-08,1.5544618037210967e-08,28.472442626953125
1.0421769225388289e-08,2.665959186742839e-08,28.484704971313477
1.0290107432808782e-08,1.1615433059830593e-08,28.497070789337158
9.771424558380204e-09,1.066241672731394e-08,28.51019287109375
1.5003699616045196e-08,6.645734185184438e-09,28.521456956863403
1.2222730383371072e-08,5.5476828464406935e-08,28.53283977508545
9.56573753541079e-09,8.79272654685792e-09,28.544809341430664
9.996420580193899e-09,1.5488708982047683e-08,28.55599284172058
1.1047427861399228e-08,9.698847058814408e-09,28.5672025680542
1.0744728662359648e-08,1.79672348110671e-08,28.578763008117676
1.1875600058885993e-08,9.159915492773507e-09,28.590177297592163
1.2221304857007453e-08,1.2752860989451165e-08,28.602330446243286
1.562824714085309e-08,1.0739080735788775e-08,28.614352464675903
1.8076079300044512e-08,9.490983643445361e-08,28.626641035079956
1.0293002894457004e-08,5.5298315260188247e-08,28.638680458068848
7.66276286867651e-09,2.929917286564887e-08,28.651235580444336
7.050096950678153e-09,1.2381587310983377e-08,28.6636962890625
7.920031741548428e-09,8.950750363112547e-09,28.676613330841064
8.528746597846748e-09,5.481049392130899e-09,28.688724756240845
6.944519181928399e-09,9.043649384921082e-09,28.70112657546997
4.926214991485267e-09,1.5967339450639884e-08,28.71372103691101
4.5896166867009924e-09,7.540509550096886e-09,28.726513624191284
4.07242772837435e-09,1.0342339429314507e-08,28.73893904685974
4.444423051808144e-09,6.786162742855595e-09,28.751769065856934
3.6919913792843317e-09,5.671557445907638e-09,28.765583753585815
3.0968869690894962e-09,4.787023222263542e-09,28.779083728790283
2.944797516946096e-09,5.069730857343302e-09,28.79129934310913
2.8069255808560456e-09,4.809063813837611e-09,28.803481340408325
2.5702877604061314e-09,5.518181023234092e-09,28.8154079914093
3.019459127173718e-09,5.2567865616026666e-09,28.828023433685303
3.3473022131857988e-09,1.0043374132351346e-08,28.839966535568237
3.3705174207199207e-09,5.475856657000122e-09,28.852314472198486
3.370581147521534e-09,4.3988954701035254e-09,28.86465096473694
3.3744254057666012e-09,2.3182302744118033e-09,28.87689781188965
3.349525323770308e-09,3.916057256247996e-09,28.88916301727295
3.4179816754686954e-09,4.402459730101782e-09,28.9009907245636
3.442285123611555e-09,4.398681419104378e-09,28.914045572280884
2.7742335095837234e-09,8.231089587695806e-09,28.92701268196106
1.9867920642013814e-09,7.2766934700041475e-09,28.93903422355652
2.809510624146583e-09,7.152769931906278e-09,28.95094060897827
2.4434168022224867e-09,5.950070658400364e-09,28.96270751953125
2.40595410261335e-09,4.763984762234941e-09,28.976033449172974
2.1870982802596473e-09,3.131731096672752e-09,28.988049507141113
2.7130826474319747e-09,2.5649466994792647e-09,28.999977350234985
2.58527932395225e-09,9.491773589331842e-09,29.012561082839966
2.2336599236894017e-09,4.51599380113521e-09,29.02480459213257
1.9747548041237906e-09,3.0358515701323086e-09,29.036701679229736
1.700840357443667e-09,1.9055126365685737e-09,29.048484802246094
1.5302025202501568e-09,4.766299355196679e-09,29.060487270355225
1.2974056273762358e-09,2.7935982416238403e-09,29.07053565979004
1.3532960307927056e-09,3.611058341235207e-09,29.080719709396362
1.5289738364288041e-09,3.282164984241831e-09,29.09175944328308
1.6360542920423882e-09,3.4234515222664186e-09,29.103267431259155
1.6929626589501368e-09,1.8027506154538742e-09,29.11479425430298
1.689089645928732e-09,1.217103862138913e-09,29.126965522766113
1.5271508502223696e-09,2.0074690798566053e-09,29.138502597808838
1.5411988352198591e-09,2.4011730381801044e-09,29.149941205978394
1.5194135949414544e-09,1.3931609199602235e-09,29.161941528320312
1.615274469735084e-09,1.7899347559691137e-09,29.173553228378296
1.4027370376368253e-09,2.172514612652776e-09,29.185330629348755
1.3879596361121571e-09,3.702712803033137e-09,29.19700598716736
1.31213551135545e-09,3.6289486970986218e-09,29.209298610687256
1.31377209111605e-09,3.698921391404042e-09,29.220659255981445
1.3197545278842426e-09,2.798971943107631e-09,29.23228359222412
1.305488050995507e-09,1.6227439392224596e-09,29.24458646774292
1.217747902515498e-09,1.400119797878574e-09,29.256335020065308
1.140356808981835e-09,1.6686325654546863e-09,29.268667459487915
1.0918594917086466e-09,2.0508659215323632e-09,29.280240774154663
1.028183427287388e-09,8.860495115392553e-10,29.290565252304077
9.708586157231025e-10,9.48784384391388e-10,29.301273584365845
9.446319282346849e-10,1.6392023294287128e-09,29.311769723892212
1.028165885763599e-09,1.933015747468403e-09,29.322062253952026
1.2711117713948283e-09,2.4761281913754374e-09,29.33223009109497
1.0190174259960827e-09,2.4853930025159343e-09,29.34244704246521
1.0642706715913164e-09,1.560603646311165e-09,29.353570222854614
1.042526287520218e-09,1.7477265190635194e-09,29.36395764350891
9.889579155597517e-10,1.1353311624162643e-09,29.37555694580078
9.340551665459884e-10,1.1839904612287455e-09,29.387818813323975
8.272748042159606e-10,1.0034443276296656e-09,29.400338411331177
7.18374248975806e-10,1.4681934557003729e-09,29.410525798797607
7.187749284653933e-10,1.237611235715974e-09,29.42094326019287
6.536151064828744e-10,2.226310691355593e-09,29.431092023849487
5.888819432087189e-10,2.0852106707991425e-09,29.44094705581665
5.735627528480336e-10,1.324312992601051e-09,29.451213836669922
6.509894845407871e-10,1.1188697746078446e-09,29.4609272480011
7.0488997971907e-10,7.905114340900354e-10,29.471213817596436
6.142109043594246e-10,4.013758492238395e-10,29.481072187423706
6.223789261738943e-10,1.8014360003704155e-09,29.490930318832397
5.415867754265946e-10,1.0199314726122566e-09,29.501213550567627
5.300800909324721e-10,7.490635334228557e-10,29.51096773147583
4.895834848639424e-10,3.5756078653470524e-10,29.5209698677063
4.722833790715697e-10,4.61584381827862e-10,29.53075885772705
4.536110653763359e-10,7.185202433035442e-10,29.54064393043518
4.795622232656171e-10,9.130163292070392e-10,29.550536155700684
5.686274229255162e-10,1.3108418794871568e-09,29.560298204421997
5.198976804621225e-10,1.1931393650854716e-09,29.570432662963867
5.36298061515339e-10,7.983558258928269e-10,29.580307722091675
5.570857108949667e-10,7.628651044200296e-10,29.590101718902588
4.978465972804713e-10,6.640043515027116e-10,29.600016355514526
4.933266017914661e-10,5.640405920104286e-10,29.609766483306885
5.199114472276278e-10,6.383877870774768e-10,29.620015382766724
5.221690857482031e-10,5.577743267259905e-10,29.629786252975464
4.953354948433741e-10,7.313477601300633e-10,29.6396222114563
4.625801963697995e-10,1.2000475058115967e-09,29.64946174621582
5.718288620393253e-10,1.1018580492461183e-09,29.65913414955139
4.6328407776741187e-10,1.0202514388879536e-09,29.669784545898438
4.565295919078949e-10,8.7055990194429e-10,29.679532527923584
4.2975567549063953e-10,4.2780470832504136e-10,29.689406871795654
4.362760985809899e-10,4.166280376249887e-10,29.69922685623169
4.009367837731759e-10,3.8246811273623393e-10,29.70898723602295
3.702316786480253e-10,6.864840362830193e-10,29.719284296035767
3.3815167332917895e-10,5.305042516390301e-10,29.72904348373413
3.3949335009886283e-10,1.5746786097281529e-09,29.7389132976532
3.7402422825572046e-10,8.83470463453051e-10,29.748826503753662
3.3527400300492616e-10,7.069705376672175e-10,29.75967836380005
3.229653766645413e-10,4.5302353535170425e-10,29.77044415473938
3.04880093393578e-10,2.320152681090093e-10,29.780295372009277
3.004893278646392e-10,3.77118836158985e-10,29.790162801742554
2.9112548483034573e-10,3.018631733464616e-10,29.800048351287842
3.117066327273932e-10,3.4532515735818947e-10,29.809839725494385
2.578210145376403e-10,6.39347519371114e-10,29.820024490356445
2.4459073655336283e-10,4.661189212384897e-10,29.829801321029663
2.561620082719429e-10,7.324493234150964e-10,29.839663982391357
2.50244075461481e-10,4.388493735074661e-10,29.849501848220825
2.770456086764739e-10,3.1938932054664804e-10,29.860708475112915
2.7758170761948975e-10,3.598203957011492e-10,29.870685338974
2.5187588126307503e-10,3.3784017250404474e-10,29.880430459976196
2.3252488823288786e-10,4.712320533784009e-10,29.890281438827515
2.1703791541760609e-10,3.9961631226326233e-10,29.90064764022827
2.1528615001820128e-10,3.7308781064560037e-10,29.91031765937805
2.3893484413228805e-10,3.5059199987586e-10,29.920548677444458
2.27685051368276e-10,4.2137554556731516e-10,29.930675983428955
2.523560527212254e-10,3.502980960856661e-10,29.941494464874268
2.8363153492527715e-10,4.4874268190220334e-10,29.95364999771118
2.972601331752145e-10,4.019865273985346e-10,29.965556621551514
3.298795681061506e-10,4.0148542823637e-10,29.977770805358887
3.906626688809922e-10,6.151327225367709e-10,29.989559650421143
3.87676279967053e-10,3.268353088170528e-10,30.001713752746582
3.9345857127948136e-10,3.306579732242909e-10,30.014195680618286
2.7434757243760544e-10,1.1390898224661328e-09,30.02636480331421
3.310005047829634e-10,7.368219923087338e-10,30.038822412490845
2.57926680014009e-10,9.468671402501627e-10,30.05095076560974
3.029300699175508e-10,5.946793613098578e-10,30.063114643096924
2.2949778188952052e-10,4.962231181515619e-10,30.074937343597412
2.4807994547515477e-10,5.30362365136483e-10,30.087621450424194
2.2203580640756115e-10,3.9788641825744264e-10,30.0994074344635
6.202887092854326e-10,2.9092075970460485e-10,30.11207365989685
6.018297526999561e-10,3.046240149018331e-09,30.123976945877075
4.3790035486601653e-10,7.830286419263643e-10,30.136110544204712
3.828690420260017e-10,7.409554636517157e-10,30.148611545562744
3.7434391697566127e-10,4.254591678964914e-10,30.160706043243408
3.605277187901379e-10,6.035090760470041e-10,30.172367572784424
3.2925276394202285e-10,2.92954771552445e-10,30.184665203094482
2.8654900674496275e-10,6.566046595324337e-10,30.196472644805908
2.3454568842673496e-10,4.4249576225396936e-10,30.20836853981018
2.1424786944557184e-10,6.676327823917916e-10,30.22066879272461
2.3585117192581606e-10,4.2031989000435033e-10,30.232791662216187
2.448961589074372e-10,4.650461682409457e-10,30.244388580322266
2.411114641276413e-10,2.224462974931285e-10,30.25667929649353
2.2461074666857428e-10,3.5976643886215243e-10,30.269015312194824
2.0265117361972784e-10,3.882534016508288e-10,30.28094482421875
2.4201513015853493e-10,3.235495205089478e-10,30.293079137802124
2.2581114755837461e-10,5.053130136545292e-10,30.304829597473145
2.4459115288699707e-10,2.82153689301623e-10,30.318172693252563
2.4366550444021584e-10,2.8590846357090527e-10,30.3301682472229
2.4076052262955727e-10,2.02235880819579e-10,30.34208083152771
2.1893002688511132e-10,4.292853850174083e-10,30.35441517829895
1.973352731221567e-10,2.378942598468825e-10,30.36681342124939
2.0132871758615778e-10,4.615721693745911e-10,30.37938165664673
1.7564290299976193e-10,2.862654557844735e-10,30.391483545303345
1.8408789770330003e-10,4.570119283009433e-10,30.404168128967285
1.6064577446073258e-10,3.020000916009735e-10,30.416346549987793
2.0911734843753749e-10,4.760256633318249e-10,30.427982091903687
2.1601226363188175e-10,3.161554629205199e-10,30.43963122367859
2.2897130025345547e-10,1.95171323547072e-10,30.45171308517456
2.089665801507934e-10,2.1771019709238004e-10,30.463522911071777
1.88405069323494e-10,2.76091843831594e-10,30.476728916168213
1.8360916953508166e-10,2.612545735303229e-10,30.49008011817932
1.7862840373528144e-10,2.2711957314847098e-10,30.5007483959198
1.8877135965489344e-10,2.1955025297781816e-10,30.510736227035522
1.7572333865789602e-10,3.626602074202623e-10,30.521561861038208
1.5747675385924254e-10,3.951778904109915e-10,30.531917333602905
2.048421987588256e-10,5.337328912169426e-10,30.542616844177246
1.8975525317710407e-10,4.685015153604866e-10,30.554198265075684
2.1629001367706735e-10,3.112081703449121e-10,30.565282583236694
2.2649473963021194e-10,2.407319343866732e-10,30.577620029449463
2.2786843245636845e-10,1.6662322910310223e-10,30.588675498962402
1.9202604784052113e-10,2.722068681570988e-10,30.598711013793945
1.5826992494361036e-10,3.0055294364395024e-10,30.60974144935608
1.558414092217575e-10,1.813193623023679e-10,30.621046543121338
1.5956234944436432e-10,2.411862376483498e-10,30.631033420562744
1.620193146312232e-10,1.428677037784709e-10,30.64116621017456
1.5562007238401065e-10,3.8670422419784245e-10,30.653106927871704
1.5511218698360807e-10,2.898994932998278e-10,30.663140773773193
1.773848429253988e-10,2.9417604463510827e-10,30.673292875289917
2.0020855806546223e-10,3.5198638448363795e-10,30.684053659439087
2.0858308136251225e-10,2.1792601057057936e-10,30.695555448532104
5.643152056755696e-10,1.4797246761233396e-10,30.70693063735962
4.809446174647292e-10,2.25023577549166e-09,30.71728253364563
2.723174463703515e-10,9.997774830239337e-10,30.727373123168945
2.185550906919076e-10,8.846925969585584e-10,30.73926568031311
2.2750325234799362e-10,5.429346416896408e-10,30.750705003738403
2.1655308102275228e-10,4.992352642396725e-10,30.7617666721344
1.8077890573398037e-10,2.9262603451485347e-10,30.774441242218018
2.1323119658855916e-10,4.211244686302962e-10,30.785948038101196
2.0466625616499812e-10,4.419794252807918e-10,30.797147512435913
1.8818581415391833e-10,2.1972332286956942e-10,30.807100534439087
1.9515490612409536e-10,1.5638440542531384e-10,30.819010496139526
1.8735241136269565e-10,5.69929603511099e-10,30.828945875167847
1.604960747636497e-10,3.3659405818120547e-10,30.84051775932312
1.4346944465781775e-10,1.076540176447871e-10,30.85355019569397
1.3554936340032242e-10,1.8148017810748485e-10,30.863515615463257
1.3167895940302543e-10,2.0863229199807876e-10,30.873592376708984
1.5818749088403194e-10,2.1541605998987023e-10,30.88607883453369
1.4977691309425722e-10,3.562458661399148e-10,30.896154642105103
1.504268376528728e-10,1.985489134215257e-10,30.906439781188965
1.4035604622986142e-10,1.2102084612219954e-10,30.917296886444092
1.2900568113760613e-10,2.1745398537387217e-10,30.92826247215271
1.1613138228838693e-10,2.332356530132529e-10,30.942033529281616
1.2291399842379036e-10,2.0207156781193447e-10,30.95421314239502
1.3152889888345953e-10,1.9280280150191231e-10,30.96645450592041
1.378798603068887e-10,1.0817920864658603e-10,30.978030920028687
1.4052820018761736e-10,1.327662979555555e-10,30.99023699760437
1.4036248552340425e-10,1.635188789927966e-10,31.00268864631653
1.2010767380665754e-10,3.723719943504733e-10,31.01648187637329
1.381281478085583e-10,3.433501816196838e-10,31.028685808181763
9.815155632697525e-11,2.466896131814167e-10,31.04103994369507
1.7261353457698192e-10,2.3352650369012906e-10,31.05337929725647
1.948170236243385e-10,7.837172022462369e-10,31.065383672714233
1.4680319460058655e-10,2.812860222523028e-10,31.07734179496765
1.4027951023010132e-10,1.7261149454217417e-10,31.08923363685608
1.399003274338284e-10,1.693159640270281e-10,31.101653337478638
1.3746459526231547e-10,1.210985617339233e-10,31.11459708213806
1.2677602023725143e-10,1.3699875955897056e-10,31.12515878677368
1.2318315811832292e-10,1.5454754143107152e-10,31.13686466217041
1.1848615144582908e-10,2.374025143137004e-10,31.149592399597168
1.0892647200888561e-10,2.4774568507801575e-10,31.162468194961548
1.180912034826065e-10,3.432456541219153e-10,31.174740076065063
1.2259820936222354e-10,2.789620201504306e-10,31.187005281448364
1.1433953783779316e-10,1.7285400888411573e-10,31.1991229057312
1.1376496272808012e-10,1.7224663362291892e-10,31.211101293563843
1.2031885210372906e-10,2.5367488665217763e-10,31.223026037216187
1.2205497723627445e-10,1.352291334466571e-10,31.237449645996094
2.0133875122674283e-10,9.117926552670852e-11,31.2494158744812
1.9228274528160227e-10,4.4981501856611317e-10,31.26131820678711
1.5848901357973233e-10,2.028420070798731e-10,31.273611783981323
1.4942819204222246e-10,3.6952671478296395e-10,31.286372423171997
1.3497652995297926e-10,3.2727756615891224e-10,31.298259735107422
1.260689608262311e-10,2.093091533428293e-10,31.311495065689087
1.0495394137111091e-10,1.6028234295362154e-10,31.323771238327026
8.815562863029314e-11,1.8739666762801477e-10,31.336004734039307
8.924783134744985e-11,1.872797056323705e-10,31.34820008277893
8.008615992594059e-11,1.775807279003061e-10,31.360201120376587
8.801800260860304e-11,1.0135479955319937e-10,31.372426986694336
8.188213995730109e-11,1.1945987254957657e-10,31.3851900100708
8.403901879949771e-11,1.4090134614619387e-10,31.398560762405396
8.66421379086546e-11,1.175140540432551e-10,31.4120512008667
1.0065998728991943e-10,1.1145275674584454e-10,31.425090551376343
9.950123364133034e-11,1.0305978986879794e-10,31.4377601146698
9.105840387269026e-11,1.2411131844469736e-10,31.44985032081604
9.486160468252791e-11,1.77420717006882e-10,31.462045907974243
9.34350027903541e-11,9.454259597418968e-11,31.474830389022827
1.0472119005289215e-10,1.1136484789897594e-10,31.488648414611816
9.626754254865588e-11,1.1664835763980363e-10,31.501362323760986
9.843867387893113e-11,1.6332701857635357e-10,31.513959646224976
8.649956445561102e-11,2.0289650515259439e-10,31.527032375335693
7.233035004272637e-11,3.186808039679079e-10,31.541223526000977
1.4903142053768192e-09,1.2080970945849145e-10,31.554420709609985
1.1453655801574314e-09,7.503982324408298e-09,31.56753158569336
9.003968126641837e-10,4.28941193675314e-09,31.579075574874878
4.5834075423911713e-10,2.3136705884496678e-09,31.593684911727905
3.5670619236150003e-10,1.5338635916961607e-09,31.607847452163696
4.5100931322927806e-10,1.00001762426416e-09,31.620885133743286
3.125354697264271e-10,7.882243191481564e-10,31.63411545753479
2.6575480704948973e-10,1.0316745235883218e-09,31.647222757339478
2.4065002768303145e-10,5.55148649272752e-10,31.661506175994873
2.4357105221639586e-10,5.965667404517205e-10,31.673363208770752
2.295216933179134e-10,3.3320063375086306e-10,31.685829877853394
2.8272081897817714e-10,2.8857996547948517e-10,31.699740648269653
2.2758145368229066e-10,5.68129543410123e-10,31.71227717399597
1.6754317377909445e-10,6.698038790275973e-10,31.724921464920044
1.5659018526292812e-10,3.9451200639639694e-10,31.73755669593811
1.4530310288307646e-10,6.145959852155158e-10,31.749738931655884
1.1692845303112875e-10,3.1880453832400235e-10,31.763959884643555
1.2012134342764824e-10,1.5739183567564652e-10,31.776925086975098
1.935834825772531e-10,1.0983237930251022e-10,31.78942346572876
1.6151362192129426e-10,2.472112514695368e-10,31.802051305770874
1.774846658531004e-10,5.462931773614343e-10,31.813859462738037
1.4986413499062934e-10,2.183973835112596e-10,31.82647204399109
1.818519917984318e-10,2.1767057600818873e-10,31.838686227798462
1.5651083207224303e-10,3.571879181318849e-10,31.852056741714478
1.6637712041411845e-10,1.8032508819487703e-10,31.864057064056396
1.2230945423130635e-10,4.982072532300208e-10,31.876468181610107
1.6955319093181487e-10,1.927754345043553e-10,31.8894522190094
1.4343566612229353e-10,5.375935807627741e-10,31.902477264404297
1.3422754574499152e-10,3.156039041218861e-10,31.91574478149414
1.2103838764598862e-10,2.2398344290408545e-10,31.928176403045654
1.2604992050135877e-10,1.396383703111681e-10,31.940707683563232
1.1891872209179866e-10,1.1316983461462371e-10,31.952741146087646
1.1762350815569533e-10,1.664462873085526e-10,31.96481466293335
1.0504151021217822e-10,1.9591608890756618e-10,31.977736473083496
1.0269071704094301e-10,2.0075061057944765e-10,31.989799737930298
8.872184931174587e-11,1.4698375849775402e-10,32.00237512588501
7.868215107231791e-11,1.1972688118699892e-10,32.01563501358032
7.344263391884098e-11,1.1507451241898892e-10,32.02771759033203
7.889672248850843e-11,9.86652357037876e-11,32.04113221168518
7.49839773606098e-11,1.132788585156419e-10,32.053582191467285
8.982354443576313e-11,9.010531210051909e-11,32.06595325469971
7.909074090095558e-11,2.638840534974207e-10,32.07826328277588
7.228336679210301e-11,1.2618021905108634e-10,32.09050107002258
6.43437803038438e-11,1.881607369913496e-10,32.10285210609436
6.555418013975967e-11,1.0622117074809978e-10,32.11448264122009
7.090121545427763e-11,1.0026277030839026e-10,32.126692056655884
6.960015896950722e-11,7.116461586686995e-11,32.139233112335205
7.949777641735878e-11,7.038127719516396e-11,32.15240955352783
7.077517044651316e-11,1.8023529890776047e-10,32.16402459144592
7.186966299865816e-11,8.064623274739446e-11,32.17846083641052
6.14172462887197e-11,2.805832233221395e-10,32.19087862968445
4.289136754098699e-11,7.551225617019597e-11,32.20381021499634
4.680666965128921e-11,1.1422374851521866e-10,32.21578598022461
4.6215368337820806e-11,7.696374787480309e-11,32.22823357582092
4.847593160217656e-11,3.731573383625175e-11,32.24039554595947
4.398446190601035e-11,8.276219987113365e-11,32.25286889076233
4.3633777147000785e-11,6.836677751698161e-11,32.264776945114136
4.1434768810466593e-11,5.0193925404951045e-11,32.27927088737488
4.228192448940682e-11,5.622258908433153e-11,32.29182028770447
3.920141641855501e-11,4.226437602672384e-11,32.304977893829346
3.4651406743968494e-11,6.017600306940096e-11,32.31735348701477
3.240798254755539e-11,7.663235324084638e-11,32.32923865318298
3.030165701689569e-11,8.631424047722547e-11,32.34168338775635
3.105981097317745e-11,1.0248352860786625e-10,32.353928327560425
3.0836218994911846e-11,3.8146083514156715e-11,32.36626124382019
3.4698046519343606e-11,3.2133771338260786e-11,32.37815761566162
3.151919350519172e-11,4.41310599175182e-11,32.39098882675171
3.4545810656538833e-11,4.238967510339364e-11,32.40339016914368
3.286279234848699e-11,5.997216612207978e-11,32.41494536399841
4.622317112401575e-11,4.01032020092007e-11,32.428130865097046
3.8144324504552074e-11,1.4674508830303523e-10,32.44115614891052
3.775318599408273e-11,5.4143873412515475e-11,32.45398998260498
3.344205815047907e-11,9.815094570431171e-11,32.468027114868164
3.0225232039438055e-11,5.465417701744357e-11,32.47968554496765
2.8552570030537794e-11,2.4220176211842137e-11,32.49165654182434
3.10283743143458e-11,3.488187516609287e-11,32.504618883132935
3.1409853884500905e-11,3.940102064059481e-11,32.51656198501587
3.156959416106275e-11,1.0020898000284717e-10,32.528159856796265
3.3090880730002326e-11,5.746624356928187e-11,32.540385246276855
3.229046544039882e-11,4.9021096210077886e-11,32.55237174034119
5.370389896675043e-11,4.257706340271561e-11,32.564226388931274
4.41018437047358e-11,1.1297313778912965e-10,32.57607078552246
3.525244332558408e-11,9.064692746418856e-11,32.59002614021301
2.378183587559146e-11,1.0429450358895309e-10,32.60501170158386
2.9002113210996328e-11,6.022374959835375e-11,32.61725831031799
2.16664811092393e-11,5.6727823827262824e-11,32.62900114059448
3.062126940900356e-11,5.3645980019334516e-11,32.64163160324097
2.462227297050923e-11,7.458447054409234e-11,32.65444040298462
1.233738666783779e-10,4.750041332490795e-11,32.666499376297
7.201847451732135e-11,6.198626611997327e-10,32.67699456214905
1.2474118959993064e-10,2.5712532103483454e-10,32.68830609321594
1.2829548534654123e-10,6.910820804506557e-10,32.6984646320343
7.240362476235163e-11,4.709216905318669e-10,32.70884561538696
2.997707290730567e-11,1.253540049539481e-10,32.72067165374756
2.4044131269329583e-11,6.188008438989812e-11,32.73088884353638
1.9313509125318262e-11,6.260415796877083e-11,32.74221920967102
1.8181433789066226e-11,3.572365667170452e-11,32.75488781929016
1.74036288852486e-11,1.9421186880919095e-11,32.76748538017273
2.4262316114520566e-11,1.7018176798333506e-11,32.77927041053772
2.12601967281012e-11,6.873639851745494e-11,32.79163885116577
1.8693612630071854e-11,3.459286676554818e-11,32.8043999671936
1.4066908228527186e-11,3.376637164320684e-11,32.816521883010864
1.8239118548812883e-11,4.0975306481172424e-11,32.828789710998535
1.5471865108529492e-11,4.0910361903678805e-11,32.84081959724426
1.539944907702484e-11,2.6728929833352844e-11,32.853336572647095
1.4318796148771185e-11,2.1495288188289052e-11,32.865395307540894
1.4564826775198547e-11,1.7978857985712082e-11,32.87737250328064
1.3354801639553493e-11,1.892204101738848e-11,32.88970899581909
1.3072779837808302e-11,1.4387943961247096e-11,32.90202045440674
1.3208724045088438e-11,1.168464977552297e-11,32.914040327072144
1.3824377406712607e-11,1.742176021501951e-11,32.92650055885315
1.4444036244842806e-11,1.8517949326724015e-11,32.93901300430298
1.4638087617036e-11,4.590753471811482e-11,32.9519944190979
1.3652720447232536e-11,2.299171963926483e-11,32.964017152786255
1.3559813862029646e-11,2.842141973158352e-11,32.97637987136841
1.2890324224690275e-11,1.4459728553406492e-11,32.989006996154785
1.0663398983257188e-11,2.708451692090552e-11,33.002254009246826
2.6533346700330362e-11,1.7596467685732087e-11,33.01451635360718
2.0300381167737136e-11,8.610015478360822e-11,33.026877641677856
4.0269398926540134e-11,5.3894961410394515e-11,33.039634227752686
3.595163403091739e-11,2.016006667160397e-10,33.05221700668335
2.114088938631742e-11,1.0077882278691774e-10,33.06394410133362
1.4392554856246242e-11,5.258498844695758e-11,33.07659435272217
1.4245640257704029e-11,1.9951137963936105e-11,33.08930468559265
1.3316361902049323e-11,1.4601767711619473e-11,33.102232217788696
1.2641241352306931e-11,1.542826456868429e-11,33.11410641670227
1.210469745271947e-11,2.1317291681866024e-11,33.126362323760986
1.257990239755813e-11,1.7691513184980856e-11,33.13884234428406
1.135607753666168e-11,1.3937594134372233e-11,33.151676177978516
1.2047794185898741e-11,1.4269850925896499e-11,33.1635468006134
1.2142888257404838e-11,2.2032020305373656e-11,33.175793409347534
1.0995912513855899e-11,1.910600497256887e-11,33.18840765953064
1.0629194573119616e-11,2.154068416693189e-11,33.201167583465576
1.147951178559481e-11,3.2093404322974806e-11,33.21315813064575
1.0616732319668198e-11,1.7374409203019248e-11,33.225451707839966
1.2357461408318837e-11,2.6966682359352845e-11,33.23800206184387
1.3162766016039384e-11,1.740420307871915e-11,33.25000333786011
1.3798088539795916e-11,2.0231561217998184e-11,33.26193952560425
1.7016943409942087e-11,1.8396895118399925e-11,33.27466583251953
1.6502037583632223e-11,2.6010176651380945e-11,33.28741121292114
1.5134990483112176e-11,1.542445338120757e-11,33.29946780204773
1.348595974476341e-11,2.1289437227012264e-11,33.311381101608276
1.2190222789532079e-11,1.787795432528494e-11,33.3241012096405
1.0087042312534322e-11,2.3287351214040797e-11,33.33668541908264
1.502427522670491e-11,1.1799030502634977e-11,33.34877419471741
1.2685701447634479e-11,6.350656805986787e-11,33.36071968078613
1.001409198619907e-11,2.8985116390378707e-11,33.37329387664795
8.485732082286201e-12,2.694548750792336e-11,33.386067390441895
8.823382996459017e-12,1.1072512698384607e-11,33.39815068244934
9.131575703924533e-12,1.0842715614245435e-11,33.41011142730713
9.494973383927796e-12,8.99400432602393e-12,33.42284893989563
9.768833311718517e-12,1.1125824220248326e-11,33.43536829948425
1.0551318499474327e-11,1.7896226167657403e-11,33.44727969169617
9.868711750571357e-12,1.3543506593993726e-11,33.459362745285034
1.06831331975199e-11,1.703349961079681e-11,33.47369956970215
7.859309557323169e-12,1.7606707758410778e-11,33.48653817176819
9.074846776813139e-12,1.71587275638041e-11,33.498565912246704
8.013797958561497e-12,3.5733225406398006e-11,33.51206064224243
8.921816410656369e-12,1.901440463414339e-11,33.52433943748474
7.614253845489305e-12,1.616613613808493e-11,33.536699533462524
6.8726187935075345e-12,8.5688643680637e-12,33.54852914810181
6.586629245491915e-12,6.975101919659554e-12,33.56086850166321
6.938848367415984e-12,7.923823923394746e-12,33.57282590866089
6.589099058040837e-12,6.983874849958438e-12,33.585543632507324
6.649322151913717e-12,1.0772605030240356e-11,33.59738373756409
7.291238793283306e-12,1.4728149255738288e-11,33.60941410064697
7.770078851165874e-12,1.3491987908842429e-11,33.62171292304993
8.601622018822308e-12,1.552057267428797e-11,33.63571548461914
1.0226762145459922e-11,1.2146845161653541e-11,33.64874505996704
1.0412525876246637e-11,6.669979239065649e-12,33.66069316864014
9.416584699495356e-12,9.259959118934624e-12,33.672850131988525
8.040066008796476e-12,1.3295232970111925e-11,33.68582797050476
7.326268064433705e-12,1.360812157402691e-11,33.697299003601074
7.0459159340341415e-12,1.1381995172754511e-11,33.70931053161621
6.6857769320805005e-12,1.582693871793328e-11,33.721208572387695
5.7350530574540315e-12,9.149681012843303e-12,33.733057498931885
5.998427015513341e-12,1.3804238134518254e-11,33.74544143676758
6.818642872552516e-12,1.023138084671471e-11,33.757673025131226
8.637686919887866e-12,1.153252927182935e-11,33.76981258392334
8.05968312922456e-12,7.128124913241551e-12,33.78187441825867
7.582112888926407e-12,1.475553706997701e-11,33.794193744659424
7.551625123836114e-12,1.3248217627104264e-11,33.80633282661438
7.204764996410207e-12,5.3589836561396265e-12,33.8183319568634
6.520906210838451e-12,8.474326275431654e-12,33.830329179763794
5.6016931544722315e-12,8.699888899565966e-12,33.842612504959106
5.046868738894927e-12,1.2211757646762855e-11,33.854819774627686
4.85654875689856e-12,1.0226409129232561e-11,33.866655349731445
4.11208914141703e-12,1.0850926060457233e-11,33.878878355026245
6.146588880234782e-12,8.324811326398951e-12,33.89083552360535
6.4769444148293775e-12,1.3287691259800116e-11,33.9030179977417
6.550190511517284e-12,6.372818939226477e-12,33.914936780929565
6.36682416857437e-12,7.723134631820727e-12,33.92749285697937
6.443201874817284e-12,6.164428342780859e-12,33.939767360687256
6.5034991281187615e-12,1.553413300769968e-11,33.95277118682861
5.979947873685498e-12,5.011155119333255e-12,33.96482300758362
5.250711757748272e-12,8.157642096551232e-12,33.97701334953308
4.850867103833867e-12,9.107733664470707e-12,33.9891037940979
3.955133096034125e-12,1.657758132156406e-11,34.00070261955261
5.253992553522213e-12,1.0878762300714495e-11,34.01256513595581
5.19385706318487e-12,1.7177762684505993e-11,34.026002645492554
4.1864862271312475e-12,1.026328848297009e-11,34.03789043426514
4.018784003495535e-12,5.430573091907975e-12,34.04988694190979
4.367481203082502e-12,4.364935496381506e-12,34.06176781654358
4.499400851898372e-12,6.2362580377506305e-12,34.072967529296875
4.689643638700058e-12,5.1631706722565784e-12,34.084646463394165
5.848168303790313e-12,4.726473552818522e-12,34.096396923065186
5.8176250275487895e-12,1.2524157058657615e-11,34.1077606678009
6.081975634925074e-12,7.67015010533223e-12,34.119999408721924
5.910209821546886e-12,4.498971074157199e-12,34.131876707077026
5.597926202444148e-12,8.382428431930045e-12,34.144177198410034
4.814668629060659e-12,8.213638102994025e-12,34.15618705749512
5.040718276810852e-12,1.2019130482543439e-11,34.16837430000305
6.029632522441819e-12,1.117245879145301e-11,34.18010926246643
5.74068917402748e-12,6.389705604903373e-12,34.192651987075806
5.894058678623804e-12,6.326775475046231e-12,34.2043571472168
5.5971334338156264e-12,3.825193634066082e-12,34.21633863449097
5.335516750637481e-12,1.1058337405500662e-11,34.22850799560547
4.5012279493994445e-12,6.026559893484995e-12,34.24044108390808
3.6615693116415216e-12,1.141882248478776e-11,34.2525691986084
3.395219218618739e-12,6.880408569276408e-12,34.26433777809143
3.799165409351657e-12,7.297227926084116e-12,34.276925802230835
3.892668305749414e-12,3.6174611483391628e-12,34.28887224197388
4.246356738457635e-12,4.5458845021606464e-12,34.30124282836914
4.486139758286267e-12,4.09756690383789e-12,34.31342601776123
4.5619558478038336e-12,4.850932589645085e-12,34.325963258743286
3.91979981459456e-12,5.468381823747759e-12,34.33807373046875
3.3141302202555067e-12,8.634569621801536e-12,34.35037875175476
3.4452529804746e-12,1.1113734932344244e-11,34.362245321273804
3.0337232292260152e-12,5.355179841237678e-12,34.37405014038086
2.352205019304221e-12,6.119969982176787e-12,34.385974645614624
2.474864280524458e-12,4.665911320506089e-12,34.39773631095886
2.675083028355618e-12,3.810595936015737e-12,34.41025447845459
2.8054856614917467e-12,3.3887781903524372e-12,34.42186999320984
3.2699563543014953e-12,2.9193110602510064e-12,34.43399381637573
3.2936691568563603e-12,5.42955350818497e-12,34.44561243057251
3.913455930842913e-12,3.0017407830207343e-12,34.457804679870605
4.010747463312203e-12,1.3634988103861101e-11,34.47078800201416
3.644922471485179e-12,4.774968181270323e-12,34.48347091674805
3.575115680928831e-12,4.33511733455294e-12,34.49525022506714
3.982432439375572e-12,3.737921864394034e-12,34.50749158859253
3.439101867869221e-12,9.117605108410753e-12,34.519710540771484
3.0271770333489822e-12,5.024135187742251e-12,34.53189301490784
3.161677950697106e-12,8.783238025777962e-12,34.54530143737793
3.3330406577075644e-12,5.822696057949939e-12,34.557734966278076
3.555328774440536e-12,5.223872549808828e-12,34.56937789916992
3.5579332448992806e-12,2.48538212579974e-12,34.58188080787659
3.5934612490490236e-12,4.024511193051472e-12,34.59422159194946
3.587651876968412e-12,3.5447710305253066e-12,34.606975078582764
3.304849015978162e-12,7.540275695494536e-12,34.61896014213562
2.9787971134870306e-12,5.2714703262235485e-12,34.63090372085571
2.788365024986028e-12,4.8077410108593455e-12,34.64362287521362
2.4894400776909187e-12,3.8739168123358425e-12,34.65549921989441
2.187244309281855e-12,5.8593685459129574e-12,34.667701959609985
2.2876399125709712e-12,4.424685444426313e-12,34.67942833900452
2.806536253396885e-12,5.752511748197131e-12,34.692626953125
2.8888144047028996e-12,4.210155661599213e-12,34.704845666885376
3.7529679884629186e-12,4.152847336846843e-12,34.71656560897827
3.7858813306534955e-12,7.099485062334043e-12,34.730523347854614
3.5180582405591743e-12,3.839386274184786e-12,34.743234157562256
3.03530356231263e-12,6.091392581314414e-12,34.755645513534546
2.8033480484884743e-12,6.729281194772785e-12,34.76742649078369
2.839055162837112e-12,5.063072357203158e-12,34.779573917388916
2.845262003434157e-12,2.6343944387052787e-12,34.792624711990356
2.8893625773213083e-12,2.543384990463804e-12,34.80478644371033
2.3635186689741072e-12,5.282877867801572e-12,34.817336559295654
1.9404337078116063e-12,3.2018801672528685e-12,34.82905411720276
1.8122363418943133e-12,6.5421721859304505e-12,34.841469049453735
2.111180154307224e-12,3.585581701340268e-12,34.853710651397705
2.072402796246542e-12,3.6227362255891737e-12,34.86538004875183
2.0423712634304314e-12,2.4597789083369292e-12,34.87872385978699
2.0399552273092647e-12,2.385078246014416e-12,34.891234159469604
2.0551290703940683e-12,2.289362926663485e-12,34.904733180999756
1.9980863751739575e-12,3.5383603599198343e-12,34.917264461517334
1.8298676376232725e-12,1.944445906371106e-12,34.93029761314392
1.7903966070126343e-12,2.747773796690778e-12,34.94379186630249
1.7097271948901538e-12,2.9483971687727095e-12,34.956023931503296
1.5066654521223022e-12,3.649555050527775e-12,34.970537185668945
1.699854124646849e-12,3.797091547436127e-12,34.98230028152466
1.990744808583189e-12,4.47854123578062e-12,34.995179891586304
1.853196849449512e-12,2.3627100709938675e-12,35.00779414176941
1.7309193358142072e-12,2.1725308184394887e-12,35.02030539512634
1.7126623470115065e-12,2.306062242204976e-12,35.03350877761841
1.7334697045845449e-12,2.1981646104035635e-12,35.04633617401123
1.6763717150536372e-12,1.6820726669170005e-12,35.06038546562195
1.7642206055420995e-12,1.968811181793373e-12,35.073484659194946
1.5474463073775202e-12,3.068883471998851e-12,35.08694529533386
1.2479441308457795e-12,3.966878475009095e-12,35.100589990615845
1.5659442059029471e-12,5.800939156114238e-12,35.112677812576294
1.1262154403501867e-12,3.1559394854385747e-12,35.12690329551697
1.1603959980399647e-12,2.2968348143553863e-12,35.139495849609375
1.1580197521385283e-12,1.902436541634245e-12,35.1518657207489
1.1493413642690853e-12,1.0535218530893786e-12,35.16505789756775
1.0891853825106823e-12,1.1603314880107019e-12,35.17807865142822
1.045246246327014e-12,1.3759513277020186e-12,35.19085645675659
1.0403608313377943e-12,1.7261864680706562e-12,35.20391631126404
8.791625739044961e-13,1.3895962288831831e-12,35.21637272834778
7.662166799475567e-13,2.4687946999224497e-12,35.22931742668152
7.373309861974375e-13,1.7689214893215621e-12,35.24262714385986
1.020469516180289e-12,1.183069484392285e-12,35.25535297393799
8.078521575652364e-13,2.877841628196043e-12,35.26801824569702
7.192824352623972e-13,1.3733848043193109e-12,35.27997946739197
7.208806034747495e-13,1.0619812321199795e-12,35.293755531311035
7.420870016573711e-13,8.379358947159521e-13,35.30670213699341
8.311808815004984e-13,6.663706045295648e-13,35.31937885284424
8.544165266792525e-13,9.502346826062436e-13,35.331042528152466
8.881982605998817e-13,1.1231798911076618e-12,35.344208002090454
9.450907938191033e-13,1.4367868873821354e-12,35.35634756088257
9.414693417225672e-13,1.6283460040414366e-12,35.368696451187134
1.0498220131757718e-12,1.6917893952070329e-12,35.380738496780396
8.94740661769311e-13,2.2320821406462965e-12,35.39372944831848
1.3087866294198003e-12,1.5977913436771018e-12,35.40605354309082
1.2047491910333052e-12,4.935181603660244e-12,35.418720960617065
1.057159568218502e-12,2.167037382871939e-12,35.43053722381592
9.288305801574692e-13,1.298917245463882e-12,35.444244623184204
8.691033461481756e-13,1.0481456197766748e-12,35.45738673210144
8.158151888412735e-13,1.529364850906545e-12,35.46934533119202
7.727444985977661e-13,1.0172688429468946e-12,35.48131704330444
6.860823758073065e-13,9.447336576234866e-13,35.49371695518494
6.881599240102232e-13,1.5376955351392718e-12,35.50741004943848
6.624868297173958e-13,1.3741893907515124e-12,35.519880533218384
8.770933740583076e-13,1.5162383067840457e-12,35.53182792663574
7.885759645102908e-13,1.8369678608104456e-12,35.54467010498047
7.694157810878011e-13,9.645627395762912e-13,35.55756664276123
7.870300006325437e-13,9.15554849816036e-13,35.57047891616821
8.168095648637685e-13,5.951316371134718e-13,35.58231711387634
7.813996845407178e-13,1.7510038557988494e-12,35.59480667114258
7.70227089573472e-13,9.086290747584158e-13,35.60759878158569
7.318352195952171e-13,9.893226645893427e-13,35.61995077133179
7.318134813416588e-13,7.872897212629626e-13,35.631807804107666
7.58515754546718e-13,1.517762152937474e-12,35.64416193962097
8.392497851186786e-13,1.114962614422177e-12,35.65611433982849
8.574264887505068e-13,1.1587764168347059e-12,35.66872525215149
7.974449009115481e-13,1.0042156993114726e-12,35.680731773376465
8.231182120448099e-13,1.2918459704747143e-12,35.69420576095581
8.121293351356917e-13,6.806098653416859e-13,35.70715045928955
7.776596749366205e-13,1.4923830400637161e-12,35.71956467628479
8.003785351498593e-13,1.503460550500435e-12,35.73119306564331
8.689982869576618e-13,2.289385911749542e-12,35.74428033828735
7.853961621687167e-13,1.1062884549412066e-12,35.75779724121094
6.914478755185027e-13,1.2827211081506418e-12,35.7726616859436
7.46075239348859e-13,1.1681374183919457e-12,35.78662157058716
7.843515875856355e-13,1.5629812982059788e-12,35.798330783843994
7.463757259809634e-13,9.876404164985142e-13,35.810845375061035
7.407497466978274e-13,6.252513155662054e-13,35.82380270957947
7.40299802796246e-13,7.837281171263477e-13,35.8360869884491
7.48203961894317e-13,7.369892998827787e-13,35.84841704368591
6.264131466142409e-13,1.3290195766818558e-12,35.8613703250885
5.944430603137263e-13,1.908177175297121e-12,35.87364435195923
6.637017866718831e-13,1.3457479488415691e-12,35.88610601425171
5.923710957519979e-13,1.337604723164465e-12,35.89831280708313
5.441679008441613e-13,9.229347971637103e-13,35.91127872467041
5.288103939113387e-13,5.848135560884704e-13,35.92373514175415
5.174421004519592e-13,5.404680609305546e-13,35.93718385696411
5.040685208644591e-13,7.840103349518457e-13,35.94958448410034
6.2962151768306e-13,8.246569117680014e-13,35.9619140625
6.153040858943026e-13,2.018082532681542e-12,35.975022315979004
5.727802672265969e-13,1.3774805948663094e-12,35.98709845542908
6.245627929765685e-13,9.239779080738586e-13,36.000489711761475
6.914301488129826e-13,1.0656361860636454e-12,36.01372456550598
6.401377908651917e-13,4.5327511275644605e-13,36.02754831314087
5.65164939587276e-13,1.2843510976967565e-12,36.04067015647888
5.627901573587724e-13,9.550792231735605e-13,36.05359244346619
5.620094233743655e-13,1.0228622419547473e-12,36.06596565246582
5.451064404547734e-13,5.552063257925621e-13,36.07940602302551
5.712356586015654e-13,6.330177267782622e-13,36.09328532218933
6.705355671751678e-13,5.376792218923787e-13,36.10556149482727
6.654281617911317e-13,1.346988492967327e-12,36.11992788314819
6.528616623008299e-13,9.279156219441087e-13,36.133511781692505
6.834663585954248e-13,1.2028548729975386e-12,36.14582920074463
5.898311895326247e-13,1.5049309454867599e-12,36.157944202423096
6.84206922889341e-13,1.5749198820080856e-12,36.16991186141968
6.526661806491307e-13,1.0578433745286886e-12,36.18200325965881
6.007848298711371e-13,9.44782663561683e-13,36.194634675979614
5.696881226306683e-13,6.515609991646076e-13,36.20754790306091
5.278101089870035e-13,6.617088062384202e-13,36.22036814689636
5.833843065745914e-13,7.734645714706223e-13,36.2340087890625
5.093312382097037e-13,1.0232142824001533e-12,36.247681856155396
4.730790954289577e-13,7.30182787064132e-13,36.260364294052124
4.953771767790549e-13,8.368064813128739e-13,36.27385926246643
4.135451204569096e-13,6.472547107658211e-13,36.286580085754395
3.8209713171255544e-13,8.96422259338836e-13,36.29900407791138
4.1189737710022045e-13,7.863376291251944e-13,36.311853885650635
3.795546234079683e-13,6.658884598234605e-13,36.32510685920715
3.677417257427068e-13,5.126819650237702e-13,36.338064193725586
3.500880141338314e-13,6.13573807647233e-13,36.35043787956238
3.2573439388491887e-13,4.814007265735443e-13,36.36333656311035
3.171509550207313e-13,4.669055940487166e-13,36.37652039527893
3.1863449595839755e-13,2.9050779793912684e-13,36.389487981796265
3.209747734527618e-13,3.54417233408566e-13,36.40171146392822
2.958149946784977e-13,4.948349130624863e-13,36.41401720046997
2.930556730444678e-13,6.197008509643831e-13,36.427053451538086
2.749402268353851e-13,7.649431218656466e-13,36.43984127044678
2.9015724827170797e-13,5.172207605784462e-13,36.45193529129028
2.646231215923389e-13,4.751356643198368e-13,36.463826179504395
2.770584055147157e-13,3.535275100007701e-13,36.47653293609619
2.961475465898533e-13,5.349022548679916e-13,36.488834381103516
2.973413887070314e-13,3.142006511740181e-13,36.501689434051514
3.040332471459378e-13,3.669377356217002e-13,36.51379585266113
3.044547849506002e-13,2.44211253866769e-13,36.526554346084595
3.138380668624846e-13,4.1866222945038944e-13,36.538787841796875
2.7421988291198574e-13,4.179707253047782e-13,36.550997257232666
2.5180649666084465e-13,8.300619306483847e-13,36.56328105926514
2.3865035381903654e-13,6.291767237417978e-13,36.57599115371704
2.5182186522663963e-13,5.265000675019893e-13,36.58841037750244
2.331837251502017e-13,4.3407963855324194e-13,36.60097050666809
2.63421391904356e-13,3.0887093013451383e-13,36.61328053474426
2.6625698716122026e-13,2.5811538778737486e-13,36.625956535339355
2.83729935162888e-13,3.877578867803738e-13,36.638354539871216
2.750730687065689e-13,3.48111920149205e-13,36.65043830871582
2.339418806243665e-13,4.3525537449413954e-13,36.66257429122925
2.1832969460122698e-13,3.9047766214016233e-13,36.674360275268555
2.2597384846580887e-13,3.773654836964485e-13,36.68636202812195
1.8936054438888072e-13,3.4374914481723196e-13,36.69814705848694
1.8442613701399185e-13,2.6000927214227254e-13,36.712623596191406
1.9222663283184616e-13,4.575396051614833e-13,36.72480583190918
1.786524622899091e-13,3.2722495503165194e-13,36.73722505569458
2.0589542711838688e-13,3.552170764562629e-13,36.749759674072266
2.206730078616742e-13,4.571594838798099e-13,36.762495279312134
2.114877419240671e-13,2.2099429762296313e-13,36.77500653266907
2.0052494007719718e-13,1.5713422045742637e-13,36.787588596343994
1.8754773125143065e-13,3.5380362918904784e-13,36.80008053779602
1.7125213194139205e-13,1.8645252442689442e-13,36.812506675720215
1.7187358307413358e-13,2.466623639282156e-13,36.82510495185852
1.6590414209528143e-13,2.550297212994268e-13,36.837615966796875
1.3580491440602638e-13,3.910283013185134e-13,36.850165367126465
1.694999934680197e-13,4.2262249472582725e-13,36.862370014190674
1.413913745199752e-13,3.676573206035788e-13,36.874979972839355
4.182489586872923e-13,2.314792238097829e-13,36.88765335083008
4.404891707464331e-13,2.0773261583117986e-12,36.90051531791687
2.674542445152417e-13,1.0200519899236649e-12,36.913164138793945
2.286035672826453e-13,4.9907235462332e-13,36.92455005645752
2.1243061834336913e-13,4.2393711696502023e-13,36.93602013587952
2.1520319434895768e-13,2.392502970911814e-13,36.947054386138916
1.937515360823927e-13,3.168762724003321e-13,36.959264516830444
1.8118849248651564e-13,2.745659060353345e-13,36.97075891494751
1.8249829002604107e-13,2.6274666578736394e-13,36.982327699661255
1.5520615662904108e-13,2.4547952646308824e-13,36.99416995048523
1.3228616336027899e-13,2.1380966929666206e-13,37.00589966773987
1.2701946157205046e-13,2.065108067189625e-13,37.017011404037476
1.1789577831784054e-13,2.304383626191425e-13,37.02855730056763
1.3562099305999137e-13,1.6025056986685576e-13,37.04020285606384
1.3571125289085079e-13,2.3111376636249237e-13,37.0511908531189
1.4048156626693398e-13,1.7057992659445104e-13,37.06481218338013
1.4433019937618724e-13,1.6688695781211238e-13,37.075998306274414
1.6180093831592857e-13,1.9260171257341752e-13,37.087368965148926
1.5328847403645735e-13,2.0858324561914138e-13,37.09827518463135
1.388482970092475e-13,3.3189068355567175e-13,37.109816551208496
1.4034864308058725e-13,3.6217079682487885e-13,37.1214120388031
1.1194083854304537e-13,4.3150419760766556e-13,37.13223099708557
1.0838005433432343e-13,2.7415431578560467e-13,37.1436984539032
9.042356571625429e-14,2.3502979618929276e-13,37.1552836894989
1.1321800837344256e-13,1.6915615230154307e-13,37.166154623031616
1.0344478637396015e-13,3.0013334482645315e-13,37.178096532821655
1.0146278348749371e-13,1.792945674740365e-13,37.19059896469116
9.44617851278938e-14,1.6949370509541928e-13,37.201802492141724
2.8757931366113487e-13,1.0358260879887379e-13,37.213515758514404
2.8420294546568914e-13,1.339564635431667e-12,37.22437024116516
1.962228258567747e-13,7.311465343752543e-13,37.23755097389221
1.654989757434236e-13,3.215855316415772e-13,37.249560594558716
1.589548805080998e-13,1.3690963510462617e-13,37.2620062828064
1.6191419678537183e-13,2.37171474950712e-13,37.27442765235901
1.4838847652801773e-13,1.1645549704685648e-13,37.287323236465454
1.4219276255576785e-13,1.7311334115331645e-13,37.29923725128174
1.345185762910081e-13,2.0764789085241098e-13,37.311583042144775
1.3965736932793765e-13,2.9115872581843283e-13,37.324052572250366
1.4171785489916489e-13,3.716350144289393e-13,37.334956645965576
1.4537573618869648e-13,3.0224585854943253e-13,37.34505486488342
1.3883578802668245e-13,2.483238224423867e-13,37.3553786277771
1.4183460992061442e-13,1.9294253152633833e-13,37.364990234375
1.4503995877587772e-13,1.6729450940874968e-13,37.37421727180481
1.4433186633702744e-13,2.1218730982333622e-13,37.38455080986023
1.4853321751804455e-13,1.5326432343306523e-13,37.39448428153992
1.5307274490918704e-13,1.7316128999439462e-13,37.4045672416687
1.3949293651595307e-13,1.879497127594068e-13,37.414082527160645
1.1412020688248564e-13,3.6438804447772033e-13,37.42362308502197
1.2664562866297746e-13,3.7914520156258347e-13,37.4331533908844
1.0443775970989458e-13,2.412492406365929e-13,37.44392681121826
9.553292944046443e-14,1.7315025823728958e-13,37.454981565475464
1.0464989064120495e-13,1.2075136355226002e-13,37.4649338722229
1.0979301371056086e-13,1.2850332777036844e-13,37.47606897354126
1.1341584816486686e-13,7.156096868505754e-14,37.487427711486816
1.0720895335771322e-13,1.9232343853332196e-13,37.498212814331055
9.145536026622728e-14,1.1719299846963543e-13,37.50960731506348
9.210224271617717e-14,2.7752558823083973e-13,37.521424293518066
7.068088112406959e-14,1.4847725913341714e-13,37.53242492675781
8.231681666599072e-14,2.0626562795018205e-13,37.544453620910645
6.911980617854349e-14,2.2422920453995382e-13,37.55599617958069
7.391107853787354e-14,1.0956124516740134e-13,37.56708359718323
7.89596659540523e-14,8.838427629749915e-14,37.5788152217865
7.224177311047908e-14,6.613509924164457e-14,37.59013056755066
6.899256827733874e-14,1.2605900752502702e-13,37.60178542137146
6.806047289338937e-14,8.181767709083271e-14,37.61244297027588
7.226827507733277e-14,4.990099791170842e-14,37.62331008911133
7.105100064070183e-14,8.876974405113564e-14,37.63537287712097
7.616699832695487e-14,1.0007364945399666e-13,37.646079301834106
8.100382073005646e-14,1.8070495187011426e-13,37.6574022769928
6.880336822197644e-14,1.6559851905538492e-13,37.66894602775574
9.657688738355999e-14,2.5826118587451985e-13,37.679561138153076
7.892497148453276e-14,1.9950814817478596e-13,37.69100379943848
7.516350822994733e-14,1.2416052886342344e-13,37.7025511264801
7.490312352569778e-14,1.6364749724599725e-13,37.71238040924072
7.561692157848077e-14,9.80888750757268e-14,37.72301745414734
7.575213514191687e-14,6.880721713968876e-14,37.73320984840393
6.906880124259163e-14,1.0855551212714948e-13,37.743226289749146
5.951721049595599e-14,7.482392255699771e-14,37.75458550453186
6.054095484479827e-14,1.5982947929558955e-13,37.7653169631958
5.600136985541536e-14,7.596012577618105e-14,37.77592635154724
5.0979745192013606e-14,5.6556484755859726e-14,37.78817129135132
5.241954534828362e-14,6.350155183588654e-14,37.79882836341858
5.264341954437472e-14,8.780777889733429e-14,37.80983591079712
1.0822807629479528e-13,7.765508613748195e-14,37.82144069671631
1.1646965943773457e-13,4.795611607474881e-13,37.83292579650879
8.742625492910022e-14,1.8439415304990353e-13,37.84433698654175
9.169757780782412e-14,1.127561518004909e-13,37.856258392333984
9.045971030617952e-14,1.0734158516472608e-13,37.868277072906494
8.675501181158729e-14,8.285379489696848e-14,37.878658294677734
7.788127781571674e-14,1.6901428444727334e-13,37.89042806625366
7.346227304857317e-14,1.0805358750766089e-13,37.90131425857544
6.92643642094537e-14,1.0098410822834136e-13,37.91205358505249
7.231011172866356e-14,8.22395469324104e-14,37.922802686691284
7.663707450762669e-14,1.5508323520773554e-13,37.93430805206299
7.708525658067789e-14,6.441894950413515e-14,37.94493222236633
8.995609839706001e-14,8.108027731200743e-14,37.95577645301819
8.283890744588754e-14,7.67884494596964e-14,37.96707272529602
6.602606238441042e-14,2.545676885436221e-13,37.97777843475342
1.110993485793979e-13,2.176119121054601e-13,37.98881268501282
7.489275584242339e-14,2.3229728145397754e-13,38.00036835670471
1.0780782598021274e-13,1.461337967951712e-13,38.0111825466156
9.447062137559956e-14,4.69462630662415e-13,38.02269411087036
7.493593419394262e-14,1.5486308795661236e-13,38.03467082977295
6.520341043350988e-14,1.1269309866789728e-13,38.04491996765137
5.836370747585792e-14,8.125338374137189e-14,38.056002140045166
5.791366193032277e-14,7.507518641047123e-14,38.066426277160645
5.504001795346783e-14,7.054968588493526e-14,38.07741189002991
5.431152896124766e-14,6.906039867575486e-14,38.088704347610474
5.207380682800515e-14,6.740473386694298e-14,38.100417137145996
5.55353153871771e-14,6.517393368694543e-14,38.11124634742737
5.463383516207329e-14,1.2249770154400957e-13,38.12242269515991
5.826116227913153e-14,8.715939889313365e-14,38.13302683830261
6.359974667139584e-14,1.4123861043387198e-13,38.145341873168945
6.211525705682869e-14,5.305342414842727e-14,38.16070485115051
5.788162375612582e-14,8.218184704804343e-14,38.176631927490234
5.1014636173176905e-14,1.0557281096426965e-13,38.19203472137451
6.520655461981009e-14,1.4275089628163623e-13,38.20434641838074
5.901662757665585e-14,1.2127089968078791e-13,38.21774768829346
7.349663548117738e-14,5.851817240411922e-14,38.22996139526367
7.229523105384619e-14,9.022065050341005e-14,38.244765281677246
8.551967727726817e-13,2.1756669748673567e-14,38.259689807891846
7.27536954292507e-13,4.7464111634087924e-12,38.27375340461731
4.1645213753188637e-13,1.7388529852113699e-12,38.28722643852234
2.421623286012059e-13,1.263444644045153e-12,38.2984778881073
2.1335178361416712e-13,4.18888312708407e-13,38.31077718734741
1.719639648777374e-13,5.301329037213365e-13,38.3219575881958
1.5178182603999002e-13,2.8572413532379493e-13,38.33316683769226
1.3202286486269088e-13,2.1450969798185449e-13,38.34616827964783
1.23504003790402e-13,1.3714435132244213e-13,38.35781717300415
1.0426093311182577e-13,3.7416529835403167e-13,38.36853575706482
8.88674848769852e-14,1.405264115792934e-13,38.38063836097717
8.668420663346041e-14,1.421433906993383e-13,38.3937623500824
1.1208831036729414e-13,1.0429065380387903e-13,38.406837463378906
1.131094051970774e-13,2.939230618875105e-13,38.41892623901367
1.047552547635798e-13,1.0282647265125525e-13,38.431864976882935
1.0808338951487709e-13,1.5514495341640427e-13,38.44543790817261
1.0925377220754803e-13,2.0462529782584726e-13,38.45680093765259
1.3223740136757145e-13,2.411319570665843e-13,38.47012448310852
1.2503922051411431e-13,2.5600929796226746e-13,38.48167061805725
1.1492404792569355e-13,1.526154419853598e-13,38.49555563926697
1.3600934072564852e-13,2.440183471952295e-13,38.50829243659973
1.388143343761944e-13,1.1982450622005647e-13,38.52013373374939
1.515686312352979e-13,1.7608294379869993e-13,38.53170108795166
1.3693992500281998e-13,1.921155021091664e-13,38.542083978652954
1.1641139712349063e-13,4.098008011491766e-13,38.55312252044678
8.143097605722502e-14,2.6689390172744687e-13,38.56329703330994
1.2281413950057662e-13,1.9293182502988504e-13,38.57396841049194
1.0580474213775504e-13,3.5446843485616164e-13,38.585663080215454
1.088911472384331e-13,1.820249544625882e-13,38.59781312942505
1.036847813011034e-13,1.4936221205165412e-13,38.6087691783905
9.571855162865753e-14,8.956323096359631e-14,38.62001824378967
8.760064884854452e-14,1.408160290846186e-13,38.63028645515442
8.003947710773923e-14,7.381560098405904e-14,38.64155101776123
7.18246195483517e-14,1.0267579565433407e-13,38.652764558792114
6.664542642796992e-14,1.2807097504903553e-13,38.663649797439575
5.689732403757128e-14,1.6456835080867066e-13,38.67423391342163
4.760708361274506e-14,1.5736065608114996e-13,38.68474531173706
5.367551224994514e-14,8.352879884076722e-14,38.69586801528931
5.071749023901652e-14,7.289156257750395e-14,38.707204818725586
5.1718706899593625e-14,6.477342262816571e-14,38.718794107437134
5.3247991004543374e-14,1.0329250340257098e-13,38.73118853569031
5.126844451362397e-14,2.93034808928911e-14,38.74494814872742
5.2024672140800823e-14,5.207912280678212e-14,38.76029062271118
4.60805472826762e-14,8.174975860099007e-14,38.77215600013733
6.033840555018724e-14,1.4168084294750166e-13,38.7834529876709
5.101934567636364e-14,8.592996783964371e-14,38.79566216468811
4.620838149507582e-14,4.4716387168595995e-14,38.806780099868774
4.518529444380061e-14,9.919434116332018e-14,38.81895565986633
4.0354248805399284e-14,5.6007800529550913e-14,38.83025145530701
3.7507594686375656e-14,1.0938525882601621e-13,38.84173655509949
3.41825668519289e-14,7.553761218956345e-14,38.853376626968384
6.548081711186746e-14,7.682275090592841e-14,38.864758253097534
6.290154080110591e-14,1.6598396648023067e-13,38.87733578681946
5.338093113154904e-14,6.132811272707706e-14,38.88811635971069
5.350431333877789e-14,8.170053582235923e-14,38.90016770362854
4.6343717031256323e-14,1.141016805778633e-13,38.91398572921753
4.380497632921858e-14,5.067208927304369e-14,38.92492914199829
4.205121832885107e-14,3.781585030467223e-14,38.93822002410889
4.514084893099228e-14,4.86717769223894e-14,38.9512677192688
3.771100456646109e-14,7.091786061392061e-14,38.96401572227478
4.172150906006644e-14,9.97173264100093e-14,38.97462010383606
3.092453254734638e-14,1.1204243506287084e-13,38.98610997200012
4.1377993154241566e-14,7.80055815947922e-14,38.99967932701111
3.85142594628695e-14,1.2487463862433101e-13,39.01353573799133
3.221274768737577e-14,5.067641930547005e-14,39.02803063392639
3.024983353540865e-14,3.7349572219735894e-14,39.04209542274475
3.104005428882471e-14,4.63081551999988e-14,39.05322289466858
3.1022635903297374e-14,2.4300026780273848e-14,39.064929485321045
2.919515893146443e-14,2.9479040329670816e-14,39.07739043235779
2.7747903191192684e-14,4.922960571639677e-14,39.088711738586426
2.825201823788287e-14,5.4635573273681057e-14,39.09949779510498
2.5085007787878193e-14,7.413432931771546e-14,39.11119222640991
2.210555753744993e-14,4.935900185755113e-14,39.12320828437805
2.4685591095666322e-14,4.558815686604191e-14,39.13543963432312
2.5708227525413595e-14,3.51924537417541e-14,39.14840841293335
2.3621019758766383e-14,2.219410466769e-14,39.16220688819885
2.1785384165585488e-14,4.7696825059440756e-14,39.17416524887085
2.1311824985434553e-14,2.404583896906641e-14,39.18695259094238
2.477636931068946e-14,2.211020944239625e-14,39.2002227306366
2.4819224095622844e-14,4.4238125261521904e-14,39.21372056007385
2.540252317035415e-14,2.7539151921341862e-14,39.226691484451294
2.435793334067994e-14,4.297151284977929e-14,39.23868203163147
2.56440901906475e-14,2.716883250493407e-14,39.251110792160034
2.505373363739967e-14,5.3073027878958526e-14,39.26347351074219
2.2638656357529263e-14,3.238728729648699e-14,39.277297496795654
2.606901612709888e-14,7.775084151810316e-14,39.28943061828613
2.417094573537587e-14,3.918195859453112e-14,39.30131649971008
3.167789381502972e-14,2.2691621327721075e-14,39.313417196273804
3.003099410315603e-14,5.003883388914922e-14,39.327906131744385
2.6739944148355434e-14,2.6119750012507624e-14,39.34161067008972
2.4847442151227674e-14,6.010325565150229e-14,39.35392689704895
2.572570181511545e-14,3.3115156260589765e-14,39.367443561553955
2.5604037390703632e-14,3.006102650333388e-14,39.38078212738037
2.52506366103843e-14,2.5865611329211127e-14,39.394938707351685
2.6874483473565518e-14,4.442753538105512e-14,39.406888246536255
2.5414559508534634e-14,2.6574062910031046e-14,39.41947913169861
2.5025678212120712e-14,3.794140430437784e-14,39.43134331703186
2.6254889037044364e-14,3.475418195418578e-14,39.44450116157532
2.6753613566058224e-14,5.104654559836587e-14,39.45758295059204
3.02672790259903e-14,3.8721467438690427e-14,39.47178816795349
3.277077976929048e-14,5.091702748446711e-14,39.484551668167114
3.1503242397569464e-14,2.8753563386611086e-14,39.49854040145874
2.759133423309041e-14,3.873342754390566e-14,39.51308298110962
2.066242345949952e-14,4.203150956623436e-14,39.52745509147644
2.1176774052324328e-14,5.1911108739496545e-14,39.539576053619385
2.045727207967453e-14,4.911545616829299e-14,39.55202054977417
1.942155407308986e-14,1.392240442127813e-14,39.56481695175171
1.931160072620678e-14,2.2096196129316875e-14,39.57786250114441
1.783262360206036e-14,2.8229649791811778e-14,39.58988308906555
1.7799411440198518e-14,4.449853029456219e-14,39.60193133354187
1.5944761651417658e-14,4.225990353013201e-14,39.61705446243286
1.584138466833706e-14,2.7515638286726082e-14,39.630112409591675
1.6741992449505194e-14,1.89117554353236e-14,39.64659261703491
1.771016296667812e-14,2.4027997067065446e-14,39.661696910858154
1.892997172588725e-14,1.439757804622653e-14,39.673627853393555
1.92112103812982e-14,1.8342627221799856e-14,39.686758041381836
1.7787702056735674e-14,2.0979869385273804e-14,39.69847536087036
1.5103762966879597e-14,5.2825429984080727e-14,39.71045970916748
1.2909272548231997e-14,3.224345432577963e-14,39.72279477119446
1.2848982437112331e-14,3.8130346861724174e-14,39.73766732215881
1.6629023665329888e-14,2.134644491605473e-14,39.74992299079895
1.41465810081314e-14,3.0148091325916254e-14,39.76435565948486
1.2544546937407874e-14,2.6180824476136448e-14,39.777961015701294
1.1818780309080183e-14,1.2095206970317782e-14,39.789379596710205
1.1507795550627555e-14,1.5708490281110543e-14,39.80043911933899
1.252209887023974e-14,1.1589358047184566e-14,39.812275648117065
1.2291479750789654e-14,1.9564116494376338e-14,39.82324290275574
1.2090048539669003e-14,1.6786019528037578e-14,39.83448934555054
1.2700332390033937e-14,2.6240442043095995e-14,39.8457088470459
1.29529701309479e-14,2.082418303550257e-14,39.85653495788574
1.3984562240046492e-14,2.1562719532543066e-14,39.867639780044556
1.6353819272635177e-14,2.4741513904909945e-14,39.878899812698364
1.767707447162658e-14,1.588449017502283e-14,39.890193462371826
1.8374375710728842e-14,1.7292926395321914e-14,39.90190148353577
1.5364037556846004e-14,1.8510600631503962e-14,39.9132399559021
1.4244641165402083e-14,3.598285745428677e-14,39.92646908760071
1.550171090396093e-14,2.318730500845429e-14,39.93869185447693
1.444578099718888e-14,2.39298479713353e-14,39.95070958137512
1.3459834646584873e-14,1.4292027576603278e-14,39.962647676467896
1.2988014425074652e-14,1.9413242985811402e-14,39.97444939613342
1.2137032610220252e-14,2.2867568705590632e-14,39.98661398887634
1.2856629450560143e-14,2.8289162326685866e-14,39.99848794937134
1.3246744026945267e-14,3.2208376997367935e-14,40.011807680130005
1.4144249126427609e-14,1.8514690106573306e-14,40.023903608322144
1.4294267131715818e-14,1.297252219246937e-14,40.035887718200684
1.5803280044171877e-14,1.472801915147759e-14,40.048226833343506
1.5639035273501585e-14,1.5034831425632042e-14,40.06169128417969
1.3750787922867883e-14,2.695216825329e-14,40.07372045516968
1.640936261111843e-14,2.946264515994376e-14,40.08606553077698
1.3579837192354179e-14,4.2136599249934306e-14,40.09819006919861
1.3423605353364912e-14,2.694727240285487e-14,40.11177134513855
1.2267954257712613e-14,2.062272980152529e-14,40.123722314834595
1.287059871792626e-14,1.4425514886892872e-14,40.13584661483765
1.1862790446953621e-14,1.9023169067007746e-14,40.14757704734802
1.9125167080450214e-14,1.764376574800875e-14,40.16069054603577
1.8246975179198217e-14,7.730698270121475e-14,40.17270874977112
1.5051578961065154e-14,2.4457773114172805e-14,40.18515992164612
1.4923009524067318e-14,2.17424683942799e-14,40.19705057144165
1.5101647078577356e-14,1.2144478029826617e-14,40.209726333618164
1.766371337391659e-14,1.6936054473984732e-14,40.22189283370972
1.6948551598088522e-14,1.4962078071726476e-14,40.233967304229736
1.608904693771885e-14,6.154016234322449e-14,40.24600863456726
1.337227854489309e-14,2.9064566779788553e-14,40.25784945487976
1.5087647318025137e-14,3.6980902823509354e-14,40.270060539245605
1.4765813761584076e-14,2.0873099188206505e-14,40.28205847740173
1.3163733951081398e-14,1.4017810824325065e-14,40.29561686515808
1.2072871558531633e-14,2.2193730279127313e-14,40.30754542350769
1.0754073446908683e-14,1.5895427064437778e-14,40.31964826583862
1.0352566277382989e-14,1.0226471023624083e-14,40.33150506019592
8.498256995846925e-15,2.8945484111799966e-14,40.345004081726074
7.515551393299114e-15,1.3473962309112127e-14,40.35688900947571
6.533434902166119e-15,1.4433583722748417e-14,40.36903977394104
7.163150958890488e-15,1.3667621145908773e-14,40.38088393211365
7.232567002983872e-15,9.65228348230639e-15,40.394004344940186
8.298544414576253e-15,8.9661275027241e-15,40.40613269805908
7.277832443685142e-15,1.6144126102147008e-14,40.41837406158447
1.0872324328543067e-14,1.3947135242239114e-14,40.43011116981506
8.304854810033298e-15,3.5190197245982616e-14,40.44302010536194
1.9712611534425384e-14,1.450449054482897e-14,40.456525802612305
1.5055919157886885e-14,9.450968653512692e-14,40.46868419647217
8.031900983879441e-15,3.640732260481484e-14,40.4805748462677
5.902318699979939e-15,2.1677102861740287e-14,40.49354434013367
9.863829113850205e-15,1.4709763897398365e-14,40.50580310821533
8.261567191263867e-15,3.608899068257773e-14,40.51787567138672
5.989888354198877e-15,1.0837493486719023e-14,40.52973675727844
5.490592077945621e-15,9.807410790332437e-15,40.54208517074585
5.542929820239991e-15,9.675914854501838e-15,40.55441904067993
5.014045836106195e-15,4.624155723452093e-15,40.56643891334534
4.855051822675932e-15,5.509929416614963e-15,40.57897448539734
5.056394518853594e-15,6.342047384217536e-15,40.59110355377197
1.0910633087648537e-14,5.317692748136758e-15,40.603599548339844
8.357752017589329e-15,3.549494275974577e-14,40.61565923690796
6.892310056423557e-15,2.0172296314900293e-14,40.62892270088196
5.185586101551188e-15,9.20384391123923e-15,40.64104413986206
5.556462865638273e-15,9.766527898100261e-15,40.654558181762695
4.730746349534574e-15,1.3180551790249132e-14,40.66736125946045
5.531832841598012e-15,6.8717580725078525e-15,40.67969632148743
5.4183956482028745e-15,1.0208195440754124e-14,40.69207739830017
8.103544724624104e-15,4.293977198414683e-15,40.7041220664978
7.727277442860694e-15,9.150204702821404e-15,40.715991735458374
7.464521046358832e-15,1.0341316832810504e-14,40.72904586791992
7.431882325802282e-15,1.1403725694596103e-14,40.741220474243164
6.943387837208886e-15,1.0424714002731268e-14,40.753435373306274
6.686057533767135e-15,6.194706850075598e-15,40.76529788970947
6.421852287408995e-15,8.767721893291041e-15,40.77899527549744
6.492882776299846e-15,8.39312072533488e-15,40.79125928878784
6.262788817277057e-15,2.2296831129467107e-14,40.80363130569458
7.13545044041643e-15,1.6322208003043646e-14,40.81650733947754
6.354553825683746e-15,5.915311761874346e-15,40.82969617843628
6.1528498699540794e-15,9.014938623342576e-15,40.84164333343506
5.902079836688813e-15,6.350740483355207e-15,40.85765838623047
5.515012037814963e-15,7.685058779670698e-15,40.87027335166931
6.124567016328785e-15,7.999761165728824e-15,40.88271403312683
5.293912721659067e-15,1.4044256039971292e-14,40.89498424530029
1.060848034173693e-14,7.283405073445128e-15,40.90679740905762
7.272413126888609e-15,2.957210553365154e-14,40.91833543777466
3.025979803100015e-14,1.8006421210309785e-14,40.930121421813965
1.7840617899016545e-14,1.1957228013715487e-13,40.94207143783569
1.2741413487975771e-14,6.058940512938121e-14,40.95370888710022
9.675266874297189e-15,2.802109164547293e-14,40.96558713912964
6.75528680709565e-15,1.3516025965272776e-14,40.97786593437195
7.203469727179793e-15,1.8630122062559228e-14,40.98972177505493
6.055786246945841e-15,6.864754804099954e-15,41.001492500305176
5.235747392687588e-15,1.3575346223667836e-14,41.01341724395752
5.149246694048084e-15,5.369469754620045e-15,41.026403188705444
5.139503697572292e-15,6.79003548672381e-15,41.03834581375122
3.4176796863492204e-14,2.8578002255765476e-15,41.0501925945282
2.816104012308418e-14,1.8888304819959095e-13,41.062294244766235
1.9747214524386617e-14,5.954685664910989e-14,41.07393550872803
1.1834596108271315e-14,4.386951685166757e-14,41.085426330566406
2.717402820503253e-14,3.2096409406136284e-14,41.09711050987244
1.548335231186214e-14,1.1572351150263005e-13,41.10967040061951
1.4693226426136172e-14,4.4707910062859874e-14,41.12119722366333
1.1618593389359048e-14,4.360812587227668e-14,41.13309454917908
8.889585370445464e-15,2.9084038373180035e-14,41.14569425582886
6.8789972395915614e-15,1.1156049872687156e-14,41.15746855735779
5.924819283190802e-15,1.3395058648976547e-14,41.168766260147095
6.261383589617562e-15,8.802780586977896e-15,41.180519819259644
6.610577580804357e-15,8.34896574482746e-15,41.193010330200195
2.969438659804896e-14,5.265902189126315e-15,41.20463967323303
2.2461074206071505e-14,1.146215555195701e-13,41.21645641326904
1.9444430738929305e-14,5.5597619742645335e-14,41.2288761138916
1.3617826620038534e-14,3.652296293090579e-14,41.24076867103577
1.6179665910547904e-14,2.4533919682065072e-14,41.25238013267517
1.167221226898614e-14,3.978639452942821e-14,41.26422715187073
8.79550203286214e-14,2.2889557680901354e-14,41.27638125419617
4.0043736691331225e-14,3.892650362203459e-13,41.2882194519043
1.7011984540255681e-13,1.9531098472466007e-13,41.30008935928345
1.7586221378890904e-13,9.910342945590456e-13,41.31224536895752
9.848705509983569e-14,6.290355606189402e-13,41.324241161346436
2.33043446329741e-14,1.4947433210881628e-13,41.33586764335632
3.324628034895652e-14,1.0849382102353505e-13,41.34755611419678
1.89169070897088e-14,1.077512916131812e-13,41.36126446723938
1.6108133978152278e-14,7.908420012608941e-14,41.37315058708191
8.758429941859661e-15,2.5625680776571874e-14,41.38484454154968
8.061988441198861e-15,2.4934476480623947e-14,41.39657926559448
6.812583080263246e-15,6.4433707359175165e-15,41.40828824043274
6.200108802696712e-15,9.222466777617563e-15,41.41982626914978
1.182814087018029e-14,5.249263497426925e-15,41.431588888168335
1.1615351794269906e-14,4.005303711309208e-14,41.44397449493408
1.1161689418049976e-14,2.264619664482572e-14,41.455901861190796
1.005637410232121e-14,1.3170447534221336e-14,41.467637062072754
1.2072353174367913e-14,1.086672120559698e-14,41.47942662239075
1.0102061365430213e-14,3.2752629547296713e-14,41.49106240272522
9.943990617912457e-15,1.945051243549059e-14,41.50189685821533
8.71087581813491e-15,1.4852563487910073e-14,41.51289081573486
7.789354285279299e-14,8.584124113841882e-15,41.52460694313049
5.001403276445361e-14,3.0927243730403953e-13,41.53576970100403
7.446794510245283e-14,1.1258438707131488e-13,41.54754304885864
5.627877314564114e-14,3.304881325202902e-13,41.560213565826416
2.7300237808239314e-14,1.5679323887417967e-13,41.57205080986023
2.4854333611286535e-14,8.465241853848615e-14,41.58412313461304
1.5384122402091298e-14,8.181599657746536e-14,41.59603929519653
1.2296315461885528e-14,4.16377341134512e-14,41.60873341560364
1.440965843012027e-14,3.260088190073021e-14,41.620609521865845
1.2999289280635554e-14,2.8831581897316785e-14,41.632315158843994
1.8988994675717824e-14,2.5846891901076807e-14,41.64608454704285
1.7505963651885843e-14,6.255817397307975e-14,41.658204078674316
1.717728268109918e-14,1.955614760840857e-14,41.66993689537048
1.7197413266123625e-14,1.80575345664789e-14,41.681788206100464
1.7858347992668472e-14,1.9798959767134382e-14,41.695059299468994
1.592911695288187e-14,3.75668734401563e-14,41.70763802528381
1.4455991132335082e-14,2.7178842740304722e-14,41.72004985809326
1.43560954546677e-14,2.8665238179003197e-14,41.73391318321228
1.5569105927442164e-14,2.3883982831307375e-14,41.74592876434326
1.403298118441039e-14,1.4024282156042088e-14,41.75874900817871
1.2230485755290819e-14,2.092679430079885e-14,41.771220684051514
9.525182800439094e-15,3.064974828299351e-14,41.7832190990448
9.244018683927501e-15,3.4463822447998796e-14,41.795644998550415
5.663294049077774e-15,1.9519105163559244e-14,41.807599782943726
6.608430775799541e-15,1.3620393129868714e-14,41.81928992271423
7.380604645241401e-15,2.1299382071439388e-14,41.83126711845398
8.178847647700906e-15,1.1591323163622196e-14,41.84410119056702
8.283602753386687e-15,5.482018833969987e-15,41.85645055770874
6.963569244210167e-15,1.2859996406525478e-14,41.86883354187012
5.3377280419546376e-15,1.925825289712281e-14,41.88090705871582
6.004440380232706e-15,1.8156744147459006e-14,41.893518686294556
5.139515979550027e-15,1.656849977311678e-14,41.905481576919556
4.384898138489433e-15,4.484999645162999e-15,41.91733741760254
4.2456560863561935e-15,3.389072630863364e-15,41.929855823516846
4.3257261108601425e-15,1.2218313891838774e-14,41.94356179237366
3.665282663424703e-15,5.877097870458968e-15,41.956069469451904
3.2681135731383714e-15,5.001200581461083e-15,41.96794009208679
3.3857067336892123e-15,7.682350815338326e-15,41.98005247116089
3.2755251114268465e-15,6.4037736396992725e-15,41.99408507347107
3.346017734396191e-15,6.597083075405175e-15,42.007824182510376
3.612535380700336e-15,3.926426732711466e-15,42.019712686538696
3.650773836071184e-15,3.634120744811691e-15,42.03154706954956
3.020918230668755e-15,7.467830404083754e-15,42.04393029212952
4.028377735825362e-15,7.401340858823133e-15,42.057552337646484
3.82257244656509e-15,1.3825653776943902e-14,42.07163763046265
3.5518278940959097e-15,8.188270042206163e-15,42.083816051483154
3.2511921841928354e-15,5.1179742376354555e-15,42.096120834350586
3.29995290635095e-15,2.6487099307885868e-15,42.110175371170044
3.2647387821182735e-15,2.762175076270984e-15,42.12329602241516
2.94796010654819e-15,5.740748012324128e-15,42.137460708618164
2.7289540205631966e-15,6.1705050011901744e-15,42.14968967437744
2.7016857006504757e-15,9.141718279722863e-15,42.16375756263733
2.814681378121857e-15,5.132920557506231e-15,42.17682862281799
2.760439294003823e-15,3.1988718060738846e-15,42.189905643463135
2.671368273885876e-15,2.1224680541755137e-15,42.20241117477417
2.6292249966281857e-15,2.666899963330873e-15,42.21763300895691
2.47308082554896e-15,3.266582772844446e-15,42.23139238357544
2.0889833594628935e-15,3.7078528452878096e-15,42.24519395828247
1.977078448669339e-15,7.900683721888489e-15,42.25809669494629
1.6436085653571356e-15,3.718998528324255e-15,42.26988101005554
2.2832988585518976e-15,4.007038858301658e-15,42.28134727478027
1.7553931974721802e-15,4.051142593315769e-15,42.295246601104736
1.6906240820065512e-15,4.1835410427516675e-15,42.31061339378357
1.5797571042107383e-15,4.463062762378534e-15,42.32380509376526
1.4667569798163839e-15,9.448980751888781e-16,42.33590602874756
1.4466602761098284e-15,1.1797481242105e-15,42.347742795944214
1.4006735868539715e-15,1.4834309292622032e-15,42.360605001449585
1.407827521247363e-15,2.167696648943578e-15,42.3743417263031
1.2621735355825264e-15,3.1123308733693863e-15,42.38668251037598
1.2864883574872899e-15,4.317903761592249e-15,42.39838242530823
1.6588247711007303e-15,3.8944364158760396e-15,42.41063833236694
1.6409539641004407e-15,2.47463322518304e-15,42.42365288734436
1.474666149961371e-15,1.5245366970386256e-15,42.43566656112671
1.4317751543694917e-15,1.8975471371198436e-15,42.44757294654846
1.4433425539345517e-15,1.3341561953852097e-15,42.46164536476135
1.4609613686330332e-15,1.2958522008400678e-15,42.4753623008728
1.3766397681294596e-15,3.11868319695732e-15,42.48764967918396
1.3786437422035449e-15,2.1787256531915393e-15,42.49948692321777
1.373215637440184e-15,3.533526264962823e-15,42.51231908798218
1.1784127767691535e-15,2.05969825410276e-15,42.52692198753357
1.0895812552170429e-15,2.124393148306386e-15,42.54077935218811
1.1438606087847561e-15,1.624303625698026e-15,42.55294394493103
1.234382172824876e-15,1.9169880255669874e-15,42.56496024131775
1.2613010916468544e-15,1.915270030991719e-15,42.57779121398926
1.5907508507122703e-15,3.776673848735748e-15,42.59092712402344
1.5059386063739997e-15,2.365374233558471e-15,42.60371160507202
1.93982890426441e-15,2.0575694485480732e-15,42.615769147872925
2.097512134208797e-15,3.687546924443282e-15,42.62833499908447
2.0113534251217473e-15,1.1737943296242495e-15,42.641727447509766
1.823643300713669e-15,2.0611039052787286e-15,42.65408205986023
1.5319198597233677e-15,2.372338538450796e-15,42.66590666770935
1.324964723237198e-15,4.769148705780716e-15,42.67841172218323
2.2281504491803014e-15,3.4838780640342225e-15,42.69299340248108
1.6671763042024209e-15,5.1123516329315815e-15,42.70620679855347
1.2905246812391935e-15,3.6671618060181866e-15,42.71818137168884
1.291825723846176e-15,1.92196476764858e-15,42.72906255722046
1.3276351004825357e-15,1.6875294471337576e-15,42.74203443527222
1.911868981950256e-15,1.5937477591587744e-15,42.75410795211792
1.669287216186097e-15,5.8396132744111765e-15,42.765663385391235
1.4950187634971157e-15,1.8764922273917066e-15,42.77783751487732
1.5493129401414059e-15,1.5201241847790227e-15,42.79159235954285
1.5759796549033394e-15,1.981059715279671e-15,42.80393862724304
1.7071600709610865e-15,1.3574151907212208e-15,42.81577825546265
1.8364089342617386e-15,4.17737040773092e-15,42.82836961746216
1.7807891510549954e-15,1.6109453867242337e-15,42.843026638031006
1.9091286186076516e-15,3.3054266450143442e-15,42.85589575767517
2.1011065185204706e-15,2.0860934948050986e-15,42.86807298660278
2.2189948700534297e-15,3.4547718943841966e-15,42.88235688209534
2.2252902306756604e-15,2.5512873775689494e-15,42.894206523895264
2.131349194627475e-15,5.273883357071818e-15,42.90737318992615
2.0669308566811278e-15,2.221333104504325e-15,42.919886350631714
2.0073880403791763e-15,2.467580617105964e-15,42.93261766433716
1.6821968453351998e-15,2.8199630520644612e-15,42.94575023651123
1.37837957380312e-15,3.642245484841754e-15,42.95872211456299
1.3104182029175264e-15,2.7289430091348823e-15,42.9711856842041
1.2145959066934891e-15,2.849981264440443e-15,42.983362913131714
1.7383313069365184e-15,2.226407467133089e-15,42.99594306945801
1.6483945132673592e-15,4.916985601229745e-15,43.009663343429565
1.4794843910027086e-15,2.2326505234708267e-15,43.02274036407471
1.796261690144253e-15,1.9573449103389186e-15,43.03481984138489
1.9395148667992156e-15,3.850693093380986e-15,43.04693675041199
1.832895018080054e-15,9.30068539985705e-16,43.05828285217285
1.6744745518342007e-15,2.565503343280955e-15,43.06946420669556
1.295500364529602e-15,2.4273444345290166e-15,43.08039164543152
1.2214835551040875e-15,3.41561292595792e-15,43.091248512268066
1.0634838524747827e-15,2.4307355309333492e-15,43.10214829444885
9.838443324662756e-16,1.3712644970461838e-15,43.113025188446045
9.705866786549697e-16,1.4189312761529196e-15,43.124112606048584
8.600296619782927e-16,1.5626755201590529e-15,43.13528847694397
9.23829824691822e-16,1.803372108219979e-15,43.14686989784241
9.822578397560683e-16,2.2758244280670888e-15,43.159658908843994
9.334801769390086e-16,1.6931697336504056e-15,43.171592712402344
1.1721165691139755e-15,1.5179859559827976e-15,43.18377709388733
1.2989133779114448e-15,2.6725981657252894e-15,43.19570016860962
1.2860607117280449e-15,1.1186524847579945e-15,43.20790410041809
1.2447552559343073e-15,1.4642282688314746e-15,43.2196946144104
1.1821710619561209e-15,1.667652124960541e-15,43.23145651817322
1.2534467668852021e-15,1.2375168300044273e-15,43.24414420127869
1.2319924811224348e-15,1.6565887099990973e-15,43.25649809837341
1.1478612512737566e-15,1.1337601644052222e-15,43.26885676383972
9.782931961673262e-16,2.968285509150504e-15,43.28086805343628
1.0841224455093441e-15,2.3266277701775072e-15,43.29468584060669
9.102440514925734e-16,2.1069701040978385e-15,43.30831694602966
1.1645355183569311e-15,1.7347590513605918e-15,43.32050800323486
1.168794717653081e-15,3.0799360983016456e-15,43.334734201431274
1.1965239293682266e-15,1.6446250048938408e-15,43.346396684646606
1.1488097164164446e-15,1.2508070945842025e-15,43.36025261878967
1.1893802652493206e-15,1.560964195968244e-15,43.37154531478882
1.1838248937856349e-15,1.360091179559834e-15,43.38287830352783
1.1927989961035574e-15,1.3391193849396463e-15,43.39467120170593
1.1684542104082847e-15,1.5661928244725264e-15,43.405948638916016
1.052800437669301e-15,1.7957325063104558e-15,43.41686487197876
9.580569437827105e-16,2.7112681843827636e-15,43.42835092544556
7.2030797743867e-16,2.3626840569179915e-15,43.43983459472656
1.0260874537326237e-15,1.6066487062201679e-15,43.451311349868774
1.0191144667525895e-15,3.3842729186677476e-15,43.463024377822876
9.3507503409957e-16,1.6048796779098273e-15,43.475014448165894
1.0457370299221474e-15,1.197571391486625e-15,43.48691368103027
8.883593671134824e-16,1.9476629002353283e-15,43.498817443847656
7.9458916702284635e-16,1.1743228781833362e-15,43.51126766204834
7.9685725655779735e-16,9.060891431280542e-16,43.52367806434631
7.868481329178893e-16,9.454578580878948e-16,43.5356662273407
8.19595591329043e-16,8.535142316084534e-16,43.547356367111206
7.009265930560708e-16,1.6878958947625635e-15,43.560248136520386
5.78979736095902e-16,1.6682454715400926e-15,43.57232189178467
5.830783167694287e-16,1.100046135522133e-15,43.58395504951477
6.144921747446898e-16,1.3943106753541972e-15,43.59575796127319
6.005801350420707e-16,6.517760239839823e-16,43.607967138290405
6.32497712923152e-16,5.994978916332757e-16,43.62025451660156
6.303991887963295e-16,1.0856701864622145e-15,43.632004737854004
6.268196275612328e-16,8.564422127488747e-16,43.64473581314087
7.171762319348749e-16,1.154036544975714e-15,43.65709185600281
6.657206215155114e-16,1.058285611277483e-15,43.66902756690979
6.828706564172469e-16,7.123987014145646e-16,43.68069314956665
7.095804639803719e-16,1.6408163212465118e-15,43.69303512573242
6.410043059937494e-16,7.328163247290111e-16,43.70491552352905
6.508150651053223e-16,8.626082420279716e-16,43.71698784828186
7.089697002858424e-16,1.0474802237275967e-15,43.72932982444763
6.628400212805772e-16,9.75838177048828e-16,43.74126863479614
6.39607019268135e-16,1.6143245187881863e-15,43.75301766395569
5.531492546111453e-16,1.8404456815301158e-15,43.76478624343872
5.785228676999767e-16,8.92920957171802e-16,43.77738285064697
5.551886452503376e-16,6.3794461123003e-16,43.78938436508179
5.159124686399846e-16,7.555030963695927e-16,43.80142283439636
5.359227220463609e-16,6.853996320999522e-16,43.81310510635376
5.223753300275349e-16,8.840158350995216e-16,43.82507133483887
5.408570595410317e-16,7.620097917121634e-16,43.836766719818115
6.043825718214137e-16,6.717732013192354e-16,43.84857225418091
6.352924451930584e-16,1.1862491020806767e-15,43.86075949668884
6.864430708118511e-16,7.375086754985631e-16,43.87252497673035
7.514546494586315e-16,8.118309991202405e-16,43.88451099395752
8.447181120885727e-16,8.87073465220432e-16,43.89628505706787
8.873112697203736e-16,7.250301861196128e-16,43.90757751464844
8.509399926026292e-16,1.1608572777834793e-15,43.92095422744751
6.966758111498343e-16,1.906021489998886e-15,43.934617042541504
8.327651007742753e-16,2.487040775552658e-15,43.94786071777344
6.406084769095856e-16,2.060768268473379e-15,43.961254596710205
6.641806097382847e-16,1.2185876553365434e-15,43.97538495063782
6.447001754404159e-16,1.4796006462747193e-15,43.98862099647522
6.15197594371075e-16,6.276065211692321e-16,44.00164198875427
5.610392076961415e-16,8.876046078179196e-16,44.01653075218201
4.71858973267558e-16,5.5364736292369e-16,44.02884030342102
4.429052166084787e-16,1.204452475391882e-15,44.043070793151855
4.3346357857345144e-16,4.816408273798059e-16,44.05373764038086
4.779593574932427e-16,3.5957070065603203e-16,44.06475353240967
5.024873670029183e-16,4.3185879524553937e-16,44.07638120651245
5.422759985463602e-16,5.347633986393658e-16,44.08708691596985
5.246052501403002e-16,9.63082602017007e-16,44.09929442405701
4.820118278107033e-16,8.188407261543618e-16,44.11171245574951
4.790940640052083e-16,1.401126855359871e-15,44.12262511253357
4.2533050056281366e-16,5.427591779032096e-16,44.13425016403198
4.558186044662849e-16,5.887399379284357e-16,44.14550065994263
4.496328816711644e-16,6.850617188935569e-16,44.15504026412964
4.348763765899124e-16,5.833719195647707e-16,44.16692042350769
4.225171600378473e-16,9.72577629597491e-16,44.177494525909424
4.594759339138514e-16,6.371972105331965e-16,44.1884241104126
4.3875152585382124e-16,9.161313539924644e-16,44.19921398162842
4.1798616904474724e-16,6.850441429599014e-16,44.21072506904602
5.174075347314476e-16,7.256155388257247e-16,44.22205471992493
5.47301709720216e-16,1.126778601216597e-15,44.234631061553955
5.397867275330575e-16,4.603247668061186e-16,44.245816707611084
5.284325155729096e-16,3.6829744288357667e-16,44.25750255584717
4.581286750716842e-16,1.0373883555566538e-15,44.26931667327881
3.9139433728930693e-16,7.508611440604023e-16,44.279210567474365
3.371404741193501e-16,7.476870998488036e-16,44.29045867919922
3.210581771871879e-16,7.783265579520374e-16,44.301926374435425
3.442785266449805e-16,4.804537636437882e-16,44.31326389312744
3.470242104132849e-16,6.84791833020738e-16,44.32455611228943
4.4315384724827745e-16,3.753610094494079e-16,44.33657693862915
3.8300601119397e-16,6.678448742681068e-16,44.34824085235596
3.9909423735676294e-16,6.472274041176675e-16,44.3617627620697
3.1354917717021935e-16,9.06159340983558e-16,44.375420808792114
8.240032331491992e-16,6.358288288069072e-16,44.38730335235596
5.911899807283687e-16,3.542294114758089e-15,44.39943075180054
5.230243690233685e-16,1.4708326906003348e-15,44.41121292114258
4.065190370048185e-16,9.50496962970229e-16,44.422929525375366
1.1201458038440039e-15,5.408725178923191e-16,44.43471622467041
7.665752992978641e-16,5.208239150692557e-15,44.446988105773926
5.340654964303875e-16,1.322640676588169e-15,44.458335399627686
4.03344648686085e-16,1.0820760139087777e-15,44.4707190990448
7.403629711253204e-14,4.222305929099234e-15,44.48480463027954
7.330501629971772e-14,4.305446786850159e-13,44.496498346328735
3.57358355418131e-14,1.4670693316860134e-13,44.510241746902466
2.0326234388668395e-14,1.1564229120738373e-13,44.52207350730896
1.6302119769666563e-14,4.5782510269855303e-14,44.5359833240509
1.4966011692733525e-14,5.27696308416474e-14,44.5488224029541
1.7231465684669142e-14,3.5047299399649026e-14,44.56115746498108
2.071739420371043e-14,2.8592332359167125e-14,44.57384490966797
2.3700549376249984e-14,2.3099503267207805e-14,44.58632564544678
2.50746705977899e-14,8.863074255635942e-14,44.59892511367798
1.9585773432771736e-14,3.189260989089511e-14,44.61266326904297
1.5294989125051728e-14,5.128852258260569e-14,44.624751806259155
1.4075049075735774e-14,4.9078247704986006e-14,44.636600732803345
1.5101869001209536e-14,4.699526155054791e-14,44.648340940475464
1.6524867411937816e-14,2.4202106383439462e-14,44.660659074783325
1.7542501265098605e-14,1.4848326629107907e-14,44.673794984817505
1.5916270851203812e-14,2.6323932386640957e-14,44.685750246047974
1.6283767953831352e-14,2.2218587307997438e-14,44.69735336303711
1.540152384695969e-14,2.89648777781603e-14,44.71027970314026
1.492006015534498e-14,2.340897353075074e-14,44.72263193130493
1.3500984354195434e-14,1.2509860091184863e-14,44.73466467857361
1.1669773661130995e-14,3.285578121961334e-14,44.74644947052002
9.479257521071913e-15,1.9637533922112552e-14,44.758729219436646
8.070297834411426e-15,1.8221570967044166e-14,44.77073836326599
7.942334873003824e-15,1.921160848678341e-14,44.78284668922424
7.349430444650654e-15,1.624907517837771e-14,44.796029806137085
8.690712198825522e-15,1.245800304008806e-14,44.81242060661316
7.468676589998061e-15,2.372727834793354e-14,44.827266454696655
5.0485416763996e-15,1.7618385252777223e-14,44.8410484790802
5.206621741279775e-15,1.854049411827846e-14,44.85212302207947
5.271900452942296e-15,1.6791918265482257e-14,44.86379027366638
4.948741289938783e-15,1.1801893013210774e-14,44.8764283657074
5.176815922415317e-15,6.093119647612548e-15,44.89123821258545
4.981517229832788e-15,4.494762970429526e-15,44.9026415348053
3.2052819396604683e-15,1.5591354094834746e-14,44.91606855392456
2.791254776141408e-15,6.559252889914904e-15,44.928311347961426
2.7332613948582215e-15,7.348226810832605e-15,44.939021587371826
2.5795458789970105e-15,4.1279777989941535e-15,44.94970917701721
2.3970299723797325e-15,3.4661231946685883e-15,44.961222410202026
2.4017962267739324e-15,2.2239201548834766e-15,44.97183084487915
2.2473130873042722e-15,3.877690574508822e-15,44.982625246047974
2.652690985640682e-15,2.820944763250329e-15,44.99406981468201
2.3731214086522958e-15,9.698598396829308e-15,45.00470232963562
2.17799127562627e-15,4.5467474999848906e-15,45.015440702438354
1.9897238035388983e-15,3.2633231783051747e-15,45.026896476745605
1.9852256350725043e-15,1.6098854308698634e-15,45.037561655044556
2.076326781406783e-15,2.209080561164055e-15,45.048989057540894
2.3418754220192687e-15,2.683144149435079e-15,45.061399936676025
2.252963432337169e-15,4.203560242943549e-15,45.07270431518555
2.143404379291035e-15,3.2454594652058183e-15,45.084529876708984
2.1208722441028866e-15,3.588531314008096e-15,45.09729075431824
2.848372960631844e-15,3.2192954644980802e-15,45.11093211174011
2.35859309954099e-15,7.687457576977322e-15,45.12158679962158
2.4868063591845053e-15,3.3783331001251268e-15,45.133965253829956
2.7520104691456954e-15,4.063591860058039e-15,45.14674234390259
2.8973085950935668e-15,2.34065188292696e-15,45.15868663787842
2.642864556419585e-15,1.933104521454395e-15,45.17060923576355
2.314689899577142e-15,4.757629481214531e-15,45.18191456794739
2.146598540535131e-15,4.1752875537136216e-15,45.19301128387451
2.989173341629795e-15,3.021537411753198e-15,45.20389676094055
2.2275651494137487e-15,9.206693330073793e-15,45.21453595161438
2.1232329249268843e-15,4.433134970769671e-15,45.22534704208374
2.177800057938427e-15,4.667669500018441e-15,45.23643946647644
2.2475640208148963e-15,3.3618722853446604e-15,45.24708390235901
2.2899946539999428e-15,2.370487136186335e-15,45.25835847854614
5.385932263466406e-15,1.6088554388060021e-15,45.269970178604126
4.009446125937755e-15,1.8281230885651076e-14,45.2818067073822
3.3605229618596843e-15,7.279859393527922e-15,45.29345345497131
2.7974724214907282e-15,1.0042633533850851e-14,45.30523657798767
2.3954121394504767e-15,6.0644137010301e-15,45.317418575286865
2.3675492024087834e-15,5.494813690154737e-15,45.32912731170654
2.5199058656643616e-15,3.3573171539125635e-15,45.34199142456055
2.2337457370716265e-15,2.2120170126339487e-15,45.354103803634644
1.7301473804792657e-15,5.176621951870396e-15,45.3664927482605
1.5893134358007798e-15,4.59938763304143e-15,45.379700899124146
1.3721772809259687e-15,3.390683475770805e-15,45.392077922821045
1.2021723685769919e-15,2.284029847985378e-15,45.405062198638916
1.1566105722233015e-15,1.6731986025782805e-15,45.41688942909241
1.143724977634077e-15,1.3072167360142603e-15,45.42969751358032
1.2438819649656882e-15,1.1494835311259854e-15,45.44393062591553
1.2702150546255219e-15,1.402877778340964e-15,45.45713400840759
1.3438734632352295e-15,1.9903974064902023e-15,45.470749616622925
1.3960273993800449e-15,2.3839742300472283e-15,45.483659744262695
1.226937388493221e-15,3.4148793954255977e-15,45.49621939659119
1.5476038394120835e-15,3.72212365638315e-15,45.51013398170471
1.4004817338914184e-15,3.948891317022071e-15,45.522923707962036
1.3795237035566237e-15,1.8057016605831653e-15,45.53661131858826
1.34305734699055e-15,1.1951794763226972e-15,45.552035331726074
1.3527505802806913e-15,1.5391157222476482e-15,45.56532430648804
1.2507795660134167e-15,2.2365453927205388e-15,45.57922005653381
9.565516603563212e-16,2.0310003543333108e-15,45.593220233917236
9.498310891945688e-16,3.239356592820851e-15,45.60642170906067
6.986251515988216e-16,2.957329985010717e-15,45.61640238761902
8.134216740556248e-16,1.7974761236323787e-15,45.62616729736328
7.595129503418945e-16,1.2768055003507524e-15,45.636786699295044
6.4461690151378895e-16,1.1021896582742783e-15,45.64634609222412
6.57165324050447e-16,1.1453305285855976e-15,45.65608191490173
6.356714924369547e-16,1.2512227760030675e-15,45.665818214416504
7.045575056635947e-16,5.412539474163795e-16,45.67545676231384
6.347308623490288e-16,1.9240063288096998e-15,45.686211824417114
5.909322709541666e-16,1.063202849294531e-15,45.69569659233093
5.420073832229622e-16,6.737408588557072e-16,45.70538783073425
5.182029516084786e-16,6.499565972132801e-16,45.71489477157593
5.207487091314514e-16,7.276477296848654e-16,45.72444224357605
4.494666514552657e-16,1.114377509473202e-15,45.7353835105896
6.607957072623789e-16,1.1237066244751425e-15,45.74477410316467
6.442390189401951e-16,1.8950992119022786e-15,45.75468373298645
6.524322098203084e-16,1.223928515706337e-15,45.764132022857666
6.205482485593212e-16,7.936695539399242e-16,45.773736000061035
5.978007023047741e-16,6.14340502907572e-16,45.78354525566101
5.482635685713825e-16,5.052572176799991e-16,45.793184757232666
5.04588273409905e-16,7.438873100474208e-16,45.80350303649902
4.921005725476533e-16,5.013105206018269e-16,45.81288027763367
4.583561563575812e-16,9.196136123177452e-16,45.82248592376709
4.352911845060506e-16,1.0969392186716042e-15,45.831971645355225
4.2729434645102276e-16,1.3397173902004078e-15,45.84153652191162
5.776494179126799e-16,1.8263895932869043e-15,45.851513147354126
4.684892644451436e-16,9.764206180791837e-16,45.86089825630188
4.357665817476971e-16,4.806392638592369e-16,45.87085151672363
4.2616784557073374e-16,3.8323465715016944e-16,45.88031053543091
4.2271420107720234e-16,3.348223831707315e-16,45.88995051383972
3.7866761431725186e-16,8.333573356230836e-16,45.89950489997864
3.1564566312401255e-16,4.855199206408754e-16,45.90919041633606
3.285827679043419e-16,5.333931110889452e-16,45.919400215148926
3.48086310319803e-16,1.0893544621454155e-15,45.92881941795349
3.828237138218531e-16,7.043778287996584e-16,45.93844270706177
4.296989406393797e-16,5.732416702134053e-16,45.94798040390015
4.169431803191016e-16,4.196920139911786e-16,45.95751619338989
4.08931704475954e-16,5.976066258807345e-16,45.96726655960083
4.94467500239637e-16,4.435944367297477e-16,45.97681260108948
4.938905119838792e-16,1.4352565656618253e-15,45.98693323135376
4.3118132770641354e-16,7.035558362639073e-16,45.996379137039185
4.0137458239966953e-16,4.2311071837563576e-16,46.005894899368286
3.813606496939285e-16,7.997358980290411e-16,46.0155029296875
3.649302222204448e-16,4.580143256238049e-16,46.02479314804077
4.155580167525448e-16,5.046362366505433e-16,46.03509879112244
4.10647475589736e-16,7.585347331669342e-16,46.04450297355652
3.917929721701085e-16,4.460959367812265e-16,46.05440068244934
4.144397215039323e-16,9.24005795786614e-16,46.063912868499756
3.698172052794081e-16,4.002169530585689e-16,46.07344579696655
3.2673202738437085e-16,5.490954078651454e-16,46.08299231529236
3.2000430938212596e-16,6.940758435182372e-16,46.09237885475159
3.2834607513514353e-16,5.062687338376983e-16,46.10254454612732
3.7861554826077533e-16,5.100467125406893e-16,46.111979484558105
3.8292308137447787e-16,6.732896020530575e-16,46.121565103530884
4.517731221706392e-16,3.994025838193431e-16,46.131020307540894
4.548443048187057e-16,4.4031340166899896e-16,46.14068555831909
4.424881587610744e-16,6.209029436059839e-16,46.15012335777283
3.4056034317410974e-16,1.0339568133290898e-15,46.1605441570282
2.4247842774459405e-16,8.534570039449546e-16,46.17016363143921
2.320281322880645e-16,6.043049094880623e-16,46.17975854873657
2.286461150181353e-16,4.16316402407913e-16,46.18930387496948
1.9549745415755866e-16,4.123478412917898e-16,46.19877219200134
2.241032920335533e-16,3.412633540505512e-16,46.208412170410156
2.725386476608039e-16,5.663324754022112e-16,46.21782064437866
2.6211153973120546e-16,3.4808096342432346e-16,46.22774386405945
2.740983264842747e-16,2.6933670430150504e-16,46.23729467391968
2.904833582857415e-16,2.4008897427016927e-16,46.24684405326843
3.118494996824352e-16,3.272132215077501e-16,46.25637602806091
2.38200037858233e-16,6.167732344716456e-16,46.2658965587616
2.710458844401662e-16,1.1500596194092367e-15,46.27609896659851
1.8521409036608723e-16,6.256181642651118e-16,46.28593039512634
1.877360118525287e-16,3.8197117516044164e-16,46.295562982559204
1.7874418801716287e-16,3.0075993257874507e-16,46.30509352684021
1.7031462200520648e-16,1.948474754845492e-16,46.31463670730591
1.7303567564359152e-16,2.7300851271851363e-16,46.324187994003296
1.6377532912905627e-16,1.511061382229655e-16,46.33367872238159
1.6931906712460706e-16,2.2982309376812476e-16,46.34367489814758
1.8935154191095907e-16,2.2949531848731695e-16,46.35349774360657
1.7840585129429398e-16,4.497744420524743e-16,46.36307334899902
2.366307769745464e-16,3.952547693557572e-16,46.3725483417511
2.3782874625975997e-16,4.0274616696929066e-16,46.38205146789551
2.277752857390191e-16,2.1380247142243453e-16,46.39166784286499
2.100552108986713e-16,2.2873391527707414e-16,46.40113282203674
1.9748516255207869e-16,3.2437476116194174e-16,46.41105914115906
2.2511168475725953e-16,3.063945016229991e-16,46.420629262924194
2.165038712494653e-16,5.061562902139503e-16,46.4302134513855
2.4367613233201163e-16,2.7345505790039425e-16,46.43972635269165
2.4126158550652444e-16,2.6536565502609927e-16,46.44921159744263
2.7113209651232894e-16,2.796284457782204e-16,46.45919585227966
2.8045107358868194e-16,4.858955797529827e-16,46.468937158584595
3.239889376544674e-16,3.8579941997489626e-16,46.478644609451294
3.0901760384196804e-16,4.798439528613243e-16,46.48836064338684
2.535870530895974e-16,5.418745049293617e-16,46.49789476394653
2.7424110447544624e-16,6.714920922598654e-16,46.50741934776306
2.2420877410526605e-16,8.385387949801158e-16,46.516915798187256
2.9507983551357614e-16,4.896812346920582e-16,46.526827573776245
2.6620268239666413e-16,3.086724379159619e-16,46.53645133972168
2.3875632674634224e-16,3.7974660194315584e-16,46.54601216316223
2.1249523488702513e-16,2.997292258308346e-16,46.55550670623779
1.9896678199550407e-16,2.655778897189457e-16,46.56505632400513
2.040321846038726e-16,2.383082463172447e-16,46.57466650009155
2.017659214837141e-16,2.604697251816306e-16,46.58409643173218
1.7312485233106963e-16,2.295616782247784e-16,46.593932151794434
1.4973316398991527e-16,2.6485087075240547e-16,46.60345482826233
1.6237568659305734e-16,2.909560820796482e-16,46.61305570602417
1.6284111796268378e-16,2.703078540453117e-16,46.62255048751831
1.9185449780031593e-16,3.780158754038989e-16,46.632051944732666
2.200679873681644e-16,3.4471466920347766e-16,46.641661405563354
2.5217361979842597e-16,3.5166388632142955e-16,46.65108895301819
2.4910365476022117e-16,1.6183475017711706e-16,46.66101694107056
2.1310578682331787e-16,2.853876080750596e-16,46.67061138153076
1.6769653580947204e-16,4.2026812874420953e-16,46.680182695388794
1.5309337016145268e-16,4.365776422644727e-16,46.68977189064026
1.4538556886478556e-16,2.1825491334456656e-16,46.70018434524536
1.789756133002205e-16,1.920100077554759e-16,46.7100133895874
1.5714257146113246e-16,4.0482719457179646e-16,46.71968722343445
1.4493717079833282e-16,1.7935897511819188e-16,46.72907614707947
1.4376001999477596e-16,2.60931437547223e-16,46.73866033554077
2.295666810131231e-16,2.3820726410806424e-16,46.748133182525635
2.1152849236152216e-16,7.514197622891165e-16,46.75766968727112
1.8514312488697508e-16,2.143056884024424e-16,46.76753377914429
1.8897422843762668e-16,2.365857254096643e-16,46.77699089050293
1.9933827211732408e-16,1.9492294082619363e-16,46.78707504272461
2.1132238542265354e-16,1.7487535179568905e-16,46.79649543762207
1.9178746308347463e-16,2.2937088405340937e-16,46.80645442008972
1.7010520634388765e-16,3.7230118233679054e-16,46.81599307060242
1.4871544066889943e-16,6.006510740514033e-16,46.825600147247314
1.4838920063530852e-16,4.1320509157397034e-16,46.83622622489929
1.2072159733218584e-16,3.291893229039148e-16,46.8456711769104
1.3004797271193752e-16,1.7643156307803201e-16,46.855348110198975
1.313436948932202e-16,1.7521240473424726e-16,46.864821910858154
1.839719430187184e-16,1.5561999003377346e-16,46.87432646751404
1.664433770337889e-16,3.187884729956812e-16,46.8849458694458
1.7788644804405968e-16,2.0068390306804575e-16,46.89462471008301
1.6116977637396323e-16,7.12130986063673e-16,46.90450167655945
1.514852251715312e-16,2.143212261630686e-16,46.91425037384033
1.396894046433984e-16,1.7437560235680901e-16,46.92400932312012
1.2520342070967576e-16,1.456840950391335e-16,46.93440842628479
1.1274580275194134e-16,3.504622906764105e-16,46.94412660598755
1.120758526302224e-16,1.4112785187629342e-16,46.95407319068909
1.0535178084011764e-16,1.9232805539228008e-16,46.963855266571045
1.5033028251306015e-16,1.4323847269239392e-16,46.973631381988525
1.4005032008826754e-16,5.016061880399778e-16,46.983818769454956
1.303548236319702e-16,1.3274552118603625e-16,46.99366235733032
1.2810489236582596e-16,1.6509900339759832e-16,47.00413227081299
1.4799206129705446e-16,1.570244103649905e-16,47.01382803916931
1.2422069043729336e-16,5.6127256527311e-16,47.02356767654419
1.2068714691403423e-16,2.699552765810171e-16,47.03385305404663
1.212809964193983e-16,2.123091920410946e-16,47.04366374015808
1.153142448760328e-16,1.1966092679376625e-16,47.05364489555359
1.0735206899739337e-16,1.2848419107262848e-16,47.06331539154053
1.108685262779196e-16,1.5498018899102084e-16,47.073166847229004
1.0887467027708708e-16,1.5736546024026855e-16,47.083422899246216
1.043123986219427e-16,9.039714945854695e-17,47.0935320854187
1.0445104732749639e-16,1.920102856881617e-16,47.10365271568298
1.0274641999092672e-16,1.3682742589841393e-16,47.11338543891907
1.0397895880830013e-16,1.593205711012091e-16,47.1231849193573
9.541996219153634e-17,1.4644496885378428e-16,47.13296937942505
8.84979295372354e-17,1.3496053881288585e-16,47.142730712890625
8.287751520762339e-17,1.7235881690939652e-16,47.1530499458313
8.195868960064439e-17,2.547244859888619e-16,47.16278910636902
7.76099364226571e-17,1.3428485798388314e-16,47.17266035079956
8.907061645380791e-17,1.0839159679935611e-16,47.18247604370117
9.845602605951627e-17,1.4464336947964378e-16,47.19225788116455
1.0153353498490756e-16,9.828381367342763e-17,47.20304012298584
1.0550669522523657e-16,8.774129088732089e-17,47.212767124176025
1.0113346411856261e-16,1.9917966519795072e-16,47.22258114814758
8.128736305038615e-17,1.3543289202987813e-16,47.23240566253662
7.614069160119552e-17,2.539385717627079e-16,47.24228096008301
7.418675202800235e-17,1.8227749331240558e-16,47.25272583961487
7.039878098321172e-17,1.2536740099430827e-16,47.26242780685425
8.080366091538964e-17,6.995741064324323e-17,47.27226543426514
7.901705667139351e-17,1.1102213040894824e-16,47.282163858413696
7.838397233521482e-17,9.201079354518069e-17,47.29222655296326
8.024718673882317e-17,1.1653522963461007e-16,47.302610635757446
8.400202423699738e-17,1.0858852534214783e-16,47.31230711936951
8.729119213752874e-17,1.0229665211337958e-16,47.32215070724487
9.6781144137774e-17,1.482734747588899e-16,47.33196306228638
8.985946882549768e-17,1.3987678421319881e-16,47.341747760772705
1.1184596259438166e-16,1.8584335643655837e-16,47.352858781814575
1.2203022353102433e-16,1.9824843188178342e-16,47.36259984970093
1.2530282796696993e-16,1.2339978316250593e-16,47.37248349189758
1.1761861124392792e-16,2.2200205475432158e-16,47.38224768638611
1.0800819527671533e-16,1.9942644295317734e-16,47.39223623275757
1.0480296304730095e-16,1.8581758810611612e-16,47.40276551246643
1.0248691027171168e-16,1.359752048743577e-16,47.41245675086975
1.064790824312396e-16,1.8353386816631032e-16,47.42231893539429
1.2601658557392969e-16,1.2470703293280513e-16,47.43207335472107
1.0847185317110845e-16,2.4660578106854784e-16,47.4418249130249
9.024696654653182e-17,1.8488872383522317e-16,47.452696084976196
8.994208762507947e-17,1.3553281544787454e-16,47.46254062652588
8.921699433500529e-17,1.5877096583244925e-16,47.47278690338135
8.729727356939222e-17,9.446079002299945e-17,47.482582807540894
7.433961500520215e-17,1.450039937569373e-16,47.492544651031494
6.822250187880921e-17,1.2664147089587674e-16,47.50318455696106
6.690140841377832e-17,6.749147274065934e-17,47.51296782493591
6.070758586609965e-17,9.296309680591094e-17,47.52281928062439
6.903067718960822e-17,9.825330725243668e-17,47.53265380859375
6.827552084735141e-17,1.4651131535635593e-16,47.54271602630615
6.326176077898579e-17,9.6576790821804e-17,47.553183794021606
6.25973428412036e-17,1.1669527915697173e-16,47.56294894218445
6.840206624618222e-17,1.0405691892667203e-16,47.572784662246704
7.173784742859216e-17,8.002575379756517e-17,47.582611083984375
7.548713950793982e-17,7.071571688927264e-17,47.59231948852539
7.368712170313053e-17,8.897030260656238e-17,47.60266470909119
7.017869800071341e-17,1.013905320006094e-16,47.61259078979492
6.651212398262106e-17,2.0743487477167073e-16,47.62297821044922
5.581281407448857e-17,8.544306550829336e-17,47.634010314941406
5.5251737464993847e-17,9.318251142647431e-17,47.64386749267578
5.041699251607451e-17,7.908764495614633e-17,47.654200315475464
4.87290080534294e-17,1.1417605758804963e-16,47.66514778137207
5.042075122477795e-17,9.640960107639478e-17,47.675557374954224
4.9822593762783703e-17,6.369151088570914e-17,47.6867618560791
4.9301010064454716e-17,6.851082395312069e-17,47.69881725311279
5.641841616199579e-17,7.305205875092661e-17,47.70957326889038
5.876176589779931e-17,8.421344498412103e-17,47.7196569442749
5.639395808564382e-17,6.552822903993619e-17,47.7295503616333
6.784500311701961e-17,5.351479383625295e-17,47.739402770996094
6.720900048763984e-17,2.215421555686319e-16,47.74960994720459
5.741430853228513e-17,9.689091431378224e-17,47.760459899902344
5.423803424175501e-17,9.073410313543165e-17,47.769869804382324
5.008007192641431e-17,1.6168784290032765e-16,47.77946972846985
4.9922143295143235e-17,6.364914600345663e-17,47.7889130115509
5.100387054323598e-17,5.390344630142221e-17,47.79849171638489
5.198686220469195e-17,7.387223148933009e-17,47.80821204185486
4.975640607888966e-17,9.698989805460279e-17,47.81841063499451
5.073118879994665e-17,9.297863456653714e-17,47.828914403915405
5.0505093868756306e-17,5.2642293652299365e-17,47.83835744857788
5.382435129124989e-17,5.208639188471678e-17,47.84795904159546
5.914859525689851e-17,5.1690278250422284e-17,47.857481956481934
5.708757219032669e-17,8.663762680938324e-17,47.86697435379028
6.24492245719974e-17,9.839057952945108e-17,47.87743806838989
4.64804631419918e-17,1.810285167618995e-16,47.88683891296387
6.291484784752595e-17,1.2915490881795587e-16,47.89645528793335
5.733908803610201e-17,1.9438184559157574e-16,47.90605020523071
5.053355880799548e-17,8.977737942150792e-17,47.91630792617798
4.557035932739156e-17,6.730729601419074e-17,47.92750406265259
4.271546455717299e-17,5.112494331513414e-17,47.93752312660217
3.6786664060311415e-17,6.6082221674665e-17,47.94768738746643
6.472767040821757e-17,6.260426468856944e-17,47.95795917510986
5.016070880124843e-17,2.2025184645727778e-16,47.968624114990234
4.269600596044329e-17,1.1646585234227402e-16,47.979787826538086
3.784531296931393e-17,7.22500244289952e-17,47.99078631401062
3.7891049439743214e-17,4.249533194383793e-17,48.002190589904785
3.707999223169007e-17,3.544290584649657e-17,48.01327323913574
3.3691784342056513e-17,3.761297778758249e-17,48.024227142333984
2.995311987921894e-17,4.364981468988839e-17,48.03529334068298
2.733036011302358e-17,5.163827836839475e-17,48.04650521278381
2.947018536783088e-17,4.873667436334654e-17,48.05710005760193
2.5392289172701636e-17,5.383754316765889e-17,48.06873178482056
2.7725153567060438e-17,4.999691049635068e-17,48.079298973083496
3.024713626486724e-17,5.655366350087066e-17,48.09056282043457
4.210478688942714e-17,4.456348861601241e-17,48.10197973251343
4.224908689292579e-17,7.836865956771524e-17,48.11366009712219
4.318063784644831e-17,2.78052461570515e-17,48.12541937828064
3.920955879254049e-17,5.753669817571848e-17,48.13708567619324
3.571363875226273e-17,5.119583269362994e-17,48.14866495132446
3.5336874526857074e-17,1.3104518195376205e-16,48.160449504852295
3.041624506929758e-17,4.3123774142418965e-17,48.17189335823059
3.0481546015574966e-17,4.124588224602148e-17,48.18281030654907
2.9454161225004504e-17,4.016501195704334e-17,48.19415783882141
3.0612869209623885e-17,4.6908740867224806e-17,48.205029249191284
3.0830040516366007e-17,4.88537932119167e-17,48.21648597717285
3.195415249904597e-17,5.802805007701988e-17,48.22790050506592
3.392668709240932e-17,3.7011134408778705e-17,48.239179372787476
3.7248234150838455e-17,3.261722709551338e-17,48.24994206428528
3.3184050955904114e-17,4.9457783951590667e-17,48.261926889419556
3.1729748325027684e-17,5.2933699455934446e-17,48.27182054519653
3.5616087688263124e-17,8.397847936804167e-17,48.282763719558716
2.87006658614177e-17,3.4546963363983236e-17,48.29380702972412
2.7253045195529473e-17,7.258747441424743e-17,48.30484580993652
2.5906272735562486e-17,4.555249222616041e-17,48.31542181968689
2.749610229236083e-17,2.034081132276483e-17,48.32716250419617
2.911355802725722e-17,2.6746491368930575e-17,48.338213205337524
3.0029177482181966e-17,3.587245742987291e-17,48.3489785194397
3.0784770575802205e-17,5.0280471319056306e-17,48.35978055000305
2.4304361378737193e-17,5.0756563392417327e-17,48.37075471878052
2.5721057070244513e-17,8.047945905482806e-17,48.38156580924988
2.2735158397693472e-17,4.5883377706071424e-17,48.392147064208984
2.0910025735125844e-17,4.672020655328927e-17,48.40356230735779
6.443529845762702e-17,4.249610618489128e-17,48.41417050361633
5.062352958886165e-17,2.6151067573424694e-16,48.42406916618347
3.49823879297087e-17,1.2906716149857625e-16,48.43497967720032
2.7597238357135238e-17,6.124422756029955e-17,48.44597244262695
2.5283544700652965e-17,5.425564657135749e-17,48.457194089889526
2.1645084897220066e-17,3.202526025322348e-17,48.46873426437378
2.0977386361128487e-17,3.2712531536969287e-17,48.4798743724823
2.1727807921559044e-17,3.664225817769436e-17,48.49105215072632
2.037983439534263e-17,1.474826967107341e-17,48.50293159484863
2.0218744279770378e-17,2.2519265912178357e-17,48.51388883590698
2.1021762946630732e-17,2.9085122866520096e-17,48.524823904037476
2.027983487672987e-17,2.04164239025583e-17,48.53599166870117
1.8413758428202092e-17,2.855809962848296e-17,48.54709577560425
1.586772131818225e-17,4.219567087768957e-17,48.558767318725586
2.2373880647716037e-17,5.2189948279963516e-17,48.57034969329834
1.9668679098589966e-17,4.6169161990263595e-17,48.58207678794861
1.831973942541809e-17,3.522383202434558e-17,48.59552264213562
2.0005548403052186e-17,2.767590985083393e-17,48.60878849029541
1.957453270999163e-17,1.3688461054852095e-17,48.62141799926758
1.882704267765196e-17,1.2539607272870058e-17,48.63341999053955
1.6708269169434134e-17,2.0956192339473654e-17,48.646907567977905
1.3834956395696461e-17,2.2189212575963573e-17,48.66046404838562
1.1627897900700849e-17,3.396764245889805e-17,48.67237138748169
9.734093530859681e-18,2.7377372095957418e-17,48.68517732620239
1.3824577760550758e-17,2.7331971460856833e-17,48.69745850563049
1.396435225891813e-17,3.0656726325701446e-17,48.71182060241699
1.4178398477306028e-17,2.6068337269896326e-17,48.72341799736023
1.6526362226566373e-17,1.760076396315435e-17,48.73547983169556
1.4871258193270245e-17,2.3421968114657476e-17,48.74768590927124
1.3313409093314426e-17,1.77532414741887e-17,48.760499715805054
1.3063316825373306e-17,2.015794981347018e-17,48.77338004112244
1.3335593250162486e-17,1.2536688152488359e-17,48.78575611114502
1.3504149497943642e-17,1.2788302432756576e-17,48.798012495040894
1.4598938755089212e-17,1.3212134889377722e-17,48.81232047080994
1.496563453807887e-17,2.6176051074901756e-17,48.824798822402954
1.3217719185693067e-17,2.34539154842755e-17,48.83805513381958
1.3647463502152129e-17,5.630392774777355e-17,48.85061168670654
1.644358626266819e-17,3.828008240799425e-17,48.863932609558105
1.5603741514936977e-17,2.114518656582977e-17,48.877158641815186
1.5838839479914348e-17,2.056934478240098e-17,48.88762307167053
1.595928690326942e-17,8.744274320627703e-18,48.89855432510376
1.5021280632246537e-17,1.1487419471632194e-17,48.90978670120239
1.3535096806201088e-17,1.696966155172334e-17,48.921732664108276
1.2298139189995416e-17,2.267052912207348e-17,48.933619022369385
1.1786760418883496e-17,2.5456021784537622e-17,48.94674324989319
1.138993623644282e-17,2.5743931922904054e-17,48.95698833465576
1.1812427006110404e-17,2.3631810601172378e-17,48.967745304107666
1.1331309810528123e-17,1.4839486185942083e-17,48.97925877571106
1.2958340988195427e-17,2.4985948277313537e-17,48.9901602268219
1.2701854614119272e-17,1.7696280162847072e-17,49.00171494483948
1.446592976695191e-17,1.9053432085140374e-17,49.01457643508911
1.4640330872941366e-17,2.2918286259145362e-17,49.02877497673035
1.7356641457694024e-17,1.4826173541163654e-17,49.03879356384277
1.7001266468567767e-17,2.26458791398194e-17,49.049633741378784
1.6915085829268317e-17,2.0908980178831577e-17,49.061464071273804
1.7889868550325307e-17,3.025304233444087e-17,49.07241487503052
1.4248035504354417e-17,2.1698735831750256e-17,49.08340501785278
1.3360209318011452e-17,3.8233154797482895e-17,49.094831228256226
1.2883612664476774e-17,3.1113280392993964e-17,49.10586190223694
1.2815359510593186e-17,3.380887010340217e-17,49.11729598045349
1.3138203140588957e-17,2.7612069705518314e-17,49.129234790802
1.2895314788602561e-17,1.87625077006218e-17,49.140806674957275
1.463094568171134e-17,1.3318508661790816e-17,49.152411460876465
1.43873691154553e-17,2.6034394740640825e-17,49.16408967971802
1.503776965057717e-17,1.6065405904053847e-17,49.17875266075134
1.494725127614549e-17,1.1853799271627856e-17,49.19067978858948
1.414348814673384e-17,1.6246695770184644e-17,49.203553438186646
1.4136783020688485e-17,1.5030371347178495e-17,49.215291023254395
1.2478593603707534e-17,3.939758687194114e-17,49.22862005233765
1.0982233801766458e-17,2.6276161435716598e-17,49.24043869972229
1.1493617535962053e-17,3.914048259394741e-17,49.2526171207428
1.0626295502643052e-17,2.2442091615388385e-17,49.26537799835205
9.267261744456192e-18,1.6302290579154333e-17,49.2783203125
9.374099565192928e-18,1.5559073761859113e-17,49.290950775146484
9.72351140928329e-18,2.1602900340341087e-17,49.30336952209473
9.2675785546308e-18,1.0550874828751692e-17,49.315391063690186
2.203387963745469e-17,7.918457728904775e-18,49.32912302017212
2.3862373962031734e-17,1.0335061256267015e-16,49.340869426727295
1.57788126372226e-17,4.827417783053344e-17,49.3526976108551
1.4222685727302117e-17,2.3658935507819217e-17,49.364543437957764
1.394296798572241e-17,2.0134975699137133e-17,49.37809896469116
1.358438436300006e-17,1.5263993621943072e-17,49.39163875579834
1.2012162999901133e-17,2.4685423634605672e-17,49.40417551994324
1.339823646513174e-17,1.7734831742475718e-17,49.41683626174927
1.3631046448534789e-17,3.088500170498648e-17,49.42955493927002
1.36261445762248e-17,1.5400428792177568e-17,49.44308066368103
1.4043568037459884e-17,1.2593005917313419e-17,49.45615243911743
1.2623480078260485e-17,1.7250249487307454e-17,49.46956181526184
1.0859763921813694e-17,2.2855719971973076e-17,49.48242378234863
1.0164447479430195e-17,3.8376339761515824e-17,49.49711489677429
9.634188310836752e-18,2.8454725212970984e-17,49.51055979728699
7.635247630778869e-18,1.683041231304494e-17,49.523213624954224
1.3004023691884893e-17,1.3656854483646443e-17,49.536707639694214
1.3567870529251052e-17,4.152224990612035e-17,49.5488555431366
1.3365991310493197e-17,1.7394410524463195e-17,49.563146114349365
1.1855112007259978e-17,1.7107064523274524e-17,49.57674717903137
1.142512615406205e-17,1.2409673742250229e-17,49.58950614929199
1.1341929982412692e-17,3.210623130902507e-17,49.60203313827515
1.027231514002956e-17,1.5252735693806225e-17,49.61595153808594
9.140862756593801e-18,1.4766535473359806e-17,49.629589557647705
8.509177182830944e-18,1.4787812213075895e-17,49.642672300338745
8.63284647467191e-18,1.5603465236612384e-17,49.65582299232483
7.966271249852177e-18,1.714342572864113e-17,49.668521881103516
9.69393639366207e-18,1.845508437160524e-17,49.68021297454834
1.040168205192979e-17,1.2893965657023487e-17,49.693020820617676
1.2216864558909018e-17,8.548764392586507e-18,49.704612731933594
1.1010236347043215e-17,1.6928261162065062e-17,49.71621227264404
9.53494318094264e-18,1.4062163057630076e-17,49.72848320007324
8.642659318278626e-18,1.7803790481421814e-17,49.74018311500549
8.593431318483758e-18,1.5743050310619482e-17,49.75177240371704
6.9052011831967185e-18,1.1267158645302186e-17,49.76372671127319
5.475899672744397e-18,1.6823386240921914e-17,49.776442527770996
4.5387722811223524e-18,1.1852282222384434e-17,49.788055658340454
5.145281785761546e-18,1.1591126413750417e-17,49.8006591796875
5.741736910055158e-18,1.1072314597654095e-17,49.81293249130249
5.6979922905409035e-18,9.223335145207176e-18,49.82475972175598
6.018903213035445e-18,5.762968154837556e-18,49.83669590950012
6.110494440721604e-18,1.4719760064081158e-17,49.848215103149414
5.71525058684121e-18,8.041375940749542e-18,49.86087894439697
7.236779013280437e-18,5.882390701413675e-18,49.87325978279114
6.7629976689605835e-18,2.1165523628369998e-17,49.88609194755554
5.633280710449961e-18,9.195967047460246e-18,49.898289918899536
6.268837489479567e-18,4.759620819277579e-18,49.910850524902344
6.2292788174551374e-18,1.4391632404332398e-17,49.92201232910156
5.835842766803478e-18,6.552559198814337e-18,49.93320608139038
6.0453444549060085e-18,5.937836617873104e-18,49.945133447647095
5.463582539833176e-18,1.3882087492638507e-17,49.95796322822571
5.594351109281378e-18,9.544946276090243e-18,49.97016000747681
5.898951684457599e-18,1.0596162140108358e-17,49.9818012714386
6.387617316719732e-18,1.2164089608647523e-17,49.99355888366699
7.017174968356797e-18,6.273269523201626e-18,50.00460195541382
7.052305328971924e-18,4.818686891687847e-18,50.016002893447876
6.15140638022817e-18,7.796196298466375e-18,50.02820920944214
5.2046853478617355e-18,1.2998429469402197e-17,50.04295492172241
4.642517273548753e-18,7.710645143613078e-18,50.05433678627014
4.559411264586163e-18,6.5738533093232894e-18,50.06593632698059
4.6713763643498095e-18,6.93048974888369e-18,50.078718423843384
4.516607563018688e-18,7.187515444719229e-18,50.09072828292847
4.663477203090234e-18,9.575497364834277e-18,50.102845430374146
4.5092617855889106e-18,5.914267347089324e-18,50.11527681350708
4.840413204066858e-18,6.155034394394828e-18,50.128273487091064
5.064540686170245e-18,7.288010444518909e-18,50.14048409461975
5.125853381124207e-18,5.8778838078461795e-18,50.15224099159241
5.267795506286775e-18,8.195630235739656e-18,50.1641047000885
5.121957360439082e-18,7.430098567059593e-18,50.17815566062927
5.0376180251831754e-18,1.401198959039506e-17,50.18987441062927
4.695324070263832e-18,8.734685642966988e-18,50.20216083526611
5.134437447930976e-18,1.3227096105116968e-17,50.213884592056274
5.1422774657767535e-18,5.720301351661459e-18,50.2275128364563
4.87289948185396e-18,3.344709976736996e-18,50.23922252655029
4.354594727473133e-18,5.3777083709506774e-18,50.25102782249451
4.004148080436467e-18,4.8973976764656364e-18,50.26331281661987
4.0827720112499386e-18,8.221540014066654e-18,50.27759504318237
4.048300086402404e-18,5.324353567079782e-18,50.28972029685974
3.689000125269583e-18,6.626120784278984e-18,50.30136013031006
3.836635320998047e-18,5.124120437740908e-18,50.31317925453186
4.084172428026991e-18,7.328389266120685e-18,50.32490682601929
4.0855898020066005e-18,3.575214400977707e-18,50.336854219436646
4.214743714899099e-18,8.024589964579004e-18,50.347843170166016
3.589755822556083e-18,5.144413659708672e-18,50.35973787307739
3.93433196878546e-18,1.3369290106776059e-17,50.37143015861511
3.528212344211219e-18,9.23013374266175e-18,50.383153200149536
3.601854993375896e-18,4.822146988190156e-18,50.39604115486145
3.874064416535459e-18,3.659087206368134e-18,50.407857179641724
4.463979023725614e-18,3.277007518346215e-18,50.419496297836304
4.272562812535943e-18,4.659929425442994e-18,50.431320667266846
3.939304978628129e-18,6.556155780117717e-18,50.44421410560608
3.899364562751006e-18,1.1293663993670223e-17,50.457064628601074
2.9708361271867562e-18,8.359345822576151e-18,50.469491481781006
2.8096194529807837e-18,7.194703644242315e-18,50.4821891784668
2.7406319695084018e-18,6.461048621237902e-18,50.49620771408081
2.4614117770671457e-18,4.321202686915286e-18,50.5084011554718
2.5072483363505466e-18,3.49771626297792e-18,50.52094030380249
2.5553408239595328e-18,6.452934393019063e-18,50.53309655189514
2.3958659853284438e-18,3.119014573782515e-18,50.54394578933716
2.5660796962620025e-18,2.456392445110174e-18,50.55435299873352
2.6809217301961083e-18,5.6488486631685156e-18,50.566547870635986
2.647917844140702e-18,2.8968640533431298e-18,50.579224824905396
2.7397727356471123e-18,4.816031228331245e-18,50.59213399887085
3.1023549494505437e-18,4.4520841665171014e-18,50.60435938835144
3.2659429436775526e-18,5.349838174571928e-18,50.61770439147949
3.4177878683384525e-18,5.462757427172155e-18,50.63063359260559
3.630501498759526e-18,4.856328986232991e-18,50.644800424575806
4.834060456962451e-18,3.5779101825940174e-18,50.6565055847168
4.261242018672542e-18,8.383908950865913e-18,50.6685106754303
3.5726637895589e-18,4.257518878735441e-18,50.68027353286743
3.064567064322437e-18,6.538559166946877e-18,50.69301795959473
2.582563544713806e-18,8.175798580553697e-18,50.70487666130066
3.4233115736739285e-18,6.0800078720653494e-18,50.71694231033325
3.276362524263577e-18,1.194512331997616e-17,50.730462074279785
2.7603647766111605e-18,6.447343892849123e-18,50.74359393119812
2.708536741355885e-18,4.4561034371134966e-18,50.755287885665894
3.0438358502203266e-18,3.56099185752547e-18,50.766961097717285
3.039684230725923e-18,4.351175576411145e-18,50.78024482727051
2.961282811497228e-18,2.7772609745983218e-18,50.79301619529724
2.759913963177319e-18,2.752716457872342e-18,50.8059458732605
2.2870646446126595e-18,4.326547100852991e-18,50.818193674087524
2.1031242850040896e-18,4.704358536914136e-18,50.83030581474304
2.213139099678489e-18,4.446395645444574e-18,50.8450722694397
2.172967900410464e-18,3.418292655307263e-18,50.856929779052734
2.2297424757288067e-18,2.27038930384905e-18,50.86839747428894
2.2401527505329397e-18,1.8852622824504857e-18,50.88141131401062
2.207115570457878e-18,2.957190128621469e-18,50.89455008506775
2.4136600878705314e-18,3.37410135826223e-18,50.90760850906372
2.45466177647356e-18,7.125287474417477e-18,50.91963076591492
2.373557751388501e-18,5.7382139478262945e-18,50.93221926689148
4.435325073716471e-18,5.299132003022428e-18,50.94590616226196
3.8318616616830036e-18,9.308922696007425e-18,50.957520484924316
3.344019074130361e-18,5.308915895307705e-18,50.96910357475281
3.0424763788835957e-18,4.9326508734017276e-18,50.980854749679565
2.7614041290508334e-18,1.9585186382691007e-18,50.99306535720825
2.65047838172686e-18,1.741708602659511e-18,51.004427671432495
2.6188637455102363e-18,2.5995513529538076e-18,51.01615929603577
2.7088789873343287e-18,3.8290405622038915e-18,51.028618574142456
2.6149348443957625e-18,5.80047707330408e-18,51.04024624824524
3.48708740569692e-18,1.076018791967456e-17,51.052367210388184
2.961882517441329e-18,2.3654966695240188e-18,51.064098834991455
2.414510636335389e-18,3.6974117249186345e-18,51.076380491256714
2.0692394515963143e-18,3.4552845858909407e-18,51.087857246398926
2.1286653475730426e-18,4.66256689082612e-18,51.099586486816406
2.2149287049337476e-18,2.2748730363593936e-18,51.112634897232056
2.1060572606610495e-18,1.9823470233797626e-18,51.12543320655823
1.964732419030599e-18,2.525033133110743e-18,51.13763427734375
2.029717589109143e-18,2.7233749139790142e-18,51.14954352378845
2.1338466001349216e-18,3.3368281862702843e-18,51.16299891471863
2.057910592721941e-18,2.5833340634543992e-18,51.17696404457092
2.1260100978067474e-18,5.056167964009983e-18,51.18877339363098
2.8519347043965464e-18,3.5780119258093614e-18,51.20080614089966
2.7469117179237512e-18,4.812602978282519e-18,51.21310043334961
3.7460201664347006e-18,3.0526856487988783e-18,51.227372884750366
3.6641466565848145e-18,1.7703536191180387e-17,51.240217208862305
2.5988346009530304e-18,6.665009026416939e-18,51.25248861312866
2.10197905344601e-18,4.509205123716951e-18,51.26509714126587
2.1225165004896297e-18,3.1964943070136724e-18,51.27966284751892
2.0774397065988587e-18,4.944594947856687e-18,51.29396057128906
1.9925374749361097e-18,1.9671694999103334e-18,51.30655336380005
2.0035890215101244e-18,1.7458176223523683e-18,51.319111347198486
1.9266535731220267e-18,2.7305593911893435e-18,51.33227610588074
1.8339026382170683e-18,2.3306291455485304e-18,51.34483814239502
1.547707658850765e-18,3.838923716162675e-18,51.35714888572693
1.380138754528268e-18,3.574530736201432e-18,51.36895751953125
1.2382310607586974e-18,1.2762722699493986e-18,51.3809232711792
1.1901493264976745e-18,1.4862854658632165e-18,51.39359450340271
1.246223693427491e-18,1.6086981669561374e-18,51.40529203414917
1.6805212255683511e-18,1.4756445110657578e-18,51.417362451553345
1.6050002560277191e-18,2.5981066820139837e-18,51.42958378791809
1.7143243748906369e-18,2.2763084015173262e-18,51.44209885597229
1.6832668448165678e-18,3.3477682702567575e-18,51.45333647727966
1.7309935117996524e-18,3.3177130762899496e-18,51.464993715286255
1.3973202264291836e-18,2.816516484928251e-18,51.47733807563782
1.4541163084434527e-18,2.791647299811844e-18,51.4890718460083
1.53670946542626e-18,2.765265614945384e-18,51.50151610374451
1.513922810899532e-18,1.2544995320585075e-18,51.51401686668396
1.4891082197035537e-18,1.1969084260779984e-18,51.5271737575531
1.4006976048702376e-18,1.3680601598261922e-18,51.54123640060425
1.4940652029218543e-18,2.320176270942851e-18,51.5538809299469
1.5485976017922955e-18,2.5503173560994982e-18,51.566840171813965
1.2552266238169417e-18,2.7539940383284302e-18,51.58012580871582
1.082331193337486e-18,3.1176323549789387e-18,51.592146158218384
1.1642396515682525e-18,2.2529668121971517e-18,51.60505795478821
1.082740130752817e-18,2.4921355397640497e-18,51.617982387542725
1.1084495245764245e-18,1.2989927500271223e-18,51.63420605659485
1.079073549290099e-18,1.2595049053426425e-18,51.64669990539551
1.0725838003967377e-18,1.2196413138649104e-18,51.657912254333496
1.0786986296774594e-18,1.3705984669333877e-18,51.66988515853882
1.1455577774337424e-18,1.0563665108973294e-18,51.683895111083984
9.877366796423e-19,1.7549534186277102e-18,51.69781565666199
1.0618261097353325e-18,1.5732042604617933e-18,51.711878299713135
9.572182645324624e-19,3.0550176777408184e-18,51.72430491447449
9.20357545473451e-19,1.8538256968607142e-18,51.739256143569946
1.1637884245441049e-18,2.3505797079475437e-18,51.751953125
1.0443870744711833e-18,1.3000601232100455e-18,51.76421093940735
9.926769124531964e-19,1.440358330302741e-18,51.7791645526886
9.287042114444173e-19,2.172336761603086e-18,51.79168367385864
8.46007139897158e-19,6.441176847792234e-19,51.80788707733154
8.74043185988724e-19,8.1028942934833e-19,51.822423219680786
8.389526851393644e-19,1.0625201142692645e-18,51.83566904067993
8.189297961355409e-19,1.173815197736743e-18,51.846670389175415
8.1010739791478e-19,2.7747293883336033e-18,51.85985255241394
6.681832639305349e-19,1.921737431946471e-18,51.87162971496582
1.3472858289346526e-18,2.1126217660022703e-18,51.88467288017273
1.2234289738897907e-18,3.4450862761187744e-18,51.89741349220276
8.71135439340447e-19,2.214969857169222e-18,51.909752368927
7.665998690435987e-19,1.034206032094304e-18,51.92211151123047
7.064201530348932e-19,1.6418016248777799e-18,51.93511700630188
2.5200623980147587e-18,1.2100625623715463e-18,51.946895599365234
1.4884824575701574e-18,8.85931611867974e-18,51.95931935310364
1.4023522762880734e-18,4.917870396626324e-18,51.97221565246582
9.924302058355025e-19,3.499028171429429e-18,51.985183238983154
8.943324788485779e-19,2.5212541584822945e-18,51.99801015853882
8.386743905620286e-19,1.0113574424192112e-18,52.010300159454346
7.596996834700462e-19,9.559771834209031e-19,52.022621393203735
7.985282135075331e-19,9.6939384616136e-19,52.035973072052
7.090259270608001e-19,1.5293741311517163e-18,52.04771637916565
9.464760835075425e-19,1.2697524323612557e-18,52.06133484840393
7.890676454441875e-19,2.118433536986068e-18,52.074037075042725
9.623457503545255e-19,1.4193479427438942e-18,52.086530447006226
9.616258964264512e-19,1.9892200670894657e-18,52.09868001937866
9.435640975586261e-19,1.5061879483891252e-18,52.110841274261475
9.354216418013838e-19,6.677576278065881e-19,52.123478412628174
9.067639694794842e-19,1.1317948362093554e-18,52.13587474822998
8.475872099634992e-19,1.4317440714036138e-18,52.14744782447815
8.35319811286608e-19,2.2424973939792212e-18,52.160929679870605
8.220229863373947e-19,2.2484226955020917e-18,52.17304515838623
7.772410823349989e-19,8.174526583566744e-19,52.18568253517151
8.082042621204487e-19,7.951057020243066e-19,52.19786620140076
7.967168947611951e-19,1.1470132017215295e-18,52.210283279418945
7.970706178706381e-19,7.240054441710994e-19,52.22216057777405
7.576320938301817e-19,1.3726123415322247e-18,52.2347457408905
7.906197464660667e-19,1.3091601439238945e-18,52.247907638549805
8.430830564317831e-19,2.732955940219063e-18,52.25972890853882
7.457305157791921e-19,1.1898313789497244e-18,52.27234387397766
7.902539775389534e-19,1.08607263464564e-18,52.28475880622864
8.145779472341112e-19,1.0956196430829973e-18,52.29821705818176
8.005655593562512e-19,8.685443994692012e-19,52.311842918395996
7.565413010961656e-19,1.0723992357225619e-18,52.324949502944946
6.772315341573111e-19,1.1384178645789144e-18,52.33738708496094
6.425524522651199e-19,1.1661330679903864e-18,52.34981894493103
6.232600671397574e-19,7.955798833104526e-19,52.36296081542969
6.174383182898209e-19,4.735158193432242e-19,52.37659764289856
6.063952503170848e-19,7.516313120764157e-19,52.38992786407471
5.691115317723291e-19,9.49223150321831e-19,52.402570486068726
6.991585929312316e-19,1.7243894051866056e-18,52.41400146484375
6.022107503933322e-19,6.264451260883928e-19,52.426445722579956
6.205497581639391e-19,7.447870645917871e-19,52.438923358917236
6.206346992730906e-19,1.2882488112434008e-18,52.45135998725891
5.801434328067957e-19,3.586943098280673e-19,52.464672565460205
5.202170925594727e-19,6.410266142276893e-19,52.47818040847778
4.579025267873444e-19,7.975563796853598e-19,52.49067044258118
4.964823856531824e-19,1.3500881100548291e-18,52.5034019947052
4.795143780490939e-19,6.590278738144331e-19,52.515223026275635
4.26715775591958e-19,1.026422986313216e-18,52.52855062484741
5.0203013092521075e-19,7.754672969089555e-19,52.541006088256836
4.80241469807528e-19,8.164636088380024e-19,52.55602550506592
5.489681328930143e-19,5.9223272915804645e-19,52.56867718696594
5.221344972193707e-19,8.118963310857908e-19,52.58087778091431
5.367181567077751e-19,5.274835640480214e-19,52.59418797492981
5.153356929696442e-19,6.3294061354725375e-19,52.6065034866333
5.495984445197797e-19,9.615317012341967e-19,52.6190402507782
4.674024376285745e-19,8.824660559736218e-19,52.63111639022827
4.1954375778960526e-19,9.08631950097782e-19,52.643635272979736
4.383811160298812e-19,7.015724610550262e-19,52.655437707901
4.2285033474010356e-19,6.141885324582532e-19,52.667585372924805
3.53254666722342e-19,6.08077425490288e-19,52.6798791885376
3.2360639391812184e-19,9.385622397920945e-19,52.69179725646973
3.766987230408965e-19,7.854503846254931e-19,52.70343852043152
4.230905531598678e-19,6.347729220016353e-19,52.71537399291992
4.715105784420308e-19,7.789029915831945e-19,52.727447271347046
5.524384140566157e-19,5.136880008882268e-19,52.74047374725342
5.113398419243419e-19,4.068725915762117e-19,52.75284004211426
3.9633640437321166e-19,9.530426568002947e-19,52.76456332206726
4.121754138387419e-19,8.296892445557479e-19,52.77780604362488
3.6743104315664066e-19,1.1669987125014232e-18,52.79011273384094
4.546108649372662e-19,6.29797275520764e-19,52.802796602249146
3.762088511725061e-19,8.661670306899356e-19,52.814637899398804
8.286239393243561e-19,6.082353652884973e-19,52.828567028045654
6.092828861367192e-19,3.423778723924868e-18,52.842705488204956
5.428602312499228e-19,1.3351479874212026e-18,52.854461908340454
4.662514158062069e-19,8.626392087749735e-19,52.866926193237305
9.819373370472061e-18,1.9223194052061902e-19,52.87952375411987
6.325075844965822e-18,4.693184236737219e-17,52.89323902130127
3.1131070566428142e-18,1.1037520072367665e-17,52.906168937683105
2.7106867905630633e-18,7.675219479519269e-18,52.91793656349182
2.1142854330092676e-18,4.171863085534656e-18,52.93101215362549
1.90803518509953e-18,4.7814815485061304e-18,52.94370651245117
1.4603386712038063e-18,2.258629897465843e-18,52.9559223651886
1.6215269110762223e-18,2.8691328233072895e-18,52.967684507369995
1.5439041789966696e-18,2.745330562182856e-18,52.9811646938324
1.5826886099677497e-18,3.157320480769233e-18,52.99478030204773
1.8741770282665095e-18,3.0800268631759e-18,53.00875997543335
1.91945213870914e-18,2.3069012628822937e-18,53.02098488807678
2.2375905585855567e-18,1.828851459806513e-18,53.03285360336304
1.752984728769834e-18,3.656016298344031e-18,53.045451402664185
1.0390659249882062e-18,4.3695993701945386e-18,53.05842566490173
1.6260059906956204e-18,4.748037809159999e-18,53.07109570503235
1.132491322285125e-18,5.530395158680003e-18,53.08318734169006
7.395026729472804e-19,2.226085923831016e-18,53.095476150512695
1.049470512925628e-18,1.218494324548029e-18,53.108004093170166
9.09619707146747e-19,2.705318388387594e-18,53.1199836730957
9.118128731433547e-19,1.6897953678011425e-18,53.132317304611206
8.165846357013765e-19,6.2030475760625855e-19,53.146538496017456
6.264121939602555e-19,1.4347370176549838e-18,53.16005730628967
8.87755255605439e-19,1.2363443651790406e-18,53.17174696922302
7.232224660225297e-19,3.58110558130031e-18,53.18418598175049
5.731374198136247e-19,1.288757010332238e-18,53.19665050506592
5.277788675267028e-19,6.673123978418814e-19,53.210936307907104
5.599866439413152e-19,5.339743469171484e-19,53.22363638877869
5.012193905273322e-19,9.525520352994742e-19,53.23569989204407
4.339680040643342e-19,6.022204180667414e-19,53.24841547012329
4.089832204573232e-19,8.7341494231349e-19,53.260873317718506
3.8838492393989254e-19,4.0888421727775824e-19,53.27350187301636
3.9044917900791276e-19,5.597233937113702e-19,53.28679966926575
4.774500971316795e-19,5.107855275163548e-19,53.29998588562012
5.388168173193987e-19,8.484740509777326e-19,53.313735008239746
5.704329011020943e-19,4.1630914555239907e-19,53.32599639892578
5.937305464522268e-19,5.905322526137906e-19,53.33867311477661
5.279828709452737e-19,6.321479160264865e-19,53.35016441345215
4.373819852474937e-19,1.6058829611388898e-18,53.36343789100647
8.441454665310309e-19,1.0505980634981143e-18,53.37764024734497
3.951112723378382e-19,2.485499690094996e-18,53.390727043151855
4.716630545468581e-15,3.046597252074631e-16,53.403486490249634
4.855791705955358e-15,2.9504142998095645e-14,53.415229082107544
1.3827992858427745e-15,1.0311100626483102e-14,53.42755103111267
1.968231824809978e-15,5.5972631721580915e-15,53.43988275527954
1.191911834970427e-15,8.03018320106241e-15,53.4518027305603
5.879335096230904e-16,3.0047333368708566e-15,53.46476459503174
5.641761412767386e-16,1.8500817400963175e-15,53.476651191711426
5.61297552745054e-16,1.2276370377076531e-15,53.48910856246948
3.251615488908226e-16,9.800387193133805e-16,53.50110387802124
4.2375515162981867e-16,1.4848075695597283e-15,53.514324426651
1.8039427437286325e-16,1.0340203408001339e-15,53.52809119224548
7.100639609745765e-16,6.217969339422516e-16,53.54354190826416
5.0162678152850795e-16,3.0518650029131645e-15,53.55973410606384
2.8163382275062457e-16,8.335825934474941e-16,53.57128071784973
3.0465948697944666e-16,8.588121050561739e-16,53.583842754364014
2.54791533940593e-16,4.001123709593626e-16,53.596527338027954
2.226369191831785e-16,4.189898236779048e-16,53.60745930671692
2.3899031959802124e-16,4.94582802599582e-16,53.62167572975159
2.3754599607405465e-16,3.2444842655857326e-16,53.63439893722534
2.1742445047934293e-16,2.2084601359999707e-16,53.650830030441284
2.1338415626049912e-16,2.767162935660009e-16,53.663233280181885
2.0780845600607928e-16,4.141890262213246e-16,53.677183389663696
1.4804001130280293e-16,3.7760638791346063e-16,53.69055676460266
1.6046838015407747e-16,4.4136920176797185e-16,53.70312166213989
1.4694560503028097e-16,4.187702039165495e-16,53.71478581428528
1.3799801219662957e-16,1.4964263734367747e-16,53.727280378341675
1.8277001650145435e-16,1.471083412352722e-16,53.74011445045471
1.944902393390447e-16,3.259001086812691e-16,53.752623319625854
2.045375191662486e-16,1.6583401623757824e-16,53.76434373855591
2.0027948454040122e-16,1.9341827943962497e-16,53.777915716171265
1.8816132827116877e-16,2.5742691813729715e-16,53.79069709777832
1.5896726571797544e-16,3.9771407657855087e-16,53.80334782600403
1.1760982327710016e-16,5.082567731044634e-16,53.81502914428711
1.2673407541981328e-16,4.748850514111832e-16,53.82956409454346
1.1290984921102286e-16,3.9088259704026733e-16,53.845720052719116
9.102524424127071e-17,1.647072109548238e-16,53.857930183410645
9.263709500033644e-17,1.5764032243165257e-16,53.87026643753052
8.942374978347415e-17,1.4985148390473486e-16,53.88182592391968
8.513440140835797e-17,7.924119614761578e-17,53.896296977996826
8.646287994189773e-17,8.379672462640662e-17,53.908456563949585
8.66869466262261e-17,8.851762305325906e-17,53.92120003700256
7.983916832115281e-17,9.860297965842e-17,53.934946060180664
7.693229682996386e-17,2.0406903053707816e-16,53.9461030960083
7.126612286886542e-17,1.7176292923100312e-16,53.95828628540039
8.253279926787049e-17,2.7704396296769033e-16,53.97096514701843
6.98649450856496e-17,1.5584344791317098e-16,53.98356318473816
7.633137327600124e-17,8.529022900087316e-17,53.994829416275024
7.441728395599843e-17,1.0726768334002316e-16,54.005690574645996
7.059770799436337e-17,8.138247558593995e-17,54.01789426803589
7.841054137649003e-17,7.926415868142025e-17,54.02960181236267
7.754484723461653e-17,1.0883204731448344e-16,54.041454553604126
7.657152696888253e-17,8.735227115395965e-17,54.05411958694458
6.39483405397395e-17,1.59054152769518e-16,54.065401792526245
5.1716966405705695e-17,1.552589422400063e-16,54.07718753814697
5.906034501170645e-17,1.793872580776963e-16,54.09057569503784
5.943610338548724e-17,1.2770232672275355e-16,54.10189771652222
5.538784838042822e-17,5.916190955603816e-17,54.11237287521362
5.1267119118819757e-17,7.65351244044853e-17,54.12387228012085
5.246344727769805e-17,7.282079228654659e-17,54.13485097885132
5.3858004307291e-17,6.385134203238909e-17,54.14500617980957
5.476059401320681e-17,4.5387036251315105e-17,54.15656566619873
5.464743570540956e-17,7.884210466311609e-17,54.16735243797302
5.260755206657214e-17,6.353007831736329e-17,54.17962956428528
4.921932432460388e-17,1.8375551286580513e-16,54.19384145736694
4.303882269350977e-17,1.0815395111809207e-16,54.20734190940857
6.233118258986364e-17,1.0636649984114869e-16,54.21835803985596
5.717741723973975e-17,1.1097279073977068e-16,54.22867941856384
4.821675826113246e-17,6.978258436641892e-17,54.24211764335632
4.8725864767101696e-17,8.860427187678521e-17,54.2531156539917
4.771787239881193e-17,7.14638852097146e-17,54.26346158981323
4.516824036184993e-17,3.4760984766952756e-17,54.27777409553528
4.1225374784275066e-17,8.495947586986016e-17,54.292073011398315
3.5829973433612185e-17,5.574298017845439e-17,54.304996967315674
3.2500363018571885e-17,1.656803062274312e-16,54.31801223754883
2.827496563097341e-17,9.421222555764972e-17,54.33118987083435
2.7550730954375057e-17,4.4381336827683333e-17,54.34595823287964
2.5787497871405997e-17,2.3564311008826826e-17,54.36068344116211
2.1854194501712246e-17,3.726281238195409e-17,54.37400674819946
2.0051921802553134e-17,4.042819104945566e-17,54.38725757598877
1.7802066637025254e-17,2.323884190756681e-17,54.39949607849121
1.9293178805160294e-17,2.5402458531152363e-17,54.412492990493774
1.905624284486183e-17,3.473667558311105e-17,54.42510509490967
1.6449697473033733e-17,1.797997664317316e-17,54.43753790855408
1.552955664888077e-17,2.444102319645953e-17,54.45024251937866
1.542682577988536e-17,3.162685036554854e-17,54.46268558502197
1.7184960121558643e-17,3.467037209393125e-17,54.4762806892395
2.0041664762957476e-17,3.286702571433704e-17,54.488795042037964
1.951978327960797e-17,3.241793943361465e-17,54.50166034698486
3.162109649720762e-17,2.2208371733311527e-17,54.51354265213013
2.53695135817156e-17,1.00019496678915e-16,54.52629470825195
2.215865156105219e-17,5.719447701269304e-17,54.53857612609863
2.0076791814850153e-17,3.1022333539004984e-17,54.5511908531189
2.308376870377027e-17,2.456434093654016e-17,54.56327176094055
2.1595602952977144e-17,2.8737561425460015e-17,54.57628607749939
2.1202106518140768e-17,3.2760554334611665e-17,54.58923316001892
2.1671003774533803e-17,2.3615075083019205e-17,54.60181736946106
2.1422065423547194e-17,2.424565802502553e-17,54.61368107795715
2.0817179674450442e-17,2.2704752892737248e-17,54.626885175704956
1.9669554255678047e-17,4.4270921450797305e-17,54.63977122306824
1.6444352231915415e-17,3.6095319739229396e-17,54.652212619781494
1.8295175469947715e-17,4.6643080232974826e-17,54.66389441490173
1.7409329553991202e-17,4.9377597063009776e-17,54.67680358886719
1.6783825500945953e-17,1.782363123559451e-17,54.68894577026367
1.663216358999558e-17,2.6295654774032023e-17,54.70150351524353
1.565511604842142e-17,2.3601683028901972e-17,54.71334791183472
1.946329015249305e-17,1.9768473476410813e-17,54.725459814071655
1.9732305831307545e-17,5.3984913665591335e-17,54.73745083808899
1.7607326814134345e-17,2.369525039107152e-17,54.749539852142334
1.5926646356298077e-17,2.4009560825868195e-17,54.76353716850281
1.6402404248691626e-17,2.4481937203917627e-17,54.774890422821045
1.6465541290486574e-17,2.6419581319043493e-17,54.78781461715698
1.5699864865199314e-17,7.872346545658006e-18,54.80125427246094
1.579161408438247e-17,2.4659819085924705e-17,54.81331992149353
1.461761649332066e-17,1.5730561537731157e-17,54.82632851600647
1.4255918535592047e-17,3.446637611998587e-17,54.838361501693726
1.2270302908021781e-17,2.5402734809476956e-17,54.85144090652466
1.400411317660233e-17,4.8111398612150355e-17,54.86244249343872
1.3812849166645369e-17,3.590082641616103e-17,54.876256227493286
1.3090809827392731e-17,2.312293736013588e-17,54.88892412185669
1.2362530237598994e-17,1.6309447345814142e-17,54.90026354789734
1.449377762945412e-17,1.628413892779247e-17,54.91202449798584
1.446137696486042e-17,2.2171904648826514e-17,54.92367386817932
1.4156751160675515e-17,1.8583161708930502e-17,54.93487048149109
1.3123838322071361e-17,2.9440774133970946e-17,54.94704461097717
1.18223176046947e-17,2.708818313636398e-17,54.95838499069214
1.1397522309840543e-17,2.1609693147531372e-17,54.9700870513916
9.18362054963728e-18,2.0434896499997835e-17,54.98101544380188
8.679274468093286e-18,2.1180254060718342e-17,54.99441313743591
8.036025736547549e-18,1.5817719904514644e-17,55.00583076477051
7.981024843257673e-18,1.6164078624964073e-17,55.01800179481506
8.684313652384959e-18,1.3186043958496574e-17,55.03018617630005
1.0311998302736179e-17,9.013181638781954e-18,55.04345202445984
1.0284789850847472e-17,1.0258275403492697e-17,55.05495810508728
1.0566755869332098e-17,2.1850172749574014e-17,55.06806707382202
9.576157454963094e-18,2.0187652214905735e-17,55.080379486083984
1.103987091966854e-17,1.838183752836367e-17,55.09408712387085
1.0623107548562273e-17,2.1453612437748742e-17,55.1044979095459
1.0661472185372482e-17,9.107802001871282e-18,55.11573839187622
1.0748732295371314e-17,8.804667604330812e-18,55.12928915023804
1.0956951853524387e-17,1.3536361565357682e-17,55.14448523521423
1.1244442611320255e-17,1.6432219146690487e-17,55.15674829483032
8.620351084338683e-18,3.5567892837053334e-17,55.16948890686035
1.2896340492562127e-17,3.02176257693338e-17,55.181790351867676
1.3591672651377265e-17,3.186449604681257e-17,55.19652342796326
1.1752252098089009e-17,1.362477724667225e-17,55.21127676963806
1.0690280404565867e-17,1.1107915624037765e-17,55.22406244277954
1.0552032881609267e-17,1.191536715180079e-17,55.237194299697876
1.0195142497600813e-17,7.350508902880966e-18,55.249430656433105
1.0226012878061292e-17,1.271442527788824e-17,55.26308083534241
9.968770460905263e-18,1.9829223274957933e-17,55.277580976486206
1.0382522894581837e-17,2.7098623810055624e-17,55.290953397750854
1.0178082724647519e-17,2.977306251220085e-17,55.304264068603516
8.886794231448139e-18,1.7988546234319208e-17,55.31688332557678
7.434763865714392e-18,1.2991462127102662e-17,55.32965135574341
6.441483731799491e-18,9.222875232786596e-18,55.34170436859131
6.3816938763532395e-18,6.515397696205086e-18,55.3544385433197
6.265927054494299e-18,8.280535362534549e-18,55.366677045822144
6.675761547199516e-18,5.466703905874645e-18,55.380533933639526
6.012380893905464e-18,9.491914899838856e-18,55.39383292198181
5.442740483528984e-18,8.606637256963167e-18,55.40721535682678
5.513227025066465e-18,2.0381750145641303e-17,55.419130086898804
5.130404528854474e-18,1.0497198251622514e-17,55.43103098869324
5.72349799113867e-18,1.0620420865932701e-17,55.44537949562073
5.807977533508404e-18,9.504689877219125e-18,55.45723533630371
6.204249986480508e-18,6.247715846128332e-18,55.46943020820618
5.7023283713119065e-18,6.8375134072618105e-18,55.48143672943115
4.812648886806516e-18,5.201830333977509e-18,55.49483132362366
4.328073662673458e-18,8.658048186394562e-18,55.50831365585327
3.897801191393281e-18,5.858058356514815e-18,55.520795822143555
3.723864547317774e-18,5.819965448535829e-18,55.53349018096924
3.381846043542411e-18,4.594896899274382e-18,55.54599952697754
3.363607538216229e-18,6.821916503221817e-18,55.558074712753296
3.72049047759917e-18,8.405736592869963e-18,55.57107162475586
4.3338647541419415e-18,6.901055767556909e-18,55.583431243896484
4.470744533955685e-18,5.619670280651014e-18,55.59594774246216
4.545841780227537e-18,4.469968224950804e-18,55.607624530792236
4.614104446688169e-18,3.471328374256866e-18,55.61972618103027
3.9676094448284684e-18,6.869119978467462e-18,55.63150715827942
3.749637840843701e-18,6.7972814102187626e-18,55.646267890930176
3.3351572814329272e-18,8.954687561765266e-18,55.658730268478394
3.299802548076645e-18,8.393062531524425e-18,55.67023229598999
3.677290970108588e-18,6.671788185127118e-18,55.68234348297119
3.005565305204795e-18,5.637095667435056e-18,55.696361780166626
2.8447119700828865e-18,5.897597176204543e-18,55.708757162094116
2.689038646751938e-18,6.992290893989364e-18,55.7206814289093
2.6588525514531935e-18,4.262824415184356e-18,55.73340177536011
3.1943403286985843e-18,3.831262782919515e-18,55.74634337425232
3.063717963423651e-18,5.568103841264458e-18,55.76138138771057
3.4697823736920044e-18,3.4710822880246315e-18,55.773582220077515
3.5513911857458736e-18,4.926019780021196e-18,55.78579568862915
3.805154481245504e-18,4.175716920008541e-18,55.79873847961426
3.659301446146785e-18,7.640343063352196e-18,55.81181192398071
3.0571908880051484e-18,6.859214077041833e-18,55.82354521751404
3.8626145824965e-18,8.488070015140428e-18,55.83565330505371
3.97796822763947e-18,8.63309297449445e-18,55.84739112854004
3.811714437093356e-18,4.5037722014537024e-18,55.86035943031311
3.5429746230131465e-18,3.059739224677271e-18,55.87325072288513
3.4024087195947135e-18,4.308627473652949e-18,55.88551425933838
3.026043402039464e-18,4.757966044462167e-18,55.89707326889038
3.2692613854999622e-18,5.798482740847214e-18,55.907435178756714
2.9551819408893433e-18,8.989661585244621e-18,55.91771697998047
2.6121902591233116e-18,4.1779974569573494e-18,55.9295175075531
3.3752571363731198e-18,4.004462409069237e-18,55.93991565704346
3.096281375802873e-18,7.96486586999145e-18,55.95194745063782
2.6003487550643087e-18,4.356987760985249e-18,55.964460611343384
2.5020956215198007e-18,5.127841923316784e-18,55.97865867614746
2.1802127618055096e-18,4.205804374019238e-18,55.99099802970886
2.0614008813166086e-18,3.764959707330021e-18,56.003639936447144
2.1223605769441634e-18,3.6951907449739296e-18,56.01610851287842
2.5315662055886868e-18,3.480827716411425e-18,56.029537200927734
2.8250548500061763e-18,3.9399940200783856e-18,56.04318356513977
2.7779024531633567e-18,2.859010200561172e-18,56.05524182319641
2.7556037318004584e-18,2.33955194281614e-18,56.067891359329224
2.5036033649813317e-18,8.580731614539231e-18,56.0810444355011
1.8003149694443526e-18,4.784769591441029e-18,56.095425844192505
1.9042775103718547e-18,5.6097904354146804e-18,56.10876441001892
2.0221947950282796e-18,5.431754284223361e-18,56.121891021728516
1.9445810585378885e-18,2.778774921914447e-18,56.134642124176025
1.9513631123802107e-18,2.3962175370887788e-18,56.14679980278015
1.9602069138993214e-18,2.7860032396972416e-18,56.15899109840393
2.140960766993184e-18,2.3830184228494233e-18,56.173479080200195
2.1031317296296026e-18,3.2626023747737572e-18,56.18645787239075
2.0842405788001165e-18,2.0441800149390203e-18,56.19956111907959
2.10252333828907e-18,2.3590990478713805e-18,56.21224069595337
1.8462263885731895e-18,3.918140321885041e-18,56.224422454833984
2.2256634413331545e-18,5.091985711714142e-18,56.23848056793213
1.913302878035421e-18,4.228657306392547e-18,56.251209020614624
2.0649918791508545e-18,3.801344900934391e-18,56.264325857162476
1.6540041932741621e-18,3.2251616987077695e-18,56.277132987976074
1.6057301395207206e-18,3.0752337651164613e-18,56.29083752632141
1.5284891512938611e-18,4.092501309614787e-18,56.30392241477966
1.4825331678095229e-18,2.5210376439569587e-18,56.316241979599
1.4444576306234007e-18,1.4772158440368789e-18,56.329216718673706
1.5053794827379312e-18,1.5509506204422792e-18,56.34361290931702
1.5288042037096673e-18,1.2406228534998945e-18,56.35582137107849
1.479921758615693e-18,2.403026267505856e-18,56.36857557296753
1.2418090304982956e-18,2.579248825204153e-18,56.381203174591064
1.4274507972293105e-18,4.125915684049173e-18,56.39420127868652
1.1979319586884562e-18,2.403789134825783e-18,56.40664100646973
1.0228804819423811e-18,1.6302291613130099e-18,56.41885018348694
1.0474954124180044e-18,2.3782071268165086e-18,56.431456565856934
1.0733947475897694e-18,1.6442102714239577e-18,56.443603515625
1.278108714306843e-18,1.6150943410427037e-18,56.4558539390564
1.488764526159038e-18,1.5565904412562423e-18,56.46818518638611
1.4541947872040687e-18,1.0618464790579166e-18,56.48065114021301
1.29633439833353e-18,2.058125866476358e-18,56.49308443069458
1.1343428626887485e-18,2.551023147957159e-18,56.50560402870178
1.0838902219969954e-18,1.6281088906078833e-18,56.51820993423462
1.0848325875098464e-18,1.3260569622965152e-18,56.5310537815094
1.104402233236779e-18,1.183771453782161e-18,56.54400992393494
1.095419568772336e-18,1.4368335069174995e-18,56.55626130104065
1.1321979833603985e-18,1.9176133162074347e-18,56.56840181350708
1.2357761954957932e-18,2.693363974174978e-18,56.58074760437012
1.1437231942326764e-18,2.6770424599183878e-18,56.59263348579407
1.1604290372813739e-18,2.1276357145055672e-18,56.60393309593201
1.157211925084002e-18,1.4376357687140993e-18,56.6151704788208
1.1554708132921545e-18,1.3064622943560528e-18,56.626460552215576
1.0561132902323116e-18,7.373785248330325e-19,56.63797998428345
9.184507907639396e-19,1.808108458380674e-18,56.64977478981018
8.530956641564312e-19,1.5118516540432758e-18,56.6610107421875
9.090449200185991e-19,1.3785037286499805e-18,56.672691345214844
9.1082842481684e-19,1.5075919840813574e-18,56.684879779815674
9.227544046958999e-19,1.5500702934753696e-18,56.697394609451294
1.428574005103581e-18,1.336034621640283e-18,56.70950794219971
1.4261791104350868e-18,2.885106714911454e-18,56.72144794464111
1.3942969846878788e-18,1.613533968214699e-18,56.73373508453369
1.2431665372810716e-18,1.4661728794617194e-18,56.745959758758545
1.0051475907656225e-18,1.567330967919937e-18,56.75836443901062
8.232501087761171e-19,2.7312784179368053e-18,56.77058672904968
7.515626043867855e-19,1.6659312071289877e-18,56.78307747840881
6.739619993886186e-19,8.381433923075578e-19,56.79544138908386
7.499278370024393e-19,1.7523978441252276e-18,56.808016777038574
7.019649065568943e-19,1.0357687830665699e-18,56.82021760940552
8.159542206770346e-19,2.199895524481209e-18,56.833088874816895
8.469106796200073e-19,1.2164328870639703e-18,56.84528088569641
9.890562395144753e-19,1.1814358059250409e-18,56.857563495635986
1.0153878799538758e-18,7.895668489438633e-19,56.87060070037842
9.307424878713245e-19,8.745827145432618e-19,56.883028745651245
7.587026723379784e-19,1.3828797208855391e-18,56.89548325538635
7.085908300585972e-19,1.357462735408469e-18,56.90790796279907
6.870561650877565e-19,1.4952614094851826e-18,56.92100429534912
6.046093156757946e-19,1.07971213272299e-18,56.933815002441406
5.707742165023489e-19,1.4545635029621142e-18,56.94639706611633
6.227691871449954e-19,1.0417471275462203e-18,56.95894908905029
6.822897953018611e-19,1.3062391623858166e-18,56.971527099609375
7.608511705815083e-19,1.0644851852119608e-18,56.984458208084106
8.871683709608327e-19,7.914615578357043e-19,56.996883153915405
8.724158115311025e-19,8.916858110811379e-19,57.00984978675842
7.96898564303227e-19,7.788755395266154e-19,57.02262806892395
6.556600596492118e-19,1.5404583513599269e-18,57.035778522491455
5.749559246915342e-19,1.2701543387413799e-18,57.04818058013916
5.90486912776465e-19,8.253666054696989e-19,57.060871601104736
5.427717229243796e-19,9.247549410073594e-19,57.07369112968445
1.7802686608894362e-18,6.0813884365077e-19,57.08643341064453
1.6615292621017102e-18,8.820475853017313e-18,57.09913516044617
1.0779744330511693e-18,4.4257744463639335e-18,57.11154556274414
9.595358178136828e-19,2.2972240768960358e-18,57.12384915351868
8.806792424529307e-19,1.498539319457577e-18,57.13678455352783
8.189805126468481e-19,8.154591530804216e-19,57.149211406707764
8.356631429396058e-19,7.0733522158753e-19,57.161420822143555
8.224103653580109e-19,1.044409718540452e-18,57.17402172088623
7.632047062193748e-19,7.675520056274356e-19,57.18702721595764
6.779059448504832e-19,1.3494212990835348e-18,57.20055389404297
5.838506495171052e-19,1.1818778305648739e-18,57.21262264251709
5.857224041469478e-19,1.2937031368049989e-18,57.22561860084534
5.633602483708244e-19,1.4323731422594604e-18,57.23799800872803
6.189539199671712e-19,1.1593490495941093e-18,57.25086951255798
6.491374820252897e-19,7.704880315129042e-19,57.263116121292114
6.287510471422492e-19,3.9937991203952395e-19,57.27562212944031
5.722553350879134e-19,7.810376345514641e-19,57.288100242614746
5.215060467489835e-19,8.954344902196516e-19,57.30145716667175
5.13323214238091e-19,6.216595760520438e-19,57.31361508369446
5.590325945023119e-19,7.991610066761361e-19,57.326395988464355
5.78264595442958e-19,7.235330206437551e-19,57.33893179893494
6.292166981283283e-19,9.913886820467217e-19,57.35184359550476
6.293921638157661e-19,7.327795040248142e-19,57.364595890045166
6.653809311115701e-19,1.0885873671053777e-18,57.37704062461853
6.815486931718019e-19,7.890697650945072e-19,57.38943815231323
6.604678401645231e-19,7.623698224873674e-19,57.40242600440979
6.078800912154058e-19,9.560599014821584e-19,57.41506385803223
5.470412673548603e-19,1.0902432792941323e-18,57.427571535110474
4.512119281014975e-19,1.8102597483587713e-18,57.44008827209473
4.781042418998441e-19,1.4660838541482934e-18,57.45324492454529
4.279599327814202e-19,7.713212608836866e-19,57.46574521064758
4.256542702215052e-19,7.762376088543955e-19,57.47830033302307
5.130051632925643e-19,4.562476485743555e-19,57.490631103515625
5.011456163564501e-19,6.011342265248827e-19,57.503783226013184
4.886019910537546e-19,4.431655803916762e-19,57.51685547828674
4.47389888382408e-19,8.565826440286485e-19,57.52920603752136
3.789844557179278e-19,6.799269021833151e-19,57.542279958724976
3.630582820953498e-19,5.565258753547582e-19,57.555001735687256
3.6708853868425543e-19,5.730115332641517e-19,57.56778383255005
3.4893962735817087e-19,4.468053818820627e-19,57.58047699928284
4.228870925785739e-19,4.2406691062601592e-19,57.594173431396484
3.969294411736239e-19,1.2750542464974143e-18,57.60686445236206
3.5819094457593464e-19,7.608244423079652e-19,57.62001657485962
3.079995637107776e-19,6.683847858072681e-19,57.63269925117493
3.461555442114705e-19,7.126310386642476e-19,57.64488911628723
3.6004525086473125e-19,9.554166651583219e-19,57.65726900100708
3.9493009393429494e-19,5.920999666697317e-19,57.67010259628296
4.713530522341277e-19,4.142774607209981e-19,57.68273854255676
4.1844484834582856e-19,4.712607181982515e-19,57.69540762901306
3.555216844380143e-19,6.328850373498478e-19,57.70752286911011
3.265004662368976e-19,7.720861444563567e-19,57.72022223472595
3.448163646491413e-19,4.890493406687809e-19,57.73289752006531
3.1608194547603323e-19,5.340159644417175e-19,57.74534821510315
3.0275901263873617e-19,3.400482888032325e-19,57.757927656173706
3.1155744847112716e-19,3.430653266899431e-19,57.7706184387207
3.262480210537041e-19,3.3654541155361773e-19,57.78357005119324
3.21255701713611e-19,7.421149093217228e-19,57.79608774185181
5.010702912219195e-19,6.115719533855948e-19,57.80857467651367
4.1060560598187523e-19,1.4200078260775583e-18,57.820958375930786
3.5559636333769136e-19,7.172961305238935e-19,57.83397722244263
3.6488588595999743e-19,6.196561446084404e-19,57.84619879722595
3.32481343957174e-19,4.748307263244538e-19,57.858375549316406
4.523389099873127e-19,4.615268703400338e-19,57.870954751968384
4.68337617009854e-19,1.6207776922364024e-18,57.88363027572632
4.155032648406193e-19,8.752483881412138e-19,57.896464586257935
4.0934676633654024e-19,5.197450826224347e-19,57.90942883491516
3.9220241416561305e-19,4.581171801563019e-19,57.92285656929016
4.032311615739943e-19,4.502170883185376e-19,57.93561148643494
3.6031579062382437e-19,1.6375960318484072e-18,57.948012590408325
2.6817782240216187e-19,5.642423330965357e-19,57.961172342300415
2.484332796744625e-19,3.408440107031144e-19,57.97352457046509
2.315789318564176e-19,6.338238356463072e-19,57.98682761192322
2.221806866823491e-19,2.5644418786491475e-19,57.99917960166931
2.4142287228428733e-19,2.447371265048459e-19,58.012425661087036
2.334421561861933e-19,5.580756499311646e-19,58.025028467178345
2.2358040552575953e-19,2.835322074263126e-19,58.037883043289185
2.761026521101203e-19,3.617594534372767e-19,58.05015826225281
2.472953634949251e-19,2.297314239582804e-19,58.06287240982056
2.472212015831309e-19,8.813946502852125e-19,58.07587790489197
1.8754671198293625e-19,5.828917403920031e-19,58.0882682800293
2.8206334145357155e-19,3.035273083314331e-19,58.10044884681702
2.9608942951032697e-19,9.248374522734616e-19,58.11290383338928
2.3072044762755826e-19,4.919423014636086e-19,58.125266790390015
7.321295468585007e-19,3.038912678009564e-19,58.138097047805786
6.183920575360945e-19,2.8235179484280528e-18,58.150310754776
4.716147515004242e-19,2.201844362004384e-18,58.16298794746399
4.30621102058974e-19,1.0155166099367044e-18,58.17594861984253
3.8621693525317934e-19,5.891080543941274e-19,58.188294649124146
3.4798712888281606e-19,4.0917957245522796e-19,58.20071458816528
3.241887549187533e-19,5.67941691591026e-19,58.21308612823486
3.0583943323988365e-19,3.858276692267907e-19,58.2265100479126
2.6427694203093836e-19,5.13629529558677e-19,58.23904728889465
2.4426788245298104e-19,3.698641949284654e-19,58.251444578170776
2.271198855174798e-19,4.68907544451903e-19,58.2631893157959
2.15078914608578e-19,4.300260231564245e-19,58.2744505405426
1.7644173471122943e-19,4.629430035487245e-19,58.285884618759155
2.7382570822709737e-19,3.611582482283155e-19,58.297203063964844
2.984302730956696e-19,7.418386309971301e-19,58.30855751037598
2.835602023201687e-19,4.842738201973592e-19,58.32003211975098
2.6454347513393943e-19,2.244361755682339e-19,58.331302881240845
2.489625718689199e-19,4.1379498177933243e-19,58.34384727478027
2.012596863284462e-19,3.331284576901319e-19,58.355733156204224
2.0129517754660355e-19,4.43187345581544e-19,58.368098974227905
1.896445841880385e-19,5.291986196505735e-19,58.38053846359253
1.6904942837199616e-19,2.899199546103885e-19,58.39313292503357
1.727562314919994e-19,1.8835325185426666e-19,58.40582776069641
1.6731904407871765e-19,1.8401258281580344e-19,58.41812777519226
1.6665483097153464e-19,2.4593302287544443e-19,58.43039679527283
1.6949598958050115e-19,2.307679071152035e-19,58.44314622879028
1.836995078786492e-19,4.241893592060679e-19,58.455690145492554
1.5536123067077158e-19,2.8566576472002827e-19,58.46811056137085
1.8510920458819854e-19,6.300286792971257e-19,58.48091197013855
2.074600512543847e-19,4.824323610574513e-19,58.493642807006836
2.2454691437273945e-19,2.9995507715733455e-19,58.50588822364807
2.2390665072922927e-19,2.0146052319623466e-19,58.5189573764801
2.1334062040069196e-19,1.429317821420025e-19,58.53232383728027
1.9884616717147253e-19,1.9190656127185305e-19,58.54543614387512
1.473290355042432e-19,3.538674783092731e-19,58.559202909469604
1.5122039037372527e-19,4.421765308730042e-19,58.572476863861084
1.45507687192978e-19,3.2812566934541117e-19,58.58624267578125
1.4815995135424978e-19,3.1878617984422807e-19,58.599478006362915
1.3661961858639864e-19,1.8505639427596586e-19,58.61276149749756
1.2852136529313964e-19,2.0243765614420707e-19,58.626479387283325
1.3394853606619127e-19,2.4735272330052685e-19,58.639745473861694
1.1871634112815112e-19,2.510125063725853e-19,58.65277552604675
2.232566160147333e-19,2.1852964070551074e-19,58.66586637496948
2.4478282823368944e-19,1.0752254016829258e-18,58.678773641586304
2.0445131102319377e-19,6.174941529811682e-19,58.691941022872925
1.837226560111036e-19,3.850051932039716e-19,58.705073595047
1.8046784247237522e-19,1.5101676177136944e-19,58.71821165084839
1.8635258629583646e-19,1.1420289473924088e-19,58.73093295097351
1.8450892995742647e-19,2.1439359547107782e-19,58.74435067176819
1.5441255790574983e-19,2.350333414920156e-19,58.75738048553467
1.5919227890371972e-19,6.585443867463959e-19,58.7706732749939
1.0715291192663385e-19,3.08790658569108e-19,58.783761739730835
1.1799338527277977e-19,2.1646490742369888e-19,58.796730756759644
1.1174787437997178e-19,2.400129429301907e-19,58.809837102890015
1.186235547278774e-19,1.5423900507347855e-19,58.823113203048706
1.2724456031887576e-19,1.7921881267211722e-19,58.836281538009644
1.309574121971083e-19,1.208737703373572e-19,58.84915113449097
1.4059564314639376e-19,1.4715833903002463e-19,58.863401651382446
1.4589589339420679e-19,2.0774416194540252e-19,58.87731170654297
1.4343775818294354e-19,2.522949465147722e-19,58.890268087387085
1.322567836924584e-19,3.0143402439379108e-19,58.90344595909119
1.3145629257935728e-19,2.4402425191319003e-19,58.91645097732544
1.3294024167358034e-19,2.0782132238691723e-19,58.929394483566284
1.2776865678511053e-19,1.552935957309983e-19,58.94259309768677
1.263860890147135e-19,1.69898012282899e-19,58.9557728767395
1.1228697641950614e-19,2.4888050004251815e-19,58.968979835510254
1.398981360195555e-19,2.937163517304889e-19,58.981969118118286
1.613151733223517e-19,2.981779571594468e-19,58.99489879608154
1.5201871013771844e-19,1.694198760394492e-19,59.00844693183899
4.497725924766246e-18,1.4872517420656492e-19,59.021809101104736
4.432400163070483e-18,2.4808830710192458e-17,59.034905672073364
2.115047266353429e-18,1.1608219273928213e-17,59.04775047302246
1.4576304818783077e-18,6.048129985618781e-18,59.06037378311157
1.1643650728286309e-18,4.736539171464899e-18,59.072256088256836
9.686753364017812e-19,2.7665345100050404e-18,59.08479905128479
1.0258460278359603e-18,2.0994313371593466e-18,59.09759068489075
8.739763911542604e-19,2.2855089246756004e-18,59.1109733581543
9.273291270736244e-19,2.3649426653087614e-18,59.12402319908142
8.96692114943462e-19,1.1651905990799588e-18,59.137359619140625
9.71267100056063e-19,1.1488226593114892e-18,59.15036177635193
8.949829530027742e-19,1.1133041441939216e-18,59.16331076622009
8.148110570704863e-19,1.6058362254342805e-18,59.176963567733765
6.400856962809102e-19,2.4149837836457693e-18,59.19000220298767
7.800668347050566e-19,1.8456000060543338e-18,59.20295333862305
4.942921664875069e-19,2.6698579827080584e-18,59.21652126312256
4.442405015976889e-19,1.5703305316162075e-18,59.229562759399414
2.929591971266673e-19,8.086015156096273e-19,59.24322748184204
2.6806470545339524e-19,7.448429509819227e-19,59.256428480148315
2.438553261224702e-19,4.7279120912662775e-19,59.26992964744568
2.460308886816671e-19,3.593524354029298e-19,59.28290271759033
2.355535346997349e-19,3.517083042659624e-19,59.29603910446167
2.605494593956213e-19,2.788330977639754e-19,59.309791564941406
2.5652359720371984e-19,4.1287458825150233e-19,59.32310342788696
2.8996798278470486e-19,2.8912705029446813e-19,59.33631467819214
2.5092712582373333e-19,6.113729130506992e-19,59.34931039810181
3.2708910864030566e-19,4.315364808043405e-19,59.36158752441406
3.0810076408884463e-19,1.0527649665102735e-18,59.37335276603699
3.5354136235277407e-19,4.661722649613433e-19,59.38510012626648
3.6369345340821395e-19,6.940225768091015e-19,59.39821982383728
3.454513808656406e-19,4.869050300271021e-19,59.4173846244812
3.4738108983715025e-19,2.9627140924508863e-19,59.43273687362671
3.5673634746876014e-19,4.609855323279061e-19,59.446306228637695
3.508118472771081e-19,3.5934819610229047e-19,59.458155155181885
3.374032495476235e-19,3.74679652713837e-19,59.46902847290039
2.9304659392826237e-19,6.120963858939534e-19,59.48115944862366
3.273785443065168e-19,7.0409846385061e-19,59.491339921951294
2.964637804362955e-19,1.0132495146728497e-18,59.50093197822571
2.6189148239130614e-19,9.642031844200133e-19,59.511003255844116
3.4526182725839525e-19,5.648879475646333e-19,59.52058982849121
3.260076992363633e-19,6.166842914626905e-19,59.529949426651
2.651395880122546e-19,5.277319767257287e-19,59.539113998413086
4.70231964010177e-19,3.4930226850859295e-19,59.54909825325012
4.520743155888723e-19,2.49581711387537e-18,59.561752796173096
4.2337468970027975e-19,1.5906361612931592e-18,59.57189393043518
3.164128694198427e-19,9.249082796134114e-19,59.58131980895996
2.5950990016079526e-19,5.433091835273859e-19,59.591567277908325
2.350365209674951e-19,2.53941992361336e-19,59.60145807266235
2.2808856571356767e-19,2.229584691026962e-19,59.61174559593201
2.331160143803001e-19,2.291734389363251e-19,59.62237024307251
2.0772331440902677e-19,2.822190840532788e-19,59.63260197639465
1.9206536702476616e-19,3.8150076499070825e-19,59.64362859725952
1.9253426210981009e-19,4.55954516444782e-19,59.65422701835632
1.834993560198055e-19,4.368557432815451e-19,59.66468167304993
3.0864740122677147e-19,4.263987327728029e-19,59.675960063934326
2.7918832013827865e-19,6.612749616472217e-19,59.68754839897156
2.707409966265223e-19,4.0953042628192115e-19,59.69831347465515
2.342635723838526e-19,3.0337549483963546e-19,59.71030879020691
2.2040883996086636e-19,3.083660047221386e-19,59.72181987762451
2.217287875739537e-19,2.6996047417039607e-19,59.73227667808533
2.178873866586516e-19,2.5781679069386993e-19,59.74362301826477
1.9399308559292685e-19,2.0744713948201063e-19,59.75509572029114
1.7551882086747046e-19,4.170913223697504e-19,59.76497530937195
1.6021415715295241e-19,3.7299931284761794e-19,59.777063608169556
2.0927887924972102e-19,5.366870340372278e-19,59.787556409835815
2.0481020401146522e-19,4.3321273646628504e-19,59.797664403915405
2.0671336565519074e-19,3.3034959612104827e-19,59.80853724479675
2.0008427560270542e-19,1.7906879571321249e-19,59.81993532180786
1.887593070621507e-19,2.292131694551218e-19,59.83062791824341
1.825656629786892e-19,2.086704362104e-19,59.84157371520996
1.7153780737440587e-19,2.9579009352615934e-19,59.852553367614746
1.54941268488839e-19,1.8423265163283376e-19,59.86384344100952
1.4406299040375999e-19,4.446508865790917e-19,59.87604475021362
1.3248052312345693e-19,2.1141526705209529e-19,59.88710331916809
1.1104783401250756e-19,2.4868577655644433e-19,59.897308111190796
1.1257617944117e-19,1.5692647610957212e-19,59.908336877822876
1.0986513375761866e-19,3.1819169547774387e-19,59.91993427276611
1.19562572744187e-19,1.6314325540079097e-19,59.93094444274902
1.272994515073369e-19,1.6585082434083017e-19,59.94148397445679
1.3729489523427455e-19,1.388892470908793e-19,59.95255088806152
1.4474227370772795e-19,1.6569325935883589e-19,59.9631872177124
1.512814207932952e-19,1.8243975057982214e-19,59.973912715911865
1.356919484541175e-19,2.5630772891323764e-19,59.98478674888611
1.515294845041816e-19,3.0633990335987237e-19,59.99552392959595
1.5524386149666855e-19,3.181884643034761e-19,60.005892276763916
