0.019823534414172173,0.020057419314980507,0
0.4423377215862274,0.006179669871926308,0.008454084396362305
0.2915416359901428,0.005395120475441217,0.017534732818603516
0.1655701845884323,0.007015464827418327,0.026665210723876953
0.15563654899597168,0.0043196422047913074,0.03265976905822754
0.11147118359804153,0.0033727225381881,0.04062843322753906
0.08714969456195831,0.0028932474087923765,0.047991275787353516
0.07152356207370758,0.002036512829363346,0.05766415596008301
0.0526057630777359,0.00173387979157269,0.06603217124938965
0.04471142217516899,0.0013234216021373868,0.07624077796936035
0.03558006137609482,0.00102354830596596,0.08459806442260742
0.028615593910217285,0.0008526841411367059,0.09347820281982422
0.02312728762626648,0.0006716095958836377,0.10176301002502441
0.019274918362498283,0.0005477438680827618,0.11096620559692383
0.0167444609105587,0.00041336475987918675,0.11812186241149902
0.012893864884972572,0.0003628339327406138,0.12673687934875488
0.011599408462643623,0.0002951626665890217,0.13340139389038086
0.010354538448154926,0.000209657839150168,0.14314770698547363
0.008307014591991901,0.00019986943516414613,0.14991140365600586
0.00779400859028101,0.0001584449491929263,0.15917372703552246
0.007042462006211281,0.00011806240945588797,0.16589689254760742
0.006160418502986431,0.00011313467257423326,0.17425131797790527
0.005837625358253717,8.897446969058365e-05,0.18211960792541504
0.005380358546972275,7.3278381023556e-05,0.19068264961242676
0.004984221421182156,6.777475209673867e-05,0.19975924491882324
0.004740412347018719,5.532275099540129e-05,0.20883512496948242
0.004460763651877642,4.89938429382164e-05,0.21689128875732422
0.004236373584717512,4.429844921105541e-05,0.22572660446166992
0.004050264600664377,3.8357557059498504e-05,0.2339789867401123
0.0038638042751699686,3.516201104503125e-05,0.24179387092590332
0.003707585157826543,3.192856820533052e-05,0.2483994960784912
0.0035639714915305376,2.8887283406220376e-05,0.255321741104126
0.0034260677639395,2.696203773666639e-05,0.2613637447357178
0.0033057406544685364,2.4822045816108584e-05,0.26766014099121094
0.0031911954283714294,2.3034774130792357e-05,0.2752060890197754
0.003082058858126402,2.1800036847707815e-05,0.28177332878112793
0.0029852527659386396,2.0262801626813598e-05,0.28896307945251465
0.0028901747427880764,1.9132594388793223e-05,0.2960326671600342
0.002801052760332823,1.8236421965411864e-05,0.30330610275268555
0.0027205147780478,1.7050851965905167e-05,0.31149911880493164
0.002639541169628501,1.636917113501113e-05,0.3191797733306885
0.0025659059174358845,1.559150405228138e-05,0.32661867141723633
0.002496449276804924,1.4707365153299179e-05,0.33319950103759766
0.0024270147550851107,1.4267857295635622e-05,0.34074902534484863
0.0023650836665183306,1.3507607945939526e-05,0.34738874435424805
0.002303540473803878,1.2941389286424965e-05,0.35455322265625
0.0022444515489041805,1.256121504411567e-05,0.3612246513366699
0.002190726576372981,1.1870500202348921e-05,0.3680419921875
0.002135887509211898,1.15650545922108e-05,0.37561869621276855
0.0020856664050370455,1.111938399844803e-05,0.382174015045166
0.0020374516025185585,1.06107909232378e-05,0.3889126777648926
0.001989200944080949,1.0411481525807176e-05,0.39552974700927734
0.0019457385642454028,9.91137494565919e-06,0.4022057056427002
0.00190171436406672,9.625686288927682e-06,0.4094510078430176
0.0018598404712975025,9.366791346110404e-06,0.4165337085723877
0.0018209166591987014,8.923002496885601e-06,0.42421627044677734
0.0017810213612392545,8.783172233961523e-06,0.4309248924255371
0.0017447553109377623,8.442911166639533e-06,0.43793749809265137
0.0017088812310248613,8.15590738056926e-06,0.444411039352417
0.0016734515083953738,8.016543688427191e-06,0.4506227970123291
0.0016412073746323586,7.651305168110412e-06,0.45886802673339844
0.0016080113127827644,7.521382485720096e-06,0.4653611183166504
0.0015770079335197806,7.303633083211025e-06,0.4727663993835449
0.0015473472885787487,7.022192676231498e-06,0.4794342517852783
0.0015171701088547707,6.94983145876904e-06,0.48613429069519043
0.0014897797955200076,6.672532435914036e-06,0.4931831359863281
0.001461984240449965,6.518275313283084e-06,0.4995839595794678
0.0014351295540109277,6.399303856596816e-06,0.5074117183685303
0.0014101187698543072,6.131603186076973e-06,0.5138030052185059
0.0013842935441061854,6.0612064771703444e-06,0.5204858779907227
0.0013605409767478704,5.872761903447099e-06,0.5270841121673584
0.001337088760919869,5.69799703953322e-06,0.5335164070129395
0.0013136964989826083,5.635665729641914e-06,0.5409500598907471
0.0012921917950734496,5.408857759903185e-06,0.5474796295166016
0.0012701513478532434,5.3409380598168354e-06,0.5544488430023193
0.0012492543319240212,5.21620177096338e-06,0.5611097812652588
0.0012292247265577316,5.040567884861957e-06,0.567619800567627
0.0012088335352018476,5.003184924134985e-06,0.5750892162322998
0.001190050272271037,4.833108960156096e-06,0.5816094875335693
0.0011710613034665585,4.734169579023728e-06,0.5884871482849121
0.0011525977170094848,4.661646016757004e-06,0.5949115753173828
0.0011352377478033304,4.49935942015145e-06,0.6014347076416016
0.0011174149112775922,4.4538237489177845e-06,0.6088271141052246
0.0011007788125425577,4.329057446739171e-06,0.6152286529541016
0.0010843775235116482,4.231659204378957e-06,0.6219813823699951
0.0010680202394723892,4.184785666438984e-06,0.6286842823028564
0.001052760286256671,4.044941306347027e-06,0.6355879306793213
0.0010371998650953174,3.999106411356479e-06,0.642737865447998
0.001022359705530107,3.9091928556445055e-06,0.6495223045349121
0.0010079867206513882,3.800201739068143e-06,0.6570987701416016
0.0009934937115758657,3.76896923626191e-06,0.6636519432067871
0.0009799747494980693,3.6648946206696564e-06,0.6706314086914062
0.0009662947850301862,3.6053745589015307e-06,0.6773881912231445
0.0009530306560918689,3.5484813452058006e-06,0.6840198040008545
0.0009403518051840365,3.447490144026233e-06,0.6913225650787354
0.0009274643962271512,3.413470722080092e-06,0.6978921890258789
0.0009153540013357997,3.3315593555016676e-06,0.704744815826416
0.0009032720699906349,3.2647274110786384e-06,0.7113790512084961
0.0008913686615414917,3.2243485748040257e-06,0.7180631160736084
0.0008801036165095866,3.1407194001076277e-06,0.7255680561065674
0.0008686442743055522,3.1078457141120452e-06,0.732140064239502
0.0008577271946705878,3.0415983474085806e-06,0.739490270614624
0.0008470079046674073,2.9766661100438796e-06,0.7474896907806396
0.0008363196393474936,2.95023710350506e-06,0.754554271697998
0.0008261992479674518,2.8721576654788805e-06,0.7615838050842285
0.0008159555145539343,2.8322917842160678e-06,0.7685611248016357
0.0008060868130996823,2.781725925160572e-06,0.7764089107513428
0.0007965323165990412,2.7237922495260136e-06,0.7829782962799072
0.0007868906832300127,2.698472371776006e-06,0.7907607555389404
0.000777758308686316,2.631187498991494e-06,0.7971405982971191
0.0007686007884331048,2.59419880421774e-06,0.8040645122528076
0.0007596653304062784,2.5600322715035873e-06,0.8107597827911377
0.0007510565337724984,2.4956034394563176e-06,0.8174734115600586
0.0007423741626553237,2.479690692780423e-06,0.8247349262237549
0.0007341047748923302,2.4273331291624345e-06,0.8312394618988037
0.0007258817786350846,2.388469738434651e-06,0.8381235599517822
0.0007177460356615484,2.361543465667637e-06,0.8447418212890625
0.0007099786889739335,2.302294660694315e-06,0.8514270782470703
0.0007021196652203798,2.283491539856186e-06,0.858814001083374
0.0006945846253074706,2.2419205834012246e-06,0.8652093410491943
0.0006871730438433588,2.199826894866419e-06,0.8722527027130127
0.0006797583773732185,2.1804503376188222e-06,0.8786435127258301
0.0006727224099449813,2.1313157958502416e-06,0.8854227066040039
0.0006656026816926897,2.108421313096187e-06,0.8927254676818848
0.0006587059469893575,2.076689270325005e-06,0.8992455005645752
0.0006520022870972753,2.0326656340330373e-06,0.9070663452148438
0.0006452457746490836,2.020951797021553e-06,0.9136698246002197
0.0006388177862390876,1.9764513581321808e-06,0.9207112789154053
0.0006323709967546165,1.9520903151715174e-06,0.9272923469543457
0.0006260466761887074,1.932275836225017e-06,0.9339504241943359
0.0006199490744620562,1.8848348872779752e-06,0.9417922496795654
0.0006137766758911312,1.8733470596998814e-06,0.9488871097564697
0.0006078773876652122,1.8366587255513878e-06,0.9570729732513428
0.0006020257715135813,1.808230422284396e-06,0.9636983871459961
0.0005962081486359239,1.7956745068659075e-06,0.9711220264434814
0.0005906427395530045,1.7509154304207186e-06,0.977834939956665
0.0005850041634403169,1.7369782199239125e-06,0.9846713542938232
0.0005795680917799473,1.7094329223255045e-06,0.9923293590545654
0.0005742423818446696,1.6778074041212676e-06,0.9987728595733643
0.0005688885576091707,1.670168444434239e-06,1.0057404041290283
0.0005637901485897601,1.6338157138306997e-06,1.0123441219329834
0.0005586461629718542,1.6185996400963631e-06,1.0190975666046143
0.0005536232492886484,1.6007263639039593e-06,1.026151418685913
0.0005487583694048226,1.5678039062549942e-06,1.032618522644043
0.0005438307416625321,1.5617054032190936e-06,1.0404152870178223
0.0005391253507696092,1.531771317786479e-06,1.046800136566162
0.0005344251985661685,1.51292078953702e-06,1.0535619258880615
0.0005297719617374241,1.5021006447568652e-06,1.060286045074463
0.0005252968985587358,1.4661197837995132e-06,1.0669124126434326
0.000520769041031599,1.461077999920235e-06,1.074336051940918
0.0005164083559066057,1.4390833484867471e-06,1.080857753753662
0.0005121038411743939,1.416298573531094e-06,1.0874748229980469
0.0005077909445390105,1.4104658703217865e-06,1.0940492153167725
0.0005036607617512345,1.3772946658718865e-06,1.1005792617797852
0.0004994889022782445,1.3660617241839645e-06,1.108039140701294
0.0004954385221935809,1.3536669030145276e-06,1.1146008968353271
0.0004914781893603504,1.326291680925351e-06,1.1212043762207031
0.00048747772234492004,1.3209115650170133e-06,1.1277682781219482
0.0004836528969462961,1.2952108363606385e-06,1.1345162391662598
0.0004798198933713138,1.2819889434467768e-06,1.1422674655914307
0.0004760261217597872,1.2680394547714968e-06,1.1489498615264893
0.0004723818274214864,1.2446490700313007e-06,1.1558198928833008
0.00046868331264704466,1.2410066574375378e-06,1.162553310394287
0.00046511238906532526,1.218010652337398e-06,1.1694817543029785
0.00046158558689057827,1.2037767191941384e-06,1.176835298538208
0.00045805287663824856,1.1956274192925775e-06,1.1834759712219238
0.0004546654236037284,1.1706797522492707e-06,1.1910018920898438
0.00045123841846361756,1.1636634553724434e-06,1.1978938579559326
0.0004479087656363845,1.1492426210679696e-06,1.2046127319335938
0.0004446436942089349,1.1305317002552329e-06,1.2112390995025635
0.0004413575225044042,1.1271025641690358e-06,1.2177836894989014
0.00043820359860546887,1.106278318729892e-06,1.225224256515503
0.0004350313975010067,1.0969689583362197e-06,1.2317960262298584
0.00043191484292037785,1.0878900411626091e-06,1.2384862899780273
0.0004288864729460329,1.0685648703656625e-06,1.2450039386749268
0.0004258344415575266,1.0692851901694667e-06,1.2516555786132812
0.0004228880861774087,1.0544679298618576e-06,1.2589783668518066
0.00041994143975898623,1.0399065786259598e-06,1.265528917312622
0.00041701545706018806,1.032630734698614e-06,1.2721879482269287
0.00041419282206334174,1.0131028602700098e-06,1.2786719799041748
0.0004113401810172945,1.0082080734719057e-06,1.285188913345337
0.0004085702239535749,9.956997928384226e-07,1.292743444442749
0.00040583923691883683,9.819630122365197e-07,1.2993364334106445
0.00040310094482265413,9.784862413653173e-07,1.3061187267303467
0.0004004610818810761,9.613233942218358e-07,1.312619924545288
0.00039779592771083117,9.510098379905685e-07,1.319150686264038
0.0003951959661208093,9.446025046599971e-07,1.3261463642120361
0.00039265266968868673,9.307552204518288e-07,1.3326740264892578
0.0003900797455571592,9.245736691809725e-07,1.3394858837127686
0.00038760609459131956,9.127396651820163e-07,1.3459949493408203
0.0003851325309369713,9.052848213286779e-07,1.3526387214660645
0.0003826809988822788,9.001064427138772e-07,1.3595051765441895
0.00038029957795515656,8.856350177666172e-07,1.3660142421722412
0.0003778891696128994,8.786381044956215e-07,1.3728134632110596
0.0003755503275897354,8.66105494878866e-07,1.3798022270202637
0.0003732356708496809,8.550517236471933e-07,1.3868722915649414
0.00037092569982632995,8.510307907272363e-07,1.3936388492584229
0.0003686891868710518,8.37552306620637e-07,1.4002890586853027
0.00036643858766183257,8.328323701789486e-07,1.4076392650604248
0.0003642431693151593,8.286881438834826e-07,1.4142282009124756
0.0003620720817707479,8.15233022422035e-07,1.4210002422332764
0.00035989523166790605,8.112530736070767e-07,1.4280931949615479
0.00035778695018962026,7.993569397513056e-07,1.4362683296203613
0.00035567634040489793,7.927004617158673e-07,1.4448556900024414
0.0003535932919476181,7.871732918829366e-07,1.4533171653747559
0.0003515576827339828,7.754549073979433e-07,1.4616689682006836
0.00034951107227243483,7.727633715148841e-07,1.4688780307769775
0.00034751923521980643,7.633166205778252e-07,1.4766952991485596
0.0003455386613495648,7.558253400929971e-07,1.4831688404083252
0.0003435690305195749,7.521064731008664e-07,1.4908792972564697
0.0003416510298848152,7.411758247144462e-07,1.4975426197052002
0.00033972359960898757,7.376955295512744e-07,1.5041353702545166
0.00033782850368879735,7.263431598403258e-07,1.5107331275939941
0.00033596105640754104,7.159804908951628e-07,1.5172524452209473
0.00033410420292057097,7.160921313698054e-07,1.524792194366455
0.00033229467226192355,7.079054284986341e-07,1.5312824249267578
0.0003304799320176244,7.042084462227649e-07,1.5379009246826172
0.00032868352718651295,6.952752755751135e-07,1.5446271896362305
0.000326930166920647,6.884375807203469e-07,1.5511622428894043
0.0003251619345974177,6.83124881106778e-07,1.558518886566162
0.0003234489995520562,6.774112080165651e-07,1.5650811195373535
0.0003217377816326916,6.730234076712804e-07,1.571725845336914
0.00032003261731006205,6.656923687842209e-07,1.5782289505004883
0.00031837564893066883,6.595304853362904e-07,1.5850796699523926
0.00031671024044044316,6.578329703188501e-07,1.592219352722168
0.0003150794073008001,6.518509394481953e-07,1.5988295078277588
0.0003134600992780179,6.454075673900661e-07,1.6056292057037354
0.00031184725230559707,6.424868956855789e-07,1.6120624542236328
0.00031026353826746345,6.305485271695943e-07,1.6187641620635986
0.00030868148314766586,6.255121434151079e-07,1.6260673999786377
0.00030713435262441635,6.232203872968967e-07,1.6326184272766113
0.00030560430604964495,6.176609304020531e-07,1.6394891738891602
0.00030406616861000657,6.122553486420657e-07,1.6461162567138672
0.0003025728219654411,6.074587304283341e-07,1.6528730392456055
0.00030107246129773557,6.009744311086251e-07,1.659466028213501
0.0002995980903506279,5.99532086198451e-07,1.665980577468872
0.0002981385332532227,5.897866799386975e-07,1.6728308200836182
0.0002966803149320185,5.86201281294052e-07,1.6792986392974854
0.00029525646823458374,5.817600481350382e-07,1.6859982013702393
0.00029383867513388395,5.77454159156332e-07,1.6928215026855469
0.000292429409455508,5.747972977587779e-07,1.6993842124938965
0.0002910465409513563,5.681199581886176e-07,1.7070670127868652
0.00028966277022846043,5.655280688188213e-07,1.715538501739502
0.0002882975968532264,5.587455689237686e-07,1.722783088684082
0.00028694869251921773,5.529599889086967e-07,1.729189395904541
0.00028560328064486384,5.499092026184371e-07,1.735668420791626
0.0002842890680767596,5.457866905089759e-07,1.7428278923034668
0.00028297380777075887,5.433067258309165e-07,1.7493107318878174
0.0002816704218275845,5.378906280384399e-07,1.7561547756195068
0.00028038638993166387,5.319086540112039e-07,1.7625722885131836
0.0002791032020468265,5.29147939687391e-07,1.7690412998199463
0.00027784446137957275,5.236823312770866e-07,1.7761120796203613
0.00027659061015583575,5.199198085392709e-07,1.782667636871338
0.00027534773107618093,5.170460326553439e-07,1.789473533630371
0.00027412804774940014,5.137993071002711e-07,1.796006679534912
0.0002729028055910021,5.105484888190404e-07,1.8025307655334473
0.00027169822715222836,5.055864562564238e-07,1.8094158172607422
0.0002705017977859825,5.008686230212334e-07,1.8159620761871338
0.0002693126443773508,4.983992312190821e-07,1.8237273693084717
0.0002681433688849211,4.932747970087803e-07,1.830139398574829
0.0002669755194801837,4.908632149636105e-07,1.8366923332214355
0.0002658230368979275,4.873398893323611e-07,1.8431551456451416
0.00026468237047083676,4.832693321077386e-07,1.8496191501617432
0.00026354423607699573,4.810860900761327e-07,1.8580114841461182
0.00026242536841891706,4.7662837232564925e-07,1.864900827407837
0.0002613094402477145,4.738525376524194e-07,1.8718078136444092
0.0002602046588435769,4.7104217060223164e-07,1.8783175945281982
0.0002591136144474149,4.667136295211094e-07,1.8853144645690918
0.00025802390882745385,4.6458561087092676e-07,1.8927290439605713
0.0002569507632870227,4.604420382747776e-07,1.899569034576416
0.00025588340940885246,4.5723430730504333e-07,1.9071152210235596
0.0002548234479036182,4.5492171807381965e-07,1.9137232303619385
0.0002537787950132042,4.509559516918671e-07,1.921238660812378
0.00025273102801293135,4.464584719698905e-07,1.9280004501342773
0.00025170325534418225,4.442822216788045e-07,1.9351527690887451
0.00025067912065424025,4.395629957798519e-07,1.9426743984222412
0.0002496636880096048,4.386807290757133e-07,1.949702262878418
0.0002486620214767754,4.352858127276704e-07,1.9578723907470703
0.00024765939451754093,4.3157785967196105e-07,1.964770793914795
0.0002466681180521846,4.2777622866196907e-07,1.9717504978179932
0.0002456878428347409,4.238906683440291e-07,1.978358507156372
0.00024471411597914994,4.2392332488816464e-07,1.9852609634399414
0.0002437491057207808,4.193221059267671e-07,1.9929697513580322
0.00024279301578644663,4.187219531104347e-07,2.000295877456665
0.00024183881760109216,4.1486072177576716e-07,2.0081045627593994
0.0002409009321127087,4.129524597829004e-07,2.014787435531616
0.00023996317759156227,4.1158546082442626e-07,2.021942377090454
0.00023903377586975694,4.0679151425138116e-07,2.029024839401245
0.00023811115534044802,4.031398646020534e-07,2.0359206199645996
0.0002371945884078741,4.0063716255644977e-07,2.043013334274292
0.0002362906379858032,3.974373612436466e-07,2.050144910812378
0.00023538837558589876,3.9539028762192174e-07,2.0580010414123535
0.00023449612490367144,3.92689145201075e-07,2.064793586730957
0.0002336107281735167,3.89704297276694e-07,2.0717642307281494
0.0002327288966625929,3.877696315157664e-07,2.078310489654541
0.00023185889585874975,3.8489443454636785e-07,2.085404634475708
0.00023099152895156294,3.82976196533491e-07,2.0931389331817627
0.00023013172904029489,3.807052735282923e-07,2.0999417304992676
0.00022928020916879177,3.77924720851297e-07,2.1076571941375732
0.00022843133774586022,3.763898348552175e-07,2.114258289337158
0.00022759225976187736,3.734503764007968e-07,2.121856451034546
0.00022675746004097164,3.713676051120274e-07,2.1295053958892822
0.00022592802997678518,3.693041321639612e-07,2.1373960971832275
0.0002251076075481251,3.664893881705211e-07,2.1449666023254395
0.00022428928059525788,3.647258779437834e-07,2.151937484741211
0.00022348033962771297,3.6248556511964125e-07,2.1601717472076416
0.00022267592430580407,3.6011454085382866e-07,2.1667392253875732
0.00022187565627973527,3.583284353680938e-07,2.1748907566070557
0.000221084279473871,3.5555561339606356e-07,2.181535243988037
0.0002202957111876458,3.539878719038825e-07,2.1885647773742676
0.0002195146371377632,3.5210672422181233e-07,2.195843458175659
0.0002187391510233283,3.497264344787254e-07,2.2026419639587402
0.0002179668372264132,3.4825964689844113e-07,2.209974765777588
0.00021720280346926302,3.456927686329436e-07,2.216460704803467
0.00021644163643941283,3.437355644564377e-07,2.2238190174102783
0.0002156863920390606,3.4183028674306115e-07,2.2303595542907715
0.0002149378851754591,3.3940915500352276e-07,2.2370498180389404
0.00021418875257950276,3.3591877013350313e-07,2.2436225414276123
0.0002134491951437667,3.328540856273321e-07,2.2500431537628174
0.00021271719015203416,3.3256296205763647e-07,2.257662296295166
0.00021198489412199706,3.294987038771069e-07,2.264183282852173
0.00021126099454704672,3.2668128824298037e-07,2.2710776329040527
0.00021053969976492226,3.2486522627550585e-07,2.277494430541992
0.0002098285040119663,3.2473107580699434e-07,2.2839314937591553
0.0002091203205054626,3.237449277548876e-07,2.2913074493408203
0.00020841151126660407,3.205632026492822e-07,2.2979390621185303
0.00020771411072928458,3.196324200871459e-07,2.3047845363616943
0.00020701854373328388,3.1892560059532116e-07,2.3110673427581787
0.00020632441737689078,3.1524444921160466e-07,2.317619562149048
0.00020564018632285297,3.145491689338087e-07,2.325145721435547
0.00020495759963523597,3.137404860353854e-07,2.3319239616394043
0.00020427828712854534,3.1015153467706114e-07,2.3385379314422607
0.00020360307826194912,3.0778321047364443e-07,2.345005750656128
0.0002029331517405808,3.059145967654331e-07,2.351445198059082
0.0002022684784606099,3.0353513125191967e-07,2.35886812210083
0.00020160643907729536,3.0195192834980844e-07,2.3655765056610107
0.00020095406216569245,3.0236009251893847e-07,2.372812509536743
0.00020030306768603623,3.0167728937158245e-07,2.3791961669921875
0.00019965521642006934,3.00894612337288e-07,2.385770797729492
0.00019900916959159076,2.970996320073027e-07,2.392744541168213
0.00019836696446873248,2.949240354155336e-07,2.399268627166748
0.00019773357780650258,2.948502810795617e-07,2.407066822052002
0.00019709965272340924,2.9181018135204795e-07,2.4137065410614014
0.00019646977307274938,2.899227808939031e-07,2.420403480529785
0.00019584556866902858,2.8767183835043397e-07,2.427048921585083
0.00019522431830409914,2.8618003966585093e-07,2.433507204055786
0.0001946109114214778,2.8699773224616365e-07,2.4409537315368652
0.00019399661687202752,2.840898218892107e-07,2.4477617740631104
0.00019338892889209092,2.844811888280674e-07,2.4547648429870605
0.00019278182298876345,2.8133487717241223e-07,2.4612228870391846
0.0001921789807965979,2.7954502002103254e-07,2.467752695083618
0.0001915828906930983,2.7994857987323485e-07,2.4752516746520996
0.0001909870479721576,2.7715017836271727e-07,2.481757640838623
0.00019039407197851688,2.752369425707002e-07,2.488445997238159
0.0001898065092973411,2.7356864507055434e-07,2.4949018955230713
0.0001892248255899176,2.738959778980643e-07,2.501506805419922
0.00018864189041778445,2.715639197958808e-07,2.5089142322540283
0.00018806438311003149,2.6949936682285625e-07,2.5154802799224854
0.00018748939328361303,2.6801956209965283e-07,2.5223581790924072
0.0001869188854470849,2.6669954422686715e-07,2.5289788246154785
0.00018635144806466997,2.6506606332077354e-07,2.5358028411865234
0.00018578663002699614,2.6386661033939163e-07,2.5429022312164307
0.00018522633763495833,2.6244086370752484e-07,2.5495219230651855
0.00018466851906850934,2.613702747567004e-07,2.5571250915527344
0.00018411378550808877,2.6001887931670353e-07,2.5636894702911377
0.0001835628063417971,2.5860583718895214e-07,2.5705254077911377
0.000183014155481942,2.5762494715309003e-07,2.576979398727417
0.00018246931722387671,2.561652365784539e-07,2.5833773612976074
0.0001819269818952307,2.548684676639823e-07,2.5904924869537354
0.00018138789164368063,2.538543810715055e-07,2.5970358848571777
0.00018085207557305694,2.5235922862520965e-07,2.6037685871124268
0.00018031828221864998,2.5113052970482386e-07,2.610220432281494
0.00017979135736823082,2.519603015116445e-07,2.6166226863861084
0.00017926290456671268,2.498119613392191e-07,2.62379789352417
0.00017874024342745543,2.502192444353568e-07,2.6303563117980957
0.00017821761139202863,2.477117959642783e-07,2.637049436569214
0.00017769784608390182,2.4609548177068064e-07,2.6436119079589844
0.00017718158778734505,2.4453828473269823e-07,2.6500847339630127
0.00017666864732746035,2.432055907775066e-07,2.657177448272705
0.00017615810793358833,2.4227151129707636e-07,2.663707733154297
0.00017565065354574472,2.407728629805206e-07,2.6703734397888184
0.00017514571663923562,2.3973612428562774e-07,2.67681622505188
0.0001746435882523656,2.3870597942732275e-07,2.683253526687622
0.00017414426838513464,2.3734357057492161e-07,2.690488576889038
0.00017364718951284885,2.3643248425742058e-07,2.697108268737793
0.00017315328295808285,2.352635419811122e-07,2.70382022857666
0.00017266171926166862,2.3419109140832006e-07,2.7104156017303467
0.0001721726730465889,2.3329135956373648e-07,2.7181901931762695
0.0001716863625915721,2.3196632525923633e-07,2.7255914211273193
0.0001712021476123482,2.3104222179881617e-07,2.7322232723236084
0.00017072088667191565,2.299438648378782e-07,2.7390148639678955
0.00017024225962813944,2.2902824525772303e-07,2.745401382446289
0.00016976548067759722,2.2803202170962322e-07,2.7519445419311523
0.00016929162666201591,2.2680340805436572e-07,2.7593679428100586
0.00016881994088180363,2.2591862602894253e-07,2.7659780979156494
0.00016834758571349084,2.225264807975691e-07,2.772825241088867
0.0001678827393334359,2.227901063633908e-07,2.779210090637207
0.00016741872241254896,2.2243425235046743e-07,2.78572416305542
0.00016695719386916608,2.216162755530604e-07,2.792795419692993
0.00016649768804199994,2.2093159657288197e-07,2.799314260482788
0.00016604004485998303,2.1997806243234663e-07,2.806157112121582
0.0001655823871260509,2.1689446327854967e-07,2.812556266784668
0.0001651303464313969,2.1686975060219993e-07,2.820206880569458
0.0001646807650104165,2.166009664961166e-07,2.8278796672821045
0.0001642299466766417,2.1385972104326356e-07,2.8349156379699707
0.00016378219879698008,2.1195391752826254e-07,2.8427019119262695
0.00016334079555235803,2.1281587692101311e-07,2.8493971824645996
0.00016289700579363853,2.1067577904432255e-07,2.8561925888061523
0.0001624591095605865,2.1107950942678144e-07,2.8625731468200684
0.0001620223483769223,2.1077335077279713e-07,2.869229555130005
0.00016158704238478094,2.1024939655944763e-07,2.8762223720550537
0.00016115151811391115,2.0750667317770422e-07,2.8826754093170166
0.00016072174184955657,2.0794448118977016e-07,2.890484094619751
0.0001602929987711832,2.074786067396417e-07,2.897071123123169
0.00015986623475328088,2.0682303158992e-07,2.9036920070648193
0.00015943835023790598,2.0405830980507744e-07,2.910147190093994
0.0001590167812537402,2.0427202684913937e-07,2.916501760482788
0.00015859617269597948,2.0392933208768227e-07,2.923792839050293
0.000158177426783368,2.035273922729175e-07,2.9301345348358154
0.00015776044165249914,2.0271301082175341e-07,2.9367921352386475
0.00015734508633613586,2.0202260486712476e-07,2.943434953689575
0.0001569318847032264,2.0119045984756667e-07,2.9505462646484375
0.00015652038564439863,2.002911259069151e-07,2.958310604095459
0.00015611077833455056,1.9955525942805252e-07,2.9646921157836914
0.0001557035429868847,1.9889765212610655e-07,2.971400022506714
0.00015529508527833968,1.9611931634244684e-07,2.9779303073883057
0.00015489233192056417,1.9618015301148262e-07,2.9846203327178955
0.00015449088823515922,1.957987336709266e-07,2.992004871368408
0.000154090957948938,1.954095694145508e-07,2.9984405040740967
0.00015369289030786604,1.9475132262414263e-07,3.0051393508911133
0.0001532963797217235,1.941176037689729e-07,3.0116822719573975
0.00015289879229385406,1.9118357386105345e-07,3.018576145172119
0.00015250439173541963,1.8921055300324952e-07,3.026191234588623
0.00015211495338007808,1.900942976362785e-07,3.0330898761749268
0.0001517264317953959,1.9003861950750434e-07,3.040523052215576
0.00015133646957110614,1.8758498754323227e-07,3.047062635421753
0.0001509521680418402,1.8833328851997067e-07,3.0543580055236816
0.00015056863776408136,1.8815582336628722e-07,3.060983657836914
0.00015018346311990172,1.8555353165083943e-07,3.067927837371826
0.00014980146079324186,1.8395239465007762e-07,3.0751960277557373
0.00014942440611775964,1.850264510494526e-07,3.0820846557617188
0.0001490449794800952,1.829774731731959e-07,3.0887112617492676
0.00014867063146084547,1.8351869357502437e-07,3.0952095985412598
0.00014829424617346376,1.8130047862996435e-07,3.102156639099121
0.00014792324509471655,1.8201635043624265e-07,3.1094818115234375
0.0001475502795074135,1.797917690282702e-07,3.1163008213043213
0.0001471798459533602,1.7850823041953845e-07,3.1237540245056152
0.00014681419997941703,1.7965531640129484e-07,3.1301827430725098
0.0001464488886995241,1.7990977596582525e-07,3.137176513671875
0.0001460846688132733,1.7981832911573292e-07,3.144033670425415
0.00014572159852832556,1.7925904671756143e-07,3.1512222290039062
0.0001453599106753245,1.787774976946821e-07,3.158681869506836
0.0001449997944291681,1.7818008757330972e-07,3.1651270389556885
0.0001446382375434041,1.7518624417789397e-07,3.1717453002929688
0.00014428228314500302,1.7566112830991187e-07,3.178520441055298
0.00014392746379598975,1.7568669363754452e-07,3.1855361461639404
0.00014357056352309883,1.729391101434885e-07,3.192754030227661
0.00014321923663374037,1.7348403957839764e-07,3.199622869491577
0.00014286620717030019,1.713882795684185e-07,3.2071311473846436
0.00014251536049414426,1.700269223192663e-07,3.213718891143799
0.00014216908311937004,1.711140953375434e-07,3.2207186222076416
0.00014182050654198974,1.6922609802350053e-07,3.22731351852417
0.0001414767757523805,1.7017086406667659e-07,3.2343039512634277
0.00014113100769463927,1.6816419190490706e-07,3.2418458461761475
0.00014078991080168635,1.6902241384286754e-07,3.2487125396728516
0.00014044663112144917,1.6678130521086132e-07,3.2554399967193604
0.00014010840095579624,1.6767769750458683e-07,3.2619409561157227
0.00013977059279568493,1.6783336320713715e-07,3.2688674926757812
0.00013943125668447465,1.6540606395665236e-07,3.2760488986968994
0.0001390942488797009,1.6399771141095698e-07,3.2829833030700684
0.00013875914737582207,1.629272929903891e-07,3.290482521057129
0.00013842569023836404,1.6212518971769896e-07,3.2970592975616455
0.00013809606025461107,1.6354857734768302e-07,3.3040213584899902
0.0001377640146529302,1.6167672356459661e-07,3.310662269592285
0.00013743404997512698,1.6060732832556823e-07,3.3176379203796387
0.00013710823259316385,1.618491864974203e-07,3.3251824378967285
0.00013678248797077686,1.621230723003464e-07,3.3320696353912354
0.00013645502622239292,1.5990275414878852e-07,3.3388381004333496
0.00013613134797196835,1.5969685307481996e-07,3.3454394340515137
0.00013580851373262703,1.5922596219297702e-07,3.352385997772217
0.00013548576680477709,1.5774635642173962e-07,3.359445810317993
0.00013516470789909363,1.5662584473830066e-07,3.3663125038146973
0.00013484770897775888,1.5797894548086333e-07,3.3737998008728027
0.00013452942948788404,1.571024483837391e-07,3.380390167236328
0.00013420994218904525,1.5421177579355572e-07,3.387373685836792
0.0001338958099950105,1.548971653164699e-07,3.39402174949646
0.00013358233263716102,1.5501366590342514e-07,3.4009392261505127
0.00013326937914825976,1.5468263825368922e-07,3.40806245803833
0.00013295644021127373,1.5324800983762543e-07,3.4155123233795166
0.00013264639710541815,1.53327817997706e-07,3.422822952270508
0.00013233584468252957,1.5201933933894907e-07,3.4293429851531982
0.00013202820264268667,1.520859171932898e-07,3.4362263679504395
0.00013172005128581077,1.5083882942690252e-07,3.443185806274414
0.0001314135588472709,1.499763584433822e-07,3.4501500129699707
0.00013110949657857418,1.5022378363482858e-07,3.4576828479766846
0.00013080620556138456,1.5024059507595666e-07,3.464416742324829
0.0001305039186263457,1.5006446574261645e-07,3.4714550971984863
0.00013020221376791596,1.494791490586067e-07,3.4781417846679688
0.00012990180402994156,1.4902759915003116e-07,3.4851467609405518
0.00012960242747794837,1.4848963303393248e-07,3.4932727813720703
0.00012930299271829426,1.4702253281484445e-07,3.500509023666382
0.00012900512956548482,1.459003584614038e-07,3.5081324577331543
0.00012871003127656877,1.4629114275521715e-07,3.515949010848999
0.00012841532588936388,1.4608481535560713e-07,3.523860454559326
0.00012812166824005544,1.4579519813651132e-07,3.5308144092559814
0.0001278278505196795,1.445401096589194e-07,3.5385923385620117
0.00012753660848829895,1.445631170327033e-07,3.5455710887908936
0.00012724488624371588,1.4321217634005734e-07,3.5530409812927246
0.00012695483746938407,1.4246283797092474e-07,3.5599992275238037
0.00012666724796872586,1.4293961214661977e-07,3.5669617652893066
0.00012637877080123872,1.4171763496051426e-07,3.5748348236083984
0.00012609305849764496,1.4209358312200493e-07,3.5813350677490234
0.00012580779730342329,1.419105188915637e-07,3.588374137878418
0.00012552218686323613,1.405772138696193e-07,3.5952706336975098
0.00012523804616648704,1.3958475619801902e-07,3.6021745204925537
0.00012495648115873337,1.4005573234499025e-07,3.6094605922698975
0.00012467541091609746,1.4007846971253457e-07,3.616018056869507
0.00012439371494110674,1.3862499770311842e-07,3.623795747756958
0.00012411495845299214,1.389789758832194e-07,3.6304237842559814
0.00012383655121084303,1.3873982140921726e-07,3.637413740158081
0.00012355783837847412,1.373399101112227e-07,3.644321918487549
0.00012328183220233768,1.3755730776665587e-07,3.651256561279297
0.0001230053458129987,1.364304296203045e-07,3.658982038497925
0.00012273009633645415,1.356013683562196e-07,3.665947198867798
0.00012245611287653446,1.350185101500756e-07,3.6737945079803467
0.00012218441406730562,1.356702483690242e-07,3.681020736694336
0.00012191172572784126,1.3462424419685703e-07,3.688408613204956
0.00012164159124949947,1.3498147666268778e-07,3.6954803466796875
0.00012137181329308078,1.3486524608197215e-07,3.7029035091400146
0.00012110151146771386,1.334391726004469e-07,3.7102160453796387
0.00012083402543794364,1.3370643614507571e-07,3.7174103260040283
0.00012056572450092062,1.324691254467325e-07,3.7252838611602783
0.00012029883509967476,1.3164562062684126e-07,3.73262882232666
0.00012003299343632534,1.3096777706778084e-07,3.7404749393463135
0.00011976831592619419,1.3056396142019366e-07,3.7477447986602783
0.0001195056684082374,1.3115258923335205e-07,3.75500226020813
0.00011924213322345167,1.3017992728237004e-07,3.7619545459747314
0.00011897999502252787,1.296396590078075e-07,3.769268751144409
0.00011871981405420229,1.301239791473563e-07,3.7765181064605713
0.00011845876724692062,1.2903215917958732e-07,3.7837653160095215
0.00011820018698927015,1.2936766324855853e-07,3.7914388179779053
0.00011794079910032451,1.282240873479168e-07,3.7983455657958984
0.00011768285185098648,1.2757220702042105e-07,3.8051657676696777
0.00011742573406081647,1.2692086670540448e-07,3.811729907989502
0.00011716964945662767,1.2648459346564778e-07,3.8186259269714355
0.00011691429244820029,1.2589022446718445e-07,3.8260836601257324
0.00011666005593724549,1.255810389011458e-07,3.8330790996551514
0.00011640784214250743,1.26388329135807e-07,3.8410158157348633
0.00011615578841883689,1.2656487058393395e-07,3.8477025032043457
0.00011590301437536255,1.2533931226244022e-07,3.854759693145752
0.00011565143358893692,1.2444650110410294e-07,3.8617265224456787
0.00011540107516339049,1.2393194026572019e-07,3.8687329292297363
0.00011515263031469658,1.244879825890166e-07,3.8760714530944824
0.00011490473116282374,1.247483112365444e-07,3.8833229541778564
0.00011465583520475775,1.2339852162313036e-07,3.8909549713134766
0.00011440829985076562,1.2253913439508324e-07,3.897711753845215
0.00011416197958169505,1.220488030639899e-07,3.904756784439087
0.00011391626321710646,1.214625910961331e-07,3.9113121032714844
0.00011367149272700772,1.2096316481802205e-07,3.9183337688446045
0.00011342760262778029,1.2059702214628487e-07,3.9256131649017334
0.00011318464385112748,1.2037426699862408e-07,3.9327588081359863
0.00011294234718661755,1.200502737219722e-07,3.9404759407043457
0.00011270065442658961,1.195933521103143e-07,3.947770118713379
0.0001124600094044581,1.193763949913773e-07,3.9546549320220947
0.00011221995373489335,1.1900191765334966e-07,3.9611573219299316
0.00011198181164218113,1.197583543444125e-07,3.967941999435425
0.00011174265091540292,1.1882773520710543e-07,3.975287675857544
0.00011150570207973942,1.192810401562383e-07,3.981843948364258
0.00011126790923299268,1.1825891021999269e-07,3.988507032394409
0.00011103109864052385,1.1747117412141961e-07,3.995037078857422
0.00011079654359491542,1.181104281045009e-07,4.001879930496216
0.00011056098446715623,1.1710256586638934e-07,4.009133815765381
0.00011032646580133587,1.1640047148375743e-07,4.016057729721069
0.00011009280569851398,1.1583076542365234e-07,4.024399518966675
0.00010986017878167331,1.155481896830679e-07,4.030919075012207
0.00010962814121739939,1.1516083731066828e-07,4.037677526473999
0.00010939683124888688,1.147923995858946e-07,4.044174671173096
0.00010916637984337285,1.1457644433221503e-07,4.051149606704712
0.00010893649596255273,1.1421072088069195e-07,4.058512926101685
0.00010870728874579072,1.1383590248215114e-07,4.065157651901245
0.0001084787945728749,1.134732059426824e-07,4.071800947189331
0.0001082510279957205,1.1315579229176365e-07,4.078284740447998
0.00010802398173836991,1.1286341816685308e-07,4.0850419998168945
0.00010779753210954368,1.1248200593172442e-07,4.092241525650024
0.0001075718755600974,1.1219606932399984e-07,4.098842144012451
0.00010734681563917547,1.1184450698920045e-07,4.10546875
0.00010712249058997259,1.115627554781895e-07,4.112208366394043
0.00010689882765291259,1.1124991772248904e-07,4.119004011154175
0.00010667581955203786,1.1095266216898381e-07,4.126109600067139
0.00010645350266713649,1.1064158655926803e-07,4.132946729660034
0.00010623168054735288,1.10215559345761e-07,4.140481472015381
0.00010601065878290683,1.0990626009288462e-07,4.1470582485198975
0.00010579028457868844,1.0956391349736805e-07,4.153709411621094
0.00010557059431448579,1.093104486926677e-07,4.16049599647522
0.0001053516534739174,1.0910056857937889e-07,4.167165756225586
0.00010513320739846677,1.0876578926399816e-07,4.174314022064209
0.0001049153579515405,1.0839478647994838e-07,4.180785655975342
0.0001046982069965452,1.080740261727442e-07,4.187510251998901
0.0001044816235662438,1.0767745806106177e-07,4.194479703903198
0.00010426589869894087,1.0750647305712846e-07,4.201116323471069
0.00010405067587271333,1.072175166427769e-07,4.208834409713745
0.00010383488552179188,1.0575467257467608e-07,4.215208292007446
0.00010362153989262879,1.0606893852127541e-07,4.224161863327026
0.00010340849257772788,1.0607345757307485e-07,4.23088264465332
0.00010319587454432622,1.0588769328023773e-07,4.237677812576294
0.00010298383131157607,1.0565648267402139e-07,4.244314432144165
0.00010277247201884165,1.0551548967896451e-07,4.250824451446533
0.00010256163659505546,1.0525887716994475e-07,4.258572340011597
0.00010235129593638703,1.0494601809796222e-07,4.265169620513916
0.00010214161011390388,1.0463126898230257e-07,4.2720112800598145
0.00010193245543632656,1.0428539098938927e-07,4.278602123260498
0.0001017239410430193,1.0397614857993176e-07,4.285451650619507
0.00010151600872632116,1.0361580393691838e-07,4.293351650238037
0.00010130873852176592,1.0335039490882991e-07,4.3004372119903564
0.0001011020940495655,1.0312146514479537e-07,4.308459997177124
0.0001008947947411798,1.0166987607362898e-07,4.315128803253174
0.00010068989649880677,1.0199343591921206e-07,4.32240629196167
0.00010048523108707741,1.0199109112818405e-07,4.329107046127319
0.00010028101678472012,1.0185542720364538e-07,4.335961103439331
0.00010007726086769253,1.0159098451367754e-07,4.3434507846832275
9.987410885514691e-05,1.0136174211083926e-07,4.349877834320068
9.967154619516805e-05,1.0116564652662419e-07,4.358795642852783
9.946962381945923e-05,1.0103290293272948e-07,4.365565776824951
9.926810162141919e-05,1.0073570422264311e-07,4.372537136077881
9.906711056828499e-05,1.0039491371571785e-07,4.379127264022827
9.886667976388708e-05,1.0006489503666671e-07,4.3859312534332275
9.866690379567444e-05,9.981750537235712e-08,4.393266916275024
9.846773173194379e-05,9.965847169723929e-08,4.4000444412231445
9.826790483202785e-05,9.824238844657884e-08,4.407697439193726
9.806908929022029e-05,9.730986505473993e-08,4.414222955703735
9.78724128799513e-05,9.795364519504801e-08,4.420953989028931
9.767448500497267e-05,9.68040154702976e-08,4.427904367446899
9.747885633260012e-05,9.741283690800628e-08,4.434875726699829
9.728330041980371e-05,9.752899643444835e-08,4.442599534988403
9.70881010289304e-05,9.749532381420067e-08,4.449012994766235
9.689338185125962e-05,9.740725204210321e-08,4.456156492233276
9.669923747424036e-05,9.733012973356381e-08,4.462608337402344
9.650537685956806e-05,9.703863668164558e-08,4.470384836196899
9.631207649363205e-05,9.675982681756068e-08,4.4776318073272705
9.611932910047472e-05,9.649329513194971e-08,4.484683990478516
9.592719288775697e-05,9.633677677811647e-08,4.492920398712158
9.573543502483517e-05,9.601657779967354e-08,4.499828815460205
9.554432472214103e-05,9.582070248370655e-08,4.507958889007568
9.535362187307328e-05,9.554158708624527e-08,4.514360427856445
9.51623878790997e-05,9.418306490260875e-08,4.5211851596832275
9.497327118879184e-05,9.443903792316632e-08,4.5276477336883545
9.478453284827992e-05,9.457920668864972e-08,4.534400701522827
9.459603461436927e-05,9.441856008152172e-08,4.541911363601685
9.440678695682436e-05,9.300246972543391e-08,4.5484373569488525
9.422000584891066e-05,9.356574537378037e-08,4.555023193359375
9.40320678637363e-05,9.245722765172104e-08,4.561686277389526
9.38450320973061e-05,9.174198822847757e-08,4.568428993225098
9.365870209876448e-05,9.123073851924346e-08,4.575600862503052
9.347414743388072e-05,9.202413764342054e-08,4.582208871841431
9.328949818154797e-05,9.221047747587363e-08,4.588916540145874
9.310524183092639e-05,9.229834319057773e-08,4.595411539077759
9.29201123653911e-05,9.101889730800394e-08,4.601963996887207
9.273715841118246e-05,9.14270898988434e-08,4.609503507614136
9.255440818378702e-05,9.156114799679926e-08,4.616140127182007
9.237086487701163e-05,9.03924899375852e-08,4.623794078826904
9.218938066624105e-05,9.082655338943368e-08,4.630427122116089
9.200808563036844e-05,9.095809616610495e-08,4.637316942214966
9.182699432130903e-05,9.083525753794675e-08,4.6439902782440186
9.164636139757931e-05,9.067812811736076e-08,4.650975942611694
9.146505908574909e-05,8.934299700058546e-08,4.6585540771484375
9.128594683716074e-05,8.976320486908662e-08,4.665196657180786
9.110583778237924e-05,8.867779399679421e-08,4.672067165374756
9.092653635889292e-05,8.796259010068752e-08,4.678846597671509
9.074917034013197e-05,8.870766521340556e-08,4.685473680496216
9.057072747964412e-05,8.7895777767244e-08,4.6927831172943115
9.03939944691956e-05,8.835207410129442e-08,4.699342966079712
9.021754522109404e-05,8.863424483251947e-08,4.706242322921753
9.004117600852624e-05,8.853456989754704e-08,4.712943077087402
8.986521424958482e-05,8.838154030854639e-08,4.719751834869385
8.968860493041575e-05,8.707871046453874e-08,4.726384401321411
8.951398194767535e-05,8.736334677905688e-08,4.733043432235718
8.933855133363977e-05,8.63352624946856e-08,4.740480661392212
8.916505612432957e-05,8.683822017019338e-08,4.747087001800537
8.899172826204449e-05,8.705229248562318e-08,4.7543323040008545
8.881853864295408e-05,8.695757713894636e-08,4.760977745056152
8.864461415214464e-05,8.56288409067929e-08,4.7675087451934814
8.847167919157073e-05,8.487037206350578e-08,4.77469801902771
8.829944999888539e-05,8.43787262283513e-08,4.781454563140869
8.812793385004625e-05,8.415544527906604e-08,4.788302183151245
8.795788744464517e-05,8.502134818400009e-08,4.794770240783691
8.77876955200918e-05,8.527395323199016e-08,4.80133056640625
8.761770004639402e-05,8.527718620143787e-08,4.808921813964844
8.744814113015309e-05,8.529227812914542e-08,4.815960168838501
8.727781096240506e-05,8.404249030036226e-08,4.8228864669799805
8.710839756531641e-05,8.331041811970863e-08,4.8293633460998535
8.694067946635187e-05,8.388231975686722e-08,4.835995674133301
8.677196456119418e-05,8.298904674575169e-08,4.842910289764404
8.660517778480425e-05,8.36266380588313e-08,4.849454879760742
8.643834735266864e-05,8.381085336850447e-08,4.856224060058594
8.627172064734623e-05,8.3749327473015e-08,4.862768650054932
8.610437362222001e-05,8.250330552073137e-08,4.869340419769287
8.593793609179556e-05,8.176583321528597e-08,4.876213312149048
8.577217522542924e-05,8.130625417379633e-08,4.882739782333374
8.560705464333296e-05,8.105909898858954e-08,4.88953423500061
8.544346928829327e-05,8.197326195613641e-08,4.8960089683532715
8.527965837856755e-05,8.225968173292131e-08,4.902577877044678
8.511495980201289e-05,8.116269611946336e-08,4.909540176391602
8.495102520100772e-05,8.043112842415212e-08,4.916996955871582
8.478900417685509e-05,8.127562978188507e-08,4.924948692321777
8.462578261969611e-05,8.044431609732783e-08,4.931416988372803
8.446432912023738e-05,8.104038329292962e-08,4.938107252120972
8.430179877905175e-05,8.009880758663712e-08,4.9446306228637695
8.414010517299175e-05,7.958129089047361e-08,4.95121431350708
8.398003410547972e-05,8.034724885419564e-08,4.95864200592041
8.381868246942759e-05,7.937472901176079e-08,4.965179443359375
8.365816756850109e-05,7.884220565301803e-08,4.971949577331543
8.349936251761392e-05,7.96843906414324e-08,4.978453874588013
8.334034646395594e-05,7.989800110408396e-08,4.985055208206177
8.318050095112994e-05,7.881990171654252e-08,4.992659091949463
8.302259811898693e-05,7.937025969795286e-08,4.9993062019348145
8.286477532237768e-05,7.960477432789048e-08,5.00619912147522
8.270697435364127e-05,7.94482133414931e-08,5.012697219848633
8.254849672084674e-05,7.816115754621933e-08,5.01924467086792
8.239105954999104e-05,7.75749171566531e-08,5.026237487792969
8.223525219364092e-05,7.828051451497231e-08,5.032753944396973
8.207835344364867e-05,7.743521024394795e-08,5.039538621902466
8.192320092348382e-05,7.80370825737009e-08,5.046011447906494
8.176796836778522e-05,7.816385760861522e-08,5.052542209625244
8.161188452504575e-05,7.694971770888515e-08,5.0594871044158936
8.145788888214156e-05,7.755696174172044e-08,5.066052198410034
8.130275818984956e-05,7.659160417006206e-08,5.072895050048828
8.114841330097988e-05,7.602358209624072e-08,5.079358100891113
8.099454862531275e-05,7.55686428988156e-08,5.085840940475464
8.084236469585449e-05,7.651762956584207e-08,5.092798233032227
8.068882016232237e-05,7.561489923091358e-08,5.099364995956421
8.053618512349203e-05,7.529981616016812e-08,5.1061789989471436
8.038491796469316e-05,7.603275520295938e-08,5.112569093704224
8.023245027288795e-05,7.507973975862114e-08,5.1190900802612305
8.008084842003882e-05,7.467372853398047e-08,5.126129150390625
7.993069448275492e-05,7.54226263666169e-08,5.13267970085144
7.978040957823396e-05,7.563771475815884e-08,5.139530658721924
7.962934614624828e-05,7.463970774779227e-08,5.145959138870239
7.947890844661742e-05,7.392469569822424e-08,5.152405500411987
7.932928565423936e-05,7.367012244685611e-08,5.159456491470337
7.917998300399631e-05,7.33992067125655e-08,5.166043758392334
7.903107325546443e-05,7.314885408504779e-08,5.1728432178497314
7.88825927884318e-05,7.297337134559712e-08,5.179224252700806
7.873433060012758e-05,7.266100254810226e-08,5.185727119445801
7.858661410864443e-05,7.254701728243163e-08,5.192811965942383
7.843919593142346e-05,7.23738224905901e-08,5.199346303939819
7.829216337995604e-05,7.222416087415695e-08,5.206183910369873
7.8146556916181e-05,7.32365492694953e-08,5.212565660476685
7.799961895216256e-05,7.245356670182446e-08,5.2190446853637695
7.785330672049895e-05,7.195808393589687e-08,5.226119518280029
7.770853699184954e-05,7.274638846865855e-08,5.232487201690674
7.756372360745445e-05,7.311057004244503e-08,5.239046812057495
7.74179570726119e-05,7.209461472257317e-08,5.245455741882324
7.727399497525766e-05,7.261564860527869e-08,5.251915454864502
7.712890510447323e-05,7.15976540277552e-08,5.259106397628784
7.698568515479565e-05,7.219654207801796e-08,5.265481233596802
7.684145384700969e-05,7.135206914199443e-08,5.272042512893677
7.669780461583287e-05,7.075047392390843e-08,5.278491020202637
7.65547520131804e-05,7.043237815196335e-08,5.2849931716918945
7.64120850362815e-05,7.017097658490457e-08,5.29244327545166
7.626978913322091e-05,6.994191181775022e-08,5.298831939697266
7.612790068378672e-05,6.977973754374034e-08,5.3054468631744385
7.598634692840278e-05,6.963210807953146e-08,5.311886310577393
7.584509148728102e-05,6.944429742361535e-08,5.31838059425354
7.570524758193642e-05,7.042222449626934e-08,5.325741529464722
7.556413038400933e-05,6.965416332604946e-08,5.332132816314697
7.542463572463021e-05,7.03113727240634e-08,5.338655948638916
7.528401329182088e-05,6.935384533335309e-08,5.345094442367554
7.514414755860344e-05,6.889093384643274e-08,5.3515894412994385
7.500478386646137e-05,6.860468459990443e-08,5.359490156173706
7.486582762794569e-05,6.839756139243036e-08,5.365940809249878
7.472719153156504e-05,6.819993103590605e-08,5.372838735580444
7.458886102540419e-05,6.797979779094021e-08,5.379315614700317
7.44509234209545e-05,6.783312045399725e-08,5.386153697967529
7.431327685480937e-05,6.765494475757805e-08,5.393571376800537
7.417705637635663e-05,6.867150403877531e-08,5.400489807128906
7.404054485959932e-05,6.902615012904789e-08,5.408274412155151
7.3904127930291e-05,6.913967354194028e-08,5.415076732635498
7.37668015062809e-05,6.792068063532497e-08,5.421937942504883
7.36303481971845e-05,6.730093815576765e-08,5.428451776504517
7.349442603299394e-05,6.69123849661446e-08,5.4349963665008545
7.335889677051455e-05,6.662634177700966e-08,5.442527532577515
7.322386227315292e-05,6.651837480831091e-08,5.4491729736328125
7.308906788239256e-05,6.634062543753316e-08,5.455931186676025
7.295454270206392e-05,6.611333702721822e-08,5.462342262268066
7.282041769940406e-05,6.598526169909746e-08,5.469230890274048
7.268661283887923e-05,6.5861762266195e-08,5.476236343383789
7.255416858242825e-05,6.688772202778637e-08,5.482922554016113
7.242036372190341e-05,6.609486291608846e-08,5.490640878677368
7.228821777971461e-05,6.677244357433665e-08,5.497184991836548
7.215494406409562e-05,6.589455381345033e-08,5.503803968429565
7.202230335678905e-05,6.537612762258505e-08,5.510590076446533
7.189013558672741e-05,6.502363447680182e-08,5.5172717571258545
7.175943756010383e-05,6.595847423795931e-08,5.524901628494263
7.162751717260107e-05,6.522963502675339e-08,5.531313180923462
7.149617158574983e-05,6.479482550503235e-08,5.537962913513184
7.136526983231306e-05,6.450849099337574e-08,5.544623613357544
7.123471732484177e-05,6.428855670037592e-08,5.551279544830322
7.110447768354788e-05,6.40799839857209e-08,5.559077024459839
7.097461639204994e-05,6.39516315459332e-08,5.565464973449707
7.084494427544996e-05,6.371558214368633e-08,5.572569847106934
7.071567233651876e-05,6.360213689049488e-08,5.5791192054748535
7.058666960801929e-05,6.344050262896417e-08,5.585873126983643
7.045846723485738e-05,6.38525037288673e-08,5.59404182434082
7.033028668956831e-05,6.395679008619481e-08,5.600721120834351
7.020230259513482e-05,6.394492402250762e-08,5.608606576919556
7.0074042014312e-05,6.332685131837934e-08,5.615071773529053
6.994642171775922e-05,6.308028588364323e-08,5.6217732429504395
6.981957994867116e-05,6.338635927249925e-08,5.628293752670288
6.969325477257371e-05,6.392819784650783e-08,5.634838581085205
6.956642027944326e-05,6.360976811947694e-08,5.642533779144287
6.943996413610876e-05,6.338741798117553e-08,5.649036645889282
6.931334064574912e-05,6.264904328645571e-08,5.655918836593628
6.918772851349786e-05,6.272968988696448e-08,5.6623969078063965
6.906180351506919e-05,6.21383122734187e-08,5.669036149978638
6.893645331729203e-05,6.185878476117068e-08,5.676372289657593
6.881135777803138e-05,6.157853960075954e-08,5.682852029800415
6.868667696835473e-05,6.141682007410054e-08,5.690622806549072
6.856227264506742e-05,6.126646212578635e-08,5.697157382965088
6.843815936008468e-05,6.112302486371846e-08,5.704423666000366
6.831430800957605e-05,6.094856530580728e-08,5.711370944976807
6.819078407716006e-05,6.084501791292496e-08,5.718276739120483
6.80675875628367e-05,6.078177250401495e-08,5.725768804550171
6.794460205128416e-05,6.066061075671314e-08,5.732143402099609
6.782184937037528e-05,6.047222456118106e-08,5.739527940750122
6.76994095556438e-05,6.033980071151746e-08,5.746421575546265
6.757725350325927e-05,6.022212772904822e-08,5.753446817398071
6.745535210939124e-05,6.006590069773665e-08,5.760149240493774
6.733374175382778e-05,5.99325460370892e-08,5.7673845291137695
6.72123787808232e-05,5.977962302949891e-08,5.774908065795898
6.709133594995365e-05,5.968198735217811e-08,5.781429290771484
6.69705041218549e-05,5.951570969386921e-08,5.790639400482178
6.68498978484422e-05,5.930483482075033e-08,5.797727108001709
6.672961171716452e-05,5.915084955177008e-08,5.804403066635132
6.66096675558947e-05,5.907179811970309e-08,5.811508893966675
6.648997077718377e-05,5.8963056659422364e-08,5.818260192871094
6.637062324443832e-05,5.895320853710473e-08,5.82576322555542
6.625141395488754e-05,5.881260634055252e-08,5.832144498825073
6.61323792883195e-05,5.8558910609463055e-08,5.838771820068359
6.601374479942024e-05,5.845873118914824e-08,5.846269845962524
6.589531403733417e-05,5.8290066107247185e-08,5.853317737579346
6.57771888654679e-05,5.8177512585189106e-08,5.860175132751465
6.565931835211813e-05,5.803302727258597e-08,5.866814851760864
6.554170977324247e-05,5.791752144546081e-08,5.875077724456787
6.542438495671377e-05,5.7818567711365176e-08,5.881925582885742
6.530732207465917e-05,5.771189748315919e-08,5.888898134231567
6.519049929920584e-05,5.7593112501308497e-08,5.8954479694366455
6.507392390631139e-05,5.7472071546271764e-08,5.902061462402344
6.495808338513598e-05,5.7876206938090036e-08,5.909781455993652
6.484228651970625e-05,5.8055995566519414e-08,5.9167397022247314
6.472608947660774e-05,5.745869557927108e-08,5.9244794845581055
6.461037992266938e-05,5.715271100825703e-08,5.93143105506897
6.449504871852696e-05,5.6987392582641405e-08,5.9383416175842285
6.438043055823073e-05,5.7333309655405174e-08,5.944883584976196
6.42654049443081e-05,5.6929046365894465e-08,5.952240943908691
6.415066309273243e-05,5.655835622064842e-08,5.959695816040039
6.403636507457122e-05,5.6404914516861027e-08,5.966181993484497
6.392222712747753e-05,5.616464449076375e-08,5.974031686782837
6.380841659847647e-05,5.6000718728910215e-08,5.980987071990967
6.369486800394952e-05,5.585263807006413e-08,5.988637447357178
6.358164682751521e-05,5.57778498944117e-08,5.995061635971069
6.34686803095974e-05,5.572828243316508e-08,6.001880168914795
6.335589569061995e-05,5.561018667776807e-08,6.009589195251465
6.324341666186228e-05,5.5536041543291503e-08,6.016436576843262
6.313111225608736e-05,5.5392746389770764e-08,6.02446722984314
6.301899702521041e-05,5.5182720615221115e-08,6.031862497329712
6.290725286817178e-05,5.511544287628567e-08,6.040632009506226
6.279578519752249e-05,5.508718103897081e-08,6.047498941421509
6.26849869149737e-05,5.553362214527624e-08,6.054709434509277
6.25736138317734e-05,5.5057107317679765e-08,6.061476230621338
6.246266275411472e-05,5.479763842686225e-08,6.068176031112671
6.23520536464639e-05,5.4645379776729897e-08,6.07574987411499
6.224164826562628e-05,5.4434266871794534e-08,6.082614898681641
6.213151209522039e-05,5.4281933614674927e-08,6.089560031890869
6.202161603141576e-05,5.4118974190942026e-08,6.096172571182251
6.191199645400047e-05,5.4000707905288436e-08,6.1027233600616455
6.180266063893214e-05,5.391051516312473e-08,6.109702110290527
6.169354310259223e-05,5.383077450460405e-08,6.116213321685791
6.158465839689597e-05,5.373655298512858e-08,6.1240339279174805
6.147594831418246e-05,5.3573611324964077e-08,6.130878925323486
6.136749288998544e-05,5.3426415291824014e-08,6.137739419937134
6.125926302047446e-05,5.326542762418285e-08,6.1443986892700195
6.115136056905612e-05,5.3223057960849474e-08,6.151009798049927
6.104365456849337e-05,5.312320539019311e-08,6.159140110015869
6.093610863899812e-05,5.2963802232852686e-08,6.165720701217651
6.0828915593447164e-05,5.291886751024322e-08,6.172609567642212
6.072186806704849e-05,5.27905008596008e-08,6.17901086807251
6.061505337129347e-05,5.2648044146508255e-08,6.185501337051392
6.0508456954266876e-05,5.2511239800878684e-08,6.192989110946655
6.0402169765438884e-05,5.24480405772465e-08,6.199470520019531
6.0296079027466476e-05,5.2348333667850966e-08,6.207310914993286
6.019016291247681e-05,5.22010878967194e-08,6.213945627212524
6.008457057760097e-05,5.214769416284071e-08,6.2207932472229
5.997909829602577e-05,5.1985246329877555e-08,6.227766990661621
5.9873913414776325e-05,5.18837666163563e-08,6.2344067096710205
5.976893226034008e-05,5.1760743247086793e-08,6.242042303085327
5.9664202126441523e-05,5.1667559120005535e-08,6.24849796295166
5.955967935733497e-05,5.155027693604097e-08,6.25541353225708
5.945541852270253e-05,5.147446557884905e-08,6.2620391845703125
5.9351350500946864e-05,5.136389091831006e-08,6.269074440002441
5.924748256802559e-05,5.122614865626929e-08,6.276429891586304
5.914338180446066e-05,5.0568424114771915e-08,6.283017873764038
5.904018325963989e-05,5.068709185707121e-08,6.291123390197754
5.893713387195021e-05,5.072573472375552e-08,6.298937082290649
5.8834240917349234e-05,5.0694158204578343e-08,6.306217193603516
5.8731551689561456e-05,5.064260477638527e-08,6.3127281665802
5.8629029808798805e-05,5.053741958249702e-08,6.319612503051758
5.8526780776446685e-05,5.047893836263029e-08,6.326851844787598
5.8424720918992534e-05,5.039618500290999e-08,6.333355665206909
5.832286842633039e-05,5.0298012865823694e-08,6.341235399246216
5.822125604026951e-05,5.022883087235641e-08,6.347907543182373
5.8119811001233757e-05,5.01023897925279e-08,6.355053186416626
5.801855513709597e-05,4.994265623281535e-08,6.361603021621704
5.791752482764423e-05,4.98084631317397e-08,6.36813759803772
5.781676372862421e-05,4.972205758235759e-08,6.375880002975464
5.7715733419172466e-05,4.907135675580321e-08,6.382391691207886
5.761563079431653e-05,4.925181684711788e-08,6.389277696609497
5.751561911893077e-05,4.930340224973406e-08,6.395765781402588
5.7415756600676104e-05,4.927618491024077e-08,6.402393341064453
5.731606142944656e-05,4.9171621441246316e-08,6.4097936153411865
5.7216548157157376e-05,4.906062045506587e-08,6.416315078735352
5.711732228519395e-05,4.90501754768502e-08,6.423968315124512
5.7018220104509965e-05,4.891304428156218e-08,6.430415868759155
5.691890328307636e-05,4.827645128102631e-08,6.437380075454712
5.682051050825976e-05,4.84972630943048e-08,6.443981647491455
5.672222687280737e-05,4.8583135736635086e-08,6.451201438903809
5.662403782480396e-05,4.854500090800684e-08,6.458840847015381
5.652597974403761e-05,4.8417543752066194e-08,6.465415000915527
5.642812539008446e-05,4.8288317344713505e-08,6.472321033477783
5.633051478071138e-05,4.8191022727905874e-08,6.47884202003479
5.6233089708257467e-05,4.808117637367104e-08,6.485575437545776
5.613589019048959e-05,4.7983661488615326e-08,6.493049144744873
5.6038912589428946e-05,4.791442975715654e-08,6.499460458755493
5.5941654864000157e-05,4.727242952640154e-08,6.50732946395874
5.584529571933672e-05,4.7448011741835217e-08,6.513751745223999
5.5749031162122265e-05,4.750339144266036e-08,6.5206382274627686
5.565285391639918e-05,4.74237147329859e-08,6.527640104293823
5.555696407100186e-05,4.742499726262395e-08,6.534428358078003
5.546114334720187e-05,4.727355218392404e-08,6.542049407958984
5.536555181606673e-05,4.71640753119118e-08,6.548374891281128
5.527022949536331e-05,4.713342960371847e-08,6.555694103240967
5.5175092711579055e-05,4.710226519932803e-08,6.562401533126831
5.50801087229047e-05,4.6980346724012634e-08,6.569254398345947
5.498473547049798e-05,4.61833025156011e-08,6.576428413391113
5.489046452566981e-05,4.645193385499624e-08,6.582977533340454
5.479614992509596e-05,4.64456064719343e-08,6.591185569763184
5.470204268931411e-05,4.643142048621485e-08,6.5977325439453125
5.4607571655651554e-05,4.57681110788144e-08,6.604614973068237
5.451406104839407e-05,4.59955735720996e-08,6.61114764213562
5.4420612286776304e-05,4.607764481079357e-08,6.6177897453308105
5.4327269026543945e-05,4.603663938951286e-08,6.625852823257446
5.423412949312478e-05,4.601740855036951e-08,6.632453918457031
5.414108818513341e-05,4.589046653791229e-08,6.639574766159058
5.4047792218625546e-05,4.5216395960778755e-08,6.646177530288696
5.395499101723544e-05,4.490997440598221e-08,6.653186082839966
5.386240081861615e-05,4.4614758110128605e-08,6.659974098205566
5.377061097533442e-05,4.504341788447164e-08,6.6666131019592285
5.3678788390243426e-05,4.5212871668809385e-08,6.674507141113281
5.35865910933353e-05,4.46960548572406e-08,6.681072473526001
5.3495255997404456e-05,4.499818828662683e-08,6.688133478164673
5.3403917263494805e-05,4.504385842096781e-08,6.694726467132568
5.3312713134801015e-05,4.5042895635560853e-08,6.701515197753906
5.322167635313235e-05,4.500590833345086e-08,6.709118604660034
5.313073779689148e-05,4.486880200715859e-08,6.715573310852051
5.3040042985230684e-05,4.4788770026116254e-08,6.722597360610962
5.294903166941367e-05,4.4118326769648775e-08,6.729536771774292
5.285899169393815e-05,4.43645049585939e-08,6.7364702224731445
5.276898082229309e-05,4.442939527393719e-08,6.743313312530518
5.267858432489447e-05,4.380933660286246e-08,6.7498650550842285
5.2589079132303596e-05,4.403475983849603e-08,6.757861614227295
5.2499664889182895e-05,4.4141991395463265e-08,6.764176607131958
5.241030885372311e-05,4.410329879078745e-08,6.7712225914001465
5.2320647228043526e-05,4.347917936797785e-08,6.777684450149536
5.223189145908691e-05,4.371334938468863e-08,6.78432559967041
5.214268821873702e-05,4.3192756038479274e-08,6.792074203491211
5.2053845138289034e-05,4.287932497959446e-08,6.798402309417725
5.196534766582772e-05,4.277114840078866e-08,6.805281162261963
5.1877454097848386e-05,4.3156916262887535e-08,6.811894655227661
5.1789516874123365e-05,4.3273548300248876e-08,6.818509340286255
5.1701252232305706e-05,4.278456344763981e-08,6.825802564620972
5.161331864655949e-05,4.2469032734970824e-08,6.8322060108184814
5.1525676099117845e-05,4.2285986268097986e-08,6.838793754577637
5.1438237278489396e-05,4.213347537529444e-08,6.845222234725952
5.135104584041983e-05,4.206398784845078e-08,6.85187554359436
5.126400719746016e-05,4.1969368425043285e-08,6.859508514404297
5.117712134961039e-05,4.182297175248095e-08,6.865919589996338
5.109094854560681e-05,4.231947059452068e-08,6.872664451599121
5.100423004478216e-05,4.196067138195758e-08,6.879084587097168
5.091778439236805e-05,4.172083123421544e-08,6.885576963424683
5.0832077249651775e-05,4.2135319233693735e-08,6.893020868301392
5.074636283097789e-05,4.234067318975576e-08,6.899402379989624
5.066019730293192e-05,4.179057810915765e-08,6.906196355819702
5.0574355554999784e-05,4.142500742432276e-08,6.91260552406311
5.048932507634163e-05,4.1823206231583754e-08,6.919142961502075
5.0403792556608096e-05,4.139489817589492e-08,6.926367998123169
5.031856198911555e-05,4.111725715461034e-08,6.932763338088989
5.023357516620308e-05,4.093910987990057e-08,6.940581560134888
5.014929047320038e-05,4.1390357807813416e-08,6.95381236076355
5.006500941817649e-05,4.162492217574254e-08,6.962234020233154
4.99807320011314e-05,4.1690515928394234e-08,6.970361709594727
4.9896079872269183e-05,4.1062254041435153e-08,6.9828126430511475
4.981179517926648e-05,4.0679072554894447e-08,6.993688106536865
4.972784154233523e-05,4.049095281288828e-08,7.001581907272339
4.9644095270195976e-05,4.035175038552552e-08,7.009772062301636
4.956105840392411e-05,4.0846625637414036e-08,7.0163280963897705
4.9477464926894754e-05,4.047767987458428e-08,7.025648593902588
4.939463542541489e-05,4.0817099034029525e-08,7.034147262573242
4.9311780458083376e-05,4.092368044439354e-08,7.0427610874176025
4.922902007820085e-05,4.094962235967614e-08,7.0497541427612305
4.9146376113640144e-05,4.090691518854328e-08,7.057985067367554
4.9063892220146954e-05,4.0856463101590634e-08,7.065090894699097
4.8981542931869626e-05,4.0758362018777916e-08,7.072199821472168
4.88988880533725e-05,4.009166687524157e-08,7.079412221908569
4.881714266957715e-05,4.032092704164825e-08,7.086496114730835
4.873541183769703e-05,4.037843481796699e-08,7.093047142028809
4.8653793783159927e-05,4.035325318341165e-08,7.099160194396973
4.8571837396593764e-05,3.9723147438053275e-08,7.105604648590088
4.849075776292011e-05,3.995429764813707e-08,7.111702919006348
4.840972542297095e-05,4.0046938210025473e-08,7.118091106414795
4.832831473322585e-05,3.94798433944743e-08,7.125301361083984
4.824729330721311e-05,3.918490421028764e-08,7.131344795227051
4.816699947696179e-05,3.9577543020641315e-08,7.13801121711731
4.808614539797418e-05,3.909033097215797e-08,7.144233703613281
4.800564784090966e-05,3.8838152249809355e-08,7.150599479675293
4.7925870603648946e-05,3.925115876768359e-08,7.158259868621826
4.784558041137643e-05,3.885043042828329e-08,7.164671897888184
4.7765570343472064e-05,3.861326902665496e-08,7.1715614795684814
4.7685800382168964e-05,3.843943474635125e-08,7.17810583114624
4.760670708492398e-05,3.891359412477868e-08,7.184892892837524
4.752700624521822e-05,3.8450266970357916e-08,7.192474842071533
4.744769830722362e-05,3.826706063136953e-08,7.199044227600098
4.7369019739562646e-05,3.863975095441674e-08,7.205967903137207
4.728985732072033e-05,3.82537592713561e-08,7.2124505043029785
4.721148434327915e-05,3.864082387394774e-08,7.219322443008423
4.713260568678379e-05,3.8191881657212434e-08,7.226469993591309
4.705406536231749e-05,3.798272274480041e-08,7.2329394817352295
4.6975710574770346e-05,3.779343415999392e-08,7.2406837940216064
4.689799970947206e-05,3.820658278641531e-08,7.247110843658447
4.6820336137898266e-05,3.848357721381035e-08,7.254047632217407
4.674262163462117e-05,3.850658103488058e-08,7.2606072425842285
4.6664561523357406e-05,3.791590685864321e-08,7.267108201980591
4.6586868847953156e-05,3.7585532908224195e-08,7.274896144866943
4.6509900130331516e-05,3.795630476588485e-08,7.281310319900513
4.64324293716345e-05,3.75093982540875e-08,7.288373231887817
4.635520599549636e-05,3.7173688127722926e-08,7.295315742492676
4.6278772060759366e-05,3.7626556093073305e-08,7.302109003067017
4.620178515324369e-05,3.7203868430424336e-08,7.309674263000488
4.6125074732117355e-05,3.6940178915756405e-08,7.316180467605591
4.604912828654051e-05,3.7419340515043586e-08,7.324475288391113
4.5972577936481684e-05,3.697280703818251e-08,7.33136773109436
4.5896336814621463e-05,3.670912107622826e-08,7.3385608196258545
4.582077235681936e-05,3.710499640874332e-08,7.345184087753296
4.574473132379353e-05,3.671710402386452e-08,7.352144241333008
4.5669446990359575e-05,3.7078027759207544e-08,7.360219955444336
4.559414446703158e-05,3.723888752915627e-08,7.367127180099487
4.5518449041992426e-05,3.6722489937801583e-08,7.374967098236084
4.544306284515187e-05,3.63889931520589e-08,7.381357431411743
4.536789492703974e-05,3.615048171923263e-08,7.388482332229614
4.5293461880646646e-05,3.6638606815131425e-08,7.395236968994141
4.521846494753845e-05,3.623897626425787e-08,7.401723623275757
4.514371539698914e-05,3.596020548002343e-08,7.409219264984131
4.506971163209528e-05,3.6424026461645553e-08,7.415670394897461
4.499563874560408e-05,3.6627739063987974e-08,7.423985481262207
4.4921096559846774e-05,3.604631260145652e-08,7.43041205406189
4.4846965465694666e-05,3.5799455844198746e-08,7.437121868133545
4.47730089945253e-05,3.559292593990904e-08,7.443727254867554
4.4699270802084357e-05,3.546478311022838e-08,7.45081639289856
4.4625707232626155e-05,3.5378580065525966e-08,7.4587390422821045
4.455230737221427e-05,3.5311142454474975e-08,7.465660095214844
4.447904575499706e-05,3.523637559510462e-08,7.472885370254517
4.4406409870134667e-05,3.5753078719835685e-08,7.479940414428711
4.4333595724310726e-05,3.5866634107151185e-08,7.4872682094573975
4.4260905269766226e-05,3.596780473458239e-08,7.494277477264404
4.418781099957414e-05,3.537579118528811e-08,7.501233100891113
4.4115076889283955e-05,3.505945400661403e-08,7.509249687194824
4.4042626541340724e-05,3.49058346671427e-08,7.515711307525635
4.397080556373112e-05,3.536893444788802e-08,7.52265739440918
4.389890091260895e-05,3.55413156682971e-08,7.529258966445923
4.382701445138082e-05,3.5562067068894976e-08,7.536034345626831
4.375480057206005e-05,3.500123568755953e-08,7.543023347854614
4.368338341009803e-05,3.525168423834657e-08,7.549444198608398
4.361194805824198e-05,3.529756043008092e-08,7.557327747344971
4.354067277745344e-05,3.5364571715490456e-08,7.56378698348999
4.3469000956974924e-05,3.477098786675015e-08,7.571041584014893
4.339766746852547e-05,3.442643858875272e-08,7.578201055526733
4.332660319050774e-05,3.422902850047649e-08,7.584969520568848
4.325572444940917e-05,3.409725124470242e-08,7.592453241348267
4.318497303756885e-05,3.3949056899018615e-08,7.599281549453735
4.311491284170188e-05,3.449045493653102e-08,7.6073572635650635
4.304424874135293e-05,3.409625293215868e-08,7.613811016082764
4.297385748941451e-05,3.3868552407056995e-08,7.620381116867065
4.29036736022681e-05,3.372558055048103e-08,7.627140998840332
4.283368616597727e-05,3.3675267019361854e-08,7.633591651916504
4.2764280806295574e-05,3.416791827248744e-08,7.641581058502197
4.269430792191997e-05,3.3770660934351326e-08,7.648311614990234
4.2624615161912516e-05,3.356301903068015e-08,7.65524697303772
4.255511885276064e-05,3.3433643409352953e-08,7.6621949672698975
4.2485768062761053e-05,3.3301922996997746e-08,7.668928384780884
4.2416617361595854e-05,3.324978337104767e-08,7.676447629928589
4.234755760990083e-05,3.315896890399017e-08,7.683368682861328
4.227865065331571e-05,3.3076318572966557e-08,7.691175699234009
4.2209892853861675e-05,3.3010099542707394e-08,7.69787859916687
4.214128784951754e-05,3.297315132044787e-08,7.705209970474243
4.207277379464358e-05,3.2865294485873164e-08,7.7132158279418945
4.2004445276688784e-05,3.2838936903090143e-08,7.720346927642822
4.1936218622140586e-05,3.276619864323038e-08,7.727298974990845
4.18685631302651e-05,3.325563824319033e-08,7.734068155288696
4.180037649348378e-05,3.288757355335292e-08,7.74246072769165
4.173240813543089e-05,3.26364677505353e-08,7.748891353607178
4.166468352195807e-05,3.2529033688888376e-08,7.755631685256958
4.159711897955276e-05,3.245131097173726e-08,7.762199640274048
4.152971087023616e-05,3.240178614305478e-08,7.769157409667969
4.146238279645331e-05,3.2294433793822463e-08,7.776451110839844
4.139517113799229e-05,3.2161263874286306e-08,7.78296422958374
4.132865069550462e-05,3.2734408961232475e-08,7.790737867355347
4.126152634853497e-05,3.238641710368029e-08,7.797546863555908
4.11946457461454e-05,3.218332267351798e-08,7.805100917816162
4.112794340471737e-05,3.2033639740802755e-08,7.812052011489868
4.106190681341104e-05,3.255743052932303e-08,7.8189380168914795
4.0995266317622736e-05,3.215883026541633e-08,7.8264594078063965
4.092891322216019e-05,3.196523934434481e-08,7.833340167999268
4.0862742025638e-05,3.1824033186467204e-08,7.8411865234375
4.0796712710289285e-05,3.1709557646308895e-08,7.848514080047607
4.073078162036836e-05,3.15606740741714e-08,7.8554368019104
4.066507244715467e-05,3.151376049004284e-08,7.8624351024627686
4.059946149936877e-05,3.1443317283219585e-08,7.869224309921265
4.0534010622650385e-05,3.1407331846367015e-08,7.876725912094116
4.0468676161253825e-05,3.136410242632337e-08,7.883311986923218
4.040344720124267e-05,3.128499415083752e-08,7.891354084014893
4.033836739836261e-05,3.124287317746166e-08,7.897925138473511
4.0273873310070485e-05,3.178183760610409e-08,7.904533386230469
4.020877167931758e-05,3.139090765102992e-08,7.911853551864624
4.014393562101759e-05,3.116563718208454e-08,7.918389797210693
4.007931056548841e-05,3.106679002939927e-08,7.925884008407593
4.0014834667090327e-05,3.0972739040180386e-08,7.9323570728302
3.995047518401407e-05,3.089394340349827e-08,7.94067120552063
3.9886232116259634e-05,3.0795003880257354e-08,7.9471306800842285
3.982256748713553e-05,3.127481207343408e-08,7.953930854797363
3.975840809289366e-05,3.095404110808886e-08,7.960888862609863
3.969448516727425e-05,3.078736909856161e-08,7.967330694198608
3.9630660467082635e-05,3.0590932453833375e-08,7.9749674797058105
3.956704676966183e-05,3.049992258752354e-08,7.981419801712036
3.950357859139331e-05,3.0438751963401955e-08,7.9884467124938965
3.9440212276531383e-05,3.035222562175477e-08,7.995732307434082
3.9376991480821744e-05,3.0298036080012025e-08,8.002283334732056
3.9313883462455124e-05,3.023437145088792e-08,8.009889364242554
3.9251335692824796e-05,3.072917920121654e-08,8.016699075698853
3.918826405424625e-05,3.0387454330593755e-08,8.02461290359497
3.91253997804597e-05,3.016082672502307e-08,8.031150341033936
3.906276833731681e-05,3.008511839652783e-08,8.038249492645264
3.9000242395559326e-05,2.9978785676121333e-08,8.045262336730957
3.893785469699651e-05,2.989898106875444e-08,8.051901578903198
3.8875590689713135e-05,2.9836726866960817e-08,8.059814929962158
3.8813435821793973e-05,2.9738222551145554e-08,8.066445589065552
3.875146649079397e-05,2.973515478288391e-08,8.074982404708862
3.8689580833306536e-05,2.9683862479146228e-08,8.081469535827637
3.862782978103496e-05,2.9658425049206016e-08,8.088136434555054
3.856615148833953e-05,2.9563974379698266e-08,8.095065593719482
3.8504585972987115e-05,2.9474284346520108e-08,8.101632118225098
3.844319508061744e-05,2.944445220975922e-08,8.109493255615234
3.8381884223781526e-05,2.9369388698796683e-08,8.116182804107666
3.832070069620386e-05,2.930655362831658e-08,8.124083042144775
3.825962994596921e-05,2.92428676829104e-08,8.13066554069519
3.819869743892923e-05,2.9206931984049334e-08,8.137570858001709
3.8137884985189885e-05,2.9169244797344618e-08,8.144301176071167
3.807717439485714e-05,2.9119499700414053e-08,8.15074110031128
3.801655475399457e-05,2.9028454306967433e-08,8.158381462097168
3.7956102460157126e-05,2.9004693757883615e-08,8.164947032928467
3.789571564993821e-05,2.891238359836734e-08,8.172086000442505
3.7835467082913965e-05,2.886298844373414e-08,8.17872953414917
3.777553138206713e-05,2.9053566663606034e-08,8.185558080673218
3.77154465240892e-05,2.8914485028508352e-08,8.193027257919312
3.76552197849378e-05,2.8433774446057214e-08,8.1995210647583
3.759552419069223e-05,2.848905822361303e-08,8.207414627075195
3.753567216335796e-05,2.8201867507959832e-08,8.213868618011475
3.7476482248166576e-05,2.8620751990615645e-08,8.220545053482056
3.7417215935420245e-05,2.880505611813078e-08,8.227212905883789
3.73579932784196e-05,2.8889781233942813e-08,8.23375129699707
3.729857780854218e-05,2.8564976162215316e-08,8.241275072097778
3.7239376979414374e-05,2.838867274590484e-08,8.247644424438477
3.718036168720573e-05,2.82957959285568e-08,8.254453182220459
3.7121677451068535e-05,2.849876956645403e-08,8.26112961769104
3.706299321493134e-05,2.8551761843687018e-08,8.267638683319092
3.700418892549351e-05,2.8298186904862632e-08,8.275529623031616
3.694553379318677e-05,2.809889565469348e-08,8.282691717147827
3.6887082387693226e-05,2.801560405885084e-08,8.29075813293457
3.682875103550032e-05,2.7939234925611345e-08,8.297154188156128
3.677055428852327e-05,2.7896163601326407e-08,8.303831338882446
3.6712444853037596e-05,2.782500985176739e-08,8.31062126159668
3.665445183287375e-05,2.7761116072611003e-08,8.31706190109253
3.6596575228031725e-05,2.7705485905471505e-08,8.325075149536133
3.653881140053272e-05,2.7648567879623442e-08,8.331478595733643
3.648113124654628e-05,2.756244121826512e-08,8.33832335472107
3.6423589335754514e-05,2.7523961776410033e-08,8.344950675964355
3.63661783921998e-05,2.749290040071628e-08,8.352076292037964
3.6308854760136455e-05,2.744536331533709e-08,8.360362529754639
3.6251640267437324e-05,2.7392891510658046e-08,8.36697006225586
3.619454219006002e-05,2.7353504350458024e-08,8.37471604347229
3.6137542338110507e-05,2.7305201655281053e-08,8.381223678588867
3.6080640711588785e-05,2.723918690605842e-08,8.388477087020874
3.6023851862410083e-05,2.7179858363979292e-08,8.395182609558105
3.59671757905744e-05,2.7128157498168548e-08,8.401751518249512
3.591061613406055e-05,2.7082059261829272e-08,8.409321784973145
3.585416925488971e-05,2.704945600839892e-08,8.417325019836426
3.579779149731621e-05,2.6969820154931767e-08,8.426350355148315
3.5741533793043345e-05,2.6904718453124588e-08,8.433117389678955
3.568541433196515e-05,2.688424238783682e-08,8.442138433456421
3.5629404010251164e-05,2.6862037927344318e-08,8.448741674423218
3.55734555341769e-05,2.677824006980245e-08,8.457470417022705
3.551761983544566e-05,2.671438537049653e-08,8.463842630386353
3.5461896914057434e-05,2.6661494345603387e-08,8.471224546432495
3.540630132192746e-05,2.6624409343867228e-08,8.478086709976196
3.535078212735243e-05,2.6562139154862052e-08,8.48495101928711
3.529537934809923e-05,2.6512219974961226e-08,8.49363660812378
3.5240096622146666e-05,2.6476554282339748e-08,8.501750230789185
3.518487937981263e-05,2.639370499935012e-08,8.50970196723938
3.512978582875803e-05,2.634012652436013e-08,8.516916513442993
3.507479777908884e-05,2.628183715103205e-08,8.524971723556519
3.5019926144741476e-05,2.6246196327406324e-08,8.531352043151855
3.496515637380071e-05,2.6205340120100118e-08,8.538057088851929
3.4910473914351314e-05,2.6141346864960724e-08,8.544585704803467
3.485589331830852e-05,2.6082719983833158e-08,8.551091432571411
3.480144005152397e-05,2.6052573431911696e-08,8.559130907058716
3.474684854154475e-05,2.5700060746203235e-08,8.56561017036438
3.469267539912835e-05,2.5775134915306808e-08,8.572289228439331
3.4638589568203315e-05,2.582894254032908e-08,8.578709602355957
3.458455830696039e-05,2.581141345103788e-08,8.585672378540039
3.4530610719230026e-05,2.5776628831408743e-08,8.59314227104187
3.4476761356927454e-05,2.573665369709488e-08,8.59987998008728
3.442300658207387e-05,2.5693097427392786e-08,8.607825517654419
3.4369408240308985e-05,2.5710491513564193e-08,8.614195108413696
3.431584264035337e-05,2.5654507851413655e-08,8.621147155761719
3.4262342524016276e-05,2.5534907521773675e-08,8.6280357837677
3.420899884076789e-05,2.5510770385039905e-08,8.634832620620728
3.4155753382947296e-05,2.5459591768139944e-08,8.642567873001099
3.410259887459688e-05,2.5417378424208437e-08,8.6489896774292
3.404954986763187e-05,2.5370370693167388e-08,8.656237602233887
3.3996602724073455e-05,2.5332942854561225e-08,8.662707805633545
3.3943728340091184e-05,2.5258090730062577e-08,8.669278144836426
3.389094126760028e-05,2.5171935646994825e-08,8.676502466201782
3.383830699021928e-05,2.5143036097574623e-08,8.68293833732605
3.3785749110393226e-05,2.5104162304501187e-08,8.690753698348999
3.373329309397377e-05,2.505937501950939e-08,8.697256565093994
3.36809316650033e-05,2.5008850101926328e-08,8.703958511352539
3.3628650271566585e-05,2.493840867145991e-08,8.710755348205566
3.357649256940931e-05,2.4908711537818817e-08,8.71726107597351
3.35244185407646e-05,2.4852480962067602e-08,8.72550368309021
3.3472450013505295e-05,2.4809523324620386e-08,8.731914043426514
3.342056879773736e-05,2.4751626526153814e-08,8.738622903823853
3.3368811273248866e-05,2.473140447989408e-08,8.745243787765503
3.3317137422272936e-05,2.4696293010606496e-08,8.751950979232788
3.326555815874599e-05,2.466157056346674e-08,8.759687662124634
3.321404801681638e-05,2.4582242019732803e-08,8.7661771774292
3.316244328743778e-05,2.4252049257711406e-08,8.774094104766846
3.3111256925622e-05,2.4353520089448466e-08,8.78048038482666
3.30599068547599e-05,2.4102559947891677e-08,8.787290573120117
3.300893513369374e-05,2.4240497609184786e-08,8.794177770614624
3.2957992516458035e-05,2.429089462907541e-08,8.800699472427368
3.290709719294682e-05,2.4268077325473314e-08,8.80837345123291
3.285628918092698e-05,2.4244993568345308e-08,8.815045833587646
3.2805568480398506e-05,2.4211670890395e-08,8.82199501991272
3.275496055721305e-05,2.419283084975632e-08,8.82866907119751
3.2704421755624935e-05,2.4149134247863913e-08,8.835209846496582
3.2653984817443416e-05,2.4109494844992696e-08,8.843020677566528
3.2603649742668495e-05,2.4085515804017632e-08,8.849661588668823
3.2553376513533294e-05,2.4020723188300508e-08,8.858667373657227
3.250319423386827e-05,2.3952631877932617e-08,8.865131855010986
3.245312473154627e-05,2.3915850633215996e-08,8.871770858764648
3.240313890273683e-05,2.3857333886212473e-08,8.878329753875732
3.235325857531279e-05,2.382224373320696e-08,8.884868621826172
3.230346555938013e-05,2.3781689506563453e-08,8.893051385879517
3.225377804483287e-05,2.37486172949275e-08,8.899498462677002
3.2204159651882946e-05,2.368884288728168e-08,8.906280755996704
3.2154624932445586e-05,2.3623409006745533e-08,8.912716150283813
3.210521754226647e-05,2.3603728749321817e-08,8.919620513916016
3.2055868359748274e-05,2.3542861882219768e-08,8.926918506622314
3.200662831659429e-05,2.3499634238532963e-08,8.933996677398682
3.195747922291048e-05,2.3460417608589523e-08,8.941672325134277
3.190821735188365e-05,2.3136623283903646e-08,8.948049783706665
3.1859352020546794e-05,2.324246928253615e-08,8.955006837844849
3.181030842824839e-05,2.2972130864218343e-08,8.961582660675049
3.1761428544996306e-05,2.2805428656624827e-08,8.968161821365356
3.17126905429177e-05,2.2706773350478215e-08,8.975815057754517
3.1664283596910536e-05,2.294263978797062e-08,8.98230767250061
3.161564018228091e-05,2.272521015811435e-08,8.991436004638672
3.156736784148961e-05,2.290872735954963e-08,8.999123573303223
3.151909550069831e-05,2.295629641935193e-08,9.006258487701416
3.1470870453631505e-05,2.2950739975158285e-08,9.012948274612427
3.142273271805607e-05,2.294011913761551e-08,9.01986575126648
3.137448220513761e-05,2.2647922648388885e-08,9.027058124542236
3.1326391763286665e-05,2.2465155069539833e-08,9.033745288848877
3.127862873952836e-05,2.2611779115777608e-08,9.041646957397461
3.1230698368744925e-05,2.2404339716786126e-08,9.04817008972168
3.1183113605948165e-05,2.2546533529066437e-08,9.055382013320923
3.113556158496067e-05,2.262391340934755e-08,9.062516450881958
3.1088031391846016e-05,2.2602096194646037e-08,9.069374084472656
3.104061397607438e-05,2.262069287439772e-08,9.076507329940796
3.099324385402724e-05,2.258150821887739e-08,9.083945274353027
3.094593921559863e-05,2.2509803798698158e-08,9.092092275619507
3.089855090365745e-05,2.2210191019667036e-08,9.099053144454956
3.085135904257186e-05,2.205725913029255e-08,9.105998039245605
3.08044945995789e-05,2.2235404628645483e-08,9.113011360168457
3.075742279179394e-05,2.200909676730589e-08,9.119957208633423
3.0710474675288424e-05,2.183630876118059e-08,9.128028392791748
3.0663915822515264e-05,2.2073589178717157e-08,9.134944200515747
3.0617306038038805e-05,2.21447216119941e-08,9.143412590026855
3.057072899537161e-05,2.2127411014594145e-08,9.14996862411499
3.052403553738259e-05,2.183082337126052e-08,9.158284664154053
3.0477740438072942e-05,2.1971105823581638e-08,9.164686679840088
3.0431459890678525e-05,2.201199933438147e-08,9.171793937683105
3.0385008358280174e-05,2.1703071340084534e-08,9.178444862365723
3.03387496387586e-05,2.1545064399219882e-08,9.185394048690796
3.029281651834026e-05,2.1725815813056215e-08,9.19312572479248
3.024690886377357e-05,2.180914826510616e-08,9.200008153915405
3.0201015761122108e-05,2.180944491669834e-08,9.20793104171753
3.0154984415275976e-05,2.1490590640382834e-08,9.214566707611084
3.010912951140199e-05,2.131064569255159e-08,9.221442937850952
3.0063662052270956e-05,2.1548764550516353e-08,9.228137731552124
3.001814184244722e-05,2.160267520423531e-08,9.235244512557983
2.9972461561555974e-05,2.1311731046580462e-08,9.243053913116455
2.9927174182375893e-05,2.1454122034469947e-08,9.249691486358643
2.9881903174100444e-05,2.1504776626102284e-08,9.257415771484375
2.9836466637789272e-05,2.1209725531434742e-08,9.26444697380066
2.9791417546221055e-05,2.134316190449681e-08,9.271524667739868
2.9746372092631646e-05,2.1365869073974864e-08,9.27827000617981
2.970119567180518e-05,2.1083833345869607e-08,9.285025119781494
2.965639578178525e-05,2.1226000512797327e-08,9.293076753616333
2.9611623176606372e-05,2.1284296991552765e-08,9.300078868865967
2.9566892408183776e-05,2.1290572860266366e-08,9.308303833007812
2.95220179395983e-05,2.0974226799808093e-08,9.31493067741394
2.9477303542080335e-05,2.077999816663123e-08,9.322005271911621
2.9432954761432484e-05,2.0977388714982226e-08,9.328667402267456
2.938859506684821e-05,2.1047650733407863e-08,9.336090326309204
2.9344064387260005e-05,2.076554750374271e-08,9.343471765518188
2.929990841948893e-05,2.0903023312257574e-08,9.350784063339233
2.925555600086227e-05,2.0642435316631236e-08,9.35915756225586
2.9211596483946778e-05,2.0825899227361333e-08,9.365829944610596
2.9167626053094864e-05,2.0873569539503478e-08,9.37416386604309
2.9123495551175438e-05,2.0595861016659e-08,9.38076901435852
2.9079739761073142e-05,2.072813742870494e-08,9.387637853622437
2.903580025304109e-05,2.0488338137170103e-08,9.394313097000122
2.8991998988203704e-05,2.033661061773273e-08,9.401435136795044
2.8948334147571586e-05,2.0262124422743e-08,9.409368991851807
2.8904954888275824e-05,2.047679892314136e-08,9.416105270385742
2.886157380999066e-05,2.058232340118593e-08,9.424050569534302
2.881820000766311e-05,2.0592883842596166e-08,9.430665016174316
2.8774926249752752e-05,2.0619030038915298e-08,9.437936782836914
2.873147968784906e-05,2.030252588269832e-08,9.445034503936768
2.868841511372011e-05,2.0411883738802317e-08,9.451866388320923
2.864517409761902e-05,2.0162788771926898e-08,9.45969295501709
2.8602064048754983e-05,1.9987037802593477e-08,9.466559171676636
2.855931052181404e-05,2.0208920759046123e-08,9.474956750869751
2.8516349630081095e-05,2.002846954951565e-08,9.481574296951294
2.8473705242504366e-05,2.0179500737071976e-08,9.48848032951355
2.8430846214178018e-05,1.991982401250425e-08,9.495177507400513
2.8388360078679398e-05,2.0082660867615232e-08,9.502418518066406
2.834587030520197e-05,2.012996525024846e-08,9.509827613830566
2.8303229555604048e-05,1.9855340482877182e-08,9.516599416732788
2.826075979101006e-05,1.9719589516853375e-08,9.524585485458374
2.821839188982267e-05,1.9617742097466362e-08,9.531270265579224
2.8176351406727917e-05,1.986411568566382e-08,9.538616418838501
2.8134238164057024e-05,1.99095424591178e-08,9.545279026031494
2.8092228603782132e-05,1.9992457467310487e-08,9.552130699157715
2.8050211767549627e-05,1.995403131616058e-08,9.559674501419067
2.800807669700589e-05,1.9649771587637588e-08,9.566860437393188
2.796611443045549e-05,1.9474210688485982e-08,9.574575662612915
2.792448503896594e-05,1.9671377415875213e-08,9.581196546554565
2.7882626454811543e-05,1.943094751766239e-08,9.588175296783447
2.784114440146368e-05,1.9619710300844417e-08,9.594919681549072
2.779964779620059e-05,1.9684847529788385e-08,9.602075099945068
2.7757976567954756e-05,1.93991045449593e-08,9.609735012054443
2.7716463591787033e-05,1.92237017415664e-08,9.616530895233154
2.767507430689875e-05,1.9127245565186968e-08,9.62453317642212
2.7633785066427663e-05,1.9059596567672088e-08,9.631402254104614
2.7592586775426753e-05,1.9024366082476263e-08,9.638287544250488
2.7551457606023178e-05,1.8973304705127703e-08,9.644943237304688
2.7510406653163955e-05,1.894017032100237e-08,9.651963949203491
2.7469428459880874e-05,1.89018720675449e-08,9.659726619720459
2.7428512112237513e-05,1.8841014082227048e-08,9.666601657867432
2.738769217103254e-05,1.8824531267114253e-08,9.674540042877197
2.7346957722329535e-05,1.881568501005404e-08,9.681204795837402
2.73062596534146e-05,1.8758976594313026e-08,9.688025951385498
2.7265643439022824e-05,1.8716930227924422e-08,9.694713115692139
2.7225090889260173e-05,1.8660733402953156e-08,9.701454401016235
2.718463474593591e-05,1.8640594845464875e-08,9.709345579147339
2.7144244086230174e-05,1.8613556918012364e-08,9.71605634689331
2.7103933462058194e-05,1.8595994077941214e-08,9.724040031433105
2.7063673769589514e-05,1.854206921336754e-08,9.730664491653442
2.7023508664569817e-05,1.853146436303632e-08,9.737665176391602
2.698340904316865e-05,1.8497205545031647e-08,9.744567155838013
2.6943584089167416e-05,1.8774999333004416e-08,9.751291275024414
2.6903484467766248e-05,1.8542584356850966e-08,9.758798122406006
2.686376501515042e-05,1.8755594410890808e-08,9.765190601348877
2.6824001906788908e-05,1.880976085999464e-08,9.772061347961426
2.678409146028571e-05,1.8545636137901056e-08,9.77887511253357
2.6744326532934792e-05,1.8387092737270905e-08,9.785603523254395
2.6704869014793076e-05,1.8574436211338252e-08,9.793116569519043
2.6665204131859355e-05,1.8361877351935618e-08,9.799773931503296
2.662568113009911e-05,1.824532169791837e-08,9.8079092502594
2.6586229068925604e-05,1.8144273639109088e-08,9.814677000045776
2.654688614711631e-05,1.808953165038929e-08,9.821543455123901
2.65078415395692e-05,1.836546026368069e-08,9.828198432922363
2.646874781930819e-05,1.846902897284508e-08,9.834932804107666
2.6429474019096233e-05,1.821747908081761e-08,9.843379020690918
2.6390522180008702e-05,1.833077156732088e-08,9.850116729736328
2.635139571793843e-05,1.808390059920839e-08,9.858288764953613
2.6312431145925075e-05,1.797976878492591e-08,9.86531925201416
2.6273561161360703e-05,1.791069159651215e-08,9.872398376464844
2.62349822151009e-05,1.8154052483509986e-08,9.87917971611023
2.6196152248303406e-05,1.7953199815679e-08,9.886272192001343
2.61574696196476e-05,1.7850666722551978e-08,9.893354892730713
2.611886156955734e-05,1.776692748478581e-08,9.900014638900757
2.608035720186308e-05,1.7727188605931588e-08,9.90799331665039
2.604211294965353e-05,1.797120496860316e-08,9.914637088775635
2.60036231338745e-05,1.7761676573968543e-08,9.92150592803955
2.596527883724775e-05,1.7657386663927355e-08,9.92819595336914
2.592702367110178e-05,1.7589293577202625e-08,9.935118913650513
2.5889061362249777e-05,1.785373981988414e-08,9.942637205123901
2.585084075690247e-05,1.7641715643890166e-08,9.949317932128906
2.5812962121563032e-05,1.7824696385559946e-08,9.956291198730469
2.5774874302442186e-05,1.7607755253834512e-08,9.963381290435791
2.5736928364494815e-05,1.7501987414902942e-08,9.970532417297363
2.569926255091559e-05,1.7705996668837543e-08,9.97725224494934
2.5661385734565556e-05,1.751117828519e-08,9.983946561813354
2.5623634428484365e-05,1.7398079421582224e-08,9.991678953170776
2.5585981347830966e-05,1.7325152867897486e-08,9.998313426971436
2.5548604753566906e-05,1.7564886434229265e-08,10.005440473556519
2.5510995328659192e-05,1.7370540561501002e-08,10.012129068374634
2.5473693312960677e-05,1.752888501016514e-08,10.018891096115112
2.543621667427942e-05,1.733453203200952e-08,10.026362657546997
2.539884371799417e-05,1.7195663559732566e-08,10.03351092338562
2.5361583539051935e-05,1.712181330049134e-08,10.04163646697998
2.5324387024738826e-05,1.7048797928964632e-08,10.048032522201538
2.52872850978747e-05,1.702253626945094e-08,10.054640531539917
2.5250463295378722e-05,1.7305582744597814e-08,10.061184883117676
2.5213390472345054e-05,1.7126122742183725e-08,10.06788444519043
2.5176605049637146e-05,1.7278800612530176e-08,10.07591986656189
2.513983599783387e-05,1.735716281814348e-08,10.082550048828125
2.5102899599005468e-05,1.7094818005602974e-08,10.089617490768433
2.5066110538318753e-05,1.6956521520228307e-08,10.096473217010498
2.5029417884070426e-05,1.6857979900919418e-08,10.103206157684326
2.499280708434526e-05,1.6797127244672083e-08,10.11001992225647
2.4956265406217426e-05,1.673354432796259e-08,10.116448640823364
2.4919805582612753e-05,1.6699420513077712e-08,10.124094486236572
2.4883423975552432e-05,1.668425930745343e-08,10.130468130111694
2.4847084205248393e-05,1.6643854294784433e-08,10.13701605796814
2.4811008188407868e-05,1.6893993759481418e-08,10.143452882766724
2.4774701159913093e-05,1.671355498444882e-08,10.1498441696167
2.473871427355334e-05,1.6912098388388586e-08,10.15741229057312
2.4702518203412183e-05,1.670534821585079e-08,10.163759231567383
2.4666616809554398e-05,1.6844779793245834e-08,10.170274257659912
2.463073906255886e-05,1.6924241563742726e-08,10.176737308502197
2.459487586747855e-05,1.6933398683249834e-08,10.18331503868103
2.4558867153245956e-05,1.6629424948177984e-08,10.191243886947632
2.45230312430067e-05,1.6499408062031762e-08,10.197934865951538
2.4487279006280005e-05,1.638911584223024e-08,10.20464825630188
2.4451632270938717e-05,1.6352348808368333e-08,10.211314916610718
2.441603828629013e-05,1.6297342142479465e-08,10.217979907989502
2.4380529794143513e-05,1.6275226499828932e-08,10.225870132446289
2.4345068595721386e-05,1.6233835609114067e-08,10.232256650924683
2.4309678337885998e-05,1.6205314423700656e-08,10.238811254501343
2.4274353563669138e-05,1.6184767304139314e-08,10.245447874069214
2.4239079721155576e-05,1.614973754726634e-08,10.252156734466553
2.4203851353377104e-05,1.6084616305533928e-08,10.259696960449219
2.4168703021132387e-05,1.605632071743912e-08,10.266262531280518
2.4133632905432023e-05,1.6049851225830025e-08,10.272961854934692
2.4098602807498537e-05,1.600813703817039e-08,10.279409646987915
2.4063627279247157e-05,1.5965884614388415e-08,10.28594970703125
2.402874088147655e-05,1.596127852110385e-08,10.293508052825928
2.399390359641984e-05,1.5939823683197574e-08,10.300271987915039
2.3959120881045237e-05,1.5912277717688994e-08,10.307934284210205
2.392439819232095e-05,1.58806869876571e-08,10.314305782318115
2.388993561908137e-05,1.6147387427167814e-08,10.321322202682495
2.385521656833589e-05,1.5941537867547595e-08,10.328242540359497
2.3820633941795677e-05,1.585234699064131e-08,10.334975719451904
2.3786129531799816e-05,1.5787467333439054e-08,10.342581987380981
2.3751686967443675e-05,1.5730119429235856e-08,10.349266290664673
2.371751361351926e-05,1.598639087774245e-08,10.35774564743042
2.3683303879806772e-05,1.6104120703630542e-08,10.364524126052856
2.364910687902011e-05,1.613902078645424e-08,10.371434211730957
2.361493170610629e-05,1.612924727112386e-08,10.378066778182983
2.35806182899978e-05,1.582391284671303e-08,10.384774208068848
2.354646858293563e-05,1.5671083986035228e-08,10.392663955688477
2.3512417101301253e-05,1.5576963718899606e-08,10.400062561035156
2.3478463845094666e-05,1.5539566078359712e-08,10.407992362976074
2.344474160054233e-05,1.576811037296011e-08,10.414619207382202
2.3410799258272164e-05,1.557878803737367e-08,10.421628713607788
2.337698060728144e-05,1.5480502213449654e-08,10.428486108779907
2.3343240172835067e-05,1.5415494658554962e-08,10.435269594192505
2.3309572497964837e-05,1.537128291317913e-08,10.442610740661621
2.3275972125702538e-05,1.5339509218392777e-08,10.44940447807312
2.3242615498020314e-05,1.559090279101838e-08,10.45737910270691
2.320902785868384e-05,1.5410341447363862e-08,10.464064836502075
2.3175536625785753e-05,1.528298909647674e-08,10.470925092697144
2.3142178179114126e-05,1.526824178199604e-08,10.477890968322754
2.3108857931219973e-05,1.5225346317038202e-08,10.484848260879517
2.3075581339071505e-05,1.516821690472625e-08,10.49255895614624
2.3042372049530968e-05,1.5123180929776936e-08,10.499201536178589
2.3009242795524187e-05,1.5110320106259678e-08,10.506277561187744
2.29761608352419e-05,1.5084285820421428e-08,10.512940406799316
2.29431243496947e-05,1.504038493749249e-08,10.52005124092102
2.2910153347766027e-05,1.501145341364918e-08,10.526962995529175
2.2877229639561847e-05,1.4969849360113585e-08,10.533666133880615
2.284437869093381e-05,1.49522669801172e-08,10.542218208312988
2.281157867400907e-05,1.492624157606315e-08,10.548613786697388
2.2778851416660473e-05,1.491649292972852e-08,10.555331230163574
2.2746149625163525e-05,1.4873352327526845e-08,10.562332391738892
2.2713535145157948e-05,1.4872941100918524e-08,10.569111824035645
2.26809352170676e-05,1.4813691606718749e-08,10.57692289352417
2.2648404410574585e-05,1.4764807154676873e-08,10.583793640136719
2.2615951820625924e-05,1.4757070232462866e-08,10.592217206954956
2.2583555619348772e-05,1.47501557634655e-08,10.598855018615723
2.255121034977492e-05,1.4734187203657712e-08,10.605682134628296
2.251890327897854e-05,1.47003369477261e-08,10.61229920387268
2.2486652596853673e-05,1.4658649405419055e-08,10.619786739349365
2.2454480131273158e-05,1.4653387836460752e-08,10.626648187637329
2.242253685835749e-05,1.4917398871716614e-08,10.63332462310791
2.2390355297829956e-05,1.4734553133166628e-08,10.641229629516602
2.235827560070902e-05,1.4621949873117046e-08,10.647613286972046
2.2326283215079457e-05,1.4563491745889223e-08,10.654937505722046
2.2294365408015437e-05,1.4529907055305102e-08,10.66159725189209
2.2262498532654718e-05,1.4492166577895205e-08,10.668359994888306
2.2230691683944315e-05,1.446324393583609e-08,10.675977945327759
2.2198937585926615e-05,1.4431116746038697e-08,10.682605504989624
2.2167243514559232e-05,1.4407373072344853e-08,10.69075083732605
2.2135613107820973e-05,1.439914854017843e-08,10.697398900985718
2.2104009985923767e-05,1.4360353794984348e-08,10.704281091690063
2.2072474166634493e-05,1.4327895314636407e-08,10.710939168930054
2.2040994736016728e-05,1.4304078810312149e-08,10.718208312988281
2.200955532316584e-05,1.4264017522691574e-08,10.725929260253906
2.197835419792682e-05,1.4499682343682707e-08,10.732564449310303
2.1946940250927582e-05,1.4335250320129944e-08,10.739620447158813
2.1915617253398523e-05,1.4233131118146503e-08,10.746264696121216
2.188438520533964e-05,1.4175282281314594e-08,10.753542423248291
2.1853209545952268e-05,1.413024364183002e-08,10.760326147079468
2.182210300816223e-05,1.4108762158571153e-08,10.766979217529297
2.179106195399072e-05,1.4108572976567757e-08,10.774621725082397
2.1760060917586088e-05,1.4082979227225678e-08,10.781449556350708
2.172910717490595e-05,1.4056270813966876e-08,10.788503408432007
2.1698197087971494e-05,1.401482041529789e-08,10.7959623336792
2.1667337932740338e-05,1.3966440448598405e-08,10.803005695343018
2.1636547899106517e-05,1.3949711608063353e-08,10.809929847717285
2.16058106161654e-05,1.39302009927178e-08,10.816916942596436
2.1575116988969967e-05,1.390698223247e-08,10.82508397102356
2.154447247448843e-05,1.3865094850018522e-08,10.831771612167358
2.151389890059363e-05,1.386015302529131e-08,10.838773488998413
2.1483367163455114e-05,1.383758529982515e-08,10.845503330230713
2.1452889995998703e-05,1.3826502609504132e-08,10.852882385253906
2.1422471036203206e-05,1.3813324706291041e-08,10.860512733459473
2.139208299922757e-05,1.3776829455025563e-08,10.86724591255188
2.1361742255976424e-05,1.3736241477602107e-08,10.875065565109253
2.1331466996343806e-05,1.3712968538470705e-08,10.881861925125122
2.130123357346747e-05,1.3679303023650391e-08,10.889068841934204
2.1271061996230856e-05,1.3656393349492646e-08,10.895766496658325
2.1240939531708136e-05,1.3635733431272001e-08,10.902843236923218
2.121084980899468e-05,1.3589395386759406e-08,10.909898042678833
2.118084012181498e-05,1.3582378777243775e-08,10.916475296020508
2.1150874090380967e-05,1.3562888590001876e-08,10.924130916595459
2.1120960809639655e-05,1.3557806433084352e-08,10.930513381958008
2.1091089365654625e-05,1.353384870839136e-08,10.937238454818726
2.106126157741528e-05,1.3495156991893964e-08,10.943811655044556
2.103148835885804e-05,1.3469088067097346e-08,10.950586318969727
2.100176970998291e-05,1.3445031754599768e-08,10.95842695236206
2.0972094716853462e-05,1.3410693888715741e-08,10.96502685546875
2.0942577975802124e-05,1.3553728805959508e-08,10.971806287765503
2.0912957552354783e-05,1.3451785463303167e-08,10.978269577026367
2.0883324395981617e-05,1.3250502028938627e-08,10.985324621200562
2.085377673211042e-05,1.311288588823345e-08,10.993059873580933
2.082443461404182e-05,1.3206964410983346e-08,10.999566793441772
2.079508703900501e-05,1.3221276518038394e-08,11.007469177246094
2.076567579933908e-05,1.3064474835289275e-08,11.014028787612915
2.0736464648507535e-05,1.3137361420945126e-08,11.020706176757812
2.070727350655943e-05,1.3173679924705084e-08,11.02728796005249
2.0678198779933155e-05,1.3305498924864878e-08,11.03385305404663
2.0648927602451295e-05,1.305166641429878e-08,11.04165005683899
2.06198947125813e-05,1.3102246398943862e-08,11.048129320144653
2.0590872736647725e-05,1.3084666683482737e-08,11.054677724838257
2.056189623544924e-05,1.3073209181868606e-08,11.06113576889038
2.053296338999644e-05,1.3055284853180638e-08,11.06762409210205
2.0504085114225745e-05,1.303484253867282e-08,11.075409889221191
2.0475254132179543e-05,1.3016490996164976e-08,11.081790208816528
2.0446475900826044e-05,1.3010799548851537e-08,11.088367938995361
2.041773041128181e-05,1.297589946602784e-08,11.09479808807373
2.038903403445147e-05,1.2942365401613642e-08,11.101399898529053
2.0360386770335026e-05,1.2914275870912206e-08,11.108832120895386
2.0331803170847706e-05,1.2911971047913084e-08,11.11522102355957
2.0303255951148458e-05,1.2885756461855635e-08,11.121799230575562
2.0274752387194894e-05,1.2861915976714045e-08,11.128211498260498
2.0246307030902244e-05,1.2848742514393052e-08,11.134799242019653
2.0217901692376472e-05,1.2825638329161393e-08,11.142144918441772
2.0189427232253365e-05,1.261938553653863e-08,11.14851713180542
2.016117468883749e-05,1.2685062777961775e-08,11.155105113983154
2.0132940335315652e-05,1.2713233132899404e-08,11.161516666412354
2.0104738723603077e-05,1.2707270791167957e-08,11.16813063621521
2.0076584405614994e-05,1.2706715679655645e-08,11.175487995147705
2.004845919145737e-05,1.2680613004079078e-08,11.18189001083374
2.002037945203483e-05,1.2652738412555209e-08,11.188508987426758
1.9992263332824223e-05,1.2488004408339748e-08,11.194966793060303
1.9964349121437408e-05,1.2575295471606296e-08,11.201396465301514
1.9936323951696977e-05,1.2412920469273558e-08,11.208808183670044
1.9908397007384337e-05,1.2329081755524385e-08,11.215234518051147
1.9880633772118017e-05,1.2428921891682876e-08,11.221815824508667
1.9852874174830504e-05,1.2465226184588118e-08,11.228220701217651
1.982512912945822e-05,1.2453280184843152e-08,11.235802412033081
1.979744411073625e-05,1.2461085496795477e-08,11.243428468704224
1.9769784557865933e-05,1.2441859098544228e-08,11.249933242797852
1.9742175936698914e-05,1.2420237283095048e-08,11.257804870605469
1.971460551430937e-05,1.2396578874529496e-08,11.264198541641235
1.9687004169099964e-05,1.2241807567647811e-08,11.270769119262695
1.9659570170915686e-05,1.2289369522022753e-08,11.277314901351929
1.963217800948769e-05,1.2321182296659572e-08,11.283730268478394
1.9604796761996113e-05,1.230783031047622e-08,11.291771173477173
1.957736094482243e-05,1.2133129168034884e-08,11.298530578613281
1.9550119759514928e-05,1.2195825682681516e-08,11.305368423461914
1.9522900402080268e-05,1.2215552125383056e-08,11.31203317642212
1.9495704691507854e-05,1.2209631528037335e-08,11.318639993667603
1.9468543541734107e-05,1.217943346176753e-08,11.326509714126587
1.9441436961642466e-05,1.2171001095850897e-08,11.333185911178589
1.941438313224353e-05,1.2172641561392084e-08,11.340797185897827
1.9387345673749223e-05,1.2131138760196336e-08,11.347249269485474
1.9360362784937024e-05,1.2102385760215384e-08,11.354627132415771
1.933342900883872e-05,1.2085371814407608e-08,11.361450910568237
1.9306546164443716e-05,1.2073702038151168e-08,11.368419408798218
1.927969788084738e-05,1.2049933495461573e-08,11.376073122024536
1.9252896890975535e-05,1.2031665441725181e-08,11.382756233215332
1.9226137737859972e-05,1.2005787475288798e-08,11.39082407951355
1.9199418602511287e-05,1.1975547664633268e-08,11.397477149963379
1.917267218232155e-05,1.183026654416608e-08,11.404597520828247
1.9146093109156936e-05,1.1881500228128061e-08,11.4113130569458
1.9119541320833378e-05,1.1909101260698662e-08,11.418188095092773
1.9093013179372065e-05,1.1903991570250128e-08,11.425899982452393
1.9066528693656437e-05,1.1898331209181379e-08,11.43234133720398
1.904008604469709e-05,1.1891890139281713e-08,11.4396390914917
1.9013679775525816e-05,1.1866531757220855e-08,11.446301460266113
1.8987300791195594e-05,1.1823533263566333e-08,11.453467607498169
1.89608854270773e-05,1.1648461750723982e-08,11.460306167602539
1.893464468594175e-05,1.1689476053788894e-08,11.467167139053345
1.890844760055188e-05,1.1723090942439285e-08,11.475020170211792
1.8882281437981874e-05,1.174342578735832e-08,11.481444120407104
1.885613710328471e-05,1.1730472593285413e-08,11.488327741622925
1.883004188130144e-05,1.1723360948678874e-08,11.495060920715332
1.88039612112334e-05,1.1672303124043992e-08,11.501930236816406
1.8777949662762694e-05,1.166517282769064e-08,11.50973129272461
1.8751978132058866e-05,1.1649262887658551e-08,11.516273260116577
1.87260375241749e-05,1.161973806063088e-08,11.524076700210571
1.870014784799423e-05,1.1603975558216462e-08,11.530454635620117
1.8674296370591037e-05,1.1580685743695085e-08,11.537370920181274
1.864849400590174e-05,1.156541884483886e-08,11.544011116027832
1.8622735296958126e-05,1.1553942691477914e-08,11.550751447677612
1.8597007510834374e-05,1.1523452414508029e-08,11.558332681655884
1.8571236068964936e-05,1.1359435170277266e-08,11.564750909805298
1.854565016401466e-05,1.1423044732339349e-08,11.571633338928223
1.8520080629969016e-05,1.1443164638080816e-08,11.57818341255188
1.8494532923796214e-05,1.1434432956036744e-08,11.584900140762329
1.84690306923585e-05,1.1433551883044402e-08,11.592541456222534
1.8443548469804227e-05,1.1396015686671035e-08,11.59898066520691
1.841812081693206e-05,1.138077720952424e-08,11.605812549591064
1.8392636775388382e-05,1.120333426030129e-08,11.612280368804932
1.836735100368969e-05,1.1279341016745548e-08,11.619019269943237
1.834197246353142e-05,1.1140243394436311e-08,11.626392841339111
1.8316761270398274e-05,1.12060893897592e-08,11.632824897766113
1.8291564629180357e-05,1.1228698859611086e-08,11.64073657989502
1.826640436775051e-05,1.1243867170662725e-08,11.647235870361328
1.8241171346744522e-05,1.1069610117431239e-08,11.654143333435059
1.8216036551166326e-05,1.09965663241951e-08,11.66066312789917
1.8190954506280832e-05,1.093981882860362e-08,11.667219161987305
1.816593066905625e-05,1.0904895653141011e-08,11.674981832504272
1.8141032342100516e-05,1.1017871948126867e-08,11.68135666847229
1.8116146748070605e-05,1.1077677442017375e-08,11.687958240509033
1.809127388696652e-05,1.109658942510805e-08,11.694482803344727
1.8066417396767065e-05,1.1079325012985919e-08,11.70092487335205
1.8041608200292103e-05,1.1064144267436404e-08,11.708329439163208
1.8016746253124438e-05,1.0904031455538643e-08,11.71467924118042
1.7992060747928917e-05,1.096961543822772e-08,11.72142767906189
1.7967307940125465e-05,1.0852047260812014e-08,11.727895259857178
1.794261515897233e-05,1.077176481345532e-08,11.73431921005249
1.791798058548011e-05,1.071525534968032e-08,11.741666793823242
1.7893489712150767e-05,1.0834424024608325e-08,11.748163938522339
1.7868997019832022e-05,1.0882659218225399e-08,11.755033016204834
1.7844527974375524e-05,1.0905207403766326e-08,11.761457204818726
1.781998435035348e-05,1.0741310951800642e-08,11.767931938171387
1.7795626263250597e-05,1.0813996809133641e-08,11.775461435317993
1.7771279090084136e-05,1.084998846323515e-08,11.781897068023682
1.7746864614309743e-05,1.0695296204232818e-08,11.788478136062622
1.772261930454988e-05,1.0761879387644058e-08,11.794925928115845
1.7698381270747632e-05,1.0774587444473127e-08,11.801695108413696
1.7674165064818226e-05,1.0759227286882833e-08,11.809295415878296
1.7649981600698084e-05,1.0732998489970669e-08,11.816375017166138
1.762576721375808e-05,1.0592564159139783e-08,11.824137449264526
1.7601636500330642e-05,1.0529848104567918e-08,11.830829858779907
1.7577556718606502e-05,1.0479872081248232e-08,11.837750911712646
1.7553520592628047e-05,1.0440583508852797e-08,11.844494819641113
1.752952448441647e-05,1.039812858039113e-08,11.851592302322388
1.7505575669929385e-05,1.0377471326705745e-08,11.860029220581055
1.7481757822679356e-05,1.050623499310177e-08,11.866440057754517
1.7457850844948553e-05,1.0424897389782473e-08,11.87416672706604
1.7434085748391226e-05,1.0514073167655624e-08,11.880630731582642
1.7410322470823303e-05,1.0542454909057142e-08,11.88727855682373
1.738658465910703e-05,1.0551570284178524e-08,11.893760919570923
1.736287958920002e-05,1.0547294593266088e-08,11.900217294692993
1.733921089908108e-05,1.0547860362919437e-08,11.907957077026367
1.73155713127926e-05,1.052219911201746e-08,11.914302587509155
1.7291878975811414e-05,1.0355051038857255e-08,11.921117305755615
1.7268272131332196e-05,1.0264533223391936e-08,11.928792953491211
1.7244725313503295e-05,1.0210549739042563e-08,11.935754776000977
1.7221313100890256e-05,1.0316766108076081e-08,11.943530559539795
1.7197904526256025e-05,1.036534058584948e-08,11.95045518875122
1.7174428649013862e-05,1.023931694987823e-08,11.958735227584839
1.715102553134784e-05,1.017353490340156e-08,11.964954137802124
1.7127671526395716e-05,1.0126391281062297e-08,11.971476078033447
1.7104448488680646e-05,1.0238284886554538e-08,11.977839469909668
1.7081132682505995e-05,1.0127066296661269e-08,11.984227418899536
1.7057980585377663e-05,1.0231213209976886e-08,11.992130041122437
1.703482303128112e-05,1.0260682969942536e-08,11.998080968856812
1.7011585441650823e-05,1.0094536762039752e-08,12.004614114761353
1.698853520792909e-05,1.0181053333724321e-08,12.011001348495483
1.6965483155217953e-05,1.0202859890284799e-08,12.0172278881073
1.6942447473411448e-05,1.0192774624329104e-08,12.024648666381836
1.6919453628361225e-05,1.0188347054906899e-08,12.030606031417847
1.6896487068152055e-05,1.0167517494608092e-08,12.036854982376099
1.687349140411243e-05,1.0042894516004708e-08,12.04332423210144
1.6850557585712522e-05,9.950790413881805e-09,12.049407720565796
1.6827762010507286e-05,1.0033659236796666e-08,12.057420492172241
1.6804893675725907e-05,9.93128512760677e-09,12.06339144706726
1.6782079910626635e-05,9.862087146927934e-09,12.069567203521729
1.6759404388722032e-05,9.960478664083894e-09,12.076409339904785
1.6736737961764447e-05,1.0018251117571708e-08,12.082380533218384
1.6713991499273106e-05,9.87137038777064e-09,12.089372873306274
1.669140692683868e-05,9.949667756359304e-09,12.095453977584839
1.66687423188705e-05,9.823513558160357e-09,12.101913928985596
1.664614501351025e-05,9.749584251039778e-09,12.109201192855835
1.6623613191768527e-05,9.72683267264074e-09,12.115978002548218
1.6601108654867858e-05,9.688808866314957e-09,12.122731924057007
1.6578740542172454e-05,9.823540203512948e-09,12.12888240814209
1.655636151554063e-05,9.87705739419198e-09,12.134964942932129
1.6533906091353856e-05,9.738544193282905e-09,12.142086029052734
1.651152160775382e-05,9.666624833926107e-09,12.148510456085205
1.6489189874846488e-05,9.619622431955577e-09,12.15514588356018
1.6466990928165615e-05,9.739790307605745e-09,12.161471843719482
1.6444702851003967e-05,9.642391773923009e-09,12.167894840240479
1.6422472981503233e-05,9.58732737643686e-09,12.175434589385986
1.6400377717218362e-05,9.70340163775063e-09,12.181398153305054
1.637827699596528e-05,9.751923712997268e-09,12.187556743621826
1.635611079109367e-05,9.626242025717602e-09,12.19378662109375
1.633408828638494e-05,9.686808688513793e-09,12.19980001449585
1.6312087609549053e-05,9.719045124256809e-09,12.207494497299194
1.6290019630105235e-05,9.583749793762308e-09,12.213728666305542
1.6268024410237558e-05,9.508496212617956e-09,12.220134019851685
1.624607466510497e-05,9.451384563874399e-09,12.226884126663208
1.622417948965449e-05,9.433871461794752e-09,12.233794927597046
1.6202402548515238e-05,9.550232604738085e-09,12.241770267486572
1.618060741748195e-05,9.585089166819216e-09,12.247813940048218
1.615875771676656e-05,9.462048033981318e-09,12.254085302352905
1.613697168068029e-05,9.391986743878533e-09,12.261720180511475
1.6115229300339706e-05,9.336092787748385e-09,12.267706871032715
1.609354148968123e-05,9.314428339735059e-09,12.275045394897461
1.6071890058810823e-05,9.296027947414132e-09,12.281071424484253
1.605035868124105e-05,9.42739220022304e-09,12.287552118301392
1.602873089723289e-05,9.33068555752925e-09,12.294219732284546
1.60072413564194e-05,9.41705202706089e-09,12.300244808197021
1.598575727257412e-05,9.453467342268596e-09,12.307541608810425
1.5964209524099715e-05,9.321225569181024e-09,12.313600540161133
1.594271816429682e-05,9.227654196308777e-09,12.319971561431885
1.5921374142635614e-05,9.33296639971104e-09,12.326984405517578
1.5899951904430054e-05,9.238033449321392e-09,12.33341646194458
1.587866609042976e-05,9.323497529578617e-09,12.341331481933594
1.585730569786392e-05,9.224364383442207e-09,12.347806453704834
1.5836085367482156e-05,9.30598620385581e-09,12.354798316955566
1.5814786820556037e-05,9.195976424791752e-09,12.361534833908081
1.579354466230143e-05,9.128179101480782e-09,12.3679940700531
1.5772351616760716e-05,9.085870722458367e-09,12.375556945800781
1.5751202226965688e-05,9.058717331811295e-09,12.381571531295776
1.5730167433503084e-05,9.169766279626401e-09,12.387802600860596
1.5709047147538513e-05,9.08112252062665e-09,12.394355773925781
1.5687983250245452e-05,9.029684555628137e-09,12.400421619415283
1.5666973922634497e-05,9.01681929121878e-09,12.408045053482056
1.564607555337716e-05,9.135645129276782e-09,12.414396524429321
1.5625168089172803e-05,9.186016391993235e-09,12.421018123626709
1.5604178770445287e-05,9.03959840314883e-09,12.427649736404419
1.5583267668262124e-05,8.971525744527753e-09,12.433929920196533
1.5562409316771664e-05,8.929610828545265e-09,12.441697359085083
1.5541674656560645e-05,9.054248018003364e-09,12.447650909423828
1.5520852684858255e-05,8.966583919800541e-09,12.454152584075928
1.550016168039292e-05,9.054577532197072e-09,12.460907220840454
1.54794779518852e-05,9.09125041914649e-09,12.46713399887085
1.5458717825822532e-05,8.94120422145761e-09,12.475050449371338
1.54380286403466e-05,8.864395439900363e-09,12.481195211410522
1.5417392205563374e-05,8.81594974799782e-09,12.487589120864868
1.5396806702483445e-05,8.804110329663217e-09,12.494290590286255
1.5376250303233974e-05,8.78138628479519e-09,12.50084638595581
1.5355808500316925e-05,8.905402637537918e-09,12.50882887840271
1.533527029096149e-05,8.804263096351406e-09,12.51479196548462
1.531488487671595e-05,8.91668072711127e-09,12.521481275558472
1.5294403056032024e-05,8.801397832769453e-09,12.527926683425903
1.5273981261998415e-05,8.740586920907845e-09,12.534235954284668
1.5253696801664773e-05,8.859402989003229e-09,12.542125940322876
1.5233305930451024e-05,8.737267798153425e-09,12.548301219940186
1.5212987818813417e-05,8.688332719941627e-09,12.555034875869751
1.5192795217444655e-05,8.799291073557924e-09,12.56174612045288
1.5172510757111013e-05,8.697853992600812e-09,12.568278551101685
1.5152363630477339e-05,8.781631422039027e-09,12.57587218284607
1.5132149201235734e-05,8.692752295758055e-09,12.581851720809937
1.5112062101252377e-05,8.77019079581487e-09,12.58843445777893
1.5091896784724668e-05,8.657527139632748e-09,12.595925331115723
1.5071873349370435e-05,8.736144252452505e-09,12.602273941040039
1.5051765331008937e-05,8.612329516211048e-09,12.61001992225647
1.5031730981718283e-05,8.564263076493717e-09,12.616403341293335
1.5011729374236893e-05,8.518203920004908e-09,12.624587774276733
1.4991765965532977e-05,8.485475433417378e-09,12.631057024002075
1.4971851669542957e-05,8.482053281966273e-09,12.637848615646362
1.495195465395227e-05,8.457524458549415e-09,12.644554615020752
1.4932102203601971e-05,8.452941457903762e-09,12.650657892227173
1.491235616413178e-05,8.584199129302306e-09,12.658409833908081
1.489250917074969e-05,8.484357216786975e-09,12.664359331130981
1.4872719475533813e-05,8.429465125914248e-09,12.670944452285767
1.4853061657049693e-05,8.549956298509187e-09,12.67756199836731
1.4833391105639748e-05,8.601387158080342e-09,12.683688640594482
1.4813658708590083e-05,8.484801305996825e-09,12.691319227218628
1.4793977243243717e-05,8.409728025071672e-09,12.697462320327759
1.4774347619095352e-05,8.36258440273241e-09,12.704218626022339
1.475475073675625e-05,8.323267408627544e-09,12.710903882980347
1.4735192053194623e-05,8.30189250677904e-09,12.717157363891602
1.4715756151417736e-05,8.440515841812157e-09,12.725055932998657
1.4696220205223653e-05,8.348634672472599e-09,12.731089115142822
1.4676734281238168e-05,8.29451796136027e-09,12.737590074539185
1.4657298379461281e-05,8.276546559216058e-09,12.744284629821777
1.463796343159629e-05,8.37916847018505e-09,12.75044322013855
1.4618549357692245e-05,8.286417774172605e-09,12.758370161056519
1.4599184396502096e-05,8.233664416934516e-09,12.764357566833496
1.4579857634089421e-05,8.19571255306073e-09,12.770664691925049
1.4560575436917134e-05,8.18164558324952e-09,12.777528762817383
1.4541320524585899e-05,8.16387135671448e-09,12.783934831619263
1.4522091078106314e-05,8.136783691270466e-09,12.791674852371216
1.4502910744340625e-05,8.143903329482782e-09,12.797746896743774
1.4483823179034516e-05,8.264746220731922e-09,12.804289102554321
1.4464727428276092e-05,8.317262434331951e-09,12.81095576286316
1.4445554370468017e-05,8.184706246083806e-09,12.817394018173218
1.4426455891225487e-05,8.129675599377606e-09,12.825506687164307
1.4407474736799486e-05,8.2269595580442e-09,12.83149766921997
1.4388493582373485e-05,8.273365992295112e-09,12.838019847869873
1.4369521522894502e-05,8.285814701025629e-09,12.844563245773315
1.435057038179366e-05,8.282829533357017e-09,12.851871967315674
1.4331566490000114e-05,8.135664586461644e-09,12.860055446624756
1.4312628081825096e-05,8.052401412328436e-09,12.866437435150146
1.4293738786363974e-05,8.002820628405516e-09,12.874176979064941
1.427488405170152e-05,7.967111415041472e-09,12.880518436431885
1.4256074791774154e-05,7.957133618674561e-09,12.887595653533936
1.4237292816687841e-05,7.942518642778396e-09,12.89478874206543
1.4218539035937283e-05,7.93124854681082e-09,12.901657581329346
1.4199811630533077e-05,7.911392430060005e-09,12.909222841262817
1.4181114238454029e-05,7.896942655349903e-09,12.915611267089844
1.4162445950205438e-05,7.88318210709349e-09,12.922359704971313
1.4143808584776707e-05,7.869130236315414e-09,12.92890977859497
1.4125190318736713e-05,7.845013527685296e-09,12.936643362045288
1.4106610251474194e-05,7.83140841065233e-09,12.943655729293823
1.4088067473494448e-05,7.836231219471301e-09,12.950144290924072
1.4069625649426598e-05,7.971834747877438e-09,12.957494497299194
1.405108741892036e-05,7.882000829795288e-09,12.963493347167969
1.403268106514588e-05,7.979239491362478e-09,12.969761371612549
1.4014265616424382e-05,8.0100335253519e-09,12.976438045501709
1.3995798326504882e-05,7.893464548658358e-09,12.983392715454102
1.3977376511320472e-05,7.814453972798674e-09,12.991263389587402
1.3959001080365852e-05,7.764878517946272e-09,12.997702598571777
1.3940664757683408e-05,7.73183206348449e-09,13.004650354385376
1.3922362086304929e-05,7.713039984480474e-09,13.01115894317627
1.390408942825161e-05,7.69397612288003e-09,13.017233848571777
1.3885854968975764e-05,7.695752479719431e-09,13.024997472763062
1.3867635971109848e-05,7.678121249909964e-09,13.0309898853302
1.3849452443537302e-05,7.66779706395937e-09,13.037529230117798
1.3831283467879985e-05,7.637814825045552e-09,13.043870449066162
1.3813150872010738e-05,7.625788889242813e-09,13.050125360488892
1.37951255965163e-05,7.747287256165691e-09,13.05803918838501
1.3777007552562281e-05,7.661947520887225e-09,13.06479287147522
1.3758947716269176e-05,7.626860032416971e-09,13.071629047393799
1.3740996109845582e-05,7.737808616070652e-09,13.07829737663269
1.372295264445711e-05,7.635444276843373e-09,13.08517837524414
1.3704965567740146e-05,7.586231198786209e-09,13.092657566070557
1.368710036331322e-05,7.703676807579996e-09,13.09932565689087
1.3669139661942609e-05,7.603779828002644e-09,13.10635256767273
1.3651234439748805e-05,7.549701308562362e-09,13.11298131942749
1.363337469229009e-05,7.530087664520124e-09,13.119818449020386
1.3615536772704218e-05,7.504166177341176e-09,13.126694917678833
1.3597728866443504e-05,7.481671282505431e-09,13.133431673049927
1.3579950064013246e-05,7.459837192413943e-09,13.141098499298096
1.3562204912886955e-05,7.455261297195648e-09,13.147739171981812
1.3544565263146069e-05,7.585709838053845e-09,13.15465497970581
1.3526824659493286e-05,7.49005746314424e-09,13.161511182785034
1.3509139535017312e-05,7.445079663881415e-09,13.168319463729858
1.3491494428308215e-05,7.423903713998925e-09,13.17592716217041
1.347387569694547e-05,7.401108614857321e-09,13.182324171066284
1.345628061244497e-05,7.373316623926485e-09,13.189400672912598
1.3438722817227244e-05,7.36536343026728e-09,13.195868253707886
1.3421188668871764e-05,7.351024233770431e-09,13.202485084533691
1.3403682714852039e-05,7.33921101669921e-09,13.209793329238892
1.3386196769715752e-05,7.317801475892338e-09,13.216506958007812
1.3368746294872835e-05,7.310871907861838e-09,13.224135160446167
1.3351325833355077e-05,7.310651639613752e-09,13.23054552078247
1.333392174274195e-05,7.289441494862103e-09,13.237391233444214
1.3316548574948683e-05,7.279753688749224e-09,13.244169473648071
1.3299207239469979e-05,7.278960545420432e-09,13.25096321105957
1.3281877727422398e-05,7.253504019644197e-09,13.25883412361145
1.3264584595162887e-05,7.244297162145585e-09,13.265211582183838
1.3247315109765623e-05,7.2324231048526144e-09,13.27191972732544
1.3230071090220008e-05,7.217831665684571e-09,13.27952265739441
1.3212847079557832e-05,7.193762474599907e-09,13.286426782608032
1.319566035817843e-05,7.18880777128561e-09,13.29386019706726
1.3178501831134781e-05,7.187528794361242e-09,13.300662994384766
1.3161365131963976e-05,7.181371941555881e-09,13.308843612670898
1.3144249351171311e-05,7.168041271654602e-09,13.31529426574707
1.3127157217240892e-05,7.148169167692231e-09,13.32243275642395
1.3110176951158792e-05,7.278702085500299e-09,13.32910966873169
1.3093099369143602e-05,7.188705630767345e-09,13.336016654968262
1.3076069990347605e-05,7.142006541727142e-09,13.343321084976196
1.3059074262855574e-05,7.111421229666348e-09,13.350363731384277
1.3042108548688702e-05,7.08618141942452e-09,13.35873794555664
1.3025176485825796e-05,7.075156016611572e-09,13.365379571914673
1.300825533689931e-05,7.041565108778514e-09,13.372374296188354
1.2991376024729107e-05,7.034020477192371e-09,13.378906965255737
1.297452126891585e-05,7.024289594426136e-09,13.385947465896606
1.2957691978954244e-05,7.016127234749092e-09,13.39326548576355
1.2940891792823095e-05,7.016234704337876e-09,13.399742364883423
1.2924111615575384e-05,7.0035590660211255e-09,13.407565116882324
1.2907358723168727e-05,6.995555690281208e-09,13.41364312171936
1.2890625839645509e-05,6.9814638514742455e-09,13.420011520385742
1.2873922059952747e-05,6.969459231953579e-09,13.426883220672607
1.2857239198638126e-05,6.95192037269976e-09,13.433227062225342
1.2840578165196348e-05,6.930619633749302e-09,13.440856456756592
1.2823944416595623e-05,6.912461714136953e-09,13.446841716766357
1.2807343409804162e-05,6.9085941412083685e-09,13.45348072052002
1.2790763321390841e-05,6.8946941489400615e-09,13.46003794670105
1.2774211427313276e-05,6.88883527999451e-09,13.466523170471191
1.2757680451613851e-05,6.874373958964952e-09,13.474189519882202
1.274118221772369e-05,6.875497504665873e-09,13.480671167373657
1.2724696716759354e-05,6.853875689216693e-09,13.487837076187134
1.2708239410130773e-05,6.838855703961144e-09,13.494428634643555
1.2691813935816754e-05,6.8386918350427095e-09,13.500873327255249
1.2675407560891472e-05,6.826475384968944e-09,13.50838041305542
1.2659024832828436e-05,6.812798769573192e-09,13.514318227767944
1.2642674846574664e-05,6.816449182878159e-09,13.520963430404663
1.2626348507183138e-05,6.819239839472857e-09,13.527578115463257
1.2610034900717437e-05,6.7960623795215724e-09,13.534109115600586
1.2593750398082193e-05,6.7842917950144965e-09,13.542120456695557
1.2577480447362177e-05,6.751666781212862e-09,13.548487663269043
1.2561243238451425e-05,6.740668467841715e-09,13.555684804916382
1.2545034223876428e-05,6.7323768782046045e-09,13.562411308288574
1.2528840670711361e-05,6.707371102976367e-09,13.569406747817993
1.2512683497334365e-05,6.705427768594063e-09,13.576311111450195
1.2496551789809018e-05,6.7083858468208746e-09,13.582939386367798
1.2480436453188304e-05,6.694579557375846e-09,13.591349124908447
1.2464344763429835e-05,6.68076483023583e-09,13.597986936569214
1.2448276720533613e-05,6.667576268881703e-09,13.60491156578064
1.2432233233994339e-05,6.653793960254006e-09,13.611383199691772
1.2416217032296117e-05,6.6445879909338146e-09,13.617815017700195
1.2400213563523721e-05,6.619266024188164e-09,13.625512838363647
1.2384246474539395e-05,6.612928427074394e-09,13.631474256515503
1.2368301213427912e-05,6.60088472770326e-09,13.638015031814575
1.2352380508673377e-05,6.59813004233456e-09,13.644365310668945
1.2336481631791685e-05,6.587177026062818e-09,13.650462627410889
1.2320518180786166e-05,6.4100764696206625e-09,13.658021926879883
1.2304708434385248e-05,6.479079495136375e-09,13.664210319519043
1.2288905963941943e-05,6.5169065699421935e-09,13.670968055725098
1.2273115316929761e-05,6.532919982760177e-09,13.677452325820923
1.22573346743593e-05,6.522479889525812e-09,13.683826446533203
1.224158131662989e-05,6.5192642395572875e-09,13.691683292388916
1.2225846148794517e-05,6.507525185384111e-09,13.697662830352783
1.2210137356305495e-05,6.499943250304341e-09,13.704337120056152
1.2194448572699912e-05,6.488781956193179e-09,13.71081805229187
1.2178781616967171e-05,6.472101965471211e-09,13.717206239700317
1.2163141036580782e-05,6.459168311323538e-09,13.725202322006226
1.214751955558313e-05,6.444275335582006e-09,13.731528043746948
1.2131927178415935e-05,6.436668531506484e-09,13.738141536712646
1.21163657240686e-05,6.443004796352625e-09,13.744636058807373
1.2100818821636494e-05,6.4378022912592314e-09,13.750998973846436
1.2085286471119616e-05,6.413999997789688e-09,13.758864641189575
1.2069782314938493e-05,6.398666485551985e-09,13.76508116722107
1.205430362460902e-05,6.391993156995568e-09,13.771727085113525
1.2038849490636494e-05,6.3827920726566845e-09,13.778318166732788
1.2023417184536811e-05,6.374568428668681e-09,13.784607887268066
1.2008008525299374e-05,6.366775551214232e-09,13.792186737060547
1.1992619874945376e-05,6.3550160689374025e-09,13.7981698513031
1.1977250323980115e-05,6.339897939966477e-09,13.804729223251343
1.1961916243308224e-05,6.340815872363237e-09,13.81103253364563
1.1946598533540964e-05,6.335099556054047e-09,13.81730341911316
1.1931297194678336e-05,6.3158842600330445e-09,13.825069904327393
1.1916017683688551e-05,6.296699162078312e-09,13.831017971038818
1.1900763638550416e-05,6.281436704114185e-09,13.837536573410034
1.1885535968758631e-05,6.2759411001422905e-09,13.843836545944214
1.1870333764818497e-05,6.270661323526383e-09,13.850326299667358
1.1855144293804187e-05,6.2546896550941256e-09,13.85875153541565
1.1839980288641527e-05,6.23812024258541e-09,13.865213394165039
1.1824842658825219e-05,6.2309180037800616e-09,13.871933460235596
1.1809645911853295e-05,6.068137103909521e-09,13.878474473953247
1.1794596503023058e-05,6.145772779575509e-09,13.885118007659912
1.1779506166931242e-05,6.0998690543101475e-09,13.89271092414856
1.1764485861931462e-05,6.148552333939961e-09,13.899168014526367
1.1749434634111822e-05,6.091757320803026e-09,13.905827283859253
1.1734452527889516e-05,6.129488916428727e-09,13.912254333496094
1.171944404632086e-05,6.071140923324947e-09,13.918897151947021
1.1704510143317748e-05,6.112587769280253e-09,13.926457166671753
1.1689544408000074e-05,6.052398582312435e-09,13.933020114898682
1.1674650522763841e-05,6.090409510051131e-09,13.941319227218628
1.1659762094495818e-05,6.0932139334113344e-09,13.947763204574585
1.1644892765616532e-05,6.0925708922354715e-09,13.955228567123413
1.1630088920355774e-05,6.172816924276958e-09,13.963687896728516
1.1615201401582453e-05,6.051795953254668e-09,13.971229076385498
1.1600403013289906e-05,6.0634088860922475e-09,13.9783456325531
1.1585622814891394e-05,6.068196167774431e-09,13.98556661605835
1.1570854439924005e-05,6.0530513934509145e-09,13.993720531463623
1.1556114259292372e-05,6.0458686945707996e-09,14.00076699256897
1.1541354979272e-05,5.9608700198054976e-09,14.00935959815979
1.1526673915795982e-05,5.990004936506921e-09,14.016392469406128
1.1512009223224595e-05,6.007800035234823e-09,14.024740934371948
1.1497323612275068e-05,5.941371394868611e-09,14.031459331512451
1.148270439443877e-05,5.959631010910016e-09,14.039141654968262
1.1468100638012402e-05,5.971070304866544e-09,14.045893669128418
1.145351507148007e-05,5.97715343886307e-09,14.053200721740723
1.143894678534707e-05,5.969670979766306e-09,14.060456037521362
1.1424399417592213e-05,5.967826677277799e-09,14.067389488220215
1.1409869330236688e-05,5.952880854920295e-09,14.075611114501953
1.139532196248183e-05,5.8678479852858345e-09,14.082047939300537
1.1380853720766027e-05,5.891510390654275e-09,14.090794801712036
1.136636365117738e-05,5.8327929153279e-09,14.097249746322632
1.13519072328927e-05,5.798692637171143e-09,14.104641914367676
1.1337513569742441e-05,5.843936889959878e-09,14.111232995986938
1.1323131730023306e-05,5.870195884938312e-09,14.117894887924194
1.1308756256767083e-05,5.873883601736907e-09,14.125517845153809
1.1294404430373106e-05,5.87665738294163e-09,14.131925106048584
1.1280028047622181e-05,5.791704893454153e-09,14.138564109802246
1.1265728971920907e-05,5.819094095471655e-09,14.145003318786621
1.125144899560837e-05,5.839834393839283e-09,14.151766538619995
1.1237179023737554e-05,5.842362593710959e-09,14.159353494644165
1.1222883586015087e-05,5.754359211351812e-09,14.165992498397827
1.1208673640794586e-05,5.793054036473677e-09,14.173038482666016
1.1194468243047595e-05,5.797290647535647e-09,14.179691791534424
1.118024010793306e-05,5.721907392342018e-09,14.186522722244263
1.1166081094415858e-05,5.736821684365623e-09,14.19325566291809
1.1151942999276798e-05,5.7523457108743514e-09,14.199955463409424
1.1137783076264895e-05,5.684368087344183e-09,14.207987070083618
1.1123694093839731e-05,5.718306717028554e-09,14.214451313018799
1.1109613296866883e-05,5.726514373805003e-09,14.221214056015015
1.1095551599282771e-05,5.7312927737029895e-09,14.22760534286499
1.1081503544119187e-05,5.722586848833089e-09,14.234346866607666
1.1067478226323146e-05,5.719389850611378e-09,14.241787433624268
1.1053468369937036e-05,5.702537553275988e-09,14.248259782791138
1.1039483979402576e-05,5.7008038290007335e-09,14.25492262840271
1.1025515959772747e-05,5.692246674016133e-09,14.2614586353302
1.1011570677510463e-05,5.68369573628047e-09,14.26804232597351
1.0997647223121021e-05,5.683402193312759e-09,14.275585174560547
1.0983745596604422e-05,5.6792059943688855e-09,14.281987190246582
1.0969820323225576e-05,5.5947020349833565e-09,14.28865385055542
1.0955973266391084e-05,5.622677434757861e-09,14.295206546783447
1.0942094377242029e-05,5.549301018703545e-09,14.30173373222351
1.0928292795142625e-05,5.584100293276606e-09,14.309256315231323
1.091446029022336e-05,5.52449508361974e-09,14.315695762634277
1.090070145437494e-05,5.56847901123092e-09,14.322323322296143
1.0886948075494729e-05,5.583216555749004e-09,14.328954696655273
1.0873211977013852e-05,5.59442536740562e-09,14.335394382476807
1.0859484063985292e-05,5.5770286166989536e-09,14.343116283416748
1.084578070731368e-05,5.574888994885896e-09,14.349680423736572
1.08320946310414e-05,5.567227567837563e-09,14.357826948165894
1.081842856365256e-05,5.557126758759523e-09,14.364311456680298
1.0804778867168352e-05,5.542035275141188e-09,14.371132612228394
1.0791155546030495e-05,5.5390549924538846e-09,14.377897262573242
1.0777544957818463e-05,5.524558588376749e-09,14.384799480438232
1.0763961654447485e-05,5.523087320824516e-09,14.392765283584595
1.0750397450465243e-05,5.5205791049672825e-09,14.399427652359009
1.0736845979408827e-05,5.5047415514764e-09,14.406407117843628
1.0723281775426585e-05,5.427708504868178e-09,14.41288709640503
1.0709752132243011e-05,5.376766587517068e-09,14.419596195220947
1.0696252502384596e-05,5.349733100956655e-09,14.426541090011597
1.0682781066861935e-05,5.33547162007153e-09,14.43300461769104
1.0669366020010784e-05,5.400522695708787e-09,14.440841674804688
1.0655956430127844e-05,5.4329150067644605e-09,14.447365283966064
1.0642551387718413e-05,5.434790395497657e-09,14.45420527458191
1.0629164535203017e-05,5.4378639369190296e-09,14.460946321487427
1.0615789506118745e-05,5.425022209237795e-09,14.467428207397461
1.0602434485917911e-05,5.414052761665289e-09,14.475093841552734
1.0589099474600516e-05,5.405887737452986e-09,14.481583833694458
1.057574809237849e-05,5.3256727916561886e-09,14.488224983215332
1.0562474017206114e-05,5.361689758842658e-09,14.494711637496948
1.0549170838203281e-05,5.3012350065273495e-09,14.501224994659424
1.0535895853536204e-05,5.260014646069067e-09,14.508913040161133
1.052268999046646e-05,5.315646145476194e-09,14.51538872718811
1.0509441381145734e-05,5.249475965030115e-09,14.522040843963623
1.0496267350390553e-05,5.2948223583371146e-09,14.528551816940308
1.048310241458239e-05,5.3200781557904975e-09,14.535121440887451
1.0469944754731841e-05,5.32199484482021e-09,14.542636156082153
1.0456800737301819e-05,5.314737094863631e-09,14.549132347106934
1.0443676728755236e-05,5.30733368364622e-09,14.55577039718628
1.0430572729092091e-05,5.302888350655621e-09,14.562317371368408
1.0417446901556104e-05,5.220988974485863e-09,14.568802118301392
1.0404360182292294e-05,5.172774653061651e-09,14.576464414596558
1.0391303476353642e-05,5.152265281083146e-09,14.58289647102356
1.0378270417277236e-05,5.139475067750254e-09,14.589722633361816
1.0365290108893532e-05,5.194095820115763e-09,14.596189975738525
1.0352317985962145e-05,5.2292712382495665e-09,14.602673530578613
1.0339351319998968e-05,5.237489109077842e-09,14.609865427017212
1.0326398296456318e-05,5.237772882082936e-09,14.616451263427734
1.0313424354535528e-05,5.157623661489197e-09,14.62415361404419
1.0300485882908106e-05,5.116048473752244e-09,14.630573034286499
1.0287578334100544e-05,5.092160026975989e-09,14.637352466583252
1.0274727173964493e-05,5.147660075977001e-09,14.643929243087769
1.0261836905556265e-05,5.0846944432692e-09,14.650496482849121
1.0249022125208285e-05,5.139023873113047e-09,14.659191370010376
1.0236206435365602e-05,5.152688054010923e-09,14.665615558624268
1.0223367098660674e-05,5.08223463313584e-09,14.674472332000732
1.021059688355308e-05,5.116966406149004e-09,14.681504011154175
1.0197799383604433e-05,5.06188735371893e-09,14.688528776168823
1.0185072824242525e-05,5.105601275090521e-09,14.695239067077637
1.0172311704081949e-05,5.045897921718279e-09,14.701960325241089
1.0159612429561093e-05,5.076167930440079e-09,14.71013331413269
1.0146926797460765e-05,5.095516009134826e-09,14.716858863830566
1.0134216609003488e-05,5.030317495879899e-09,14.724770069122314
1.0121538252860773e-05,4.993218283289025e-09,14.731359720230103
1.0108883543580305e-05,4.964781030736276e-09,14.738291263580322
1.0096295227413066e-05,5.034367145384522e-09,14.74526596069336
1.0083701454277616e-05,5.058474084052023e-09,14.751965999603271
1.0071116776089184e-05,5.064809016630534e-09,14.759818077087402
1.0058504813059699e-05,4.978447876169412e-09,14.766529321670532
1.004596833809046e-05,5.006894898684777e-09,14.774640321731567
1.0033408216258977e-05,4.953595311718573e-09,14.78126049041748
1.0020878107752651e-05,4.926756780321284e-09,14.788149118423462
1.0008368917624466e-05,4.902644068494055e-09,14.794857263565063
9.995918844651897e-06,4.963705890759229e-09,14.801525115966797
9.983467862184625e-06,4.986644430715614e-09,14.809545278549194
9.971026884159073e-06,4.993813806919434e-09,14.816601991653442
9.958596820069943e-06,4.988203183842188e-09,14.824611186981201
9.946147656592075e-06,4.905990724779485e-09,14.831236362457275
9.93374123936519e-06,4.877363402044921e-09,14.83807897567749
9.921354831021745e-06,4.852590773651855e-09,14.844771146774292
9.909029358823318e-06,4.916618667749617e-09,14.852772951126099
9.896664778352715e-06,4.864990632569288e-09,14.860304832458496
9.88436568150064e-06,4.908541129111654e-09,14.866902828216553
9.872034752334002e-06,4.855335689057938e-09,14.874762535095215
9.859732926997822e-06,4.823810684229102e-09,14.881139516830444
9.847484761849046e-06,4.867488190285485e-09,14.888114929199219
9.835209311859217e-06,4.821562260559631e-09,14.894683122634888
9.822999345487915e-06,4.867099168137656e-09,14.901360511779785
9.810792107600719e-06,4.887311444434772e-09,14.909378290176392
9.798554856388364e-06,4.81113904271524e-09,14.915731191635132
9.786353075469378e-06,4.772005013364833e-09,14.922367572784424
9.774179488886148e-06,4.7550763326853485e-09,14.928903102874756
9.762025001691654e-06,4.743330617174024e-09,14.935240030288696
9.749891432875302e-06,4.7374268952182774e-09,14.943415880203247
9.73776877799537e-06,4.717301660406292e-09,14.950994968414307
9.725670679472387e-06,4.714660661875314e-09,14.958405017852783
9.713625331642106e-06,4.783078377812444e-09,14.9646315574646
9.701538147055544e-06,4.7358508226125196e-09,14.971150636672974
9.689517355582211e-06,4.781099516293352e-09,14.978371620178223
9.67749747360358e-06,4.798841768405282e-09,14.985314130783081
9.665490324550774e-06,4.806655962141804e-09,14.993133068084717
9.653451343183406e-06,4.71834438187102e-09,14.999574899673462
9.64145965554053e-06,4.687803478731212e-09,15.007452011108398
9.629525266063865e-06,4.7392481050678725e-09,15.014089822769165
9.617556315788534e-06,4.6887311810905885e-09,15.020965337753296
9.605612831364851e-06,4.654583385388378e-09,15.027649879455566
9.593728464096785e-06,4.708032630418302e-09,15.034359693527222
9.581848644302227e-06,4.731412150960068e-09,15.042216062545776
9.569942449161317e-06,4.670645203930235e-09,15.048996448516846
9.558103556628339e-06,4.715244639186267e-09,15.055743932723999
9.546227374812588e-06,4.6458885627487234e-09,15.062285423278809
9.534386663290206e-06,4.617683124763516e-09,15.068888664245605
9.522605978418142e-06,4.6746211346260225e-09,15.076440572738647
9.510783456789795e-06,4.612583204277598e-09,15.082983493804932
9.498993676970713e-06,4.586597768252432e-09,15.090798377990723
9.487228453508578e-06,4.57318538593654e-09,15.097277164459229
9.475513252255041e-06,4.631519612274815e-09,15.10408353805542
9.463762580708135e-06,4.582226154070668e-09,15.110634088516235
9.452040103496984e-06,4.557620947309715e-09,15.117186069488525
9.440339454158675e-06,4.543792009314984e-09,15.124698162078857
9.428657904209103e-06,4.5309929141978955e-09,15.131189346313477
9.417025466973428e-06,4.592381142032309e-09,15.138010501861572
9.40535574045498e-06,4.540285036824798e-09,15.144556045532227
9.39371602726169e-06,4.515563478690865e-09,15.151138067245483
9.382127245771699e-06,4.5628798517327596e-09,15.158873081207275
9.370512088935357e-06,4.520559482301678e-09,15.165322065353394
9.35892057896126e-06,4.495949834648627e-09,15.172003269195557
9.347349077870604e-06,4.478047710421151e-09,15.178487062454224
9.335793038189877e-06,4.462331393284558e-09,15.1850745677948
9.324261554866098e-06,4.458094782222588e-09,15.192641735076904
9.31278191274032e-06,4.527668462372958e-09,15.199158906936646
9.301293175667524e-06,4.549881804649658e-09,15.20585012435913
9.289781701227184e-06,4.487305194089686e-09,15.212347030639648
9.278296602133196e-06,4.449475898837818e-09,15.218875169754028
9.266840606869664e-06,4.435570133409783e-09,15.226446151733398
9.255398254026659e-06,4.4193440018602814e-09,15.232947587966919
9.243975000572391e-06,4.408614806550304e-09,15.239807367324829
9.232568118022755e-06,4.398945208095029e-09,15.24625563621521
9.221212167176418e-06,4.460260161209817e-09,15.252845287322998
9.209821655531414e-06,4.419928423260444e-09,15.259947299957275
9.198454790748656e-06,4.390718455482556e-09,15.266441583633423
9.187113391817547e-06,4.385831697817366e-09,15.274110794067383
9.175783816317562e-06,4.37018288224067e-09,15.2805814743042
9.164508810499683e-06,4.4336938564981665e-09,15.287421941757202
9.153193786914926e-06,4.386498719810561e-09,15.293972969055176
9.14190968615003e-06,4.366783379339267e-09,15.300501823425293
9.130674698099028e-06,4.417564536396412e-09,15.3079993724823
9.119401511270553e-06,4.3579508890445595e-09,15.314454317092896
9.108197446039412e-06,4.405767306536745e-09,15.321143627166748
9.096957910514902e-06,4.351030646887466e-09,15.32764983177185
9.085752026294358e-06,4.327901592660055e-09,15.334204196929932
9.074560693989042e-06,4.3078132172524874e-09,15.341789245605469
9.063388461072464e-06,4.294935962434465e-09,15.348231315612793
9.052233508555219e-06,4.2845629266707874e-09,15.356107234954834
9.041095836437307e-06,4.277408205410893e-09,15.362294673919678
9.030008186527994e-06,4.341558668130574e-09,15.369547128677368
9.018919627123978e-06,4.372295414611926e-09,15.376850843429565
9.007808330352418e-06,4.321448088262514e-09,15.3828706741333
8.996751603262965e-06,4.356628391377626e-09,15.38972783088684
8.985665772343054e-06,4.298562839011311e-09,15.396021604537964
8.97464451554697e-06,4.339648640439009e-09,15.402225017547607
8.963591426436324e-06,4.282593835114312e-09,15.409734964370728
8.9526010924601e-06,4.324663738231038e-09,15.415802001953125
8.941614396462683e-06,4.344363091490777e-09,15.422338962554932
8.930598596634809e-06,4.271636822039682e-09,15.428611040115356
8.919615538616199e-06,4.232796335656985e-09,15.43464994430542
8.908657946449239e-06,4.215710003308004e-09,15.44174575805664
8.897712177713402e-06,4.194391944878362e-09,15.447719097137451
8.886790965334512e-06,4.188574820318536e-09,15.453954935073853
8.875915227690712e-06,4.2492040996933156e-09,15.460234880447388
8.865004019753542e-06,4.201823333715993e-09,15.466237306594849
8.854121006152127e-06,4.183966062498712e-09,15.47279405593872
8.84328801475931e-06,4.23888391054561e-09,15.478863954544067
8.832421372062527e-06,4.1935455108443875e-09,15.484924554824829
8.821579285722692e-06,4.164151690133622e-09,15.492125034332275
8.810755389276892e-06,4.143383414145774e-09,15.498081922531128
8.79995059221983e-06,4.129595776447559e-09,15.50427532196045
8.789163985056803e-06,4.126178065888553e-09,15.510547399520874
8.7783901108196e-06,4.115930263282053e-09,15.51653790473938
8.767633516981732e-06,4.109069084989869e-09,15.52279257774353
8.756889656069688e-06,4.099300898730007e-09,15.528884410858154
8.746164894546382e-06,4.100110473359564e-09,15.534926891326904
8.735450137464795e-06,4.086843752304503e-09,15.542192220687866
8.724790859560017e-06,4.161153643877924e-09,15.548187255859375
8.71412248670822e-06,4.188586810727202e-09,15.554368495941162
8.703425919520669e-06,4.119854235540288e-09,15.560571670532227
8.692795745446347e-06,4.1637169267971785e-09,15.566550016403198
8.682132829562761e-06,4.1054577515353685e-09,15.572808504104614
8.671499017509632e-06,4.078687165787187e-09,15.578861474990845
8.660882485855836e-06,4.0563508107993584e-09,15.5848708152771
8.650285053590778e-06,4.044419910087527e-09,15.592146158218384
8.63970308273565e-06,4.035031864191296e-09,15.598085403442383
8.629137482785154e-06,4.026765587639147e-09,15.604267597198486
8.618585525255185e-06,4.0185637040224265e-09,15.610604524612427
8.608084499428514e-06,4.086672333869501e-09,15.616605997085571
8.597578926128335e-06,4.117984175877609e-09,15.62305760383606
8.5870442489977e-06,4.05382838408741e-09,15.629132747650146
8.576535037718713e-06,4.0107503984643245e-09,15.635224342346191
8.566054930270184e-06,3.9995988743157795e-09,15.642534255981445
8.555588465242181e-06,3.987329133536832e-09,15.64870810508728
8.545168384443969e-06,4.046439183724715e-09,15.655266761779785
8.5347191998153e-06,4.006788234534042e-09,15.661718606948853
8.52429002407007e-06,3.983417151687263e-09,15.668028354644775
8.513875400240067e-06,3.9604763912848284e-09,15.675498485565186
8.503515346092172e-06,4.0225263120419186e-09,15.681485652923584
8.49315711093368e-06,4.057342017915744e-09,15.687792539596558
8.482765224471223e-06,3.991248220813759e-09,15.69402527809143
8.472436093143187e-06,4.029407474348545e-09,15.700031757354736
8.46207512950059e-06,3.965372474823425e-09,15.706377029418945
8.451745998172555e-06,3.941118986716674e-09,15.712566375732422
8.441466889053117e-06,3.992380204209667e-09,15.718614101409912
8.431150490650907e-06,3.9374477012188436e-09,15.725876808166504
8.42086683405796e-06,3.9203316148928025e-09,15.731890201568604
8.410600457864348e-06,3.907848711293127e-09,15.738130331039429
8.400347724091262e-06,3.894992328667968e-09,15.744452953338623
8.390108632738702e-06,3.883370069956982e-09,15.750545501708984
8.379885002796073e-06,3.875276988196674e-09,15.758029460906982
8.369676834263373e-06,3.866075903857791e-09,15.764005184173584
8.3594823081512e-06,3.860499919738913e-09,15.770334482192993
8.349301424459554e-06,3.853556140853698e-09,15.776752948760986
8.33913691167254e-06,3.848549035012638e-09,15.782809495925903
8.329018783115316e-06,3.915357371653272e-09,15.789227724075317
8.318864274770021e-06,3.8743164232357685e-09,15.79552698135376
8.308729775308166e-06,3.8448106920441205e-09,15.801661252975464
8.298614375235047e-06,3.82964682188458e-09,15.809193849563599
8.28851534606656e-06,3.819434990504078e-09,15.815209865570068
8.27843450679211e-06,3.816090554664697e-09,15.821499586105347
8.26836458145408e-06,3.807578252690291e-09,15.827823400497437
8.258312846010085e-06,3.806360560076882e-09,15.83393120765686
8.248267477029003e-06,3.794617509100817e-09,15.841391563415527
8.238240297941957e-06,3.788617863875743e-09,15.847562313079834
8.228227670770139e-06,3.786100766234313e-09,15.854342699050903
8.218221410061233e-06,3.76786424283182e-09,15.86065411567688
8.20823697722517e-06,3.76664965884288e-09,15.866770029067993
8.19826436782023e-06,3.760382227824266e-09,15.873167991638184
8.188306310330518e-06,3.756516875341731e-09,15.879332304000854
8.178397365554702e-06,3.830222805589756e-09,15.886070966720581
8.168448403012007e-06,3.788026781137432e-09,15.893113851547241
8.158521268342156e-06,3.765769918118167e-09,15.899096012115479
8.148608685587533e-06,3.741521314992724e-09,15.905404567718506
8.138751582009718e-06,3.809168980239974e-09,15.911633729934692
8.128855370159727e-06,3.76416053882167e-09,15.917782545089722
8.118982805171981e-06,3.7407379416265485e-09,15.92548418045044
8.109125701594166e-06,3.7238911954062814e-09,15.931498289108276
8.099285878415685e-06,3.7133254249255288e-09,15.937950372695923
8.089462426141836e-06,3.7089094018227797e-09,15.944218635559082
8.079684448603075e-06,3.775582069209804e-09,15.95031189918518
8.069901014096104e-06,3.799601966392174e-09,15.956987857818604
8.06009120424278e-06,3.737635978495746e-09,15.963116645812988
8.050308679230511e-06,3.707107731898418e-09,15.96936559677124
8.040545253606979e-06,3.6879377329768204e-09,15.976447343826294
8.030796379898675e-06,3.6705898320832375e-09,15.982481002807617
8.021061148610897e-06,3.657414593405406e-09,15.988929033279419
8.011344107217155e-06,3.653741753595341e-09,15.997093439102173
8.001641617738642e-06,3.6507248335482245e-09,16.004200220108032
7.99195004219655e-06,3.6451157647832133e-09,16.0115168094635
7.98227029008558e-06,3.6369935951796606e-09,16.018675327301025
7.972605999384541e-06,3.631015488281264e-09,16.027045726776123
7.962951713125221e-06,3.6222640442673537e-09,16.03393268585205
7.953315616759937e-06,3.62089824790246e-09,16.042507648468018
7.943689524836373e-06,3.613987775707983e-09,16.049626111984253
7.93407980381744e-06,3.6143121828757785e-09,16.05750560760498
7.924478268250823e-06,3.605662657335529e-09,16.063584804534912
7.914892194094136e-06,3.6003169334719587e-09,16.070142030715942
7.905317943368573e-06,3.593607411644939e-09,16.076597690582275
7.895757335063536e-06,3.5862346425830083e-09,16.082748651504517
7.886211278673727e-06,3.5851108748374827e-09,16.089715719223022
7.876672498241533e-06,3.569873729958317e-09,16.095937490463257
7.86715554568218e-06,3.57195362177265e-09,16.10215997695923
7.857643140596338e-06,3.560941763680603e-09,16.109251737594604
7.848149834899232e-06,3.561036354682301e-09,16.11526656150818
7.838662895665038e-06,3.546712923352402e-09,16.121546030044556
7.829191417840775e-06,3.5394880359973513e-09,16.128108024597168
7.819733582437038e-06,3.532143022511036e-09,16.134586811065674
7.810289389453828e-06,3.5278979737540794e-09,16.142180681228638
7.800895218679216e-06,3.6041434281486318e-09,16.1481614112854
7.791455573169515e-06,3.5533487263705865e-09,16.154422521591187
7.782043212500867e-06,3.5350304905534813e-09,16.160663843154907
7.772642675263342e-06,3.5171439094483503e-09,16.16675305366516
7.763260327919852e-06,3.5049960711575068e-09,16.173075199127197
7.753894351480994e-06,3.503475731747585e-09,16.179208755493164
7.74454019847326e-06,3.5023752786855766e-09,16.185372829437256
7.735196959401947e-06,3.495497002958814e-09,16.19252371788025
7.725868272245862e-06,3.4955907057820923e-09,16.198482751846313
7.7165514085209e-06,3.4908178569992288e-09,16.204696655273438
7.707244549237657e-06,3.481712029795858e-09,16.211021661758423
7.69795042288024e-06,3.4759148892504754e-09,16.217056274414062
7.688669938943349e-06,3.466402498375487e-09,16.22418761253357
7.679401278437581e-06,3.458029418368369e-09,16.230203866958618
7.670148988836445e-06,3.456681829661079e-09,16.236665725708008
7.660905794182327e-06,3.4522049663365806e-09,16.24319839477539
7.651676241948735e-06,3.447832241931792e-09,16.24921989440918
7.642456694156863e-06,3.4368725643219022e-09,16.255528926849365
7.633254426764324e-06,3.439671880656192e-09,16.262027740478516
7.624058071087347e-06,3.4250104974375972e-09,16.26879119873047
7.614876267325599e-06,3.4165772433425445e-09,16.27631640434265
7.605710379721131e-06,3.414300842052853e-09,16.282297372817993
7.596554496558383e-06,3.4102649593137357e-09,16.28889751434326
7.587411801068811e-06,3.4068357024352736e-09,16.29528045654297
7.578278200526256e-06,3.395170811160142e-09,16.30132746696472
7.569160970888333e-06,3.3904725693645332e-09,16.30839490890503
7.560054200439481e-06,3.388385572122843e-09,16.314444303512573
7.550959253421752e-06,3.3812721511594646e-09,16.32122826576233
7.541877948824549e-06,3.377275126226209e-09,16.327653884887695
7.5328084676584695e-06,3.371543932928489e-09,16.333758115768433
7.523751719418215e-06,3.370531631574636e-09,16.340967893600464
7.514706794609083e-06,3.36267080847108e-09,16.34716010093689
7.505672783736372e-06,3.356088962291892e-09,16.353846549987793
7.496650596294785e-06,3.349635679938956e-09,16.360279321670532
7.487642960768426e-06,3.347511601248243e-09,16.366480588912964
7.478609859390417e-06,3.2616145340114144e-09,16.374293565750122
7.469645424862392e-06,3.302820905659587e-09,16.380515813827515
7.460681445081718e-06,3.317537577984808e-09,16.38755512237549
7.451725196006009e-06,3.3225251439006342e-09,16.394031047821045
7.442780315614073e-06,3.3261324805522463e-09,16.400108337402344
7.433845439663855e-06,3.323979758107498e-09,16.407638788223267
7.424918749165954e-06,3.3149827327605408e-09,16.413687229156494
7.416006610583281e-06,3.3109432973077446e-09,16.420316696166992
7.407101747958222e-06,3.2978912933856463e-09,16.42691683769226
7.3982132562377956e-06,3.293502359724698e-09,16.433424949645996
7.389336133201141e-06,3.288391114963929e-09,16.44130539894104
7.380473562079715e-06,3.2889109213840584e-09,16.447737455368042
7.371618721663253e-06,3.2801130700477188e-09,16.454345703125
7.3627784331620205e-06,3.276700244470021e-09,16.46084976196289
7.353948149102507e-06,3.2699489782572755e-09,16.46737027168274
7.345130597968819e-06,3.266429127180004e-09,16.47505259513855
7.336323960771551e-06,3.259515990450268e-09,16.481489896774292
7.3275314207421616e-06,3.259086778228948e-09,16.488157510757446
7.318748885154491e-06,3.254202907143622e-09,16.494670391082764
7.309976808755891e-06,3.2453506548790756e-09,16.501197814941406
7.301219739019871e-06,3.2444618103255607e-09,16.508862018585205
7.292473583220271e-06,3.240429480300122e-09,16.515305280685425
7.2837374318623915e-06,3.234850165512171e-09,16.52204704284668
7.275012649188284e-06,3.229077227828725e-09,16.52854061126709
7.266299235197948e-06,3.2205609290514303e-09,16.535083293914795
7.257598099386087e-06,3.2149840567541332e-09,16.542659997940063
7.248907877510646e-06,3.2065092803179596e-09,16.549185514450073
7.240231298055733e-06,3.2038522945754266e-09,16.555861234664917
7.231567906273995e-06,3.204558618463693e-09,16.5623300075531
7.222909516713116e-06,3.192368147608704e-09,16.568928956985474
7.214235665742308e-06,3.11599457347711e-09,16.57648730278015
7.205619567685062e-06,3.143776128311515e-09,16.582967281341553
7.197012564574834e-06,3.167560214123455e-09,16.589747190475464
7.1884069257066585e-06,3.1692442004072063e-09,16.59622311592102
7.179810381785501e-06,3.164254192000726e-09,16.60283875465393
7.171226116042817e-06,3.161227057901783e-09,16.609936237335205
7.162651399994502e-06,3.1556135482446734e-09,16.61641788482666
7.154090326366713e-06,3.15446868626168e-09,16.624160528182983
7.1455424404121e-06,3.1551301571397516e-09,16.630630016326904
7.1370027399098035e-06,3.1506195430353046e-09,16.63724946975708
7.1284753175859805e-06,3.149578153838206e-09,16.6437726020813
7.119957444956526e-06,3.142467619454692e-09,16.65028715133667
7.111452305252897e-06,3.1376317100040296e-09,16.658000469207764
7.102955351001583e-06,3.1289095758779695e-09,16.66540288925171
7.094472493918147e-06,3.1218774232399937e-09,16.672797918319702
7.0859987317817286e-06,3.1130371613841135e-09,16.67949676513672
7.077538157318486e-06,3.1081053286641236e-09,16.68682551383972
7.069091680023121e-06,3.1102791453463396e-09,16.69364905357361
7.0606533881800715e-06,3.1039852910197396e-09,16.700047492980957
7.052226919768145e-06,3.101371826019772e-09,16.707593202590942
7.0438109105452895e-06,3.096043199590781e-09,16.7147319316864
7.035404451016802e-06,3.086512379013584e-09,16.721635580062866
7.027009814919438e-06,3.0798796846198684e-09,16.72829246520996
7.018632459221408e-06,3.0840761056083466e-09,16.735416650772095
7.010260560491588e-06,3.077872845480556e-09,16.743231773376465
7.001900485192891e-06,3.073767906869307e-09,16.750170469284058
6.993519491516054e-06,2.9948339363983223e-09,16.758034229278564
6.985195341258077e-06,3.022554651010978e-09,16.764621019363403
6.976877557463013e-06,3.037458951027361e-09,16.77137851715088
6.968566140130861e-06,3.042499363559159e-09,16.778026819229126
6.960266546229832e-06,3.049975161317775e-09,16.785550594329834
6.9519733187917154e-06,3.0459426092477315e-09,16.79317355155945
6.943689186300617e-06,3.0381031024262484e-09,16.799828052520752
6.935418696230045e-06,3.037242901626769e-09,16.808074474334717
6.927158665348543e-06,3.0351461344224617e-09,16.814984798431396
6.918907729414059e-06,3.0281595009284956e-09,16.821878910064697
6.9106663431739435e-06,3.018546745892081e-09,16.828551769256592
6.902438144607004e-06,3.0124649441631846e-09,16.835312128067017
6.894221769471187e-06,3.0084224000859194e-09,16.84334397315979
6.886016763019143e-06,3.009350990623716e-09,16.850472927093506
6.87782312525087e-06,3.008293614215063e-09,16.85873007774353
6.8696358539455105e-06,2.997385450953516e-09,16.865107774734497
6.861462225060677e-06,2.9925464328783846e-09,16.871675491333008
6.853301329101669e-06,2.992580849792148e-09,16.878729104995728
6.845146344858222e-06,2.9833886472374616e-09,16.885416507720947
6.836974080215441e-06,2.9072635410187786e-09,16.893166065216064
6.828859113738872e-06,2.9405984314223588e-09,16.89954400062561
6.820745511504356e-06,2.9503917087225773e-09,16.908046007156372
6.812640549469506e-06,2.953624456125681e-09,16.914693355560303
6.804544227634324e-06,2.9561160186375446e-09,16.921448230743408
6.7964583649882115e-06,2.9544935387093574e-09,16.92789602279663
6.7883797782997135e-06,2.9491000752557284e-09,16.93433117866516
6.78031392453704e-06,2.945061305936747e-09,16.941848516464233
6.772228061890928e-06,2.872179161172994e-09,16.950151681900024
6.764198133168975e-06,2.904860352259675e-09,16.962891817092896
6.756171387678478e-06,2.916412000786295e-09,16.971859455108643
6.748117812094279e-06,2.8447344480042602e-09,16.979965448379517
6.740122898918344e-06,2.8832551901558645e-09,16.9882652759552
6.732127985742409e-06,2.8970785770354723e-09,16.996591567993164
6.7241426222608425e-06,2.9095030829040525e-09,17.004535675048828
6.716162715747487e-06,2.9119491262719066e-09,17.013532638549805
6.708190085191745e-06,2.903608020687898e-09,17.022005081176758
6.700233825540636e-06,2.9088842445901264e-09,17.029189825057983
6.692280749120982e-06,2.899132711675634e-09,17.035830974578857
6.684339950879803e-06,2.8924396211493786e-09,17.04347586631775
6.676410521322396e-06,2.889100292335911e-09,17.05160117149353
6.668490641459357e-06,2.882107885682217e-09,17.059163808822632
6.660580766038038e-06,2.877600158157634e-09,17.065674781799316
6.6526995396998245e-06,2.9113096378097225e-09,17.07282519340515
6.644803306699032e-06,2.8883642144705846e-09,17.07959485054016
6.636919351876713e-06,2.8708457833204193e-09,17.086116790771484
6.629067684116308e-06,2.9024056491522288e-09,17.09322953224182
6.6211860030307434e-06,2.841071600201417e-09,17.0996835231781
6.613326604565373e-06,2.8058027012889397e-09,17.10646343231201
6.6054849412466865e-06,2.790134123742405e-09,17.11295247077942
6.597657375095878e-06,2.781096686277351e-09,17.11942434310913
6.589821168745402e-06,2.7303097560604783e-09,17.126555681228638
6.582006790267769e-06,2.705972779182275e-09,17.132960081100464
6.5742115111788735e-06,2.7010815806249866e-09,17.140840530395508
6.566456704604207e-06,2.7683393355459884e-09,17.147236347198486
6.5587109929765575e-06,2.830778944584722e-09,17.153841495513916
6.5509284468134865e-06,2.7845667993631196e-09,17.16032600402832
6.543164090544451e-06,2.7582829353889338e-09,17.166717529296875
6.535433840326732e-06,2.786247677022402e-09,17.174253702163696
6.527688583446434e-06,2.7571549487959146e-09,17.1806800365448
6.519976068375399e-06,2.7793831680611447e-09,17.187161445617676
6.512266736535821e-06,2.786707309354597e-09,17.1936457157135
6.50455058348598e-06,2.7526319001935917e-09,17.200257539749146
6.496849891846068e-06,2.731978643311095e-09,17.208009243011475
6.489163752121385e-06,2.7228181931349127e-09,17.21437168121338
6.481487162091071e-06,2.7127331492238227e-09,17.22093176841736
6.473839221143862e-06,2.7436195537688945e-09,17.22739291191101
6.4661917349440046e-06,2.7539659441799813e-09,17.233802318572998
6.45853560854448e-06,2.7217856857220113e-09,17.241353511810303
6.450913588196272e-06,2.7435398397557265e-09,17.247743129730225
6.443295205826871e-06,2.7530759894034418e-09,17.254314422607422
6.4356672737631015e-06,2.7148832071333118e-09,17.26079297065735
6.428072538255947e-06,2.732392978543885e-09,17.267314910888672
6.420483714464353e-06,2.739945159646595e-09,17.275481462478638
6.412886250473093e-06,2.703802515213738e-09,17.282251834869385
6.405322437785799e-06,2.7220155018881087e-09,17.28910207748413
6.39776180832996e-06,2.7294557725099367e-09,17.29581904411316
6.390193902916508e-06,2.693012035592801e-09,17.302532196044922
6.382642823155038e-06,2.6712940748296887e-09,17.310256004333496
6.375119482981972e-06,2.6962037047439935e-09,17.3169527053833
6.3676011450297665e-06,2.7057138751729326e-09,17.324702978134155
6.360074166877894e-06,2.672927656988122e-09,17.33136510848999
6.35257765679853e-06,2.6891364690584396e-09,17.338500022888184
6.345070232782746e-06,2.657506437131474e-09,17.34531855583191
6.337596005323576e-06,2.6805617725500497e-09,17.352267026901245
6.330127689579967e-06,2.693139933285238e-09,17.360291004180908
6.322648459899938e-06,2.657129405392311e-09,17.36719036102295
6.315182417893084e-06,2.6309965317494743e-09,17.375180959701538
6.307749117695494e-06,2.6585766921272125e-09,17.383622884750366
6.300316272245254e-06,2.6661619578760565e-09,17.39170002937317
6.292877060332103e-06,2.632410511793637e-09,17.398086547851562
6.285469680733513e-06,2.652497554933575e-09,17.404724836349487
6.2780504777038004e-06,2.623341766039289e-09,17.412251949310303
6.270646736084018e-06,2.606150628636783e-09,17.41903257369995
6.263269824557938e-06,2.6298490052312218e-09,17.426652193069458
6.255898824747419e-06,2.6441024925105694e-09,17.433416604995728
6.2485150920110755e-06,2.608478988364027e-09,17.441812992095947
6.24115091341082e-06,2.5939288494924995e-09,17.44835066795349
6.233812655409565e-06,2.6185924539845473e-09,17.45519471168518
6.22647939962917e-06,2.6327580116003446e-09,17.461784839630127
6.2191520555643365e-06,2.637875251565447e-09,17.468640327453613
6.211831532709766e-06,2.6370348127358056e-09,17.47654390335083
6.204503279150231e-06,2.5965409822248375e-09,17.483333110809326
6.197191851242678e-06,2.5718933649443443e-09,17.490931510925293
6.189894520503003e-06,2.5588822172295522e-09,17.497291088104248
6.182624929351732e-06,2.5880204646000493e-09,17.50392436981201
6.175342150527285e-06,2.5650686019673685e-09,17.510382890701294
6.1680721046286635e-06,2.5483082310984173e-09,17.516886472702026
6.160816155897919e-06,2.5429880423644136e-09,17.524709463119507
6.153567028377438e-06,2.5334219166950334e-09,17.531115293502808
6.146330633782782e-06,2.528239617660688e-09,17.538020133972168
6.139101060398389e-06,2.5212543164343515e-09,17.544696807861328
6.131884674687171e-06,2.5200599385044598e-09,17.551398277282715
6.124692845332902e-06,2.5559943050978973e-09,17.558929443359375
6.117484645074001e-06,2.531646225989448e-09,17.565288543701172
6.1102914514776785e-06,2.5221544852627176e-09,17.571878671646118
6.103108717070427e-06,2.511789887194027e-09,17.578553915023804
6.095935532357544e-06,2.5029971428836006e-09,17.585258960723877
6.088789632485714e-06,2.539539467605323e-09,17.592628955841064
6.081643732613884e-06,2.5506534662156355e-09,17.59930419921875
6.0744878283003345e-06,2.516991282064396e-09,17.607497930526733
6.067347840144066e-06,2.5009148085786137e-09,17.614155530929565
6.060236046323553e-06,2.529631837333568e-09,17.620949268341064
6.053126071492443e-06,2.539255028466414e-09,17.627673149108887
6.046006546966964e-06,2.503617757554366e-09,17.634356021881104
6.038901119609363e-06,2.481878702553786e-09,17.642292976379395
6.031826615071623e-06,2.511199914678741e-09,17.64901328086853
6.024737103871303e-06,2.483480532333715e-09,17.655872344970703
6.0176644183229655e-06,2.4744484239391795e-09,17.66255235671997
6.010616289131576e-06,2.5004269765815934e-09,17.66945719718933
6.00355451751966e-06,2.4725710368045384e-09,17.676714658737183
5.996507297822973e-06,2.459348058536648e-09,17.683417558670044
5.9894709920627065e-06,2.448700353596678e-09,17.69131302833557
5.9824615163961425e-06,2.480421423811663e-09,17.69792914390564
5.975437034066999e-06,2.456599146327676e-09,17.70473861694336
5.968442110315664e-06,2.4790067776336855e-09,17.71187686920166
5.961449460301083e-06,2.4883450855384126e-09,17.71859884262085
5.954449534328887e-06,2.456649106363784e-09,17.726025819778442
5.947462796029868e-06,2.435871504502529e-09,17.732845067977905
5.940491064393427e-06,2.428935275133881e-09,17.739788055419922
5.933543889113935e-06,2.4590289804393706e-09,17.746500492095947
5.926581707171863e-06,2.431743473252368e-09,17.753552675247192
5.9196345318923704e-06,2.419972444656082e-09,17.760271072387695
5.9126969063072465e-06,2.409328070385186e-09,17.766923666000366
5.905770649405895e-06,2.403830912101057e-09,17.774801015853882
5.89886849411414e-06,2.4344375404439234e-09,17.781569004058838
5.89196861255914e-06,2.4502944118154346e-09,17.788472414016724
5.885057817067718e-06,2.4163220313511147e-09,17.79514479637146
5.878161118744174e-06,2.3969162210590866e-09,17.80243158340454
5.8712780628411565e-06,2.3889488165451667e-09,17.81013584136963
5.864406375621911e-06,2.3873891752401732e-09,17.816967964172363
5.857540145370876e-06,2.376842278550839e-09,17.82469153404236
5.850685738550965e-06,2.3740864829591146e-09,17.831085205078125
5.8438536143512465e-06,2.403078847024176e-09,17.8376407623291
5.837007847731002e-06,2.377870567116247e-09,17.844788074493408
5.830192549183266e-06,2.407098076417924e-09,17.852287530899048
5.823360424983548e-06,2.3753190525610535e-09,17.860211610794067
5.816561952087795e-06,2.3994930486992416e-09,17.86661148071289
5.809763479192043e-06,2.404568100189408e-09,17.874308586120605
5.8029595493280794e-06,2.3755022393601166e-09,17.88156795501709
5.796168807137292e-06,2.3569843854431838e-09,17.88848328590393
5.7893894336302765e-06,2.3453923247984676e-09,17.89519500732422
5.782636890216963e-06,2.3772619428541475e-09,17.901926040649414
5.775886165793054e-06,2.393103271103314e-09,17.91012191772461
5.769124072685372e-06,2.3589614706054363e-09,17.916847944259644
5.762391538155498e-06,2.3771584700682524e-09,17.92466425895691
5.755648999183904e-06,2.3488166966956214e-09,17.93103289604187
5.748934654548066e-06,2.367572582429034e-09,17.93791127204895
5.742208486481104e-06,2.3385573477696653e-09,17.945411682128906
5.735512331739301e-06,2.360641015997089e-09,17.952165126800537
5.72881754123955e-06,2.365774243173746e-09,17.95993995666504
5.722113655792782e-06,2.3277759719775304e-09,17.96668529510498
5.7154284149874e-06,2.313814695398264e-09,17.975135326385498
5.708752723876387e-06,2.3016071271086957e-09,17.981754779815674
5.702102953364374e-06,2.333288673384004e-09,17.98844313621521
5.695439995179186e-06,2.3103094992649176e-09,17.995245695114136
5.68880432183505e-06,2.333573778656728e-09,18.001948356628418
5.6821550060703885e-06,2.303812474124811e-09,18.009844064712524
5.67552297070506e-06,2.2936252896954556e-09,18.016285181045532
5.6689132179599255e-06,2.318675029755468e-09,18.02312684059143
5.662305738951545e-06,2.3301101048645023e-09,18.029927492141724
5.655689164996147e-06,2.297131374007222e-09,18.03644633293152
5.649089416692732e-06,2.2824062639870135e-09,18.04343271255493
5.642500127578387e-06,2.275862387435268e-09,18.049919605255127
5.635933121084236e-06,2.3014947725386037e-09,18.057753324508667
5.629354291158961e-06,2.2784818476395685e-09,18.064075708389282
5.622788648906862e-06,2.2661985621397207e-09,18.070233821868896
5.616229827865027e-06,2.251933306496312e-09,18.076982021331787
5.609684194496367e-06,2.2466044580227162e-09,18.084757089614868
5.60314492759062e-06,2.2400432619917865e-09,18.093308210372925
5.596617938863346e-06,2.2406001498609385e-09,18.09978985786438
5.5900964071042836e-06,2.235047702470183e-09,18.10846447944641
5.583585334534291e-06,2.2342254712981457e-09,18.114439725875854
5.577080628427211e-06,2.22950391481902e-09,18.12097430229187
5.570586381509202e-06,2.229260553932022e-09,18.127941370010376
5.564099410548806e-06,2.227145579070111e-09,18.134381532669067
5.557635176955955e-06,2.2618309447608453e-09,18.141940116882324
5.551169579121051e-06,2.2689752299243082e-09,18.148370265960693
5.54469488633913e-06,2.238326635151111e-09,18.154977321624756
5.538234290725086e-06,2.2186383841216184e-09,18.161826610565186
5.531785973289516e-06,2.2083421757912447e-09,18.168301105499268
5.525347205548314e-06,2.204342708367335e-09,18.175915718078613
5.518930720427306e-06,2.231739903990615e-09,18.182188749313354
5.512518328032456e-06,2.2516277731199352e-09,18.188758850097656
5.5060932027117815e-06,2.2192923054831226e-09,18.19548463821411
5.499682174558984e-06,2.2020050227666843e-09,18.201953172683716
5.493283424584661e-06,2.194675552402714e-09,18.209407329559326
5.4869074119778816e-06,2.2230512985998985e-09,18.215818166732788
5.480518211697927e-06,2.1984294384935765e-09,18.22244143486023
5.474142199091148e-06,2.1883126422039823e-09,18.229167222976685
5.467791652336018e-06,2.2185164816335146e-09,18.23563814163208
5.461424734676257e-06,2.1885997458781503e-09,18.243168830871582
5.455088739836356e-06,2.216728800519263e-09,18.249595165252686
5.448751835501753e-06,2.223065065365404e-09,18.256454467773438
5.442421297630062e-06,2.2239494690268202e-09,18.263134241104126
5.436082574306056e-06,2.1841710662329206e-09,18.26966643333435
5.429760676634032e-06,2.166647750101447e-09,18.276681661605835
5.423464699561009e-06,2.1948245443326186e-09,18.283409595489502
5.41715553481481e-06,2.1697819096999638e-09,18.291304349899292
5.4108586482470855e-06,2.1535984107146078e-09,18.297690391540527
5.404588591773063e-06,2.1841717323667353e-09,18.30427622795105
5.398302619141759e-06,2.1580679465671437e-09,18.31119203567505
5.39202892468893e-06,2.14094542094756e-09,18.317676782608032
5.3857816055824514e-06,2.171291146879639e-09,18.32520866394043
5.379520644055447e-06,2.145135846731705e-09,18.331568002700806
5.373286057874793e-06,2.1669135374935422e-09,18.338176727294922
5.367041012505069e-06,2.142493960022307e-09,18.344901084899902
5.360807335819118e-06,2.1272219541401682e-09,18.351524114608765
5.354584573069587e-06,2.118819342200595e-09,18.359342575073242
5.348385911929654e-06,2.150905453746077e-09,18.365715980529785
5.3421877055370715e-06,2.163620393957899e-09,18.372341632843018
5.335994046617998e-06,2.1686310525126373e-09,18.37928819656372
5.329806299414486e-06,2.1710351294501606e-09,18.3861563205719
5.3236108215060085e-06,2.1328991905988914e-09,18.39330768585205
5.317431259754812e-06,2.114300734490371e-09,18.39975643157959
5.3112626119400375e-06,2.1035644337530357e-09,18.406481504440308
5.305102604324929e-06,2.095904783061542e-09,18.41317057609558
5.298951691656839e-06,2.090421835632128e-09,18.41970467567444
5.2928098739357665e-06,2.0884061147086186e-09,18.426761865615845
5.2866735131829046e-06,2.081364192108026e-09,18.4331796169281
5.280545337882359e-06,2.0757358054623865e-09,18.440857887268066
5.2744258027814794e-06,2.0706005798842853e-09,18.447291374206543
5.268314907880267e-06,2.069455273812082e-09,18.453856468200684
5.262212198431371e-06,2.0676351741855115e-09,18.46069884300232
5.256116764940089e-06,2.0658337263057547e-09,18.467177152633667
5.25002815265907e-06,2.063362813942149e-09,18.47473907470703
5.243961822998244e-06,2.0941348655156844e-09,18.481148958206177
5.2378973123268224e-06,2.112238606244432e-09,18.487762928009033
5.231820068729576e-06,2.078266447824717e-09,18.4945707321167
5.225755103310803e-06,2.058389236836433e-09,18.500999927520752
5.2197046898072585e-06,2.0537740397230664e-09,18.508546113967896
5.213661552261328e-06,2.047371383540053e-09,18.515148639678955
5.2076406973355915e-06,2.078948124761837e-09,18.522596836090088
5.20162257089396e-06,2.0995969407522352e-09,18.529283046722412
5.195606263441732e-06,2.1026762553333356e-09,18.536657094955444
5.189579042053083e-06,2.062909176814287e-09,18.543575048446655
5.183583652978996e-06,2.08034545146063e-09,18.55023694038391
5.177575076231733e-06,2.047756852974203e-09,18.558173179626465
5.1715819608944e-06,2.0362045383137684e-09,18.56458592414856
5.165611582924612e-06,2.0608585948878044e-09,18.57204008102417
5.159628472028999e-06,2.03618433225472e-09,18.58014988899231
5.15365809405921e-06,2.0209536266690975e-09,18.587491512298584
5.147697720531141e-06,2.015833722168736e-09,18.594157457351685
5.1417450777080376e-06,2.0098223085796008e-09,18.600656747817993
5.135814262757776e-06,2.0404631317916255e-09,18.60811471939087
5.129871624376392e-06,2.023010869933728e-09,18.614481687545776
5.123938990436727e-06,2.009768129695999e-09,18.62111186981201
5.11801545144408e-06,2.000204446517273e-09,18.62755036354065
5.112101007398451e-06,1.997879195414498e-09,18.633991241455078
5.1061942940577865e-06,1.9962675956719522e-09,18.641398429870605
5.100295311422087e-06,1.991629750008883e-09,18.647839784622192
5.094401785754599e-06,1.9860038058538976e-09,18.655006170272827
5.088515990792075e-06,1.978032626581694e-09,18.66166114807129
5.0826388360292185e-06,1.9758767955124767e-09,18.668431758880615
5.076768502476625e-06,1.9716150934101506e-09,18.676218271255493
5.070921815786278e-06,2.0077286499997626e-09,18.68283724784851
5.065058303443948e-06,1.984313824365813e-09,18.68982243537903
5.05922162119532e-06,2.0078738671713836e-09,18.696399927139282
5.0533881221781485e-06,2.0208685835854112e-09,18.70329236984253
5.0475441639719065e-06,1.989696407633801e-09,18.710004091262817
5.04171339343884e-06,1.9754355928824907e-09,18.716458559036255
5.035891717852792e-06,1.96222749160313e-09,18.724206686019897
5.030094598623691e-06,1.992933151839793e-09,18.730579137802124
5.02428201798466e-06,1.969763019360471e-09,18.737218856811523
5.0184817155241035e-06,1.9554904362450998e-09,18.743671894073486
5.012691417505266e-06,1.949672201462249e-09,18.750369787216187
5.006924311601324e-06,1.984449937708632e-09,18.75806999206543
5.00114083479275e-06,1.9583794585997794e-09,18.764636039733887
4.9953669076785445e-06,1.9394621464385864e-09,18.772865056991577
4.9896070777322166e-06,1.937132454443713e-09,18.779452323913574
4.983854523743503e-06,1.9334556178307594e-09,18.786255359649658
4.97812288813293e-06,1.9667731887551554e-09,18.793803453445435
4.9723762458597776e-06,1.9436705578357305e-09,18.800318241119385
4.966641881765099e-06,1.932964899253875e-09,18.808416843414307
4.960914338880684e-06,1.9204731138700026e-09,18.815001249313354
4.955196800437989e-06,1.9158894470905352e-09,18.82197117805481
4.949502454110188e-06,1.9541621654184382e-09,18.82857584953308
4.943789917888353e-06,1.9257668792960203e-09,18.83531880378723
4.938091933581745e-06,1.9156896069461027e-09,18.843247413635254
4.932401679980103e-06,1.907801472356141e-09,18.850401878356934
4.926719157083426e-06,1.9023906894233278e-09,18.85882306098938
4.921043910144363e-06,1.8973498328023197e-09,18.865193367004395
4.915377303404966e-06,1.894976175975671e-09,18.87197971343994
4.909716608381132e-06,1.890044787344891e-09,18.87874674797058
4.904063644062262e-06,1.886768963288432e-09,18.885536909103394
4.898418865195708e-06,1.8872983176265734e-09,18.893248558044434
4.8927786338026635e-06,1.8797270406878397e-09,18.899704933166504
4.8871470426092856e-06,1.8775951904359545e-09,18.907639503479004
4.881537734036101e-06,1.9144907881241124e-09,18.914125680923462
4.875913873547688e-06,1.8951085145602065e-09,18.920745849609375
4.870298653258942e-06,1.8804324763976865e-09,18.92721939086914
4.864693892159266e-06,1.874995492201492e-09,18.933703660964966
4.859096407017205e-06,1.8694552572640077e-09,18.94138741493225
4.853505743085407e-06,1.863616150288294e-09,18.947747468948364
4.847937361773802e-06,1.8969867898732673e-09,18.954917669296265
4.8423676162201446e-06,1.909960412049827e-09,18.961498498916626
4.8367883209721185e-06,1.879619571099056e-09,18.967859029769897
4.831221758649917e-06,1.865459342553777e-09,18.97518014907837
4.825663381780032e-06,1.852928810386345e-09,18.98157548904419
4.820115009351866e-06,1.8494692444193106e-09,18.988428592681885
4.814574367628666e-06,1.8474636265253253e-09,18.994928121566772
4.809052370546851e-06,1.876980570969522e-09,19.001461267471313
4.803519004781265e-06,1.8574867199916412e-09,19.00897741317749
4.798009285877924e-06,1.8816497249218855e-09,19.015387296676636
4.792485924554057e-06,1.8532186896180747e-09,19.02210307121277
4.786975750903366e-06,1.8406918211866241e-09,19.02851915359497
4.781474217452342e-06,1.834428164926294e-09,19.035287857055664
4.775980869453633e-06,1.8288555114764904e-09,19.042715549468994
4.770494342665188e-06,1.8245096544688977e-09,19.04895806312561
4.765015091834357e-06,1.8226085085615296e-09,19.055755138397217
4.759542207466438e-06,1.8190162709430524e-09,19.062716484069824
4.754077963298187e-06,1.818318606794378e-09,19.06938886642456
4.748617811856093e-06,1.8116969036086061e-09,19.07673406600952
4.743166755361017e-06,1.8107617627549644e-09,19.083210468292236
4.737734343507327e-06,1.8418186975566186e-09,19.0909321308136
4.732290108222514e-06,1.8224982634151843e-09,19.097336053848267
4.7268545131373685e-06,1.809324579049587e-09,19.104751110076904
4.721428922493942e-06,1.804452476328322e-09,19.111754894256592
4.716008788818726e-06,1.7978469823987098e-09,19.11809730529785
4.710598204837879e-06,1.7960094522706527e-09,19.126306533813477
4.705192623077892e-06,1.792544779277705e-09,19.132913827896118
4.6997947720228694e-06,1.7883405867280544e-09,19.140925645828247
4.694417384598637e-06,1.8225075892885911e-09,19.147531509399414
4.689025900006527e-06,1.8007235702555136e-09,19.154838800430298
4.6836453293508384e-06,1.790564474468681e-09,19.16149401664734
4.678271125158062e-06,1.7809241859012559e-09,19.168213844299316
4.672906470659655e-06,1.7792285422757459e-09,19.176313161849976
4.6675477278768085e-06,1.7732948442983343e-09,19.18237042427063
4.662197170546278e-06,1.771564339669851e-09,19.18952775001526
4.65685252493131e-06,1.7690569009687351e-09,19.196112394332886
4.651515155273955e-06,1.767579638212169e-09,19.202786922454834
4.646184152079513e-06,1.7645458427750782e-09,19.210192680358887
4.6408722482738085e-06,1.7971298893471044e-09,19.216607332229614
4.635545792552875e-06,1.7723276179992808e-09,19.224611520767212
4.630232979252469e-06,1.7632708626535987e-09,19.230982303619385
4.624926532414975e-06,1.758107437410672e-09,19.23769474029541
4.619627361535095e-06,1.7542880481613565e-09,19.24437689781189
4.614335466612829e-06,1.7504229177234265e-09,19.250842332839966
4.609050392900826e-06,1.748694744563295e-09,19.258508920669556
4.603772140399087e-06,1.7454848677544987e-09,19.26449489593506
4.5985120777913835e-06,1.7747302516468721e-09,19.270766496658325
4.593239282257855e-06,1.7531084361976923e-09,19.27793312072754
4.5879778554080985e-06,1.7440217048303452e-09,19.284394025802612
4.5827227950212546e-06,1.735467103358701e-09,19.29189395904541
4.577475465339376e-06,1.7294372600673569e-09,19.298293828964233
4.5722372306045145e-06,1.7297309140573702e-09,19.305097103118896
4.567003088595811e-06,1.7237071769926615e-09,19.312392711639404
4.561776222544722e-06,1.7204520030844606e-09,19.31899118423462
4.556557541945949e-06,1.7225264548059727e-09,19.326562643051147
4.551343408820685e-06,1.7177814726210272e-09,19.33302640914917
4.546137461147737e-06,1.7184437206552161e-09,19.339824199676514
4.540950158116175e-06,1.7518601014288038e-09,19.346362113952637
4.535747848422034e-06,1.7277802522031038e-09,19.353341579437256
4.530556452664314e-06,1.7159179632741939e-09,19.36035466194153
4.52537324235891e-06,1.708231889274714e-09,19.36704707145691
4.520210950431647e-06,1.7401484697643355e-09,19.374813079833984
4.515033651841804e-06,1.714140274167164e-09,19.381280660629272
4.509868176683085e-06,1.7025476584109356e-09,19.387953519821167
4.504712705966085e-06,1.7021934972660802e-09,19.39445948600769
4.499561782722594e-06,1.6948265013638775e-09,19.401015758514404
4.494418590184068e-06,1.6906883670841921e-09,19.408584356307983
4.489281764108455e-06,1.690068529569544e-09,19.415051221847534
4.484162673179526e-06,1.7177717026584105e-09,19.421765565872192
4.479031304072123e-06,1.6957456550059646e-09,19.428252458572388
4.4739103941537905e-06,1.686151329671759e-09,19.434828758239746
4.468798579182476e-06,1.6812558012446743e-09,19.442331552505493
4.463694040168775e-06,1.6815654424462423e-09,19.448802709579468
4.4585945033759344e-06,1.6768015864698782e-09,19.455541610717773
4.453501787793357e-06,1.6739722941139235e-09,19.46409273147583
4.44841452917899e-06,1.6696058979803752e-09,19.470759630203247
4.443335001269588e-06,1.668343019289864e-09,19.477627992630005
4.438260020833695e-06,1.6630671284545429e-09,19.484155893325806
4.433206413523294e-06,1.6960549631406252e-09,19.492212057113647
4.428138709045015e-06,1.6779283518175703e-09,19.498651266098022
4.423080099513754e-06,1.6657123458330148e-09,19.505380630493164
4.41803013018216e-06,1.6581138684301777e-09,19.511890411376953
4.412986527313478e-06,1.65435298793426e-09,19.51843762397766
4.407950200402411e-06,1.650972247801974e-09,19.526113033294678
4.402918875712203e-06,1.6479975162297933e-09,19.532581567764282
4.39789528172696e-06,1.6448238326915998e-09,19.53926420211792
4.39287805420463e-06,1.6447606610014986e-09,19.545735836029053
4.387864919408457e-06,1.6397102564624788e-09,19.552332639694214
4.382859970064601e-06,1.635565793911553e-09,19.55989360809326
4.377860477688955e-06,1.6340945263593198e-09,19.566392183303833
4.372869170765625e-06,1.6353399745483443e-09,19.573153734207153
4.367880592326401e-06,1.629289925197952e-09,19.579615592956543
4.362900654086843e-06,1.6286364479256576e-09,19.586264848709106
4.357925718068145e-06,1.627659784730895e-09,19.593321323394775
4.3529580580070615e-06,1.625989121123439e-09,19.599805116653442
4.347994945419487e-06,1.621549117203358e-09,19.606497764587402
4.343038199294824e-06,1.6202552632904599e-09,19.61296772956848
4.338088274380425e-06,1.6182818418641887e-09,19.619635581970215
4.3331438064342365e-06,1.614828715190697e-09,19.626643657684326
4.328204795456259e-06,1.611232924858541e-09,19.6331467628479
4.323273060435895e-06,1.6096293187217725e-09,19.64086151123047
4.318347237131093e-06,1.6071141084594842e-09,19.647315502166748
4.313412773626624e-06,1.5656081986392678e-09,19.653979539871216
4.308506049710559e-06,1.5832530841919379e-09,19.660484790802002
4.30360250902595e-06,1.5921314266975628e-09,19.666977643966675
4.29870351581485e-06,1.5977309475445622e-09,19.67467975616455
4.293806796340505e-06,1.593383980313945e-09,19.6811306476593
4.288917807571124e-06,1.5925388785476002e-09,19.687764167785645
4.284033821022604e-06,1.589487208519813e-09,19.694281339645386
4.2791557461896446e-06,1.5866629121674691e-09,19.700788974761963
4.274283583072247e-06,1.5841157274820716e-09,19.70844340324402
4.269417786417762e-06,1.5825929455814958e-09,19.71491265296936
4.264559265720891e-06,1.5822416710165044e-09,19.721598625183105
4.259704383002827e-06,1.5793453211898623e-09,19.728093147277832
4.254857685737079e-06,1.5808082620694108e-09,19.73459792137146
4.250015990692191e-06,1.5790696528128478e-09,19.742294788360596
4.2451788431208115e-06,1.5743902848086577e-09,19.748753786087036
4.240347607264994e-06,1.569268381906852e-09,19.75541114807129
4.235523192619439e-06,1.5664837205164872e-09,19.76190161705017
4.230690592521569e-06,1.5255559038251931e-09,19.76851511001587
4.225887096254155e-06,1.5477121806384275e-09,19.776162147521973
4.221084964228794e-06,1.5566321565074759e-09,19.782772541046143
4.216285560687538e-06,1.5583759838122546e-09,19.78979992866516
4.211491159367142e-06,1.5569083799960026e-09,19.796472549438477
4.206702669762308e-06,1.5561366639715857e-09,19.80327606201172
4.201919637125684e-06,1.5548747844817967e-09,19.810263872146606
4.197142516204622e-06,1.5524401764110962e-09,19.817039966583252
4.19237085225177e-06,1.5491917748633455e-09,19.82474946975708
4.187606009509182e-06,1.5488993421186592e-09,19.83144211769104
4.182845714240102e-06,1.545792716051153e-09,19.838473796844482
4.178091330686584e-06,1.5425772881272337e-09,19.845131158828735
4.17334422309068e-06,1.5416755649866332e-09,19.85224461555481
4.1686012082209345e-06,1.5388362806234568e-09,19.860395908355713
4.1638627408246975e-06,1.531004767407751e-09,19.867074489593506
4.1591329136281274e-06,1.5315534396265207e-09,19.875290632247925
4.154408998147119e-06,1.5311587553412664e-09,19.881702661514282
4.149689630139619e-06,1.528729920430294e-09,19.888425827026367
4.144976628595032e-06,1.52709767053949e-09,19.894838571548462
4.140269084018655e-06,1.525959358872342e-09,19.901337385177612
4.135566541663138e-06,1.5216298221432112e-09,19.909078121185303
4.130869911023183e-06,1.5193537539204272e-09,19.91566038131714
4.126166459172964e-06,1.4797532088550724e-09,19.922502040863037
4.121488927921746e-06,1.4971485162718068e-09,19.92911696434021
4.116814579901984e-06,1.5070759085134e-09,19.936026096343994
4.112142960366327e-06,1.5101022654562257e-09,19.94330668449402
4.107461791136302e-06,1.4706789119856012e-09,19.949732303619385
4.102806542505277e-06,1.4860916941472624e-09,19.956499099731445
4.098154022358358e-06,1.4951424542886116e-09,19.962916612625122
4.093505140190246e-06,1.4961236693977753e-09,19.969361782073975
4.08885989600094e-06,1.4933588809995513e-09,19.976728439331055
4.084223292011302e-06,1.4974421702618201e-09,19.98337435722351
4.07958987125312e-06,1.4967286299238935e-09,19.990949630737305
4.0749487197899725e-06,1.4592297370441543e-09,19.997313499450684
4.070334398420528e-06,1.4773295919923157e-09,20.003926038742065
4.065719622303732e-06,1.480840006173878e-09,20.010799884796143
4.061111212649848e-06,1.484529166262405e-09,20.01771903038025
4.056506440974772e-06,1.483443701211229e-09,20.025670289993286
4.0519062167732045e-06,1.48123369125841e-09,20.032299280166626
4.0473128137819e-06,1.4805211501212057e-09,20.03912115097046
4.042724867758807e-06,1.4804629744347153e-09,20.045756816864014
4.03814055971452e-06,1.4736342146548509e-09,20.052486419677734
4.033563982375199e-06,1.474938837731088e-09,20.059991359710693
4.028992862004088e-06,1.4734834463681068e-09,20.06664228439331
4.024412191938609e-06,1.4332445230635926e-09,20.074259042739868
4.019858806714183e-06,1.4504378809121476e-09,20.080913305282593
4.015306785731809e-06,1.4564608408207391e-09,20.087722063064575
4.010745215055067e-06,1.422082007707104e-09,20.094399452209473
4.006209110229975e-06,1.441552877068375e-09,20.101076126098633
4.0016752791416366e-06,1.4512421264711861e-09,20.109007120132446
3.997144631284755e-06,1.456656684162283e-09,20.115655183792114
3.992618076154031e-06,1.4573193762856818e-09,20.12246322631836
3.9880815165815875e-06,1.4138934467666786e-09,20.12910032272339
3.983573151344899e-06,1.4352358190805603e-09,20.135853052139282
3.979066605097614e-06,1.4439109907726788e-09,20.143333911895752
3.974549144913908e-06,1.4099694745084435e-09,20.150971174240112
3.97005624108715e-06,1.4278728199812463e-09,20.158894538879395
3.965565156249795e-06,1.435212726441648e-09,20.16550588607788
3.961078164138598e-06,1.4389781588519668e-09,20.172377347946167
3.9565957195009105e-06,1.441781138922238e-09,20.17903447151184
3.95211691284203e-06,1.437896579581377e-09,20.18576741218567
3.947644472646061e-06,1.4356184019348461e-09,20.19338583946228
3.943177034670953e-06,1.4341823284524935e-09,20.20002818107605
3.938715508411406e-06,1.4320622465646693e-09,20.207684993743896
3.934258529625367e-06,1.429367735283904e-09,20.2143235206604
3.929806553060189e-06,1.426062601339595e-09,20.22115659713745
3.925361397705274e-06,1.4244015966724533e-09,20.227839946746826
3.920921244571218e-06,1.4240362222750491e-09,20.234514474868774
3.916487003152724e-06,1.4227740097183528e-09,20.242305040359497
3.91205776395509e-06,1.421825435166113e-09,20.24910831451416
3.907633072230965e-06,1.4182175434029887e-09,20.25762438774109
3.90321383747505e-06,1.4151027016851003e-09,20.26410937309265
3.898787781508872e-06,1.378333780444052e-09,20.271678686141968
3.8943730942264665e-06,1.358387846650544e-09,20.27813482284546
3.889979780069552e-06,1.3843156621007324e-09,20.285144567489624
3.885573732986813e-06,1.357016277125922e-09,20.29320788383484
3.8811917875136714e-06,1.3822012423503338e-09,20.299760580062866
3.8768098420405295e-06,1.3939136511709194e-09,20.308077335357666
3.872430170304142e-06,1.397584714624145e-09,20.31444263458252
3.868055046041263e-06,1.3982087709862867e-09,20.32180118560791
3.8636840145045426e-06,1.3956303890338972e-09,20.328284740447998
3.859319349430734e-06,1.3970472556579239e-09,20.335236072540283
3.854959231830435e-06,1.3950198773926559e-09,20.343199491500854
3.8506032069562934e-06,1.391041726250819e-09,20.350171089172363
3.846254003292415e-06,1.389708792487454e-09,20.358829498291016
3.841909801849397e-06,1.3888150629526308e-09,20.365224838256836
3.83757151212194e-06,1.3888630245872946e-09,20.372884273529053
3.833237315120641e-06,1.3862145875620513e-09,20.379284620285034
3.828909029834904e-06,1.3862505587880491e-09,20.386521339416504
3.824584837275324e-06,1.3821706001948542e-09,20.39337921142578
3.820252459263429e-06,1.341567301693658e-09,20.399935007095337
3.815946456597885e-06,1.3598645542955978e-09,20.408153295516968
3.8116422729217447e-06,1.3677539101308867e-09,20.414729118347168
3.8073417272244114e-06,1.371884383871702e-09,20.422099590301514
3.8030448195058852e-06,1.3719444469373343e-09,20.428524494171143
3.7987390442140168e-06,1.3317048574990054e-09,20.435556411743164
3.7944589621474734e-06,1.3483099081668115e-09,20.443196535110474
3.7901797895756317e-06,1.3554563027540212e-09,20.449729442596436
3.785905164477299e-06,1.358617329749734e-09,20.458091020584106
3.781633949984098e-06,1.3573779877873449e-09,20.464465618133545
3.777368419832783e-06,1.3576965107731098e-09,20.47180485725403
3.773108119276003e-06,1.3588694613986263e-09,20.47826313972473
3.768838041651179e-06,1.3180184721406363e-09,20.48523449897766
3.7645943393727066e-06,1.3361178829995879e-09,20.49273419380188
3.760358367799199e-06,1.3615433225311335e-09,20.499313354492188
3.7561028420896037e-06,1.3177009483555935e-09,20.507598400115967
3.751858457690105e-06,1.292145945797074e-09,20.514003038406372
3.7476331726793433e-06,1.3047019020717698e-09,20.52141308784485
3.743415845747222e-06,1.3254962683006966e-09,20.52788233757019
3.7391857858892763e-06,1.2960197359745962e-09,20.53476095199585
3.73497869077255e-06,1.3171851387383526e-09,20.54273295402527
3.7307672755559906e-06,1.3117038566434758e-09,20.549179553985596
3.7265597256919136e-06,1.3023353506724789e-09,20.55759596824646
3.722366272995714e-06,1.317943532086474e-09,20.564051151275635
3.7181732750468655e-06,1.322608689235949e-09,20.571277856826782
3.713991191034438e-06,1.3425199840710889e-09,20.577707767486572
3.709798420459265e-06,1.3176126856251358e-09,20.584603548049927
3.7056274777569342e-06,1.3409783283790944e-09,20.592683792114258
3.701436298797489e-06,1.2937257931611157e-09,20.59907603263855
3.6972726320527727e-06,1.3088072847722287e-09,20.60760259628296
3.693111466418486e-06,1.3160019740610096e-09,20.613977909088135
3.6889528018946294e-06,1.3176476576504115e-09,20.621168851852417
3.6847920910076937e-06,1.2990711839577784e-09,20.62767195701599
3.6806463867833372e-06,1.3078456095882984e-09,20.634461164474487
3.676497271953849e-06,1.2932677151411553e-09,20.642354249954224
3.6723606626765104e-06,1.3010030830429287e-09,20.64884114265442
3.668221552288742e-06,1.2864895815312138e-09,20.65622615814209
3.6640965390688507e-06,1.297983720505158e-09,20.662614345550537
3.6599678878701525e-06,1.284255812805668e-09,20.669845819473267
3.6558533338393318e-06,1.297956075951845e-09,20.67660665512085
3.6517401440505637e-06,1.3006430377160427e-09,20.68316411972046
3.6476315017353045e-06,1.3031401513430296e-09,20.69147515296936
3.64352013093594e-06,1.282859485307597e-09,20.697859287261963
3.639423312051804e-06,1.2899022960866091e-09,20.705307960510254
3.6353253562992904e-06,1.2798127002611182e-09,20.711981534957886
3.631231038525584e-06,1.2670754445665011e-09,20.719025135040283
3.627144451456843e-06,1.262177140581855e-09,20.72630286216736
3.623070369940251e-06,1.2762217949102705e-09,20.732887268066406
3.6189921956975013e-06,1.2673150306952152e-09,20.741439819335938
3.6149190236756112e-06,1.2584546738025892e-09,20.747820615768433
3.6108583572058706e-06,1.2717249475713288e-09,20.755217790603638
3.606799737099209e-06,1.274534922046655e-09,20.761749505996704
3.602744072850328e-06,1.274606420409441e-09,20.768961668014526
3.5986943203170085e-06,1.27731192289815e-09,20.77660584449768
3.5946436582889874e-06,1.2610620325759214e-09,20.783013582229614
3.5905989079765277e-06,1.2498307944142084e-09,20.78982925415039
3.586566435842542e-06,1.2597792808932695e-09,20.796337604522705
3.582532372092828e-06,1.2509854263598186e-09,20.802879333496094
3.578509449653211e-06,1.260450077644748e-09,20.809612274169922
3.574483571355813e-06,1.2473776456189967e-09,20.816073417663574
3.5704711081052665e-06,1.2580619879187793e-09,20.822890520095825
3.5664534152601846e-06,1.2424106188291262e-09,20.829402685165405
3.562450729077682e-06,1.2541807592469922e-09,20.83592438697815
3.5584503166319337e-06,1.2587582087775218e-09,20.843204975128174
3.554453314791317e-06,1.2604407517713412e-09,20.849603414535522
3.550460633050534e-06,1.2591776510362251e-09,20.858865976333618
3.546465904946672e-06,1.2387512127176592e-09,20.865270614624023
3.5424793622951256e-06,1.2291324624769118e-09,20.87197780609131
3.5385057799430797e-06,1.2422636253006658e-09,20.87864089012146
3.5345335618330864e-06,1.2453971187653678e-09,20.885483980178833
3.530559752107365e-06,1.231375668098167e-09,20.893244743347168
3.526592308844556e-06,1.2205972899081985e-09,20.899737119674683
3.522631004670984e-06,1.2143206440384802e-09,20.906493186950684
3.5186749300919473e-06,1.2104409696789276e-09,20.91299796104431
3.5147254493494984e-06,1.210616051849911e-09,20.919607639312744
3.5107857456750935e-06,1.2260629178584281e-09,20.926755666732788
3.506840585032478e-06,1.2117602476990896e-09,20.933132648468018
3.50290952155774e-06,1.2242810099039048e-09,20.939854383468628
3.4989809591934318e-06,1.2312253439006327e-09,20.946396112442017
3.495054670565878e-06,1.2306294872033163e-09,20.952949047088623
3.4911336115328595e-06,1.2313431385635454e-09,20.95964550971985
3.487216645225999e-06,1.2313036146238687e-09,20.966171979904175
3.483296950435033e-06,1.2088384737651836e-09,20.974302291870117
3.4793931718013482e-06,1.2187124642792924e-09,20.98095417022705
3.475491212157067e-06,1.221028500530963e-09,20.987581968307495
3.4715942547336454e-06,1.2241949676194963e-09,20.994187831878662
3.4676934319577413e-06,1.203597999044348e-09,21.001167058944702
3.4638014767551795e-06,1.194382370783842e-09,21.009001970291138
3.4599145237734774e-06,1.1856808868060398e-09,21.015371084213257
3.4560348467493895e-06,1.1843468428196502e-09,21.0219783782959
3.4521592624514597e-06,1.1821892353935937e-09,21.028797388076782
3.448295046837302e-06,1.1985782366608078e-09,21.035410404205322
3.444425601628609e-06,1.1885538109268623e-09,21.04275417327881
3.440562295509153e-06,1.1808460875784021e-09,21.049325704574585
3.4367044463579077e-06,1.1771752461697815e-09,21.05591893196106
3.4328522815485485e-06,1.1763614526927313e-09,21.06259775161743
3.429003527344321e-06,1.1711507319489556e-09,21.069790363311768
3.4251609122293303e-06,1.1698599866605264e-09,21.076671600341797
3.4213219350931467e-06,1.1678473743614859e-09,21.083202600479126
3.4174881875514984e-06,1.1669918364987097e-09,21.09094524383545
3.413658987483359e-06,1.165012308845803e-09,21.097659587860107
3.4098400192306144e-06,1.1809042632648925e-09,21.10441517829895
3.4060167308780365e-06,1.1706544622569481e-09,21.11125087738037
3.402205948077608e-06,1.1824848877850513e-09,21.117932558059692
3.398396984266583e-06,1.1874751182361365e-09,21.125662565231323
3.394585064597777e-06,1.1710703518019727e-09,21.13223361968994
3.390781103007612e-06,1.1632106389214414e-09,21.13916325569153
3.38698146151728e-06,1.1549562417556558e-09,21.145792245864868
3.3831881864898605e-06,1.152992257225094e-09,21.152355909347534
3.3794053706515115e-06,1.1680079126108467e-09,21.159915924072266
3.3756189168343553e-06,1.1580310044223552e-09,21.16655397415161
3.3718372378643835e-06,1.1513159314802124e-09,21.174286127090454
3.3680682918202365e-06,1.1658431997574326e-09,21.180980682373047
3.364293888807879e-06,1.1534765365084354e-09,21.187581777572632
3.3605331282160478e-06,1.1667667942916182e-09,21.19415307044983
3.356773959239945e-06,1.1727113724546712e-09,21.200763940811157
3.3530109249113593e-06,1.1539883493227876e-09,21.20852780342102
3.3492553939140635e-06,1.1431102731052079e-09,21.215184450149536
3.3455064567533555e-06,1.1383795017749776e-09,21.221842288970947
3.341762521813507e-06,1.136212013364002e-09,21.22838258743286
3.338022679599817e-06,1.133338756176272e-09,21.235042810440063
3.3342944334435742e-06,1.1494070140116719e-09,21.24284291267395
3.3305677789030597e-06,1.158591445005186e-09,21.24920415878296
3.3268365768890362e-06,1.1415540734915908e-09,21.25621795654297
3.3231119687116006e-06,1.129842552849425e-09,21.262783527374268
3.3193998660863144e-06,1.143714012385999e-09,21.26986289024353
3.3156843528558966e-06,1.1330412164056725e-09,21.27669405937195
3.3119804356829263e-06,1.1435259406056275e-09,21.283228158950806
3.308272880531149e-06,1.1307083047640276e-09,21.291481733322144
3.304571237094933e-06,1.1221678031247961e-09,21.29791021347046
3.3008825539582176e-06,1.1380868469856864e-09,21.30499529838562
3.2971879591059405e-06,1.125384563316345e-09,21.311455249786377
3.293499730716576e-06,1.1170641078805943e-09,21.31801748275757
3.2898240078793606e-06,1.133834692801372e-09,21.325905084609985
3.2861485124158207e-06,1.1373066932662823e-09,21.332477807998657
3.282470970589202e-06,1.1219465356759883e-09,21.33919930458069
3.27879956785182e-06,1.1142460287771883e-09,21.345656394958496
3.2751402159192367e-06,1.1270394617568513e-09,21.35299062728882
3.271476089139469e-06,1.1125430576797157e-09,21.36031174659729
3.26781901094364e-06,1.1064001936844647e-09,21.36689829826355
3.2641728466842324e-06,1.1195121496498928e-09,21.374890327453613
3.2605230444460176e-06,1.1107337272164841e-09,21.38124418258667
3.2568782444286626e-06,1.1016638712391114e-09,21.38793921470642
3.2532452678424306e-06,1.115437520127216e-09,21.3946795463562
3.2496079711563652e-06,1.1046451531271373e-09,21.401257753372192
3.245976358812186e-06,1.096991164573069e-09,21.409035682678223
3.2423504308098927e-06,1.094439538995573e-09,21.415426015853882
3.238729277654784e-06,1.092714141393003e-09,21.422157526016235
3.2351126719731838e-06,1.090694423666605e-09,21.4285786151886
3.2314999316440662e-06,1.08854680824777e-09,21.435418844223022
3.2278912840411067e-06,1.0860758958841643e-09,21.442769050598145
3.2242930956272176e-06,1.1012332157278593e-09,21.449148654937744
3.2206903597398195e-06,1.0901008984376404e-09,21.45585346221924
3.2170933081943076e-06,1.0846303855061024e-09,21.462283849716187
3.2135023957380326e-06,1.0826198826308087e-09,21.468923330307007
3.209914666513214e-06,1.0783478554543535e-09,21.476357460021973
3.206338078598492e-06,1.095419643881712e-09,21.482866764068604
3.202763537046849e-06,1.1046602521602722e-09,21.489574670791626
3.1991842206480214e-06,1.0881762158021502e-09,21.495990753173828
3.1956112707121065e-06,1.0780449866132358e-09,21.502819776535034
3.192045141986455e-06,1.073681588081854e-09,21.50957942008972
3.188483105986961e-06,1.0704447328535593e-09,21.516143083572388
3.184932666044915e-06,1.0894481983214632e-09,21.5229070186615
3.1813758596399566e-06,1.0768873570654591e-09,21.529378175735474
3.177830876666121e-06,1.0869677380398457e-09,21.5362606048584
3.1742822557134787e-06,1.0737165601071297e-09,21.544016122817993
3.170746822434012e-06,1.0858040022654336e-09,21.550729751586914
3.1672066143073607e-06,1.0727757571160623e-09,21.558892011642456
3.163672317896271e-06,1.064776822268243e-09,21.56545352935791
3.160149617542629e-06,1.0791633142659407e-09,21.57210659980774
3.156622142341803e-06,1.0657832394400657e-09,21.5787034034729
3.1531064905720996e-06,1.076636224617289e-09,21.585341691970825
3.149593794660177e-06,1.0820202511752086e-09,21.592819690704346
3.1460774607694475e-06,1.0653377069402836e-09,21.5994930267334
3.142567948088981e-06,1.0569016772876694e-09,21.606236934661865
3.1390643471240764e-06,1.0533238725685123e-09,21.612746715545654
3.1355652936326806e-06,1.0504915826103911e-09,21.619258642196655
3.1320703328674426e-06,1.0483214296641563e-09,21.626860857009888
3.1285794648283627e-06,1.0444974885004399e-09,21.63336992263794
3.1250924621417653e-06,1.0431416841427676e-09,21.640928983688354
3.1216109164233785e-06,1.0430974972663876e-09,21.647335290908813
3.118132553936448e-06,1.0407391615174788e-09,21.65391445159912
3.1146582841756754e-06,1.0397395167061063e-09,21.660484313964844
3.1111942462302977e-06,1.0548966145051963e-09,21.667258977890015
3.107726115558762e-06,1.045456721193716e-09,21.6747727394104
3.10426230498706e-06,1.0389907822982991e-09,21.681148290634155
3.1008103178464808e-06,1.0532779093352929e-09,21.687759399414062
3.097359467574279e-06,1.0609115808080105e-09,21.69438362121582
3.093904524575919e-06,1.0434180186535968e-09,21.701145887374878
3.090456857535173e-06,1.0356668855848739e-09,21.70852518081665
3.087020331804524e-06,1.047377740093225e-09,21.714946269989014
3.083579031226691e-06,1.035131647064702e-09,21.721511125564575
3.0801500088273315e-06,1.0451468579475431e-09,21.72804617881775
3.0767171210754896e-06,1.0330750699338864e-09,21.734760999679565
3.0732899176655337e-06,1.0257401594770954e-09,21.742347240447998
3.069868398597464e-06,1.0222815927107831e-09,21.748708248138428
3.066451427002903e-06,1.0214962209431633e-09,21.755342721939087
3.063037866013474e-06,1.0180627452172075e-09,21.761964321136475
3.059628625123878e-06,1.016082551430486e-09,21.768882513046265
3.05622347696044e-06,1.0153270446622287e-09,21.776138305664062
3.052822876270511e-06,1.0134889594226593e-09,21.782512664794922
3.049425686185714e-06,1.0119521887119731e-09,21.789111852645874
3.0460330435744254e-06,1.011693395724933e-09,21.7957923412323
3.042643584194593e-06,1.00888131182586e-09,21.802601099014282
3.0392586722882697e-06,1.0074686640493269e-09,21.809926748275757
3.035877625734429e-06,1.0060121624633211e-09,21.816397666931152
3.0325070383696584e-06,1.0239320502591909e-09,21.823206663131714
3.029136905752239e-06,1.0312217746388797e-09,21.829731941223145
3.025762453034986e-06,1.0135525752019703e-09,21.83660578727722
3.022395276275347e-06,1.0061749211587312e-09,21.843255043029785
3.019032646989217e-06,9.998448735615284e-10,21.849213123321533
3.0156754746712977e-06,9.979189696807111e-10,21.85592293739319
3.0123219403321855e-06,9.957663582582654e-10,21.86246681213379
3.00897954730317e-06,1.0149362461575606e-09,21.86938452720642
3.0056305604375666e-06,1.0031979691405013e-09,21.876691818237305
3.0022872579138493e-06,9.962121128026524e-10,21.88321542739868
2.9989498671056936e-06,9.941564238502565e-10,21.889877796173096
2.995615659528994e-06,9.911235165915855e-10,21.896373748779297
2.992285772052128e-06,9.883915907948904e-10,21.90323257446289
2.9889592951803934e-06,9.859545402335357e-10,21.910087823867798
2.9856373657821678e-06,9.846301551874603e-10,21.916507482528687
2.9823202112311265e-06,9.84240244861212e-10,21.92430067062378
2.9790062399115413e-06,9.835250391887485e-10,21.93078112602234
2.975695224449737e-06,9.797607170014544e-10,21.937362909317017
2.9723898933298187e-06,9.801860434421883e-10,21.94378638267517
2.969094111904269e-06,9.980063442327491e-10,21.95017147064209
2.9657987852260703e-06,1.0065668298864239e-09,21.95763373374939
2.962499138448038e-06,9.901302000514534e-10,21.96430206298828
2.9592063128802693e-06,9.817722190774703e-10,21.971203565597534
2.9559187169070356e-06,9.779029808143491e-10,21.977781534194946
2.9526418074965477e-06,9.950055224194898e-10,21.984191417694092
2.949358304249472e-06,9.802246792034452e-10,21.9918155670166
2.9460873065545456e-06,9.922793697825227e-10,21.998208045959473
2.9428122161334613e-06,9.79942571532888e-10,22.005016565322876
2.9395489491435e-06,9.916283350008825e-10,22.011725187301636
2.9362809073063545e-06,9.768174047408706e-10,22.018189430236816
2.933024688900332e-06,9.875178452745104e-10,22.02566909790039
2.929764605141827e-06,9.738718720342376e-10,22.032479524612427
2.9265104330988834e-06,9.66406954461263e-10,22.039137363433838
2.9232612632767996e-06,9.62910307045206e-10,22.04554009437561
2.92002187052276e-06,9.76783876005527e-10,22.052048921585083
2.9167774755478604e-06,9.64694768512686e-10,22.059537649154663
2.913545358751435e-06,9.781441212552977e-10,22.066208124160767
2.910308467107825e-06,9.64746615927936e-10,22.072909593582153
2.907076577685075e-06,9.567521219722153e-10,22.079304218292236
2.903850372604211e-06,9.53423673344389e-10,22.0857675075531
2.900627805502154e-06,9.502302278363572e-10,22.093489408493042
2.897415470215492e-06,9.665678257775312e-10,22.09994101524353
2.8941981327079702e-06,9.55606371810802e-10,22.10761570930481
2.8909917091368698e-06,9.667429079485146e-10,22.114054203033447
2.8877811928396113e-06,9.5420549239833e-10,22.1206796169281
2.8845765882579144e-06,9.482487017820063e-10,22.127192974090576
2.8813765311497264e-06,9.452366667161982e-10,22.13397240638733
2.878180339394021e-06,9.413939627833656e-10,22.14147639274597
2.874988012990798e-06,9.388086974482235e-10,22.14788842201233
2.8718061457766453e-06,9.555382041170901e-10,22.15449047088623
2.868618821594282e-06,9.45129308149717e-10,22.16128706932068
2.865437181753805e-06,9.405037859622212e-10,22.167766332626343
2.8622596346394857e-06,9.378766652190507e-10,22.175451517105103
2.8590857255039737e-06,9.337686179833327e-10,22.181957006454468
2.8559163638419705e-06,9.32248056528806e-10,22.188735246658325
2.8527567792480113e-06,9.490724872662781e-10,22.19549322128296
2.849591965059517e-06,9.39612498918052e-10,22.202152967453003
2.846431470970856e-06,9.322208560647027e-10,22.20991063117981
2.843275979103055e-06,9.282597468462939e-10,22.21633267402649
2.8401250347087625e-06,9.264931044583591e-10,22.225550889968872
2.836977046172251e-06,9.221509111867476e-10,22.231953144073486
2.8338338324829238e-06,9.227239528009079e-10,22.238821268081665
2.830694029398728e-06,9.220058050374291e-10,22.245839834213257
2.8275583190406905e-06,9.21532183895124e-10,22.25257110595703
2.824425791914109e-06,9.205957662850039e-10,22.26042127609253
2.8212971301400103e-06,9.19077758343434e-10,22.26690649986267
2.818171878971043e-06,9.171357562287596e-10,22.27437710762024
2.815050265780883e-06,9.166731262943983e-10,22.280826568603516
2.8119320631958544e-06,9.149879187653198e-10,22.287575244903564
2.8088181807106594e-06,9.1404339652712e-10,22.294578313827515
2.805707254083245e-06,9.122215760548613e-10,22.301016092300415
2.8026004201819887e-06,9.105575182744019e-10,22.30860662460327
2.7994967695121886e-06,9.097099740174031e-10,22.315017223358154
2.796397438942222e-06,9.086423835569235e-10,22.321648359298706
2.793301518977387e-06,9.072067541637807e-10,22.328547954559326
2.7902146939595696e-06,9.248973253939141e-10,22.335041284561157
2.7871228667208925e-06,9.146400858917048e-10,22.342806339263916
2.7840355869557243e-06,9.073572448947687e-10,22.349365234375
2.7809535367850913e-06,9.043970017330594e-10,22.356237173080444
2.7778758067142917e-06,9.032296577338172e-10,22.363113403320312
2.7748008051275974e-06,9.013206847541255e-10,22.36994981765747
2.771729896267061e-06,8.995523215205026e-10,22.376997709274292
2.768663080132683e-06,8.994956446350955e-10,22.383497714996338
2.7655992198560853e-06,8.975798437838023e-10,22.39105463027954
2.7625392249319702e-06,8.960988062689523e-10,22.397517442703247
2.759482185865636e-06,8.939338713709333e-10,22.40416431427002
2.7564292395254597e-06,8.936842377238463e-10,22.411110639572144
2.753379249043064e-06,8.907112269973538e-10,22.417598724365234
2.7503338060341775e-06,8.907913850997318e-10,22.425293445587158
2.7472913188830717e-06,8.892792613401923e-10,22.431686401367188
2.744252469710773e-06,8.878765500597297e-10,22.438323736190796
2.7412168037699303e-06,8.852411581550257e-10,22.44523549079895
2.7381852305552457e-06,8.840791432263018e-10,22.45170521736145
2.7351568405720172e-06,8.828850428521662e-10,22.45944333076477
2.7321327706886223e-06,8.822741426328662e-10,22.465813636779785
2.729111656663008e-06,8.808599960552499e-10,22.472556352615356
2.72609372586885e-06,8.794394101840908e-10,22.479323863983154
2.72307988780085e-06,8.782374272264803e-10,22.485992670059204
2.720069232964306e-06,8.77207084748477e-10,22.493281841278076
2.7170617613592185e-06,8.746018353988916e-10,22.49983525276184
2.714059064601315e-06,8.759923342260834e-10,22.507609128952026
2.7110588689538417e-06,8.746833257688991e-10,22.51398277282715
2.7080618565378245e-06,8.725370981288449e-10,22.520709991455078
2.705069391595316e-06,8.733658241055764e-10,22.527188539505005
2.702079655136913e-06,8.713167964913282e-10,22.53397488594055
2.6990942387783434e-06,8.71310745775844e-10,22.541463613510132
2.6961108687828528e-06,8.688309516280412e-10,22.547911643981934
2.6931313641398447e-06,8.657023431446476e-10,22.554599285125732
2.690155724849319e-06,8.648285421131163e-10,22.561014652252197
2.687183496163925e-06,8.636703574538274e-10,22.567574977874756
2.6842151328310138e-06,8.637107695719237e-10,22.575196027755737
2.6812494979822077e-06,8.609741253273739e-10,22.581583499908447
2.6782879558595596e-06,8.622689784409943e-10,22.588260173797607
2.6753295969683677e-06,8.603746604052276e-10,22.59473729133606
2.6723741939349566e-06,8.583399546679971e-10,22.60144591331482
2.6694233383750543e-06,8.581955701636446e-10,22.60901379585266
2.666474983925582e-06,8.569263076907419e-10,22.615347385406494
2.663530494828592e-06,8.557503594630589e-10,22.621976137161255
2.660589416336734e-06,8.554871810950715e-10,22.628701210021973
2.657651521076332e-06,8.542493379337657e-10,22.635160207748413
2.654717263794737e-06,8.530586792510064e-10,22.64279341697693
2.6517864171182737e-06,8.524175809654366e-10,22.649227619171143
2.6488582989259157e-06,8.492536673898599e-10,22.655837297439575
2.6459340460860403e-06,8.47317549457216e-10,22.662395238876343
2.6430136585986475e-06,8.47918124602387e-10,22.669002056121826
2.6400957722216845e-06,8.459294931206784e-10,22.67656707763672
2.6371824333182303e-06,8.459027922569362e-10,22.683027744293213
2.634271595525206e-06,8.448997057541874e-10,22.689873456954956
2.631363940963638e-06,8.42712843951432e-10,22.696494817733765
2.6284601517545525e-06,8.416408125988539e-10,22.70311188697815
2.6255597731505986e-06,8.405075524464678e-10,22.710019826889038
2.6226623504044255e-06,8.38628333443836e-10,22.716412782669067
2.619768793010735e-06,8.380679483721565e-10,22.72320795059204
2.616878646222176e-06,8.370478754571309e-10,22.72973871231079
2.6139916826650733e-06,8.367304071832393e-10,22.736365795135498
2.6111076749657514e-06,8.347928459606635e-10,22.743375778198242
2.6082273052452365e-06,8.329210099411455e-10,22.749772787094116
2.6053505735035287e-06,8.336806800457452e-10,22.756540775299072
2.602482481961488e-06,8.494084324794926e-10,22.763019800186157
2.5996087060775608e-06,8.379347771203527e-10,22.769803285598755
2.596741296656546e-06,8.340949042562329e-10,22.77670383453369
2.593876615719637e-06,8.310157562085863e-10,22.783167600631714
2.5910155727615347e-06,8.27334922792744e-10,22.790966510772705
2.5881586225295905e-06,8.263807416142299e-10,22.797460794448853
2.5853044007817516e-06,8.236798465510731e-10,22.804258823394775
2.582454499133746e-06,8.235111481624813e-10,22.810824155807495
2.5796070985961705e-06,8.219261382613752e-10,22.81735062599182
2.5767635634110775e-06,8.219248615048969e-10,22.824831247329712
2.573922984083765e-06,8.210149782250653e-10,22.83122968673706
2.571086497482611e-06,8.218543068316819e-10,22.837987661361694
2.5682525119918864e-06,8.202272194779425e-10,22.84464120864868
2.565421709732618e-06,8.187612809962275e-10,22.852364540100098
2.5625943180784816e-06,8.17550638299025e-10,22.860296964645386
2.5597703370294767e-06,8.163004161509946e-10,22.8670175075531
2.5569493118382525e-06,8.148543506614203e-10,22.874430418014526
2.5541319246258354e-06,8.142754248652295e-10,22.880900382995605
2.5513172658975236e-06,8.12855949217095e-10,22.88755226135254
2.548506245148019e-06,8.106862403600701e-10,22.894176483154297
2.5456984076299705e-06,8.098902659625651e-10,22.900728702545166
2.5428939807170536e-06,8.082887692495433e-10,22.909615993499756
2.5400925096619176e-06,8.077064017619762e-10,22.916379928588867
2.5372939944645623e-06,8.044442889598713e-10,22.925191640853882
2.534499571993365e-06,8.038567034240884e-10,22.93180012702942
2.5317081053799484e-06,8.037364662705215e-10,22.938523769378662
2.5289200493716635e-06,8.03593525056101e-10,22.944971799850464
2.5261354039685102e-06,8.03384914149774e-10,22.952208995819092
2.52334712058655e-06,7.826254089238205e-10,22.960023880004883
2.5205717975040898e-06,7.914643940232224e-10,22.966437816619873
2.517797611290007e-06,7.946117097645811e-10,22.97322368621826
2.515025471439003e-06,7.938206758595356e-10,22.97972273826599
2.5122571969404817e-06,7.948079416841836e-10,22.98710560798645
2.5094916509260656e-06,7.94808996396057e-10,22.993736267089844
2.5067295155167812e-06,7.949745861601798e-10,23.00072193145752
2.5039698812179267e-06,7.929138456930218e-10,23.008586645126343
2.501213657524204e-06,7.918908861981322e-10,23.014997243881226
2.4984608444356127e-06,7.918549149721343e-10,23.022409677505493
2.4957112145784777e-06,7.909156107821502e-10,23.028877019882202
2.4929636310844216e-06,7.882147712301446e-10,23.035001754760742
2.4902201403165236e-06,7.874495500104217e-10,23.042256116867065
2.487473693690845e-06,7.662119827500646e-10,23.048243284225464
2.484739979990991e-06,7.761505882442066e-10,23.054470777511597
2.4820080852805404e-06,7.813761859765123e-10,23.060515642166138
2.479278236933169e-06,7.836722382137395e-10,23.066746950149536
2.4765508896962274e-06,7.835068704942216e-10,23.07430624961853
2.473826270943391e-06,7.828118708808063e-10,23.080735206604004
2.4711050627956865e-06,7.816219893541643e-10,23.087369203567505
2.468386355758412e-06,7.796393530767887e-10,23.093812942504883
2.4656708319525933e-06,7.768060639179453e-10,23.10050106048584
2.462959628246608e-06,7.776497223943579e-10,23.108146905899048
2.460250470903702e-06,7.765086906807994e-10,23.11451530456543
2.457538357703015e-06,7.541167690305883e-10,23.121052503585815
2.454839432175504e-06,7.653877531765829e-10,23.12767767906189
2.45214164351637e-06,7.693561898669543e-10,23.134134531021118
2.4494456738466397e-06,7.698727766403124e-10,23.141456842422485
2.446753569529392e-06,7.715279526365748e-10,23.14784574508667
2.4440632842015475e-06,7.710407867733693e-10,23.15465807914734
2.4413761821051594e-06,7.697912307591537e-10,23.16114830970764
2.4386922632402275e-06,7.685725389450226e-10,23.167572736740112
2.4360115276067518e-06,7.681553726435197e-10,23.17515516281128
2.4333339752047323e-06,7.674851310035535e-10,23.18152165412903
2.4306589239131426e-06,7.649359479167117e-10,23.18825936317444
2.4279815988847986e-06,7.458336725996162e-10,23.194764375686646
2.4253160972875776e-06,7.548234814969135e-10,23.201215982437134
2.422645593469497e-06,7.366121601570796e-10,23.20857524871826
2.41998736782989e-06,7.486060105144077e-10,23.2150559425354
2.417330051684985e-06,7.541078317352401e-10,23.22170877456665
2.414675464024185e-06,7.585985173363952e-10,23.228193998336792
2.4120224679791136e-06,7.581291150415836e-10,23.234657049179077
2.4093724277918227e-06,7.57127027739557e-10,23.24233865737915
2.406725116088637e-06,7.561449799631248e-10,23.248825550079346
2.4040814423642587e-06,7.551284042506268e-10,23.25560235977173
2.4014404971239856e-06,7.533573209705935e-10,23.262113332748413
2.398802507741493e-06,7.525595147050979e-10,23.26862621307373
2.3961679289641324e-06,7.523918710283795e-10,23.276092529296875
2.393536078670877e-06,7.506631427567356e-10,23.28249454498291
2.390906956861727e-06,7.489533437876617e-10,23.28958535194397
2.388281473031384e-06,7.490436604307149e-10,23.296284914016724
2.3856587176851463e-06,7.481354979965715e-10,23.303569078445435
2.3830393729440402e-06,7.474865171275269e-10,23.310325145721436
2.380422984060715e-06,7.478762054091703e-10,23.316935300827026
2.377808868914144e-06,7.455611128470707e-10,23.32564425468445
2.3751979369990295e-06,7.440213445342181e-10,23.332082271575928
2.3725899609416956e-06,7.42380656948427e-10,23.339877128601074
2.3699858502368443e-06,7.425234871405451e-10,23.346421718597412
2.367383785895072e-06,7.416364189438696e-10,23.35386300086975
2.3647858142794576e-06,7.417873537640673e-10,23.360674381256104
2.3621901164005976e-06,7.405523416714743e-10,23.36763858795166
2.359597147005843e-06,7.392522705096383e-10,23.375816822052002
2.357007133468869e-06,7.379222233261373e-10,23.382253885269165
2.3544207579107024e-06,7.381657507465889e-10,23.391046047210693
2.3518368834629655e-06,7.364125975684033e-10,23.397526741027832
2.3492555101256585e-06,7.335199114777424e-10,23.40494656562805
2.3466777747671586e-06,7.329618023632634e-10,23.411384105682373
2.344103222640115e-06,7.320867245752538e-10,23.41854166984558
2.341531171623501e-06,7.308859628629705e-10,23.426583766937256
2.338962531212019e-06,7.309131078159226e-10,23.43303418159485
2.3363963919109665e-06,7.29760307738303e-10,23.441015005111694
2.333833208467695e-06,7.281680258763856e-10,23.44751262664795
2.331273435629555e-06,7.280072100712687e-10,23.45523238182068
2.328710479559959e-06,7.088488129802784e-10,23.461688995361328
2.3261586648004595e-06,7.155238623823834e-10,23.468830108642578
2.323603212062153e-06,7.004866686699529e-10,23.476596117019653
2.3210527615447063e-06,6.922853956758956e-10,23.48312258720398
2.3185125428426545e-06,7.088922782116924e-10,23.49152445793152
2.3159723241406027e-06,7.150846026426905e-10,23.498010396957397
2.3134334696806036e-06,7.171072069489526e-10,23.50539803504944
2.3108975710783852e-06,7.183680317268681e-10,23.511856079101562
2.3083641735865967e-06,7.176621519278115e-10,23.51854395866394
2.305833277205238e-06,7.170946614287743e-10,23.52612018585205
2.303305791429011e-06,7.167006987884861e-10,23.532524585723877
2.3007805793895386e-06,7.163005188992599e-10,23.539230346679688
2.298258323207847e-06,7.142950675387283e-10,23.545713663101196
2.2957394776312867e-06,7.148893144126589e-10,23.552315711975098
2.2932231331651565e-06,7.137534452361649e-10,23.56006383895874
2.2907095171831315e-06,7.126325085593521e-10,23.566697120666504
2.288198629685212e-06,7.105731558709749e-10,23.57434844970703
2.285691152792424e-06,7.10349223886908e-10,23.580737113952637
2.2831866317574168e-06,7.104093979748427e-10,23.587507963180542
2.280684384459164e-06,7.085488862301759e-10,23.5941162109375
2.2781857751397183e-06,7.086794484578718e-10,23.60157346725464
2.275689439557027e-06,7.072334939906e-10,23.60944390296936
2.2731953777110903e-06,7.04775737769836e-10,23.615915298461914
2.2707054085913114e-06,7.048266970066663e-10,23.62267565727234
2.2682113467453746e-06,6.836897714634915e-10,23.629179000854492
2.265729790451587e-06,6.927343698670541e-10,23.635950803756714
2.263249371026177e-06,6.966216492543253e-10,23.64335298538208
2.260771225337521e-06,6.984302025614397e-10,23.649996280670166
2.2582951260119444e-06,6.978655431311154e-10,23.657745599746704
2.255821755170473e-06,6.973432942203317e-10,23.6641948223114
2.2533520223078085e-06,6.990118484040408e-10,23.671000480651855
2.2508841084345477e-06,6.97765345503143e-10,23.677485942840576
2.248418923045392e-06,6.956856202222639e-10,23.68414545059204
2.245956920887693e-06,6.954068987319317e-10,23.69185972213745
2.2434974198404234e-06,6.935756413639638e-10,23.698301553726196
2.241035417682724e-06,6.742389979663699e-10,23.705122232437134
2.238584329461446e-06,6.821764819697762e-10,23.711576461791992
2.2361355149769224e-06,6.873583924260629e-10,23.71814203262329
2.2336885194818024e-06,6.895266024820046e-10,23.725709199905396
2.231243342976086e-06,6.892809656378063e-10,23.732160091400146
2.2287952106125886e-06,6.697724042048492e-10,23.738889932632446
2.2263584469328634e-06,6.776412764253337e-10,23.74531126022339
2.223916908405954e-06,6.618067760477686e-10,23.752241373062134
2.2214871933101676e-06,6.745252134621182e-10,23.7595534324646
2.2190577055880567e-06,6.799096841092478e-10,23.765969276428223
2.2166304916027e-06,6.822394871264237e-10,23.772634983062744
2.2142053239804227e-06,6.830817023129043e-10,23.779031991958618
2.211782657468575e-06,6.831993859535146e-10,23.785605430603027
2.209362264693482e-06,6.815139563798311e-10,23.7933406829834
2.206945055149845e-06,6.811875508105913e-10,23.799771785736084
2.2045246623747516e-06,6.618004477765282e-10,23.807643175125122
2.202115865657106e-06,6.70445421402377e-10,23.814072608947754
2.199702294092276e-06,6.547297148884468e-10,23.820879220962524
2.1972991817165166e-06,6.651414419245327e-10,23.82769012451172
2.194898115703836e-06,6.71418309838856e-10,23.834481954574585
2.1924979591858573e-06,6.730885848682533e-10,23.842760801315308
2.1900946194364224e-06,6.544273456476901e-10,23.849270343780518
2.1877021936234087e-06,6.633493199181828e-10,23.858983278274536
2.185311359426123e-06,6.684418574209872e-10,23.865657091140747
2.1829221168445656e-06,6.692623677473364e-10,23.87440824508667
2.180535375373438e-06,6.696166954256455e-10,23.881113290786743
2.1781511350127403e-06,6.692882359438102e-10,23.88873600959778
2.1757639387942618e-06,6.500509575069202e-10,23.89624547958374
2.1733881112595554e-06,6.597147272913162e-10,23.90340256690979
2.1710134205932263e-06,6.636524663150567e-10,23.91035509109497
2.168640776289976e-06,6.660835216720784e-10,23.917015552520752
2.1662704057234805e-06,6.661844409450168e-10,23.925714015960693
2.1639023088937392e-06,6.648404604625568e-10,23.932236194610596
2.161536713174428e-06,6.639004346276067e-10,23.939911365509033
2.159174528060248e-06,6.639951366516073e-10,23.94655156135559
2.156814616682823e-06,6.63349375429334e-10,23.953856468200684
2.1544572064158274e-06,6.624369386365458e-10,23.96099615097046
2.1521027520066127e-06,6.623417925233355e-10,23.967806577682495
2.149750343960477e-06,6.607969726957208e-10,23.97619104385376
2.147395662177587e-06,6.409650588068416e-10,23.983049631118774
2.1450459826155566e-06,6.30328733652874e-10,23.99153780937195
2.142706534868921e-06,6.440506461480311e-10,23.998295068740845
2.1403675418696366e-06,6.500729399228078e-10,24.005887508392334
2.1380296857387293e-06,6.513188322010421e-10,24.012544870376587
2.1356888737500412e-06,6.350528436449565e-10,24.019981384277344
2.1333532913558884e-06,6.253767503849872e-10,24.027674674987793
2.1310270312824287e-06,6.385339479386687e-10,24.034640789031982
2.128701908077346e-06,6.460592616441829e-10,24.042860984802246
2.1263772396196146e-06,6.482592795897801e-10,24.049736499786377
2.1240555270196637e-06,6.490049053731184e-10,24.058573246002197
2.1217356334091164e-06,6.481665759672239e-10,24.06497573852539
2.119413011314464e-06,6.295436394410103e-10,24.072553157806396
2.117101530529908e-06,6.397540830427317e-10,24.079004526138306
2.1147909592400538e-06,6.442795741357088e-10,24.086253881454468
2.1124817521922523e-06,6.440929456452693e-10,24.094027519226074
2.110175273628556e-06,6.435889043920895e-10,24.100911855697632
2.1078717509226408e-06,6.441228106446317e-10,24.109054803848267
2.1055707293271553e-06,6.445171063518274e-10,24.115477561950684
2.103265615005512e-06,6.237197980318854e-10,24.124346256256104
2.10096641239943e-06,6.13329331766721e-10,24.1310453414917
2.0986722120142076e-06,6.092517046418777e-10,24.138672590255737
2.0963866518286522e-06,6.26215634902394e-10,24.14539337158203
2.0941035927535268e-06,6.431930543726594e-10,24.152642011642456
2.0918175778206205e-06,6.412124164967281e-10,24.160346508026123
2.089534063998144e-06,6.396076446257837e-10,24.167277336120605
2.087253278659773e-06,6.377096073428845e-10,24.175854921340942
2.0849718112003757e-06,6.259955886989133e-10,24.182647228240967
2.082695345961838e-06,6.210805758577465e-10,24.191614627838135
2.080422291328432e-06,6.192678037031385e-10,24.19810938835144
2.0781515104317805e-06,6.161947618821273e-10,24.205788612365723
2.0758834580192342e-06,6.144046937883729e-10,24.2123019695282
2.0736242731800303e-06,6.327472990008687e-10,24.219746112823486
2.0713616777356947e-06,6.313428113635666e-10,24.227766513824463
2.0691018107754644e-06,6.301781318995836e-10,24.235077619552612
2.066844444925664e-06,6.29230556548066e-10,24.24328923225403
2.064589807559969e-06,6.298747079469535e-10,24.249964475631714
2.062334715446923e-06,6.188636270110237e-10,24.258593320846558
2.060083716060035e-06,6.132219732002397e-10,24.264975547790527
2.057835899904603e-06,6.098075377991563e-10,24.272391319274902
2.055591039606952e-06,6.074794556276686e-10,24.279386043548584
2.0533520910248626e-06,6.171589905790142e-10,24.286577701568604
2.0511113234533696e-06,6.113271000529608e-10,24.293585538864136
2.0488766949711135e-06,6.176005817870589e-10,24.30020260810852
2.046642975983559e-06,6.192308887875697e-10,24.308560132980347
2.04441198548011e-06,6.200109314846713e-10,24.315086126327515
2.0421828139660647e-06,6.194301183093387e-10,24.325187921524048
2.0399563709361246e-06,6.193295321033077e-10,24.331721782684326
2.0377328837639652e-06,6.205582159246603e-10,24.338656902313232
2.035510988207534e-06,6.196196888907934e-10,24.345162630081177
2.0332909116405062e-06,6.156851140026731e-10,24.35220217704773
2.0310719719418557e-06,6.065656310560996e-10,24.36041569709778
2.028859626079793e-06,6.116898099151058e-10,24.366993188858032
2.0266488718334585e-06,6.1333604861602e-10,24.375223636627197
2.0244399365765275e-06,6.120517981322848e-10,24.381653308868408
2.022233729803702e-06,6.128537122229716e-10,24.3884596824646
2.0200272956572007e-06,6.038285982334912e-10,24.39491295814514
2.0178270005999366e-06,6.074680203305149e-10,24.401945114135742
2.0156287519057514e-06,6.089680981702372e-10,24.40951132774353
2.01342982109054e-06,5.998237462279121e-10,24.415910959243774
2.0112374841119163e-06,6.041810940438097e-10,24.423264980316162
2.0090440102649154e-06,5.967921157257194e-10,24.43017864227295
2.0068541743967216e-06,5.928401658472637e-10,24.43734645843506
2.004669568123063e-06,5.994801877129419e-10,24.443978309631348
2.0024870082124835e-06,6.030850263627485e-10,24.450679063796997
2.000306039917632e-06,6.040954958486111e-10,24.458590507507324
1.9981246168754296e-06,5.952632831096594e-10,24.465041160583496
1.995949105548789e-06,5.998923024996827e-10,24.47219157218933
1.993773139474797e-06,5.921291790222938e-10,24.47862195968628
1.991600584005937e-06,5.876503728075022e-10,24.48564386367798
1.9894303022738313e-06,5.840519179400872e-10,24.493278741836548
1.9872638858942082e-06,5.834159266804306e-10,24.49983286857605
1.9850992885039886e-06,5.819796311534731e-10,24.508134365081787
1.9829399207083043e-06,5.895778310005539e-10,24.514501094818115
1.9807791886705672e-06,5.84310155815615e-10,24.521719694137573
1.978624595722067e-06,5.918655565650965e-10,24.52819514274597
1.9764711396419443e-06,5.942414338377944e-10,24.535062074661255
1.974319502551225e-06,5.948486703211131e-10,24.54275107383728
1.972167410713155e-06,5.850480100377808e-10,24.5492901802063
1.9700214579643216e-06,5.886805487520519e-10,24.55658745765686
1.9678775515785674e-06,5.905066435829553e-10,24.56297755241394
1.965736146303243e-06,5.924852275462911e-10,24.57014536857605
1.963593831533217e-06,5.838509120614788e-10,24.576800107955933
1.9614549273683224e-06,5.780946277234023e-10,24.583366870880127
1.9593194338085596e-06,5.755599330470318e-10,24.59153652191162
1.957186213985551e-06,5.729847152302625e-10,24.597941637039185
1.955055722646648e-06,5.710740769160338e-10,24.605199575424194
1.9529279597918503e-06,5.698977956214435e-10,24.611706972122192
1.9508026980474824e-06,5.690500293198397e-10,24.618711709976196
1.9486824385239743e-06,5.782953560462545e-10,24.626155853271484
1.9465608147584135e-06,5.737307295916594e-10,24.632532596588135
1.9444446479610633e-06,5.795841029332394e-10,24.64097261428833
1.942326889547985e-06,5.724756224623206e-10,24.647340059280396
1.9402157249714946e-06,5.776008560332002e-10,24.65463376045227
1.9381027414056007e-06,5.70514580022774e-10,24.6611590385437
1.935996124302619e-06,5.760341648120004e-10,24.66839361190796
1.9338908714416903e-06,5.79014391988153e-10,24.67579698562622
1.931784936459735e-06,5.699825611493736e-10,24.682355165481567
1.929682184709236e-06,5.649655188122438e-10,24.6898934841156
1.9275826161901932e-06,5.627462384971693e-10,24.69630765914917
1.925486003528931e-06,5.61743984661689e-10,24.70369243621826
1.9233916646044236e-06,5.609170350417969e-10,24.71103024482727
1.921299826790346e-06,5.595444663164528e-10,24.71800470352173
1.9192102627130225e-06,5.591865304133137e-10,24.726171731948853
1.9171229723724537e-06,5.579040562864179e-10,24.732908487319946
1.9150379557686392e-06,5.56735324508395e-10,24.741524696350098
1.9129554402752547e-06,5.547723391785553e-10,24.74796962738037
1.910878609123756e-06,5.651856760380269e-10,24.755613803863525
1.908802005345933e-06,5.687447179880678e-10,24.762064218521118
1.9067247194470838e-06,5.616546117082066e-10,24.769357919692993
1.904650844153366e-06,5.577593942263093e-10,24.776694774627686
1.9025818573936704e-06,5.634360200623689e-10,24.78349232673645
1.9005120748261106e-06,5.570460204218364e-10,24.791916608810425
1.898447976600437e-06,5.630756971797268e-10,24.798336267471313
1.8963855836773291e-06,5.665515834252233e-10,24.805755376815796
1.8943246686831117e-06,5.670734437579483e-10,24.812769412994385
1.8922658000519732e-06,5.666411784233105e-10,24.82005262374878
1.8902092051575892e-06,5.661803803569398e-10,24.82779312133789
1.8881521555158542e-06,5.563827176757741e-10,24.834800004959106
1.8860988575397641e-06,5.512095779813819e-10,24.843247413635254
1.8840486291082925e-06,5.485203402599836e-10,24.85056161880493
1.8820006744135753e-06,5.460476515395385e-10,24.859261512756348
1.8799559029503143e-06,5.460425445136252e-10,24.865722179412842
1.877912950476457e-06,5.447990392148938e-10,24.87239933013916
1.8758753412839724e-06,5.537345026951357e-10,24.8794527053833
1.8738381868388387e-06,5.563812743858421e-10,24.886009216308594
1.8718031924436218e-06,5.581738404814018e-10,24.89350199699402
1.8697671748668654e-06,5.492242771687472e-10,24.900024890899658
1.8677371826925082e-06,5.532319602430391e-10,24.908117532730103
1.8657061673366115e-06,5.453077989159283e-10,24.914488792419434
1.8636789036463597e-06,5.422289284240378e-10,24.92102599143982
1.8616567558638053e-06,5.486387455455599e-10,24.928184270858765
1.8596330164655228e-06,5.422717830327883e-10,24.934646368026733
1.8576128013592097e-06,5.406716185873961e-10,24.942290782928467
1.8555972474132432e-06,5.467677977044616e-10,24.94874596595764
1.8535830577093293e-06,5.490325971635457e-10,24.955644369125366
1.851568185884389e-06,5.413660075781479e-10,24.962578296661377
1.8495591120881727e-06,5.467687969051838e-10,24.969051122665405
1.8475487877367414e-06,5.397640667759163e-10,24.976701259613037
1.8455444887877093e-06,5.449360407361326e-10,24.983200788497925
1.8435412130202167e-06,5.463484664680607e-10,24.990976810455322
1.841537596192211e-06,5.38629807422808e-10,24.997477531433105
1.8395395500192535e-06,5.423816951122262e-10,25.0041401386261
1.8375433228356997e-06,5.450704887444147e-10,25.01072096824646
1.835546186157444e-06,5.362570942857303e-10,25.017478704452515
1.8335526874579955e-06,5.323425034120532e-10,25.025070428848267
1.8315618035558145e-06,5.300229699578551e-10,25.032729864120483
1.829573193390388e-06,5.270716085803429e-10,25.03993320465088
1.8275871980222291e-06,5.261286406543775e-10,25.04633355140686
1.8256063185617677e-06,5.34750521641314e-10,25.05310344696045
1.8236236201119027e-06,5.294872318373223e-10,25.0604350566864
1.821644104893494e-06,5.272025593860974e-10,25.067017555236816
1.8196668634118396e-06,5.254973123314244e-10,25.07490086555481
1.8176915546064265e-06,5.233001809656912e-10,25.081273794174194
1.8157192016587942e-06,5.224924937152764e-10,25.08809208869934
1.8137490087610786e-06,5.221993948367754e-10,25.09464383125305
1.8117834770237096e-06,5.301300509685802e-10,25.101067781448364
1.8098164673574502e-06,5.245494039129994e-10,25.1086483001709
1.8078551420330768e-06,5.314584883286955e-10,25.11505675315857
1.8058944988297299e-06,5.334894193076423e-10,25.121877431869507
1.8039331735053565e-06,5.252673851430245e-10,25.128882884979248
1.8019749177256017e-06,5.201294950296642e-10,25.135611295700073
1.80001950411679e-06,5.177368533892945e-10,25.1433846950531
1.798066591618408e-06,5.153907856048079e-10,25.150115728378296
1.7961168623514823e-06,5.16035325581754e-10,25.157639980316162
1.794168611013447e-06,5.154313642563579e-10,25.16411066055298
1.792222633412166e-06,5.145066039879964e-10,25.170878410339355
1.7902787021739641e-06,5.127784308278649e-10,25.17788600921631
1.7883398868434597e-06,5.220794352389646e-10,25.184398412704468
1.786399138836714e-06,5.164429994763964e-10,25.19194221496582
1.784461346687749e-06,5.137017478062944e-10,25.198331117630005
1.7825262830228894e-06,5.126961077905889e-10,25.20522952079773
1.7805933794079465e-06,5.116993495590805e-10,25.212146043777466
1.7786649095796747e-06,5.190234353413814e-10,25.21864938735962
1.776735189196188e-06,5.131805536073841e-10,25.226120710372925
1.774808424670482e-06,5.112180678779055e-10,25.23343825340271
1.7728863213051227e-06,5.178609208122964e-10,25.241810083389282
1.770965582181816e-06,5.210520903631277e-10,25.248637437820435
1.7690465483610751e-06,5.229641164561372e-10,25.255406379699707
1.7671289924692246e-06,5.229907618087282e-10,25.262290716171265
1.765211095516861e-06,5.137419378797858e-10,25.268873929977417
1.7632962681091158e-06,5.080708076476981e-10,25.276203870773315
1.7613846239328268e-06,5.052607776612206e-10,25.28264021873474
1.7594755945538054e-06,5.047499640475905e-10,25.291528940200806
1.7575688389115385e-06,5.047208762043454e-10,25.298100471496582
1.7556640159455128e-06,5.035366568151289e-10,25.305634021759033
1.7537610119688907e-06,5.014436643691056e-10,25.31209897994995
1.7518603954158607e-06,5.001270508842026e-10,25.319485425949097
1.7499621662864229e-06,4.994911706468486e-10,25.32637643814087
1.748068484630494e-06,5.079386911077677e-10,25.333022594451904
1.74617355241935e-06,5.037271155750034e-10,25.341557502746582
1.7442835087422282e-06,5.097635091821928e-10,25.34803557395935
1.742391987136216e-06,5.035941663678045e-10,25.355944633483887
1.7405059224984143e-06,5.084527243681691e-10,25.36259436607361
1.7386187209922355e-06,5.016246862332707e-10,25.369365453720093
1.7367373175147804e-06,5.077881448656285e-10,25.37672185897827
1.7348540950479219e-06,5.005697523152719e-10,25.383395433425903
1.7329768979834625e-06,5.066361774552774e-10,25.39108633995056
1.7310979956164374e-06,4.99591368274821e-10,25.39747905731201
1.7292221627940307e-06,4.962219524173861e-10,25.404272317886353
1.7273513321924838e-06,5.027996352602315e-10,25.410741806030273
1.7254790236620465e-06,4.970422406991304e-10,25.417304039001465
1.7236091025552014e-06,4.915139961703119e-10,25.42486333847046
1.7217423646798125e-06,4.900116423733891e-10,25.43122673034668
1.7198782416016911e-06,4.902302452869378e-10,25.437961101531982
1.718016051199811e-06,4.902772077208795e-10,25.444522380828857
1.716155452413659e-06,4.883028426050373e-10,25.451049327850342
1.7142998558483669e-06,4.965161615189118e-10,25.458621501922607
1.7124425539805088e-06,4.91575724570481e-10,25.465089559555054
1.710587980596756e-06,4.890728932949173e-10,25.47181797027588
1.70873556726292e-06,4.862952818207589e-10,25.47821879386902
1.706885655039514e-06,4.859876945317865e-10,25.48472499847412
1.7050374481186736e-06,4.844476486631777e-10,25.492417335510254
1.7031917423082632e-06,4.833157207784211e-10,25.498902559280396
1.701348423921445e-06,4.831306466002161e-10,25.505507469177246
1.6995068108371925e-06,4.825402855068717e-10,25.511956691741943
1.6976673578028567e-06,4.82052120442944e-10,25.518524169921875
1.6958301785052754e-06,4.812298337597554e-10,25.526145219802856
1.693997546681203e-06,4.909431194910496e-10,25.53265690803528
1.692162641120376e-06,4.849491919145521e-10,25.53929829597473
1.6903310324778431e-06,4.827039323807014e-10,25.545685291290283
1.6885013565115514e-06,4.799762254314999e-10,25.552355527877808
1.6866741816556896e-06,4.792252705776434e-10,25.559537172317505
1.6848491668497445e-06,4.788757168583402e-10,25.566014289855957
1.6830285858304705e-06,4.867439784561611e-10,25.572665691375732
1.6812088006190606e-06,4.902139805196271e-10,25.579066276550293
1.6793904933365411e-06,4.91358231879957e-10,25.58569049835205
1.6775737776697497e-06,4.918865315062249e-10,25.592915534973145
1.675756379881932e-06,4.820464027943672e-10,25.599313735961914
1.6739421653255704e-06,4.768795358600642e-10,25.605987548828125
1.6721310203138273e-06,4.74882855261427e-10,25.612356424331665
1.6703218079783255e-06,4.725205227096296e-10,25.618953943252563
1.6685149830664159e-06,4.720125401647124e-10,25.626181840896606
1.666710318204423e-06,4.713869294903361e-10,25.632596015930176
1.6649081544528599e-06,4.720259183521591e-10,25.639333486557007
1.6631070138828363e-06,4.702904732312163e-10,25.64572048187256
1.6613083744232426e-06,4.693325172944185e-10,25.652328968048096
1.6595121223872411e-06,4.700600464424554e-10,25.659493446350098
1.6577171209064545e-06,4.685539733984001e-10,25.665838718414307
1.65592450684926e-06,4.677142007025736e-10,25.672542572021484
1.6541339391551446e-06,4.667063957519701e-10,25.679041624069214
1.6523454178241082e-06,4.668889164172185e-10,25.685607194900513
1.6505586017956375e-06,4.6485834626075473e-10,25.692830324172974
1.648774173190759e-06,4.64005667222267e-10,25.699177026748657
1.6469919046357973e-06,4.649868545758551e-10,25.705934047698975
1.6452112276965636e-06,4.644850337687245e-10,25.71230697631836
1.6434323697467335e-06,4.6259235331191917e-10,25.720134735107422
1.641658514017763e-06,4.713520684873629e-10,25.727141618728638
1.6398826119257137e-06,4.662418229273158e-10,25.734114408493042
1.6381090972572565e-06,4.623505744927314e-10,25.74194097518921
1.6363380836992292e-06,4.6065440351128473e-10,25.748371362686157
1.6345695712516317e-06,4.6042145096514275e-10,25.755093574523926
1.6328027641066e-06,4.5957490590886607e-10,25.761483907699585
1.6310384580719983e-06,4.6014311805286923e-10,25.768016576766968
1.629275629966287e-06,4.591041991020006e-10,25.775826454162598
1.6275149619104923e-06,4.5859188668728734e-10,25.782178163528442
1.6257561128441012e-06,4.5824594119281414e-10,25.78887629508972
1.6239991964539513e-06,4.565938738210207e-10,25.79528498649597
1.6222443264268804e-06,4.55842141811047e-10,25.801690340042114
1.6204916164497263e-06,4.559710942153572e-10,25.809093236923218
1.6187435676329187e-06,4.648076645796806e-10,25.815410375595093
1.6169930177056813e-06,4.5923831404337534e-10,25.821974992752075
1.6152454236362246e-06,4.5576586948925524e-10,25.828441858291626
1.6134999896166846e-06,4.5463324771510827e-10,25.83489465713501
1.611756829333899e-06,4.536426789769621e-10,25.84242534637451
1.6100153743536794e-06,4.5159193051702573e-10,25.84910249710083
1.6082763067970518e-06,4.509733142477046e-10,25.855798482894897
1.6065390582298278e-06,4.5106224311197707e-10,25.862199306488037
1.604803742338845e-06,4.5014691973932486e-10,25.868669509887695
1.603070586497779e-06,4.5008230475929167e-10,25.876221895217896
1.6013391359592788e-06,4.49256409851273e-10,25.882638454437256
1.5996097317838576e-06,4.4899736706405236e-10,25.889231204986572
1.5978820329110022e-06,4.4780149033307737e-10,25.89562439918518
1.5961564940880635e-06,4.4767375917409424e-10,25.902202129364014
1.5944326605676906e-06,4.4669951071441005e-10,25.909531116485596
1.5927111007840722e-06,4.466179370776757e-10,25.915939807891846
1.5909915873635327e-06,4.4683870492612243e-10,25.922526836395264
1.5892736655587214e-06,4.460808944450889e-10,25.928873538970947
1.587557790116989e-06,4.456034707889245e-10,25.935344696044922
1.5858437336646602e-06,4.4495537809829955e-10,25.94290590286255
1.5841316098885727e-06,4.4473394411603806e-10,25.94941020011902
1.5824213051018887e-06,4.4337927773696606e-10,25.956066370010376
1.5807127056177706e-06,4.4248274488900563e-10,25.962854862213135
1.5790063798704068e-06,4.417027299474796e-10,25.969448804855347
1.5773019867992844e-06,4.4188572245751345e-10,25.97638988494873
1.5755990716570523e-06,4.404320796957961e-10,25.982884168624878
1.5738983165647369e-06,4.3980399877519005e-10,25.98967218399048
1.572199835209176e-06,4.3948447658870293e-10,25.996049880981445
1.5705028317825054e-06,4.3931205895297865e-10,26.00277042388916
1.5688078747189138e-06,4.387784580117682e-10,26.01002335548401
1.5671148503315635e-06,4.3825840179145814e-10,26.016496658325195
1.5654233038731036e-06,4.3651249281850824e-10,26.0232515335083
1.5637342585250735e-06,4.367320949327791e-10,26.029666662216187
1.5620469184796093e-06,4.367284034412222e-10,26.036306381225586
1.5603611700498732e-06,4.3583178732653494e-10,26.043165922164917
1.5586775816700538e-06,4.355451277415767e-10,26.049624919891357
1.5569984270769055e-06,4.439817125057033e-10,26.056322813034058
1.5553171124338405e-06,4.383066132263025e-10,26.062883377075195
1.5536382989012054e-06,4.3519440828809763e-10,26.069379091262817
1.5519643739025923e-06,4.4274259258791915e-10,26.078467845916748
1.5502886299145757e-06,4.3713091479880006e-10,26.08514928817749
1.5486157280975021e-06,4.3418324491284466e-10,26.09238052368164
1.5469447589566698e-06,4.3221537460169657e-10,26.09878635406494
1.5452757224920788e-06,4.310957424369377e-10,26.1054208278656
1.5436089597642422e-06,4.3061504362285064e-10,26.111839532852173
1.5419442433994845e-06,4.310340695479198e-10,26.118401050567627
1.5402810049636173e-06,4.294933575454962e-10,26.125792980194092
1.5386196992039913e-06,4.2922523868504925e-10,26.1322603225708
1.5369603261206066e-06,4.283819687866952e-10,26.13891077041626
1.53530254465295e-06,4.2723088955476385e-10,26.145314693450928
1.5336468095483724e-06,4.2697778646072493e-10,26.151999711990356
1.5319931208068738e-06,4.265772735045914e-10,26.159489154815674
1.5303410236811033e-06,4.258310370985896e-10,26.165935516357422
1.528690859231574e-06,4.254646357448877e-10,26.172619104385376
1.527042627458286e-06,4.2540740374796826e-10,26.179011821746826
1.5253958736138884e-06,4.2402251154705084e-10,26.185624599456787
1.5237511661325698e-06,4.2295539293135676e-10,26.192823886871338
1.5221108924379223e-06,4.3145598205285296e-10,26.19927453994751
1.5204685723801958e-06,4.2650027953783365e-10,26.205920219421387
1.5188289808065747e-06,4.2412023892879347e-10,26.212426900863647
1.517191208222357e-06,4.2199280181343113e-10,26.219043731689453
1.515555709374894e-06,4.2139133848984045e-10,26.226146936416626
1.5139214610826457e-06,4.194890268482965e-10,26.232585191726685
1.5122900549613405e-06,4.195991887279149e-10,26.23932147026062
1.5106597857084125e-06,4.1900116709570057e-10,26.24571418762207
1.5090315628185635e-06,4.18577478233928e-10,26.252281665802002
1.507405158918118e-06,4.175492451796714e-10,26.259551286697388
1.5057804603202385e-06,4.170818135307286e-10,26.26599955558777
1.5041580354591133e-06,4.1721831545160626e-10,26.272603511810303
1.5025369748400408e-06,4.161658240242616e-10,26.279056072235107
1.5009177332103718e-06,4.1562064900801943e-10,26.285677194595337
1.4993001968832687e-06,4.1472630885053263e-10,26.29284143447876
1.497684479545569e-06,4.138196729730481e-10,26.299355268478394
1.4960709222577862e-06,4.135358999679539e-10,26.30593514442444
1.494459070272569e-06,4.1366626790662053e-10,26.312360048294067
1.4928488099030801e-06,4.129199759894675e-10,26.318963527679443
1.4912403685229947e-06,4.1232639524935166e-10,26.326189279556274
1.489634087192826e-06,4.1257308680542337e-10,26.332594394683838
1.48802917010471e-06,4.1211506429661426e-10,26.339197158813477
1.4864261856928351e-06,4.114383556075296e-10,26.345634698867798
1.4848250202703639e-06,4.1146136497971497e-10,26.352389335632324
1.4832255601504585e-06,4.1096037683985287e-10,26.35991358757019
1.4816278053331189e-06,4.097013006632011e-10,26.36655354499817
1.4800319831920206e-06,4.090544847290545e-10,26.373281002044678
1.478437866353488e-06,4.089364125103856e-10,26.379643440246582
1.4768453411306837e-06,4.082542637284803e-10,26.386380434036255
1.4752546348972828e-06,4.0701264580889074e-10,26.39385485649109
1.4736658613401232e-06,4.065543734999011e-10,26.400602340698242
1.4720787930855295e-06,4.0604375417530036e-10,26.40864109992981
1.4704938848808524e-06,4.0630143693931586e-10,26.41499924659729
1.4689104546050658e-06,4.060297653651901e-10,26.421807289123535
1.4673286159450072e-06,4.053196112074886e-10,26.428388357162476
1.4657483689006767e-06,4.0377090559928774e-10,26.434890747070312
1.4641701682194252e-06,4.033325340380145e-10,26.44262957572937
1.462593900214415e-06,4.0329886652479274e-10,26.449145078659058
1.4610194511988084e-06,4.0377426402393723e-10,26.455702781677246
1.4594462527384167e-06,4.0185116345625715e-10,26.462637662887573
1.4578748732674285e-06,4.01248867465398e-10,26.469284296035767
1.4563053127858439e-06,4.0040862292478607e-10,26.476797580718994
1.4547376849805005e-06,3.999588715775104e-10,26.483320713043213
1.4531718761645607e-06,4.000376696566832e-10,26.495260000228882
1.4516050441670814e-06,3.9045869315579296e-10,26.504485368728638
1.4500440101983259e-06,3.950452187595488e-10,26.51366114616394
1.4484839994111098e-06,3.971399598068359e-10,26.522736310958862
1.4469256939264596e-06,3.9903205739655334e-10,26.531357526779175
1.445368411623349e-06,3.9888181646574594e-10,26.540265321731567
1.443812834622804e-06,3.982413843139909e-10,26.551047325134277
1.4422590766116627e-06,3.9777636740012667e-10,26.561320066452026
1.440706682842574e-06,3.963349093361046e-10,26.568198442459106
1.4391563354365644e-06,3.959761962768482e-10,26.575838088989258
1.4376074659594451e-06,3.947731308517888e-10,26.58203911781311
1.4360607565322425e-06,3.9471037549532184e-10,26.591338634490967
1.4345155250339303e-06,3.9410052998789524e-10,26.59770703315735
1.432971998838184e-06,3.935272108179788e-10,26.603976011276245
1.431430291631841e-06,3.93390792163828e-10,26.610332012176514
1.4298901760412264e-06,3.926038938395493e-10,26.616639852523804
1.428351993126853e-06,3.928134484354473e-10,26.623313188552856
1.426815174454532e-06,3.9196554335596545e-10,26.629368543624878
1.4252801747716148e-06,3.911114210275457e-10,26.635930061340332
1.4237472214517766e-06,3.912984658516194e-10,26.643429279327393
1.4222154050003155e-06,3.898013023473368e-10,26.650133848190308
1.4206858622856089e-06,3.9042000188338477e-10,26.657749891281128
1.4191575701261172e-06,3.89565157909999e-10,26.664204597473145
1.4176314380165422e-06,3.894903566337149e-10,26.67103362083435
1.4161067838358576e-06,3.892255406867662e-10,26.677541971206665
1.4145836075840634e-06,3.881308885400614e-10,26.684279918670654
1.4130622503216728e-06,3.8772182686663825e-10,26.69200611114502
1.411542598361848e-06,3.8771919008695477e-10,26.698381662368774
1.4100219232204836e-06,3.7738268066078717e-10,26.70523977279663
1.408507046107843e-06,3.818502181118788e-10,26.711732864379883
1.4069929648030666e-06,3.8355532638867373e-10,26.71848225593567
1.405480134053505e-06,3.8345307484810576e-10,26.725871324539185
1.4039693496670225e-06,3.840852358383273e-10,26.732404232025146
1.4024598158357549e-06,3.8382194644803747e-10,26.739088535308838
1.4009517599333776e-06,3.8308403671472036e-10,26.74576497077942
1.3994456367072416e-06,3.830457340203708e-10,26.752310514450073
1.3979412187836715e-06,3.8276773417500465e-10,26.75959539413452
1.3964356639917241e-06,3.7237879446649913e-10,26.766058444976807
1.394936134602176e-06,3.777050339159871e-10,26.772592782974243
1.3934371736468165e-06,3.79808240413837e-10,26.779287099838257
1.3919392358729965e-06,3.7940631192334706e-10,26.78616166114807
1.3904432307754178e-06,3.789968339162897e-10,26.793535709381104
1.3889487036067294e-06,3.7902112004495336e-10,26.800238609313965
1.3874558817406069e-06,3.78864162264847e-10,26.807758331298828
1.3859646514902124e-06,3.78413134161093e-10,26.81423807144165
1.3844753539160592e-06,3.7855815704368467e-10,26.821283102035522
1.3829874205839587e-06,3.7843697620054684e-10,26.828158855438232
1.3815010788675863e-06,3.779858370744904e-10,26.8352370262146
1.3800165561406175e-06,3.775466050903731e-10,26.842949628829956
1.3785333976557013e-06,3.7662681307004675e-10,26.85019874572754
1.3770521718470263e-06,3.7652256312803445e-10,26.858174085617065
1.3755724239672418e-06,3.7589686918693133e-10,26.864591598510742
1.3740941540163476e-06,3.747810117804562e-10,26.871376991271973
1.3726178167416947e-06,3.7488462334422934e-10,26.878026723861694
1.3711428437090944e-06,3.739685783266111e-10,26.884762048721313
1.3696698033527355e-06,3.736194131853665e-10,26.892561435699463
1.3681983546121046e-06,3.733075792933249e-10,26.899253845214844
1.366728383800364e-06,3.727658737240347e-10,26.905834436416626
1.3652602319780272e-06,3.720287133912592e-10,26.91243028640747
1.3637933307109051e-06,3.7141181796762623e-10,26.91916298866272
1.3623282484331867e-06,3.706554230209491e-10,26.926735162734985
1.3608649851448718e-06,3.702916862025063e-10,26.933451890945435
1.3594031997854472e-06,3.6991656959806107e-10,26.941094160079956
1.3579430060417508e-06,3.6984215689983557e-10,26.947478771209717
1.3564848586611333e-06,3.6972594430473293e-10,26.954360961914062
1.3550277344620554e-06,3.688452321348734e-10,26.96097755432129
1.3535725429392187e-06,3.684586247221233e-10,26.967671155929565
1.3521187156584347e-06,3.678777005244882e-10,26.975302696228027
1.3506665936802165e-06,3.6727396124369704e-10,26.981690406799316
1.3492134485204588e-06,3.569913809009506e-10,26.98853635787964
1.3477659877025872e-06,3.6164932160076546e-10,26.99501395225525
1.3463194363794173e-06,3.635964584969287e-10,27.001786947250366
1.3448741356114624e-06,3.6458097651959065e-10,27.009137868881226
1.3434303127723979e-06,3.647238622228599e-10,27.01564860343933
1.3419879678622237e-06,3.649408275574473e-10,27.022355556488037
1.34054459977051e-06,3.555782890352077e-10,27.028864860534668
1.3391069160206825e-06,3.6056491126146284e-10,27.0356023311615
1.3376699143918813e-06,3.6293154592748067e-10,27.04287815093994
1.3362339359446196e-06,3.6265729308482264e-10,27.049612283706665
1.334799549113086e-06,3.628700118163408e-10,27.05634045600891
1.333366526523605e-06,3.619065880311467e-10,27.06283211708069
1.3319353229235276e-06,3.614776533655828e-10,27.06964683532715
1.3305055972523405e-06,3.6144542914229305e-10,27.07640814781189
1.3290774631968816e-06,3.6072655973384826e-10,27.082927465438843
1.327650807070313e-06,3.6029584871144493e-10,27.089690923690796
1.326225969933148e-06,3.598049358455313e-10,27.09615683555603
1.3248026107248734e-06,3.5956523869451473e-10,27.10435390472412
1.3233805020718137e-06,3.586108077158201e-10,27.111053943634033
1.3219603260949953e-06,3.586432817392904e-10,27.1179301738739
1.3205416280470672e-06,3.5803801590184037e-10,27.12620449066162
1.3191220205044374e-06,3.484225685745912e-10,27.1327064037323
1.3177078699300182e-06,3.5302866185915605e-10,27.139296293258667
1.3162942877897876e-06,3.5442840329302783e-10,27.14569330215454
1.3148797961548553e-06,3.4579736296613817e-10,27.152408838272095
1.3134679193171905e-06,3.419644289959223e-10,27.1603000164032
1.31206081732671e-06,3.492961753170931e-10,27.167043447494507
1.310653942709905e-06,3.5285802058027116e-10,27.174978971481323
1.3092478639009641e-06,3.526366421091609e-10,27.181339263916016
1.307843490394589e-06,3.5334546399923283e-10,27.18816637992859
1.3064405948171043e-06,3.53467199953883e-10,27.194921016693115
1.30503917716851e-06,3.531049341809478e-10,27.201793670654297
1.3036391237619682e-06,3.5218317151475276e-10,27.209519147872925
1.3022406619711546e-06,3.5223005068196755e-10,27.216029405593872
1.3008437917960691e-06,3.5172181833686977e-10,27.222585439682007
1.2994482858630363e-06,3.507784618328458e-10,27.229328632354736
1.2980519841221394e-06,3.4105457347166634e-10,27.23616933822632
1.2966611393494532e-06,3.4607774979100725e-10,27.243144989013672
1.295271090384631e-06,3.482792942932633e-10,27.249598026275635
1.2938822919750237e-06,3.484451061019911e-10,27.256633758544922
1.292494857807469e-06,3.488766497916629e-10,27.26332402229309
1.2911086741951294e-06,3.486941568819901e-10,27.270105600357056
1.2897240821985179e-06,3.4783748104061374e-10,27.276867151260376
1.2883410818176344e-06,3.479876109491187e-10,27.2833731174469
1.286956830881536e-06,3.3781213937267296e-10,27.291086196899414
1.2855783779741614e-06,3.423871741681239e-10,27.2977135181427
1.2842004935009754e-06,3.443912377498748e-10,27.304527759552002
1.2828238595830044e-06,3.449058816329398e-10,27.311002731323242
1.2814459751098184e-06,3.3572136737269886e-10,27.317590713500977
1.2800733202311676e-06,3.401354475851548e-10,27.324968814849854
1.2787014611603809e-06,3.4183719743730023e-10,27.33166790008545
1.2773309663316468e-06,3.4285499439512535e-10,27.338356494903564
1.2759618357449654e-06,3.4305175367066454e-10,27.344975233078003
1.2745940694003366e-06,3.42843031742035e-10,27.35244369506836
1.2732276672977605e-06,3.423805405855518e-10,27.36038112640381
1.2718629704977502e-06,3.426018913010864e-10,27.367722988128662
1.2704997516266303e-06,3.4218772260175e-10,27.375436544418335
1.2691353958871332e-06,3.3262823051494195e-10,27.381794929504395
1.2677762697421713e-06,3.3674885102641383e-10,27.388790130615234
1.2664179394050734e-06,3.3820529710126834e-10,27.39547324180603
1.265061086996866e-06,3.395062564415241e-10,27.40267515182495
1.263705257770198e-06,3.389972469403091e-10,27.4101300239563
1.2623512475329335e-06,3.3937436194619863e-10,27.416893005371094
1.2609982604772085e-06,3.3872230020826066e-10,27.424986124038696
1.2596445913004573e-06,3.2922645165633924e-10,27.43169379234314
1.2582960380314034e-06,3.34170857652083e-10,27.43879747390747
1.2569482805702137e-06,3.354650168763129e-10,27.445377349853516
1.2555990451801335e-06,3.263945502762766e-10,27.452388048171997
1.254255266758264e-06,3.3238284347092417e-10,27.46004605293274
1.2529119430837454e-06,3.3425104351003654e-10,27.466502904891968
1.2515696425907663e-06,3.3426955647897216e-10,27.473323583602905
1.2502291610871907e-06,3.3541339150566785e-10,27.479700326919556
1.24888993013883e-06,3.3587585490657546e-10,27.486346006393433
1.2475518360588467e-06,3.34974992188819e-10,27.493093490600586
1.246215447281429e-06,3.3465757942607866e-10,27.499610900878906
1.2448804227460641e-06,3.3460503812143827e-10,27.506352424621582
1.2435444887159974e-06,3.2496888513477984e-10,27.51273274421692
1.2422136705936282e-06,3.29648031094365e-10,27.519453763961792
1.240883648279123e-06,3.313912200209046e-10,27.52667498588562
1.2395545354593196e-06,3.3135494348357497e-10,27.533156871795654
1.2382272416289197e-06,3.3179464731247776e-10,27.5399649143219
1.236901084666897e-06,3.31822430643669e-10,27.546421766281128
1.2355764056337648e-06,3.319877706076113e-10,27.553054809570312
1.2342528634690098e-06,3.3110930663937665e-10,27.560112714767456
1.2329309129199828e-06,3.297962736237281e-10,27.56661057472229
1.2316106676735217e-06,3.295842765371759e-10,27.573319911956787
1.2302917866691132e-06,3.2985372766525245e-10,27.579720735549927
1.2289742699067574e-06,3.293234851486915e-10,27.586360692977905
1.227658231073292e-06,3.2887112477730795e-10,27.59343194961548
1.2263435564818792e-06,3.280173355157956e-10,27.59995198249817
1.2250303598193568e-06,3.278936011597011e-10,27.606667041778564
1.223718982146238e-06,3.2842178976366654e-10,27.61304521560669
1.2224062402310665e-06,3.181039875954639e-10,27.61971116065979
1.2210986142235924e-06,3.226302836001338e-10,27.62642240524292
1.2197917840239825e-06,3.242500989930619e-10,27.63283109664917
1.2184864317532629e-06,3.2529121063440414e-10,27.63943862915039
1.2171821026640828e-06,3.256420688657613e-10,27.64589023590088
1.2158791378169553e-06,3.25609955664774e-10,27.652544498443604
1.2145776508987183e-06,3.2557451179471286e-10,27.660030603408813
1.2132776419093716e-06,3.253781688528079e-10,27.666603803634644
1.2119788834752399e-06,3.2529953730708883e-10,27.67440700531006
1.2106812619094853e-06,3.23643306598953e-10,27.680766344070435
1.2093829582227045e-06,3.141863713640447e-10,27.687440633773804
1.208089770443621e-06,3.184590646743146e-10,27.694035530090332
1.2067973784724018e-06,3.2032615449040236e-10,27.700621604919434
1.205506009682722e-06,3.2100205826779415e-10,27.708224058151245
1.204215891448257e-06,3.204799758904642e-10,27.714619159698486
1.202927023769007e-06,3.2008587447229786e-10,27.721364736557007
1.2016399750791606e-06,3.204784215782297e-10,27.727903366088867
1.200351789520937e-06,3.114790092517694e-10,27.73439073562622
1.19906826512306e-06,3.15162201891539e-10,27.741995811462402
1.197783490169968e-06,3.0785246574183134e-10,27.748391151428223
1.1965008752667927e-06,3.043811591663115e-10,27.75502586364746
1.1952225804634509e-06,3.1169483660775654e-10,27.761780977249146
1.1939449677811353e-06,3.1549385326457013e-10,27.76835560798645
1.1926679235330084e-06,3.167353324062816e-10,27.77580165863037
1.1913895150428289e-06,3.0735308742535494e-10,27.782187938690186
1.1901138350367546e-06,3.031766226957444e-10,27.791139602661133
1.1888424751305138e-06,3.096348732967158e-10,27.797974824905396
1.1875717973452993e-06,3.134595083498226e-10,27.804903268814087
1.186301801681111e-06,3.1490979268689046e-10,27.81134057044983
1.1850328291984624e-06,3.1532004785006507e-10,27.817842960357666
1.1837653346447041e-06,3.1512875642292215e-10,27.825711011886597
1.1824964758488932e-06,3.0483146562509944e-10,27.83268642425537
1.1812328466476174e-06,3.091590872195127e-10,27.839298486709595
1.1799703543147189e-06,3.124848713120798e-10,27.845760107040405
1.178705929305579e-06,3.03164882087259e-10,27.852421522140503
1.1774466202041367e-06,3.0781097115628597e-10,27.86060070991516
1.1761859468606417e-06,3.0182961685554233e-10,27.8673894405365
1.1749293662433047e-06,3.0685923246842606e-10,27.87499237060547
1.1736713076970773e-06,3.0083124880064815e-10,27.881656885147095
1.172417682937521e-06,3.062002595921598e-10,27.888445377349854
1.1711648539858288e-06,3.0961599950529717e-10,27.895873069763184
1.1699104334184085e-06,3.011724758472667e-10,27.902771472930908
1.168661015071848e-06,3.070802223614777e-10,27.91010880470276
1.1674119377858005e-06,3.0923630323087536e-10,27.91667103767395
1.166164111054968e-06,3.0985272680972287e-10,27.924405336380005
1.1649171938188374e-06,3.093047207247679e-10,27.931994199752808
1.1636692534011672e-06,2.99719943308574e-10,27.938756942749023
1.1624263152043568e-06,3.043602037067217e-10,27.945342302322388
1.1611841728154104e-06,3.06380698589237e-10,27.952043533325195
1.1599429399211658e-06,3.0664878969410836e-10,27.960047960281372
1.1587030712689739e-06,3.067210097018602e-10,27.96661639213562
1.1574618383747293e-06,2.9682001301267746e-10,27.973346710205078
1.1562260624486953e-06,3.024600570000757e-10,27.97975444793701
1.1549881264727446e-06,2.9440785920265e-10,27.986517667770386
1.153755079030816e-06,3.006727367083073e-10,27.99376392364502
1.1525214631546987e-06,2.9897984088478324e-10,28.000330686569214
1.1512893252074718e-06,2.973603030476113e-10,28.007766246795654
1.150060029431188e-06,3.014629934572355e-10,28.014161825180054
1.1488300515338778e-06,2.983376046206132e-10,28.021320581436157
1.147602006312809e-06,2.968952028670202e-10,28.028033018112183
1.1463754390206304e-06,2.962866341160719e-10,28.0346462726593
1.1451498949099914e-06,2.945328425596472e-10,28.04200577735901
1.1439273066571332e-06,2.9888236330322115e-10,28.048474073410034
1.1427054005253012e-06,3.005160842395327e-10,28.05510139465332
1.141483608080307e-06,2.9706931359285704e-10,28.062148332595825
1.1402632935642032e-06,2.951787425597985e-10,28.068742752075195
1.1390434337954503e-06,2.892786565844574e-10,28.076213121414185
1.1378268709449912e-06,2.91363905224884e-10,28.082698583602905
1.136612468144449e-06,2.962504963566204e-10,28.08927893638611
1.1353988611517707e-06,2.986076663713533e-10,28.09620714187622
1.1341834351696889e-06,2.894620931837011e-10,28.102707862854004
1.1329730114084668e-06,2.9429586545504094e-10,28.11004900932312
1.131762132899894e-06,2.923778164021229e-10,28.11645245552063
1.1305554608043167e-06,3.009668625431061e-10,28.12305235862732
1.1293474244666868e-06,2.9978433624400225e-10,28.12968373298645
1.1281410934316227e-06,2.9944244306356893e-10,28.13645911216736
1.1269358992649359e-06,2.9945404489417626e-10,28.14314341545105
1.1257308187850867e-06,2.9387606237385455e-10,28.149596452713013
1.1245275572946412e-06,2.9088723096926117e-10,28.156130075454712
1.1233260011067614e-06,2.891367978374859e-10,28.16293740272522
1.1221261502214475e-06,2.8833713194842403e-10,28.169653177261353
1.1209275498913485e-06,2.8778665561723926e-10,28.176369667053223
1.1197303138033021e-06,2.8720309463992066e-10,28.18281626701355
1.1185343282704707e-06,2.869657012016802e-10,28.189712524414062
1.117339706979692e-06,2.8636376603330405e-10,28.196365356445312
1.1161475867993431e-06,2.9056060335541645e-10,28.202977657318115
1.1149550118716434e-06,2.878380589432794e-10,28.2101309299469
1.1137652791148867e-06,2.9084987196448253e-10,28.21657085418701
1.112575091610779e-06,2.8747212943436296e-10,28.22445821762085
1.1113868367829127e-06,2.859288084078315e-10,28.230844974517822
1.110199946197099e-06,2.8520832917600103e-10,28.237616062164307
1.1090141924796626e-06,2.840346013943673e-10,28.244067668914795
1.107830144064792e-06,2.834170953480708e-10,28.250606536865234
1.1066473462051363e-06,2.8368127291678036e-10,28.25826930999756
1.1054671631427482e-06,2.8847463307002386e-10,28.26465892791748
1.1042860705856583e-06,2.8509095084672254e-10,28.271546363830566
1.1031065696442965e-06,2.828230705187451e-10,28.27799391746521
1.1019300245607155e-06,2.8715407829338346e-10,28.28443193435669
1.100752911042946e-06,2.837794166321572e-10,28.292510509490967
1.0995776165145799e-06,2.824941114365487e-10,28.298965454101562
1.0984035725414287e-06,2.811987864781429e-10,28.30557942390442
1.0972323707392206e-06,2.8554492104149176e-10,28.312294960021973
1.096060145755473e-06,2.819355859884354e-10,28.319068908691406
1.0948900808216422e-06,2.8085900272145636e-10,28.326254844665527
1.0937212664430263e-06,2.8025962106603686e-10,28.332743644714355
1.092553816306463e-06,2.792598929879375e-10,28.33969259262085
1.0913876167251146e-06,2.783847319332011e-10,28.34610104560852
1.0902225540121435e-06,2.776652796576684e-10,28.35268807411194
1.0890590829149005e-06,2.775547847111426e-10,28.360464572906494
1.0878983403017628e-06,2.824392941747078e-10,28.367103576660156
1.0867378250623005e-06,2.8416716202350756e-10,28.374526023864746
1.0855770824491628e-06,2.8011398756078165e-10,28.380950212478638
1.0844182725122664e-06,2.7792851353680703e-10,28.387584447860718
1.0832619636857999e-06,2.8142904673345015e-10,28.39401936531067
1.082106564354035e-06,2.8280380814926787e-10,28.400588989257812
1.0809521882038098e-06,2.8392435624802204e-10,28.408310651779175
1.0797990626087994e-06,2.8429042453481657e-10,28.4146568775177
1.0786457096401136e-06,2.794420250751273e-10,28.421284198760986
1.0774941756608314e-06,2.764261874954599e-10,28.42805552482605
1.0763453701656545e-06,2.791579190031257e-10,28.434630155563354
1.0751974741651793e-06,2.804584342541716e-10,28.44200325012207
1.0740494644778664e-06,2.7653782042058594e-10,28.448620319366455
1.0729031600931194e-06,2.744476590432754e-10,28.455200672149658
1.0717583336372627e-06,2.7316446327141364e-10,28.461933612823486
1.0706161219786736e-06,2.769468820940091e-10,28.46854305267334
1.0694745924411109e-06,2.7884558551072303e-10,28.47672462463379
1.06833397239825e-06,2.795676468103636e-10,28.48343515396118
1.067193352355389e-06,2.747321814489112e-10,28.491448163986206
1.0660556881703087e-06,2.770713658506452e-10,28.498065948486328
1.0649179102983908e-06,2.7386723444600136e-10,28.504676818847656
1.0637827472237404e-06,2.7630467358541466e-10,28.511438369750977
1.0626474704622524e-06,2.732609971634048e-10,28.51819348335266
1.061513557942817e-06,2.709132917999568e-10,28.525978326797485
1.0603812370391097e-06,2.698704315573508e-10,28.532727479934692
1.0592503940642928e-06,2.694461598284903e-10,28.539289474487305
1.058120687957853e-06,2.688780864623652e-10,28.545963048934937
1.0569924597803038e-06,2.686819655650652e-10,28.552491903305054
1.0558662779658334e-06,2.7266650048929364e-10,28.560062408447266
1.0547396414040122e-06,2.695459688784041e-10,28.566959619522095
1.0536159606999718e-06,2.730967674224871e-10,28.574419260025024
1.0524917115617427e-06,2.6974517064459747e-10,28.58114790916443
1.0513691677260795e-06,2.681962985029429e-10,28.588008403778076
1.0502479881324689e-06,2.6705235245394476e-10,28.59445095062256
1.049128172780911e-06,2.664597986701267e-10,28.601378440856934
1.0480094942977303e-06,2.6604202174596026e-10,28.60870051383972
1.0468921800566022e-06,2.6598107050190833e-10,28.6159451007843
1.0457758889970137e-06,2.645989816141281e-10,28.622487783432007
1.0446610758663155e-06,2.6450439061243003e-10,28.628916263580322
1.0435475132908323e-06,2.6480967418862633e-10,28.63544201850891
1.0424348602100508e-06,2.638708973545789e-10,28.64302349090576
1.0413237987449975e-06,2.6372762307325104e-10,28.64952254295349
1.040213646774646e-06,2.635220930358173e-10,28.65608239173889
1.0391050864200224e-06,2.6336660630121855e-10,28.662477254867554
1.0379972081864253e-06,2.6274749043153633e-10,28.6690731048584
1.036891035255394e-06,2.6263688446270805e-10,28.67645025253296
1.0357857718190644e-06,2.6226149030250667e-10,28.683586597442627
1.0346830094931647e-06,2.667040199799686e-10,28.691117763519287
1.0335795650462387e-06,2.632837559080059e-10,28.69749665260315
1.032478849083418e-06,2.663981535366844e-10,28.704318284988403
1.0313790426152991e-06,2.6804755637321875e-10,28.71071743965149
1.0302798045813688e-06,2.680020094736335e-10,28.717182159423828
1.0291810212947894e-06,2.6371696493221464e-10,28.724901914596558
1.0280848528054776e-06,2.6643820483229774e-10,28.731268405914307
1.0269897074977052e-06,2.6758772975199463e-10,28.737860918045044
1.0258944485030952e-06,2.632738194119355e-10,28.744364261627197
1.0248020316794282e-06,2.6584753842762154e-10,28.751397609710693
1.0237102969767875e-06,2.66422661709953e-10,28.759110689163208
1.0226185622741468e-06,2.623876116381041e-10,28.765502452850342
1.0215286465609097e-06,2.601183990424971e-10,28.772466897964478
1.0204398677160498e-06,2.5885132926006804e-10,28.77932596206665
1.019352680486918e-06,2.5839155814999515e-10,28.78630042076111
1.0182676533077029e-06,2.62035448894693e-10,28.79318618774414
1.0171821713811369e-06,2.590443415328991e-10,28.79990243911743
1.016099531625514e-06,2.628074147192905e-10,28.806673765182495
1.0150174603040796e-06,2.6365307159714746e-10,28.813621520996094
1.0139352752958075e-06,2.595348103096029e-10,28.82022523880005
1.0128558187716408e-06,2.6181459777951943e-10,28.82689356803894
1.0117760211869609e-06,2.57938809200553e-10,28.833328247070312
1.010697815218009e-06,2.5602872599783666e-10,28.840023040771484
1.0096210871779476e-06,2.549849498212353e-10,28.846977472305298
1.0085467465614784e-06,2.588157188565532e-10,28.85381817817688
1.0074717238239828e-06,2.553954825401661e-10,28.860599756240845
1.0063985200758907e-06,2.5426860617017155e-10,28.867071628570557
1.0053265668830136e-06,2.5369431555510857e-10,28.875017881393433
1.0042557505585137e-06,2.5302471229338153e-10,28.881377935409546
1.0031861847892287e-06,2.5215224352947985e-10,28.88805317878723
1.0021191201303736e-06,2.569213730652109e-10,28.89451313018799
1.0010513733504922e-06,2.5415639037795756e-10,28.901212453842163
9.999861276810407e-07,2.571931279060635e-10,28.908904552459717
9.989204272642382e-07,2.5362836830744584e-10,28.915969610214233
9.978565458368394e-07,2.5235355471942e-10,28.922788619995117
9.967938012778177e-07,2.5133731207382937e-10,28.929436922073364
9.95732307274011e-07,2.50572340654287e-10,28.93614888191223
9.94672177512257e-07,2.505610996461627e-10,28.94389533996582
9.936130709320423e-07,2.5015864379973607e-10,28.951330423355103
9.9255635177542e-07,2.539904120357761e-10,28.959562063217163
9.914988368109334e-07,2.509276675333183e-10,28.966246843338013
9.904430271490128e-07,2.498789508642574e-10,28.973081350326538
9.893883543554693e-07,2.4891086414235986e-10,28.97967767715454
9.883349321171409e-07,2.4781976470933387e-10,28.986322164535522
9.8728412467608e-07,2.526126807733675e-10,28.993133306503296
9.862324077403173e-07,2.499566109648299e-10,29.000549793243408
9.851822824202827e-07,2.485191497036965e-10,29.00830388069153
9.84133407655463e-07,2.4720561708768685e-10,29.014901638031006
9.830857834458584e-07,2.466894188923874e-10,29.022077798843384
9.820394097914686e-07,2.4632171302663153e-10,29.028729677200317
9.80994173005456e-07,2.4618199145898245e-10,29.03546452522278
9.799500730878208e-07,2.460866788123184e-10,29.042956829071045
9.789072237254004e-07,2.462767489941342e-10,29.049578428268433
9.77865170170844e-07,2.4560142808383034e-10,29.057756900787354
9.768244808583404e-07,2.4518939656381633e-10,29.06422472000122
9.757848147273762e-07,2.4491625394418293e-10,29.07091522216797
9.747475360200042e-07,2.4887369942661053e-10,29.077381372451782
9.737095751916058e-07,2.460525672098868e-10,29.083937644958496
9.726743428473128e-07,2.4936908094019827e-10,29.092026710510254
9.716384283819934e-07,2.4588112101930903e-10,29.098899364471436
9.706041055324022e-07,2.4378768448407584e-10,29.105663776397705
9.695712606117013e-07,2.4336790915846507e-10,29.11225199699402
9.685395525593776e-07,2.4288071553968393e-10,29.119046688079834
9.67508640314918e-07,2.417621658423741e-10,29.12673020362854
9.664794333730242e-07,2.416740696453701e-10,29.133973836898804
9.654522727942094e-07,2.4619156713256984e-10,29.142067193984985
9.644244300943683e-07,2.431929935209354e-10,29.14876651763916
9.633980653234175e-07,2.419935918318572e-10,29.156408548355103
9.623742016628967e-07,2.459158709999798e-10,29.162854194641113
9.613507927497267e-07,2.4717558555487074e-10,29.171504259109497
9.60327270149719e-07,2.436570667452287e-10,29.178001642227173
9.59305111791764e-07,2.41204417550378e-10,29.185017824172974
9.582844313626993e-07,2.401919219074955e-10,29.193925380706787
9.572648878020118e-07,2.389590469942249e-10,29.20094895362854
9.562476179780788e-07,2.430303736034034e-10,29.2091863155365
9.552300070936326e-07,2.403694743247087e-10,29.21562671661377
9.542136467644013e-07,2.390912190453065e-10,29.222473621368408
9.531984801469662e-07,2.38021241605324e-10,29.228893756866455
9.521858714833797e-07,2.423737877066401e-10,29.235520124435425
9.511724670119293e-07,2.3970059270794764e-10,29.242997646331787
9.50160597312788e-07,2.382817831936279e-10,29.249409675598145
9.49149864482024e-07,2.3729457288013123e-10,29.256016731262207
9.48140325363056e-07,2.3645457813969983e-10,29.26238989830017
9.471319799558842e-07,2.3607563126581965e-10,29.268897533416748
9.461248851039272e-07,2.362044448922518e-10,29.276227712631226
9.451186997466721e-07,2.357093409344202e-10,29.282745361328125
9.441136512577941e-07,2.3543378357970823e-10,29.289385080337524
9.431096827938745e-07,2.35151675909151e-10,29.29599642753601
9.42106908041751e-07,2.3479998501052535e-10,29.30257225036621
9.411050996277481e-07,2.34212649274923e-10,29.310041189193726
9.401044849255413e-07,2.3411694805020034e-10,29.31678533554077
9.391048365614552e-07,2.335821536192384e-10,29.32447099685669
9.381064955960028e-07,2.3383289748935e-10,29.33088779449463
9.371089504384145e-07,2.334315241103724e-10,29.337453603744507
9.361127126794599e-07,2.331906057140287e-10,29.34393835067749
9.351174981020449e-07,2.3267315851782655e-10,29.35116744041443
9.341233067061694e-07,2.3242562041669856e-10,29.35959243774414
9.331301953352522e-07,2.3194828002726098e-10,29.366090059280396
9.321382208327122e-07,2.317341318835986e-10,29.372711896896362
9.311473831985495e-07,2.3174363816824695e-10,29.379154920578003
9.301575119025074e-07,2.31278454720929e-10,29.386071920394897
9.291688343182614e-07,2.3116736302952745e-10,29.3934805393219
9.281810662287171e-07,2.3037446950091578e-10,29.400052070617676
9.271944918509689e-07,2.3027625639659988e-10,29.40786576271057
9.262091680284357e-07,2.308101210157787e-10,29.414349794387817
9.252245831703476e-07,2.301425716666472e-10,29.420979261398315
9.242411920240556e-07,2.2976107127981038e-10,29.428144454956055
9.232588240593032e-07,2.2937655941301927e-10,29.43509268760681
9.222775929629279e-07,2.287443984227977e-10,29.442930698394775
9.212975555783487e-07,2.289349682049746e-10,29.449720859527588
9.203184845318901e-07,2.2872850835575775e-10,29.45782780647278
9.193403798235522e-07,2.2845858538289576e-10,29.46444034576416
9.183634119835915e-07,2.279150479456149e-10,29.4713237285614
9.173873536383326e-07,2.274769261845222e-10,29.47802472114563
9.164125458482886e-07,2.2717687453432944e-10,29.484794855117798
9.15440011794999e-07,2.3170600160771215e-10,29.492554903030396
9.144665682470077e-07,2.2882513939226357e-10,29.499053716659546
9.134947163147444e-07,2.276765442843498e-10,29.505626440048218
9.125238875640207e-07,2.266651588644919e-10,29.512070894241333
9.11554252525093e-07,2.2610760486152515e-10,29.518826484680176
9.105859248847992e-07,2.2648921627066443e-10,29.526873111724854
9.096196436075843e-07,2.3051878461632924e-10,29.533565998077393
9.086523959922488e-07,2.273728705315392e-10,29.541545629501343
9.076867399926414e-07,2.2587910708526948e-10,29.547512531280518
9.0672227770483e-07,2.248988217878889e-10,29.55444860458374
9.057588954419771e-07,2.2407901922871787e-10,29.561214208602905
9.047966500475013e-07,2.234395723998972e-10,29.567697048187256
9.038355415214028e-07,2.234280399582289e-10,29.575316667556763
9.028765362018021e-07,2.277367600056479e-10,29.581706047058105
9.019169624480128e-07,2.2540547206517658e-10,29.588825464248657
9.009586392494384e-07,2.2377745489965406e-10,29.595537900924683
9.000015097626601e-07,2.2299388724444924e-10,29.602274894714355
8.990455171442591e-07,2.2229484919478182e-10,29.609636306762695
8.980906613942352e-07,2.2247502451389067e-10,29.616133451461792
8.971367151389131e-07,2.2198096139014467e-10,29.62310028076172
8.961837920651305e-07,2.214356337182366e-10,29.629578828811646
8.952321195465629e-07,2.213649680227192e-10,29.636166095733643
8.942812428358593e-07,2.2079742201253083e-10,29.643083572387695
8.933316166803706e-07,2.2091498075305083e-10,29.649587154388428
8.923829568630026e-07,2.208121185898193e-10,29.656683206558228
8.914352633837552e-07,2.2047534631308707e-10,29.66310429573059
8.904886499294662e-07,2.2023204093724047e-10,29.6699800491333
8.895430596567167e-07,2.2021137691119463e-10,29.67719554901123
8.885984357220877e-07,2.196298698464716e-10,29.683730363845825
8.876548349689983e-07,2.1897594848496738e-10,29.69141435623169
8.867122573974484e-07,2.1868966360027997e-10,29.69784188270569
8.857709303811134e-07,2.1884043188702407e-10,29.704660177230835
8.848304560160614e-07,2.1851202791633995e-10,29.71116852760315
8.838909479891299e-07,2.1848839404370324e-10,29.71794557571411
8.829536000121152e-07,2.2260675247576245e-10,29.72585654258728
8.82015626757493e-07,2.199252030488097e-10,29.732398986816406
8.810789609015046e-07,2.1884286049989043e-10,29.739076614379883
8.801434319138934e-07,2.1810149519740918e-10,29.74561047554016
8.792088692644029e-07,2.1702094288311713e-10,29.752305507659912
8.782754434832896e-07,2.164046303265721e-10,29.759648323059082
8.773429840402969e-07,2.1564589003375545e-10,29.766505479812622
8.764117751525191e-07,2.156877038084204e-10,29.774457454681396
8.754814757594431e-07,2.1584162235299686e-10,29.7808940410614
8.745521995479066e-07,2.1570648045532437e-10,29.787699937820435
8.736239465179096e-07,2.1528399896109107e-10,29.794362783432007
8.726967166694521e-07,2.151709088682452e-10,29.801222562789917
8.717703963156964e-07,2.149123518035978e-10,29.808715105056763
8.708450423000613e-07,2.145983529766582e-10,29.815324306488037
8.699208819962223e-07,2.146505612143912e-10,29.822237730026245
8.689975743436662e-07,2.1437553121561592e-10,29.82917809486389
8.680752898726496e-07,2.1408658179566942e-10,29.836448669433594
8.671541422700102e-07,2.1417416451452453e-10,29.843676805496216
8.662338473186537e-07,2.1363892599435275e-10,29.85113501548767
8.653155987303762e-07,2.1743151723541132e-10,29.85955309867859
8.643967248644913e-07,2.1516247117325804e-10,29.867202281951904
8.634791583972401e-07,2.1363551205855202e-10,29.875797748565674
8.625626719549473e-07,2.12257378340297e-10,29.882125854492188
8.616474360678694e-07,2.1237286929043364e-10,29.888927936553955
8.607330528320745e-07,2.118107217397025e-10,29.89583420753479
8.598196359344001e-07,2.112553743049972e-10,29.902642726898193
8.589072422182653e-07,2.1052215526395912e-10,29.910125732421875
8.579960422139266e-07,2.1035177766304258e-10,29.917007207870483
8.570856380174519e-07,2.102221868804932e-10,29.925036191940308
8.561763138459355e-07,2.1011557771455358e-10,29.931381225585938
8.552680128559587e-07,2.0974634529213887e-10,29.938159227371216
8.543605645172647e-07,2.094370510352661e-10,29.944578409194946
8.534543098903669e-07,2.0957933999365963e-10,29.9513156414032
8.525489079147519e-07,2.0942918232957908e-10,29.95924425125122
8.516445291206765e-07,2.0928868360581276e-10,29.96593403816223
8.507408892910462e-07,2.0857902904847236e-10,29.9727520942688
8.498385000166309e-07,2.0825868807250458e-10,29.979482173919678
8.489369065500796e-07,2.0780796528008239e-10,29.98633646965027
8.480365636387432e-07,2.0797993882659682e-10,29.993510246276855
8.47137016535271e-07,2.0761878327668626e-10,30.000065088272095
8.462383789265004e-07,2.0712294379610086e-10,30.006715297698975
8.453408213426883e-07,2.0701107494858206e-10,30.013280153274536
8.444442300969968e-07,2.0681252543841566e-10,30.019957780838013
8.435486620328447e-07,2.0652084209427102e-10,30.02687668800354
8.426540034633945e-07,2.0646216680741958e-10,30.03340721130371
8.417601975452271e-07,2.05898895155876e-10,30.040045976638794
8.408676421822747e-07,2.0623183716317328e-10,30.04643964767456
8.399758826271864e-07,2.0566101599506226e-10,30.05338478088379
8.390849188799621e-07,2.053833214610279e-10,30.06020450592041
8.381951488445338e-07,2.0491312813231133e-10,30.06671166419983
8.373063451472262e-07,2.0470161676833243e-10,30.073388814926147
8.364183941012016e-07,2.0455355465021086e-10,30.079769134521484
8.355315230801352e-07,2.0437121439620398e-10,30.08625340461731
8.346456183971895e-07,2.0433686687137964e-10,30.093169689178467
8.337605663655268e-07,2.0398821520828392e-10,30.099661350250244
8.328765943588223e-07,2.040091567900859e-10,30.106401681900024
8.319934750034008e-07,2.036613933054099e-10,30.112841367721558
8.311112082992622e-07,2.0314859516812334e-10,30.11945629119873
8.302301353069197e-07,2.032000262497391e-10,30.126753330230713
8.293499149658601e-07,2.0293741687105182e-10,30.133243322372437
8.284706609629211e-07,2.0272754308603425e-10,30.140020847320557
8.275923164546839e-07,2.022222111985883e-10,30.146388292312622
8.267147677543107e-07,2.017744860083326e-10,30.15296721458435
8.258385264525714e-07,2.0195331518202408e-10,30.159932613372803
8.249629672718584e-07,2.0124223121253948e-10,30.166414737701416
8.240883175858471e-07,2.0079744811329903e-10,30.173086166381836
8.232148047682131e-07,2.0065192563034628e-10,30.179643869400024
8.223422014452808e-07,2.0021642677114926e-10,30.186219453811646
8.21470621303888e-07,2.0051633964346394e-10,30.193071842193604
8.205998369703593e-07,2.0024387703543312e-10,30.19953441619873
8.19730132661789e-07,2.004026111723789e-10,30.20613980293274
8.188612810045015e-07,2.0016539814537992e-10,30.212531566619873
8.179933956853347e-07,1.9973973863773864e-10,30.21916913986206
8.171263061740319e-07,1.9901236214536766e-10,30.226815938949585
8.162602966876875e-07,1.9872735401715858e-10,30.233275175094604
8.153951966960449e-07,1.9873798440261936e-10,30.240023374557495
8.145311198859417e-07,1.9883478197257887e-10,30.24643564224243
8.136678388837026e-07,1.9836658704530663e-10,30.25298762321472
8.12805581063003e-07,1.980353381281219e-10,30.259793758392334
8.119441758935864e-07,1.9760035274707377e-10,30.266273021697998
8.110839075925469e-07,1.9800401596103967e-10,30.272828817367554
8.102243782559526e-07,1.975982572011148e-10,30.279210805892944
8.093658721008978e-07,1.9747159463179287e-10,30.285766124725342
8.085081617537071e-07,1.9715065691094935e-10,30.29341959953308
8.076514745880559e-07,1.9683631113931455e-10,30.300133228302002
8.067956400736875e-07,1.9643711657302276e-10,30.30781602859497
8.059396350290626e-07,1.9146416396775834e-10,30.31418251991272
8.05086358468543e-07,1.936472371344422e-10,30.32106900215149
8.042335934987932e-07,1.9422093100462945e-10,30.327791452407837
8.033816811803263e-07,1.9497306547044957e-10,30.3346107006073
8.025305646697234e-07,1.9486114111177955e-10,30.34206748008728
8.016804144972411e-07,1.94787380669581e-10,30.348649263381958
8.008310032892041e-07,1.941886929035519e-10,30.355783224105835
7.999826721061254e-07,1.9421307617673023e-10,30.36244034767151
7.991352504177485e-07,1.9406494466966961e-10,30.369325876235962
7.982886813806545e-07,1.940466121119755e-10,30.37686824798584
7.974430218382622e-07,1.9371031168002872e-10,30.383638620376587
7.965983286339906e-07,1.9355553271260817e-10,30.391269207000732
7.957544880810019e-07,1.9322736466431678e-10,30.39772891998291
7.949116138661338e-07,1.930807042027638e-10,30.404422998428345
7.940695923025487e-07,1.9275211982083817e-10,30.41091752052307
7.93228593920503e-07,1.9275959994846659e-10,30.417442798614502
7.923885050331592e-07,1.9280031737789471e-10,30.425050735473633
7.915491551102605e-07,1.9225905589781433e-10,30.431638479232788
7.907107146820636e-07,1.916082986719303e-10,30.43845534324646
7.898732974354061e-07,1.9157098130051509e-10,30.445045709609985
7.890369033702882e-07,1.9175580567853956e-10,30.452012062072754
7.882011345827777e-07,1.910920588432674e-10,30.459612607955933
7.873664458202256e-07,1.9098927994676274e-10,30.46625590324402
7.865326665523753e-07,1.9091578318253255e-10,30.472820281982422
7.856998536226456e-07,1.910712421615557e-10,30.479377031326294
7.848677796573611e-07,1.9062772194100575e-10,30.486140251159668
7.840366151867784e-07,1.9041956900167634e-10,30.49312448501587
7.832064170543163e-07,1.9009763208011066e-10,30.49971604347229
7.823770147297182e-07,1.8955068070702907e-10,30.506441593170166
7.815485787432408e-07,1.89556606522423e-10,30.51299285888672
7.807211659383029e-07,1.8955964575795292e-10,30.519731998443604
7.79894548941229e-07,1.8933808687560116e-10,30.52649235725403
7.790687277520192e-07,1.8898022036140105e-10,30.533037662506104
7.7824387290093e-07,1.888408734940228e-10,30.540021657943726
7.774199275445426e-07,1.8872939322456261e-10,30.54914093017578
7.76596891682857e-07,1.8827085723760462e-10,30.55598282814026
7.757734579172393e-07,1.8328044637527796e-10,30.56253147125244
7.749527526357269e-07,1.8504661691842728e-10,30.570141792297363
7.741326726318221e-07,1.8629325859720325e-10,30.57731533050537
7.733132747489435e-07,1.865118059996007e-10,30.584310293197632
7.724947863607667e-07,1.869500665385715e-10,30.5925874710083
7.71677093780454e-07,1.8693735448493953e-10,30.599337577819824
7.708601970080053e-07,1.8648967092804725e-10,30.60786199569702
7.700442665736773e-07,1.8685532288120754e-10,30.614241361618042
7.692291319472133e-07,1.861116538659502e-10,30.6217839717865
7.684137699470739e-07,1.8118588573923233e-10,30.628225564956665
7.676010227442021e-07,1.8346257846246772e-10,30.635567665100098
7.667888439755188e-07,1.8469083207239834e-10,30.642937183380127
7.659773473278619e-07,1.8468714058084146e-10,30.649905681610107
7.651668170183257e-07,1.849427833100492e-10,30.658274173736572
7.643569119863969e-07,1.8459564432582454e-10,30.664693117141724
7.635479732925887e-07,1.8449246297347344e-10,30.672226905822754
7.627397735632258e-07,1.837555663186663e-10,30.678662538528442
7.6193271070224e-07,1.8392243283926746e-10,30.68607449531555
7.611263299622806e-07,1.8374003707410935e-10,30.693524599075317
7.603210292472795e-07,1.8396556500377415e-10,30.700472116470337
7.59515103254671e-07,1.7853302169967833e-10,30.70828127861023
7.587119625895866e-07,1.8070496488054033e-10,30.71467137336731
7.579095040455286e-07,1.8204776575103665e-10,30.721657037734985
7.571075570922403e-07,1.819187439577874e-10,30.72823476791382
7.563064627902349e-07,1.8219743769254393e-10,30.735286235809326
7.555062779829314e-07,1.818361849981187e-10,30.742949724197388
7.547069458269107e-07,1.8188532624474618e-10,30.749762773513794
7.539072726103768e-07,1.7685888864527044e-10,30.75669574737549
7.531103278779483e-07,1.7950041453218546e-10,30.763564109802246
7.523137242060329e-07,1.8046743266442178e-10,30.770370960235596
7.515179163419816e-07,1.8077714325492877e-10,30.77692461013794
7.507228474423755e-07,1.8048536276626947e-10,30.78359627723694
7.499286311940523e-07,1.805413318844984e-10,30.79168200492859
7.491353812838497e-07,1.8067440599178752e-10,30.798163652420044
7.483428703380923e-07,1.8046714123087781e-10,30.80504298210144
7.475512120436179e-07,1.8053818162666602e-10,30.811552047729492
7.46760520087264e-07,1.8035865856358413e-10,30.818427085876465
7.459704534085176e-07,1.7990613165874692e-10,30.82593321800232
7.45181296224473e-07,1.7960655185333962e-10,30.83229398727417
7.443931622219679e-07,1.7962697995699273e-10,30.838865041732788
7.436058240273269e-07,1.7954475406423143e-10,30.84541964530945
7.428191679537122e-07,1.7894030701626207e-10,30.852168560028076
7.420334782182181e-07,1.7856197076504543e-10,30.86042618751526
7.412487548208446e-07,1.7890476600168626e-10,30.866888999938965
7.404647135444975e-07,1.78684109175542e-10,30.874574422836304
7.396815249194333e-07,1.7827289644500866e-10,30.88097357749939
7.388992457890708e-07,1.7846003841359703e-10,30.887632846832275
7.381177624665725e-07,1.7805859564568038e-10,30.89446449279785
7.37337131795357e-07,1.7772625038325884e-10,30.901105642318726
7.365572969320056e-07,1.7740074687022656e-10,30.908722639083862
7.357783715633559e-07,1.770822238844616e-10,30.9151349067688
7.350002988459892e-07,1.7706278110374285e-10,30.921932697296143
7.342229082496488e-07,1.7628867809982296e-10,30.928916692733765
7.334454608098895e-07,1.7171911115276828e-10,30.93666982650757
7.326704576371412e-07,1.7393365914220027e-10,30.94355320930481
7.318948860302044e-07,1.704618113329559e-10,30.95002770423889
7.311218155336974e-07,1.7343523839308261e-10,30.95671582221985
7.303490292542847e-07,1.7450675626751178e-10,30.963315963745117
7.295757313841023e-07,1.699808765964761e-10,30.969888925552368
7.288049914677686e-07,1.7254506157193816e-10,30.97684121131897
7.280347062987857e-07,1.7353242454110074e-10,30.983288764953613
7.272651600942481e-07,1.7401870222588656e-10,30.99117875099182
7.264952159857785e-07,1.6956508419596616e-10,30.99764060974121
7.257277729877387e-07,1.7197455959294672e-10,31.00424551963806
7.249608415804687e-07,1.7340329172554902e-10,31.010693788528442
7.241946491376439e-07,1.7411368180564324e-10,31.01714324951172
7.234289114421699e-07,1.7336732049955117e-10,31.024540185928345
7.226641400848166e-07,1.7310891609056966e-10,31.03113055229187
7.219002782221651e-07,1.7318117773168495e-10,31.03766918182373
7.211372121673776e-07,1.7323367740296192e-10,31.044253826141357
7.203748282336164e-07,1.7316932610089708e-10,31.050723791122437
7.196134674813948e-07,1.7317654255055714e-10,31.05829167366028
7.188527888501994e-07,1.728678172829845e-10,31.065035343170166
7.180929060268681e-07,1.7245960215461764e-10,31.071614503860474
7.173338190114009e-07,1.7178979072607348e-10,31.078044891357422
7.165756414906355e-07,1.7205453728408315e-10,31.084545373916626
7.15817066065938e-07,1.6687398685100163e-10,31.092278003692627
7.150612191253458e-07,1.6943327296736754e-10,31.098864793777466
7.143055995584291e-07,1.6977463879186416e-10,31.10543942451477
7.135507757993764e-07,1.7023969733909183e-10,31.1118745803833
7.127956678232295e-07,1.6588931617267377e-10,31.118340492248535
7.120428335838369e-07,1.6806919744816184e-10,31.126527547836304
7.112907383088896e-07,1.6928726476184153e-10,31.133021593093872
7.105392114681308e-07,1.6980156170021132e-10,31.1397488117218
7.097883099049795e-07,1.6973115968266228e-10,31.146219491958618
7.090384315233678e-07,1.7010422237451195e-10,31.15279459953308
7.082891215759446e-07,1.696812690354932e-10,31.16014051437378
7.075405505929666e-07,1.6924309176324925e-10,31.16658663749695
7.067930027915281e-07,1.6925155721381202e-10,31.17337393760681
7.060461939545348e-07,1.689526574200073e-10,31.1798038482666
7.053001240819867e-07,1.6864427909712987e-10,31.186322450637817
7.045549068607215e-07,1.6872754582397675e-10,31.193395137786865
7.038104286039015e-07,1.6826265381020278e-10,31.20004105567932
7.030668029983644e-07,1.6839064864715425e-10,31.206704139709473
7.023240300441103e-07,1.6806848968098365e-10,31.213077306747437
7.015808023425052e-07,1.6312701189846734e-10,31.219985485076904
7.008402462815866e-07,1.6541637504197126e-10,31.22686505317688
7.000988944128039e-07,1.6141254999268995e-10,31.233270168304443
6.993599868110323e-07,1.6437529115620464e-10,31.24218511581421
6.986214771131927e-07,1.6547270498268318e-10,31.248600959777832
6.978824558245833e-07,1.614156724949467e-10,31.25529408454895
6.971447419346077e-07,1.5937411113053912e-10,31.262121438980103
6.964093017813866e-07,1.630651447204201e-10,31.26985192298889
6.956728952900448e-07,1.598439852701361e-10,31.27731204032898
6.949388762222952e-07,1.631295792892118e-10,31.283839464187622
6.942051982150588e-07,1.6427306737121228e-10,31.291704893112183
6.93470838086796e-07,1.5975087919173347e-10,31.298516750335693
6.92739035912382e-07,1.626737217153007e-10,31.305469274520874
6.920064947735227e-07,1.5922078933083839e-10,31.311903476715088
6.912763410582556e-07,1.6179807493799103e-10,31.318400144577026
6.905466989337583e-07,1.6349090137257605e-10,31.326262712478638
6.898175115566119e-07,1.6429302363007992e-10,31.332916498184204
6.890890063004917e-07,1.6434570371259838e-10,31.339484214782715
6.883613536956545e-07,1.6454990148240256e-10,31.34598445892334
6.876330758132099e-07,1.589070125485037e-10,31.352622032165527
6.869075264148705e-07,1.615042821700996e-10,31.36097002029419
6.861812948955048e-07,1.5793306940015128e-10,31.367833375930786
6.854572802694747e-07,1.60536056670324e-10,31.375465154647827
6.847337772342144e-07,1.618351147536501e-10,31.381903409957886
6.840107857897237e-07,1.6209095177188715e-10,31.38872194290161
6.832875101281388e-07,1.5768705785568216e-10,31.395209550857544
6.82566621890146e-07,1.6038541328367018e-10,31.401684999465942
6.818449946877081e-07,1.562685397749064e-10,31.40965247154236
6.811258117522812e-07,1.5941609143865776e-10,31.41619110107422
6.804057761655713e-07,1.5594027458210036e-10,31.422794342041016
6.796881280024536e-07,1.5909992767682013e-10,31.429426670074463
6.789708208998491e-07,1.60169877361227e-10,31.43591809272766
6.782529453630559e-07,1.559980616905321e-10,31.443411350250244
6.775376277801115e-07,1.5879271508811854e-10,31.449929237365723
6.768225375708425e-07,1.5984817636205406e-10,31.456714868545532
6.761081863260188e-07,1.6035167638150938e-10,31.4634006023407
6.753944035153836e-07,1.6048978812577275e-10,31.469921350479126
6.746813596691936e-07,1.6044059136799405e-10,31.476545095443726
6.739691684742866e-07,1.6043227857309716e-10,31.482933044433594
6.732577162438247e-07,1.602671745315476e-10,31.48975157737732
6.725458092660119e-07,1.5534780406500914e-10,31.496405363082886
6.718352665302518e-07,1.528809856488067e-10,31.50294828414917
6.711268838444084e-07,1.5636150707543095e-10,31.509806394577026
6.704188422190782e-07,1.5770068584330943e-10,31.516177654266357
6.697113690279366e-07,1.5853357515638322e-10,31.52310562133789
6.69003497932863e-07,1.5407658482402553e-10,31.529502868652344
6.682979574179626e-07,1.5659587515592932e-10,31.535982370376587
6.675917347820359e-07,1.5301801492562106e-10,31.54343295097351
6.668877858828637e-07,1.5562089117349132e-10,31.549866199493408
6.661841780442046e-07,1.5691593857614095e-10,31.556459665298462
6.654813091699907e-07,1.5771101091743844e-10,31.56309723854065
6.647789518865466e-07,1.5753519322370124e-10,31.569635152816772
6.640775040978042e-07,1.5782167239741796e-10,31.576516151428223
6.633766247432504e-07,1.5784615281511094e-10,31.582918405532837
6.626765411965607e-07,1.578194380735809e-10,31.589756965637207
6.619771966143162e-07,1.5782039564093964e-10,31.59657311439514
6.612785909965169e-07,1.5766159211505482e-10,31.60311198234558
6.605795306313667e-07,1.5228698857505663e-10,31.610191583633423
6.598829713766463e-07,1.5437627565173528e-10,31.616623878479004
6.591868668692769e-07,1.552164785589838e-10,31.62453269958496
6.584903076145565e-07,1.5098790273615492e-10,31.63205122947693
6.577960789400095e-07,1.5342660475425873e-10,31.638694047927856
6.571022481693944e-07,1.5430466626664696e-10,31.6451313495636
6.564078489645908e-07,1.4997002251160296e-10,31.651652574539185
6.557159508702171e-07,1.5279190412886834e-10,31.659214973449707
6.550243938363565e-07,1.5412868203945607e-10,31.666146278381348
6.543334620801033e-07,1.5458043178817604e-10,31.672754764556885
6.536420187330805e-07,1.4999930464387745e-10,31.67914843559265
6.529531333399063e-07,1.528092236080525e-10,31.685609817504883
6.522633952954493e-07,1.489704470891695e-10,31.693475484848022
6.515747372759506e-07,1.4714722496034227e-10,31.699979543685913
6.508882961497875e-07,1.5079611170865093e-10,31.706713914871216
6.50202025553881e-07,1.5254365826056215e-10,31.713141202926636
6.495162097053253e-07,1.5296935940156686e-10,31.719665050506592
6.488300527962565e-07,1.485996187211569e-10,31.726511240005493
6.481461696239421e-07,1.5102770423158773e-10,31.732902765274048
6.474627411989786e-07,1.5214196569246496e-10,31.740037441253662
6.467798812082037e-07,1.5264421671101758e-10,31.74648141860962
6.460975896516175e-07,1.5239769168839956e-10,31.75324773788452
6.454160939028952e-07,1.527009213520003e-10,31.760247945785522
6.447354508054559e-07,1.5277970555338527e-10,31.766788959503174
6.440553761422052e-07,1.5269421838048913e-10,31.774474382400513
6.433748467316036e-07,1.4741689813302372e-10,31.780901193618774
6.426956815630547e-07,1.4494289102273683e-10,31.787468194961548
6.420186764444225e-07,1.4848136609124651e-10,31.794421195983887
6.413418986994657e-07,1.4982778906436067e-10,31.80116319656372
6.406656893886975e-07,1.5079668069795105e-10,31.8087055683136
6.399900485121179e-07,1.5102612216377764e-10,31.8152117729187
6.393140097316063e-07,1.4615461618738834e-10,31.821898221969604
6.386393351931474e-07,1.440365743343719e-10,31.82850980758667
6.379655133059714e-07,1.4294375405565773e-10,31.834953546524048
6.37292657756916e-07,1.421166656578876e-10,31.84260630607605
6.366216211972642e-07,1.4644839507749197e-10,31.84941005706787
6.359506983244501e-07,1.481284817028694e-10,31.85607624053955
6.352803438858245e-07,1.4909695700282555e-10,31.862884998321533
6.346105578813876e-07,1.4965739758565633e-10,31.869434595108032
6.339413971545582e-07,1.4956776095420565e-10,31.876936674118042
6.332718385237968e-07,1.4467854692057358e-10,31.88347601890564
6.326047241600463e-07,1.4741091680647855e-10,31.891245126724243
6.319378940133902e-07,1.4813497650756347e-10,31.897709369659424
6.312706091193832e-07,1.4379580859369412e-10,31.904603242874146
6.306055979621306e-07,1.4623594002394213e-10,31.91101884841919
6.299410983956477e-07,1.4793866132123412e-10,31.917661428451538
6.292759167081385e-07,1.4356238420276668e-10,31.92653203010559
6.28612099262682e-07,1.4152676253154084e-10,31.93303680419922
6.279490207816707e-07,1.4018060323639503e-10,31.93978762626648
6.272868517953611e-07,1.3941074683554433e-10,31.946239471435547
6.266254786169156e-07,1.389855175393251e-10,31.952892303466797
6.259659812712925e-07,1.4371856482675582e-10,31.960229873657227
6.2530546074413e-07,1.4111371793301686e-10,31.967536449432373
6.246464181458578e-07,1.4151474436729927e-10,31.975162744522095
6.239874892344233e-07,1.396456561497672e-10,31.981625080108643
6.233294698176906e-07,1.3852249902690517e-10,31.98870539665222
6.226724167390785e-07,1.382494257962108e-10,31.99516272544861
6.220171258064511e-07,1.4277028170806005e-10,32.001710176467896
6.213619485606614e-07,1.4478522547545225e-10,32.00926852226257
6.207071692188038e-07,1.4546003290760723e-10,32.01570725440979
6.200535267453233e-07,1.4820673854831767e-10,32.022401571273804
6.193992589942354e-07,1.4495671329939341e-10,32.02945303916931
6.187460712681059e-07,1.433415192098053e-10,32.036048412323
6.180941909406101e-07,1.4461495889683817e-10,32.043416023254395
6.174417421789258e-07,1.4013909477306186e-10,32.04989314079285
6.167917376842524e-07,1.4293738415105395e-10,32.05786466598511
6.161425289974432e-07,1.4657958180563924e-10,32.06429076194763
6.154924108159321e-07,1.4326198560787873e-10,32.07121443748474
6.148428042251908e-07,1.3907820728409348e-10,32.07771325111389
6.141949029370153e-07,1.3937982712430852e-10,32.08418345451355
6.135478543001227e-07,1.399759752551688e-10,32.09167170524597
6.129012035671622e-07,1.40142189519743e-10,32.098679065704346
6.122559170762543e-07,1.423661744048843e-10,32.1052782535553
6.116104600550898e-07,1.407937932906833e-10,32.11170411109924
6.109657988417894e-07,1.4008562365663835e-10,32.11816906929016
6.103219902797719e-07,1.400043830868114e-10,32.125905990600586
6.096793185861316e-07,1.419051404161209e-10,32.13285255432129
6.090370447964233e-07,1.4252525548652528e-10,32.13979411125183
6.083948278501339e-07,1.4042512985756872e-10,32.14622235298157
6.077541456761537e-07,1.4186923857906208e-10,32.1527624130249
6.071133498153358e-07,1.3997990266911842e-10,32.16075539588928
6.064739750399895e-07,1.4095492828491984e-10,32.167397260665894
6.058351118554128e-07,1.4165577044700228e-10,32.17502164840698
6.051968739484437e-07,1.4182442720223065e-10,32.181618213653564
6.045587497283123e-07,1.3944147225775083e-10,32.18823719024658
6.039222171239089e-07,1.4101121659226834e-10,32.19519329071045
6.032854571458302e-07,1.389848375277225e-10,32.20254969596863
6.026497771927097e-07,1.3816883748241082e-10,32.21009564399719
6.020152909513854e-07,1.3994262693106663e-10,32.21655464172363
6.013806910232233e-07,1.3814885346796757e-10,32.22342777252197
6.007475690239517e-07,1.3966688916511316e-10,32.23068380355835
6.001143901812611e-07,1.3797803177784118e-10,32.237260818481445
5.994820639898535e-07,1.372964797408116e-10,32.24382948875427
5.988504199194722e-07,1.366308455263976e-10,32.250357151031494
5.982195716569549e-07,1.362440715801938e-10,32.25782060623169
5.975898602628149e-07,1.382922248938101e-10,32.26507377624512
5.969601488686749e-07,1.3706995261042465e-10,32.27179193496704
5.963316880297498e-07,1.3817509636471215e-10,32.278284788131714
5.957031703474058e-07,1.3680431787399527e-10,32.28475546836853
5.950755053163448e-07,1.356313811262666e-10,32.292980670928955
5.944488066234044e-07,1.355177359219084e-10,32.299439430236816
5.938230174251657e-07,1.3724771319445495e-10,32.30603098869324
5.931973419137648e-07,1.3569272094837714e-10,32.312400579452515
5.925723485233902e-07,1.349062667133083e-10,32.319034814834595
5.919482077842986e-07,1.344828970406553e-10,32.32631754875183
5.91324862853071e-07,1.3437730095322564e-10,32.33340358734131
5.907019726691942e-07,1.3388710973227802e-10,32.34122562408447
5.900803898839513e-07,1.3599585346746323e-10,32.348583936691284
5.894587502552895e-07,1.3497244988336377e-10,32.355488300323486
5.888384180252615e-07,1.3664812337221832e-10,32.36191129684448
5.882180289518146e-07,1.3504293516763965e-10,32.368772983551025
5.87598378842813e-07,1.3410147992054533e-10,32.3763689994812
5.869795245416753e-07,1.3341844296022032e-10,32.38289713859558
5.863619207957527e-07,1.3562520551069213e-10,32.39126753807068
5.857441465195734e-07,1.3385893782302816e-10,32.39821982383728
5.851272248946771e-07,1.3317219549335846e-10,32.404829025268555
5.845110990776448e-07,1.3300237300395423e-10,32.41122794151306
5.838955985382199e-07,1.3259628117712197e-10,32.417685985565186
5.832811780237535e-07,1.3445257407429523e-10,32.42538547515869
5.826673827868944e-07,1.354228673644542e-10,32.43218469619751
5.820534738631977e-07,1.3354020667044608e-10,32.43912315368652
5.814404175907839e-07,1.3234335849432455e-10,32.44560527801514
5.808281571262341e-07,1.3199631665461453e-10,32.452632427215576
5.802166356261296e-07,1.3163659051684817e-10,32.46054697036743
5.796055688733759e-07,1.30866623093695e-10,32.46727705001831
5.78995411615324e-07,1.3085571515247807e-10,32.4750280380249
5.783863912256493e-07,1.3299047973980294e-10,32.48141121864319
5.777772571491369e-07,1.3186871039572168e-10,32.48825645446777
5.771688620370696e-07,1.311269565151818e-10,32.49515104293823
5.765617174802173e-07,1.328551019197377e-10,32.501946687698364
5.759550845141348e-07,1.3406541155003282e-10,32.50921154022217
5.753484515480523e-07,1.3236572948827074e-10,32.51578712463379
5.747430691371846e-07,1.334434646116378e-10,32.52279305458069
5.741382551605057e-07,1.3439005464022102e-10,32.52951693534851
5.735334411838267e-07,1.319026693424874e-10,32.536277770996094
5.729294230150117e-07,1.305991426114872e-10,32.54311275482178
5.723262574974797e-07,1.2983668307153806e-10,32.54980444908142
5.717242856917437e-07,1.3183538982719512e-10,32.556453704833984
5.7112220019917e-07,1.303158830845419e-10,32.56358575820923
5.705209105144604e-07,1.2952852679326554e-10,32.57041311264038
5.699204166376148e-07,1.2912862445979556e-10,32.57695746421814
5.693205480383767e-07,1.287180917408648e-10,32.583606004714966
5.687212478733272e-07,1.286037248915406e-10,32.59166479110718
5.681228003595606e-07,1.2861336995406702e-10,32.59813451766968
5.675248075931449e-07,1.281348915860292e-10,32.60500121116638
5.669275537911744e-07,1.2808192006996677e-10,32.61146068572998
5.663309252668114e-07,1.2812728655831052e-10,32.61921548843384
5.657349220200558e-07,1.2800900617282451e-10,32.627479553222656
5.651401693285152e-07,1.3005438392887925e-10,32.634448289871216
5.645450187330425e-07,1.2857108433461661e-10,32.64247131347656
5.639509481625282e-07,1.2804461657633937e-10,32.648948192596436
5.633573323393648e-07,1.2728215703639023e-10,32.65573000907898
5.627645123240654e-07,1.2734316379159338e-10,32.662601709365845
5.621724312732113e-07,1.27316907017061e-10,32.66928720474243
5.615813734038966e-07,1.2926341941277286e-10,32.67695617675781
5.609906565950951e-07,1.3002603160838788e-10,32.683693408966064
5.604004513770633e-07,1.3041202839847443e-10,32.69125270843506
5.598103030024504e-07,1.2796466664077855e-10,32.69809818267822
5.592215188698901e-07,1.28951099798158e-10,32.70621919631958
5.586333600149374e-07,1.2986990649554997e-10,32.71302580833435
5.580452011599846e-07,1.277783018283074e-10,32.71987557411194
5.574582928602467e-07,1.2875288335489898e-10,32.72713351249695
5.568715550907655e-07,1.2752371381097305e-10,32.734060764312744
5.562854994423105e-07,1.264239962717184e-10,32.741679668426514
5.557001259148819e-07,1.2582535013905272e-10,32.74810028076172
5.551153776650608e-07,1.252161985210165e-10,32.754979848861694
5.545319368138735e-07,1.2750821232199172e-10,32.76204872131348
5.539482685890107e-07,1.2604810251115595e-10,32.76879000663757
5.533653393285931e-07,1.2525373793703665e-10,32.77632927894592
5.527836606233905e-07,1.2689113648711725e-10,32.78317642211914
5.52202322978701e-07,1.2778880731367792e-10,32.79007363319397
5.516210421774304e-07,1.2563854123737173e-10,32.79726767539978
5.510406708708615e-07,1.2490697365308279e-10,32.80427956581116
5.50460981685319e-07,1.2447595731934769e-10,32.81081485748291
5.498818040905462e-07,1.2384941683318829e-10,32.81751751899719
5.493034223036375e-07,1.2382463110416353e-10,32.82540726661682
5.487256657943362e-07,1.2359058221278474e-10,32.831788301467896
5.481484777192236e-07,1.2334284982262744e-10,32.838637351989746
5.475719149217184e-07,1.2322531883768306e-10,32.8451623916626
5.469966026794282e-07,1.2553358352818123e-10,32.852434396743774
5.464209493766248e-07,1.2408346572456708e-10,32.860023498535156
5.458460918816854e-07,1.2329834375712778e-10,32.86645150184631
5.452720301946101e-07,1.229591983786804e-10,32.87314701080322
5.446985369417234e-07,1.2291687112586658e-10,32.87960433959961
5.441261237137951e-07,1.247329600717606e-10,32.88626050949097
5.43553596799029e-07,1.23385052175351e-10,32.89328622817993
5.42981865692127e-07,1.2270019722482317e-10,32.900434494018555
5.424107598628325e-07,1.2213767497382122e-10,32.90837907791138
5.418407909019152e-07,1.2405795835057631e-10,32.91481113433838
5.412707082541601e-07,1.2260982507061868e-10,32.92148303985596
5.407019330050389e-07,1.243889574675805e-10,32.92790412902832
5.401329872256611e-07,1.2255485515311193e-10,32.93465733528137
5.395647235673096e-07,1.2136858185129995e-10,32.94312405586243
5.38997312560241e-07,1.2079297284639523e-10,32.95093369483948
5.384305836741987e-07,1.2077489008888165e-10,32.958335161209106
5.378643663789262e-07,1.2058204434950426e-10,32.96472382545471
5.3729883120468e-07,1.2046087738415423e-10,32.97142219543457
5.367338644646225e-07,1.2025418161254464e-10,32.97862696647644
5.361695798455912e-07,1.2024421736089863e-10,32.985888719558716
5.356058636607486e-07,1.2033340990313945e-10,32.99345850944519
5.350427727535134e-07,1.2025833107109918e-10,33.00004696846008
5.344806481843989e-07,1.221933942918696e-10,33.007858991622925
5.339185236152844e-07,1.2098215484979136e-10,33.016571283340454
5.333570243237773e-07,1.2005491045741223e-10,33.02450394630432
5.327962639967154e-07,1.1967983548633043e-10,33.031222343444824
5.322360152604233e-07,1.1951771516915954e-10,33.038307905197144
5.316765623319952e-07,1.1934177257533207e-10,33.04549789428711
5.311180757416878e-07,1.2139393656962483e-10,33.052696228027344
5.305593617777049e-07,1.1984430114964084e-10,33.060925245285034
5.300016141518427e-07,1.1935366583948337e-10,33.069323778152466
5.294443212733313e-07,1.1888699746887e-10,33.07825779914856
5.288877673592651e-07,1.18752757627405e-10,33.0866973400116
5.283317818793876e-07,1.1813884592815072e-10,33.09542727470398
5.277768764244684e-07,1.2027313867069012e-10,33.10289645195007
5.272219141261303e-07,1.1911421848864734e-10,33.10981631278992
5.266676339488185e-07,1.1862748283686386e-10,33.116387367248535
5.261139222056954e-07,1.1798061139156601e-10,33.123416900634766
5.255609494270175e-07,1.17852366754434e-10,33.13006615638733
5.250084882391093e-07,1.1751054296293972e-10,33.137187004089355
5.244567091722274e-07,1.1749085038204043e-10,33.143808126449585
5.23905953286885e-07,1.1942605238068893e-10,33.15028166770935
5.233555384620558e-07,1.2044186481485752e-10,33.15786910057068
5.228051236372266e-07,1.1864260962557438e-10,33.1646842956543
5.222555614636804e-07,1.1770361074692204e-10,33.172330379486084
5.217070224716736e-07,1.193881521421858e-10,33.17891216278076
5.211584266362479e-07,1.1784904996314793e-10,33.185387134552
5.206105697652674e-07,1.1714203218549102e-10,33.192951917648315
5.200633950153133e-07,1.1666831389867127e-10,33.199864864349365
5.195167886995478e-07,1.1624028128931485e-10,33.20784378051758
5.189708645048086e-07,1.16350824808098e-10,33.21444392204285
5.184254519008391e-07,1.1591781701181247e-10,33.22132444381714
5.178806077310583e-07,1.1537551469764651e-10,33.22796702384949
5.173363888388849e-07,1.1532750449072537e-10,33.234593868255615
5.16792795224319e-07,1.1510493946875755e-10,33.24258494377136
5.162497132005228e-07,1.150217421308497e-10,33.249425649642944
5.15707313297753e-07,1.1512577002825708e-10,33.25599789619446
5.151660502633604e-07,1.1756309814536792e-10,33.262404680252075
5.146244461684546e-07,1.1624110007879551e-10,33.26948690414429
5.140835241945751e-07,1.154092377220195e-10,33.27655816078186
5.135433411851409e-07,1.149730727290077e-10,33.28358864784241
5.130037266098952e-07,1.1450322634498633e-10,33.29121923446655
5.124647373122571e-07,1.1446130154801892e-10,33.29840683937073
5.119262596053886e-07,1.141980676688803e-10,33.30575346946716
5.113884071761277e-07,1.1383157610955763e-10,33.3122923374176
5.108510663376364e-07,1.1377409431245766e-10,33.31895065307617
5.103144076201716e-07,1.1367830288211422e-10,33.326823472976685
5.097782604934764e-07,1.1334334859558481e-10,33.33452296257019
5.092427386443887e-07,1.1353933071500677e-10,33.34245038032532
5.087078420729085e-07,1.1346370371034808e-10,33.34904074668884
5.081734002487792e-07,1.1341976663414854e-10,33.35647654533386
5.076395837022574e-07,1.1320436255068955e-10,33.362943172454834
5.071063355899241e-07,1.132625243593921e-10,33.36962103843689
5.065735422249418e-07,1.1305683472739858e-10,33.376665353775024
5.060414309809858e-07,1.1276654610092862e-10,33.38318133354187
5.055103429185692e-07,1.1500608798620249e-10,33.3900830745697
5.049790274824772e-07,1.1342832922922597e-10,33.396519899368286
5.044485078542493e-07,1.1290214596559878e-10,33.4032883644104
5.039186135036289e-07,1.1276785061298256e-10,33.410390853881836
5.033893444306159e-07,1.124569604105119e-10,33.41778779029846
5.028605869483727e-07,1.1214524447966667e-10,33.425902366638184
5.02332397900318e-07,1.1214573714113385e-10,33.43230390548706
5.01804777286452e-07,1.1191646220876095e-10,33.43931531906128
5.012776682633557e-07,1.1167514829546477e-10,33.44581460952759
5.007512982047047e-07,1.11647691092287e-10,33.45229196548462
5.002252692065667e-07,1.1121671639191533e-10,33.45964527130127
4.99699979172874e-07,1.1151710804790937e-10,33.466198682785034
4.991751438865322e-07,1.1131764954264156e-10,33.473145961761475
4.986508201909601e-07,1.1078254980034785e-10,33.479570388793945
4.981271786164143e-07,1.1062940147299472e-10,33.48607420921326
4.976041054760572e-07,1.1070461214401917e-10,33.49347138404846
4.970815439264697e-07,1.1073476857692555e-10,33.500338554382324
4.965594939676521e-07,1.1053442883213194e-10,33.507885694503784
4.960379555996042e-07,1.1011726946952294e-10,33.514488697052
4.955170425091637e-07,1.0994016114151961e-10,33.52110028266907
4.949968115397496e-07,1.0998846278198471e-10,33.52754092216492
4.944775469084561e-07,1.1216611667252963e-10,33.53397178649902
4.939580549034872e-07,1.1090324492091241e-10,33.542073488235474
4.934392450195446e-07,1.1017822071357486e-10,33.5485417842865
4.929210035697906e-07,1.0978106618209083e-10,33.55514860153198
4.92403444241063e-07,1.0953304235838957e-10,33.56157827377319
4.918864533465239e-07,1.0949975648433252e-10,33.56843686103821
4.913699740427546e-07,1.0923639770510363e-10,33.57600808143616
4.908539494863362e-07,1.0882002937639967e-10,33.58258080482483
4.903385502075253e-07,1.0867518690504951e-10,33.589272260665894
4.898237762063218e-07,1.0857988813617325e-10,33.595703125
4.893094569524692e-07,1.0834445840490758e-10,33.60269236564636
4.887958198196429e-07,1.0837643976691069e-10,33.61011719703674
4.882826942775864e-07,1.0850081944013823e-10,33.616612672805786
4.877700234828808e-07,1.0822843315994035e-10,33.62343096733093
4.872579779657826e-07,1.0812981066088412e-10,33.6298348903656
4.867468987868051e-07,1.102750876724734e-10,33.63642454147339
4.86235649077571e-07,1.0885285728345906e-10,33.64390993118286
4.857250814893632e-07,1.0828578311805614e-10,33.65103268623352
4.852151391787629e-07,1.0785460718976125e-10,33.65875768661499
4.847057084589323e-07,1.0777018166763241e-10,33.66515302658081
4.841969598601281e-07,1.0746283723994665e-10,33.67202377319336
4.836886660086748e-07,1.0740570932643578e-10,33.678462743759155
4.831808837479912e-07,1.0702289748865113e-10,33.68501806259155
4.82673726764915e-07,1.0687282309129742e-10,33.69298243522644
4.821670245291898e-07,1.0677234790756884e-10,33.6996488571167
4.81660947571072e-07,1.0669247429984097e-10,33.707794427871704
4.81155382203724e-07,1.0655788057478688e-10,33.714162826538086
4.806503284271457e-07,1.062929466666418e-10,33.72156834602356
4.801457862413372e-07,1.0593394911273535e-10,33.7282018661499
4.796418124897173e-07,1.0587040272236337e-10,33.734909772872925
4.79138407172286e-07,1.0569999042697731e-10,33.74255108833313
4.786355702890432e-07,1.058005003051754e-10,33.748958587646484
4.781333018399891e-07,1.0580105541668772e-10,33.75554537773132
4.776314312948671e-07,1.0573497633004081e-10,33.76199412345886
4.771301291839336e-07,1.0554437879228828e-10,33.76866030693054
4.766294239288982e-07,1.0540225636734846e-10,33.776357889175415
4.7612920184292307e-07,1.0509961650972954e-10,33.78289222717285
4.7562946292600827e-07,1.0485095430778912e-10,33.789458990097046
4.751304061301198e-07,1.0490513319139083e-10,33.79586672782898
4.7463180408158223e-07,1.0496133129311858e-10,33.80347967147827
4.7413374204552383e-07,1.049100528671687e-10,33.8101966381073
4.736361916002352e-07,1.0468580863287613e-10,33.81715631484985
4.731391811674257e-07,1.0462206101458094e-10,33.82505416870117
4.72642682325386e-07,1.044232686431279e-10,33.83145236968994
4.721467803392443e-07,1.045111705511026e-10,33.83866548538208
4.716513615221629e-07,1.0442003511856868e-10,33.84523034095764
4.7115642587414186e-07,1.0425701968408418e-10,33.852975368499756
4.706620302386e-07,1.0414311080175764e-10,33.860663175582886
4.7016823145895614e-07,1.0405539624391835e-10,33.867735147476196
4.6967531375230465e-07,1.0592225013761336e-10,33.87511324882507
4.69182253937106e-07,1.0455834115186136e-10,33.88152289390564
4.686903878337034e-07,1.0639455289007671e-10,33.888628244400024
4.681982943566254e-07,1.0459436095011654e-10,33.89512920379639
4.677068830005737e-07,1.0370037467621884e-10,33.90209460258484
4.6721615376554837e-07,1.0334602618122801e-10,33.90978789329529
4.667259645430022e-07,1.0335232669689276e-10,33.91649627685547
4.6623625848951633e-07,1.0291174162846417e-10,33.92342948913574
4.6574709244850965e-07,1.0258901367299345e-10,33.93005108833313
4.6525849484169157e-07,1.0251800103278086e-10,33.936923027038574
4.647703804039338e-07,1.0237301978355262e-10,33.94374394416809
4.6428283440036466e-07,1.024550375094968e-10,33.950470209121704
4.6379577156585583e-07,1.0232226871353944e-10,33.95822095870972
4.6330922032211674e-07,1.022131546069005e-10,33.96458625793457
4.628231806691474e-07,1.0199640437802415e-10,33.97159719467163
4.623376526069478e-07,1.0174290576703271e-10,33.9780592918396
4.6185269297893683e-07,1.0169791397895978e-10,33.984583377838135
4.613682449416956e-07,1.0173908937538556e-10,33.99211525917053
4.608842800735147e-07,1.013491721102433e-10,33.99849271774292
4.604008267961035e-07,1.0127616106858639e-10,34.00529909133911
4.599179135311715e-07,1.0122096910647471e-10,34.01170206069946
4.5943548343529983e-07,1.0105057068887646e-10,34.01827645301819
4.5895359335190733e-07,1.0092850166731893e-10,34.02704644203186
4.584722148592846e-07,1.0089390434231404e-10,34.034080505371094
4.5799140480085043e-07,1.0099245051353734e-10,34.04208946228027
4.5751102106805774e-07,1.0082267659639044e-10,34.04850649833679
4.5703112050432537e-07,1.0074976963814208e-10,34.055259227752686
4.5655184521820047e-07,1.0063840039098437e-10,34.06169033050537
4.560725130886567e-07,9.797065242400649e-11,34.068379402160645
4.5559440309261845e-07,9.904373848845793e-11,34.07706260681152
4.5511617940974247e-07,9.699831909903978e-11,34.08362126350403
4.5463923470379086e-07,9.854293769873124e-11,34.091315031051636
4.5416265948006185e-07,9.918721399770902e-11,34.097813844680786
4.5368645373855543e-07,9.954560092895193e-11,34.10469913482666
4.532107027443999e-07,9.955304636211082e-11,34.11118936538696
4.5273540649759525e-07,9.926703209428567e-11,34.117794036865234
4.522606502632698e-07,9.948010470939295e-11,34.125455141067505
4.5178640561971406e-07,9.930365557631049e-11,34.131842613220215
4.513127009886375e-07,9.918608295800269e-11,34.139124155044556
4.50839394261493e-07,9.896083952298795e-11,34.14558029174805
4.503666559685371e-07,9.898585423551154e-11,34.15222144126892
4.4989445768806036e-07,9.880227191949587e-11,34.15968322753906
4.4942274257664394e-07,9.894143837563263e-11,34.166184186935425
4.4895151063428784e-07,9.881519907883884e-11,34.173184633255005
4.4848073343928263e-07,9.859410510237865e-11,34.17958950996399
4.480104962567566e-07,9.858640293014531e-11,34.18623161315918
4.4754079908670974e-07,9.84055892327973e-11,34.193523645401
4.4707152824230434e-07,9.841118892017775e-11,34.20005798339844
4.466027974103781e-07,9.81504044705872e-11,34.20789361000061
4.461345497475122e-07,9.811548101756884e-11,34.21428608894348
4.456668420971255e-07,9.810237344698436e-11,34.220966815948486
4.4519958919408964e-07,9.805981027177779e-11,34.22744274139404
4.447328194601141e-07,9.77119218870115e-11,34.233965158462524
4.4426656131690834e-07,9.755845437053878e-11,34.24171805381775
4.4380084318618174e-07,9.7606603355338e-11,34.24808883666992
4.433355513810966e-07,9.734180822507099e-11,34.25496768951416
4.4287074274507177e-07,9.700997644079834e-11,34.261433601379395
4.424064741215261e-07,9.702746939233009e-11,34.2683629989624
4.419427170887502e-07,9.695872577042408e-11,34.275983810424805
4.4147938638161577e-07,9.668001121898584e-11,34.28242897987366
4.4101665253037936e-07,9.675794887531453e-11,34.28941059112549
4.4055437342649384e-07,9.671349138207219e-11,34.295830488204956
4.4009257749166864e-07,9.649635257513722e-11,34.30245041847229
4.3963126472590375e-07,9.642056597591875e-11,34.30968713760376
4.391704351291992e-07,9.64645308076939e-11,34.316059589385986
4.387100602798455e-07,9.620327451331789e-11,34.32259726524353
4.38250225442971e-07,9.603162015592304e-11,34.32921648025513
4.377908737751568e-07,9.596781702647661e-11,34.33607721328735
4.373320052764029e-07,9.590504085332796e-11,34.34355854988098
4.368735631032905e-07,9.551898161319627e-11,34.350191593170166
4.3641566094265727e-07,9.549898372096521e-11,34.35828161239624
4.3595824195108435e-07,9.531579692190206e-11,34.364644289016724
4.3550141981540946e-07,9.549977475487026e-11,34.37133240699768
4.3504493874024774e-07,9.526610056376228e-11,34.377793312072754
4.3458905452098406e-07,9.541844397942256e-11,34.38460659980774
4.3413359662736184e-07,9.530562450343893e-11,34.392210721969604
4.3367865032450936e-07,9.537741429976876e-11,34.39864134788513
4.332240735038795e-07,9.478951651376022e-11,34.4053168296814
4.327700366957288e-07,9.46697928383422e-11,34.41181421279907
4.3231653990005725e-07,9.469037359766119e-11,34.418641090393066
4.318634694300272e-07,9.453746119270079e-11,34.426286697387695
4.3141091055076686e-07,9.432582492863162e-11,34.43274927139282
4.309588064188574e-07,9.430400904619773e-11,34.439374685287476
4.305071854560083e-07,9.417514684750827e-11,34.44580340385437
4.3005607608392893e-07,9.402315731543709e-11,34.45272493362427
4.2960542145920044e-07,9.392278621511707e-11,34.45994853973389
4.291552500035323e-07,9.37796923450307e-11,34.46660542488098
4.287055617169244e-07,9.372991965905797e-11,34.4734673500061
4.2825632817766746e-07,9.345460516563264e-11,34.480053663253784
4.2780760622918024e-07,9.339395923291249e-11,34.48774814605713
4.2735936744975334e-07,9.331897060649297e-11,34.49423289299011
4.269115834176773e-07,9.30870866500122e-11,34.5008749961853
4.2646419728953333e-07,9.286121177565221e-11,34.509289503097534
4.2601737959557795e-07,9.286163504818035e-11,34.516156911849976
4.2557110191410175e-07,9.302349168738289e-11,34.523154497146606
4.2512527897997643e-07,9.3031859993431e-11,34.52975392341614
4.2467985394978314e-07,9.290791747051941e-11,34.53667616844177
4.24234372076171e-07,9.039825832335424e-11,34.54421639442444
4.2379014075777377e-07,9.136691403455188e-11,34.55098366737366
4.23346335765018e-07,9.186512661685242e-11,34.55876350402832
4.22902843411066e-07,9.20435741513792e-11,34.56536054611206
4.224598342261743e-07,9.206348183798951e-11,34.57251167297363
4.220173082103429e-07,9.213103197014405e-11,34.579097032547
4.215751516767341e-07,9.198646705455005e-11,34.58589196205139
4.2113350673389505e-07,9.170911946521088e-11,34.59353756904602
4.206924018035352e-07,9.178881266169725e-11,34.600252628326416
4.2025172319881676e-07,9.172569648274731e-11,34.60880446434021
4.1981152776315867e-07,9.185132515687755e-11,34.61538481712341
4.1937178707485145e-07,9.185526644861497e-11,34.62232518196106
4.1893244429047627e-07,9.165541936528854e-11,34.62933897972107
4.1849361309687083e-07,9.132263001365715e-11,34.63684320449829
4.1805520822890685e-07,9.106104065237375e-11,34.64372277259827
4.1761725810829375e-07,9.078648249838395e-11,34.650453090667725
4.1717987642186927e-07,9.084134833248214e-11,34.65835189819336
4.167428926393768e-07,9.059284572510151e-11,34.664830923080444
4.163059372785938e-07,8.849609239858225e-11,34.6718270778656
4.158701472078974e-07,8.944325141646559e-11,34.67887854576111
4.1543421502865385e-07,8.763122172350535e-11,34.685614347457886
4.1499941971778753e-07,8.91179213757809e-11,34.69307279586792
4.145649086240155e-07,8.974498227898309e-11,34.69973564147949
4.141307954341755e-07,8.978724014285788e-11,34.70839238166809
4.13697108569977e-07,8.989930327940598e-11,34.714945554733276
4.132638196097105e-07,8.979619131599392e-11,34.72297978401184
4.128310990836326e-07,8.99407076593306e-11,34.729748249053955
4.1239871961806784e-07,8.982267707402514e-11,34.73682498931885
4.119663401525031e-07,8.735749623678402e-11,34.74397015571594
4.115350975553156e-07,8.822080566073254e-11,34.750481605529785
4.111042812837695e-07,8.888874358792265e-11,34.75833058357239
4.1067391975957435e-07,8.932214690116069e-11,34.764761209487915
4.102433024399943e-07,8.675026669235919e-11,34.772018909454346
4.098135093499877e-07,8.562659609134826e-11,34.778764486312866
4.093847678632301e-07,8.75377270670441e-11,34.7856228351593
4.089562821718573e-07,8.835999293355101e-11,34.79314184188843
4.085281091192883e-07,8.85492790203557e-11,34.80010414123535
4.081003908140701e-07,8.868306783371693e-11,34.80842089653015
4.0767309883449343e-07,8.870242040881493e-11,34.81490159034729
4.072462616022676e-07,8.879599139310912e-11,34.82172513008118
4.0681982227397384e-07,8.863244166379403e-11,34.828975677490234
4.0639383769303095e-07,8.840644882823767e-11,34.83621335029602
4.059683647028578e-07,8.846558208208677e-11,34.84321570396423
4.0554326119490725e-07,8.822556574195062e-11,34.84995913505554
4.051181576869567e-07,8.572819537588927e-11,34.858662128448486
4.046937647217419e-07,8.45034042740167e-11,34.86552619934082
4.0427045178148546e-07,8.632933951036037e-11,34.87234926223755
4.0384742305832333e-07,8.719915761679076e-11,34.87922978401184
4.0342465013054607e-07,8.750872249052577e-11,34.88597106933594
4.0300236037182913e-07,8.763904185693505e-11,34.89362812042236
4.025804400953348e-07,8.754525576692984e-11,34.90012288093567
4.021589461444819e-07,8.719171218363186e-11,34.90829920768738
4.017379353626893e-07,8.707746329550403e-11,34.91470551490784
4.0131683931576845e-07,8.46909348206637e-11,34.92150115966797
4.008969938240625e-07,8.577383941998917e-11,34.92869782447815
4.004774325494509e-07,8.636589360344615e-11,34.93534851074219
4.0005824075706187e-07,8.662755235366859e-11,34.94307255744934
3.9963953213373316e-07,8.654330724278125e-11,34.949928998947144
3.992211361492082e-07,8.643135512853561e-11,34.957889795303345
3.988027401646832e-07,8.400691947629824e-11,34.96443438529968
3.9838556631366373e-07,8.538145190861712e-11,34.9713990688324
3.97968705101448e-07,8.57989165825579e-11,34.9780490398407
3.975516733589757e-07,8.351059427313956e-11,34.98469400405884
3.971358921717183e-07,8.504101589590363e-11,34.99343228340149
3.9672033835813636e-07,8.559981889977308e-11,35.00064992904663
3.963051256050676e-07,8.562870551509505e-11,35.00838899612427
3.9589031075593084e-07,8.557192454627938e-11,35.01498508453369
3.9547600749756384e-07,8.578018850791125e-11,35.02272582054138
3.9506210214312887e-07,8.594663175598427e-11,35.02937388420105
3.9464808310185617e-07,8.327261796781116e-11,35.03619837760925
3.94235286194089e-07,8.441156107430459e-11,35.04360771179199
3.9382283034683496e-07,8.501271908656349e-11,35.05027413368225
3.934107155600941e-07,8.514261518044464e-11,35.05847144126892
3.9299899867728527e-07,8.512267973825871e-11,35.06494998931885
3.925877081201179e-07,8.509191962158269e-11,35.07163453102112
3.921768723103014e-07,8.501786080694629e-11,35.078052043914795
3.9176634913928865e-07,8.474931173507727e-11,35.08464789390564
3.913563944024645e-07,8.482418933919433e-11,35.09261441230774
3.909468375695724e-07,8.469383527831553e-11,35.099143981933594
3.9053773548403115e-07,8.461061712372597e-11,35.10572385787964
3.9012903130242194e-07,8.452593486252269e-11,35.112186431884766
3.897207818681636e-07,8.436695786429027e-11,35.118990898132324
3.893129019161279e-07,8.415670937900188e-11,35.12685203552246
3.889056188199902e-07,8.432995968199464e-11,35.13340997695923
3.884986199409468e-07,8.407170792867902e-11,35.140141010284424
3.8809210423096374e-07,8.410575708106549e-11,35.14688181877136
3.876859864249127e-07,8.384416078088819e-11,35.15382766723633
3.8728035178792197e-07,8.381607907725908e-11,35.16037082672119
3.868750582114444e-07,8.375950627526052e-11,35.16687822341919
3.864702762257366e-07,8.364125364535013e-11,35.174575090408325
3.8606592056567024e-07,8.358147507436797e-11,35.18096089363098
3.8566199123124534e-07,8.350301006210259e-11,35.18786668777466
3.8525843137904303e-07,8.333600476362335e-11,35.19434475898743
3.8485535469590104e-07,8.329493345060612e-11,35.200958013534546
3.844527043384005e-07,8.316498184557375e-11,35.20840883255005
3.8405042346312257e-07,8.31121421684955e-11,35.21490836143494
3.8364862575690495e-07,8.30501639681458e-11,35.2220618724823
3.832472827980382e-07,8.299128745337114e-11,35.22852849960327
3.828463093213941e-07,8.292424386047159e-11,35.23516035079956
3.824457621703914e-07,8.271651419367032e-11,35.24251961708069
3.8204561292332073e-07,8.247344474021645e-11,35.2490234375
3.8164591842360096e-07,8.243683513597944e-11,35.25609350204468
3.8124616708046233e-07,7.992825845626328e-11,35.26265072822571
3.808475526057009e-07,8.101238430091584e-11,35.26923942565918
3.8044936445658095e-07,8.187613781407421e-11,35.27640342712402
3.800508920903667e-07,7.952580954873056e-11,35.28288435935974
3.7965364185765793e-07,8.086743080726322e-11,35.289859771728516
3.792566189986246e-07,8.148919733441673e-11,35.29622149467468
3.7885993720010447e-07,8.164126319432086e-11,35.302833557128906
3.784636817272258e-07,8.173602072947261e-11,35.31019568443298
3.780677388931508e-07,8.15704725987132e-11,35.31706213951111
3.7767176763736643e-07,7.899755155582611e-11,35.32458829879761
3.772769616716687e-07,8.025756448315491e-11,35.33099126815796
3.768824683447747e-07,8.064102163807263e-11,35.337629079818726
3.7648831607839384e-07,8.086976227561493e-11,35.3440625667572
3.76094561715945e-07,8.093889447557956e-11,35.3508996963501
3.7570120525742823e-07,8.095110692885044e-11,35.359179973602295
3.753083035462623e-07,8.107778337596017e-11,35.36554837226868
3.749157428956096e-07,8.096411041602636e-11,35.37217402458191
3.745236085705983e-07,8.079057561838354e-11,35.37858963012695
3.741313605587493e-07,7.829049908369967e-11,35.385252475738525
3.737403631021152e-07,7.960351822156042e-11,35.39308738708496
3.7334964986257546e-07,8.027324638337774e-11,35.39955186843872
3.7295922084013e-07,8.044048066535581e-11,35.40610074996948
3.725691328781977e-07,8.019012537330283e-11,35.41247534751892
3.721794996636163e-07,8.014298252811969e-11,35.42055010795593
3.7179029277467635e-07,8.012571162119286e-11,35.4274160861969
3.7140097219889867e-07,7.758631931364945e-11,35.434276819229126
3.710128453349171e-07,7.894555842380413e-11,35.442179441452026
3.7062449109726003e-07,7.709302640712679e-11,35.44855570793152
3.702372453062708e-07,7.869128265669545e-11,35.45557641983032
3.698496868764778e-07,7.662920298301401e-11,35.462053060531616
3.694632368933526e-07,7.81870124200168e-11,35.46873903274536
3.6907704270561226e-07,7.887394903871581e-11,35.4763822555542
3.686911895783851e-07,7.913804334069852e-11,35.483487367630005
3.683051943426108e-07,7.675845375976209e-11,35.491299867630005
3.679203359752137e-07,7.809083935050865e-11,35.49771189689636
3.675357618249109e-07,7.864635331866765e-11,35.50429153442383
3.6715104556606093e-07,7.65673774383302e-11,35.51072716712952
3.667673809104599e-07,7.768739124225377e-11,35.51739192008972
3.663840288936626e-07,7.831658932477836e-11,35.52507519721985
3.660010463590879e-07,7.86416487486008e-11,35.531434774398804
3.6561789329425665e-07,7.637390025960755e-11,35.538164377212524
3.652358770978026e-07,7.758550052416879e-11,35.54458832740784
3.648541166967334e-07,7.80056921834138e-11,35.55173993110657
3.644726973561774e-07,7.81376352509966e-11,35.55926036834717
3.6409164749784395e-07,7.826767706164972e-11,35.56571698188782
3.63711023965152e-07,7.821538555718988e-11,35.572407960891724
3.6333022990220343e-07,7.576243105100744e-11,35.579211473464966
3.6295062955105095e-07,7.67833366333015e-11,35.58590626716614
3.6257083024793246e-07,7.511839761331629e-11,35.59305119514465
3.621920825480629e-07,7.646098337810159e-11,35.599570989608765
3.6181353380015935e-07,7.675413082885996e-11,35.606255769729614
3.6143541137789725e-07,7.742135404997796e-11,35.613117933273315
3.6105765843785775e-07,7.765250248370492e-11,35.619786739349365
3.60680218136622e-07,7.761062625899484e-11,35.62648010253906
3.6030317573931825e-07,7.760506820497781e-11,35.63322877883911
3.5992653124594653e-07,7.761903619840638e-11,35.639859676361084
3.595502562347974e-07,7.740903751329853e-11,35.646241664886475
3.5917440754928975e-07,7.726878858971276e-11,35.65280556678772
3.587989283460047e-07,7.711360022755187e-11,35.660149574279785
3.5842339229930076e-07,7.486834763259509e-11,35.66663384437561
3.580490499643929e-07,7.611491992243202e-11,35.67456531524658
3.5767487815974164e-07,7.652359301779654e-11,35.68097472190857
3.5730104741560353e-07,7.677716795662093e-11,35.6875581741333
3.56927586153688e-07,7.663279733005623e-11,35.694015979766846
3.565540112049348e-07,7.424961340207759e-11,35.70070195198059
3.561816015462682e-07,7.541147567513562e-11,35.70842266082764
3.558094476829865e-07,7.587773465100867e-11,35.71495318412781
3.554376064585085e-07,7.610220786880006e-11,35.72163271903992
3.550656231254834e-07,7.393588519200023e-11,35.728095293045044
3.546948050825449e-07,7.509805277639003e-11,35.73467302322388
3.543242428349913e-07,7.576720501001333e-11,35.742603063583374
3.53953964804532e-07,7.580581995458857e-11,35.74903130531311
3.5358402783458587e-07,7.581094779718356e-11,35.755621910095215
3.53213977177802e-07,7.3246075871225e-11,35.76215600967407
3.528451770762331e-07,7.473136692803806e-11,35.768717765808105
3.524764906615019e-07,7.517750311158977e-11,35.782492876052856
3.5210823057241214e-07,7.535908008726722e-11,35.792447328567505
3.5173974310964695e-07,7.297873416689526e-11,35.80452799797058
3.513719377679081e-07,7.19169862550828e-11,35.819692611694336
3.5100509876428987e-07,7.350807462724873e-11,35.82809138298035
3.506385155560565e-07,7.442035876437103e-11,35.835488080978394
3.502717049741477e-07,7.260102241612998e-11,35.84325695037842
3.499059744171973e-07,7.387031958350221e-11,35.85012769699097
3.495404996556317e-07,7.451134154123906e-11,35.85838556289673
3.491752522677416e-07,7.470741386628177e-11,35.865299224853516
3.4881045962720236e-07,7.480573799290013e-11,35.87358069419861
3.4844549645640654e-07,7.252910078081598e-11,35.88029217720032
3.4808167015398794e-07,7.370423021901829e-11,35.887001752853394
3.4771804280353535e-07,7.418256287028413e-11,35.89434003829956
3.4735478493530536e-07,7.43764355659593e-11,35.90096092224121
3.469918397058791e-07,7.437552657085789e-11,35.9088876247406
3.4662929238038487e-07,7.430019793863707e-11,35.91580247879028
3.4626711453711323e-07,7.432202075996486e-11,35.92234134674072
3.459048514287133e-07,7.195762735667799e-11,35.92838525772095
3.4554369676698116e-07,7.3181953552659e-11,35.9350905418396
3.451827979006339e-07,7.367715465500524e-11,35.942625999450684
3.4482167166061117e-07,7.144218550081405e-11,35.94932436943054
3.444616254455468e-07,7.246203637123472e-11,35.95590305328369
3.441019771344145e-07,7.3354392005065e-11,35.96238112449646
3.4374249935353873e-07,7.34446115036036e-11,35.96968173980713
3.433829363075347e-07,7.123811956999404e-11,35.97730302810669
3.4302439644307015e-07,7.229046528056671e-11,35.98520588874817
3.4266616921740933e-07,7.278188468573532e-11,35.99307203292847
3.4230825463055226e-07,7.304087890069866e-11,35.999595403671265
3.4195068110420834e-07,7.309881866479628e-11,36.00681400299072
3.4159293704760785e-07,7.07592526238976e-11,36.01368498802185
3.41236358281094e-07,7.196496870642832e-11,36.020694732666016
3.408800068882556e-07,7.243942945489579e-11,36.027487993240356
3.4052399655593035e-07,7.277246860670772e-11,36.03433799743652
3.4016784411505796e-07,7.047914335478467e-11,36.04261136054993
3.398127716991439e-07,7.182813371864327e-11,36.0492205619812
3.394578982351959e-07,7.222309555965367e-11,36.0558602809906
3.391033374100516e-07,7.228907750178593e-11,36.06230282783508
3.3874908922371105e-07,7.228678072790373e-11,36.069016218185425
3.383953242064308e-07,7.233420112884303e-11,36.07688903808594
3.3804136023718456e-07,7.001613178125865e-11,36.08340787887573
3.3768853313631553e-07,7.114867028867877e-11,36.09122633934021
3.373359049874125e-07,7.161681664369368e-11,36.09768843650818
3.3698361789902265e-07,7.17702841601664e-11,36.1043975353241
3.366317002928554e-07,7.197765994337857e-11,36.11140561103821
3.362801237472013e-07,7.203480173467725e-11,36.118266344070435
3.359283766712906e-07,6.959705034503827e-11,36.125996589660645
3.3557776646375714e-07,7.0759439974033e-11,36.13248944282532
3.352273836298991e-07,7.126329387707742e-11,36.14127159118652
3.3487734185655427e-07,7.162703069552023e-11,36.14807176589966
3.345273853483377e-07,7.037519178521023e-11,36.15503716468811
3.3417808253943804e-07,7.082381903167345e-11,36.161803245544434
3.338289218390855e-07,6.98885324612597e-11,36.16889476776123
3.33479960090699e-07,6.83168452364491e-11,36.17692255973816
3.331319931021426e-07,6.977668443042262e-11,36.1836473941803
3.327840545352956e-07,6.943450675533924e-11,36.19135355949402
3.324367128243466e-07,7.027935872150337e-11,36.19804525375366
3.3208937111339765e-07,6.95587476506887e-11,36.20493245124817
3.317422283544147e-07,6.7779823420544e-11,36.211663484573364
3.3139642141577497e-07,7.064837603820706e-11,36.2184739112854
3.310501028863655e-07,6.947339925567064e-11,36.2261118888855
3.3070429594772577e-07,6.88442844398729e-11,36.232830286026
3.3035914270840294e-07,6.980486327856639e-11,36.23985290527344
3.3001401789078955e-07,6.899037591212576e-11,36.24654817581177
3.296695751942025e-07,6.960267084910043e-11,36.25343418121338
3.293254167147097e-07,6.9877173491939e-11,36.2603964805603
3.289817698259867e-07,7.118686196072588e-11,36.26713585853577
3.286379239852977e-07,6.941498070789365e-11,36.275062561035156
3.282946181570878e-07,6.864154383778853e-11,36.28174948692322
3.2795176707622886e-07,6.831817750407865e-11,36.2886643409729
3.276092854775925e-07,6.803970581392704e-11,36.29540491104126
3.27267457578273e-07,6.910780281366158e-11,36.302186012268066
3.269255728355347e-07,6.823535486644161e-11,36.309802532196045
3.265841712618567e-07,6.780780104076456e-11,36.31649899482727
3.262433665440767e-07,6.868013102678816e-11,36.32347536087036
3.259026186697156e-07,6.790016465751947e-11,36.33019471168518
3.255622402775771e-07,6.751139230987135e-11,36.33703684806824
3.252225724281743e-07,6.846863354059707e-11,36.34396505355835
3.24883131952447e-07,6.88522849845441e-11,36.350945234298706
3.245437198984291e-07,6.783765910123307e-11,36.35916447639465
3.242048478568904e-07,6.744973329864123e-11,36.36585450172424
3.238665442495403e-07,6.834040972014677e-11,36.37272024154663
3.2352855328099395e-07,6.872521302048185e-11,36.379433155059814
3.23190590734157e-07,6.779646288812557e-11,36.38633441925049
3.2285305451296153e-07,6.699192589554315e-11,36.39349102973938
3.225159446174075e-07,6.658511242374487e-11,36.4002525806427
3.221792326257855e-07,6.644542555056532e-11,36.40799522399902
3.2184291853809555e-07,6.646124622866623e-11,36.41466927528381
3.215070023543376e-07,6.657285833711057e-11,36.421507358551025
3.2117134196596453e-07,6.643351840862621e-11,36.428266525268555
3.208360794815235e-07,6.632769333769772e-11,36.4350426197052
3.205014138529805e-07,6.741032038126704e-11,36.442706823349
3.201669755981129e-07,6.79202805109469e-11,36.44941568374634
3.198325657649548e-07,6.684457848349368e-11,36.45627546310425
3.1949861067914753e-07,6.638523758484283e-11,36.46300530433655
3.191650250755629e-07,6.592283663398035e-11,36.469831228256226
3.188318942193291e-07,6.582830114343352e-11,36.47672367095947
3.184990760018991e-07,6.573884492322435e-11,36.48343348503113
3.1816662726669165e-07,6.567106580757098e-11,36.491291999816895
3.178348038090917e-07,6.684990061511797e-11,36.497997760772705
3.1750292350807285e-07,6.622950105006353e-11,36.5048463344574
3.171714979544049e-07,6.576125755053397e-11,36.51156759262085
3.1684061241321615e-07,6.660474255459903e-11,36.51830577850342
3.1650978371544625e-07,6.590492040992046e-11,36.526013135910034
3.161793813433178e-07,6.547089259623107e-11,36.532694816589355
3.158495758270874e-07,6.641812794194735e-11,36.539554834365845
3.15519770310857e-07,6.569696869851427e-11,36.546303033828735
3.1519041954197746e-07,6.522492268512536e-11,36.553128242492676
3.1486143825532054e-07,6.50735090812482e-11,36.56010818481445
3.1453305382456165e-07,6.613182917947213e-11,36.56686544418335
3.1420466939380276e-07,6.536214625096903e-11,36.57457995414734
3.1387671128868533e-07,6.498179078162636e-11,36.5812668800354
3.135493216177565e-07,6.579847083854062e-11,36.58815097808838
3.1322218774221255e-07,6.621037051957046e-11,36.594892501831055
3.1289536650547234e-07,6.632841498266373e-11,36.6017165184021
3.1256865895556984e-07,6.530995882991775e-11,36.609381914138794
3.122425766832748e-07,6.588866258150361e-11,36.61613368988037
3.119165796761081e-07,6.499319138431048e-11,36.6231963634491
3.115910089945828e-07,6.449070444336513e-11,36.62991523742676
3.112657793735707e-07,6.416489561900107e-11,36.63679504394531
3.1094097607820004e-07,6.404606012200276e-11,36.64376759529114
3.106167696387274e-07,6.517675982253834e-11,36.65051746368408
3.1029250635583594e-07,6.446589789765866e-11,36.658408403396606
3.0996889677226136e-07,6.526811036078328e-11,36.66509699821472
3.096453156103962e-07,6.433646670966908e-11,36.672003984451294
3.0932235972613853e-07,6.512876349340502e-11,36.67873954772949
3.0899968805897515e-07,6.547683228941281e-11,36.685553550720215
3.0867707323523064e-07,6.448802603031822e-11,36.69313383102417
3.08354913158837e-07,6.383757411576596e-11,36.69990134239197
3.0803309414295654e-07,6.347792430583254e-11,36.70683765411377
3.077116730310081e-07,6.32826707702705e-11,36.71353459358215
3.073906498229917e-07,6.324163415172279e-11,36.72041726112366
3.070699108320696e-07,6.318506134972424e-11,36.727333784103394
3.067497686970455e-07,6.429608234714834e-11,36.7340567111969
3.06429598140312e-07,6.36117547525572e-11,36.74178671836853
3.0610982548751053e-07,6.310652694851981e-11,36.7484655380249
3.0579042231693165e-07,6.289749970855851e-11,36.75535726547241
3.0547138862857537e-07,6.28029919735873e-11,36.76207399368286
3.051526675790228e-07,6.267129176729114e-11,36.768948793411255
3.048345433853683e-07,6.359118787102602e-11,36.776488304138184
3.045164191917138e-07,6.30368882093002e-11,36.783210039138794
3.041986929019913e-07,6.27385227103261e-11,36.7901725769043
3.0388153504645743e-07,6.367309457466774e-11,36.7968966960907
3.03564405612633e-07,6.298145338590189e-11,36.80381393432617
3.0324764566103113e-07,6.26296722816555e-11,36.81065082550049
3.0293151098703675e-07,6.34233152108088e-11,36.81741547584534
3.0261534789133293e-07,6.268389279862063e-11,36.825132608413696
3.022998100732366e-07,6.339245794961812e-11,36.83184623718262
3.0198430067684967e-07,6.251703321691338e-11,36.839903116226196
3.0166927444952307e-07,6.225594345599106e-11,36.846614599227905
3.013545324392908e-07,6.192624885104081e-11,36.85348629951477
3.010401599112811e-07,6.178599992745504e-11,36.86082601547241
3.0072612844378455e-07,6.159566606767086e-11,36.86761689186096
3.004124664585106e-07,6.158266258049494e-11,36.87562108039856
3.0009908869033097e-07,6.13851122710507e-11,36.882336139678955
2.9978610882608336e-07,6.14280848409976e-11,36.8892343044281
2.9947338475722063e-07,6.141180619589903e-11,36.89595985412598
2.991610301705805e-07,6.134118213374506e-11,36.90279150009155
2.9884924401812896e-07,6.250175377253697e-11,36.91041398048401
2.98537429443968e-07,6.185049694629186e-11,36.91717743873596
2.9822598435202963e-07,6.148399150918138e-11,36.92501759529114
2.9791490874231386e-07,6.128164642404954e-11,36.93225812911987
2.976042026148207e-07,6.121407547521329e-11,36.93927264213562
2.9729380912613124e-07,6.115507406034837e-11,36.946502447128296
2.969836998545361e-07,6.08899944354313e-11,36.95322322845459
2.966739316434541e-07,6.080214803860784e-11,36.96039652824402
2.963647602882702e-07,6.180803091559994e-11,36.96774077415466
2.960555605113768e-07,6.116648160192639e-11,36.97509050369263
2.9574673021670606e-07,6.082415821007103e-11,36.9821560382843
2.9543852519964275e-07,6.17752793363735e-11,36.989253282547
2.9513051913454547e-07,6.209090186448663e-11,36.995952129364014
2.948225414911576e-07,6.108020339512521e-11,37.002893686294556
2.945149901734112e-07,6.072319730376918e-11,37.01005983352661
2.942078083378874e-07,6.029976518107105e-11,37.01684880256653
2.939010244062956e-07,6.024476750798868e-11,37.024582386016846
2.9359472364376415e-07,6.122916756945429e-11,37.03126645088196
2.932884228812327e-07,6.053166301533963e-11,37.038153409957886
2.9298252002263325e-07,6.015796888414471e-11,37.04488205909729
2.926769866462564e-07,6.001823343870782e-11,37.05168652534485
2.9237179433039273e-07,5.992696616718973e-11,37.059356451034546
2.920669430750422e-07,5.987139950480724e-11,37.06608033180237
2.917623476150766e-07,5.972135980192306e-11,37.07297873497009
2.9145812163733353e-07,5.961702659318391e-11,37.07967257499695
2.911542082983942e-07,5.948549985923535e-11,37.08648896217346
2.908506644416775e-07,5.968666533240352e-11,37.09333682060242
2.905474048020551e-07,5.96180674272695e-11,37.10012936592102
2.90244429379527e-07,5.948615211526231e-11,37.10792946815491
2.899418234392215e-07,5.947058123734195e-11,37.11464309692383
2.8963947329430084e-07,5.925636370474052e-11,37.1215386390686
2.8933772000527824e-07,6.033729071930338e-11,37.12829113006592
2.890359382945462e-07,5.968275179624172e-11,37.135093212127686
2.8873449764432735e-07,5.927189294929747e-11,37.142717123031616
2.884333696329122e-07,5.890091192561897e-11,37.1494517326355
2.88132696368848e-07,5.885162496221952e-11,37.156540393829346
2.8783225047845917e-07,5.875993441817329e-11,37.1632616519928
2.875322024920024e-07,5.88034620996325e-11,37.17010974884033
2.8723266609631537e-07,5.986446061090334e-11,37.17713284492493
2.8693332865259435e-07,6.034021199363693e-11,37.18386745452881
2.8663399120887334e-07,5.943236874861313e-11,37.191757917404175
2.863352790427598e-07,5.9908966676403e-11,37.19845151901245
2.860365952983557e-07,5.900120669810605e-11,37.2053337097168
2.85738337879593e-07,5.858939722269696e-11,37.212074518203735
2.8544044994305295e-07,5.837864913704749e-11,37.21888780593872
2.8514290306702605e-07,5.835189276215402e-11,37.22653293609619
2.8484561198638403e-07,5.823012211303435e-11,37.233336210250854
2.8454866196625517e-07,5.8127953839193225e-11,37.24128341674805
2.8425205300663947e-07,5.8079364234631115e-11,37.248000144958496
2.839557282641181e-07,5.798826696601367e-11,37.254873752593994
2.836597161604004e-07,5.798973107262739e-11,37.26161050796509
2.833643009125808e-07,5.904263883360628e-11,37.268409729003906
2.830688003996329e-07,5.832045957276932e-11,37.276063442230225
2.827736693689076e-07,5.802128569265541e-11,37.2827832698822
2.8247907835066144e-07,5.891933468893384e-11,37.28987956047058
2.821844873324153e-07,5.8132679225941786e-11,37.29660701751709
2.818902942181012e-07,5.771165489942831e-11,37.303446531295776
2.815966695379757e-07,5.866925001374312e-11,37.31043553352356
2.813030448578502e-07,5.7899941785510833e-11,37.31716442108154
2.8100978965994727e-07,5.763391847102284e-11,37.32508683204651
2.8071679025742924e-07,5.712968292881371e-11,37.33176827430725
2.8042421718055266e-07,5.70744354555508e-11,37.33865189552307
2.801319567424798e-07,5.706545652683914e-11,37.34537434577942
2.798399805215013e-07,5.704146183171943e-11,37.35226249694824
2.795483453610359e-07,5.711986092449273e-11,37.36018514633179
2.792569659959554e-07,5.7051096485905006e-11,37.36694359779358
2.789659561130975e-07,5.7059332952968944e-11,37.374661922454834
2.7867520202562446e-07,5.687779067176102e-11,37.381362438201904
2.7838473215524573e-07,5.68362856778748e-11,37.38823747634888
2.7809460334538016e-07,5.6653574193044065e-11,37.39496088027954
2.778050145479938e-07,5.778554718061102e-11,37.40173387527466
2.775153404854791e-07,5.70458472126667e-11,37.40944480895996
2.772260927486059e-07,5.6725339703245226e-11,37.41615700721741
2.769371576505364e-07,5.6455101010710607e-11,37.42298674583435
2.766485067695612e-07,5.625952134713508e-11,37.42968511581421
2.7636025379251805e-07,5.629557237041283e-11,37.436527729034424
2.7607222818915034e-07,5.61935914467071e-11,37.443408489227295
2.7578451522458636e-07,5.605342925929513e-11,37.45012807846069
2.754971148988261e-07,5.6018328864482214e-11,37.457951068878174
2.752100272118696e-07,5.5887905414664374e-11,37.464619636535645
2.7492328058542626e-07,5.594707336298299e-11,37.471513748168945
2.746370171280432e-07,5.71028502260873e-11,37.478256702423096
2.7435072524895077e-07,5.638316896705575e-11,37.4851131439209
2.740648028520809e-07,5.6062481046392776e-11,37.49272179603577
2.7377916467230534e-07,5.580189088583154e-11,37.49945330619812
2.734938959747524e-07,5.5734663412243535e-11,37.506542682647705
2.732088830725843e-07,5.5685293182117235e-11,37.513259410858154
2.7292421123092936e-07,5.554723001011119e-11,37.52009153366089
2.7263982360636874e-07,5.5428168999061e-11,37.527132511138916
2.723557201989024e-07,5.535345445895068e-11,37.53387641906738
2.7207195785194926e-07,5.531570340666647e-11,37.54307961463928
2.717884797220904e-07,5.5247015295911694e-11,37.549826860427856
2.7150528580932587e-07,5.5177154512087156e-11,37.55682706832886
2.712224329570745e-07,5.518154336248138e-11,37.56357407569885
2.70939835900208e-07,5.5056955522436724e-11,37.570444107055664
2.706575230604358e-07,5.5063991560855285e-11,37.5775625705719
2.7037557970288617e-07,5.4980308500374164e-11,37.5842866897583
2.7009392056243087e-07,5.4981446478974405e-11,37.59227108955383
2.6981251721736044e-07,5.496888708100833e-11,37.598748207092285
2.695313980893843e-07,5.481863574186008e-11,37.60538935661316
2.692505631785025e-07,5.461638433179594e-11,37.611881494522095
2.6897001248471497e-07,5.4485881084698207e-11,37.61846423149109
2.6868983127315005e-07,5.453948404010589e-11,37.62609314918518
2.6841016165235487e-07,5.568288191648563e-11,37.63254427909851
2.681304067664314e-07,5.5061288861679714e-11,37.63920307159424
2.6785104978443997e-07,5.474712697073336e-11,37.64571213722229
2.6757200544125226e-07,5.4562295653814985e-11,37.652270555496216
2.672932168934494e-07,5.4270529042943494e-11,37.659730434417725
2.6701476940615976e-07,5.4252949355237945e-11,37.66621971130371
2.6673657771425496e-07,5.4133676707923684e-11,37.67284345626831
2.6645872708286333e-07,5.412575249108542e-11,37.679343461990356
2.6618138804224145e-07,5.521083590309672e-11,37.68593883514404
2.659039921582007e-07,5.4582366404432037e-11,37.69357228279114
2.6562696575638256e-07,5.4258864762291026e-11,37.700058937072754
2.6535025199336815e-07,5.404558051091968e-11,37.70758128166199
2.6507382244744804e-07,5.380928341791602e-11,37.71409893035889
2.647977339620411e-07,5.377270156925462e-11,37.7207510471344
2.64521901272019e-07,5.367196617700465e-11,37.727314949035645
2.642463812208007e-07,5.367566113800848e-11,37.73381972312927
2.639710885432578e-07,5.356403168232937e-11,37.74128007888794
2.6369613692622806e-07,5.338951503119915e-11,37.74775004386902
2.6342149794800207e-07,5.343539499769179e-11,37.75441122055054
2.631470863434515e-07,5.339769251766491e-11,37.76092839241028
2.6287304422112356e-07,5.341212194753808e-11,37.767534494400024
2.6259951368956536e-07,5.450019949226892e-11,37.775099754333496
2.6232584104946e-07,5.3728983068213054e-11,37.781524896621704
2.6205253789157723e-07,5.331738869851499e-11,37.78815746307373
2.6177960421591706e-07,5.311154641085558e-11,37.79464793205261
2.615069547573512e-07,5.3021764062632926e-11,37.80123257637024
2.6123458951587963e-07,5.298962657551698e-11,37.80885148048401
2.6096248006979295e-07,5.286414361815872e-11,37.81532669067383
2.606907116842194e-07,5.2815349316226445e-11,37.82197666168213
2.604194833111251e-07,5.401816494110534e-11,37.82845425605774
2.601481128294836e-07,5.31872289266655e-11,37.83507990837097
2.598771118300647e-07,5.28964233525997e-11,37.84266662597656
2.5960648031286837e-07,5.2699122843336e-11,37.84928560256958
2.593360761693475e-07,5.254655391362384e-11,37.85607552528381
2.590660130863398e-07,5.247419165854694e-11,37.86267352104187
2.587962342204264e-07,5.241174508285873e-11,37.86932063102722
2.585267111498979e-07,5.2313743614806896e-11,37.8769953250885
2.582574722964637e-07,5.226074434316885e-11,37.883493185043335
2.579885460818332e-07,5.2260289845618146e-11,37.89131951332092
2.57719904084297e-07,5.2220634066957317e-11,37.897764444351196
2.5745154630385514e-07,5.210946604772282e-11,37.904364824295044
2.5718344431879814e-07,5.192123467279153e-11,37.91092038154602
2.5691562655083544e-07,5.195098171095758e-11,37.91750144958496
2.5664809299996705e-07,5.202639360990524e-11,37.925102949142456
2.563808720879024e-07,5.180937970306054e-11,37.93154549598694
2.561138785495132e-07,5.169161279572343e-11,37.938180923461914
2.558471976499277e-07,5.171001474235659e-11,37.944681882858276
2.555808578108554e-07,5.176540446294453e-11,37.951228618621826
2.553146600803302e-07,5.147905365876504e-11,37.95885157585144
2.5504883183202764e-07,5.149119672309688e-11,37.96528768539429
2.5478325937910995e-07,5.135019492952253e-11,37.971932888031006
2.54517999564996e-07,5.1397670841613063e-11,37.978405475616455
2.542529955462669e-07,5.1333333417336036e-11,37.98498725891113
2.539882757446321e-07,5.131529923207978e-11,37.992650270462036
2.5372384016009164e-07,5.1339762302538006e-11,37.99914312362671
2.5345966037093604e-07,5.125348409573682e-11,38.00579500198364
2.5319579322058416e-07,5.122892041131699e-11,38.0122971534729
2.5293215344390774e-07,5.1092356040394193e-11,38.018866300582886
2.5266882630603504e-07,5.105062900190305e-11,38.026408672332764
2.5240578338525665e-07,5.096187360997817e-11,38.032894134521484
2.521429678381537e-07,5.087382945467844e-11,38.039496183395386
2.518804649298545e-07,5.0798944911667476e-11,38.0459771156311
2.5161850203403446e-07,5.1974563541890006e-11,38.05254292488098
2.513564254513767e-07,5.132529817819531e-11,38.059789180755615
2.510946615075227e-07,5.094871746713636e-11,38.0662407875061
2.5083323862418183e-07,5.069227329568271e-11,38.07286739349365
2.505721283796447e-07,5.0692956776732245e-11,38.07933855056763
2.5031127393049246e-07,5.069662745160741e-11,38.08595609664917
2.500506752767251e-07,5.049126047818042e-11,38.093276023864746
2.49790360840052e-07,5.038802014523114e-11,38.09983587265015
2.4953033062047325e-07,5.0329105466540014e-11,38.10656929016113
2.492705846179888e-07,5.033184632963206e-11,38.113075494766235
2.490110944108892e-07,5.0307088356182916e-11,38.119717597961426
2.487518884208839e-07,5.0254571337671194e-11,38.12664842605591
2.484929382262635e-07,5.0196600348551e-11,38.133174419403076
2.482342722487374e-07,5.013135045972561e-11,38.13990521430969
2.479758904883056e-07,5.0111310934131126e-11,38.146373987197876
2.4771776452325867e-07,4.998809352563249e-11,38.15294361114502
2.474598943535966e-07,4.987770960140914e-11,38.16034770011902
2.472023368227383e-07,4.980094461815021e-11,38.166845083236694
2.4694506350897427e-07,4.9770104704194296e-11,38.17352843284607
2.4668796072546684e-07,4.965709440862831e-11,38.179999589920044
2.4643119900247257e-07,4.9654471506732634e-11,38.18660259246826
2.461747214965726e-07,4.9718461986314466e-11,38.193365812301636
2.459184997860575e-07,4.9649947347907286e-11,38.1998975276947
2.456625622926367e-07,4.961459368346688e-11,38.20659136772156
2.454068805946008e-07,4.9531382467771223e-11,38.213083028793335
2.4515142627024034e-07,4.948999543508137e-11,38.22068452835083
2.448962845846836e-07,4.943329079409864e-11,38.22746706008911
2.4464114289912686e-07,4.813747664367263e-11,38.23411822319031
2.443866264911776e-07,4.8514355727169445e-11,38.242196559906006
2.4413233745690377e-07,4.8862840856811474e-11,38.24863815307617
2.438783042180148e-07,4.8949667236231065e-11,38.25530934333801
2.436244983528013e-07,4.902978370524558e-11,38.261821269989014
2.433709767046821e-07,4.897777322598884e-11,38.26842188835144
2.431174550565629e-07,4.770102715601077e-11,38.276105880737305
2.4286453026434174e-07,4.8244099687400066e-11,38.28256702423096
2.426118896892149e-07,4.855854607299648e-11,38.289241313934326
2.423594196443446e-07,4.85922378723469e-11,38.29573369026184
2.4210717697314976e-07,4.849344883983697e-11,38.30230975151062
2.418552753624681e-07,4.871383504911897e-11,38.309760332107544
2.4160360112546186e-07,4.863413491373869e-11,38.31623983383179
2.413521542621311e-07,4.857927254908745e-11,38.322855949401855
2.4110102003760403e-07,4.8495835819339916e-11,38.329346656799316
2.4085014160846185e-07,4.847879389591192e-11,38.33591961860657
2.405994905529951e-07,4.835600322938838e-11,38.343165159225464
2.403491237146227e-07,4.8385549039631215e-11,38.34969925880432
2.4009901267163514e-07,4.834647265861136e-11,38.356324911117554
2.398491858457419e-07,4.820645618797137e-11,38.362815856933594
2.395996148152335e-07,4.8169104122086637e-11,38.36942982673645
2.3935024273669114e-07,4.8094337540272036e-11,38.37701869010925
2.3910121171866194e-07,4.796770272652573e-11,38.38341784477234
2.388524080743082e-07,4.7943739256428586e-11,38.390182971954346
2.386038602253393e-07,4.789560414941718e-11,38.39651322364807
2.3835561080431944e-07,4.790290039635714e-11,38.40305948257446
2.3810763138953916e-07,4.7911504624797985e-11,38.410011768341064
2.3785987934843433e-07,4.7834538413615846e-11,38.41636514663696
2.376123973135691e-07,4.778879722500129e-11,38.422889947891235
2.3736517107408872e-07,4.77127226616858e-11,38.429352045059204
2.371181864191385e-07,4.7628602450888735e-11,38.435805320739746
2.368714859812826e-07,4.768783978814639e-11,38.443121910095215
2.3662502712795686e-07,4.758913749181026e-11,38.44979476928711
2.363788524917254e-07,4.748407222976425e-11,38.456581830978394
2.3613264943378454e-07,4.623736116204924e-11,38.46308708190918
2.3588690112319455e-07,4.565392161537396e-11,38.46970009803772
2.3564140860798943e-07,4.5312174151712625e-11,38.476648807525635
2.353964703161182e-07,4.6388590885237946e-11,38.48315501213074
2.351516457110847e-07,4.675187320613006e-11,38.489909410476685
2.349070911122908e-07,4.7002342989932444e-11,38.496379137039185
2.3466272125460819e-07,4.708287232313424e-11,38.50300884246826
2.3441859298145573e-07,4.7069348418915524e-11,38.51001596450806
2.3417472050368815e-07,4.704934705723751e-11,38.51653003692627
2.3393111803216016e-07,4.704158243495904e-11,38.52324819564819
2.336877287234529e-07,4.686873458781271e-11,38.52969217300415
2.3344465205354936e-07,4.692373573034203e-11,38.53630709648132
2.3320177433561184e-07,4.667761316357044e-11,38.54362344741821
2.3295919504562335e-07,4.6629915206874983e-11,38.55012583732605
2.3271682891845558e-07,4.6608519127522285e-11,38.55759954452515
2.3247477543009154e-07,4.670809919393726e-11,38.56404423713684
2.3223296352625766e-07,4.6696587568950676e-11,38.57064652442932
2.3199140741780866e-07,4.6724610291981605e-11,38.57730841636658
2.3175009289388981e-07,4.660391170197009e-11,38.58382534980774
2.315089915327917e-07,4.6517269203238953e-11,38.591328144073486
2.312681885996426e-07,4.649387819188888e-11,38.597782611846924
2.3102759882931423e-07,4.634570505146485e-11,38.60440111160278
2.3078706590240472e-07,4.5108600882359795e-11,38.61091637611389
2.305468882468631e-07,4.449220852853486e-11,38.61742806434631
2.3030725060380064e-07,4.5262110032195935e-11,38.62509083747864
2.3006779770184949e-07,4.5728077574525017e-11,38.63151431083679
2.2982852954100963e-07,4.5821346716934386e-11,38.6381618976593
2.2958950296469993e-07,4.600511291363851e-11,38.64466691017151
2.293507179729204e-07,4.59736589075721e-11,38.65118432044983
2.29112174565671e-07,4.5859725739116897e-11,38.65884470939636
2.288738727429518e-07,4.579759488310131e-11,38.665334939956665
2.2863582671561744e-07,4.581938300995958e-11,38.6719651222229
2.2839800806195854e-07,4.5699076467453636e-11,38.67846655845642
2.2816047362539393e-07,4.562271740948809e-11,38.68499827384949
2.2792316656250478e-07,4.563424638170943e-11,38.6926703453064
2.2768588792132505e-07,4.441652254327799e-11,38.699124813079834
2.2744922034689807e-07,4.4955976441496404e-11,38.70574927330017
2.272127375135824e-07,4.529358485494406e-11,38.71225452423096
2.2697621204770257e-07,4.4128350279448725e-11,38.71885108947754
2.267402976485755e-07,4.4807317578499095e-11,38.72643566131592
2.2650455377970502e-07,4.5043427321367346e-11,38.732890129089355
2.2626900886280055e-07,4.513882323475826e-11,38.73951268196106
2.2603369131957152e-07,4.510617226949343e-11,38.74602556228638
2.2579868641514622e-07,4.515778029290374e-11,38.75259184837341
2.255638378301228e-07,4.511432893927747e-11,38.759793519973755
2.2532928767304838e-07,4.508268064418175e-11,38.766273736953735
2.250949506787947e-07,4.495715605346007e-11,38.7728955745697
2.248608836907806e-07,4.503705741676356e-11,38.77938652038574
2.246270724981514e-07,4.4994105663498374e-11,38.786022663116455
2.243934744683429e-07,4.497125588587281e-11,38.793657302856445
2.2416011802306457e-07,4.4884838901193547e-11,38.80015683174133
2.2392703158402583e-07,4.487418769905105e-11,38.806883096694946
2.236941583078078e-07,4.4763893980448444e-11,38.81338381767273
2.2346155503782938e-07,4.46846969148762e-11,38.81985926628113
2.232291791415264e-07,4.4518749797717305e-11,38.82853126525879
2.229970590406083e-07,4.448343082774642e-11,38.83504271507263
2.2276518052422034e-07,4.450277646395051e-11,38.84243106842041
2.2253355780321726e-07,4.453735644172063e-11,38.84892439842224
2.2230216245588963e-07,4.441349718553589e-11,38.855528831481934
2.2207100869309215e-07,4.4387455516714525e-11,38.862037897109985
2.2184012493653427e-07,4.442739232057846e-11,38.868834018707275
2.2160946855365182e-07,4.4312123415046756e-11,38.87660789489746
2.2137905375529954e-07,4.432660488662421e-11,38.88310241699219
2.2114885211976798e-07,4.418174159859234e-11,38.8899199962616
2.20918920490476e-07,4.4179108288355806e-11,38.89842367172241
2.206892304457142e-07,4.4134251808714e-11,38.90510535240173
2.2045975356377312e-07,4.401869146963833e-11,38.911609172821045
2.2023054668807163e-07,4.4014906303013746e-11,38.91849374771118
2.2000133981237013e-07,4.2759604884645697e-11,38.92646837234497
2.197727440034214e-07,4.3381437331291295e-11,38.93297481536865
2.1954431872472924e-07,4.361956629228558e-11,38.9395694732666
2.1931607818714838e-07,4.371931289215425e-11,38.94603395462036
2.1908785186042223e-07,4.2557610213656005e-11,38.95264387130737
2.188602081787394e-07,4.316972473938918e-11,38.95983695983887
2.1863273502731317e-07,4.341041415223401e-11,38.96638774871826
2.1840547503870766e-07,4.351477858599573e-11,38.97324252128601
2.1817839979121345e-07,4.350624374649392e-11,38.97971296310425
2.1795160876081354e-07,4.347608384414059e-11,38.986289262771606
2.1772503089323436e-07,4.347782897595742e-11,38.99360918998718
2.1749868039933062e-07,4.3361921692186556e-11,39.00013732910156
2.1727255727910233e-07,4.3225367729604613e-11,39.00759840011597
2.1704671837596834e-07,4.334369321790099e-11,39.014055490493774
2.1682107842480036e-07,4.329492667154433e-11,39.020686864852905
2.1659566584730783e-07,4.3215157147225014e-11,39.02730631828308
2.1637050906520017e-07,4.3084130013637534e-11,39.033804178237915
2.1614559386762267e-07,4.3093952017958514e-11,39.04129695892334
2.1592067867004516e-07,4.18846242411508e-11,39.04774188995361
2.156963603283657e-07,4.239998629973485e-11,39.05435657501221
2.1547221251694282e-07,4.277190407409037e-11,39.06087136268616
2.1524827786834067e-07,4.292623201340717e-11,39.06740188598633
2.150245137499951e-07,4.286176621959292e-11,39.07506990432739
2.148010196378891e-07,4.280413176682707e-11,39.081502199172974
2.1457773868860386e-07,4.282341842243298e-11,39.088120460510254
2.1435471353470348e-07,4.2790753579380336e-11,39.09463548660278
2.1413190154362383e-07,4.2727099636152843e-11,39.10118579864502
2.1390934534792905e-07,4.2744578709896786e-11,39.108885765075684
2.13687002315055e-07,4.27542827530214e-11,39.115328788757324
2.134648866558564e-07,4.263698075157585e-11,39.12198805809021
2.1324302679204266e-07,4.262552810718745e-11,39.12850213050842
2.1302135166934022e-07,4.245412008052618e-11,39.13508915901184
2.127999607637321e-07,4.2409572381663097e-11,39.14240384101868
2.1257878302094468e-07,4.234248715540012e-11,39.14892506599426
2.12357818440978e-07,4.222829377842352e-11,39.155585527420044
2.121371096563962e-07,4.2208306294533315e-11,39.16206383705139
2.1191665666719928e-07,4.2306977365846876e-11,39.168625354766846
2.1169640262996836e-07,4.228178918097569e-11,39.17604351043701
2.114763901772676e-07,4.224914515460476e-11,39.182533264160156
2.1125637772456685e-07,4.098463582402623e-11,39.189175605773926
2.1103669212152454e-07,4.03005892546382e-11,39.195671796798706
2.108175465309614e-07,4.1166767911215985e-11,39.20235228538513
2.1059852883809071e-07,4.1541645123821525e-11,39.20991063117981
2.1037972430804075e-07,4.1701388869830325e-11,39.216713666915894
2.101608487237172e-07,4.061717281955701e-11,39.22463822364807
2.0994258420614642e-07,4.122201191503194e-11,39.23137402534485
2.097244760079775e-07,4.157040683905322e-11,39.238301038742065
2.0950632517724443e-07,4.0402733242350664e-11,39.245086669921875
2.0928874278069998e-07,4.107576084821929e-11,39.251869201660156
2.0907131670355739e-07,4.1456740818013316e-11,39.25945281982422
2.0885383378299593e-07,4.025395988760394e-11,39.26617431640625
2.0863696192918724e-07,4.098063208224367e-11,39.27324891090393
2.0842020376221626e-07,4.1303585551766275e-11,39.279975175857544
2.08203658758066e-07,4.132783351651348e-11,39.286805152893066
2.0798729849502706e-07,4.1269133943533376e-11,39.29381704330444
2.0777117981651827e-07,4.126038399832055e-11,39.30057764053345
2.075552743008302e-07,4.1266733086242624e-11,39.30845856666565
2.0733962458052702e-07,4.1285769941667994e-11,39.31516408920288
2.0712417381218984e-07,4.1251162208322256e-11,39.322060346603394
2.069089504175281e-07,4.11824220558632e-11,39.32880258560181
2.066939401856871e-07,4.110255538702923e-11,39.3355917930603
2.0647918574923096e-07,4.1069522782599677e-11,39.34318804740906
2.0626464447559556e-07,4.109321910528152e-11,39.349990129470825
2.060503305756356e-07,4.1079604995442054e-11,39.356913805007935
2.0583624404935108e-07,4.1098503072989345e-11,39.36365103721619
2.0562235647503257e-07,4.095461469955097e-11,39.37047553062439
2.054086962743895e-07,4.083091850737297e-11,39.377569913864136
2.0519503607374645e-07,3.960953093296027e-11,39.384323835372925
2.049819585181467e-07,4.019661686838205e-11,39.39231824874878
2.047688099082734e-07,3.9286345010491885e-11,39.399054527282715
2.0455621552173398e-07,4.0050626010090795e-11,39.40593862533569
2.043437632437417e-07,4.0376577081779885e-11,39.41266393661499
2.0413148149600602e-07,4.048346380347567e-11,39.41953945159912
2.0391942712194577e-07,4.0464961242880904e-11,39.427061319351196
2.0370755748899683e-07,4.045976748079383e-11,39.4338059425354
2.034959010188686e-07,4.0378776711147424e-11,39.44179153442383
2.0328448613327055e-07,4.035134726354528e-11,39.448474407196045
2.0307331283220265e-07,4.039100651165306e-11,39.45536684989929
2.0286233848310076e-07,4.036478790103715e-11,39.46209168434143
2.0265133571228944e-07,3.910618703861779e-11,39.468899726867676
2.0244094400823087e-07,3.972264184248786e-11,39.47653007507324
2.0223069441271946e-07,3.997334754868298e-11,39.48327040672302
2.0202038797378918e-07,3.8873376739800847e-11,39.49100422859192
2.018104368062268e-07,3.832085690436138e-11,39.49768424034119
2.0160074143404927e-07,3.8029936838546163e-11,39.504578828811646
2.0139151502007735e-07,3.9044732724757836e-11,39.51133704185486
2.0118238808208844e-07,3.9539285040524064e-11,39.518131494522095
2.0097320430068066e-07,3.850198632138202e-11,39.525861501693726
2.0076457474260678e-07,3.918485674825334e-11,39.532583713531494
2.005558599194046e-07,3.8261019352781034e-11,39.53951168060303
2.0034768510868162e-07,3.907323076202118e-11,39.546233892440796
2.0013941082197562e-07,3.826358327407853e-11,39.553051710128784
1.9993166233689408e-07,3.898891973164176e-11,39.560065269470215
1.997240701712144e-07,3.9369306426007e-11,39.566853761672974
1.995166201140819e-07,3.945036311514549e-11,39.574639558792114
1.9930936900891538e-07,3.942993848093934e-11,39.58137774467468
1.9910235948827903e-07,3.946373436369832e-11,39.589388847351074
1.988955489196087e-07,3.9431898718467195e-11,39.59613656997681
1.986889657246138e-07,3.938491546784384e-11,39.603007793426514
1.9848260990329436e-07,3.9493772835408336e-11,39.61066961288452
1.982764388230862e-07,3.9442143995316314e-11,39.61742806434631
1.980704951165535e-07,3.937429202127696e-11,39.6254940032959
1.9786477878369624e-07,3.933536482647604e-11,39.632235288619995
1.9765926140280499e-07,3.933998612981604e-11,39.63913607597351
1.9745372981105902e-07,3.8183838035887874e-11,39.645867586135864
1.9724875244264695e-07,3.864924005836379e-11,39.652666330337524
1.9704391718278202e-07,3.879236168402578e-11,39.66043758392334
1.9683905350120767e-07,3.7647707867849434e-11,39.667179584503174
1.9663453088014649e-07,3.7127353275101527e-11,39.67516016960144
1.9643049142814561e-07,3.8117137918236565e-11,39.68185520172119
1.9622656566298247e-07,3.853167437894989e-11,39.688727140426636
1.9602282463893062e-07,3.8716169159513925e-11,39.69549107551575
1.9581925414513535e-07,3.8808217056596206e-11,39.7023184299469
1.9561565522963065e-07,3.7611216224808786e-11,39.709869146347046
1.9541265317002399e-07,3.828399056104992e-11,39.716655254364014
1.9520976479725505e-07,3.8538297553181167e-11,39.723560094833374
1.9500680537021253e-07,3.740329920787211e-11,39.730273723602295
1.948044001665039e-07,3.796104056097427e-11,39.737107276916504
1.946019239085217e-07,3.707115170392683e-11,39.744044065475464
1.9439976028934325e-07,3.669144849061112e-11,39.750736474990845
1.941980798392251e-07,3.765045913928233e-11,39.75850963592529
1.9399649886508996e-07,3.8057414858405636e-11,39.76523566246033
1.937950742103567e-07,3.8242211480854493e-11,39.77212071418762
1.9359384850758943e-07,3.830100819834925e-11,39.77885127067566
1.933928359676429e-07,3.840520262921032e-11,39.785656452178955
1.9319199395795295e-07,3.831998954262339e-11,39.79322838783264
1.92991151948263e-07,3.7102664690591425e-11,39.799957513809204
1.927906509990862e-07,3.6509174156096336e-11,39.80689263343811
1.925906047972603e-07,3.736665837861253e-11,39.81358242034912
1.9239068649312685e-07,3.772838638727016e-11,39.82042169570923
1.9219071134557453e-07,3.6714253165426314e-11,39.82721018791199
1.919913046322108e-07,3.7403254105061734e-11,39.83397364616394
1.917919973948301e-07,3.766409406580351e-11,39.84182071685791
1.915928891094154e-07,3.7767972776991954e-11,39.848527908325195
1.9139393714340258e-07,3.7817592807298794e-11,39.855425119400024
1.911952267619199e-07,3.7720080531267186e-11,39.86218547821045
1.9099645953701838e-07,3.650922966724757e-11,39.868998765945435
1.907980191617753e-07,3.5952459759291955e-11,39.876598834991455
1.9060010458815668e-07,3.688081090524875e-11,39.88333749771118
1.904020479059909e-07,3.616891508517739e-11,39.89024019241333
1.9020430386262888e-07,3.57745083556793e-11,39.89694333076477
1.9000701456661773e-07,3.6756080817879067e-11,39.90383267402649
1.8980979632488015e-07,3.711441223797074e-11,39.910624265670776
1.896127912459633e-07,3.7321864349015854e-11,39.91740274429321
1.8941592827559361e-07,3.7408583175579935e-11,39.92517042160034
1.8921927846804465e-07,3.737257378566561e-11,39.93185329437256
1.8902260023878625e-07,3.6236697670277707e-11,39.938730239868164
1.8882647623286175e-07,3.683552074473795e-11,39.94546389579773
1.8863025275095424e-07,3.586509561559481e-11,39.95230150222778
1.884345550706712e-07,3.660445557773784e-11,39.95988488197327
1.882389994989353e-07,3.692961561552188e-11,39.9666223526001
1.8804360024660127e-07,3.7065458341478674e-11,39.97356033325195
1.8784838573537854e-07,3.712253421328526e-11,39.98027539253235
1.8765337017612183e-07,3.7155781923425835e-11,39.98710489273071
1.8745855356883112e-07,3.7078104475618545e-11,39.99388027191162
1.872637227506857e-07,3.5822730198864505e-11,40.00065541267395
1.8706944615587418e-07,3.649520963211472e-11,40.00849890708923
1.8687526903704565e-07,3.6664705993505464e-11,40.01518177986145
1.866810634965077e-07,3.554968819319271e-11,40.02207088470459
1.864871848056282e-07,3.51206147497507e-11,40.028838872909546
1.862937750729543e-07,3.602573100947026e-11,40.03558921813965
1.861004648162634e-07,3.638877740796964e-11,40.04320788383484
1.859073250898291e-07,3.6654585616746616e-11,40.049968957901
1.8571435589365137e-07,3.6633647504391575e-11,40.05689787864685
1.8552131564320007e-07,3.545003179894479e-11,40.06360912322998
1.8532864487497136e-07,3.4853970404258305e-11,40.07044053077698
1.8513645727580297e-07,3.5775098161661134e-11,40.07735776901245
1.8494435494176287e-07,3.6181731222217905e-11,40.08414673805237
1.8475242313797935e-07,3.635482193065087e-11,40.091824531555176
1.8456066186445241e-07,3.650507673924608e-11,40.098544120788574
1.8436908533203678e-07,3.648916238607747e-11,40.10538363456726
1.841774803779117e-07,3.5248876734117474e-11,40.11211395263672
1.8398642964712053e-07,3.581634641647291e-11,40.11888146400452
1.8379549260316708e-07,3.609068946475169e-11,40.12624931335449
1.8360475451117964e-07,3.624440678140495e-11,40.132973194122314
1.8341395957577333e-07,3.502340084615696e-11,40.13994288444519
1.8322367623113678e-07,3.554005353900713e-11,40.14665102958679
1.8303357762761152e-07,3.591829958460302e-11,40.15345287322998
1.828434079698127e-07,3.485375182910033e-11,40.160483837127686
1.826537499027836e-07,3.542415666357712e-11,40.167229890823364
1.8246421973344695e-07,3.574555582086525e-11,40.17515254020691
1.822748743052216e-07,3.5882595506020465e-11,40.18183183670044
1.820854720335774e-07,3.466191222933901e-11,40.188732862472534
1.8189660977441235e-07,3.529307054939146e-11,40.195462703704834
1.8170787541293976e-07,3.556825320383261e-11,40.202394008636475
1.8151931158172374e-07,3.567343642707499e-11,40.20972514152527
1.8133094670247374e-07,3.581099999871995e-11,40.21571493148804
1.8114275235348032e-07,3.574843199238842e-11,40.22187042236328
1.8095450116106804e-07,3.448569554920233e-11,40.228251457214355
1.807665768183142e-07,3.382085930758727e-11,40.234795331954956
1.8057916406633012e-07,3.4761745565381474e-11,40.24187397956848
1.8039186500118376e-07,3.5302014783633595e-11,40.24825191497803
1.8020445224919968e-07,3.41388861624381e-11,40.25499081611633
1.800173379251646e-07,3.366811690552751e-11,40.26153492927551
1.7983070677018986e-07,3.4686219174684396e-11,40.268104553222656
1.7964393350666796e-07,3.3902453761003315e-11,40.275546073913574
1.794576576230611e-07,3.4634146245382524e-11,40.28296709060669
1.7927128226347122e-07,3.384323724042737e-11,40.28996562957764
1.7908537586208695e-07,3.453727928648398e-11,40.29661202430725
1.7889938419557438e-07,3.3770559265677846e-11,40.30354428291321
1.787136483244467e-07,3.3314819652963124e-11,40.31079864501953
1.785283814115246e-07,3.4309066004878375e-11,40.317363262176514
1.7834321397458552e-07,3.474553630922195e-11,40.324769735336304
1.781582028570483e-07,3.490835398523018e-11,40.331193923950195
1.7797333384805825e-07,3.500899570241245e-11,40.33817267417908
1.777886637910342e-07,3.499997860978432e-11,40.34476113319397
1.7760393689059129e-07,3.379947710602238e-11,40.351301431655884
1.7741966473749926e-07,3.3898495122031136e-11,40.35930848121643
1.772354636386808e-07,3.32969346539258e-11,40.365784883499146
1.7705158938952081e-07,3.354687361234454e-11,40.372413635253906
1.768678998814721e-07,3.360290171117164e-11,40.37891912460327
1.7668440932538942e-07,3.3664942361566474e-11,40.38551688194275
1.765011745646916e-07,3.423475739006143e-11,40.393187522888184
1.7631786874972022e-07,3.3324839415760366e-11,40.399667263031006
1.7613484715184313e-07,3.2864270332888523e-11,40.40631294250488
1.759522518796075e-07,3.3794619880289645e-11,40.41276550292969
1.7576988398104731e-07,3.4780164859249396e-11,40.41937255859375
1.755873881847947e-07,3.411232060712699e-11,40.426568269729614
1.7540503449708922e-07,3.318463559498497e-11,40.43309235572815
1.7522303608075163e-07,3.322379524273167e-11,40.4399790763855
1.7504125082723476e-07,3.325050304536781e-11,40.446449756622314
1.748597497908122e-07,3.383206562124208e-11,40.45312428474426
1.746782913869538e-07,3.36252969912465e-11,40.46014595031738
1.7449703193506139e-07,3.348693891624954e-11,40.46661901473999
1.74315971435135e-07,3.33328885326889e-11,40.47329902648926
1.7413510988717462e-07,3.323077230055205e-11,40.47976613044739
1.7395444729118026e-07,3.31858464319712e-11,40.48639678955078
1.7377395522544248e-07,3.3139893607092574e-11,40.493340253829956
1.735936621116707e-07,3.316167479505694e-11,40.499836683273315
1.7341355373901024e-07,3.309529386652521e-11,40.50659680366516
1.7323378642686293e-07,3.3671832683213054e-11,40.51308035850525
1.7305411859069864e-07,3.3927975012781886e-11,40.51970839500427
1.7287447917624377e-07,3.339393345180852e-11,40.526671409606934
1.7269506713546434e-07,3.3074168404034765e-11,40.53318428993225
1.7251589667921507e-07,3.300733297795233e-11,40.53994083404541
1.723368967532224e-07,3.282810481786136e-11,40.546435832977295
1.7215812420090515e-07,3.2812738637311156e-11,40.553059816360474
1.719795221788445e-07,3.2776954761448707e-11,40.559945583343506
1.7180109068704041e-07,3.269422232943242e-11,40.5664701461792
1.7162285814720235e-07,3.270034243385567e-11,40.57331991195679
1.7144483877018502e-07,3.263493988936439e-11,40.579763412475586
1.7126697571256955e-07,3.255676284119602e-11,40.58637475967407
1.7108929739606538e-07,3.2532389976358544e-11,40.5936861038208
1.7091194592921966e-07,3.307552495779298e-11,40.60020184516907
1.7073459446237393e-07,3.279147439694263e-11,40.606913805007935
1.7055756984518666e-07,3.3171933949693866e-11,40.6134078502655
1.7038067312569183e-07,3.332191814142682e-11,40.62002515792847
1.7020383324961585e-07,3.279477731044089e-11,40.626742362976074
1.7002723495807004e-07,3.2550875189718553e-11,40.63325238227844
1.6985086404019967e-07,3.241247548135817e-11,40.63995718955994
1.6967466365258588e-07,3.236811166318354e-11,40.64643979072571
1.694987616929211e-07,3.2871712296600464e-11,40.653061389923096
1.6932287394411105e-07,3.247395408134679e-11,40.66000461578369
1.6914721356897644e-07,3.230736858594874e-11,40.666505575180054
1.6897176635666256e-07,3.227102265968007e-11,40.673296213150024
1.6879648967460525e-07,3.2161471402725184e-11,40.6797730922699
1.6862141194451397e-07,3.2144960304680836e-11,40.68636131286621
1.6844650474467926e-07,3.2048436821030535e-11,40.69341063499451
1.6827176807510114e-07,3.2012757028576644e-11,40.69991135597229
1.6809734404432675e-07,3.252971503275859e-11,40.70663118362427
1.6792293422440707e-07,3.215361657482596e-11,40.713125705718994
1.6774886546500056e-07,3.264405412650717e-11,40.719730615615845
1.675749246032865e-07,3.282929483816588e-11,40.72667336463928
1.6740102637413656e-07,3.228835601665203e-11,40.733177185058594
1.6722734130780736e-07,3.2054900400702024e-11,40.73994827270508
1.6705398309113662e-07,3.249775101799024e-11,40.746434926986694
1.668806532961753e-07,3.2091589802218934e-11,40.75305247306824
1.667075366640347e-07,3.1842448816599145e-11,40.760030031204224
1.6653464740556956e-07,3.1740474831787324e-11,40.76651382446289
1.6636190025565156e-07,3.172036244780685e-11,40.773284673690796
1.6618935205769958e-07,3.1590910443135556e-11,40.77974200248718
1.660170028117136e-07,3.1492006918876214e-11,40.786341428756714
1.6584482409598422e-07,3.155772518304012e-11,40.79364514350891
1.656728016996567e-07,3.139230542181792e-11,40.8001549243927
1.6550100667700463e-07,3.14406521650934e-11,40.80690670013428
1.6532938218460913e-07,3.140071536122946e-11,40.813377141952515
1.651578998007608e-07,3.140707832693934e-11,40.82000494003296
1.649867442665709e-07,3.1961166352401094e-11,40.82701301574707
1.6481570241921872e-07,3.219769242890358e-11,40.833603620529175
1.6464468899357598e-07,3.167915929580545e-11,40.841362714767456
1.644739171524634e-07,3.1389234961265444e-11,40.847957611083984
1.643033158416074e-07,3.1207012668454936e-11,40.85468053817749
1.641329134827174e-07,3.1126101696088426e-11,40.861366748809814
1.6396271007579344e-07,3.1097152630721325e-11,40.867995500564575
1.6379269140998076e-07,3.1109528147998944e-11,40.875685930252075
1.6362282906356995e-07,3.103463666609407e-11,40.882254123687744
1.6345317987997987e-07,3.104539542109208e-11,40.88900685310364
1.6328365859408223e-07,3.0993953931135465e-11,40.89560914039612
1.6311446415784303e-07,3.159171535482841e-11,40.902318239212036
1.6294526972160384e-07,3.1264085070814573e-11,40.909913063049316
1.6277637371331366e-07,3.163675918460562e-11,40.9165198802948
1.6260750612673291e-07,3.1132315475579375e-11,40.92331290245056
1.6243883749211818e-07,3.095020767451828e-11,40.92990565299988
1.6227042465288832e-07,3.086911282146332e-11,40.93663549423218
1.6210216813306033e-07,3.08514082336675e-11,40.9434494972229
1.619340679326342e-07,3.0786418553363504e-11,40.95007252693176
1.6176613826246466e-07,3.0664609740327364e-11,40.9586181640625
1.6159852123109886e-07,3.123390435177953e-11,40.96522927284241
1.6143090419973305e-07,3.094487166510618e-11,40.971985816955566
1.6126351454204269e-07,3.082317040492555e-11,40.97862458229065
1.6109630962546362e-07,3.0758985636314407e-11,40.985329151153564
1.609292468174317e-07,3.060675671240354e-11,40.99321532249451
1.6076236875051109e-07,3.055463521084434e-11,40.99983763694763
1.6059568963555648e-07,3.044589927392316e-11,41.00689721107483
1.6042928052684147e-07,3.098682074820225e-11,41.01355791091919
1.6026289983983588e-07,3.0681408802468724e-11,41.0203070640564
1.600967038939416e-07,3.047489344210064e-11,41.027235984802246
1.5993080637599633e-07,3.095967232580321e-11,41.03387379646301
1.597650367557435e-07,3.114303606666091e-11,41.041438579559326
1.5959940924403782e-07,3.121900307712089e-11,41.048006534576416
1.594338527866057e-07,3.0696792330253686e-11,41.05472183227539
1.5926850949199434e-07,3.044650642713975e-11,41.06137681007385
1.5910336514934897e-07,3.028146483563532e-11,41.068029165267944
1.5893850502379792e-07,3.073755486249219e-11,41.075610399246216
1.587736733199563e-07,3.0378172199974074e-11,41.082236766815186
1.5860901214637124e-07,3.014063998385552e-11,41.08901000022888
1.5844459255731635e-07,3.0089552377488005e-11,41.09563446044922
1.5828032928766333e-07,3.0087862756822403e-11,41.10232949256897
1.5811622233741218e-07,2.998899045758563e-11,41.10987567901611
1.5795231433912704e-07,2.994802322797696e-11,41.1164813041687
1.5778857687109848e-07,2.9937979179051055e-11,41.12330365180969
1.576249957224718e-07,2.990284755921557e-11,41.1299352645874
1.5746157089324697e-07,2.980020744058898e-11,41.136754512786865
1.5729833080513345e-07,2.973615798040896e-11,41.14378595352173
1.5713527545813122e-07,2.9729024797475745e-11,41.1504328250885
1.569725043282233e-07,3.03102057341853e-11,41.158038854599
1.5680971898746066e-07,2.996868031512889e-11,41.164621353149414
1.5664716102037346e-07,2.9910112581132964e-11,41.17143487930298
1.5648474516183342e-07,2.972559004499331e-11,41.17808771133423
1.5632251404440467e-07,2.965581252789562e-11,41.18480372428894
1.5616046766808722e-07,2.959915645917022e-11,41.1922881603241
1.5599869129800936e-07,3.012241150956996e-11,41.19884729385376
1.558369149279315e-07,2.976185617398208e-11,41.205652475357056
1.5567536593152909e-07,2.953635946933986e-11,41.21228218078613
1.5551408694136626e-07,3.002511086980242e-11,41.219037771224976
1.5535282216205815e-07,2.968887635734774e-11,41.226529359817505
1.5519177054557076e-07,2.954778435815264e-11,41.23322105407715
1.5503088945933996e-07,2.943415650102921e-11,41.24022579193115
1.5487017890336574e-07,2.933112433489704e-11,41.246840715408325
1.5470965308850282e-07,2.926038578099366e-11,41.253549575805664
1.5454929780389648e-07,2.9241303822757914e-11,41.260502576828
1.5438911304954672e-07,2.9204347273825704e-11,41.2671434879303
1.5422918409058184e-07,2.969740425795564e-11,41.27467608451843
1.5406926934247167e-07,2.939411908320366e-11,41.28127717971802
1.5390956775718223e-07,2.926022965588082e-11,41.28804802894592
1.5375000828043994e-07,2.913184277142378e-11,41.29469704627991
1.5359064775566367e-07,2.9032184642452386e-11,41.30135989189148
1.5343145776114397e-07,2.904874431275406e-11,41.308945178985596
1.5327243829688086e-07,2.898806021611744e-11,41.31556034088135
1.5311358936287434e-07,2.894908618378267e-11,41.3223237991333
1.5295488253741496e-07,2.8914714372829664e-11,41.328922748565674
1.5279634624221217e-07,2.891119808834386e-11,41.335625410079956
1.5263800889897539e-07,2.8931633130890866e-11,41.34320545196533
1.5247979945343104e-07,2.8870707907691084e-11,41.34987735748291
1.5232176053814328e-07,2.8788790795708508e-11,41.356659173965454
1.5216390636396682e-07,2.875282477388108e-11,41.36328339576721
1.520061942983375e-07,2.8723459374879745e-11,41.36996102333069
1.518487664498025e-07,2.9232873066664666e-11,41.376922845840454
1.516913386012675e-07,2.8928991147036953e-11,41.38355588912964
1.515341239155532e-07,2.8793941189708683e-11,41.39116597175598
1.5137705133838608e-07,2.8623469913724442e-11,41.3977587223053
1.5122016350233025e-07,2.8572529758852383e-11,41.40452742576599
1.51063446196531e-07,2.8518432407254046e-11,41.41117525100708
1.5090688521013362e-07,2.8451841577181725e-11,41.417834997177124
1.5075050896484754e-07,2.8456287673450653e-11,41.425577878952026
1.5059428903896332e-07,2.83935045614081e-11,41.43217206001282
1.5043819701077155e-07,2.8301644014461225e-11,41.4389374256134
1.502823181454005e-07,2.833664899948296e-11,41.445547103881836
1.5012670928626903e-07,2.892445657987075e-11,41.45226287841797
1.4997117148141115e-07,2.915568134143065e-11,41.459851026535034
1.4981580420680984e-07,2.9303181409146006e-11,41.46645903587341
1.4966043693220854e-07,2.8688957459666042e-11,41.47330141067505
1.4950528282042796e-07,2.837553282619698e-11,41.47992014884949
1.4935035608232283e-07,2.8224570250423575e-11,41.486610651016235
1.4919557145276485e-07,2.814559349473278e-11,41.493459939956665
1.4904107104030118e-07,2.867469456324656e-11,41.50009751319885
1.4888661326040165e-07,2.8403225951767475e-11,41.50691866874695
1.4873229758904927e-07,2.8225054238273373e-11,41.51352024078369
1.4857815244795347e-07,2.8057381071255882e-11,41.52020835876465
1.484242062588237e-07,2.8027927201357272e-11,41.527162313461304
1.4827040217824106e-07,2.8021888628937397e-11,41.533759117126465
1.4811686810389801e-07,2.8507095989338538e-11,41.54135727882385
1.4796331981870026e-07,2.8170292487583737e-11,41.547927379608154
1.4780999890717794e-07,2.7984090739119338e-11,41.554659366607666
1.476569337910405e-07,2.8437962054650434e-11,41.56133055686951
1.4750388288575778e-07,2.8085932884946985e-11,41.56795406341553
1.4735101672158635e-07,2.793401274181484e-11,41.57562208175659
1.471983210876715e-07,2.780935030866072e-11,41.58220863342285
1.4704582440572267e-07,2.7770105659463695e-11,41.58893871307373
1.4689344141061156e-07,2.7693762214009432e-11,41.59556698799133
1.4674124315661174e-07,2.7668856789064833e-11,41.602296113967896
1.4658921543286851e-07,2.7625315229817815e-11,41.60987043380737
1.4643732981767243e-07,2.7649452172262556e-11,41.616485595703125
1.4628561473273294e-07,2.764652222431163e-11,41.62331199645996
1.461340417563406e-07,2.7510445310685583e-11,41.62992548942566
1.4598262509935012e-07,2.7499152260856974e-11,41.63664793968201
1.4583139318347094e-07,2.747471521125089e-11,41.644307136535645
1.4568031758699362e-07,2.7444430408807285e-11,41.651018142700195
1.4552948357504647e-07,2.8003002694454437e-11,41.65889883041382
1.4537864956309932e-07,2.7677962352590235e-11,41.66547751426697
1.4522801450311817e-07,2.7517141343302853e-11,41.6722514629364
1.450775357625389e-07,2.741402591044384e-11,41.67884969711304
1.4492732702819922e-07,2.7876694008721614e-11,41.68557357788086
1.4477714671556896e-07,2.757051011104128e-11,41.693228006362915
1.4462712272234057e-07,2.7354490200748316e-11,41.699841260910034
1.4447728347022348e-07,2.7267013300025233e-11,41.706652879714966
1.4432760053750826e-07,2.7198914995252288e-11,41.71328020095825
1.4417808813504962e-07,2.7211432759854937e-11,41.72004055976868
1.4402873205199285e-07,2.7190662915677066e-11,41.72694253921509
1.4387951807748323e-07,2.7153772286236944e-11,41.73361825942993
1.4373046042237547e-07,2.711477743722046e-11,41.74133825302124
1.435815732975243e-07,2.7104081132267588e-11,41.74793815612793
1.4343279985951085e-07,2.6973262165497225e-11,41.75466966629028
1.4328422537346341e-07,2.6928778651402752e-11,41.761316537857056
1.4313579299596313e-07,2.6890755247532816e-11,41.76799774169922
1.4298753114871943e-07,2.6912354289532203e-11,41.7755982875824
1.4283939719916816e-07,2.684970128175035e-11,41.782190799713135
1.4269143377987348e-07,2.6839140285228602e-11,41.78895950317383
1.4254362667998066e-07,2.684405649155952e-11,41.79554724693298
1.423959758994897e-07,2.6803368552430484e-11,41.802308082580566
1.422484530166912e-07,2.6698672786484856e-11,41.809895753860474
1.4210111487500399e-07,2.668049635390357e-11,41.81649470329285
1.419539046310092e-07,2.66187037689658e-11,41.823320388793945
1.4180687912812573e-07,2.663535191016475e-11,41.82991409301758
1.416599957337894e-07,2.665135299950716e-11,41.83662796020508
1.4151326865885494e-07,2.6633622390859202e-11,41.84342575073242
1.4136669790332235e-07,2.6672098557556367e-11,41.850130796432495
1.412202692563369e-07,2.6616920473232497e-11,41.856947898864746
1.410739685070439e-07,2.6480886927693348e-11,41.86354851722717
1.409278524988622e-07,2.6476223990989922e-11,41.87025165557861
1.4078187859922764e-07,2.6444939987824156e-11,41.87724232673645
1.4063606101899495e-07,2.6455747315079492e-11,41.8838906288147
1.4049039975816413e-07,2.637726495557935e-11,41.891446590423584
1.4034488060588046e-07,2.6363631763781648e-11,41.89805293083191
1.4019951777299866e-07,2.633311971256269e-11,41.90478801727295
1.4005431125951873e-07,2.6352668311413474e-11,41.91140174865723
1.3990926106544066e-07,2.631294140909013e-11,41.91807532310486
1.3976435297990975e-07,2.6304229627793774e-11,41.925612449645996
1.396196012137807e-07,2.630512821455433e-11,41.932220220565796
1.394749915561988e-07,2.6237491346225994e-11,41.938977003097534
1.3933053821801877e-07,2.6195238686521627e-11,41.9455885887146
1.391862411992406e-07,2.6146711532004652e-11,41.95230770111084
1.390420862890096e-07,2.614982536064403e-11,41.95957946777344
1.3889805927647103e-07,2.6067223032888442e-11,41.96619772911072
1.3875420279418904e-07,2.5989200375109434e-11,41.97294282913208
1.3861050263130892e-07,2.6012329443214632e-11,41.97952699661255
1.3846697299868538e-07,2.5995927632749272e-11,41.98623538017273
1.3832354284204484e-07,2.5933593814086997e-11,41.99347400665283
1.3818032584822504e-07,2.594978398828829e-11,42.00010418891907
1.3803719411953352e-07,2.5893951913213975e-11,42.007697343826294
1.3789426134280802e-07,2.5909189724226955e-11,42.01429629325867
1.3775142804206553e-07,2.5821180263396748e-11,42.021050453186035
1.3760879369328904e-07,2.5813609930147585e-11,42.027669191360474
1.37466287242205e-07,2.582868988132425e-11,42.03438472747803
1.373239228996681e-07,2.582556044017359e-11,42.041900873184204
1.371817290873878e-07,2.5834612227271236e-11,42.04851412773132
1.370396489619452e-07,2.5750398341406466e-11,42.05526900291443
1.3689772515590448e-07,2.5663629207861582e-11,42.06189155578613
1.3675597188012034e-07,2.5670212483452914e-11,42.06859827041626
1.3661436071288335e-07,2.5626209487761287e-11,42.076130867004395
1.3647289165419352e-07,2.5557047797497567e-11,42.08271670341492
1.3633155049319612e-07,2.5528865479906848e-11,42.08946514129639
1.361903798624553e-07,2.556663214470234e-11,42.096086502075195
1.3604936555111635e-07,2.558674626340629e-11,42.10280418395996
1.3590847913746984e-07,2.5521317698062873e-11,42.11036396026611
1.357677490432252e-07,2.5483939611326e-11,42.11703062057495
1.356271610575277e-07,2.549076574820397e-11,42.124464988708496
1.3548671518037736e-07,2.5473114936835906e-11,42.13105273246765
1.3534641141177417e-07,2.535911758361209e-11,42.137821674346924
1.3520629238428228e-07,2.5373956408225595e-11,42.14447617530823
1.350662728327734e-07,2.534003736009982e-11,42.15116357803345
1.3492640960066637e-07,2.5273921844259917e-11,42.15849304199219
1.347866884771065e-07,2.523067345328034e-11,42.16510510444641
1.346471236729485e-07,2.522301985330433e-11,42.17187023162842
1.3450770097733766e-07,2.5167179104612636e-11,42.178526163101196
1.343684488119834e-07,2.5138471165808696e-11,42.18527603149414
1.3422931033346686e-07,2.5170013642772382e-11,42.19294881820679
1.3409032817435218e-07,2.511327951149056e-11,42.19958281517029
1.3395150233463937e-07,2.5118469804130683e-11,42.20633578300476
1.33812804392619e-07,2.5061284644745108e-11,42.21294856071472
1.336742627700005e-07,2.507457262657109e-11,42.219645977020264
1.3353584904507443e-07,2.5016865315419246e-11,42.22696566581726
1.3339759163955023e-07,2.497713494364895e-11,42.233630657196045
1.3325947634257318e-07,2.4994128294819618e-11,42.241124391555786
1.33121517364998e-07,2.4911885054823557e-11,42.24769949913025
1.3298368628511525e-07,2.4908521426003638e-11,42.2544367313385
1.3284598310292495e-07,2.4858289038309778e-11,42.26107931137085
1.3270846466184594e-07,2.4842169987771e-11,42.26773643493652
1.3257105990760465e-07,2.4820983809958896e-11,42.27535390853882
1.3243382568361994e-07,2.4846355875518533e-11,42.281967639923096
1.3229670514647296e-07,2.483863115188001e-11,42.288716077804565
1.3215974092872784e-07,2.4780648019695484e-11,42.295374631881714
1.3202291881952988e-07,2.4710299778574196e-11,42.30165123939514
1.3188622460802435e-07,2.4705239590194772e-11,42.30867290496826
1.317497009267754e-07,2.4727697320314768e-11,42.314868688583374
1.3161319145638117e-07,2.4093260372892722e-11,42.32120943069458
1.3147699462479068e-07,2.435585934323914e-11,42.32833909988403
1.313409114800379e-07,2.4450479835236294e-11,42.335121631622314
1.3120494202212285e-07,2.4525647138173845e-11,42.34255337715149
1.3106912888360966e-07,2.4530079356654966e-11,42.348782777786255
1.309334294319342e-07,2.4523339955950796e-11,42.355069160461426
1.307978862996606e-07,2.4492139219511877e-11,42.36115121841431
1.3066249948678887e-07,2.4464026290860197e-11,42.36738181114197
1.3052724057160958e-07,2.4449713087459912e-11,42.37559175491333
1.3039210955412273e-07,2.4393287736956815e-11,42.38203144073486
1.3025713485603774e-07,2.441602996172687e-11,42.3885817527771
1.3012228805564519e-07,2.4414682081586037e-11,42.39509081840515
1.2998746967696206e-07,2.3732849019353353e-11,42.402262687683105
1.2985296393708268e-07,2.4019241456896268e-11,42.40958285331726
1.2971858609489573e-07,2.4129857834065405e-11,42.41610240936279
1.2958430772869178e-07,2.4178504684502222e-11,42.42273497581482
1.294501856818897e-07,2.4189157621368196e-11,42.42924380302429
1.2931620574363478e-07,2.4225364769758784e-11,42.43592548370361
1.2918233949221758e-07,2.4194030459612215e-11,42.44320011138916
1.2904861534934753e-07,2.4153961816764102e-11,42.449687480926514
1.2891501910416991e-07,2.4059761127848134e-11,42.456385374069214
1.2878157917839417e-07,2.402668689005516e-11,42.46288013458252
1.2864828136116557e-07,2.40359485786934e-11,42.46952199935913
1.2851512565248413e-07,2.3982501748398555e-11,42.47693872451782
1.2838209784149512e-07,2.4008505253303447e-11,42.4834361076355
1.2824919792819856e-07,2.3972003201921943e-11,42.491084575653076
1.2811645433430385e-07,2.3960859338312268e-11,42.49756979942322
1.279838528489563e-07,2.3912477900567275e-11,42.50416922569275
1.278513934721559e-07,2.3940991550341906e-11,42.51084327697754
1.2771896251706494e-07,2.3331241452706486e-11,42.51735782623291
1.2758680156821356e-07,2.3587411537850933e-11,42.524588108062744
1.2745476851705462e-07,2.3694622652836728e-11,42.531065464019775
1.273228633635881e-07,2.3737583079719293e-11,42.53767991065979
1.2719108610781404e-07,2.3707620935842222e-11,42.54419803619385
1.2705945096058713e-07,2.3722671396719797e-11,42.550785064697266
1.2692795792190736e-07,2.3711572635920497e-11,42.55851745605469
1.2679657857006532e-07,2.3727493927983012e-11,42.56512951850891
1.2666535553762515e-07,2.367551120430189e-11,42.57186675071716
1.265342604028774e-07,2.3672831056531507e-11,42.57851004600525
1.264032931658221e-07,2.3647776445367974e-11,42.58519411087036
1.2627246803731396e-07,2.3597745285597327e-11,42.59280347824097
1.2614178501735296e-07,2.3568815302188462e-11,42.5994291305542
1.260112441059391e-07,2.3554930575486743e-11,42.60617423057556
1.258808310922177e-07,2.3542692101363727e-11,42.6127827167511
1.2575053176533402e-07,2.343965993523156e-11,42.61949157714844
1.256204029687069e-07,2.3462082970882037e-11,42.62669396400452
1.2549040206977224e-07,2.3457182377062402e-11,42.633352279663086
1.2536052906853001e-07,2.3437345814114607e-11,42.64098596572876
1.2523078396498022e-07,2.3402196847044365e-11,42.647581577301025
1.251011951808323e-07,2.342392599330445e-11,42.654362201690674
1.2497172008352209e-07,2.3377204685925967e-11,42.66102433204651
1.2484238709475903e-07,2.3340371302360552e-11,42.6676766872406
1.2471318200368842e-07,2.3271468085894753e-11,42.675262212753296
1.2458413323201967e-07,2.324951342558279e-11,42.681832790374756
1.2445518393633392e-07,2.317167638321571e-11,42.68856692314148
1.2432640517090476e-07,2.317399223905614e-11,42.69518566131592
1.2419774009231332e-07,2.31914123322019e-11,42.70187044143677
1.2406921712226904e-07,2.315849595424524e-11,42.709211111068726
1.239408220499172e-07,2.310517228931719e-11,42.71581792831421
1.238125690861125e-07,2.3088007200522398e-11,42.72255849838257
1.2368445823085494e-07,2.3154691705662422e-11,42.7291796207428
1.2355647527328983e-07,2.3115957065167336e-11,42.73583960533142
1.2342862021341716e-07,2.3119724884557158e-11,42.7431583404541
1.2330089305123693e-07,2.3094691090075337e-11,42.74976825714111
1.2317329378674913e-07,2.298160446667641e-11,42.75664973258972
1.230458508416632e-07,2.302701605783053e-11,42.76328086853027
1.2291850737256027e-07,2.2953389189339646e-11,42.76997780799866
1.227913202228592e-07,2.288897717195315e-11,42.77683758735657
1.226642609708506e-07,2.2863695312014265e-11,42.783453702926636
1.225373296165344e-07,2.2860466991625472e-11,42.7902672290802
1.2241044089478237e-07,2.2260015011821288e-11,42.796854972839355
1.2228382217926992e-07,2.250987937713056e-11,42.803558111190796
1.221573171505952e-07,2.2615196174080587e-11,42.8105354309082
1.2203081212192046e-07,2.207131179210453e-11,42.81716823577881
1.2190463394290418e-07,2.2422088491458325e-11,42.82484316825867
1.2177851260730677e-07,2.2512170946842325e-11,42.831395864486694
1.2165251916940178e-07,2.2601464103044755e-11,42.83814287185669
1.2152665362918924e-07,2.2563114571161336e-11,42.84476161003113
1.2140091598666913e-07,2.2578024519437356e-11,42.85142922401428
1.2127520676585846e-07,2.2005524139001587e-11,42.85930609703064
1.2114978176214208e-07,2.2264436821961553e-11,42.86590099334717
1.2102447044526343e-07,2.245740919615269e-11,42.8726749420166
1.208992586043678e-07,2.2487268991344678e-11,42.87928795814514
1.207741888720193e-07,2.250109126800126e-11,42.88595533370972
1.2064923282650852e-07,2.2489782605661368e-11,42.893388509750366
1.205244046786902e-07,2.2468341423498295e-11,42.90003204345703
1.2039969021770958e-07,2.2444065703175475e-11,42.90692973136902
1.2027514628698555e-07,2.2453289227897244e-11,42.91353726387024
1.201506876213898e-07,2.238932476916755e-11,42.92029786109924
1.2002639948605065e-07,2.238308149937751e-11,42.927101850509644
1.199022108266945e-07,2.2371762428696762e-11,42.93373417854309
1.197781642758855e-07,2.234202926831852e-11,42.94142150878906
1.1965413193593122e-07,2.168222372478379e-11,42.948025941848755
1.1953039802392595e-07,2.1982408948684196e-11,42.95473790168762
1.194067635879037e-07,2.2126842025294025e-11,42.96137499809265
1.1928324283871916e-07,2.22025852564256e-11,42.96800971031189
1.1915984998722706e-07,2.216034300506209e-11,42.975459575653076
1.190365850334274e-07,2.2194572568690063e-11,42.98205018043518
1.189134266610381e-07,2.214802820310613e-11,42.98878359794617
1.1879041039719596e-07,2.211450814137983e-11,42.995378494262695
1.1866752203104625e-07,2.2118614231847467e-11,43.00209903717041
1.1854474735173426e-07,2.204802833360997e-11,43.0102105140686
1.1842212899182414e-07,2.2081872788626278e-11,43.016987323760986
1.1829962431875174e-07,2.2033755028849633e-11,43.024937868118286
1.181771267511067e-07,2.1431009744610208e-11,43.03151202201843
1.1805493471683803e-07,2.171608379231138e-11,43.038269996643066
1.1793282794769766e-07,2.1803843452961047e-11,43.044934034347534
1.1781084197082237e-07,2.1834803062836805e-11,43.051600217819214
1.1768897678621215e-07,2.184710225228148e-11,43.05928134918213
1.1756723949929437e-07,2.1860683402374903e-11,43.06592106819153
1.1744551642323131e-07,2.1237298378218306e-11,43.07264828681946
1.1732397808827955e-07,2.096207755986068e-11,43.07926964759827
1.1720268133785794e-07,2.1346934636623516e-11,43.085947036743164
1.1708149827427405e-07,2.1624211102300173e-11,43.0933301448822
1.1696040758124582e-07,2.1668130831264953e-11,43.1000235080719
1.168394305750553e-07,2.1714479173096102e-11,43.10769987106323
1.1671858146655723e-07,2.1735712188442058e-11,43.11430025100708
1.1659784604489687e-07,2.1669747593544564e-11,43.121028900146484
1.1647723852092895e-07,2.167356051574476e-11,43.127644538879395
1.1635675889465347e-07,2.1649413164959164e-11,43.13428807258606
1.1623640006064306e-07,2.1627106355781578e-11,43.14194583892822
1.1611605543748738e-07,2.1021601126491873e-11,43.14851760864258
1.1599601634770806e-07,2.1344809600365444e-11,43.155240058898926
1.1587605541762969e-07,2.1441397268784357e-11,43.16187834739685
1.157562294906711e-07,2.1524801038785846e-11,43.16854977607727
1.1563637514200309e-07,2.0905400674453567e-11,43.176164627075195
1.1551682632671145e-07,2.11738907657244e-11,43.182790756225586
1.1539736988197546e-07,2.1248204584711772e-11,43.18949842453003
1.1527791343723948e-07,2.0725789140474404e-11,43.19610857963562
1.1515875542045251e-07,2.108645202891779e-11,43.20276665687561
1.1503966845793911e-07,2.1190778298763036e-11,43.20999455451965
1.149207022876908e-07,2.1255740223491415e-11,43.2166748046875
1.1480184269885285e-07,2.130558750257361e-11,43.22360372543335
1.1468312521856205e-07,2.1323115148574878e-11,43.230215311050415
1.1456451431968162e-07,2.1343917952498792e-11,43.236931562423706
1.1444601710763891e-07,2.1252359247436736e-11,43.2435998916626
1.1432765489871599e-07,2.127365818227478e-11,43.25022315979004
1.1420941348205815e-07,2.1300062408302622e-11,43.256970167160034
1.1409117917082767e-07,2.0635489844655908e-11,43.26354217529297
1.1397323618211885e-07,2.091394939174318e-11,43.270246505737305
1.1385539266939304e-07,2.1041593814552506e-11,43.27721691131592
1.1373765573807759e-07,2.1110280190583808e-11,43.283825635910034
1.1362003249359987e-07,2.1099436434135477e-11,43.29140019416809
1.1350253714681457e-07,2.113281251381327e-11,43.29798936843872
1.1338514838143965e-07,2.110461284898779e-11,43.30471420288086
1.1326777382691944e-07,2.0488425192533022e-11,43.31141424179077
1.1315057690808317e-07,2.0153340801742914e-11,43.31812286376953
1.1303365710091384e-07,2.0648384044252843e-11,43.3253960609436
1.1291679413716338e-07,2.0790548102556095e-11,43.33197784423828
1.1280003775482328e-07,2.0898208510922167e-11,43.338743686676025
1.126833950593209e-07,2.0911890274977196e-11,43.34537172317505
1.1256686605065624e-07,2.0888110685568506e-11,43.35239577293396
1.1245034414741895e-07,2.0309363565895744e-11,43.36052203178406
1.1233410646127595e-07,2.0551962909287624e-11,43.36714720726013
1.122179611456886e-07,2.0671847913988906e-11,43.374852895736694
1.1210195793864841e-07,2.0823726423757627e-11,43.38144278526306
1.1198601868045444e-07,2.077888208718015e-11,43.388211488723755
1.1187021442538025e-07,2.0751884585723523e-11,43.39484357833862
1.1175442438116079e-07,2.0165671216210157e-11,43.40151381492615
1.1163891855403563e-07,2.049195362008316e-11,43.40922665596008
1.1152351930832083e-07,2.0641544029587067e-11,43.41583704948425
1.1140819822230696e-07,2.0715758969336306e-11,43.42257261276245
1.1129299082313082e-07,2.0672722214620798e-11,43.42920279502869
1.1117791132164712e-07,2.0661816008127332e-11,43.435909271240234
1.1106293840157377e-07,2.0608304993063875e-11,43.44328165054321
1.1094810759004758e-07,2.0650103155217536e-11,43.4498827457428
1.1083326967309404e-07,2.0029570016455445e-11,43.456676959991455
1.1071870886780744e-07,2.0241586184965854e-11,43.463279724121094
1.1060424753850384e-07,2.0390628421851353e-11,43.469982862472534
1.1048989989603797e-07,2.0450866694554648e-11,43.47684025764465
1.103755522535721e-07,1.9883964266775855e-11,43.48341417312622
1.1026148172277317e-07,2.019977241030091e-11,43.490280866622925
1.1014749645710253e-07,2.0295315775187284e-11,43.496893882751465
1.1003362487826962e-07,2.0386487636914197e-11,43.50359749794006
1.0991985988084707e-07,2.0423189181495438e-11,43.51059889793396
1.0980609488342452e-07,1.979226331438877e-11,43.51729965209961
1.0969250041625855e-07,1.9491961864015472e-11,43.52482771873474
1.095790551630671e-07,1.9309016191515482e-11,43.53140878677368
1.0946585859983315e-07,1.9835025982795074e-11,43.53817176818848
1.0935273309087279e-07,2.0117060794966335e-11,43.54482626914978
1.0923956494934828e-07,1.9587496555284467e-11,43.55150079727173
1.0912669523577279e-07,1.9925318339719666e-11,43.55894374847412
1.0901388947104351e-07,2.0096778408085214e-11,43.565512895584106
1.089011902877246e-07,2.0113638185548233e-11,43.57226347923279
1.0878859768581606e-07,2.012163352604901e-11,43.578909397125244
1.0867612587617259e-07,2.0144637694063938e-11,43.58556580543518
1.0856366827738384e-07,1.9526573066808162e-11,43.59333252906799
1.0845136699799696e-07,1.9257860930932402e-11,43.59998154640198
1.0833921493258458e-07,1.9084896857313183e-11,43.60673999786377
1.0822731155712972e-07,1.9626954575469036e-11,43.61335873603821
1.0811534423282865e-07,1.921146228212045e-11,43.62005352973938
1.0800365402019452e-07,1.9683086757704693e-11,43.62685990333557
1.078920277564066e-07,1.982044910142644e-11,43.63352060317993
1.0778039438719134e-07,1.931866645821234e-11,43.6411190032959
1.0766891023195058e-07,1.9034248135985088e-11,43.647690534591675
1.075576960829494e-07,1.9512717830405535e-11,43.65444016456604
1.0744641798510202e-07,1.908309101017469e-11,43.661113023757935
1.0733542410434893e-07,1.9518317517785988e-11,43.66776442527771
1.0722450838329678e-07,1.976558153260477e-11,43.67527103424072
1.0711357134596255e-07,1.9272148113480547e-11,43.681869983673096
1.070028901040132e-07,1.9554642627372942e-11,43.68863773345947
1.068923012326195e-07,1.969772608911846e-11,43.696223974227905
1.0678179762635409e-07,1.971804837463953e-11,43.702975034713745
1.0667142191778112e-07,1.9726383720941598e-11,43.710795164108276
1.0656114568519115e-07,1.972060882649007e-11,43.71742796897888
1.0645087655802854e-07,1.9134879444826502e-11,43.72564959526062
1.0634089164796023e-07,1.9426658198762325e-11,43.732274532318115
1.0623099200302022e-07,1.953278337685216e-11,43.739047050476074
1.0612119183406321e-07,1.962411483313886e-11,43.745641231536865
1.0601149114108921e-07,1.961994976207304e-11,43.75238037109375
1.0590179755354256e-07,1.9046594162963615e-11,43.76004076004028
1.0579238107766287e-07,1.9329244801968848e-11,43.7666597366333
1.056830427614841e-07,1.9452668642561122e-11,43.77361512184143
1.0557369733987798e-07,1.8913022190036877e-11,43.780226945877075
1.054646290299388e-07,1.923565126626947e-11,43.78705191612244
1.0535564598512792e-07,1.936606257302298e-11,43.79392147064209
1.0524674820544533e-07,1.941933940041718e-11,43.800565004348755
1.0513796411260046e-07,1.9421355149096264e-11,43.80811285972595
1.0502928660116595e-07,1.9432547584963267e-11,43.814688205718994
1.0492072277656916e-07,1.9420510338763464e-11,43.821470737457275
1.048122726388101e-07,1.9392487615732534e-11,43.828094720840454
1.0470382250105104e-07,1.882083378035304e-11,43.83482360839844
1.0459565658038628e-07,1.9114803490039023e-11,43.84235215187073
1.0448756881942245e-07,1.9187675753817857e-11,43.848963022232056
1.0437956632358691e-07,1.9232643255762127e-11,43.85602831840515
1.0427168462001646e-07,1.927260434575473e-11,43.86261343955994
1.0416391660328372e-07,1.9291686303990474e-11,43.86934804916382
1.0405612727026892e-07,1.8641034896238473e-11,43.87700414657593
1.0394863636520313e-07,1.893779230655035e-11,43.88322138786316
1.0384111703842791e-07,1.8498967982449877e-11,43.88953900337219
1.0373385350703757e-07,1.885529926637375e-11,43.89570236206055
1.0362667524077551e-07,1.9033245465815973e-11,43.902024030685425
1.0351958223964175e-07,1.9050719335389488e-11,43.909525871276855
1.0341247502765327e-07,1.8449020089406076e-11,43.915671586990356
1.0330565913818646e-07,1.8833507670068528e-11,43.92200493812561
1.0319880772158285e-07,1.8391350942170703e-11,43.928218126297
1.0309210551895376e-07,1.8163670220672223e-11,43.934452533721924
1.029855312140171e-07,1.799727901430348e-11,43.94193434715271
1.0287919138818324e-07,1.8547304317384494e-11,43.9480926990509
1.027729155111956e-07,1.8823090655595287e-11,43.95441794395447
1.0266661121249854e-07,1.8319176037229212e-11,43.9606409072876
1.025605698146137e-07,1.8668590978654365e-11,43.96683192253113
1.0245459236557508e-07,1.881110198165281e-11,43.973331451416016
1.0234872860337418e-07,1.8862043871248346e-11,43.97949576377869
1.0224296431715629e-07,1.8913178315149715e-11,43.98576998710632
1.0213729950692141e-07,1.8925945879932904e-11,43.99317288398743
1.0203162759125917e-07,1.830679358105769e-11,43.999327421188354
1.0192611910042615e-07,1.7937032067982805e-11,44.005695104599
1.01820866404978e-07,1.8416735150794672e-11,44.01187062263489
1.0171567765837608e-07,1.863310720995326e-11,44.01811218261719
1.0161057417690245e-07,1.8697427286995527e-11,44.025604248046875
1.0150559148769389e-07,1.8776589658098253e-11,44.0316047668457
1.0140069406361363e-07,1.881004206560899e-11,44.03783202171326
1.01295789534106e-07,1.8138613874785214e-11,44.04400873184204
1.0119116211626533e-07,1.8440559843013737e-11,44.050012826919556
1.0108649917128787e-07,1.7936235829907332e-11,44.056182861328125
1.0098199965113963e-07,1.7737663768335743e-11,44.06226134300232
1.0087762802868383e-07,1.762940834981741e-11,44.068355560302734
1.0077347667447611e-07,1.8171237084474434e-11,44.07568955421448
1.0066926847684954e-07,1.7816128780601126e-11,44.08208775520325
1.0056533028546255e-07,1.8249689953675485e-11,44.08863639831543
1.0046142762121235e-07,1.8406319871044907e-11,44.09521746635437
1.0035762443294516e-07,1.845097165331655e-11,44.101739168167114
1.0025394203694304e-07,1.852805409097158e-11,44.10943269729614
1.0015022411380414e-07,1.792221406005101e-11,44.11596989631653
1.000467975131869e-07,1.821520191624959e-11,44.12258052825928
9.994344196684324e-08,1.8333749449150893e-11,44.12905287742615
9.984016458020051e-08,1.8363466997017852e-11,44.135624408721924
9.973700798582286e-08,1.8383619279638275e-11,44.14407801628113
9.963395086742821e-08,1.840661130458887e-11,44.15110421180725
9.953097901416186e-08,1.833934740180787e-11,44.16010117530823
9.942804268803229e-08,1.778168064181518e-11,44.16944456100464
9.932535505186024e-08,1.8065033843828182e-11,44.177839040756226
9.922274557538913e-08,1.8196813847404236e-11,44.18605375289917
9.912024268032837e-08,1.8274626603642652e-11,44.19442534446716
9.901771846898555e-08,1.7708863889187576e-11,44.202287435531616
9.891535057704459e-08,1.7383284048322345e-11,44.2105278968811
9.881322426963379e-08,1.7829763707122304e-11,44.217687368392944
9.871116901649657e-08,1.8046970168272836e-11,44.22537064552307
9.860908534164992e-08,1.7541738894788494e-11,44.23231649398804
9.850714377535041e-08,1.730945074773782e-11,44.2394232749939
9.840533721217071e-08,1.717337383411177e-11,44.2465603351593
9.830365854668344e-08,1.7099812885112975e-11,44.25332045555115
9.82021930440169e-08,1.7665322329940558e-11,44.26000642776489
9.810067069793149e-08,1.7300190793823056e-11,44.26616907119751
9.799938993637625e-08,1.777499675226224e-11,44.27362871170044
9.789816601823986e-08,1.79290748913985e-11,44.27972960472107
9.779692788924876e-08,1.7380529307442494e-11,44.28660464286804
9.769583186880482e-08,1.7117727374449387e-11,44.29327917098999
9.759497032746367e-08,1.7595912574219774e-11,44.29945921897888
9.749419405125082e-08,1.783310651926051e-11,44.306366205215454
9.739348172388418e-08,1.7920234740564922e-11,44.31236171722412
9.729286176707319e-08,1.7953772149525982e-11,44.31925082206726
9.719234839167257e-08,1.7934599985669486e-11,44.32703447341919
9.709193449225495e-08,1.7934764784399704e-11,44.333945989608765
9.699150638198262e-08,1.7299181184760037e-11,44.34203815460205
9.689135538337723e-08,1.75983585343209e-11,44.349377155303955
9.679118306848977e-08,1.7155598122653437e-11,44.35900259017944
9.669112444044003e-08,1.6899599775133112e-11,44.36668109893799
9.659132160777517e-08,1.737413685143352e-11,44.37440347671509
9.64914690371188e-08,1.7037421820575993e-11,44.38131260871887
9.639175146958223e-08,1.6843828415380457e-11,44.389575481414795
9.629214758888338e-08,1.6727405918737226e-11,44.39668917655945
9.619276397643262e-08,1.7238916891204603e-11,44.404130935668945
9.609344431282807e-08,1.7520214445898574e-11,44.41123819351196
9.599408912208673e-08,1.7058488302468255e-11,44.41897130012512
9.589498262130292e-08,1.7379169284237328e-11,44.427754402160645
9.579594006936532e-08,1.753964508355299e-11,44.435012340545654
9.569698988798336e-08,1.760275779305598e-11,44.44364905357361
9.559813207715706e-08,1.7633292395680122e-11,44.45099496841431
9.549938084774112e-08,1.7636983887237e-11,44.4593141078949
9.540072909430819e-08,1.7627418621990465e-11,44.46656918525696
9.53021697114309e-08,1.7606869087694044e-11,44.47448134422302
9.520361743398098e-08,1.6999252699934075e-11,44.481529235839844
9.51052072650782e-08,1.6662782265086662e-11,44.48903131484985
9.500704578613295e-08,1.7134734603407864e-11,44.49619174003601
9.490883456919619e-08,1.675575823922859e-11,44.50352144241333
9.481085783136223e-08,1.715574383942542e-11,44.51009011268616
9.471296635865656e-08,1.7318929276810557e-11,44.516377687454224
9.461503225338674e-08,1.683229770843564e-11,44.52303862571716
9.451724736209144e-08,1.655087872309835e-11,44.52942085266113
9.441969694989893e-08,1.7007712946326414e-11,44.53592300415039
9.432220338112529e-08,1.722250293767491e-11,44.543710708618164
9.422479507747994e-08,1.728811191425983e-11,44.55019211769104
9.41273512466978e-08,1.6690879581227058e-11,44.55675911903381
9.40301845275826e-08,1.7027629306554104e-11,44.5631468296051
9.393298228133062e-08,1.6594753349252755e-11,44.5697238445282
9.383602872503616e-08,1.6960976026436647e-11,44.57677435874939
9.37391249067332e-08,1.7165239715732916e-11,44.58319091796875
9.364231345898588e-08,1.722070923360075e-11,44.59013247489929
9.354559438179422e-08,1.7259612142273006e-11,44.596521854400635
9.344897478058556e-08,1.7250060754814278e-11,44.603161096572876
9.335246176078726e-08,1.7267088800454466e-11,44.61021542549133
9.325601979526255e-08,1.7221139445022793e-11,44.61665201187134
9.315969862200291e-08,1.718636170877641e-11,44.62339735031128
9.306352666271778e-08,1.746631832222345e-11,44.62975740432739
9.296736891428736e-08,1.7286578418707066e-11,44.636388301849365
9.287133195812203e-08,1.7223047640846367e-11,44.64362406730652
9.277540868879441e-08,1.7159915849385143e-11,44.650089502334595
9.267946410318473e-08,1.6537665334381835e-11,44.65675401687622
9.258374689125048e-08,1.6538071259675213e-11,44.663137435913086
9.248811494444453e-08,1.6529206822712972e-11,44.669620513916016
9.239253984105744e-08,1.6237093267146285e-11,44.67670655250549
9.229713526792693e-08,1.638109266288712e-11,44.68313956260681
9.220186569791622e-08,1.6686586140624016e-11,44.689648151397705
9.210672402559794e-08,1.7152383680052452e-11,44.696038484573364
9.201158235327966e-08,1.7077356889716455e-11,44.70270919799805
9.191654015694439e-08,1.6993521173569448e-11,44.71003007888794
9.182160454201949e-08,1.6968376356785164e-11,44.71643948554993
9.172681814106909e-08,1.7219401252099864e-11,44.72295546531677
9.163205305640076e-08,1.702860075170065e-11,44.72931098937988
9.15372950771598e-08,1.638621530131168e-11,44.73597836494446
9.144275026073956e-08,1.6343400591201096e-11,44.7434504032135
9.134824807688346e-08,1.594524165482447e-11,44.750080823898315
9.125403721554903e-08,1.6719830381317635e-11,44.75775957107544
9.115971266737688e-08,1.6225375210066062e-11,44.76431488990784
9.106555864946131e-08,1.6188517540371983e-11,44.77099013328552
9.09715609509476e-08,1.6471294814190962e-11,44.777443170547485
9.087763430670748e-08,1.6601695712603615e-11,44.783870458602905
9.07837502950315e-08,1.6406159417114985e-11,44.791247844696045
9.068997286476588e-08,1.62973662343191e-11,44.797664642333984
9.059635175390213e-08,1.6505172228953313e-11,44.804763078689575
9.050276617017516e-08,1.6326433260882567e-11,44.811304807662964
9.040928006243121e-08,1.6187705689785226e-11,44.818039894104004
9.031590764152497e-08,1.6126603524790895e-11,44.82538175582886
9.022263469660174e-08,1.6139964365002868e-11,44.83180546760559
9.012946122766152e-08,1.610052716150001e-11,44.83879351615906
9.003638012927695e-08,1.6047701362209565e-11,44.84549617767334
8.994339850687538e-08,1.6048671072632636e-11,44.852561473846436
8.985057320387568e-08,1.6321515319828173e-11,44.860581159591675
8.975774790087598e-08,1.6132824243175747e-11,44.86713624000549
8.966505049556872e-08,1.607405701598008e-11,44.874927043914795
8.957243835538975e-08,1.5982765458333326e-11,44.88134169578552
8.947998964004e-08,1.6268862992885325e-11,44.88813519477844
8.938756934639969e-08,1.6134135694123586e-11,44.894559383392334
8.929529826673388e-08,1.6286019408062735e-11,44.90124297142029
8.920304850335015e-08,1.6057839086203174e-11,44.90915131568909
8.911091953223149e-08,1.5947593939857896e-11,44.915754079818726
8.901889003709584e-08,1.5894502727875626e-11,44.922508239746094
8.892701686136206e-08,1.6172835640149152e-11,44.928934812545776
8.8835157896483e-08,1.5965031380238415e-11,44.935619831085205
8.874341261844165e-08,1.585475847831752e-11,44.943867683410645
8.865181655437482e-08,1.6125326768312576e-11,44.951887369155884
8.856024180659006e-08,1.594057698339757e-11,44.95955681800842
8.846878785107037e-08,1.5863069538490926e-11,44.96629619598389
8.83774333715337e-08,1.5824057342239684e-11,44.9743869304657
8.828616415712531e-08,1.572315888598297e-11,44.981422662734985
8.819500152412729e-08,1.571400475020024e-11,44.98828744888306
8.810393836711228e-08,1.571911004139004e-11,44.99501299858093
8.801301731864442e-08,1.5964387797828827e-11,45.001713275909424
8.792211048103127e-08,1.581548260409793e-11,45.00943732261658
8.783130311940113e-08,1.5691998048183997e-11,45.01625895500183
8.774061655003607e-08,1.567005900038332e-11,45.022867918014526
8.765007208921816e-08,1.5956545112993936e-11,45.029261350631714
8.755954183925496e-08,1.5728373464751755e-11,45.035895586013794
8.746916080326628e-08,1.5916075749022873e-11,45.04350233078003
8.737882239984174e-08,1.574810594429099e-11,45.050262212753296
8.728857636697285e-08,1.557877264690699e-11,45.057804107666016
8.719849375893318e-08,1.584902001305899e-11,45.064172983169556
8.710843246717559e-08,1.567223954779262e-11,45.070980072021484
8.701848486225572e-08,1.5579306941737592e-11,45.08420920372009
8.692862252246414e-08,1.5543203876755562e-11,45.09494876861572
8.683887386951028e-08,1.5474135861559546e-11,45.10452365875244
8.674926021967622e-08,1.573517531550106e-11,45.119298696517944
8.665972472954309e-08,1.5855502674688715e-11,45.12852454185486
8.657021055569203e-08,1.5618929760652378e-11,45.1368932723999
8.648081006867869e-08,1.5478186440875952e-11,45.14467430114746
8.6391501952221e-08,1.5403284550630225e-11,45.152297019958496
8.63023146280284e-08,1.5418560525559677e-11,45.15950155258179
8.621321256896408e-08,1.5363595812223352e-11,45.166019439697266
8.612419577502806e-08,1.5339807549197282e-11,45.17251634597778
8.603527135164768e-08,1.5295029132111893e-11,45.179222106933594
8.594649614224181e-08,1.554990511354326e-11,45.185749769210815
8.58577280382633e-08,1.537846412713595e-11,45.19323706626892
8.576908072654987e-08,1.530562829255011e-11,45.201793909072876
8.568053289081945e-08,1.5293882479894272e-11,45.20994758605957
8.559208453107203e-08,1.5303633360552737e-11,45.21618103981018
8.550371433102555e-08,1.5247705875687245e-11,45.22250533103943
8.541548623952622e-08,1.5484757573402952e-11,45.22934937477112
8.53272723588816e-08,1.5302236908154576e-11,45.23668646812439
8.52391721650747e-08,1.5213694887217244e-11,45.24394631385803
8.515116434182346e-08,1.5179916351693024e-11,45.250364780426025
8.506325599455522e-08,1.51567456502244e-11,45.25783157348633
8.497544001784263e-08,1.5109828319093133e-11,45.264280557632446
8.488775904424983e-08,1.535290297671743e-11,45.2710382938385
8.480009938693911e-08,1.522483354665649e-11,45.27803421020508
8.471255341646611e-08,1.5138452991170226e-11,45.284464597702026
8.46250927111214e-08,1.5091402086331307e-11,45.292593479156494
8.453772437633233e-08,1.505666077927792e-11,45.29903793334961
8.445044841209892e-08,1.4998904895868748e-11,45.305556535720825
8.436327902927587e-08,1.5017929608229785e-11,45.312453508377075
8.427623754414526e-08,1.5284214865962653e-11,45.31920385360718
8.418921737529672e-08,1.5113146845102676e-11,45.32646822929382
8.410228247157647e-08,1.5015946819296744e-11,45.33308672904968
8.401545414926659e-08,1.4930693834069864e-11,45.340179443359375
8.392878214635857e-08,1.5196054484190036e-11,45.34743905067444
8.384216698686942e-08,1.5303043554570905e-11,45.354596853256226
8.375564419793591e-08,1.5386830698460585e-11,45.36154842376709
8.366914272528447e-08,1.5148418977539713e-11,45.36829471588135
8.358274072861605e-08,1.497814719475521e-11,45.37619471549988
8.349645241878534e-08,1.4927087343963308e-11,45.38300704956055
8.341024937408292e-08,1.4837358772168407e-11,45.389557123184204
8.332415291079087e-08,1.4830496206097443e-11,45.3961443901062
8.323819855604597e-08,1.5111837128878314e-11,45.40282440185547
8.315225841215579e-08,1.495437974841085e-11,45.41013765335083
8.30664035333939e-08,1.4859868543992683e-11,45.41668748855591
8.298065523604237e-08,1.4803132677987385e-11,45.423389196395874
8.289499220381913e-08,1.4740297524240553e-11,45.430203676223755
8.280942154215154e-08,1.4715150972732793e-11,45.436814308166504
8.272395746189432e-08,1.472614391540006e-11,45.443957567214966
8.263856443591067e-08,1.4694736746867498e-11,45.45092058181763
8.255325667505531e-08,1.4645853974037948e-11,45.45875954627991
8.24680412847556e-08,1.462066752389024e-11,45.46524357795715
8.23829253704389e-08,1.459404298798095e-11,45.47187304496765
8.229789472125049e-08,1.4565439132585567e-11,45.478830337524414
8.221294933719037e-08,1.4565810363409426e-11,45.4853675365448
8.21280963236859e-08,1.4583024024461544e-11,45.49301052093506
8.204337831330122e-08,1.4857380950528132e-11,45.49951457977295
8.19586674083439e-08,1.467206391103648e-11,45.506110191345215
8.18740701902243e-08,1.4584557520014307e-11,45.51292371749878
8.178955113180564e-08,1.456918960474063e-11,45.519556283950806
8.170512444394262e-08,1.4508794339562758e-11,45.526790380477905
8.162080433748997e-08,1.4496396270879952e-11,45.533273220062256
8.153656239073825e-08,1.449611264359163e-11,45.54005694389343
8.145240570911483e-08,1.4476293427878595e-11,45.54696488380432
8.136834139804705e-08,1.447924939668166e-11,45.55357837677002
8.128441209009907e-08,1.4722308441794674e-11,45.56059694290161
8.120048278215108e-08,1.4525308907054058e-11,45.56713247299194
8.111666005561347e-08,1.4455785526945597e-11,45.574448108673096
8.103300075390507e-08,1.4719777480243224e-11,45.580894470214844
8.094939119018818e-08,1.4820079191624203e-11,45.58747982978821
8.086580294275336e-08,1.4588455443664827e-11,45.594441175460815
8.078232838215627e-08,1.4436598617939556e-11,45.60093975067139
8.069899593010632e-08,1.464656000649267e-11,45.608368158340454
8.06157274269026e-08,1.4733306588632367e-11,45.614813566207886
8.05324873454083e-08,1.4507679779729443e-11,45.621416330337524
8.044936095075172e-08,1.4391014421799575e-11,45.62836503982544
8.03663269266508e-08,1.4308340103019734e-11,45.63491892814636
8.028337106225081e-08,1.4243339147013145e-11,45.642149448394775
8.020051467383382e-08,1.4242887251547653e-11,45.6489531993866
8.011775776139984e-08,1.422245481108586e-11,45.65557312965393
8.003506479781208e-08,1.4191002539742925e-11,45.66240334510803
7.995246420477997e-08,1.4152993013660797e-11,45.6691529750824
7.986996308773087e-08,1.4167796276443045e-11,45.676910400390625
7.978753302495534e-08,1.414729618176569e-11,45.68368220329285
7.970519533273546e-08,1.4155220398603952e-11,45.69126319885254
7.962299264363537e-08,1.4419033675383552e-11,45.697816371917725
7.954079705996264e-08,1.4245534439571994e-11,45.70460772514343
7.945870805770028e-08,1.4184620492074806e-11,45.711464405059814
7.937669721513885e-08,1.4111570419139685e-11,45.71813201904297
7.929477874313307e-08,1.4061295530720663e-11,45.72536826133728
7.921295264168293e-08,1.4079330583338656e-11,45.73212671279907
7.913119759450638e-08,1.4022308487959823e-11,45.73869276046753
7.904954202331282e-08,1.3990701826227525e-11,45.74551510810852
7.896797171724756e-08,1.4015126732769279e-11,45.7521390914917
7.888647957088324e-08,1.396343197318517e-11,45.75962209701538
7.880506558421985e-08,1.3931448009096847e-11,45.76620292663574
7.872375817896682e-08,1.3948145589914862e-11,45.77274298667908
7.864252182798737e-08,1.3908793387862328e-11,45.77944302558899
7.856142048012771e-08,1.4190656462409468e-11,45.786136865615845
7.848032623769541e-08,1.402978601350302e-11,45.79344940185547
7.839933147124611e-08,1.3939603811519152e-11,45.801106691360474
7.831842907535247e-08,1.3887333123741019e-11,45.80935740470886
7.823761194458712e-08,1.3855069869173064e-11,45.81633186340332
7.81568729735227e-08,1.3830802822467625e-11,45.823002338409424
7.807628321643278e-08,1.4113411828109435e-11,45.8297975063324
7.799568635391552e-08,1.3951987135052413e-11,45.8364417552948
7.791518896738125e-08,1.3848986193942814e-11,45.84372115135193
7.783479105683e-08,1.3815044594411852e-11,45.85135340690613
7.775447841140704e-08,1.3784666116900546e-11,45.85935091972351
7.7674243925685e-08,1.3770274850943842e-11,45.86595058441162
7.759409470509127e-08,1.3758637458505252e-11,45.87264823913574
7.751403785505318e-08,1.3719243623089294e-11,45.879586696624756
7.74340449538613e-08,1.3692208825077934e-11,45.88670516014099
7.735415152865244e-08,1.3674564085242036e-11,45.89404654502869
7.727434336857186e-08,1.3673788663848274e-11,45.90058088302612
7.719461336819222e-08,1.3653728321572078e-11,45.90804362297058
7.711496152751351e-08,1.3636289146468084e-11,45.91455006599426
7.70353949519631e-08,1.3641974702660598e-11,45.92131972312927
7.695591364154097e-08,1.3614755156599045e-11,45.92828321456909
7.687651049081978e-08,1.3635973426795456e-11,45.93500018119812
7.679719260522688e-08,1.3610342887437898e-11,45.94271159172058
7.671795287933492e-08,1.3589970294936027e-11,45.94923114776611
7.663879131314388e-08,1.3547106145206378e-11,45.955902099609375
7.65597221175085e-08,1.3532066960031397e-11,45.96290421485901
7.648073108157405e-08,1.3511539109778425e-11,45.969467639923096
7.640182531076789e-08,1.3501227046075481e-11,45.97684192657471
7.632299769966266e-08,1.3482752241056328e-11,45.983365535736084
7.624424824825837e-08,1.3458518154096932e-11,45.99019932746887
7.616558406198237e-08,1.3432498169319018e-11,45.997082471847534
7.608700514083466e-08,1.3415976662933815e-11,46.003682136535645
7.600850437938789e-08,1.3438657305020474e-11,46.01074695587158
7.593009598849676e-08,1.3448004862470775e-11,46.01723527908325
7.58517444410245e-08,1.340434967883608e-11,46.02453660964966
7.577349947496259e-08,1.341229644707953e-11,46.03098964691162
7.569533266860162e-08,1.3415322672183372e-11,46.03757619857788
7.561722981108687e-08,1.3388366804090168e-11,46.04452610015869
7.553926906211927e-08,1.3653130709334604e-11,46.051042556762695
7.546130831315168e-08,1.3496956156877626e-11,46.05841255187988
7.538343993473973e-08,1.3395621417666703e-11,46.06481099128723
7.530566392688343e-08,1.3316417413200554e-11,46.07145595550537
7.522796607872806e-08,1.3289282868589325e-11,46.07859182357788
7.51503677065557e-08,1.3289796346738214e-11,46.08590626716614
7.507283328322956e-08,1.3275636666365553e-11,46.09340953826904
7.49953841250317e-08,1.3247162047869132e-11,46.10023379325867
7.49180273373895e-08,1.327677637968927e-11,46.10781979560852
7.484072739316616e-08,1.3250746853932238e-11,46.11428356170654
7.476351981949847e-08,1.319879275318847e-11,46.12105751037598
7.468639751095907e-08,1.3197130888098485e-11,46.127933740615845
7.46093533621206e-08,1.320279909705624e-11,46.13465738296509
7.453244421640193e-08,1.3503388511526548e-11,46.14216327667236
7.445552085982854e-08,1.3345198210390485e-11,46.14866590499878
7.437869697923816e-08,1.3221423088294326e-11,46.15585017204285
7.430202231262228e-08,1.3490000783100697e-11,46.16278076171875
7.42253334351517e-08,1.3275641870535981e-11,46.16956400871277
7.414874403366412e-08,1.3160922004984421e-11,46.17686152458191
7.407225410815954e-08,1.3106616486568967e-11,46.18368077278137
7.39958423423559e-08,1.3072350493747997e-11,46.191789627075195
7.391950163082583e-08,1.302805866659762e-11,46.19844460487366
7.384325328985142e-08,1.3050702012129545e-11,46.205509424209595
7.376708310857794e-08,1.3024813866335805e-11,46.212379932403564
7.369099108700539e-08,1.3027491412020975e-11,46.219247341156006
7.361502696312527e-08,1.3315758218279683e-11,46.227020025253296
7.353906283924516e-08,1.3148900371295902e-11,46.233906984329224
7.34631910859207e-08,1.3064844345267446e-11,46.24179720878601
7.338740459772453e-08,1.3003283345913719e-11,46.24869108200073
7.331169626922929e-08,1.2945174446277186e-11,46.25554299354553
7.32360803112897e-08,1.296460161448465e-11,46.26221179962158
7.316053540762368e-08,1.292190139612348e-11,46.269747495651245
7.30850686636586e-08,1.2880213388910544e-11,46.276981592178345
7.300968007939446e-08,1.286149312051954e-11,46.28375720977783
7.293441939282275e-08,1.3157742256852956e-11,46.29178190231323
7.28591658116784e-08,1.299692731909774e-11,46.298800468444824
7.278400460108969e-08,1.2915233986443564e-11,46.305680990219116
7.270892155020192e-08,1.2867089338453042e-11,46.31259846687317
7.263391665901509e-08,1.281439537814677e-11,46.31940150260925
7.255904677094804e-08,1.306902936565324e-11,46.326807260513306
7.248418398830836e-08,1.2938998830702708e-11,46.333725690841675
7.240940647079697e-08,1.283760597825534e-11,46.34172034263611
7.233470711298651e-08,1.2780995012340313e-11,46.34854507446289
7.22601001257317e-08,1.274300890502511e-11,46.35555100440979
7.218557129817782e-08,1.2733562468336679e-11,46.36238408088684
7.211112063032488e-08,1.2727765022479964e-11,46.37022018432617
7.203674101674551e-08,1.2725866367635508e-11,46.37724542617798
7.196244666829443e-08,1.272380031197562e-11,46.384124994277954
7.188822337411693e-08,1.2697147153128974e-11,46.39182901382446
7.181407823964037e-08,1.2712017202765047e-11,46.39857053756714
7.174001126486473e-08,1.2685016231861468e-11,46.40542006492615
7.166601534436268e-08,1.2660501987060702e-11,46.412291049957275
7.159210468898891e-08,1.2663299228665714e-11,46.4191677570343
7.151826508788872e-08,1.264881342027957e-11,46.42683243751526
7.144450364648947e-08,1.2644592838062518e-11,46.43357849121094
7.137081325936379e-08,1.2581259818678081e-11,46.44130849838257
7.129719392651168e-08,1.2554382013141296e-11,46.44864082336426
7.122366696421523e-08,1.2559313831983498e-11,46.45616674423218
7.115021105619235e-08,1.2545339767022767e-11,46.46339964866638
7.107682620244304e-08,1.25222662100688e-11,46.47051119804382
7.100352661382203e-08,1.2516521673278103e-11,46.47762322425842
7.093029097404724e-08,1.2487037445718663e-11,46.48480463027954
7.085714059940074e-08,1.249457568658352e-11,46.49258780479431
7.078406838445517e-08,1.247099472301283e-11,46.499523639678955
7.071106722378317e-08,1.2459075438009393e-11,46.50848031044006
7.063813711738476e-08,1.243160175495861e-11,46.5153169631958
7.056529227611463e-08,1.2395359044736765e-11,46.52259683609009
7.049251848911808e-08,1.2406471683323872e-11,46.52974987030029
7.041982286182247e-08,1.2382345149219987e-11,46.53667688369751
7.034719828880043e-08,1.2390829681740989e-11,46.54431748390198
7.027465898090668e-08,1.2412303823650106e-11,46.550893783569336
7.020217651643179e-08,1.2387512023093183e-11,46.55856919288635
7.01297793170852e-08,1.2362401900778419e-11,46.565105676651
7.005746027743953e-08,1.2347925633371393e-11,46.572086572647095
6.998521229206744e-08,1.2335857162149022e-11,46.57972836494446
6.991303536096893e-08,1.2316382289045968e-11,46.586625814437866
6.984094369499871e-08,1.2315958149156092e-11,46.5936803817749
6.976891597787471e-08,1.2282972382260393e-11,46.60048151016235
6.9696973525879e-08,1.2301515708856847e-11,46.60830616950989
6.962509502272951e-08,1.2287773229480159e-11,46.61501717567444
6.95532875738536e-08,1.2262196466550357e-11,46.62193441390991
6.948157249553333e-08,1.2238482796633754e-11,46.62893009185791
6.940991426063192e-08,1.22273554128971e-11,46.635570764541626
6.933834129085881e-08,1.2203522047060655e-11,46.64311742782593
6.926683937535927e-08,1.2201893141716713e-11,46.650442361831665
6.919541561956066e-08,1.2193519631498173e-11,46.65781092643738
6.912406291803563e-08,1.2186905998246012e-11,46.664244174957275
6.905272442736532e-08,1.1876707083080529e-11,46.67109942436218
6.898154225609687e-08,1.2004910086849119e-11,46.678529500961304
6.8910431139102e-08,1.2098860975584547e-11,46.68671226501465
6.883937686552599e-08,1.209484942754635e-11,46.694985151290894
6.876840075165092e-08,1.2135804514090687e-11,46.70230436325073
6.86974814811947e-08,1.2115827438541338e-11,46.71056914329529
6.862664747586678e-08,1.2084619763208515e-11,46.71797275543213
6.855588452481243e-08,1.2102738082553355e-11,46.725497245788574
6.848519973345901e-08,1.209812198338378e-11,46.732189893722534
6.841452915296031e-08,1.1765317019241106e-11,46.739821672439575
6.834400778643612e-08,1.1898577609303906e-11,46.74705147743225
6.82735432633308e-08,1.1943265820768545e-11,46.75405812263489
6.820314979449904e-08,1.1970468886957075e-11,46.761186599731445
6.813283448536822e-08,1.1981447951836532e-11,46.768381118774414
6.806257601965626e-08,1.1978614281038524e-11,46.77599501609802
6.799239571364524e-08,1.1943585009888125e-11,46.783193588256836
6.792229356733515e-08,1.1940251738729035e-11,46.792375326156616
6.785226247529863e-08,1.197379955603095e-11,46.80058693885803
6.778230243753569e-08,1.1962233287254875e-11,46.80839395523071
6.771241345404633e-08,1.1925346127261705e-11,46.81487846374512
6.764259552483054e-08,1.1920074302618211e-11,46.82202625274658
6.757284864988833e-08,1.1897518560621823e-11,46.828452587127686
6.750317282921969e-08,1.1870254779111633e-11,46.83549237251282
6.743357516825199e-08,1.1865786998799255e-11,46.843531370162964
6.736404145613051e-08,1.1847244539564539e-11,46.850433111190796
6.729458590370996e-08,1.1844597351540198e-11,46.858442306518555
6.722520851099034e-08,1.1832606942874246e-11,46.86507058143616
6.715589506711694e-08,1.1832246987752981e-11,46.87257647514343
6.708665978294448e-08,1.1830200881413067e-11,46.87941288948059
6.701749555304559e-08,1.181224475871323e-11,46.886385440826416
6.694839527199292e-08,1.179286356067788e-11,46.89381814002991
6.687935893978647e-08,1.1748217849938403e-11,46.9008948802948
6.681041497813567e-08,1.1756561869857851e-11,46.909026861190796
6.674152785990373e-08,1.1731122150082651e-11,46.91573357582092
6.667271890137272e-08,1.1737230111441566e-11,46.923060178756714
6.660398099711529e-08,1.1722756446119753e-11,46.93256616592407
6.653531414713143e-08,1.1724289941672517e-11,46.941301345825195
6.646671124599379e-08,1.1700855562235546e-11,46.94818639755249
6.639819360998445e-08,1.1693298239412453e-11,46.95512366294861
6.632973281739396e-08,1.1646228252615298e-11,46.96234917640686
6.626135728993177e-08,1.165404925340674e-11,46.96998357772827
6.619303150046107e-08,1.1639281552455749e-11,46.977073669433594
6.612479097611867e-08,1.1627010985948427e-11,46.98418426513672
6.605661440062249e-08,1.161050856152146e-11,46.99225163459778
6.598851598482725e-08,1.1599948432361451e-11,46.9997935295105
6.592048862330557e-08,1.1590791694493507e-11,47.006799936294556
6.585253231605748e-08,1.1563605108177999e-11,47.01364707946777
6.57846399576556e-08,1.1554671282276718e-11,47.020586013793945
6.571682575895466e-08,1.1561196444631605e-11,47.02742123603821
6.564907550909993e-08,1.156546299702077e-11,47.0349907875061
6.558133947009992e-08,1.122460631386435e-11,47.04276132583618
6.551375975050178e-08,1.1370902483487377e-11,47.04945993423462
6.54462368743225e-08,1.145853897877025e-11,47.05651021003723
6.537877794698943e-08,1.1489256594721109e-11,47.0638861656189
6.531138296850258e-08,1.1488234842593759e-11,47.070801973342896
6.524405193886196e-08,1.1469652484719095e-11,47.077669620513916
6.517678485806755e-08,1.1432546749567951e-11,47.08441734313965
6.510960304240143e-08,1.1443892708462577e-11,47.09256625175476
6.504247807015417e-08,1.1437954750004309e-11,47.09918832778931
6.497543125760785e-08,1.1406135584646204e-11,47.106017112731934
6.49084554993351e-08,1.1418983814071026e-11,47.113078117370605
6.484154368990858e-08,1.1394195482961056e-11,47.12031412124634
6.477470293475562e-08,1.1410107234044453e-11,47.12738656997681
6.470792612844889e-08,1.1383666578823615e-11,47.13468265533447
6.464122037641573e-08,1.1381284803491099e-11,47.14231038093567
6.457458567865615e-08,1.134925139978371e-11,47.14901089668274
6.450801492974279e-08,1.1319548597066298e-11,47.15582871437073
6.444152944595771e-08,1.129989851689217e-11,47.162921667099
6.437509370016414e-08,1.1305760147517496e-11,47.16974878311157
6.430872900864415e-08,1.1279664702268377e-11,47.176873207092285
6.424244247682509e-08,1.1297905319618273e-11,47.18330931663513
6.417621989385225e-08,1.1269964128590715e-11,47.190178871154785
6.411007547058034e-08,1.1262780638676695e-11,47.196643114089966
6.404399499615465e-08,1.1249231580967578e-11,47.20342707633972
6.397797847057518e-08,1.1250346140800893e-11,47.21028017997742
6.391203299926929e-08,1.1251476313145492e-11,47.21672582626343
6.384615147680961e-08,1.1222886335537918e-11,47.22450923919678
6.378034100862351e-08,1.1215944839548797e-11,47.23198080062866
6.371458738385627e-08,1.118091470103666e-11,47.23898696899414
6.364886218079846e-08,1.0884485153461743e-11,47.245593309402466
6.358328619171516e-08,1.1000852138953743e-11,47.25243401527405
6.3517752835196e-08,1.106070963985406e-11,47.26036858558655
6.345229763837779e-08,1.109540237465012e-11,47.267112493515015
6.338689928497843e-08,1.1101006398839264e-11,47.2747859954834
6.332156488042529e-08,1.1108496934808532e-11,47.281803131103516
6.325629442471836e-08,1.1093521067040424e-11,47.288733959198
6.319110212871237e-08,1.1101011603009692e-11,47.29544758796692
6.312596667612524e-08,1.1080969475329994e-11,47.30270528793335
6.306089517238433e-08,1.1067447305834754e-11,47.310386419296265
6.2995894722917e-08,1.1031146482376464e-11,47.317014932632446
6.293096532772324e-08,1.1034349649274855e-11,47.32480978965759
6.28660998813757e-08,1.1015653667012515e-11,47.331247091293335
6.280130548930174e-08,1.1011847683706222e-11,47.338183641433716
6.273658925692871e-08,1.102367155891848e-11,47.34476113319397
6.267192986797454e-08,1.1020122314686631e-11,47.352014780044556
6.260733442786659e-08,1.0992006783949737e-11,47.35991382598877
6.254280293660486e-08,1.0980696386886368e-11,47.36649441719055
6.24783424996167e-08,1.0984574361216914e-11,47.3735146522522
6.241395311690212e-08,1.0959128569909549e-11,47.38030552864075
6.234956373418754e-08,1.0622595685017e-11,47.3870964050293
6.228528093288332e-08,1.0473114563092079e-11,47.39384937286377
6.22211331346989e-08,1.0713417132601766e-11,47.40028738975525
6.215697112565977e-08,1.0497565490485972e-11,47.407971143722534
6.209293701431307e-08,1.0703941205614242e-11,47.414437770843506
6.202896685181258e-08,1.0821071469435672e-11,47.421058654785156
6.196505353273096e-08,1.0852938339689366e-11,47.42761850357056
6.190114021364934e-08,1.0564221372688642e-11,47.43408799171448
6.183736900311487e-08,1.0705561437340805e-11,47.44167971611023
6.177364753057191e-08,1.077951096439822e-11,47.44831132888794
6.170994737431101e-08,1.0507496782385939e-11,47.4550621509552
6.164637511574256e-08,1.0655707219364707e-11,47.461668729782104
6.15828028571741e-08,1.0433287914168865e-11,47.46831703186035
6.151931586373394e-08,1.034620479567483e-11,47.475911378860474
6.145591413542206e-08,1.0271740923106787e-11,47.48320150375366
6.139262609394791e-08,1.0529971859740694e-11,47.491204500198364
6.13293806850379e-08,1.0659177533678399e-11,47.497605323791504
6.12661352761279e-08,1.042060014666557e-11,47.504233837127686
6.120303197576504e-08,1.06028389193491e-11,47.51071834564209
6.113992156997483e-08,1.0406824707542839e-11,47.517220973968506
6.107695327273177e-08,1.0589016642692517e-11,47.52507519721985
6.1013970764634e-08,1.0334876184014963e-11,47.531590938568115
6.095112325965601e-08,1.0521450030664958e-11,47.53814506530762
6.08883325980969e-08,1.0604734972108343e-11,47.545010566711426
6.082552772568306e-08,1.032164891751064e-11,47.551673412323
6.076288627809845e-08,1.0505213018929815e-11,47.558842420578
6.070028746307798e-08,1.0597539339129991e-11,47.56520390510559
6.063773838604902e-08,1.0615581330641888e-11,47.57187104225159
6.057525325786628e-08,1.0638783257133078e-11,47.578421115875244
6.051283207852975e-08,1.0623480393989748e-11,47.58525633811951
6.045047484803945e-08,1.0607015266117514e-11,47.59267449378967
6.038818156639536e-08,1.0619330068073474e-11,47.59909963607788
6.032589539017863e-08,1.0292673831291399e-11,47.6058235168457
6.026375842793641e-08,1.0430593888610673e-11,47.61251497268677
6.020167120368569e-08,1.0502467819029082e-11,47.61910915374756
6.013964792828119e-08,1.0542433245830374e-11,47.62636947631836
6.00776743908682e-08,1.0552439130839808e-11,47.63283920288086
6.001576480230142e-08,1.0535565475588982e-11,47.63939595222473
5.995392626800822e-08,1.0531985006334565e-11,47.64598321914673
5.989213747170652e-08,1.0511361746290415e-11,47.65278196334839
5.983042683510575e-08,1.0482856770133164e-11,47.660197019577026
5.976878014735121e-08,1.050342191694087e-11,47.666629791259766
5.970719030301552e-08,1.045892365769685e-11,47.67318296432495
5.96456075641072e-08,1.012986396153881e-11,47.679657220840454
5.9584174039173377e-08,1.0278004142216801e-11,47.68658232688904
5.952279380494474e-08,1.0358629752571513e-11,47.693801403045654
5.9461466861421286e-08,1.0381028502093326e-11,47.70023274421692
5.940014347061151e-08,1.0109366468946668e-11,47.70687985420227
5.9338972846489924e-08,1.0248236287369039e-11,47.71333146095276
5.9277837749505125e-08,1.0309043549372454e-11,47.720016956329346
5.921677015408022e-08,1.0338030778656027e-11,47.726996183395386
5.915570255865532e-08,1.0052516111191956e-11,47.733622789382935
5.909478417720493e-08,1.0239782979870604e-11,47.741198778152466
5.903390842831868e-08,1.0306185592445782e-11,47.74789333343506
5.897308241742394e-08,1.0316148109368317e-11,47.75451111793518
5.8912316802661735e-08,1.0307218620275727e-11,47.761059284210205
5.885162224217311e-08,1.0328757814315193e-11,47.76755666732788
5.879093123439816e-08,1.0004236154770307e-11,47.77521014213562
5.873038233517036e-08,1.0153994832451385e-11,47.781747341156006
5.866987962122039e-08,1.0226520151535023e-11,47.788320779800415
5.8609440856116635e-08,1.0247133870600056e-11,47.79487228393555
5.8549051829004384e-08,1.0265174127388477e-11,47.80153846740723
5.848872675073835e-08,1.0224923338575387e-11,47.80885171890259
5.842841943604071e-08,9.95486072047358e-12,47.81543231010437
5.836825067717655e-08,1.011624291280544e-11,47.8219940662384
5.830812099816285e-08,1.016741118381459e-11,47.82852864265442
5.824805526799537e-08,1.0188438634428643e-11,47.83500623703003
5.818803927581939e-08,1.017333092767636e-11,47.8426947593689
5.8128083679775955e-08,1.0165623551272596e-11,47.84928798675537
5.8068199138006094e-08,1.0168827585532725e-11,47.856101989746094
5.800831814894991e-08,9.861170040259548e-12,47.86268472671509
5.794857926844088e-08,9.999234079627328e-12,47.869462728500366
5.788884038793185e-08,9.77772290217116e-12,47.87704825401306
5.7829229405115257e-08,9.954146881763215e-12,47.88355255126953
5.7769668160290166e-08,1.00409845368854e-11,47.89138078689575
5.77101531007429e-08,1.0076344272857973e-11,47.897745847702026
5.765070554275553e-08,1.0092989811971709e-11,47.90468072891235
5.7591311275473345e-08,1.0096728141062439e-11,47.911290884017944
5.753197385161002e-08,1.0086785573459878e-11,47.91884446144104
5.747271103473395e-08,1.0090797121498074e-11,47.92687368392944
5.74134944031357e-08,1.0065167449502255e-11,47.93379807472229
5.735434882581103e-08,1.0064773667273208e-11,47.94195055961609
5.729525653919154e-08,1.0035911338079906e-11,47.94865965843201
5.7236182016140447e-08,9.744315597470798e-12,47.95557737350464
5.717723894349547e-08,9.868677056101838e-12,47.962146520614624
5.711834916155567e-08,9.946923493209248e-12,47.96893858909607
5.7059455826902195e-08,9.65847107153861e-12,47.97657036781311
5.700070460079587e-08,9.833564518224591e-12,47.983200788497925
5.6941992454540014e-08,9.901915225263291e-12,47.98980474472046
5.6883340704416696e-08,9.932867896245146e-12,47.99652314186096
5.682474224499856e-08,9.937318329322764e-12,48.00343060493469
5.676621128714032e-08,9.942187698119831e-12,48.01064610481262
5.670772296184623e-08,9.941154670289887e-12,48.017821073532104
5.664930924353939e-08,9.943885125041074e-12,48.02552318572998
5.659094526322406e-08,9.90038086234879e-12,48.032020807266235
5.653264523175494e-08,9.879452290972868e-12,48.03861403465271
5.647441270184572e-08,9.878304771393509e-12,48.045631647109985
5.641618372465018e-08,9.589305044466201e-12,48.05258631706238
5.635804356529661e-08,9.447610228863201e-12,48.06030821800232
5.63000277509218e-08,9.654170692041664e-12,48.06681776046753
5.6242043910970096e-08,9.742985064564724e-12,48.07355499267578
5.6184116914437254e-08,9.783245394356932e-12,48.08075785636902
5.612624676132327e-08,9.805461130552029e-12,48.087451219558716
5.6068429898914474e-08,9.809710335706434e-12,48.09399962425232
5.6010669879924535e-08,9.795669483891878e-12,48.10056662559509
5.595292051907563e-08,9.490245395094021e-12,48.10788345336914
5.589531681948756e-08,9.650702979813186e-12,48.11494851112366
5.5837695356331096e-08,9.403730398538368e-12,48.12192106246948
5.57801627110166e-08,9.299402393969647e-12,48.128589391708374
5.5722750857967185e-08,9.551730933976543e-12,48.13511347770691
5.56653674266272e-08,9.667920977673994e-12,48.142756938934326
5.5608037285992395e-08,9.689841810878175e-12,48.14953947067261
5.5550756883349095e-08,9.700048923810822e-12,48.1564257144928
5.549354042955201e-08,9.70097700087047e-12,48.163010358810425
5.543632752846861e-08,9.409126255910394e-12,48.169718503952026
5.537925673593236e-08,9.564200126321865e-12,48.17693376541138
5.5322217917819216e-08,9.606261966443874e-12,48.18404698371887
5.526524304855229e-08,9.661772250313394e-12,48.19129395484924
5.520832146999055e-08,9.66237766880651e-12,48.19771862030029
5.515145318213399e-08,9.64759695742945e-12,48.20443534851074
5.5094638184982614e-08,9.603165485039256e-12,48.211005210876465
5.503784095139963e-08,9.33397716756934e-12,48.21754050254822
5.498117872093644e-08,9.480844061215965e-12,48.22501254081726
5.49245591230374e-08,9.549168747402526e-12,48.23148989677429
5.486794307785203e-08,9.282352664286009e-12,48.238187074661255
5.4811454930359105e-08,9.449919145809726e-12,48.24475073814392
5.475500941543032e-08,9.504846562591318e-12,48.25147604942322
5.46985710059289e-08,9.237798893890758e-12,48.25876188278198
5.464220720341473e-08,9.106707575534667e-12,48.26522350311279
5.4585974851306673e-08,9.345842676145022e-12,48.27191734313965
5.452971407748919e-08,9.146421467431942e-12,48.27847146987915
5.4473535016086316e-08,9.03755369152659e-12,48.28516888618469
5.4417473194234844e-08,9.286065839886337e-12,48.29254961013794
5.436144334680648e-08,9.398786436631834e-12,48.29905128479004
5.43054667900833e-08,9.472310956437635e-12,48.30563020706177
5.4249536418637945e-08,9.47238641690884e-12,48.31220769882202
5.419366289061145e-08,9.483197213611128e-12,48.31875252723694
5.4137842653290136e-08,9.449593885157981e-12,48.326316833496094
5.408208636481504e-08,9.447008279817037e-12,48.332804918289185
5.402638336704513e-08,9.44472625108439e-12,48.339393615722656
5.3970740765407754e-08,9.44871871716435e-12,48.34597706794739
5.391510171648406e-08,9.139002922486927e-12,48.35317659378052
5.385959767068016e-08,9.288341797086819e-12,48.36072087287903
5.380414691558144e-08,9.358337021980745e-12,48.36750912666321
5.374873168761951e-08,9.371240762556798e-12,48.37544369697571
5.3693330670512296e-08,9.086273400349398e-12,48.38232135772705
5.363805755109752e-08,9.24445155842113e-12,48.389260053634644
5.3582827064246885e-08,9.301822333218634e-12,48.3961877822876
5.3527646315387756e-08,9.331831314629557e-12,48.402910470962524
5.3472472671955984e-08,9.034226491899666e-12,48.410481452941895
5.341743047893033e-08,9.191085392767917e-12,48.417935848236084
5.336243091846882e-08,9.277007981256524e-12,48.425370931625366
5.330747399057145e-08,9.287334790109014e-12,48.43172764778137
5.325257745880663e-08,9.288978440602502e-12,48.438616037368774
5.3197734217746984e-08,9.270667566951829e-12,48.445544481277466
5.31429478201062e-08,9.285731038255474e-12,48.452274799346924
5.308821826588428e-08,9.272608722521447e-12,48.45947337150574
5.303354555508122e-08,9.256965853576826e-12,48.46606254577637
5.297892968769702e-08,9.273981756152683e-12,48.47268581390381
5.292437421644536e-08,9.266683774489248e-12,48.47994065284729
5.28698187451937e-08,8.987235435020668e-12,48.48681378364563
5.281539827706183e-08,9.104642387236517e-12,48.49340033531189
5.276101688878043e-08,9.169990287938301e-12,48.499743700027466
5.270664260592639e-08,8.914943436244549e-12,48.50630044937134
5.2652335824632246e-08,8.758875569281344e-12,48.51274633407593
5.259810009761168e-08,8.678438176423775e-12,48.52040910720825
5.254392831943733e-08,8.647538414507938e-12,48.52716636657715
5.24898702281007e-08,8.925175702667598e-12,48.53347992897034
5.243578371505464e-08,8.743069636329981e-12,48.540241956710815
5.2381771808995836e-08,8.663639250450217e-12,48.5466525554657
5.232782740449693e-08,8.613203900109667e-12,48.553427934646606
5.2273989581408387e-08,8.900807174638814e-12,48.5603609085083
5.222012688932409e-08,8.711796908866809e-12,48.567070722579956
5.216633880422705e-08,8.638005241645708e-12,48.573487758636475
5.2112664405967735e-08,8.884077501436494e-12,48.57982850074768
5.2059021982131526e-08,8.995562107705357e-12,48.58661866188049
5.200542574357314e-08,9.052938954035028e-12,48.593341588974
5.195182595230108e-08,8.76689693063426e-12,48.59956693649292
5.189830432072995e-08,8.621241741335606e-12,48.60786724090576
5.184489992871022e-08,8.852502064726764e-12,48.6147301197052
5.179148843126313e-08,8.672742211890405e-12,48.62195634841919
5.173818351522641e-08,8.8455961305689e-12,48.628674268722534
5.168492123175383e-08,8.92843004390853e-12,48.63544821739197
5.1631658948281256e-08,8.685384876583324e-12,48.643163442611694
5.1578528115214795e-08,8.862828006217516e-12,48.649734020233154
5.152543280928512e-08,8.954854219256347e-12,48.65638327598572
5.147238013591959e-08,8.970133663632751e-12,48.66287279129028
5.1419327462554065e-08,8.68015208321804e-12,48.66957235336304
5.136640623959465e-08,8.830569955819989e-12,48.67695355415344
5.1313534754626744e-08,8.913298051027585e-12,48.68345832824707
5.126064905880412e-08,8.632208663150731e-12,48.69022083282471
5.120789836610129e-08,8.816649667287013e-12,48.69660687446594
5.115518675324893e-08,8.906118897922255e-12,48.70333504676819
5.1102468034969206e-08,8.629826887818215e-12,48.71014332771301
5.104982392367674e-08,8.471035504997726e-12,48.71658444404602
5.0997297051935675e-08,8.716628981109142e-12,48.72345519065857
5.0944809260045076e-08,8.81253316847852e-12,48.72988486289978
5.0892364100718623e-08,8.8704148193397e-12,48.73649263381958
5.0839961573956316e-08,8.857910065163122e-12,48.743391275405884
5.078761944332655e-08,8.879292266728012e-12,48.74988269805908
5.0735323497974605e-08,8.863558324800902e-12,48.75648260116577
5.068308439604152e-08,8.853582797452297e-12,48.7629017829895
5.063089503209994e-08,8.84444514154259e-12,48.76951456069946
5.057876961700458e-08,8.853931476870969e-12,48.776965618133545
5.05266477546229e-08,8.573328678929126e-12,48.78340482711792
5.0474593393801115e-08,8.405858474558325e-12,48.79023241996765
5.0422610087252906e-08,8.331303529007794e-12,48.79660630226135
5.0370687176837237e-08,8.281298390089287e-12,48.803311824798584
5.031882110984043e-08,8.241105714512642e-12,48.81022310256958
5.026701188626248e-08,8.233275172742083e-12,48.8167040348053
5.02153092440949e-08,8.524219524685961e-12,48.82356119155884
5.016357818021788e-08,8.356936670450565e-12,48.82994723320007
5.0111971461319627e-08,8.569499276855908e-12,48.83659648895264
5.006039671684448e-08,8.678610781409635e-12,48.84367060661316
5.000886460493348e-08,8.721662281274689e-12,48.85076904296875
4.995737512558662e-08,8.722265965044329e-12,48.858747482299805
4.990594248965863e-08,8.715837947204097e-12,48.86524200439453
4.9854563144435815e-08,8.722262495597377e-12,48.87193512916565
4.9803233537204505e-08,8.709982388110937e-12,48.878365993499756
4.9751907482686875e-08,8.402775870941515e-12,48.885040283203125
4.970065958787018e-08,8.259899708651375e-12,48.892611026763916
4.964953248531856e-08,8.490493898227758e-12,48.899133920669556
4.959843025176269e-08,8.57760043548872e-12,48.905704736709595
4.954737420348465e-08,8.618915477154321e-12,48.91216516494751
4.949637144591179e-08,8.623890664083422e-12,48.91879630088806
4.9445411320903077e-08,8.628323749926281e-12,48.92581796646118
4.939445474860804e-08,8.335564877226531e-12,48.932281494140625
4.934357988872762e-08,8.171373300225326e-12,48.93883514404297
4.9292765424979734e-08,8.113307768675693e-12,48.94522476196289
4.924207175349693e-08,8.37743329568097e-12,48.951878786087036
4.919139584558252e-08,8.517022156984133e-12,48.95916819572449
4.9140762570232255e-08,8.547746711828896e-12,48.96562337875366
4.909017903287349e-08,8.566123504971657e-12,48.97226071357727
4.903963812807888e-08,8.575988010017799e-12,48.978761196136475
4.89891576194168e-08,8.555029080981047e-12,48.98530912399292
4.893871974331887e-08,8.542746371409393e-12,48.992674827575684
4.888833515792612e-08,8.529308336002739e-12,48.99919509887695
4.8838007415952234e-08,8.522916747355502e-12,49.00579762458801
4.878772941196985e-08,8.514585737862124e-12,49.012187480926514
4.8737504698692646e-08,8.50711081440414e-12,49.01883840560913
4.868732972340695e-08,8.490317823794946e-12,49.026031732559204
4.8637158300834926e-08,8.206578645808538e-12,49.03243660926819
4.858711832866902e-08,8.353975497477073e-12,49.03902244567871
4.8537110330926225e-08,8.4149588339133e-12,49.04546332359314
4.848712720217918e-08,8.301507051222679e-12,49.05203914642334
4.8437204469564676e-08,8.25396435227832e-12,49.05951261520386
4.8387331474941675e-08,8.197528593434367e-12,49.06603765487671
4.833749400745546e-08,8.032556390868972e-12,49.072614669799805
4.82877489105249e-08,8.098604252493313e-12,49.07901978492737
4.8238021577162726e-08,7.970390840383867e-12,49.08557462692261
4.818837950892885e-08,8.07159634269583e-12,49.093032121658325
4.813875875697704e-08,7.949099711801466e-12,49.099451780319214
4.8089219717439846e-08,8.038771905083397e-12,49.106120347976685
4.80397233104668e-08,8.065977573357141e-12,49.11250686645508
4.799027664148525e-08,8.102378143415301e-12,49.11915063858032
4.7940893921349925e-08,8.23925649928725e-12,49.12642860412598
4.789153962292403e-08,8.171140847279545e-12,49.13261795043945
4.7842210193493884e-08,7.975579398300514e-12,49.13927912712097
4.779301576718353e-08,8.297316826666457e-12,49.145835876464844
4.774382489358686e-08,8.328815068181505e-12,49.15243220329285
4.769463401999019e-08,8.042517173068031e-12,49.159902572631836
4.7645539069662846e-08,8.040628059202692e-12,49.166542053222656
4.7596522279036435e-08,8.201121205753115e-12,49.17270612716675
4.7547562331828885e-08,8.402537346463568e-12,49.178719997406006
4.7498637911758124e-08,8.478245883125624e-12,49.18510818481445
4.7449706386260004e-08,8.246008043055753e-12,49.192174434661865
4.7400867231317534e-08,8.263435942457154e-12,49.198731422424316
4.7352081367080245e-08,8.266075324225852e-12,49.205657720565796
4.73033381354071e-08,8.271501539258708e-12,49.21212720870972
4.725464819443914e-08,8.253175920458489e-12,49.21861219406128
4.720598312246693e-08,8.119152052066259e-12,49.22633171081543
4.715738199934094e-08,8.047056077042924e-12,49.23291254043579
4.7108859035915884e-08,8.133426224188334e-12,49.2395281791687
4.706035028334554e-08,8.023227915376907e-12,49.2464554309845
4.701193390133085e-08,8.115627093963074e-12,49.253299951553345
4.6963553046452944e-08,8.184337756123039e-12,49.26025080680847
4.691519350785711e-08,8.045687380220379e-12,49.26700139045715
4.686689436539382e-08,7.984618174972091e-12,49.27466297149658
4.681864851363571e-08,7.952617731010747e-12,49.282634019851685
4.677045595258278e-08,7.928821661729035e-12,49.28981375694275
4.672231668223503e-08,7.910031137037254e-12,49.29764938354492
4.667425201887454e-08,8.058830512636117e-12,49.30618238449097
4.6626222882650836e-08,8.109015195434388e-12,49.315086126327515
4.6578215062709205e-08,7.976931615250038e-12,49.32479476928711
4.653028184975483e-08,8.042330690294364e-12,49.331884145736694
4.648237705850988e-08,7.943431502843712e-12,49.33856678009033
4.643454687425219e-08,8.031018558507519e-12,49.344698429107666
4.638673800627657e-08,7.920126360305701e-12,49.35132718086243
4.6338989534433495e-08,7.873201222918791e-12,49.359569787979126
4.629128724786824e-08,7.813545817303424e-12,49.36615705490112
4.624364180472185e-08,7.817839257906467e-12,49.37267231941223
4.6196046099566956e-08,7.791533911116755e-12,49.3806209564209
4.614852500139932e-08,7.952682783141096e-12,49.38705253601074
4.61010181140864e-08,7.858473420607748e-12,49.39427971839905
4.6053557412051305e-08,7.800109516620246e-12,49.400710582733154
4.600616065886243e-08,7.784902930629833e-12,49.40822148323059
4.595882785451977e-08,7.899173502801116e-12,49.41612410545349
4.591151636645918e-08,7.8306397824357e-12,49.42517375946045
4.5864261721817456e-08,7.790155673315091e-12,49.433046102523804
4.581707813144931e-08,7.896776982319054e-12,49.441808462142944
4.5769930068217946e-08,7.944866986520083e-12,49.44815278053284
4.5722806873982336e-08,7.821846469135973e-12,49.455893993377686
4.567576894487502e-08,7.91669507727022e-12,49.4622905254364
4.562876299019081e-08,7.940406145101608e-12,49.46975374221802
4.558177835178867e-08,7.78933254702574e-12,49.477344036102295
4.553488608394218e-08,7.875212634789186e-12,49.48467564582825
4.548800802695041e-08,7.782070127193563e-12,49.49218797683716
4.544121168237325e-08,7.855882611096376e-12,49.498273611068726
4.539442244322345e-08,7.764501715190608e-12,49.50513458251953
4.534770070563354e-08,7.709590778282038e-12,49.5113890171051
4.530102515332146e-08,7.66258671097697e-12,49.51755666732788
4.525440289171456e-08,7.63741066917012e-12,49.5251407623291
4.5207830368099167e-08,7.628840267837056e-12,49.53140997886658
4.5161300477047917e-08,7.59692222324082e-12,49.53811573982239
4.511482032398817e-08,7.595173621977036e-12,49.54478883743286
4.5068397014347283e-08,7.597426160410592e-12,49.55141305923462
4.502201633727054e-08,7.594634990337745e-12,49.559020042419434
4.497568184547163e-08,7.579625295461856e-12,49.565407037734985
4.492940419709157e-08,7.594267228960838e-12,49.57206630706787
4.4883162075848304e-08,7.568886489783822e-12,49.57807230949402
4.48369767980239e-08,7.560906761794328e-12,49.58432340621948
4.4790834152763637e-08,7.549092427561188e-12,49.59180927276611
4.474476256177695e-08,7.695731205070722e-12,49.59791874885559
4.469870518164498e-08,7.606444987762195e-12,49.60456371307373
4.4652697539504516e-08,7.5495790174962e-12,49.61097812652588
4.460674674078291e-08,7.5251827338918e-12,49.61739540100098
4.456084212733913e-08,7.51697749185043e-12,49.62469696998596
4.451498369917317e-08,7.523421122201945e-12,49.63111424446106
4.446917145628504e-08,7.50277444339087e-12,49.63781023025513
4.442340895138841e-08,7.478249790249247e-12,49.64460825920105
4.4377696184483284e-08,7.483386306461615e-12,49.65109705924988
4.433203315556966e-08,7.477249722165347e-12,49.658451557159424
4.428641631193386e-08,7.466724287474857e-12,49.66442370414734
4.424084210086221e-08,7.474703148102613e-12,49.67128896713257
4.41953105223547e-08,7.433336064732732e-12,49.67807459831238
4.414985710354813e-08,7.56216964048484e-12,49.68462586402893
4.410441434288259e-08,7.50095038165588e-12,49.691829204559326
4.405902132020856e-08,7.447871312737941e-12,49.6983585357666
4.401370645723546e-08,7.579680806613087e-12,49.70469427108765
4.396840580511707e-08,7.490229790574343e-12,49.7111656665802
4.392317975998594e-08,7.592993941929471e-12,49.71797275543213
4.387796437299585e-08,7.470579710400216e-12,49.72528266906738
4.3832809382138294e-08,7.42911114570699e-12,49.731268644332886
4.3787700576558564e-08,7.387011141668509e-12,49.737969160079956
4.374263440354298e-08,7.369702070825213e-12,49.74444103240967
4.3697628626659935e-08,7.364287998856689e-12,49.75100588798523
4.3652665482341035e-08,7.351738141869735e-12,49.7590274810791
4.360775207601364e-08,7.366895288241082e-12,49.76566433906555
4.356287419682303e-08,7.334401315450823e-12,49.772217988967896
4.351807447733336e-08,7.488219246065686e-12,49.779093503952026
4.347328186327104e-08,7.3960525204253e-12,49.78583741188049
4.3428546092627585e-08,7.358165292348229e-12,49.792898178100586
4.338386005997563e-08,7.339261143268772e-12,49.79954481124878
4.3339241528883576e-08,7.465130076600435e-12,49.80653762817383
4.329463365593256e-08,7.359121124983492e-12,49.8125958442688
4.325007552097304e-08,7.314098979249728e-12,49.81942272186279
4.320557067671871e-08,7.291867630543347e-12,49.82705235481262
4.316111557045588e-08,7.273160372578413e-12,49.83333992958069
4.311670664947087e-08,7.256965861568432e-12,49.8402304649353
4.307234036105001e-08,7.25215460600781e-12,49.84698987007141
4.302802381062065e-08,7.241869430518744e-12,49.85444474220276
4.298374989275544e-08,7.24523869718996e-12,49.86118030548096
4.293952926559541e-08,7.242695158893309e-12,49.86790180206299
4.289536903456792e-08,7.373438665192467e-12,49.87532377243042
4.285121946168147e-08,7.280544223053909e-12,49.88186597824097
4.2807123179500195e-08,7.238791597391492e-12,49.88846945762634
4.2763076635310426e-08,7.2110685478410375e-12,49.8948130607605
4.2719101145394234e-08,7.338821390867611e-12,49.901320934295654
4.26751327609054e-08,7.251507554151271e-12,49.908600091934204
4.2631217667121746e-08,7.2011853945175286e-12,49.915114641189575
4.2587355864043275e-08,7.193290234297489e-12,49.92166781425476
4.254354024624263e-08,7.169458169503651e-12,49.92809224128723
4.249976726100613e-08,7.167648419237338e-12,49.934873819351196
4.245603335562009e-08,7.1302143876683655e-12,49.94184231758118
4.241238116264867e-08,7.292236259281992e-12,49.948343992233276
4.236872896967725e-08,7.203576710829163e-12,49.95507836341858
4.232513362012469e-08,7.155606836228845e-12,49.961225509643555
4.228158090313627e-08,7.118011041695738e-12,49.9675817489624
4.223808147685304e-08,7.112353241078839e-12,49.976442098617554
4.219462823584763e-08,7.114640040301046e-12,49.983094692230225
4.2151221180120046e-08,7.112657251368004e-12,49.98976254463196
4.210784609881557e-08,7.0800305722318324e-12,49.99670219421387
4.206452430821628e-08,7.073905697319027e-12,50.00336217880249
4.202124870289481e-08,7.055616941392673e-12,50.01099967956543
4.1978015730137486e-08,7.0474173372025994e-12,50.0176362991333
4.193482894265799e-08,7.0470404685274435e-12,50.02561378479004
4.1891709656738385e-08,7.188496325971627e-12,50.032074213027954
4.184860102895982e-08,7.105140260865728e-12,50.03867506980896
4.180554213917276e-08,7.070710770357147e-12,50.04520344734192
4.176252943466352e-08,7.036973434515481e-12,50.052002906799316
4.171956291543211e-08,7.027943765142153e-12,50.05944037437439
4.167663902876484e-08,7.007086317428746e-12,50.065927267074585
4.1633764880089075e-08,6.992575789233069e-12,50.072503328323364
4.1590933363977456e-08,6.998305147193351e-12,50.07889533042908
4.154814803314366e-08,7.003632482988076e-12,50.08543825149536
4.150540533487401e-08,6.99364437889427e-12,50.09266710281372
4.146270171645483e-08,6.9726125914715276e-12,50.09929442405701
4.142004428331347e-08,6.946340638108728e-12,50.1059353351593
4.137745790444569e-08,7.110066441856633e-12,50.11243510246277
4.1334885736432625e-08,7.045893816309823e-12,50.118966579437256
4.1292352648270025e-08,6.984839356211081e-12,50.126413106918335
4.124989416709468e-08,7.086034883863057e-12,50.13293433189392
4.1207442791346693e-08,7.003708810821019e-12,50.139572620391846
4.116506957529964e-08,7.094744063074199e-12,50.14609456062317
4.1122731886389374e-08,7.13931474702334e-12,50.152756452560425
4.1080404855620145e-08,7.001016519986303e-12,50.16036033630371
4.1038138220983456e-08,6.956710815048117e-12,50.166887521743774
4.099591777162459e-08,6.926981991478565e-12,50.17360067367554
4.095373995482987e-08,6.9048594966703014e-12,50.18006777763367
4.0911608323312976e-08,6.8880946953175926e-12,50.1867356300354
4.0869526429787584e-08,6.865644771453239e-12,50.19381308555603
4.08274765106853e-08,6.848108885515458e-12,50.20032572746277
4.078547632957452e-08,6.84063569678095e-12,50.20806646347046
4.0743522333741566e-08,6.828986161278028e-12,50.21453070640564
4.070163583946851e-08,6.969466670447844e-12,50.22120475769043
4.065975645062281e-08,6.900553479322058e-12,50.22772026062012
4.061792679976861e-08,6.8664015445696336e-12,50.23426556587219
4.057613622876488e-08,6.833356363394882e-12,50.24171209335327
4.053439894846633e-08,6.826042769220164e-12,50.248204708099365
4.049270430073193e-08,6.8279700470019744e-12,50.254889488220215
4.045105228556167e-08,6.821314780386389e-12,50.26140737533569
4.040943935024188e-08,6.8050734318425565e-12,50.267993211746216
4.036786904748624e-08,6.776942288594379e-12,50.27558660507202
4.0326348482722096e-08,6.7802399979222105e-12,50.28213119506836
4.028486344509474e-08,6.771727709825592e-12,50.28852987289429
4.0243424592745214e-08,6.767259929513214e-12,50.295156478881836
4.020203192567351e-08,6.748364020370268e-12,50.30163836479187
4.016067478573859e-08,6.738718957843837e-12,50.30874848365784
4.011936738379518e-08,6.7595950538346106e-12,50.31558680534363
4.007810261441591e-08,6.747162290682285e-12,50.32494783401489
4.003686981945975e-08,6.728158395002959e-12,50.332995653152466
3.9995693867922455e-08,6.711688496641166e-12,50.34206962585449
3.9954553443521945e-08,6.7192141607608225e-12,50.34860682487488
3.99134520989719e-08,6.714580714356488e-12,50.355262756347656
3.987240049241336e-08,6.70758197249266e-12,50.361740827560425
3.983138441299161e-08,6.685414374874021e-12,50.368303298950195
3.979041451884768e-08,6.680000302905498e-12,50.3769006729126
3.974949436269526e-08,6.690369612483149e-12,50.384000301361084
3.9708606180965944e-08,6.690913448292868e-12,50.39186191558838
3.9667764184514454e-08,6.671921695677874e-12,50.39832544326782
3.962695771519975e-08,6.655081867534829e-12,50.40502882003784
3.958620098387655e-08,6.655532461957714e-12,50.411935806274414
3.954547977969014e-08,6.6393362162242564e-12,50.418721437454224
3.9504804760781553e-08,6.631087172415118e-12,50.426429748535156
3.946417592715079e-08,6.632999271366513e-12,50.43356108665466
3.9423586173370495e-08,6.6262269109163e-12,50.43969202041626
3.9383039052154345e-08,6.61543432881051e-12,50.446300745010376
3.934252745807498e-08,6.604635675172554e-12,50.453134059906006
3.9302062049273445e-08,6.589529269462879e-12,50.46023607254028
3.926163927303605e-08,6.58369929754099e-12,50.466713190078735
3.922125557664913e-08,6.587387753331786e-12,50.473586320877075
3.918091451282635e-08,6.58802829997529e-12,50.48014807701111
3.914061963428139e-08,6.57204455786764e-12,50.48689866065979
3.9100360282873226e-08,6.5605671936697085e-12,50.493732213974
3.9060143564029204e-08,6.547689473945795e-12,50.50017261505127
3.9019976583176685e-08,6.553377632223523e-12,50.50692844390869
3.897986644574303e-08,6.699711965763022e-12,50.51356482505798
3.893975986102305e-08,6.60655211093264e-12,50.520137548446655
3.889970301429457e-08,6.551252595965451e-12,50.52708387374878
3.885968880013024e-08,6.533160297472751e-12,50.5335259437561
3.881972077124374e-08,6.5130778374722365e-12,50.540260314941406
3.877979537492138e-08,6.5081390797361305e-12,50.54691457748413
3.873991616387684e-08,6.491660507756958e-12,50.55361557006836
3.8700072479969094e-08,6.4971391981749615e-12,50.560439109802246
3.8660267875911813e-08,6.468814633259212e-12,50.56683135032654
3.862050590441868e-08,6.474542256496019e-12,50.57456159591675
3.858079011820337e-08,6.469291682215106e-12,50.58102869987488
3.8541109859124845e-08,6.4709609198798645e-12,50.58830690383911
3.850147223261047e-08,6.462680651048158e-12,50.59706139564514
3.846187013323288e-08,6.452233278914088e-12,50.60368824005127
3.842232132456047e-08,6.446791885050818e-12,50.610676765441895
3.838280449031117e-08,6.448361376115708e-12,50.61672329902649
3.834332673591234e-08,6.453484014540267e-12,50.62294912338257
3.8303898719505014e-08,6.440138353158709e-12,50.62911653518677
3.8264502677520795e-08,6.42958256080739e-12,50.63523244857788
3.8225174137096474e-08,6.550480210337772e-12,50.64220428466797
3.818584914938583e-08,6.465299649816014e-12,50.648189306259155
3.814657034695301e-08,6.4323420721768e-12,50.6543984413147
3.81073412825117e-08,6.4032065240360314e-12,50.66158986091614
3.806815129792085e-08,6.408620162323686e-12,50.668941497802734
3.802900039318047e-08,6.384914732343594e-12,50.67715859413147
3.798989212100423e-08,6.382887707961915e-12,50.6837944984436
3.7950815823251105e-08,6.3640000387554796e-12,50.69185709953308
3.791178926348948e-08,6.3530105655351665e-12,50.69838547706604
3.7872805336292004e-08,6.359698791896795e-12,50.70498824119568
3.7833853383517635e-08,6.345354797154812e-12,50.712135314941406
3.779494761602109e-08,6.334262975249416e-12,50.718894243240356
3.7756077375661334e-08,6.325605404061685e-12,50.72651553153992
3.77172533205794e-08,6.321682760601632e-12,50.73302483558655
3.767846479263426e-08,6.311609655057504e-12,50.73970317840576
3.763971534453958e-08,6.2988650753603714e-12,50.74616074562073
3.760101208172273e-08,6.316225320546209e-12,50.75275135040283
3.756234789875634e-08,6.316253943483563e-12,50.76014018058777
3.7523715690213066e-08,6.299414115340518e-12,50.76663041114807
3.748513321966129e-08,6.305705957387886e-12,50.77320408821106
3.744658627624631e-08,6.283836298526246e-12,50.779754638671875
3.740807485996811e-08,6.276771203489462e-12,50.78634786605835
3.736960607625406e-08,6.269200870240299e-12,50.79360818862915
3.7331172819676794e-08,6.248163444966259e-12,50.80030822753906
3.7292789301091034e-08,6.2490524907476974e-12,50.80800271034241
3.725444130964206e-08,6.251756924646745e-12,50.8144850730896
3.7216132398043555e-08,6.251166251303175e-12,50.82106113433838
3.7177862566295516e-08,6.242801414702015e-12,50.82752227783203
3.7139631814397944e-08,6.2488235072488685e-12,50.83408546447754
3.710144014235084e-08,6.235707696727877e-12,50.84168982505798
3.706329110286788e-08,6.221764423108844e-12,50.848756074905396
3.702517403780803e-08,6.205929867220128e-12,50.85550141334534
3.6987099605312324e-08,6.201983371312281e-12,50.86197280883789
3.6949067805380764e-08,6.195333742547993e-12,50.86861324310303
3.691107863801335e-08,6.193293707740244e-12,50.87698984146118
3.687311789235537e-08,6.179740746903306e-12,50.88387084007263
3.683520333197521e-08,6.170549748246712e-12,50.89141225814819
3.6797327851445516e-08,6.173834447148474e-12,50.89803194999695
3.675948789805261e-08,6.155284181658116e-12,50.90471649169922
3.6721690577223853e-08,6.1416401478386895e-12,50.91128420829773
3.668393233624556e-08,6.141298407313922e-12,50.91822385787964
3.6646216727831415e-08,6.151478198351823e-12,50.92553091049194
3.660853309384038e-08,6.144906198463085e-12,50.93203568458557
3.657088853969981e-08,6.126040646980968e-12,50.93865180015564
3.6533283065409705e-08,6.118687587847171e-12,50.94521951675415
3.649571667097007e-08,6.099239169277126e-12,50.95249915122986
3.64581893563809e-08,6.093596981171512e-12,50.95969367027283
3.6420704674355875e-08,6.1020008490508815e-12,50.966222524642944
3.6383234203185566e-08,5.9601156475463934e-12,50.97282648086548
3.6345831233575154e-08,6.012412789857535e-12,50.979721784591675
3.630847089652889e-08,6.059253793155861e-12,50.98674750328064
3.627114253390573e-08,6.083124021866171e-12,50.99374747276306
3.623384969841936e-08,6.067765213890741e-12,51.00030446052551
3.619659239006978e-08,6.0646826102739304e-12,51.0078387260437
3.615937060885699e-08,6.044229353130426e-12,51.0142662525177
3.612219501292202e-08,6.056836455992087e-12,51.02274227142334
3.608505494412384e-08,6.046978022478111e-12,51.029600858688354
3.604795040246245e-08,6.039583329980891e-12,51.036211013793945
3.601086007165577e-08,5.8747637830813826e-12,51.04369235038757
3.5973851453263705e-08,5.9510586562783185e-12,51.05029892921448
3.593687125658107e-08,5.99218851621286e-12,51.05695414543152
3.589991948160787e-08,5.980467857047422e-12,51.0633749961853
3.586301033919881e-08,5.98754899827636e-12,51.0700204372406
3.582614027664022e-08,5.9759627801803106e-12,51.077030420303345
3.5789302188504735e-08,5.985937873848046e-12,51.083561420440674
3.575250318021972e-08,5.978011488605439e-12,51.09026122093201
3.571574680449885e-08,5.9767941464061725e-12,51.09707260131836
3.567902595591477e-08,5.976367404431082e-12,51.10408878326416
3.564234418718115e-08,5.9736473580207505e-12,51.11077332496643
3.5605701498298004e-08,5.966856782974039e-12,51.11725831031799
3.5569087231124286e-08,5.9407344495110426e-12,51.12462139129639
3.553251914922839e-08,5.928911875341392e-12,51.13109040260315
3.5495990147182965e-08,5.931028237982083e-12,51.137654304504395
3.5459496672274327e-08,5.932350530951647e-12,51.144614696502686
3.5423038724502476e-08,5.929570202900525e-12,51.151248931884766
3.538661985658109e-08,5.921350649390478e-12,51.15882086753845
3.5350240068510175e-08,5.926125042077235e-12,51.16545605659485
3.5313895807576046e-08,5.912851805400798e-12,51.17226529121399
3.5277587073778705e-08,5.90924227952816e-12,51.17879319190979
3.524132097254551e-08,5.906023500118485e-12,51.1854407787323
3.520508684573542e-08,5.89021843452886e-12,51.19298505783081
3.51688917987758e-08,5.889250892510134e-12,51.199684381484985
3.51327109626709e-08,5.735258622185935e-12,51.2069296836853
3.509660828626693e-08,5.812481572442518e-12,51.21338510513306
3.506052692614503e-08,5.829627579279073e-12,51.22007155418396
3.50244846458736e-08,5.837796825808317e-12,51.2270667552948
3.4988477892738956e-08,5.846560215128083e-12,51.233516216278076
3.495251021945478e-08,5.848599816254962e-12,51.2404260635376
3.491657807330739e-08,5.854669180016536e-12,51.24688267707825
3.488068500701047e-08,5.846358553524e-12,51.25397729873657
3.484482036242298e-08,5.8266776820081745e-12,51.260727882385254
3.480900190311331e-08,5.8394673645156825e-12,51.26735258102417
3.4773215418226755e-08,5.828526463552697e-12,51.27516746520996
3.473747156590434e-08,5.8319052712030306e-12,51.28181195259094
3.470175613529136e-08,5.8117182941130885e-12,51.288437366485596
3.4666083337242526e-08,5.8081343554117204e-12,51.29508590698242
3.46304425136168e-08,5.804720419610998e-12,51.301804065704346
3.459481590084579e-08,5.6415614367588685e-12,51.30889368057251
3.455926744777571e-08,5.7144029091960036e-12,51.316829442977905
3.4523743863701384e-08,5.752433685640712e-12,51.32592034339905
3.4488255806763846e-08,5.767793794658749e-12,51.33387875556946
3.4452803276963095e-08,5.76918157343953e-12,51.342546701431274
3.44173578525897e-08,5.603966509587499e-12,51.350348234176636
3.438199414063092e-08,5.6812003018658075e-12,51.36073851585388
3.4346655297667894e-08,5.711371046240865e-12,51.368897438049316
3.4311348429127975e-08,5.7188160457188886e-12,51.377869844436646
3.427608064043852e-08,5.721504433425784e-12,51.38621282577515
3.424084482617218e-08,5.727768519897536e-12,51.39501404762268
3.4205644539042623e-08,5.723338036139891e-12,51.40302491188049
3.4170479779049856e-08,5.722004901148603e-12,51.4113552570343
3.4135357651621234e-08,5.7159073481305445e-12,51.41917109489441
3.410026394590204e-08,5.709293714878383e-12,51.42770957946777
3.4065212872747e-08,5.71426629972227e-12,51.435248374938965
3.403019377401506e-08,5.697297668361134e-12,51.443655490875244
3.399521375513359e-08,5.696201323124317e-12,51.451080322265625
3.396026926338891e-08,5.696194384230413e-12,51.45851540565491
3.3925356746067337e-08,5.688187334346173e-12,51.46495699882507
3.389048686130991e-08,5.671564346637625e-12,51.471656799316406
3.385564539826191e-08,5.674448324416437e-12,51.47890114784241
3.382084656777806e-08,5.668669526837089e-12,51.48541760444641
3.378607971171732e-08,5.650482685914948e-12,51.49268865585327
3.375134838279337e-08,5.652070825257205e-12,51.499191999435425
3.371665613371988e-08,5.643793158510713e-12,51.505756855010986
3.368199941178318e-08,5.6233034721742126e-12,51.51265215873718
3.364737466426959e-08,5.6193448332020335e-12,51.520243644714355
3.361278899660647e-08,5.620661922001169e-12,51.527448892593384
3.3578235303366455e-08,5.607709175486919e-12,51.533878564834595
3.354372068997691e-08,5.6132824083343635e-12,51.541608810424805
3.350924515643783e-08,5.623521179970448e-12,51.54815077781677
3.347477317561243e-08,5.465817468769396e-12,51.55469059944153
3.34403722490606e-08,5.506618164924371e-12,51.56129574775696
3.340601395507292e-08,5.555454967581808e-12,51.56775522232056
3.3371673424653636e-08,5.567795356709038e-12,51.57558298110962
3.3337375526798496e-08,5.5772292166522686e-12,51.58210206031799
3.3303113156080144e-08,5.578531993982727e-12,51.588682889938354
3.326887920707122e-08,5.573893777088834e-12,51.59530329704285
3.323468433791277e-08,5.569914755115812e-12,51.601911544799805
3.320052144317742e-08,5.561511320917312e-12,51.609824419021606
3.316639762829254e-08,5.561413309040919e-12,51.616365909576416
3.3132305787830774e-08,5.5537510354475295e-12,51.62303423881531
3.309825302721947e-08,5.546991685423386e-12,51.629629135131836
3.30642286883176e-08,5.539885824384916e-12,51.636261224746704
3.3030239876552514e-08,5.533715846661735e-12,51.64358568191528
3.2996293697351575e-08,5.517801927173993e-12,51.65068531036377
3.296237593986007e-08,5.516042483888484e-12,51.65844130516052
3.2928497262219025e-08,5.50515232358717e-12,51.66489338874817
3.289465055900109e-08,5.4871068626283215e-12,51.67182016372681
3.286084293563363e-08,5.494636863556668e-12,51.67891502380371
3.282706728668927e-08,5.497447549268619e-12,51.68549966812134
3.27933271648817e-08,5.4918188052699435e-12,51.69271779060364
3.27596261229246e-08,5.500282954790103e-12,51.700100898742676
3.272595705539061e-08,5.504740760442495e-12,51.70713186264038
3.269231640956605e-08,5.484064591332327e-12,51.71369194984436
3.265871129087827e-08,5.466938533815746e-12,51.72038817405701
3.2625148804754645e-08,5.46559152103665e-12,51.72708582878113
3.2591589871344695e-08,5.301140602875787e-12,51.73361587524414
3.2558105544922e-08,5.3892736627536575e-12,51.740296602249146
3.252464608749506e-08,5.4224090495491595e-12,51.74713397026062
3.24912221572049e-08,5.422130626431265e-12,51.75370669364929
3.2457830201337856e-08,5.4202397778424505e-12,51.76062560081482
3.24244737726076e-08,5.431263945532283e-12,51.76705884933472
3.239114931830045e-08,5.4198390567195e-12,51.77469539642334
3.235785328570273e-08,5.419960921043687e-12,51.78246593475342
3.232460343838284e-08,5.4146778206976e-12,51.78955841064453
3.2291353591062943e-08,5.255553370969723e-12,51.79678678512573
3.2258174798016626e-08,5.322397470669538e-12,51.80347943305969
3.222502797939342e-08,5.346242545889446e-12,51.81068730354309
3.2191888266197566e-08,5.211955433209736e-12,51.81721091270447
3.215881605456161e-08,5.28675063796169e-12,51.82463502883911
3.212577581734877e-08,5.330685545756886e-12,51.83104610443115
3.2092760449131674e-08,5.341073069931035e-12,51.837677001953125
3.205977705533769e-08,5.346906511299876e-12,51.84422588348389
3.2026829188680495e-08,5.3458149365526175e-12,51.851770639419556
3.199391684916009e-08,5.347472464833913e-12,51.859809160232544
3.196103648406279e-08,5.341747010001452e-12,51.86630463600159
3.19281880933886e-08,5.3329458904460836e-12,51.875293016433716
3.189534680814177e-08,5.17045260772786e-12,51.882927894592285
3.186258012988219e-08,5.253267439109255e-12,51.891380310058594
3.182984542604572e-08,5.294456713322848e-12,51.9000518321991
3.1797135591205006e-08,5.298858574143139e-12,51.90901279449463
3.176446128350108e-08,5.3143973596792016e-12,51.916699171066284
3.173181539750658e-08,5.307546936672569e-12,51.925225496292114
3.169920503864887e-08,5.291862868045394e-12,51.933432817459106
3.166663020692795e-08,5.3039244003738606e-12,51.94200539588928
3.1634087349630136e-08,5.290068730290365e-12,51.94988822937012
3.160157646675543e-08,5.280647447092335e-12,51.95903563499451
3.1569076242021765e-08,5.1273325862855046e-12,51.966683864593506
3.1536643518847995e-08,5.2056570859493334e-12,51.97529673576355
3.1504242770097335e-08,5.2348173538996345e-12,51.98314428329468
3.1471870443056105e-08,5.253693747403476e-12,51.991952419281006
3.1439526537724305e-08,5.242320032933234e-12,51.999507665634155
3.140721815952929e-08,5.248624885406672e-12,52.00629758834839
3.137492043947532e-08,5.1028760210403146e-12,52.01272225379944
3.134269022098124e-08,5.1731162756252225e-12,52.01953148841858
3.131048842419659e-08,5.203580621948589e-12,52.027053356170654
3.1278286627411944e-08,5.0717650565412775e-12,52.033488512039185
3.124615943761455e-08,5.148609837080098e-12,52.04028654098511
3.121405711681291e-08,5.1893420116577715e-12,52.04669451713562
3.118198677043438e-08,5.2073683906583845e-12,52.05333995819092
3.11499412930516e-08,5.213388314800893e-12,52.06031394004822
3.1117927790091926e-08,5.187635911119148e-12,52.066715717315674
3.108592849798697e-08,5.0324935191303766e-12,52.07361340522766
3.105400026015559e-08,5.111518413397631e-12,52.080482959747314
3.1022089785892604e-08,5.142264652285844e-12,52.08808994293213
3.0990218391480084e-08,5.166103655973586e-12,52.09458899497986
3.0958375418776996e-08,5.172535576941639e-12,52.10167717933655
3.092656086778334e-08,5.1645116135035085e-12,52.109479904174805
3.0894781843926467e-08,5.167099820929666e-12,52.11616611480713
3.0863034794492705e-08,5.148477130734186e-12,52.12310814857483
3.0831316166768374e-08,5.145244039855834e-12,52.129518270492554
3.079961530261244e-08,4.995764652654389e-12,52.13620948791504
3.076797483458904e-08,5.077059866270828e-12,52.14347290992737
3.073636634098875e-08,5.105514535447275e-12,52.14999175071716
3.0704786269097895e-08,5.111249097577986e-12,52.15696382522583
3.067323461891647e-08,5.110405154606923e-12,52.16343450546265
3.064171494315815e-08,5.115759378615525e-12,52.170154094696045
3.061023079453662e-08,5.108331292691393e-12,52.17697882652283
3.057875375134245e-08,4.968016449613533e-12,52.183579206466675
3.054734776242185e-08,5.043483426031559e-12,52.19162893295288
3.051595953706965e-08,5.07157857376761e-12,52.198227405548096
3.048461039156791e-08,5.079726136253404e-12,52.20484447479248
3.045328256234825e-08,5.0768503984111035e-12,52.211599588394165
3.0421993812979053e-08,5.0788687491754025e-12,52.218271255493164
3.039073348531929e-08,5.07222952875197e-12,52.226452112197876
3.035950868479631e-08,5.0853080427182284e-12,52.23303747177124
3.032831230598276e-08,5.08124141720967e-12,52.239622354507446
3.0297147901592325e-08,5.0761760246598175e-12,52.24619960784912
3.0265994155342923e-08,4.918646653168102e-12,52.252838134765625
3.023490791065342e-08,4.987536425526962e-12,52.261022329330444
3.0203850087673345e-08,5.027880889407754e-12,52.267876386642456
3.017281713368902e-08,5.0405005690146165e-12,52.275155782699585
3.014181260141413e-08,5.024172917977854e-12,52.281590938568115
3.011084359627603e-08,5.02814153161002e-12,52.28836011886597
3.00798781438516e-08,4.8764755254671055e-12,52.29543900489807
3.004898374570075e-08,4.942950129066537e-12,52.3020133972168
3.0018117769259334e-08,4.974641358568288e-12,52.3092896938324
2.998727310909999e-08,4.9909919946911074e-12,52.31580662727356
2.995646397607743e-08,4.996024427494916e-12,52.322853088378906
2.992568681747798e-08,5.0004874373177355e-12,52.32935976982117
2.989493808058796e-08,5.0012012760281e-12,52.335877895355225
2.986422487083473e-08,5.003231769856731e-12,52.343340158462524
2.98335116610815e-08,4.835844398531908e-12,52.34996581077576
2.9802844636606096e-08,4.7479836902397654e-12,52.35698413848877
2.9772243337333748e-08,4.862949886524914e-12,52.36343169212341
2.97416420380614e-08,4.767884004275302e-12,52.37014961242676
2.971110113492159e-08,4.8721421862241154e-12,52.37708783149719
2.9680583324420695e-08,4.912411189633703e-12,52.38409161567688
2.965009393562923e-08,4.943247200461798e-12,52.39146327972412
2.9619631192190354e-08,4.951591220381246e-12,52.39817476272583
2.958919687046091e-08,4.944215609842262e-12,52.40494418144226
2.9558796299511414e-08,4.9346607529365816e-12,52.41157650947571
2.9528427702985027e-08,4.928733202819169e-12,52.418500900268555
2.9498066211885998e-08,4.791304939605334e-12,52.426454067230225
2.9467772222346866e-08,4.8593525037166074e-12,52.43316674232483
2.9437501325446647e-08,4.894219144541134e-12,52.44044351577759
2.9407257073899018e-08,4.898082373722135e-12,52.44702076911926
2.9377046573131338e-08,4.900525298057179e-12,52.4538516998291
2.9346866270429928e-08,4.905245480635312e-12,52.46033692359924
2.9316714389437948e-08,4.8908307959116826e-12,52.46731662750244
2.9286594482869077e-08,4.8945708597258886e-12,52.47455382347107
2.9256508327080155e-08,4.900593385953611e-12,52.480897188186646
2.9226423947648072e-08,4.74035827952024e-12,52.48795294761658
2.9196385753493814e-08,4.661756224100255e-12,52.49408006668091
2.9166409731828935e-08,4.775339845775051e-12,52.501089096069336
2.913645147373245e-08,4.816670499951936e-12,52.50846767425537
2.9106494991992804e-08,4.685425224887352e-12,52.51506233215332
2.9076607788169895e-08,4.770250167096535e-12,52.522014141082764
2.9046718807990146e-08,4.661483438833658e-12,52.52893090248108
2.9016893776656616e-08,4.754804189266437e-12,52.53615617752075
2.8987065192609407e-08,4.643956226513257e-12,52.54368829727173
2.8957302333765256e-08,4.7462628445515964e-12,52.55058169364929
2.8927535922207426e-08,4.6431179213934914e-12,52.558581829071045
2.8897833459495814e-08,4.732954046043902e-12,52.565343379974365
2.8868152313066275e-08,4.7704943294257784e-12,52.57215619087219
2.8838496035632488e-08,4.790618856470585e-12,52.57873892784119
2.880887173262181e-08,4.791152283939448e-12,52.58566427230835
2.877927940403424e-08,4.806655073963384e-12,52.59323477745056
2.8749713720799264e-08,4.80413885756148e-12,52.6001558303833
2.8720178235630556e-08,4.792125463809471e-12,52.6068799495697
2.8690648079532366e-08,4.64048417747609e-12,52.61343741416931
2.8661188977707752e-08,4.725041104908234e-12,52.62052607536316
2.8631745863094693e-08,4.743052305078432e-12,52.62737417221069
2.8602336499261583e-08,4.755541013062858e-12,52.634450912475586
2.8572953780781063e-08,4.757827812285065e-12,52.64258432388306
2.854357639137106e-08,4.613827982863361e-12,52.64933395385742
2.8514268279877797e-08,4.6893344242404655e-12,52.65646457672119
2.8484983261023444e-08,4.733187366351421e-12,52.66361403465271
2.8455698242169092e-08,4.593645776262978e-12,52.671029806137085
2.8426455855878885e-08,4.529474885439644e-12,52.67847204208374
2.8397272089364378e-08,4.638449780519638e-12,52.68596863746643
2.8368113191845623e-08,4.696168801054945e-12,52.69437575340271
2.833894718889951e-08,4.5581520329018854e-12,52.70159554481506
2.8309852240226974e-08,4.6545540859088685e-12,52.709717750549316
2.828077505512283e-08,4.693643043673923e-12,52.71686267852783
2.8251729844441797e-08,4.718603546088884e-12,52.72592306137085
2.8222709502756516e-08,4.7248624283902085e-12,52.73284339904785
2.8193715806423825e-08,4.7153708888914014e-12,52.739572286605835
2.8164754084514243e-08,4.7087078160201745e-12,52.74616742134094
2.813579769167518e-08,4.561877351566546e-12,52.753379106521606
2.810688393140026e-08,4.484307890295636e-12,52.76131010055542
2.8078030567257883e-08,4.603388850665802e-12,52.768994092941284
2.804919319032706e-08,4.642377194469249e-12,52.77764916419983
2.8020384235105666e-08,4.667632166194258e-12,52.78520846366882
2.7991603701593704e-08,4.6624063117228776e-12,52.794525384902954
2.7962848037077492e-08,4.653050514336066e-12,52.80239462852478
2.793412612334123e-08,4.6645846907278354e-12,52.81054425239563
2.7905432631314397e-08,4.66773885168803e-12,52.817840576171875
2.7876765784640156e-08,4.657301020533078e-12,52.82629871368408
2.7848130912389024e-08,4.649414967611287e-12,52.833614349365234
2.7819526238204162e-08,4.652721784237368e-12,52.84193801879883
2.779094820937189e-08,4.6459563626810585e-12,52.84904479980469
2.776240215496273e-08,4.641447382686126e-12,52.85646057128906
2.7733882745906158e-08,4.63692235649904e-12,52.86318325996399
2.7705395311272696e-08,4.632245108326938e-12,52.87179923057556
2.7676939851062343e-08,4.635001150249396e-12,52.87865948677063
2.7648507483490903e-08,4.620396513305147e-12,52.88581991195679
2.762007866863314e-08,4.456255676965615e-12,52.89370393753052
2.7591697815410043e-08,4.382358191612479e-12,52.90074586868286
2.7563375581962646e-08,4.497591535312928e-12,52.909045457839966
2.753507288844048e-08,4.546044096720436e-12,52.915674686431885
2.7506768418561478e-08,4.423306339262911e-12,52.92306089401245
2.7478529673885532e-08,4.506491534106427e-12,52.93033313751221
2.7450285600139068e-08,4.387993874505058e-12,52.937315940856934
2.7422107251595662e-08,4.49146362463404e-12,52.944498777389526
2.7393923573981738e-08,4.385534036616123e-12,52.95202159881592
2.736577719986144e-08,4.325349974021453e-12,52.96033310890198
2.7337687669160005e-08,4.445699017252558e-12,52.967621088027954
2.7309617678383802e-08,4.505647591135364e-12,52.97616505622864
2.728154946396444e-08,4.403037396488729e-12,52.98382806777954
2.7253518553038703e-08,4.329897985294595e-12,52.992464542388916
2.7225517840179236e-08,4.282798941879218e-12,52.999738454818726
2.719757397073863e-08,4.4134912738358345e-12,53.00662398338318
2.7169653193936938e-08,4.486356598720764e-12,53.01357293128967
2.714175018070364e-08,4.5089309889945195e-12,53.02107238769531
2.711387558917977e-08,4.5233647556763845e-12,53.02789115905762
2.7086027643008492e-08,4.526799508158819e-12,53.034449338912964
2.7058209894903484e-08,4.534640891951103e-12,53.04295110702515
2.7030390370441637e-08,4.367967359336644e-12,53.050124406814575
2.7002640123896526e-08,4.443069176462977e-12,53.057170391082764
2.6974914746347167e-08,4.476892381116704e-12,53.06393599510193
2.694718581608413e-08,4.351773282007532e-12,53.070717334747314
2.691952261102415e-08,4.423002328973746e-12,53.077810525894165
2.6891878945889403e-08,4.446512168881922e-12,53.08490443229675
2.6864260149750407e-08,4.463946139815489e-12,53.09298610687256
2.6836669775320843e-08,4.467725668588773e-12,53.09955048561096
2.6809109598957548e-08,4.480025725395187e-12,53.106098890304565
2.6781547646237414e-08,4.327525317260328e-12,53.112696170806885
2.6754054971434016e-08,4.400367657059201e-12,53.11946678161621
2.672658183655585e-08,4.438681193430494e-12,53.12762141227722
2.669913357067344e-08,4.442198778958906e-12,53.13425803184509
2.6671713726500457e-08,4.43971769070739e-12,53.14211988449097
2.6644318751323226e-08,4.44040767696996e-12,53.14881467819214
2.6616930881573353e-08,4.287925917112467e-12,53.15618538856506
2.658960518431286e-08,4.355125635124857e-12,53.16242456436157
2.6562277710695525e-08,4.244948576676011e-12,53.16915988922119
2.653501596228125e-08,4.350874695246976e-12,53.1772677898407
2.6507745332082777e-08,4.231036094398677e-12,53.18379330635071
2.6480536874373684e-08,4.329632572602771e-12,53.19199538230896
2.6453347956589823e-08,4.3708535055198006e-12,53.198569774627686
2.6426182131444875e-08,4.3853640337154776e-12,53.205026626586914
2.6399042951652518e-08,4.3981545835847236e-12,53.21166205406189
2.637190732457384e-08,4.247034147975004e-12,53.21822237968445
2.634483742269822e-08,4.332770687370813e-12,53.22714447975159
2.6317787060747833e-08,4.3606073613089436e-12,53.23368549346924
2.6290759791436358e-08,4.368081851086059e-12,53.24030041694641
2.6263762720191153e-08,4.388304823688127e-12,53.24704122543335
2.623676387258911e-08,4.233295571726137e-12,53.25475335121155
2.620980943390805e-08,4.162943427477028e-12,53.261770248413086
2.618290828593217e-08,4.264225257621934e-12,53.269182443618774
2.6156026677881528e-08,4.3143119285438125e-12,53.27722930908203
2.6129169938826635e-08,4.340059128055129e-12,53.28382420539856
2.6102338068767494e-08,4.3464789059588504e-12,53.291905879974365
2.6075507975065193e-08,4.19866181752826e-12,53.2984459400177
2.604871696121336e-08,4.117430354999563e-12,53.30500149726868
2.6021984567137224e-08,4.236939358387426e-12,53.31174087524414
2.5995269936629484e-08,4.300689145086967e-12,53.318397998809814
2.5968551753408065e-08,4.1697314004385255e-12,53.326735734939575
2.5941899295389703e-08,4.254195520164705e-12,53.33365750312805
2.5915239731943984e-08,4.13920200198481e-12,53.34257698059082
2.5888615695635053e-08,4.088022021592197e-12,53.34916543960571
2.58620538318155e-08,4.208041033681997e-12,53.35594391822815
2.5835500849780146e-08,4.259849417653783e-12,53.36329174041748
2.580895142045847e-08,4.147134892440452e-12,53.37009644508362
2.5782435741916743e-08,4.0746637834654376e-12,53.377660512924194
2.5755978683150715e-08,4.195257422706655e-12,53.38445568084717
2.5729537611596243e-08,4.240498143598392e-12,53.39371871948242
2.5703119632680682e-08,4.263720886771294e-12,53.40054249763489
2.5676724746404034e-08,4.270511461818005e-12,53.40842342376709
2.5650335189197904e-08,4.127646575230459e-12,53.41510534286499
2.5624007804481153e-08,4.211149224470079e-12,53.42226004600525
2.5597698183332795e-08,4.233549275034498e-12,53.429039478302
2.557141520753703e-08,4.250819748280454e-12,53.43587899208069
2.5545157100737015e-08,4.258913968019362e-12,53.443798542022705
2.551890077029384e-08,4.1135640900524795e-12,53.450539350509644
2.549268351970113e-08,4.037774455067922e-12,53.45926237106323
2.5466500019888372e-08,4.001634527212028e-12,53.46679186820984
2.5440371587137633e-08,4.133184679927515e-12,53.47642803192139
2.541425736524161e-08,4.1883631979322544e-12,53.48496603965759
2.538813781427507e-08,4.064595014729999e-12,53.49574947357178
2.5362082212154746e-08,4.157192385473296e-12,53.504966259002686
2.5336044373602817e-08,4.190999110254001e-12,53.51370859146118
2.53100296276898e-08,4.203375061212489e-12,53.521692991256714
2.5284043303486214e-08,4.221555830602464e-12,53.52865028381348
2.525808007192154e-08,4.219605134053728e-12,53.53656220436096
2.5232143485709457e-08,4.2171513676969585e-12,53.54392719268799
2.5206231768493126e-08,4.199335757598677e-12,53.55035066604614
2.5180350249343064e-08,4.214023661269772e-12,53.55931496620178
2.5154493599188754e-08,4.2093806738863204e-12,53.566081285476685
2.5128661818030196e-08,4.194247813643637e-12,53.57292914390564
2.5102858458581068e-08,4.190625277344928e-12,53.579726219177246
2.5077092402625567e-08,4.262976256719231e-12,53.58686947822571
2.5051324570313227e-08,4.152916292105013e-12,53.59420156478882
2.50255798306398e-08,4.006048097415782e-12,53.60069012641907
2.4999884828957875e-08,4.027082920604608e-12,53.60841679573059
2.4974212919914862e-08,4.024202412272748e-12,53.61507225036621
2.494857120893812e-08,4.020709980234738e-12,53.62224292755127
2.492295259060029e-08,4.020335713644796e-12,53.62894248962402
2.489736061761505e-08,4.019870807753234e-12,53.63573455810547
2.48717952899824e-08,4.010547102750728e-12,53.64348077774048
2.4846256607702344e-08,4.0045067956073765e-12,53.65020513534546
2.4820744570774878e-08,4.002368748923235e-12,53.658307790756226
2.479526983734104e-08,4.076664353314108e-12,53.665194272994995
2.4769803985691397e-08,4.031374192803305e-12,53.6725640296936
2.474435234489647e-08,3.92526289250128e-12,53.679935455322266
2.471893800759517e-08,3.884784854912837e-12,53.687196254730225
2.4693566302858017e-08,3.932919528243373e-12,53.69409775733948
2.466820347990506e-08,3.874032605127864e-12,53.700936794281006
2.464288328951625e-08,3.929295690902057e-12,53.708884477615356
2.4617595073550547e-08,4.023649469164781e-12,53.71550416946411
2.4592326397510078e-08,4.06350387366361e-12,53.72270750999451
2.4567066603253807e-08,4.003289887088979e-12,53.72968006134033
2.454184766520484e-08,4.047772967502583e-12,53.736469984054565
2.451664293801059e-08,4.0121391452208055e-12,53.744022607803345
2.449146663252577e-08,3.979340728460512e-12,53.75124788284302
2.4466329406891418e-08,4.035972077376382e-12,53.758949279785156
2.4441199286684423e-08,3.9748842238507276e-12,53.765578508377075
2.4416101140900537e-08,3.962888611014348e-12,53.77239227294922
2.439103141682608e-08,3.948005117271336e-12,53.779114723205566
2.4365984785390538e-08,3.93392523417857e-12,53.78590655326843
2.43409790101623e-08,4.00921396775944e-12,53.793713092803955
2.431598211671826e-08,3.967248404790347e-12,53.80036187171936
2.429101009226997e-08,3.945445099101663e-12,53.808269023895264
2.4266070042244792e-08,3.937294934530655e-12,53.81481957435608
2.4241154861215364e-08,3.928018067062e-12,53.82206416130066
2.4216266325538527e-08,3.921063994327678e-12,53.82889699935913
2.4191399106143763e-08,3.906438107020849e-12,53.83563566207886
2.416656208481527e-08,3.900598160438973e-12,53.843395709991455
2.4141751708839365e-08,3.901869279065995e-12,53.84979820251465
2.4116962649145535e-08,3.8949407935029434e-12,53.85717487335205
2.409221266930217e-08,3.957305403506917e-12,53.86381268501282
2.406748222938404e-08,3.98465375278656e-12,53.870630979537964
2.4042760671250107e-08,3.923964018298642e-12,53.8776433467865
2.4018072863896123e-08,3.889972545467746e-12,53.884292125701904
2.3993422360035765e-08,3.953041019522097e-12,53.89251518249512
2.3968782514316445e-08,3.908816846587282e-12,53.898953437805176
2.3944169313949715e-08,3.879352134666947e-12,53.90551042556763
2.3919582758935576e-08,3.859528148464353e-12,53.912015438079834
2.3895026401987707e-08,3.854489644128378e-12,53.91898965835571
2.3870505572176626e-08,3.933553135992973e-12,53.92680597305298
2.3845991847792902e-08,3.881635030761332e-12,53.933271408081055
2.382150654511861e-08,3.863786460917007e-12,53.94047999382019
2.3797046111440068e-08,3.8549155187417306e-12,53.94761633872986
2.3772614099470957e-08,3.835665726009685e-12,53.95440673828125
2.3748219390995473e-08,3.902106936182204e-12,53.961074113845825
2.3723833564304186e-08,3.87383181088552e-12,53.96772789955139
2.3699470830251812e-08,3.840060647936072e-12,53.97588515281677
2.3675138294265707e-08,3.8182729547586725e-12,53.98225116729736
2.365084306177323e-08,3.897914543221637e-12,53.98888397216797
2.362655671106495e-08,3.8478872865788105e-12,53.99529242515564
2.360229700570926e-08,3.827159509445233e-12,54.001989126205444
2.3578063945706162e-08,3.81032748755783e-12,54.00970697402954
2.3553857531055655e-08,3.805578682042343e-12,54.016183614730835
2.3529688419898775e-08,3.8792987919200606e-12,54.02325630187988
2.3505526414169253e-08,3.831788619040877e-12,54.02965831756592
2.348140171193336e-08,3.886074621817226e-12,54.03631567955017
2.345728589148166e-08,3.830785081510024e-12,54.043837547302246
2.3433214479950948e-08,3.876443870759472e-12,54.050222396850586
2.340915905563179e-08,3.885520377666651e-12,54.05716824531555
2.3385116065810507e-08,3.823312760137254e-12,54.063514709472656
2.3361103274055495e-08,3.785076852641511e-12,54.070449113845825
2.333712956215095e-08,3.84712877873894e-12,54.077322244644165
2.331316650838744e-08,3.804487107295085e-12,54.08393216133118
2.3289228323619682e-08,3.77601812664996e-12,54.09166502952576
2.3265320336918194e-08,3.762277815677617e-12,54.098052978515625
2.3241444324639815e-08,3.821837811501805e-12,54.10480737686157
2.3217575417788794e-08,3.772741667684709e-12,54.1121141910553
2.3193738485360882e-08,3.747728256203731e-12,54.11903238296509
2.316992819828556e-08,3.746523490749665e-12,54.126704692840576
2.314614278020599e-08,3.726854328617302e-12,54.1330783367157
2.3122380454765334e-08,3.725961379708043e-12,54.140496253967285
2.3098644774677268e-08,3.729475929470372e-12,54.14709448814392
2.3074932187228114e-08,3.733484008061616e-12,54.15383243560791
2.305125512691575e-08,3.795957471963707e-12,54.160794734954834
2.30275833956739e-08,3.748130278369288e-12,54.16743302345276
2.3003941862498323e-08,3.725653466291057e-12,54.175536155700684
2.2980326974675336e-08,3.718672939023726e-12,54.181966066360474
2.2956747613989137e-08,3.7843114059077365e-12,54.18861484527588
2.2933184240514493e-08,3.804795020712071e-12,54.19505333900452
2.2909635077894563e-08,3.751367272375461e-12,54.20161819458008
2.28861249951251e-08,3.7926150935063685e-12,54.20921564102173
2.2862622017782996e-08,3.730273034907583e-12,54.21574306488037
2.2839151014864e-08,3.7136322662834065e-12,54.2226836681366
2.2815701328227078e-08,3.6973939535056566e-12,54.22923922538757
2.2792280063299586e-08,3.687275311470284e-12,54.237210273742676
2.2768892549152042e-08,3.750852493183965e-12,54.24455714225769
2.2745513916788695e-08,3.704191033765403e-12,54.25137519836426
2.272216192977794e-08,3.680060596533696e-12,54.25961971282959
2.269884724626081e-08,3.747113296731497e-12,54.26602745056152
2.267553966817104e-08,3.697458138274268e-12,54.272639751434326
2.265225873543386e-08,3.670183948423222e-12,54.27992606163025
2.2629006224406112e-08,3.661982609509673e-12,54.28683590888977
2.2605776806017275e-08,3.654976928751941e-12,54.294281244277954
2.258257225662419e-08,3.64697464935726e-12,54.30101490020752
2.2559389023513177e-08,3.634751354064658e-12,54.309319257736206
2.253624309389579e-08,3.708118881395883e-12,54.31591010093689
2.2513102493348924e-08,3.659127688349084e-12,54.322712659835815
2.2489990314511488e-08,3.648876773648668e-12,54.329631328582764
2.2466903004669803e-08,3.6326328230196214e-12,54.33653688430786
2.244384056382387e-08,3.613232543026035e-12,54.344032526016235
2.2420801215616848e-08,3.607855117090941e-12,54.35068988800049
2.2397786736405578e-08,3.608234154170442e-12,54.35830044746399
2.237479712619006e-08,3.5971824477454284e-12,54.36534810066223
2.2351827055899776e-08,3.594807611306816e-12,54.37230038642883
2.232888540731892e-08,3.5992706211296355e-12,54.37914800643921
2.230596685137698e-08,3.6041104996276108e-12,54.38607573509216
2.228306961171711e-08,3.592267108776248e-12,54.39344024658203
2.2260209675550868e-08,3.664325787244849e-12,54.399802684783936
2.2237355068455145e-08,3.6235547982294003e-12,54.4071741104126
2.2214525330355173e-08,3.5980218370673667e-12,54.41404867172241
2.219172401396463e-08,3.5904478175308174e-12,54.42081093788147
2.2168944013856162e-08,3.578392139894082e-12,54.42765474319458
2.2146187106386606e-08,3.5662995993834823e-12,54.43429946899414
2.21234550679128e-08,3.5639215103383526e-12,54.44262933731079
2.210074434572107e-08,3.547032893097546e-12,54.449784994125366
2.2078058492525088e-08,3.5420080497089446e-12,54.456565141677856
2.2055399284681698e-08,3.5477911840969822e-12,54.46355104446411
2.2032759616763542e-08,3.548518250073851e-12,54.47611165046692
2.2010148370554816e-08,3.5478993874737963e-12,54.48541498184204
2.1987556664271324e-08,3.5453536807728003e-12,54.494391202926636
2.1964986274269904e-08,3.543515741250003e-12,54.50283765792847
2.1942440753264236e-08,3.5315856142248414e-12,54.51698279380798
2.191991832489748e-08,3.524572560892336e-12,54.52621293067932
2.1897431423667513e-08,3.5912006875193914e-12,54.536709785461426
2.1874949851508063e-08,3.5501469385773587e-12,54.543915033340454
2.1852493148344365e-08,3.5313601001729644e-12,54.55091714859009
2.1830064866890098e-08,3.53230205502042e-12,54.558350801467896
2.1807657901717903e-08,3.5268550233058527e-12,54.56544280052185
2.178527580554146e-08,3.514100035267864e-12,54.57260704040527
2.176291324929025e-08,3.5036734798155056e-12,54.57965159416199
2.174057733839163e-08,3.496225444571399e-12,54.586363554000854
2.1718262743775085e-08,3.5006422673816706e-12,54.59342384338379
2.169597301815429e-08,3.4905006402602412e-12,54.60046339035034
2.167370460881557e-08,3.4912305251627584e-12,54.6101496219635
2.165145929211576e-08,3.493111182251152e-12,54.61690402030945
2.162924950255274e-08,3.5699390492360816e-12,54.623159885406494
2.1607043265703396e-08,3.5208702273137327e-12,54.62926936149597
2.1584863674206645e-08,3.5045902811725593e-12,54.635616302490234
2.1562707175348805e-08,3.4957013412412197e-12,54.64303517341614
2.1540575545486718e-08,3.4803928402465933e-12,54.6497220993042
2.1518467008263542e-08,3.47072934628323e-12,54.65647482872009
2.1496383340036118e-08,3.4793058191484594e-12,54.66298580169678
2.1474320988090767e-08,3.4731204457544296e-12,54.669748306274414
2.145227995242749e-08,3.453489447538538e-12,54.677286863327026
2.1430260233046283e-08,3.443103224406996e-12,54.684037923812866
2.140826538266083e-08,3.4516476048879197e-12,54.69157695770264
2.1386293624914288e-08,3.438406243755354e-12,54.6979660987854
2.1364344959806658e-08,3.4356766563659047e-12,54.70475721359253
2.1342415834624262e-08,3.4339456191773143e-12,54.711344480514526
2.1320515131151296e-08,3.4313519907402945e-12,54.718239068984985
2.1298633967603564e-08,3.4296894751290052e-12,54.72581672668457
2.1276774120337905e-08,3.4197824693577017e-12,54.73232102394104
2.1254937365711157e-08,3.423795752119374e-12,54.738953590393066
2.1233123703723322e-08,3.414571143195433e-12,54.74538040161133
2.121133135801756e-08,3.4154398059760283e-12,54.752219915390015
2.118956032859387e-08,3.4068915223672835e-12,54.75985407829285
2.1167814168165933e-08,3.4019714129085443e-12,54.76676321029663
2.1146091100376907e-08,3.407150429846073e-12,54.77365589141846
2.1124387572513115e-08,3.3934606426949676e-12,54.78020691871643
2.110271957178611e-08,3.4671638390187942e-12,54.787386655807495
2.1081056900129624e-08,3.4243044597787042e-12,54.7942750453949
2.1059431531966766e-08,3.475041218323205e-12,54.80117607116699
2.1037822151015462e-08,3.5025498126839416e-12,54.808074712753296
2.1016219875491515e-08,3.4302133616187502e-12,54.814049243927
2.099464779803384e-08,3.4012326375482127e-12,54.820364236831665
2.0973100589571914e-08,3.3928656325427076e-12,54.827234745025635
2.09515764737489e-08,3.3846564873735163e-12,54.833497047424316
2.093007189785112e-08,3.3707468240218308e-12,54.83978080749512
2.0908593967305933e-08,3.36965850188109e-12,54.84600520133972
2.0887148011183854e-08,3.4365594137747424e-12,54.85352182388306
2.0865707384132293e-08,3.3979639848386034e-12,54.860368967056274
2.0844289849719644e-08,3.3728143975647606e-12,54.86743187904358
2.0822895407945907e-08,3.3605080523857467e-12,54.87594389915466
2.0801525835167922e-08,3.355993868220386e-12,54.882986307144165
2.078017935502885e-08,3.3539560018169823e-12,54.89049410820007
2.075885419117185e-08,3.346714398666517e-12,54.897207736968994
2.0737548567240083e-08,3.3415533794850516e-12,54.90432047843933
2.0716280246801944e-08,3.4088736607790215e-12,54.91109228134155
2.0695011926363804e-08,3.365309983807685e-12,54.91789174079895
2.0673772027635096e-08,3.3416357788501605e-12,54.92564678192139
2.06525552215453e-08,3.332187173757384e-12,54.93281006813049
2.0631361508094415e-08,3.325353230623773e-12,54.939846992492676
2.0610189110925603e-08,3.327300024044688e-12,54.94638514518738
2.0589038030038864e-08,3.3089980408518294e-12,54.95340275764465
2.0567908265434198e-08,3.306268019781511e-12,54.961182594299316
2.0546799817111605e-08,3.3002916805663363e-12,54.96833920478821
2.0525716237784764e-08,3.2977826198987703e-12,54.97670125961304
2.0504653974739995e-08,3.3076245735397247e-12,54.98334336280823
2.04836130279773e-08,3.3046965771527104e-12,54.98995113372803
2.0462591621139836e-08,3.285926652302207e-12,54.9965136051178
2.0441593306941286e-08,3.286910891034389e-12,55.00346279144287
2.0420616309024808e-08,3.28558252653266e-12,55.01076579093933
2.0399660627390404e-08,3.2831302780589322e-12,55.017839193344116
2.037872803839491e-08,3.2809427917557255e-12,55.0256404876709
2.035781676568149e-08,3.279860324306716e-12,55.03272008895874
2.0336925032893305e-08,3.2819291988922528e-12,55.03976488113403
2.031605639274403e-08,3.2724328889038867e-12,55.046425104141235
2.029520729251999e-08,3.2663388053327802e-12,55.05367994308472
2.0274379508578022e-08,3.25982166607397e-12,55.06111669540405
2.0253576593631806e-08,3.258644873035954e-12,55.06866765022278
2.0232794994967662e-08,3.2604177604284024e-12,55.076518297195435
2.0212032936228752e-08,3.2630198456423676e-12,55.083449602127075
2.0191292193771915e-08,3.2528797364039796e-12,55.09049606323242
2.017057276759715e-08,3.2525672693378693e-12,55.09708118438721
2.014987465770446e-08,3.2492871240852317e-12,55.105310678482056
2.012919964045068e-08,3.2369248340741175e-12,55.11185359954834
2.0108540610408454e-08,3.230946760135467e-12,55.11875534057617
2.008790467300514e-08,3.214665296111252e-12,55.12684416770935
2.006729360459758e-08,3.218309299612976e-12,55.13390111923218
2.0046703852472092e-08,3.2210492953432812e-12,55.14203333854675
2.0026131863914998e-08,3.2217228017328292e-12,55.14887022972107
2.0005584744353655e-08,3.2207973267583956e-12,55.155887603759766
1.9985053612003867e-08,3.2088186274759067e-12,55.16241669654846
1.996454734864983e-08,3.207428897131215e-12,55.169304847717285
1.9944060625221027e-08,3.2011160215617007e-12,55.17710471153259
1.9923596994431136e-08,3.1967009334749052e-12,55.18424582481384
1.9903167114421194e-08,3.2723682704544066e-12,55.192495584487915
1.9882735458054412e-08,3.2262263607168995e-12,55.19944167137146
1.986233222339706e-08,3.206046539361296e-12,55.20616173744202
1.9841948528664943e-08,3.185119485868415e-12,55.212650537490845
1.9821589702928577e-08,3.184564591196537e-12,55.219722270965576
1.9801250417117444e-08,3.18442971644628e-12,55.22763991355896
1.9780932447588384e-08,3.177424252528982e-12,55.23523712158203
1.9760634017984557e-08,3.1752708101739913e-12,55.24300217628479
1.9740360457376482e-08,3.1720156015713208e-12,55.25048589706421
1.97201046603368e-08,3.170774623764694e-12,55.25833082199097
1.9699871955936032e-08,3.1716773304935053e-12,55.26432418823242
1.9679657015103658e-08,3.1643878056070163e-12,55.27174162864685
1.9659463390553356e-08,3.1581644851369495e-12,55.27856922149658
1.9639292858641966e-08,3.153144412237907e-12,55.28563189506531
1.961914186665581e-08,3.1523473068006957e-12,55.29401111602783
1.9599010414594886e-08,3.151146444474451e-12,55.30173397064209
1.9578902055172875e-08,3.151257249936479e-12,55.310227155685425
1.955881145931926e-08,3.144746832731138e-12,55.31691575050354
1.9538743956104554e-08,3.137196448801949e-12,55.323742628097534
1.9518695992815083e-08,3.134938706197965e-12,55.330421924591064
1.9498669345807684e-08,3.136572815712335e-12,55.33735966682434
1.947866223872552e-08,3.1346578978352913e-12,55.344571590423584
1.9458676447925427e-08,3.1305184139407416e-12,55.351298332214355
1.9438713749764247e-08,3.13243354865822e-12,55.359291791915894
1.941876703881462e-08,3.12511648503655e-12,55.3659782409668
1.939884342050391e-08,3.12312220356048e-12,55.37237000465393
1.9378941118475268e-08,3.1228593929538695e-12,55.3792519569397
1.935905835637186e-08,3.1177623417005806e-12,55.38575983047485
1.9339195134193687e-08,3.112573783783934e-12,55.39402222633362
1.9319351451940747e-08,3.1039038526914364e-12,55.40051865577698
1.929952908596988e-08,3.101544628764108e-12,55.4072585105896
1.9279726259924246e-08,3.092568735818535e-12,55.413917541503906
1.9259946526517524e-08,3.0864531850444132e-12,55.42144227027893
1.9240184556679196e-08,3.085222181897773e-12,55.42836546897888
1.922044923219346e-08,3.0936683336618698e-12,55.435359716415405
1.92007263422056e-08,3.0866370657328668e-12,55.44358849525452
1.918102832121349e-08,3.090327473087573e-12,55.45152449607849
1.9161348063789774e-08,3.0851172311274766e-12,55.459587812423706
1.914168912264813e-08,3.085017050846739e-12,55.466729402542114
1.9122049721431722e-08,3.0775581735809077e-12,55.473862648010254
1.9102429860140546e-08,3.0684287576077107e-12,55.480792760849
1.9082831315131443e-08,3.0662620879862157e-12,55.48855018615723
1.9063252310047574e-08,3.056863139352939e-12,55.49539303779602
1.9043696397602616e-08,3.059049107773104e-12,55.50294733047485
1.9024154696012374e-08,3.049721499642777e-12,55.51016354560852
1.9004636087061044e-08,3.044817653216625e-12,55.51740646362305
1.8985140570748626e-08,3.0480806680749373e-12,55.525025606155396
1.8965664594361442e-08,3.0552971177350008e-12,55.53142189979553
1.8946206381542652e-08,3.0600884239756487e-12,55.53821802139282
1.8926769485005934e-08,3.0570025677523205e-12,55.5446879863739
1.890735035203761e-08,3.0478213269152787e-12,55.55132985115051
1.888795253535136e-08,3.0399647642925798e-12,55.558515310287476
1.8868574258590343e-08,3.03692270983702e-12,55.56499481201172
1.884921552175456e-08,3.0381706265375508e-12,55.57184457778931
1.8829878101200848e-08,3.0317102994725786e-12,55.578964948654175
1.881056199692921e-08,3.0384906830188685e-12,55.58588194847107
1.8791261879869126e-08,3.0319470892270495e-12,55.59359312057495
1.8771983079091115e-08,3.0222998582962735e-12,55.60031342506409
1.8752723818238337e-08,3.0171971691916877e-12,55.60720086097717
1.8733484097310793e-08,3.0115504274369487e-12,55.61386847496033
1.8714265692665322e-08,3.0111690051126683e-12,55.62063670158386
1.8695066827945084e-08,3.0044894523684196e-12,55.627477407455444
1.8675875068652203e-08,2.9332571527956874e-12,55.63413143157959
1.865672238920979e-08,2.963362845040396e-12,55.6417076587677
1.8637583920622092e-08,2.9789532385998685e-12,55.64807987213135
1.8618466768316466e-08,2.9842562882659296e-12,55.65491771697998
1.8599367379579235e-08,2.9835333422573163e-12,55.661534786224365
1.8580285754410397e-08,2.98579975847868e-12,55.66816234588623
1.8561223669166793e-08,2.9817012574262503e-12,55.67756915092468
1.8542181123848422e-08,2.979187209428691e-12,55.684197187423706
1.8523159894812125e-08,2.974655461188136e-12,55.6921443939209
1.850415820570106e-08,2.9768431643317772e-12,55.6988730430603
1.848517428015839e-08,2.972412897414567e-12,55.705594301223755
1.8466199236399916e-08,2.8898890658962673e-12,55.712082386016846
1.844726149613507e-08,2.9282813153452825e-12,55.7190318107605
1.842833796672494e-08,2.942146960088765e-12,55.727253437042236
1.840943752995372e-08,2.95168468660012e-12,55.7340087890625
1.8390551304037217e-08,2.95747324199902e-12,55.742050647735596
1.8371686394402786e-08,2.9503469979597075e-12,55.74872279167175
1.835283924833675e-08,2.944431807747061e-12,55.755733489990234
1.8334011642195946e-08,2.94354406300823e-12,55.76248383522034
1.831519291783934e-08,2.8684559068292703e-12,55.76940393447876
1.8296397286121646e-08,2.826035629469037e-12,55.7774121761322
1.827763895789758e-08,2.888753906221675e-12,55.78416132926941
1.8258880629673513e-08,2.837965539653764e-12,55.792054891586304
1.8240157828586234e-08,2.8837808876969184e-12,55.79925537109375
1.822145101471051e-08,2.9113760013910195e-12,55.80608129501343
1.82027584116895e-08,2.9135578498429293e-12,55.81290149688721
1.8184087124950565e-08,2.918935275778023e-12,55.8199245929718
1.8165435378136863e-08,2.921103680122994e-12,55.827656984329224
1.8146788960393678e-08,2.8432124276472903e-12,55.83432340621948
1.812817984614412e-08,2.876022770631481e-12,55.84173512458801
1.810958671910612e-08,2.8884165025055974e-12,55.84836554527283
1.809100957927967e-08,2.895399631858142e-12,55.855032205581665
1.8072451979378457e-08,2.8973178023417034e-12,55.86193656921387
1.8053913919402476e-08,2.896381919026414e-12,55.86899518966675
1.8035395399351728e-08,2.8892994767548696e-12,55.87673759460449
1.8016894642869374e-08,2.8926782844052035e-12,55.88335394859314
1.7998413426312254e-08,2.893799999972857e-12,55.889936447143555
1.7979951749680367e-08,2.8913835301708213e-12,55.89699721336365
1.7961507836616875e-08,2.8868194727055263e-12,55.90399241447449
1.7943081687121776e-08,2.8861479178798888e-12,55.91102981567383
1.792467507755191e-08,2.8794544873478323e-12,55.918280839920044
1.7906289784264118e-08,2.8763658121988556e-12,55.926552534103394
1.788792225454472e-08,2.8800499311809613e-12,55.93411707878113
1.786956005389584e-08,2.7994121777619174e-12,55.94185829162598
1.7851235156740586e-08,2.8310418245802715e-12,55.94899249076843
1.7832928023153727e-08,2.8443877028022646e-12,55.95593476295471
1.7814638653135262e-08,2.8562154811423435e-12,55.96260952949524
1.7796363493971512e-08,2.8549434951535835e-12,55.970096826553345
1.777809721659196e-08,2.7771214147764844e-12,55.97717022895813
1.7759870019062873e-08,2.8186827871756748e-12,55.984158992767334
1.7741655256031663e-08,2.834707945806314e-12,55.99185872077942
1.7723458256568847e-08,2.8457594353908933e-12,55.998717308044434
1.770526658617655e-08,2.76511495991838e-12,56.00541949272156
1.76871086665642e-08,2.7992120340408766e-12,56.01194524765015
1.7668970286877084e-08,2.8148776712311196e-12,56.01905870437622
1.7650849670758362e-08,2.823275684418758e-12,56.026567459106445
1.7632743265494355e-08,2.820499693176326e-12,56.033308267593384
1.7614645742014545e-08,2.7390299230101167e-12,56.039973735809326
1.7596585522028363e-08,2.785761205048587e-12,56.046507358551025
1.7578541289253735e-08,2.807401229890094e-12,56.05378580093384
1.7560511267333823e-08,2.816604805291889e-12,56.06079936027527
1.7542499008982304e-08,2.820521160379341e-12,56.06776428222656
1.752450451419918e-08,2.813662063755329e-12,56.07547688484192
1.750652955934129e-08,2.807808239385645e-12,56.08208417892456
1.748857414440863e-08,2.809752430721346e-12,56.08871817588806
1.747062405854649e-08,2.7345736352407668e-12,56.09594249725342
1.745271127617798e-08,2.7675585347747278e-12,56.10288429260254
1.7434800270166306e-08,2.7018983838472677e-12,56.110589265823364
1.7416912356793546e-08,2.6733912392856718e-12,56.11726236343384
1.7399056417843894e-08,2.7363695077192718e-12,56.12495279312134
1.7381216466105798e-08,2.762295383748614e-12,56.131844997406006
1.736338006708138e-08,2.699335763592381e-12,56.13855528831482
1.734557919519375e-08,2.7432288211837186e-12,56.14514517784119
1.732777832330612e-08,2.6900788454436997e-12,56.151957273483276
1.7310012978555278e-08,2.735862751623852e-12,56.15976095199585
1.7292260068302312e-08,2.751691019139968e-12,56.166486978530884
1.727452669797458e-08,2.7606515164146916e-12,56.173091173172
1.7256796880360525e-08,2.6854777082641057e-12,56.179553270339966
1.7239093708099062e-08,2.6579430930512293e-12,56.186370611190796
1.722142073390387e-08,2.71332804314961e-12,56.19424366950989
1.720376197056339e-08,2.7372290632016183e-12,56.20119643211365
1.7186119194434468e-08,2.7480318368078294e-12,56.20882225036621
1.716849418187394e-08,2.75268393148953e-12,56.21567130088806
1.7150885156524964e-08,2.7491498660880964e-12,56.222742557525635
1.7133293894744384e-08,2.7529153002331386e-12,56.22951865196228
1.711570973839116e-08,2.6793437260530517e-12,56.23651337623596
1.709814867467685e-08,2.6335262096055523e-12,56.24360704421997
1.7080621361742487e-08,2.682389466795998e-12,56.250749588012695
1.706310825966284e-08,2.7177986423876366e-12,56.258646726608276
1.7045611144794748e-08,2.7267292156823997e-12,56.26648426055908
1.702812824078137e-08,2.7290008360741913e-12,56.2736701965332
1.7010663100336387e-08,2.7239588622912647e-12,56.28028917312622
1.6993217499816637e-08,2.733318779646332e-12,56.2877676486969
1.697578966286528e-08,2.7285842855995224e-12,56.29462122917175
1.695837958948232e-08,2.7263911614450187e-12,56.30170822143555
1.6940973068813037e-08,2.64296137059139e-12,56.308918714523315
1.692360562799422e-08,2.6835313485240597e-12,56.31573843955994
1.690625239803012e-08,2.7032362893281148e-12,56.322585582733154
1.6888913378920734e-08,2.709017038471373e-12,56.32946753501892
1.6871592123379742e-08,2.708320330155334e-12,56.336578607559204
1.6854290407763983e-08,2.7061623341512187e-12,56.3440055847168
1.683700290300294e-08,2.701462751414363e-12,56.35159373283386
1.681973316181029e-08,2.694231339764319e-12,56.359007120132446
1.6802484736899714e-08,2.6926091564738464e-12,56.36597275733948
1.6785254075557532e-08,2.7019727601163e-12,56.37332534790039
1.6768039401426904e-08,2.6977276749301504e-12,56.37989044189453
1.675084249086467e-08,2.690792684154064e-12,56.38791370391846
1.673366156751399e-08,2.6835278790771078e-12,56.39492344856262
1.6716500184088545e-08,2.684963579593913e-12,56.40272569656372
1.6699354787874654e-08,2.6758591002706833e-12,56.41051983833313
1.6682228931585996e-08,2.679962371812672e-12,56.41789126396179
1.6665119062508893e-08,2.673550617005027e-12,56.42598867416382
1.6648028733357023e-08,2.671664322065337e-12,56.43359041213989
1.6630954391416708e-08,2.668292886989776e-12,56.44214940071106
1.6613899589401626e-08,2.6689104485472237e-12,56.4491024017334
1.65968607745981e-08,2.6603803795349767e-12,56.455915212631226
1.6579839723362966e-08,2.6640421639523293e-12,56.46283268928528
1.6562836435696227e-08,2.657862645250031e-12,56.470621824264526
1.654585091159788e-08,2.6567086204576373e-12,56.47791647911072
1.652888315106793e-08,2.6598868507060613e-12,56.48469543457031
1.6511933154106373e-08,2.6599506017938035e-12,56.49268579483032
1.649499736799953e-08,2.6507797692976176e-12,56.49945139884949
1.6478081121817922e-08,2.6521729690892615e-12,56.5060293674469
1.646118086284787e-08,2.6425016688702563e-12,56.51250767707825
1.644429836744621e-08,2.636053051188747e-12,56.51950001716614
1.642743718832662e-08,2.6358097562212413e-12,56.527480602264404
1.6410577785563873e-08,2.562648010462354e-12,56.53427505493164
1.6393753909937914e-08,2.5969580218915267e-12,56.54174733161926
1.6376935363382472e-08,2.5371605857915647e-12,56.5483455657959
1.63601470148933e-08,2.5828839934904924e-12,56.55610752105713
1.6343372877258844e-08,2.6095627395084087e-12,56.56337785720825
1.6326614726835942e-08,2.6144852342119274e-12,56.57033729553223
1.6309872563624594e-08,2.62320265335958e-12,56.577515602111816
1.6293133953126926e-08,2.5475754318604604e-12,56.584320068359375
1.627642021162501e-08,2.5018466031506703e-12,56.59227180480957
1.62597384445462e-08,2.557965341279389e-12,56.59889626502991
1.624306733560843e-08,2.5795544086187894e-12,56.605459451675415
1.6226399779384337e-08,2.518857735236968e-12,56.61193346977234
1.6209767750297033e-08,2.5563438085102197e-12,56.61867642402649
1.6193148155707604e-08,2.577599592101798e-12,56.6264443397522
1.6176532113831854e-08,2.50561962671092e-12,56.63306260108948
1.6159951599092892e-08,2.547786851284095e-12,56.639639139175415
1.6143381742494967e-08,2.5680969937408316e-12,56.646183490753174
1.61268189913244e-08,2.5000132172769973e-12,56.65286421775818
1.61102864382201e-08,2.5426384088478304e-12,56.66022849082947
1.6093768095970518e-08,2.562347469620141e-12,56.66688823699951
1.6077255082791453e-08,2.499336458280932e-12,56.67368698120117
1.6060775820392337e-08,2.533920556019309e-12,56.68112301826477
1.6044308992491096e-08,2.556291983646375e-12,56.687819719314575
1.602785815180141e-08,2.5607023012436114e-12,56.69473361968994
1.601142329832328e-08,2.567458181820803e-12,56.70161986351013
1.5995006208413542e-08,2.5719669449753013e-12,56.70930886268616
1.597860332935852e-08,2.563813961478645e-12,56.71605181694031
1.5962218213871893e-08,2.5631018574917563e-12,56.72271513938904
1.594585086195366e-08,2.5647661078265216e-12,56.72966194152832
1.592949949724698e-08,2.5589719145763246e-12,56.73672556877136
1.5913162343395015e-08,2.550388719657626e-12,56.744096517562866
1.5896844729468285e-08,2.545987943039507e-12,56.75094556808472
1.588054310275311e-08,2.5452346393700642e-12,56.75884294509888
1.5864259239606326e-08,2.5494949033866288e-12,56.76552104949951
1.584799314002794e-08,2.5490057113664033e-12,56.77238440513611
1.5831741251304265e-08,2.5363621793117463e-12,56.778929710388184
1.5815507126148987e-08,2.5410832292516172e-12,56.78591537475586
1.5799290764562102e-08,2.5377302256129886e-12,56.79349899291992
1.5783088613829932e-08,2.534215459010225e-12,56.80021142959595
1.5766906003022996e-08,2.5394326398642253e-12,56.80720257759094
1.57507251685729e-08,2.4515001573882644e-12,56.81392288208008
1.573457986125959e-08,2.4907838378634972e-12,56.82118272781372
1.5718450541157836e-08,2.5086566938364863e-12,56.82807517051697
1.5702333655553957e-08,2.5177394891162663e-12,56.835001945495605
1.5686220322663758e-08,2.442176886066627e-12,56.84308981895447
1.5670140740553506e-08,2.4757635178063175e-12,56.85012698173523
1.5654064711156934e-08,2.41802086166365e-12,56.85722303390503
1.563802065618347e-08,2.465399846079963e-12,56.8637855052948
1.5621992588421563e-08,2.4925864323954716e-12,56.87071704864502
1.560597340244385e-08,2.49921004030762e-12,56.877660036087036
1.5589973756391373e-08,2.5000084467874384e-12,56.88434410095215
1.5573975886695735e-08,2.425328601146637e-12,56.89216423034668
1.5558013544136884e-08,2.4632873865670923e-12,56.89879512786865
1.554206363607591e-08,2.477597554201294e-12,56.90549898147583
1.552612793886965e-08,2.4816737206889705e-12,56.91212344169617
1.5510208228874944e-08,2.4854957501874164e-12,56.918940782547
1.5494306282448633e-08,2.488045143175799e-12,56.92642426490784
1.5478420323233877e-08,2.496269900856274e-12,56.933046102523804
1.5462548574873836e-08,2.4883621638910336e-12,56.9396493434906
1.5446696366439028e-08,2.486474351068302e-12,56.94686269760132
1.543084238164738e-08,2.4047337471994057e-12,56.95461845397949
1.541502570034936e-08,2.4406852407177215e-12,56.96170783042908
1.5399225006262895e-08,2.452730510013601e-12,56.96896505355835
1.5383436746674306e-08,2.4597812935817087e-12,56.97653770446777
1.536766447429727e-08,2.463172894817678e-12,56.98322248458862
1.535190641277495e-08,2.4646528307831206e-12,56.98982906341553
1.5336167891177865e-08,2.4629215767540957e-12,56.99633836746216
1.5320441804078655e-08,2.4595412512207204e-12,57.00315737724304
1.5304731704191e-08,2.4540196263966862e-12,57.010502099990845
1.5289042920585416e-08,2.4634088172104107e-12,57.01720929145813
1.5273368347834548e-08,2.4648655512493622e-12,57.0249879360199
1.5257706209581556e-08,2.456590486588084e-12,57.03135061264038
1.5242063611253798e-08,2.4560887178226576e-12,57.03839182853699
1.5226433447423915e-08,2.456434361475246e-12,57.04527306556702
1.521081038902139e-08,2.3693872384933368e-12,57.052313804626465
1.5195221081398813e-08,2.4015366518331804e-12,57.05976366996765
1.5179631773776237e-08,2.346131752414826e-12,57.0665020942688
1.516407621693361e-08,2.392503946693769e-12,57.07310175895691
1.5148533094588856e-08,2.4124437256883846e-12,57.080034255981445
1.5132989972244104e-08,2.348889745901195e-12,57.087069272994995
1.511748237703614e-08,2.3876233021941085e-12,57.094961404800415
1.5101971229114497e-08,2.3343106961282167e-12,57.102062463760376
1.508649738468648e-08,2.38029474602941e-12,57.11014485359192
1.5071032422042663e-08,2.4001373805093706e-12,57.116873264312744
1.5055569235755684e-08,2.3302395169705337e-12,57.12389850616455
1.5040129142107617e-08,2.3000366802111705e-12,57.13041353225708
1.502471924652582e-08,2.3591278670159754e-12,57.13722634315491
1.500931823272822e-08,2.3842286651920563e-12,57.14426136016846
1.4993931429785334e-08,2.396152720685052e-12,57.15100359916687
1.4978560614054004e-08,2.4002072031292787e-12,57.15852499008179
1.4963191574679513e-08,2.3246979428265258e-12,57.16503548622131
1.494785806244181e-08,2.3673129428969375e-12,57.17213153839111
1.4932533431988304e-08,2.381193332789966e-12,57.17877221107483
1.4917226565103192e-08,2.3874710802090915e-12,57.18562150001526
1.4901933909072795e-08,2.390074683306098e-12,57.19313955307007
1.4886643917577658e-08,2.3110894708383567e-12,57.199928283691406
1.4871386788684049e-08,2.3489717115854347e-12,57.20668053627014
1.4856143870645155e-08,2.3710150596351065e-12,57.21346092224121
1.4840914275282557e-08,2.3776202361103227e-12,57.22036647796631
1.4825698890774675e-08,2.3782692395307725e-12,57.227518796920776
1.4810500381656766e-08,2.379493954304812e-12,57.23426651954651
1.4795304537074117e-08,2.301235157292636e-12,57.24176812171936
1.4780142443271416e-08,2.343968985921152e-12,57.24847674369812
1.4764991895788171e-08,2.3589975459148427e-12,57.25545692443848
1.4749856447338061e-08,2.3601908188258802e-12,57.26233530044556
1.4734734321564247e-08,2.3585788270358288e-12,57.2691376209259
1.4719628183001987e-08,2.360870830428463e-12,57.27670693397522
1.4704538031651282e-08,2.3649819082260937e-12,57.28331756591797
1.4689451433014256e-08,2.2872600081297323e-12,57.29060196876526
1.4674396808800338e-08,2.3224451875525354e-12,57.29818773269653
1.4659354619084297e-08,2.338490078662714e-12,57.30530285835266
1.4644317758438774e-08,2.2723125464585436e-12,57.31238508224487
1.462931109585952e-08,2.312365143114503e-12,57.31961965560913
1.4614315979599724e-08,2.3277590792403213e-12,57.32757019996643
1.4599334186016222e-08,2.3370457045285287e-12,57.334733963012695
1.4584368379644275e-08,2.33677140137889e-12,57.342668771743774
1.4569416784127043e-08,2.335904256481336e-12,57.34963130950928
1.4554480287642946e-08,2.339913419274753e-12,57.35638499259949
1.4539559778370403e-08,2.3349462554417277e-12,57.363170862197876
1.4524654368130996e-08,2.3304197113716008e-12,57.37021327018738
1.4509763168746304e-08,2.328232225068394e-12,57.37742233276367
1.4494887956573166e-08,2.3295601558892542e-12,57.3846709728241
1.4480017185292127e-08,2.248423235789998e-12,57.392266035079956
1.4465180164791036e-08,2.2922232688349364e-12,57.39897012710571
1.4450352914252562e-08,2.3106648972676114e-12,57.40553307533264
1.4435540762747223e-08,2.3141202495913227e-12,57.41201615333557
1.4420730387598724e-08,2.242472050065225e-12,57.41876459121704
1.4405952875051753e-08,2.2840277846131185e-12,57.42650580406189
1.4391175362504782e-08,2.221133433427669e-12,57.4332218170166
1.437643071255934e-08,2.2677443690249932e-12,57.43979549407959
1.4361694944398096e-08,2.2849341776293164e-12,57.446367025375366
1.4346975163448406e-08,2.295987618777806e-12,57.453368186950684
1.4332267816996591e-08,2.3009929465273027e-12,57.46074986457825
1.4317575569577912e-08,2.3003595556181367e-12,57.46778869628906
1.4302886874872911e-08,2.222467869461564e-12,57.47521257400513
1.4288216831914724e-08,2.1816519944761747e-12,57.481969118118286
1.427356810523861e-08,2.162934328170385e-12,57.489004135131836
1.4258946023915087e-08,2.230685254567266e-12,57.495734214782715
1.424433548891102e-08,2.266926013225201e-12,57.502578020095825
1.4229722289371693e-08,2.198413543222366e-12,57.510329484939575
1.421513129429286e-08,2.1705777366459733e-12,57.51710104942322
1.4200568720923457e-08,2.2256287524752283e-12,57.52391982078552
1.418601591751667e-08,2.248647882480137e-12,57.53044152259827
1.417147466042934e-08,2.263369613259014e-12,57.53725862503052
1.4156936956055688e-08,2.1937321750820082e-12,57.544124603271484
1.4142432114283565e-08,2.2345389427691487e-12,57.55108714103699
1.4127937930652479e-08,2.2534983861594027e-12,57.55884408950806
1.4113445523378232e-08,2.189215605671868e-12,57.56527590751648
1.4098984202348674e-08,2.2262224615848814e-12,57.571969509124756
1.4084521993140697e-08,2.164988023925507e-12,57.57869362831116
1.4070093534712669e-08,2.218129326048146e-12,57.58557105064392
1.4055673958068837e-08,2.2413750543071043e-12,57.59304165840149
1.4041267704101301e-08,2.2522652146084177e-12,57.59963774681091
1.402687477281006e-08,2.2556500937909174e-12,57.606184005737305
1.4012496940551955e-08,2.2569526542809415e-12,57.612927198410034
1.3998119996472269e-08,2.176722127197883e-12,57.61993098258972
1.3983764368674656e-08,2.1359147089894392e-12,57.62726378440857
1.3969439827121732e-08,2.1929890629129867e-12,57.6339054107666
1.3955125055531425e-08,2.2166216345070877e-12,57.64055848121643
1.3940821830260575e-08,2.2276911218477302e-12,57.64709186553955
1.3926532815844439e-08,2.2347883092688203e-12,57.65419554710388
1.3912258012283019e-08,2.234990621394206e-12,57.66094613075256
1.3897984985078438e-08,2.158048696340731e-12,57.667888879776
1.3883744820475385e-08,2.1967185015459023e-12,57.67552137374878
1.3869505544050753e-08,2.1446611847553143e-12,57.68206596374512
1.385529557751397e-08,2.187502566239341e-12,57.68886351585388
1.3841097157296645e-08,2.2111331862695316e-12,57.695279359817505
1.3826911171577194e-08,2.215303895186649e-12,57.70200538635254
1.381273850853404e-08,2.216104903751681e-12,57.70933151245117
1.379857916816718e-08,2.213559197050685e-12,57.716238498687744
1.3784435815011875e-08,2.214065953146105e-12,57.72301983833313
1.377029423821341e-08,2.1358856523712166e-12,57.72966551780701
1.3756185524016473e-08,2.172882099943374e-12,57.736645460128784
1.3742076809819537e-08,2.119507911194085e-12,57.744118213653564
1.372799829368887e-08,2.1639788485433575e-12,57.75128483772278
1.371393043569924e-08,2.1810485275469693e-12,57.75889849662781
1.3699875012207485e-08,2.1931293586741063e-12,57.76570224761963
1.3685832911392026e-08,2.192860910216199e-12,57.77248740196228
1.3671805021431283e-08,2.190745414937245e-12,57.77920961380005
1.3657791342325254e-08,2.1942029356653014e-12,57.78624987602234
1.364379276225236e-08,2.1962718102508383e-12,57.794212341308594
1.3629807504855762e-08,2.1924532501993443e-12,57.801249742507935
1.3615837346492299e-08,2.192396438005506e-12,57.80965709686279
1.3601868964485675e-08,2.1132136839019378e-12,57.81638312339783
1.3587934333259e-08,2.1517514332825005e-12,57.82317614555359
1.3574009471994941e-08,2.1717647211844104e-12,57.82985472679138
1.3560084610730883e-08,2.098523611826497e-12,57.836891412734985
1.3546192612068353e-08,2.1390166114049203e-12,57.844141721725464
1.3532297948870564e-08,2.0796528561739525e-12,57.85111737251282
1.3518435260095885e-08,2.125082661924571e-12,57.85896182060242
1.3504572571321205e-08,2.074726892023482e-12,57.865540504455566
1.349072586975808e-08,2.0462789449005037e-12,57.872169494628906
1.3476908478082805e-08,2.1095573204954476e-12,57.87895941734314
1.3463099080013308e-08,2.1341201375535412e-12,57.88615584373474
1.344929057012223e-08,2.0722982791571143e-12,57.89349389076233
1.3435513146475841e-08,2.1153580189586796e-12,57.90018105506897
1.342174638097049e-08,2.1420801330634953e-12,57.90719795227051
1.3407979615465138e-08,2.0774840181481125e-12,57.913965463638306
1.3394243936204475e-08,2.11641208031077e-12,57.92104983329773
1.338051802690643e-08,2.134882548521233e-12,57.92794418334961
1.336680455210626e-08,2.137577875122032e-12,57.9348828792572
1.3353106176339224e-08,2.146173863626366e-12,57.94259786605835
1.333940780057219e-08,2.068025872076218e-12,57.949708700180054
1.3325743175585103e-08,2.1069051451411136e-12,57.956403493881226
1.3312087432382214e-08,2.1272168054808915e-12,57.962772369384766
1.3298432577357744e-08,2.057626204837737e-12,57.96968364715576
1.3284807920399544e-08,2.094755575596241e-12,57.97725057601929
1.327119569793922e-08,2.11015775165857e-12,57.984729290008545
1.3257595909976772e-08,2.1251910821418196e-12,57.992438077926636
1.3243997010192743e-08,2.052869809907043e-12,57.99914526939392
1.3230429196653404e-08,2.094229087021282e-12,58.00635242462158
1.3216872041255101e-08,2.1104546062133966e-12,58.01326894760132
1.3203327320354674e-08,2.1187535233224697e-12,58.020243406295776
1.3189795922130543e-08,2.119404044625961e-12,58.027544260025024
1.3176276958404287e-08,2.1163463776591174e-12,58.03443503379822
1.316276065921329e-08,2.039047099569591e-12,58.04227662086487
1.3149264788125947e-08,2.0023568306909434e-12,58.048794984817505
1.3135798226926454e-08,2.0604407936775093e-12,58.05534219741821
1.3122337882975899e-08,2.0881540854084113e-12,58.06193017959595
1.3108891749880058e-08,2.0990689655192574e-12,58.06865072250366
1.3095446504962638e-08,2.029696072672338e-12,58.07603669166565
1.3082019023613611e-08,1.992068185754925e-12,58.08261036872864
1.3068620852152435e-08,2.0510513860233504e-12,58.089123487472534
1.305521912797758e-08,1.9978526211855696e-12,58.095738887786865
1.3041836055549538e-08,1.9730911782894767e-12,58.10251474380493
1.3028467193976212e-08,1.9644912866573216e-12,58.10982012748718
1.3015124977755477e-08,2.0339973195310224e-12,58.11644387245178
1.3001792531497358e-08,2.068963706955418e-12,58.122910022735596
1.298845742070398e-08,1.999439676325654e-12,58.12955188751221
1.2975140961657416e-08,1.9660176264757467e-12,58.13626265525818
1.2961841378000827e-08,1.954061261758011e-12,58.143556118011475
1.2948568439696828e-08,2.023769389916663e-12,58.150442600250244
1.2935302606820187e-08,2.0512406877226663e-12,58.15724015235901
1.2922042103014064e-08,2.0278123798178616e-12,58.16379356384277
1.2908796698241076e-08,2.012450969757218e-12,58.17053532600403
1.2895567280679643e-08,2.006759775713407e-12,58.17741012573242
1.2882350297616085e-08,2.0049292087653825e-12,58.18405556678772
1.28691546308346e-08,2.0413039748118367e-12,58.19165015220642
1.2855960740409955e-08,2.0170178461481614e-12,58.198288440704346
1.2842783725375284e-08,2.005448107925134e-12,58.20510768890381
1.2829627138444266e-08,2.0357029863887766e-12,58.212037563323975
1.2816475880583766e-08,2.0088787404393127e-12,58.21882939338684
1.2803350379897438e-08,2.067162630306485e-12,58.22643256187439
1.2790228431924788e-08,2.0604355895070814e-12,58.233177185058594
1.2777119806628434e-08,2.0589333189768855e-12,58.23981308937073
1.2764025392186795e-08,2.056302393985132e-12,58.24661350250244
1.2750944300421452e-08,2.051308558778664e-12,58.25345993041992
1.2737877419510824e-08,2.0492416357570375e-12,58.260669469833374
1.2724817644027553e-08,2.013079590176825e-12,58.26744794845581
1.2711773855755837e-08,1.995618947869815e-12,58.27501583099365
1.2698745166517256e-08,1.9815401489792217e-12,58.28153347969055
1.2685736017203908e-08,2.0127827356219985e-12,58.288573026657104
1.2672733085139498e-08,1.9889107721882127e-12,58.29525279998779
1.2659745252108223e-08,1.9827735373706412e-12,58.302008628845215
1.2646763636325886e-08,1.9356523762309452e-12,58.30938529968262
1.2633805113182461e-08,1.946728585625057e-12,58.316011905670166
1.2620859912715332e-08,1.9500976354558386e-12,58.32252311706543
1.2607926258567659e-08,1.9538446381639485e-12,58.32914185523987
1.2595005038917861e-08,1.949706888992875e-12,58.33593535423279
1.2582098030122779e-08,1.9516016407095105e-12,58.34351897239685
1.2569204344003992e-08,1.9526632914768083e-12,58.35018062591553
1.2556324868739921e-08,1.951553502133052e-12,58.35660243034363
1.2543456051616886e-08,1.945125050611951e-12,58.36312985420227
1.2530608550775924e-08,1.9843317527329374e-12,58.369988679885864
1.251776460264864e-08,1.96270907512619e-12,58.377368450164795
1.2504934865376072e-08,1.9517718604505907e-12,58.38402795791626
1.2492118450779799e-08,1.9415343898571136e-12,58.39173173904419
1.2479317135216661e-08,1.941607898764408e-12,58.39807367324829
1.2466527365972979e-08,1.9322848442832052e-12,58.404932737350464
1.2453753583940852e-08,1.9344957493533377e-12,58.41155743598938
1.2440990460049761e-08,1.9304547110160497e-12,58.41835260391235
1.2428241547013386e-08,1.9264750385217244e-12,58.426045179367065
1.2415506844831725e-08,1.9295149245729393e-12,58.43267464637756
1.2402783688969521e-08,1.928864836950317e-12,58.43922209739685
1.2390073855783612e-08,1.9261870744247123e-12,58.445820808410645
1.2377377345273999e-08,1.9241273071374243e-12,58.452704668045044
1.236469859833278e-08,1.9608188770586787e-12,58.46018695831299
1.2352031397711016e-08,1.9776526336695577e-12,58.46698808670044
1.233937485523029e-08,1.9867579803545254e-12,58.47389817237854
1.2326730747247439e-08,1.984556182582642e-12,58.48062825202942
1.2314093744691945e-08,1.950702403427651e-12,58.48838973045349
1.2301478058418525e-08,1.964689912495321e-12,58.49547505378723
1.2288867701215622e-08,1.931378234426573e-12,58.502403259277344
1.2276272443045855e-08,1.9113057490860452e-12,58.510265827178955
1.226369761297974e-08,1.9427994369519697e-12,58.51688742637634
1.2251132552876243e-08,1.9562201251238642e-12,58.52337431907654
1.2238574598200103e-08,1.928419880378729e-12,58.530091285705566
1.2226030854378678e-08,1.913570864264802e-12,58.53674101829529
1.2213502209590388e-08,1.9053484918291064e-12,58.54414963722229
1.2200985111121554e-08,1.8935228818933725e-12,58.55088663101196
1.2188483111685855e-08,1.8934012344096196e-12,58.55848574638367
1.2175992658569612e-08,1.893931842952834e-12,58.565083742141724
1.2163516416308084e-08,1.8886441889576222e-12,58.57212519645691
1.2151052608544433e-08,1.8910715007813828e-12,58.57874822616577
1.2138606564349175e-08,1.9169722233203235e-12,58.58547568321228
1.2126164961046015e-08,1.895462953260818e-12,58.593125104904175
1.2113736680419152e-08,1.8835564618430167e-12,58.59994840621948
1.210132882789594e-08,1.9120575348724467e-12,58.60641670227051
1.2088926304443248e-08,1.8923159480349616e-12,58.61358380317688
1.2076537991845271e-08,1.8822057627765343e-12,58.62088751792908
1.206416211374517e-08,1.8738756206448937e-12,58.62788939476013
1.2051800446499783e-08,1.8754210424215545e-12,58.63492298126221
1.2039451213752272e-08,1.867007199882198e-12,58.64261555671692
1.2027113527324218e-08,1.8659828456696337e-12,58.6499547958374
1.2014795380821397e-08,1.9004925671389783e-12,58.658342123031616
1.2002480787032255e-08,1.8776976501433396e-12,58.6650116443634
1.1990183068633087e-08,1.870175889151504e-12,58.671815395355225
1.1977895120196536e-08,1.864908184476266e-12,58.67922043800354
1.196562227079312e-08,1.8638278854316015e-12,58.68626952171326
1.1953360967709159e-08,1.8583090795332158e-12,58.694111824035645
1.1941112987301494e-08,1.8592642616471755e-12,58.70112228393555
1.1928877441391705e-08,1.8518940721190535e-12,58.708946228027344
1.1916654329979792e-08,1.850538602563012e-12,58.716392278671265
1.1904449870314693e-08,1.885664367706763e-12,58.72326874732971
1.189225429243379e-08,1.8985167170998407e-12,58.72993493080139
1.1880064931801826e-08,1.870515678112361e-12,58.73672699928284
1.1867889782024577e-08,1.8546936989688456e-12,58.744558572769165
1.1855728843102042e-08,1.8515900618298886e-12,58.75244426727295
1.1843580338677384e-08,1.8435929866056355e-12,58.76079487800598
1.1831445156929021e-08,1.8409356070808736e-12,58.767741680145264
1.1819321521500115e-08,1.840609912748259e-12,58.7755343914032
1.1807217425996441e-08,1.8696708677795604e-12,58.78291440010071
1.1795115106849607e-08,1.8480475396515095e-12,58.78990650177002
1.1783033215806427e-08,1.8693861562890657e-12,58.7968225479126
1.1770957542012184e-08,1.852022441656276e-12,58.804510831832886
1.1758895190894236e-08,1.8364064609255326e-12,58.81168842315674
1.1746846162452584e-08,1.8310435632995503e-12,58.818827867507935
1.1734810456687228e-08,1.8257563429852075e-12,58.826520681381226
1.1722784520884488e-08,1.820712634478805e-12,58.83345675468445
1.1710774572293303e-08,1.821049821354448e-12,58.84053874015808
1.1698775281843155e-08,1.819373427955351e-12,58.84825682640076
1.168679464313982e-08,1.853770392398757e-12,58.85666275024414
1.1674822886220682e-08,1.863974252724887e-12,58.86375164985657
1.1662857346550481e-08,1.840750859030682e-12,58.87058997154236
1.1650904241378157e-08,1.8198266244634498e-12,58.87744116783142
1.1638965347060548e-08,1.8106264100883895e-12,58.88492512702942
1.1627040663597654e-08,1.8093802281113347e-12,58.89316129684448
1.1615128414632636e-08,1.8118998055399738e-12,58.90014600753784
1.1603226823808654e-08,1.8093082370870817e-12,58.907267570495605
1.1591338555660968e-08,1.8049444317630448e-12,58.91472387313843
1.1579461833832738e-08,1.8009822149236965e-12,58.92168474197388
1.1567596658323964e-08,1.7959288570179588e-12,58.92846179008484
1.1555750134562004e-08,1.8286370681575015e-12,58.93525266647339
1.154391426894108e-08,1.8452296982052196e-12,58.943400382995605
1.1532081956033835e-08,1.8113379719741918e-12,58.950175762176514
1.1520263853981305e-08,1.796354731631311e-12,58.95722031593323
1.150846085096191e-08,1.7929254001597394e-12,58.963690996170044
1.1496669394261971e-08,1.7911423212668698e-12,58.97032690048218
1.1484890372059908e-08,1.7881825577562016e-12,58.97737407684326
1.1473123784355721e-08,1.7873675629831443e-12,58.98396396636963
1.146136874297099e-08,1.7842132936027322e-12,58.99171757698059
1.1449625247905715e-08,1.779245696088838e-12,58.998467206954956
1.1437893299159896e-08,1.7748199828207523e-12,59.00530457496643
1.1426175561268792e-08,1.7714079985839404e-12,59.01296901702881
1.1414469369697144e-08,1.7746543167287965e-12,59.02139401435852
1.140278094169389e-08,1.812420764683853e-12,59.029035329818726
1.1391096066404316e-08,1.7909418522851772e-12,59.03615045547485
1.1379428066504715e-08,1.8139952430787365e-12,59.04403305053711
1.1367765395675633e-08,1.788177028325122e-12,59.05088686943054
1.1356122264771784e-08,1.8069099818815437e-12,59.05886626243591
1.1344483574760034e-08,1.7773367413237429e-12,59.06565308570862
1.1332860871959838e-08,1.767169201770391e-12,59.07231783866882
1.1321248827300678e-08,1.763093685804018e-12,59.07900547981262
1.1309650105317814e-08,1.759960775206404e-12,59.08572316169739
1.1298063817832826e-08,1.7582409053001902e-12,59.09309458732605
1.1286487300310455e-08,1.7529697311780001e-12,59.099895000457764
1.1274930322713317e-08,1.7899542525262602e-12,59.106629371643066
1.1263376009651438e-08,1.7667807321319895e-12,59.11343002319336
1.1251834131087435e-08,1.7495935256128803e-12,59.12040829658508
1.1240306463378147e-08,1.7488564849760246e-12,59.127440214157104
1.1228790341988315e-08,1.7432351135521218e-12,59.13414931297302
1.1217286655096359e-08,1.740627065226208e-12,59.141695499420166
1.120579362634544e-08,1.737248691256743e-12,59.14818811416626
1.1194314808449235e-08,1.7374878662559934e-12,59.15522789955139
1.1182844872337228e-08,1.7325556137329223e-12,59.16195750236511
1.1171387370723096e-08,1.729339327988244e-12,59.168999433517456
1.115994407996368e-08,1.7298126906567513e-12,59.176512002944946
1.114850967098846e-08,1.7300994621313737e-12,59.18343496322632
1.1137089472867956e-08,1.7310545358251161e-12,59.19055700302124
1.1125686150137426e-08,1.7674222545574492e-12,59.19731307029724
1.1114283715585316e-08,1.7427146965093288e-12,59.205604791641235
1.110289638006634e-08,1.7330311448057745e-12,59.212512254714966
1.109152591993734e-08,1.7589583218777238e-12,59.21928119659424
1.1080167006127795e-08,1.7763036050735814e-12,59.22720980644226
1.1068809868675089e-08,1.7441415065683197e-12,59.23383665084839
1.1057467830255518e-08,1.7253107579759397e-12,59.240615367889404
1.1046140002690663e-08,1.7181394111262516e-12,59.24733901023865
1.1034822833266844e-08,1.7128266036406381e-12,59.25421690940857
1.1023517210162481e-08,1.7140760382242104e-12,59.26090598106384
1.1012224909734414e-08,1.7064150656734278e-12,59.267674922943115
1.1000943267447383e-08,1.7066242082725003e-12,59.27560067176819
1.0989673171479808e-08,1.7063390631011366e-12,59.28238773345947
1.0978414621831689e-08,1.703636038664913e-12,59.28961777687073
1.0967168506681446e-08,1.7013832833909226e-12,59.29731464385986
1.095593304967224e-08,1.699423154283286e-12,59.30473589897156
1.094470825080407e-08,1.6974340769776441e-12,59.31138896942139
1.0933498550969034e-08,1.7019787272240516e-12,59.31801414489746
1.0922296844739776e-08,1.6966181064226316e-12,59.325539350509644
1.0911108461186814e-08,1.6941626053423864e-12,59.33192539215088
1.0899929847596468e-08,1.6923691181086609e-12,59.338741302490234
1.0888763668503998e-08,1.6892585420758e-12,59.3454110622406
1.0877609923909404e-08,1.6848853041928624e-12,59.351964235305786
1.0866465061099007e-08,1.6855575095398034e-12,59.35928297042847
1.0855333520964905e-08,1.6849769192764374e-12,59.365947246551514
1.0844214415328679e-08,1.6857372702600015e-12,59.3732168674469
1.083310419147665e-08,1.6805751668763635e-12,59.38090443611145
1.0822007290300917e-08,1.6784660683902275e-12,59.38779139518738
1.0810926376336738e-08,1.713914058419641e-12,59.394638776779175
1.0799848126907818e-08,1.692642662316779e-12,59.401960611343384
1.0788785864690453e-08,1.6839645997079877e-12,59.409834146499634
1.0777731596078866e-08,1.6743006720637554e-12,59.41662287712097
1.0766690650143573e-08,1.6713850355815074e-12,59.42388987541199
1.0755661250527737e-08,1.6720044402826484e-12,59.430445194244385
1.0744642509052937e-08,1.667594664786498e-12,59.43702292442322
1.0733636202076013e-08,1.6629849624097415e-12,59.44482612609863
1.0722641441418546e-08,1.6636972832370645e-12,59.45186901092529
1.0711656450723694e-08,1.6629050567096293e-12,59.45933222770691
1.07006830063483e-08,1.6567652198068439e-12,59.46633696556091
1.068972199647078e-08,1.6588937255118674e-12,59.47388553619385
1.0678772532912717e-08,1.6601503158297781e-12,59.480799198150635
1.066783283931727e-08,1.6554177733468789e-12,59.48768067359924
1.065690469204128e-08,1.6541385232035632e-12,59.49446630477905
1.0645988091084746e-08,1.6454624121586825e-12,59.50144147872925
1.0635083036447668e-08,1.6503258178438007e-12,59.50930380821228
1.0624188639951626e-08,1.6453550761436064e-12,59.51626181602478
1.061330578977504e-08,1.6482471854387115e-12,59.52308893203735
1.0602434485917911e-08,1.6462540965850314e-12,59.529752016067505
1.0591579169272336e-08,1.6815841254180786e-12,59.53665471076965
1.05807256289836e-08,1.654486552100931e-12,59.54411602020264
1.056988629954958e-08,1.6490206552685627e-12,59.55109095573425
1.0559058516435016e-08,1.643735278097913e-12,59.55885553359985
1.0548243167818327e-08,1.6412611287403012e-12,59.565420389175415
1.0537442918234774e-08,1.6702870640414313e-12,59.5720317363739
1.05266462213649e-08,1.6506875076885419e-12,59.57872271537781
1.051586107081448e-08,1.6395378978073527e-12,59.58575987815857
1.0505090131118777e-08,1.636126455671627e-12,59.59356427192688
1.049432807320727e-08,1.627798698784766e-12,59.600810289382935
1.048357844979364e-08,1.628925076421761e-12,59.60836315155029
1.0472839484521046e-08,1.6254054309092214e-12,59.61577391624451
1.0462112065567908e-08,1.6228366307019515e-12,59.62271738052368
1.0451393528398967e-08,1.6171132358536178e-12,59.62946963310242
1.044069009026316e-08,1.61957751897146e-12,59.636730432510376
1.0429994645733132e-08,1.6159742814714217e-12,59.64416980743408
1.0419310747522559e-08,1.6139404266160562e-12,59.651166915893555
1.0408639283809862e-08,1.6185206386937212e-12,59.65887808799744
1.0397977590059782e-08,1.6120697441876497e-12,59.66553974151611
1.0387325666272318e-08,1.6072672706646252e-12,59.67211604118347
1.037668706516115e-08,1.6134303094939018e-12,59.678701877593994
1.0366058234012598e-08,1.6079322118570105e-12,59.68564701080322
1.0355439172826664e-08,1.6053428118084634e-12,59.69307994842529
1.0344833434317025e-08,1.6059063800977214e-12,59.69985365867615
1.0334237465770002e-08,1.6071248064991606e-12,59.70659613609314
1.0323652155364016e-08,1.6051033115485613e-12,59.71307420730591
1.0313076614920647e-08,1.5993813261630518e-12,59.72016453742981
1.0302513508975153e-08,1.5975709253754355e-12,59.72739291191101
1.0291961061170696e-08,1.5954203019460933e-12,59.734084129333496
1.0281418383328855e-08,1.5917461576239744e-12,59.742276191711426
1.0270887251806471e-08,1.5930234562033796e-12,59.74924087524414
1.0260366778425123e-08,1.588409417017933e-12,59.756155014038086
1.024985873954165e-08,1.588127199192435e-12,59.7629771232605
1.0239358694263956e-08,1.5880214894806177e-12,59.77015495300293
1.0228871083484137e-08,1.5840369380765162e-12,59.777456521987915
1.0218394130845354e-08,1.5858502662099982e-12,59.784247398376465
1.0207928724526028e-08,1.5847837365329243e-12,59.791725873947144
1.0197473088169318e-08,1.5830348100084879e-12,59.798378705978394
1.0187027221775224e-08,1.5774139806856713e-12,59.80508852005005
1.0176593789879007e-08,1.579537282220267e-12,59.811811208724976
1.0166169239766987e-08,1.5762331760996173e-12,59.8185076713562
1.0155757124152842e-08,1.5728757272320815e-12,59.82597041130066
1.0145354778501314e-08,1.5717901155967717e-12,59.83261823654175
1.0134963979169243e-08,1.5731550177117137e-12,59.839390993118286
1.0124583837978207e-08,1.5729728717467362e-12,59.84608268737793
1.0114213466749788e-08,1.5720315674205843e-12,59.8530375957489
1.0103853753662406e-08,1.5702000246906045e-12,59.860658168792725
1.009350469871606e-08,1.565387142826724e-12,59.867388010025024
1.008316807826759e-08,1.5686013685872746e-12,59.87505125999451
1.0072839451424898e-08,1.5652210430538993e-12,59.881680488586426
1.0062521482723241e-08,1.5613488149948673e-12,59.88849759101868
1.005221594851946e-08,1.5597594830302208e-12,59.89502811431885
1.0041921072456717e-08,1.5599633130386481e-12,59.901928424835205
1.003163507817817e-08,1.5566560627316983e-12,59.910733699798584
1.0021359742040659e-08,1.5544000548511905e-12,59.918211698532104
1.0011095952222604e-08,1.5513687339971383e-12,59.92636466026306
1.0000842820545586e-08,1.550039502133671e-12,59.933051109313965
9.990599458831184e-09,1.5490547213004024e-12,59.940587520599365
9.980367643436239e-09,1.5465485879787022e-12,59.94709348678589
9.97014559800391e-09,1.549256925005571e-12,59.954116344451904
9.959934210712618e-09,1.549242938797546e-12,59.960997104644775
9.949733481562362e-09,1.544290194853415e-12,59.96786856651306
9.939542522374722e-09,1.5417387418809048e-12,59.97598958015442
9.92936222132812e-09,1.5410900637211067e-12,59.98266124725342
9.919192578422553e-09,1.5348854999486239e-12,59.98941087722778
9.909034481836443e-09,1.535763161607251e-12,59.996018409729004
9.89888526703453e-09,1.5367347151740152e-12,60.00290584564209
