0.019823534414172173,0.020057419314980507,0
0.3631221652030945,0.00865726824849844,0.006800651550292969
0.18140456080436707,0.009346145205199718,0.014652013778686523
0.18417958915233612,0.006779633928090334,0.020934581756591797
0.14557874202728271,0.006954510230571032,0.02708292007446289
0.12823832035064697,0.0049686795100569725,0.033776044845581055
0.12008673697710037,0.005075691267848015,0.04031085968017578
0.10152244567871094,0.004236408043652773,0.047884464263916016
0.09792806208133698,0.0038687540218234062,0.054442644119262695
0.08940339833498001,0.003776171011850238,0.061061859130859375
0.0786026120185852,0.0031172579620033503,0.0679786205291748
0.08083582669496536,0.003271115245297551,0.07451391220092773
0.06479036062955856,0.0027134795673191547,0.08175516128540039
0.07148276269435883,0.0027546423953026533,0.08835387229919434
0.05741840600967407,0.002475582994520664,0.09518098831176758
0.06188015267252922,0.0023373267613351345,0.10178208351135254
0.05351826548576355,0.0022630495950579643,0.10846471786499023
0.05398939549922943,0.002071700757369399,0.11555600166320801
0.04992744326591492,0.0020453634206205606,0.12209272384643555
0.048627350479364395,0.0018982314504683018,0.12894392013549805
0.04597041383385658,0.0018603570060804486,0.1355745792388916
0.04476309195160866,0.0017436275957152247,0.14217591285705566
0.042611315846443176,0.0017247223295271397,0.14934206008911133
0.04102006554603577,0.001598559319972992,0.15586495399475098
0.04034609720110893,0.0016071260906755924,0.16267824172973633
0.037314970046281815,0.0014926044968888164,0.16937017440795898
0.038354646414518356,0.0014758204342797399,0.1760261058807373
0.03461167961359024,0.001429822063073516,0.18306684494018555
0.035642992705106735,0.0013407720252871513,0.18912720680236816
0.03333134576678276,0.001371638965792954,0.1956486701965332
0.032361213117837906,0.001242915284819901,0.20266151428222656
0.032550711184740067,0.0012842933647334576,0.20921826362609863
0.029687456786632538,0.0011994020314887166,0.21660470962524414
0.03102698363363743,0.0011736488668248057,0.22318315505981445
0.028467461466789246,0.001174556789919734,0.23008155822753906
0.028529111295938492,0.0010796424467116594,0.23707890510559082
0.02813548408448696,0.0011243089102208614,0.24372291564941406
0.026031894609332085,0.0010351764503866434,0.2507603168487549
0.02740473672747612,0.001040781382471323,0.25740933418273926
0.0246443971991539,0.0010223406134173274,0.26522207260131836
0.02564828284084797,0.0009532625554129481,0.27188968658447266
0.024357490241527557,0.0009970497339963913,0.27852559089660645
0.023443980142474174,0.0009013530798256397,0.2855570316314697
0.024128101766109467,0.0009399285190738738,0.2921748161315918
0.02187422290444374,0.0008879024535417557,0.29984569549560547
0.023114068433642387,0.0008667170768603683,0.3068733215332031
0.021358197554945946,0.0008779183262959123,0.31456780433654785
0.02146196737885475,0.0008113458170555532,0.32128429412841797
0.02124365232884884,0.0008446022402495146,0.3281104564666748
0.020003585144877434,0.0007894667214713991,0.33511948585510254
0.020695799961686134,0.000792063248809427,0.3420400619506836
0.019304903224110603,0.0007808093214407563,0.3493518829345703
0.019573139026761055,0.000744421558920294,0.3561360836029053
0.019080646336078644,0.0007595965289510787,0.3631429672241211
0.01841582916676998,0.0007193344063125551,0.37103962898254395
0.018674742430448532,0.000722366850823164,0.37802958488464355
0.017736274749040604,0.0007077199988998473,0.3854024410247803
0.01785534806549549,0.0006851098733022809,0.39212870597839355
0.017436040565371513,0.0006899801082909107,0.39983534812927246
0.016964253038167953,0.0006625319947488606,0.4069662094116211
0.01704251952469349,0.0006607474642805755,0.4151737689971924
0.016404764726758003,0.0006500298622995615,0.4218931198120117
0.01634817011654377,0.0006314720958471298,0.42873311042785645
0.016121093183755875,0.0006327687879092991,0.4360663890838623
0.015621522441506386,0.000613754556979984,0.443310022354126
0.015724947676062584,0.0006063809269107878,0.45074963569641113
0.015201454050838947,0.0006032721721567214,0.4575657844543457
0.01504657045006752,0.0005812414456158876,0.4651651382446289
0.015016122721135616,0.0005867459694854915,0.472247838973999
0.01435697078704834,0.0005680989124812186,0.4793858528137207
0.01467667892575264,0.0005601851153187454,0.4868919849395752
0.014012151397764683,0.0005621801828965545,0.4937551021575928
0.013993238098919392,0.0005345185636542737,0.501267671585083
0.013957002200186253,0.0005490441108122468,0.5081045627593994
0.013240650296211243,0.0005227526999078691,0.5155835151672363
0.013760400004684925,0.0005229649832472205,0.5220117568969727
0.012853323481976986,0.0005214529228396714,0.5286121368408203
0.01314372569322586,0.0004943441599607468,0.5356435775756836
0.01286973338574171,0.0005142354057170451,0.5423948764801025
0.012328190729022026,0.00047974628978408873,0.5498590469360352
0.012847604230046272,0.0004917782498523593,0.5562968254089355
0.01181561779230833,0.00048027391312643886,0.5629992485046387
0.012386542744934559,0.0004615661164280027,0.5698421001434326
0.011801517568528652,0.00047915938193909824,0.5765185356140137
0.011585867963731289,0.0004420164623297751,0.5836992263793945
0.011908825486898422,0.0004628474416676909,0.5906188488006592
0.010945833288133144,0.00044079654617235065,0.5985047817230225
0.011643065139651299,0.0004341790918260813,0.6056835651397705
0.010822316631674767,0.0004438981704879552,0.6129119396209717
0.010940397158265114,0.000410392414778471,0.6200940608978271
0.010980465449392796,0.0004342955653555691,0.6269240379333496
0.010227066464722157,0.0004050436255056411,0.6343188285827637
0.010893937200307846,0.0004097282362636179,0.6412575244903564
0.009964527562260628,0.00040971007547341287,0.6489183902740479
0.010339992120862007,0.0003839008277282119,0.6554615497589111
0.010100636631250381,0.0004059630446135998,0.6622602939605713
0.009620684199035168,0.00037369210622273386,0.6694087982177734
0.01014681626111269,0.00038678920827805996,0.6762387752532959
0.009229514747858047,0.00037751326453872025,0.6836857795715332
0.009760113433003426,0.0003612750442698598,0.6903598308563232
0.009290343150496483,0.0003781421692110598,0.6979014873504639
0.009093750268220901,0.0003467031056061387,0.704779863357544
0.009413516148924828,0.0003646430268418044,0.7126309871673584
0.0086091049015522,0.0003479192964732647,0.7210862636566162
0.009187109768390656,0.00034140358911827207,0.7276508808135986
0.008566336706280708,0.000351122347638011,0.7351086139678955
0.008616510778665543,0.0003238590434193611,0.74172043800354
0.008710321970283985,0.00034285522997379303,0.7495033740997314
0.008087900467216969,0.00032152177300304174,0.7561352252960205
0.0086160684004426,0.0003232215822208673,0.7629745006561279
0.007938018068671227,0.0003254671464674175,0.7705273628234863
0.008164438419044018,0.00030448363395407796,0.7771627902984619
0.00805769581347704,0.00032143096905201674,0.7846243381500244
0.007640192750841379,0.0002986145264003426,0.7910950183868408
0.008055100217461586,0.0003058958100154996,0.7985363006591797
0.0074030435644090176,0.000301804713672027,0.8052864074707031
0.007722766138613224,0.00028761784778907895,0.811894416809082
0.007471094373613596,0.00030069780768826604,0.8191931247711182
0.007238900754600763,0.0002789796271827072,0.8257319927215576
0.007518719881772995,0.0002890567702706903,0.8332793712615967
0.006945459637790918,0.00028054314316250384,0.8398721218109131
0.007289916276931763,0.00027232710272073746,0.8470678329467773
0.006953398697078228,0.00028112001018598676,0.8549137115478516
0.006864998023957014,0.000261955545283854,0.8615174293518066
0.007019782438874245,0.00027274020249024034,0.8687076568603516
0.006544296629726887,0.0002616830461192876,0.8752353191375732
0.0068711210042238235,0.0002580258878879249,0.8827848434448242
0.006497372407466173,0.00026297985459677875,0.8893463611602783
0.006509078200906515,0.0002468468155711889,0.8962669372558594
0.006562509573996067,0.0002571379009168595,0.9036142826080322
0.006182442884892225,0.00024489208590239286,0.9101638793945312
0.0064726825803518295,0.0002444771525915712,0.9176750183105469
0.006090973038226366,0.0002463183191139251,0.9242010116577148
0.006169883534312248,0.00023310180404223502,0.9312999248504639
0.006145062856376171,0.000242404974414967,0.9379696846008301
0.005849056411534548,0.00022976241598371416,0.9447574615478516
0.006098112091422081,0.00023163024161476642,0.9517984390258789
0.005722563248127699,0.00023101996339391917,0.9582915306091309
0.005847931373864412,0.0002204084157710895,0.9657747745513916
0.005761568900197744,0.00022857511066831648,0.9726943969726562
0.00553933996707201,0.00021593300334643573,0.9795408248901367
0.005746517796069384,0.00021951275994069874,0.9869613647460938
0.0053846584632992744,0.00021684603416360915,0.9936416149139404
0.005544077605009079,0.00020863828831352293,1.001297950744629
0.005405819043517113,0.0002155713882530108,1.0082929134368896
0.0052515193819999695,0.0002031913900282234,1.0162174701690674
0.005415021441876888,0.00020810082787647843,1.0231733322143555
0.005073185078799725,0.00020361592760309577,1.030334234237671
0.005257307086139917,0.00019772698578890413,1.0374791622161865
0.005073371808975935,0.00020327940001152456,1.0441770553588867
0.0049848780035972595,0.00019142382370773703,1.0528299808502197
0.005100144073367119,0.00019733018416445702,1.059520959854126
0.004786855541169643,0.000191208251635544,1.0675787925720215
0.004984893370419741,0.00018762980471365154,1.0746736526489258
0.004762390628457069,0.00019158048962708563,1.0824031829833984
0.004737590439617634,0.00018060354341287166,1.0891122817993164
0.004799161106348038,0.00018709614232648164,1.0957493782043457
0.004525317810475826,0.0001795812277123332,1.1036434173583984
0.004723581485450268,0.00017826783005148172,1.1109845638275146
0.004473529290407896,0.00018038926646113396,1.1188633441925049
0.004506533034145832,0.00017072692571673542,1.125471830368042
0.004511915147304535,0.00017727099475450814,1.1329593658447266
0.004287400282919407,0.00016877951566129923,1.1396934986114502
0.004470933694392443,0.00016950786812230945,1.1463048458099365
0.004207962192595005,0.00016970834985841066,1.1535093784332275
0.004288149997591972,0.0001617347588762641,1.1601338386535645
0.00423931609839201,0.0001677973777987063,1.167381763458252
0.004070590250194073,0.00015883184096310288,1.1743206977844238
0.004226157907396555,0.00016122221131809056,1.1822340488433838
0.003965735901147127,0.00015958953008521348,1.1888823509216309
0.004079336300492287,0.00015351692854892462,1.1956150531768799
0.003983594942837954,0.00015864957822486758,1.203064203262329
0.0038712425157427788,0.00014975301746744663,1.2099668979644775
0.0039899456314742565,0.000153293352923356,1.2173495292663574
0.0037459528539329767,0.00015010124479886144,1.22428560256958
0.0038777331355959177,0.00014594156527891755,1.2319486141204834
0.003745966125279665,0.00014985742745921016,1.2389037609100342
0.0036858513485640287,0.0001414887810824439,1.2462329864501953
0.0037636456545442343,0.0001456644240533933,1.2537610530853271
0.003546528285369277,0.00014127646863926202,1.2605855464935303
0.0036825931165367365,0.00013888042303733528,1.2680022716522217
0.0035270480439066887,0.0001414613943779841,1.2751011848449707
0.003511162707582116,0.0001339628652203828,1.2837903499603271
0.003548820735886693,0.00013830672833137214,1.2906346321105957
0.0033646065276116133,0.0001331289968220517,1.2986254692077637
0.0034939160104840994,0.000132226079585962,1.305351972579956
0.0033263808581978083,0.00013350236986298114,1.3126392364501953
0.00334500172175467,0.0001270712964469567,1.3198871612548828
0.003346516750752926,0.00013122786185704172,1.3266310691833496
0.0031972224824130535,0.00012563132622744888,1.333942174911499
0.0033123681787401438,0.0001259056298295036,1.3404529094696045
0.00314247771166265,0.0001260100834770128,1.3479809761047363
0.003186044516041875,0.00012070964294252917,1.3545031547546387
0.0031572547741234303,0.00012444292951840907,1.3610258102416992
0.0030416345689445734,0.0001187366942758672,1.367978572845459
0.003138668369501829,0.00011987172183580697,1.3749382495880127
0.002973497612401843,0.00011899141827598214,1.3822836875915527
0.003033719025552273,0.00011478667875053361,1.3887014389038086
0.0029807505197823048,0.00011797025945270434,1.3952276706695557
0.0028959589544683695,0.00011237496073590592,1.4021964073181152
0.0029733488336205482,0.0001141055763582699,1.409059762954712
0.002817576751112938,0.00011242909386055544,1.4165945053100586
0.0028878359589725733,0.0001092377642635256,1.424699306488037
0.0028162647504359484,0.00011181646550539881,1.4325768947601318
0.0027588822413235903,0.00010648179159034044,1.439497470855713
0.002816379303112626,0.00010860250768018886,1.446465015411377
0.00267309183254838,0.0001062896553776227,1.4536795616149902
0.002748350379988551,0.00010401975305285305,1.4602653980255127
0.0026628109626471996,0.00010597686195978895,1.467607021331787
0.0026294076815247536,0.00010100627696374431,1.474254846572876
0.0026676005218178034,0.00010335093247704208,1.4818832874298096
0.0025385799817740917,0.00010054712765850127,1.488595724105835
0.0026150017511099577,9.909785876516253e-05,1.4954454898834229
0.0025194811169058084,0.00010043686052085832,1.5025582313537598
0.0025069816038012505,9.59021708695218e-05,1.5090878009796143
0.002526727505028248,9.833880903897807e-05,1.5165627002716064
0.0024131813552230597,9.516843419987708e-05,1.5231742858886719
0.002487645484507084,9.444605530006811e-05,1.5301563739776611
0.002385440981015563,9.518468141322955e-05,1.536937952041626
0.002390944864600897,9.113792475545779e-05,1.5435609817504883
0.0023930827155709267,9.35585267143324e-05,1.5506560802459717
0.00229609664529562,9.012378723127767e-05,1.5573747158050537
0.0023657961282879114,9.00474187801592e-05,1.5652947425842285
0.0022600821685045958,9.01969033293426e-05,1.571967363357544
0.0022808508947491646,8.668734517414123e-05,1.5788118839263916
0.002266425872221589,8.898975647753105e-05,1.5860333442687988
0.002186564030125737,8.540083217667416e-05,1.5925476551055908
0.0022491926793009043,8.587151387473568e-05,1.6004605293273926
0.0021429844200611115,8.546609024051577e-05,1.6072144508361816
0.0021759457886219025,8.25269817141816e-05,1.614605188369751
0.00214649410918355,8.461676043225452e-05,1.6215033531188965
0.0020841644145548344,8.097757381619886e-05,1.62809419631958
0.002137429779395461,8.190356311388314e-05,1.635561227798462
0.0020337316673249006,8.097851241473109e-05,1.6421892642974854
0.0020758947357535362,7.863073551561683e-05,1.6500592231750488
0.0020332373678684235,8.042870467761531e-05,1.6567111015319824
0.0019879702012985945,7.684896991122514e-05,1.6634912490844727
0.002030334435403347,7.81170601840131e-05,1.670647382736206
0.0019318492850288749,7.673467189306393e-05,1.6772255897521973
0.001980150118470192,7.497051410609856e-05,1.6849331855773926
0.0019262982532382011,7.642577111255378e-05,1.691551923751831
0.0018973656697198749,7.298964919755235e-05,1.6995935440063477
0.0019278647378087044,7.44979697628878e-05,1.7062954902648926
0.0018368931487202644,7.27236911188811e-05,1.7135560512542725
0.0018881765427067876,7.152875332394615e-05,1.7207839488983154
0.0018257156480103731,7.25904101273045e-05,1.7273271083831787
0.0018118356820195913,6.93875044817105e-05,1.734895944595337
0.0018299514194950461,7.102991366991773e-05,1.741363763809204
0.0017482404364272952,6.894589023431763e-05,1.7490766048431396
0.0017999602714553475,6.82719619362615e-05,1.7556076049804688
0.001731218071654439,6.893178215250373e-05,1.7625586986541748
0.0017306683585047722,6.60195219097659e-05,1.7699191570281982
0.0017366292886435986,6.77037169225514e-05,1.7764382362365723
0.0016653863713145256,6.53907482046634e-05,1.784229040145874
0.001715147402137518,6.518598092952743e-05,1.7909295558929443
0.00164256792049855,6.54405084787868e-05,1.7985756397247314
0.0016534646274521947,6.286849384196103e-05,1.8056650161743164
0.0016477075405418873,6.451357330661267e-05,1.8129713535308838
0.0015877564437687397,6.204843521118164e-05,1.8202521800994873
0.001633678562939167,6.22514053247869e-05,1.8267786502838135
0.001559451106004417,6.2114791944623e-05,1.8341631889343262
0.0015798299573361874,5.991413490846753e-05,1.8410553932189941
0.0015631740679964423,6.145158840809017e-05,1.848607063293457
0.0015149465762078762,5.8907255152007565e-05,1.8552405834197998
0.0015553697012364864,5.945652810623869e-05,1.8621177673339844
0.0014815623871982098,5.89485680393409e-05,1.8693561553955078
0.0015094433911144733,5.714091821573675e-05,1.8761298656463623
0.0014829349238425493,5.8510893722996116e-05,1.8838427066802979
0.0014464757405221462,5.595962647930719e-05,1.8903651237487793
0.0014800827484577894,5.67879069421906e-05,1.8970558643341064
0.0014086111914366484,5.593802052317187e-05,1.9044830799102783
0.0014420088846236467,5.453282210510224e-05,1.9114017486572266
0.0014067640295252204,5.56890809093602e-05,1.9184715747833252
0.0013819776941090822,5.319168485584669e-05,1.9251599311828613
0.0014077009400352836,5.4236592404777184e-05,1.9323439598083496
0.0013402738841250539,5.307730316417292e-05,1.9395618438720703
0.0013772747479379177,5.207524009165354e-05,1.9464058876037598
0.0013346746563911438,5.297677489579655e-05,1.9535791873931885
0.001321034855209291,5.059820614405908e-05,1.9602746963500977
0.00133821414783597,5.178698120289482e-05,1.96766996383667
0.0012763767736032605,5.0365077186143026e-05,1.974200963973999
0.001314975437708199,4.9753976782085374e-05,1.9819386005401611
0.0012665020767599344,5.03737319377251e-05,1.988579511642456
0.0012633302249014378,4.8166733904508874e-05,1.995267391204834
0.0012715347111225128,4.943333624396473e-05,2.0024471282958984
0.0012165611842647195,4.779842493007891e-05,2.0093624591827393
0.001254892791621387,4.7555353376083076e-05,2.0166215896606445
0.0012022654991596937,4.7873447329038754e-05,2.023324489593506
0.0012084499467164278,4.589170930557884e-05,2.0300376415252686
0.0012075473787263036,4.716678085969761e-05,2.037463426589966
0.0011606336338445544,4.537253698799759e-05,2.044156789779663
0.0011968662729486823,4.546738637145609e-05,2.0513274669647217
0.001141827553510666,4.547551361611113e-05,2.0577900409698486
0.0011561254505068064,4.376047581899911e-05,2.065211534500122
0.0011463487753644586,4.4980362872593105e-05,2.0716347694396973
0.0011082334676757455,4.3087788071716204e-05,2.079007625579834
0.0011407997226342559,4.347524372860789e-05,2.0862929821014404
0.0010850830003619194,4.3182317313039675e-05,2.092794179916382
0.001106012612581253,4.1761257307371125e-05,2.099958896636963
0.0010879307519644499,4.2870578909059986e-05,2.106962203979492
0.0010590499732643366,4.0939416066976264e-05,2.1137824058532715
0.0010865367949008942,4.157036528340541e-05,2.1220784187316895
0.001031977590173483,4.098931822227314e-05,2.130103826522827
0.0010578323854133487,3.9885595469968393e-05,2.137687921524048
0.0010323573369532824,4.083084058947861e-05,2.1448240280151367
0.0010127840796485543,3.8925514672882855e-05,2.1525423526763916
0.0010340812150388956,3.974090577685274e-05,2.1590285301208496
0.0009823517175391316,3.890031803166494e-05,2.1666436195373535
0.001011357642710209,3.812001159531064e-05,2.17331600189209
0.0009795976802706718,3.8862857763888314e-05,2.1802988052368164
0.000969081767834723,3.703926631715149e-05,2.18723201751709
0.0009834622032940388,3.797877434408292e-05,2.1937475204467773
0.0009359688847325742,3.6917030229233205e-05,2.201303720474243
0.0009664461249485612,3.6450343031901866e-05,2.207955837249756
0.0009297351934947073,3.69654553651344e-05,2.2156982421875
0.0009276364580728114,3.527434091665782e-05,2.222202777862549
0.0009346887236461043,3.6278157494962215e-05,2.2292137145996094
0.0008927169255912304,3.503664265736006e-05,2.23636531829834
0.000922893697861582,3.486968853394501e-05,2.243187189102173
0.0008827444398775697,3.513671617838554e-05,2.2504193782806396
0.000888161244802177,3.362546340213157e-05,2.2571523189544678
0.0008877954096533358,3.4633321774890646e-05,2.2637927532196045
0.0008522783755324781,3.326227670186199e-05,2.2708792686462402
0.0008806456462480128,3.3364070986863226e-05,2.27821946144104
0.0008386059198528528,3.337945236125961e-05,2.2855560779571533
0.000850377487950027,3.208295311196707e-05,2.292034387588501
0.0008428995497524738,3.3039839763659984e-05,2.299553394317627
0.0008144216262735426,3.159279367537238e-05,2.306152105331421
0.0008396656485274434,3.192367876181379e-05,2.3132851123809814
0.0007972517050802708,3.169599949615076e-05,2.3203189373016357
0.0008140656864270568,3.0637256713816896e-05,2.3268649578094482
0.0008000577799975872,3.1496303563471884e-05,2.333767890930176
0.0007788909133523703,3.0025721571291797e-05,2.340193271636963
0.0007999275112524629,3.0541137675754726e-05,2.346980094909668
0.0007585794082842767,3.0087752747931518e-05,2.3542745113372803
0.000779062625952065,2.9278591682668775e-05,2.3607797622680664
0.0007592971087433398,3.0002986022736877e-05,2.3679397106170654
0.0007454014266841114,2.8557742552948184e-05,2.3746349811553955
0.00076145154889673,2.920943188655656e-05,2.3823776245117188
0.0007224930450320244,2.8555377866723575e-05,2.389479637145996
0.0007451821584254503,2.799891444738023e-05,2.396533727645874
0.0007206398877315223,2.855889943020884e-05,2.4038944244384766
0.000713752000592649,2.7183785277884454e-05,2.410592794418335
0.00072426104452461,2.7924052119487897e-05,2.418302297592163
0.0006888110656291246,2.7100219085696153e-05,2.4248597621917725
0.0007123264949768782,2.6788506147568114e-05,2.4324779510498047
0.0006841372232884169,2.716407470870763e-05,2.439483880996704
0.000683660851791501,2.590042095107492e-05,2.4464826583862305
0.0006884072790853679,2.6679434085963294e-05,2.4536032676696777
0.0006573821301572025,2.5723405997268856e-05,2.4601447582244873
0.0006804231670685112,2.5638219085521996e-05,2.467566728591919
0.0006497754366137087,2.5820523660513572e-05,2.4742050170898438
0.0006549273384734988,2.4700764697627164e-05,2.4819605350494385
0.0006539744208566844,2.5472732886555605e-05,2.489135265350342
0.0006280139205045998,2.4425213268841617e-05,2.4967432022094727
0.000649403955321759,2.454077184665948e-05,2.503862142562866
0.0006175325834192336,2.4529108486603945e-05,2.5103583335876465
0.0006273784092627466,2.3578182663186453e-05,2.5175883769989014
0.0006209776038303971,2.430325184832327e-05,2.5243051052093506
0.0006005096947774291,2.3203705495689064e-05,2.5312771797180176
0.0006192667642608285,2.348952148167882e-05,2.5379374027252197
0.0005873696063645184,2.329074777662754e-05,2.5444719791412354
0.0006008296040818095,2.2526768589159474e-05,2.5520823001861572
0.0005895087961107492,2.3168140614870936e-05,2.5585548877716064
0.000574682024307549,2.2058567992644385e-05,2.5662291049957275
0.0005900439573451877,2.2477357561001554e-05,2.5727319717407227
0.0005591827211901546,2.2109519704827107e-05,2.5798044204711914
0.0005751795833930373,2.1537014617933892e-05,2.5869922637939453
0.0005596299888566136,2.206885073974263e-05,2.5938003063201904
0.0005502913845703006,2.0987363313906826e-05,2.6015677452087402
0.0005617099814116955,2.1500891307368875e-05,2.6082355976104736
0.0005329135456122458,2.098400545946788e-05,2.6156578063964844
0.0005502865533344448,2.0604767996701412e-05,2.6221890449523926
0.0005313123110681772,2.1004867448937148e-05,2.6291608810424805
0.0005271972040645778,1.998592597374227e-05,2.6363110542297363
0.0005343425436876714,2.0555877199512906e-05,2.6428332328796387
0.0005083956057205796,1.9917173631256446e-05,2.650691509246826
0.0005261440528556705,1.972002246475313e-05,2.6575560569763184
0.000504621013533324,1.9978204363724217e-05,2.6646649837493896
0.0005052130436524749,1.9049784896196797e-05,2.671234369277954
0.0005079702823422849,1.9640783648355864e-05,2.6780881881713867
0.00048551138024777174,1.890832390927244e-05,2.6851391792297363
0.0005026396247558296,1.8879280105466023e-05,2.6918787956237793
0.00047950164298526943,1.8988912415807135e-05,2.699434518814087
0.0004841756308451295,1.817510201362893e-05,2.7058565616607666
0.00048266167868860066,1.875201087386813e-05,2.7124478816986084
0.0004641289124265313,1.7957796444534324e-05,2.7196719646453857
0.0004798152658622712,1.8074557374347933e-05,2.726184606552124
0.00045596083509735763,1.803954364731908e-05,2.7339019775390625
0.00046397195546887815,1.7355550880893134e-05,2.740551710128784
0.0004584584094118327,1.7890355593408458e-05,2.7479805946350098
0.00044406377128325403,1.7065027350327e-05,2.7544496059417725
0.00045761265209876,1.7302703781751916e-05,2.760985851287842
0.00043396936962381005,1.7129281332017854e-05,2.767986297607422
0.0004444642108865082,1.6587913705734536e-05,2.7744338512420654
0.0004353878612164408,1.705381873762235e-05,2.7818946838378906
0.00042520201532170177,1.622846320969984e-05,2.788259983062744
0.00043608195846900344,1.655876803852152e-05,2.794772148132324
0.0004134364426136017,1.6261261407635175e-05,2.801745891571045
0.0004255826643202454,1.5865156456129625e-05,2.808224678039551
0.0004134940973017365,1.6243624486378394e-05,2.8157479763031006
0.0004073812742717564,1.544580482004676e-05,2.822260618209839
0.0004152355541009456,1.584013079991564e-05,2.8301022052764893
0.0003942645853385329,1.543629332445562e-05,2.836878538131714
0.0004072650626767427,1.518191220384324e-05,2.843348979949951
0.00039278611075133085,1.546029670862481e-05,2.850816488265991
0.0003904680779669434,1.4713979908265173e-05,2.85750150680542
0.0003951219841837883,1.5144008102652151e-05,2.865535020828247
0.00037638857611455023,1.4654307960881852e-05,2.8719964027404785
0.0003894690307788551,1.4533602552546654e-05,2.8789896965026855
0.00037328002508729696,1.4704248314956203e-05,2.8867435455322266
0.00037433390389196575,1.4030463717062958e-05,2.8932294845581055
0.0003757626982405782,1.446886653866386e-05,2.9004437923431396
0.00035969639429822564,1.3915808267483953e-05,2.9069509506225586
0.00037216104101389647,1.391585283272434e-05,2.9146478176116943
0.000354949152097106,1.397671348968288e-05,2.921170711517334
0.00035887325066141784,1.3391252650762908e-05,2.9276647567749023
0.00035718511207960546,1.3814021258440334e-05,2.9346182346343994
0.00034406737540848553,1.3220343134889845e-05,2.9410698413848877
0.0003553469432517886,1.3324232895683963e-05,2.9490299224853516
0.00033777509815990925,1.3278649021231104e-05,2.9555370807647705
0.0003440044529270381,1.2792076631740201e-05,2.962296724319458
0.00033944615279324353,1.317850637860829e-05,2.969297170639038
0.0003294041089247912,1.2567139492603019e-05,2.9758236408233643
0.0003390070633031428,1.2756071555486415e-05,2.9833438396453857
0.0003217180201318115,1.2610530575329904e-05,2.9901206493377686
0.000329654838424176,1.2229328604007605e-05,2.997767210006714
0.0003225579275749624,1.2562476513267029e-05,3.0043301582336426
0.00031559576746076345,1.1954887668252923e-05,3.0114145278930664
0.00032318016747012734,1.220816011482384e-05,3.0187108516693115
0.00030672451248392463,1.1973877917625941e-05,3.0251834392547607
0.00031575755565427244,1.1698946764227003e-05,3.0327706336975098
0.0003065472992602736,1.1966034435317852e-05,3.0393807888031006
0.00030251897987909615,1.138246625487227e-05,3.046476364135742
0.0003078676527366042,1.1678295777528547e-05,3.0535311698913574
0.0002927340683527291,1.1368879313522484e-05,3.0600366592407227
0.0003022663004230708,1.1197288586117793e-05,3.0670783519744873
0.00029141074628569186,1.1389554856577888e-05,3.073535919189453
0.00029010383877903223,1.0846802979358472e-05,3.0812880992889404
0.0002931004564743489,1.1165329851792194e-05,3.0879063606262207
0.00027967567439191043,1.0795558409881778e-05,3.0944175720214844
0.00028916081646457314,1.0720907994254958e-05,3.101551055908203
0.00027716357726603746,1.0833267879206687e-05,3.1079869270324707
0.00027824417338706553,1.0346459930588026e-05,3.115861415863037
0.00027890034834854305,1.0667668902897276e-05,3.1224660873413086
0.00026746673393063247,1.0254545486532152e-05,3.129011392593384
0.0002764278615359217,1.026609697873937e-05,3.1366686820983887
0.00026377715403214097,1.0298614142811857e-05,3.14378023147583
0.00026687196805141866,9.877839147520717e-06,3.1513381004333496
0.0002653067058417946,1.0184715392824728e-05,3.158017158508301
0.00025603309040889144,9.745167517394293e-06,3.165706157684326
0.0002640577149577439,9.830531780607998e-06,3.172220230102539
0.0002512390201445669,9.785755537450314e-06,3.179691791534424
0.0002559336135163903,9.438313099963125e-06,3.187263011932373
0.0002523243601899594,9.71665940596722e-06,3.1937499046325684
0.0002452859771437943,9.266726920031942e-06,3.2016632556915283
0.0002520589914638549,9.411771316081285e-06,3.208956480026245
0.00023950551985763013,9.295649761043023e-06,3.2169458866119385
0.00024536935961805284,9.02487681742059e-06,3.223654270172119
0.0002399748918833211,9.263159881811589e-06,3.2313034534454346
0.0002351452421862632,8.818265996524133e-06,3.238508462905884
0.00024044112069532275,9.00770646694582e-06,3.2458531856536865
0.0002285533701069653,8.828302270558197e-06,3.253636598587036
0.00023514259373769164,8.634958248876501e-06,3.2603940963745117
0.00022827521024737507,8.824078577163164e-06,3.2679920196533203
0.00022553892631549388,8.398681529797614e-06,3.2748501300811768
0.00022920698393136263,8.617143066658173e-06,3.2824127674102783
0.00021832220954820514,8.384339707845356e-06,3.289332151412964
0.0002252146223327145,8.265934411610942e-06,3.296069383621216
0.00021721218945458531,8.399935722991358e-06,3.303558588027954
0.0002164143224945292,8.005696145119146e-06,3.3106396198272705
0.00021839136024937034,8.238889677159023e-06,3.3184638023376465
0.00020876196504104882,7.963912139530294e-06,3.3251795768737793
0.00021558160369750112,7.914938578323927e-06,3.3331239223480225
0.0002067928435280919,7.991266102180816e-06,3.340083599090576
0.00020769583352375776,7.637941962457262e-06,3.347964286804199
0.00020799614139832556,7.87231056165183e-06,3.35516619682312
0.00019981572404503822,7.566775821032934e-06,3.361814498901367
0.00020623064483515918,7.579814337077551e-06,3.369112253189087
0.0001970154989976436,7.598073352710344e-06,3.3761065006256104
0.0001993338082684204,7.293623184523312e-06,3.384632110595703
0.00019804545445367694,7.516641744587105e-06,3.391624927520752
0.00019142510427627712,7.193040346464841e-06,3.399644613265991
0.00019714742666110396,7.25874906493118e-06,3.40621018409729
0.00018783914856612682,7.2213788371300325e-06,3.4133193492889404
0.00019129065913148224,6.970078175072558e-06,3.420596122741699
0.0001885415258584544,7.172215646278346e-06,3.4271416664123535
0.00018353246559854597,6.841460162831936e-06,3.4343080520629883
0.00018834974616765976,6.949926955712726e-06,3.4407248497009277
0.00017925672000274062,6.861038855277002e-06,3.4479525089263916
0.0001835177536122501,6.665882210654672e-06,3.4549882411956787
0.00017950701294466853,6.838133231212851e-06,3.4615330696105957
0.00017608876805752516,6.511822448374005e-06,3.4687142372131348
0.00017982482677325606,6.652241154370131e-06,3.4751853942871094
0.00017123663565143943,6.517335350508802e-06,3.482501745223999
0.00017599930288270116,6.3788002080400474e-06,3.489234685897827
0.00017094479699153453,6.514811957458733e-06,3.495757818222046
0.00016903248615562916,6.203224984346889e-06,3.502936601638794
0.00017159544222522527,6.364242381096119e-06,3.5093958377838135
0.0001637363457120955,6.191065949678887e-06,3.516866445541382
0.00016870879335328937,6.106629825808341e-06,3.5232982635498047
0.00016285496531054378,6.20260470896028e-06,3.5301198959350586
0.00016232718189712614,5.9139865697943605e-06,3.53895902633667
0.00016366835916414857,6.085598215577193e-06,3.546321153640747
0.0001567256695125252,5.8817040553549305e-06,3.5536487102508545
0.00016163264808710665,5.847979537065839e-06,3.5604753494262695
0.00015523216279689223,5.901504209759878e-06,3.5679354667663574
0.00015591659757774323,5.643374151986791e-06,3.5744307041168213
0.00015605366206727922,5.8152513702225406e-06,3.5818989276885986
0.00015016486577223986,5.589477041212376e-06,3.5885322093963623
0.00015476977569051087,5.600832992058713e-06,3.595252513885498
0.0001480658247601241,5.612259883491788e-06,3.602506637573242
0.00014977481623645872,5.389375019149156e-06,3.609527349472046
0.0001487642148276791,5.553373739530798e-06,3.617124319076538
0.00014400806685443968,5.313986548571847e-06,3.6238412857055664
0.00014810659922659397,5.364207936509047e-06,3.6312928199768066
0.00014134959201328456,5.334519755706424e-06,3.6381070613861084
0.0001438603940187022,5.15122110300581e-06,3.6452834606170654
0.00014181116421241313,5.299077656673035e-06,3.6526432037353516
0.0001382146729156375,5.055321253166767e-06,3.659144639968872
0.00014165372704155743,5.136272193340119e-06,3.666895866394043
0.00013506130198948085,5.069252438261174e-06,3.6735541820526123
0.00013815272541251034,4.926753263134742e-06,3.6822211742401123
0.0001351972750853747,5.052924734627595e-06,3.689776659011841
0.00013274700904730707,4.8123843043867964e-06,3.6967508792877197
0.00013540705549530685,4.916673788102344e-06,3.7038769721984863
0.0001291846128879115,4.8160009100683965e-06,3.710516929626465
0.0001326305791735649,4.715045179182198e-06,3.718308210372925
0.00012892557424493134,4.81461256640614e-06,3.7248525619506836
0.00012756620708387345,4.5847737055737525e-06,3.732382297515869
0.00012937378778588027,4.7043245103850495e-06,3.739912509918213
0.00012368788884487003,4.575323600874981e-06,3.747976064682007
0.0001272775698453188,4.514365173236001e-06,3.7545883655548096
0.00012299996160436422,4.584302132570883e-06,3.7611827850341797
0.00012263878306839615,4.371564500615932e-06,3.769167900085449
0.00012356371735222638,4.498636826610891e-06,3.7767019271850586
0.00011855179036501795,4.34705771112931e-06,3.7841219902038574
0.00012208640691824257,4.323547273088479e-06,3.7909653186798096
0.00011741721391445026,4.362223080534022e-06,3.798625946044922
0.00011793200246756896,4.171919954387704e-06,3.8067121505737305
0.00011798681225627661,4.2991505324607715e-06,3.8160243034362793
0.00011373675806680694,4.131617970415391e-06,3.8236029148101807
0.000117045572551433,4.141240424360149e-06,3.8312551975250244
0.00011217370047233999,4.148530024394859e-06,3.8383708000183105
0.00011341916979290545,3.984748673246941e-06,3.8460817337036133
0.00011264321074122563,4.105756033823127e-06,3.8537161350250244
0.0001092257080017589,3.928195383195998e-06,3.8602514266967773
0.00011215730046387762,3.966673830291256e-06,3.8679380416870117
0.000107254134491086,3.943435785913607e-06,3.874413251876831
0.0001090799632947892,3.808923111137119e-06,3.881862163543701
0.00010754798859125003,3.918113634426845e-06,3.8884356021881104
0.00010497591574676335,3.737164888661937e-06,3.895134687423706
0.00010742284939624369,3.7985250855854247e-06,3.902559280395508
0.00010265308810630813,3.7473187148862053e-06,3.909130811691284
0.0001048891426762566,3.6434664707485354e-06,3.916623592376709
0.00010270535130985081,3.736147618838004e-06,3.9233734607696533
0.00010096531332237646,3.557927129804739e-06,3.930097818374634
0.00010284315067110583,3.636277142504696e-06,3.936861991882324
9.834625234361738e-05,3.5604350614448776e-06,3.943373441696167
0.00010083609231514856,3.4870604395109694e-06,3.950355052947998
9.811737254494801e-05,3.560069444574765e-06,3.9569039344787598
9.716583008412272e-05,3.3898616038641194e-06,3.964582920074463
9.842235158430412e-05,3.4794327348208753e-06,3.9720585346221924
9.432752995053306e-05,3.3824678666860564e-06,3.9794387817382812
9.690722799859941e-05,3.339088152642944e-06,3.986980676651001
9.378512913826853e-05,3.3896949389600195e-06,3.9937188625335693
9.35523712541908e-05,3.2326286145689664e-06,4.00097131729126
9.416467946721241e-05,3.3274673114647157e-06,4.0075297355651855
9.056962153408676e-05,3.2138336791831534e-06,4.015162229537964
9.309920278610662e-05,3.198249260094599e-06,4.021677255630493
8.970443741418421e-05,3.2255113637802424e-06,4.028221845626831
9.009917266666889e-05,3.0853245789330686e-06,4.035521030426025
9.007897460833192e-05,3.1801046134205535e-06,4.0420379638671875
8.704521314939484e-05,3.0546457310265396e-06,4.0493223667144775
8.940165571402758e-05,3.0636767860414693e-06,4.055788040161133
8.586995681980625e-05,3.0675469133711886e-06,4.062366485595703
8.67904964252375e-05,2.947119128293707e-06,4.069390296936035
8.617204002803192e-05,3.037085889445734e-06,4.075878858566284
8.374248136533424e-05,2.9044508664810564e-06,4.083078384399414
8.581997826695442e-05,2.934656095021637e-06,4.089586496353149
8.22783331386745e-05,2.915930281233159e-06,4.096340656280518
8.360192441614345e-05,2.817525910359109e-06,4.103271484375
8.244859054684639e-05,2.8981539799133316e-06,4.109866142272949
8.063057612162083e-05,2.7635171591100516e-06,4.117020606994629
8.234642882598564e-05,2.8104348075430607e-06,4.123896837234497
7.891801215009764e-05,2.770869514279184e-06,4.131285905838013
8.052923658397049e-05,2.6953828182740835e-06,4.138068675994873
7.891162385931239e-05,2.7635298920358764e-06,4.145306348800659
7.769607327645645e-05,2.6311154215363786e-06,4.152235507965088
7.899138290667906e-05,2.6906016046268633e-06,4.15929651260376
7.577633368782699e-05,2.632539235492004e-06,4.167106866836548
7.755350088700652e-05,2.5801400624914095e-06,4.173765420913696
7.556100172223523e-05,2.633140866237227e-06,4.181278944015503
7.491160795325413e-05,2.5071888103411766e-06,4.187948226928711
7.575586641905829e-05,2.5745378025021637e-06,4.1947715282440186
7.283990998985246e-05,2.5011181605805177e-06,4.2017998695373535
7.46732039260678e-05,2.470759454809013e-06,4.209815740585327
7.240079139592126e-05,2.507137651264202e-06,4.219661712646484
7.226155867101625e-05,2.3911256903375033e-06,4.227153778076172
7.264370651682839e-05,2.462071506670327e-06,4.235706567764282
7.009470573393628e-05,2.3765235255268635e-06,4.244246482849121
7.187826849985868e-05,2.3667832920182263e-06,4.257817983627319
6.942545587662607e-05,2.3855561721575214e-06,4.268629312515259
6.973176641622558e-05,2.282414698129287e-06,4.277293682098389
6.9660265580751e-05,2.352960109419655e-06,4.285522937774658
6.752190529368818e-05,2.258887889183825e-06,4.292459487915039
6.916882557561621e-05,2.2673636976833222e-06,4.300467491149902
6.663201929768547e-05,2.2686251668346813e-06,4.307047367095947
6.730373570462689e-05,2.180516958105727e-06,4.313730716705322
6.680712249362841e-05,2.247075371997198e-06,4.320081949234009
6.510843377327546e-05,2.147948180208914e-06,4.326264381408691
6.65452316752635e-05,2.1720102267863695e-06,4.3330724239349365
6.401575228665024e-05,2.1564369490079116e-06,4.339046955108643
6.496863352367654e-05,2.084804236801574e-06,4.345979928970337
6.409282650565729e-05,2.144273139492725e-06,4.354156732559204
6.283550465013832e-05,2.0437939838302555e-06,4.360749959945679
6.400342681445181e-05,2.080236981782946e-06,4.367428541183472
6.156870949780568e-05,2.0490665519901086e-06,4.373915910720825
6.271312304306775e-05,1.99476994566794e-06,4.381318807601929
6.151472189230844e-05,2.044549319180078e-06,4.387816905975342
6.0685924836434424e-05,1.9461638203210896e-06,4.394372224807739
6.155135633889586e-05,1.9914614313165657e-06,4.4013214111328125
5.9281497669871897e-05,1.9468054688331904e-06,4.407814025878906
6.0530572227435187e-05,1.909673073896556e-06,4.415151834487915
5.907666854909621e-05,1.947965756698977e-06,4.422001600265503
5.864844570169225e-05,1.854676384027698e-06,4.428742408752441
5.918853639741428e-05,1.9055695474889944e-06,4.435553550720215
5.714333747164346e-05,1.849595719249919e-06,4.442071437835693
5.841913298354484e-05,1.8289525769432657e-06,4.449387073516846
5.677990702679381e-05,1.8545915736467578e-06,4.455903768539429
5.670703831128776e-05,1.7691504581307527e-06,4.463054418563843
5.691874321200885e-05,1.8222671087642084e-06,4.471137523651123
5.514262375072576e-05,1.7575858919371967e-06,4.477677822113037
5.637107460643165e-05,1.7521349491289584e-06,4.484330892562866
5.461704859044403e-05,1.764606281540182e-06,4.490769624710083
5.4851909226272255e-05,1.6889681546672364e-06,4.497960567474365
5.4743730288464576e-05,1.7414896547052194e-06,4.504449844360352
5.326707105268724e-05,1.6706289898138493e-06,4.510915279388428
5.438797961687669e-05,1.6787071217549965e-06,4.51744818687439
5.2589493861887604e-05,1.6779739553385298e-06,4.523848056793213
5.3070700232638046e-05,1.6139194940478774e-06,4.530418157577515
5.26695184817072e-05,1.662953991399263e-06,4.537702798843384
5.1504273869795725e-05,1.5888857660684153e-06,4.544783115386963
5.246815271675587e-05,1.6081469311757246e-06,4.551751613616943
5.0689825002336875e-05,1.594978925822943e-06,4.55863618850708
5.1356815674807876e-05,1.5433577118528774e-06,4.566039800643921
5.0696115067694336e-05,1.5867874481045874e-06,4.572666168212891
4.984239421901293e-05,1.5120698435566737e-06,4.579541921615601
5.061303818365559e-05,1.540190510240791e-06,4.586421251296997
4.891124626738019e-05,1.5156597328314092e-06,4.593206167221069
4.970268491888419e-05,1.476880697737215e-06,4.600232362747192
4.88248624606058e-05,1.5129293160498491e-06,4.6066553592681885
4.8268731916323304e-05,1.4400784493773244e-06,4.61461067199707
4.882223947788589e-05,1.4745207863597898e-06,4.621108055114746
4.72476749564521e-05,1.4400296777239419e-06,4.627810716629028
4.8102800064953044e-05,1.414066787219781e-06,4.634948492050171
4.7056208131834865e-05,1.441363792764605e-06,4.641377210617065
4.677479591919109e-05,1.3726729548579897e-06,4.6484410762786865
4.709956920123659e-05,1.4109029962128261e-06,4.65491247177124
4.569063457893208e-05,1.368244738841895e-06,4.661532402038574
4.6552169806091115e-05,1.354526830255054e-06,4.668289422988892
4.538674693321809e-05,1.3722459470955073e-06,4.674739837646484
4.535109474090859e-05,1.309544813921093e-06,4.681769609451294
4.544665716821328e-05,1.3492045809471165e-06,4.688174724578857
4.423081918503158e-05,1.3002764944758383e-06,4.695279836654663
4.505275865085423e-05,1.2976997822988778e-06,4.702486038208008
4.3817988625960425e-05,1.3056051102466881e-06,4.708978891372681
4.398778037284501e-05,1.2504582400651998e-06,4.71615195274353
4.386471846373752e-05,1.289324245590251e-06,4.722633361816406
4.286081821192056e-05,1.2361157359919162e-06,4.729142427444458
4.360141247161664e-05,1.2433615665941034e-06,4.735967636108398
4.234462176100351e-05,1.241577479049738e-06,4.742555379867554
4.267795156920329e-05,1.195089794236992e-06,4.749895095825195
4.235616870573722e-05,1.2311633099670871e-06,4.756333112716675
4.1571194742573425e-05,1.175751322080032e-06,4.762885570526123
4.219548645778559e-05,1.191242404274817e-06,4.769699811935425
4.096311022294685e-05,1.1801182608905947e-06,4.776153802871704
4.14173373428639e-05,1.143084091381752e-06,4.783265590667725
4.0922601328929886e-05,1.1746607242457685e-06,4.7896740436553955
4.0352093492401764e-05,1.1191522162334877e-06,4.79621148109436
4.083887324668467e-05,1.1409048283894663e-06,4.803112983703613
3.9669626858085394e-05,1.1214556252525654e-06,4.809560537338257
4.020010965177789e-05,1.0940675565507263e-06,4.817069053649902
3.95630813727621e-05,1.1199274467799114e-06,4.823453426361084
3.919656228390522e-05,1.0660730822564801e-06,4.830017805099487
3.9531249058200046e-05,1.0922825595116592e-06,4.837131023406982
3.845756873488426e-05,1.065552055479202e-06,4.845938682556152
3.9023510908009484e-05,1.0477202749825665e-06,4.85384726524353
3.8276182749541476e-05,1.0670073606888764e-06,4.860670804977417
3.809687405009754e-05,1.0163439583266154e-06,4.868455410003662
3.82729631382972e-05,1.045235876517836e-06,4.874939918518066
3.731945253093727e-05,1.012475081552111e-06,4.8826775550842285
3.788308094954118e-05,1.0037758784164907e-06,4.889479875564575
3.70631787518505e-05,1.0157572205571341e-06,4.896874666213989
3.704672781168483e-05,9.698769645183347e-07,4.9036338329315186
3.7067413359181955e-05,9.994785159506137e-07,4.910328149795532
3.625059252954088e-05,9.623378218748257e-07,4.9176201820373535
3.678015491459519e-05,9.617930345484638e-07,4.924259662628174
3.592110442696139e-05,9.664543085818877e-07,4.932308673858643
3.6039011320099235e-05,9.26360542052862e-07,4.938832759857178
3.591510176192969e-05,9.55032987803861e-07,4.945729970932007
3.5243348975200206e-05,9.15089231057209e-07,4.952753067016602
3.5712862882064655e-05,9.215621048497269e-07,4.961483955383301
3.484840999590233e-05,9.190541163661692e-07,4.968857526779175
3.5071487218374386e-05,8.855340070113016e-07,4.975461959838867
3.4814242098946124e-05,9.120095114667492e-07,4.982803106307983
3.4293014323338866e-05,8.705495702088228e-07,4.989231586456299
3.4680680983001366e-05,8.830034516904561e-07,4.99629020690918
3.3839038223959506e-05,8.736302561374032e-07,5.003044366836548
3.41379018209409e-05,8.471919841213094e-07,5.0096330642700195
3.376810491317883e-05,8.701731530891266e-07,5.017059326171875
3.339210888952948e-05,8.288238291243033e-07,5.023541688919067
3.368413308635354e-05,8.457589615318284e-07,5.030395269393921
3.28910282405559e-05,8.30288399811252e-07,5.037272691726685
3.323553391965106e-05,8.110623070933798e-07,5.045176029205322
3.2775609724922106e-05,8.296026408061152e-07,5.052576541900635
3.2535561331314966e-05,7.897440923443355e-07,5.05910587310791
3.2722924515837803e-05,8.097628096948029e-07,5.066548109054565
3.200055652996525e-05,7.889530593274685e-07,5.073056697845459
3.236268457840197e-05,7.768942964503367e-07,5.079930305480957
3.183431545039639e-05,7.903790901764296e-07,5.0866570472717285
3.171790376654826e-05,7.53138237996609e-07,5.0936102867126465
3.1799409043742344e-05,7.748631105641834e-07,5.100533485412598
3.116168227279559e-05,7.497977776438347e-07,5.107073783874512
3.151692362735048e-05,7.444372158715851e-07,5.114608526229858
3.0945840990170836e-05,7.524477041442879e-07,5.121262788772583
3.0935549148125574e-05,7.188936592683604e-07,5.127775192260742
3.091183680226095e-05,7.410470743707265e-07,5.135185956954956
3.0370290915016085e-05,7.127226240299933e-07,5.141712427139282
3.069757076445967e-05,7.134961492738512e-07,5.1493659019470215
3.010673935932573e-05,7.158711241572746e-07,5.156023025512695
3.0182100090314634e-05,6.869270805509586e-07,5.1630213260650635
3.0063481972320005e-05,7.080483328536502e-07,5.1698079109191895
2.962176949949935e-05,6.778860210943094e-07,5.176297903060913
2.990398570545949e-05,6.837767045908549e-07,5.183623790740967
2.9315915526240133e-05,6.807359795857337e-07,5.190231561660767
2.9458245990099385e-05,6.568259891537309e-07,5.197918176651001
2.925340595538728e-05,6.761130748600408e-07,5.204562187194824
2.8911628760397434e-05,6.450914611377812e-07,5.211464881896973
2.9137463570805266e-05,6.551863407366909e-07,5.21870231628418
2.856978971976787e-05,6.471498181781499e-07,5.225169658660889
2.875722748285625e-05,6.285999347710458e-07,5.232736587524414
2.84812122117728e-05,6.450729870266514e-07,5.239376544952393
2.8236827347427607e-05,6.143190489638073e-07,5.24630880355835
2.839561057044193e-05,6.276674753280531e-07,5.253105878829956
2.7866028176504187e-05,6.150139597593807e-07,5.259608745574951
2.807944292726461e-05,6.020005685059004e-07,5.26711893081665
2.774664062599186e-05,6.149796263343887e-07,5.273598670959473
2.7592828701017424e-05,5.855069389326673e-07,5.281257390975952
2.7680749553837813e-05,6.010149604662729e-07,5.287930011749268
2.720156953728292e-05,5.84480801535392e-07,5.295160293579102
2.742266224231571e-05,5.768064283984131e-07,5.302478551864624
2.70497130259173e-05,5.858503300260054e-07,5.309078931808472
2.697486343095079e-05,5.586137490354304e-07,5.3166539669036865
2.6993460778612643e-05,5.750726472797396e-07,5.323503255844116
2.657254481164273e-05,5.556300379794266e-07,5.331305742263794
2.6785761292558163e-05,5.527921871362196e-07,5.338214159011841
2.6389601771370508e-05,5.577378487942042e-07,5.345456123352051
2.6380483177490532e-05,5.334838419912558e-07,5.352836847305298
2.633170697663445e-05,5.499418875842821e-07,5.359887599945068
2.5976391043514013e-05,5.283167183733894e-07,5.367264270782471
2.6168447220698e-05,5.298820724419784e-07,5.374249219894409
2.576262704678811e-05,5.307168180479493e-07,5.381897687911987
2.580894943093881e-05,5.098374344925105e-07,5.388491153717041
2.569860953371972e-05,5.255263317849312e-07,5.395596742630005
2.540982313803397e-05,5.025966629546019e-07,5.402724981307983
2.5568609999027103e-05,5.079947982267186e-07,5.409188747406006
2.5170258595608175e-05,5.046228466198954e-07,5.417106628417969
2.5255660148104653e-05,4.878423283116717e-07,5.423527479171753
2.5091587303904817e-05,5.017608941670915e-07,5.430438995361328
2.486968514858745e-05,4.785035230270296e-07,5.437312841415405
2.4989118173834868e-05,4.868168161920039e-07,5.4438300132751465
2.4608112653368153e-05,4.797977908310713e-07,5.450735092163086
2.4720109649933875e-05,4.670336863910052e-07,5.457429647445679
2.4511939045623876e-05,4.787447664966749e-07,5.465139865875244
2.4353361368412152e-05,4.5585426278194063e-07,5.471807241439819
2.442804179736413e-05,4.664178732127766e-07,5.478544473648071
2.4074597604339942e-05,4.560937156838918e-07,5.48560643196106
2.4200502593885176e-05,4.474276522614673e-07,5.492106199264526
2.3957923986017704e-05,4.56464846365634e-07,5.499868869781494
2.3857881387812085e-05,4.346518380771158e-07,5.506444692611694
2.3885926566435955e-05,4.466648704237741e-07,5.513486862182617
2.3568169126519933e-05,4.3352306988708733e-07,5.520323991775513
2.3695638446952216e-05,4.288924912998482e-07,5.526981353759766
2.3430951841874048e-05,4.3479329292495095e-07,5.534106254577637
2.3380667698802426e-05,4.1492626223771367e-07,5.540693998336792
2.3362887077382766e-05,4.274141360838257e-07,5.548609495162964
2.3086273358785547e-05,4.122110794924083e-07,5.5556559562683105
2.3205084289656952e-05,4.112130511657597e-07,5.562776327133179
2.2928810722078197e-05,4.1392880234525364e-07,5.570959568023682
2.2920248738955706e-05,3.964429993175145e-07,5.578855276107788
2.2858535885461606e-05,4.0878825302570476e-07,5.585952520370483
2.2626705685979687e-05,3.920490598829929e-07,5.592588186264038
2.2729003831045702e-05,3.943282251839264e-07,5.599807262420654
2.2450180040323175e-05,3.938564248073817e-07,5.606337308883667
2.2474398065241985e-05,3.791621168147685e-07,5.613318681716919
2.2374028048943728e-05,3.9062459222805046e-07,5.620039463043213
2.218686495325528e-05,3.7313350276235724e-07,5.626544952392578
2.2266027372097597e-05,3.7809121522514033e-07,5.633742809295654
2.1994786948198453e-05,3.7455703250088845e-07,5.640254735946655
2.204191332566552e-05,3.629668583471357e-07,5.647951364517212
2.1908565031480975e-05,3.7296646837603475e-07,5.654646158218384
2.1765421479358338e-05,3.5537996723178367e-07,5.662932634353638
2.18168042920297e-05,3.6244665579943103e-07,5.669937610626221
2.1560470486292616e-05,3.561308403732255e-07,5.6764445304870605
2.1622019630740397e-05,3.477193217804597e-07,5.684626340866089
2.146254337276332e-05,3.558184005214571e-07,5.6911211013793945
2.135985232598614e-05,3.388014704341913e-07,5.699106454849243
2.138094714609906e-05,3.4732065046227945e-07,5.7057435512542725
2.1146061044419184e-05,3.3857205039566907e-07,5.714198350906372
2.121363468177151e-05,3.3333171245431004e-07,5.721498012542725
2.1034746168879792e-05,3.392109135802457e-07,5.72815465927124
2.096879507007543e-05,3.232806875530514e-07,5.736948013305664
2.0959416360710748e-05,3.326269109038549e-07,5.743530988693237
2.074971234833356e-05,3.219536495180364e-07,5.751944303512573
2.081568891298957e-05,3.1967510949471034e-07,5.758801698684692
2.0625411707442254e-05,3.2312956932400994e-07,5.767982482910156
2.0589932319126092e-05,3.088597679834493e-07,5.775137424468994
2.055173354165163e-05,3.1828534474698245e-07,5.783782720565796
2.0370225684018806e-05,3.062687881083548e-07,5.790728330612183
2.042854430328589e-05,3.0661144023724773e-07,5.798800468444824
2.023310480581131e-05,3.0768367764721916e-07,5.806421518325806
2.0223293176968582e-05,2.9527672040785546e-07,5.813820838928223
2.0157458493486047e-05,3.044485765713034e-07,5.8206236362457275
2.000543099711649e-05,2.91447719291682e-07,5.827106714248657
2.0051360479556024e-05,2.941357308827719e-07,5.83462381362915
1.9857554434565827e-05,2.9277114776959934e-07,5.841776609420776
1.9866547518176958e-05,2.8264088314244873e-07,5.849397897720337
1.9776916815317236e-05,2.9092285558363074e-07,5.85592794418335
1.965454066521488e-05,2.775632026441599e-07,5.862473249435425
1.9683797290781513e-05,2.821207090164535e-07,5.869282007217407
1.9497438188409433e-05,2.7847514161294384e-07,5.875702857971191
1.9519595298334025e-05,2.7074912622992997e-07,5.88310170173645
1.9409981177886948e-05,2.7779825018114934e-07,5.889657258987427
1.931614133354742e-05,2.6452622137185244e-07,5.896376848220825
1.932619125000201e-05,2.7054642259827233e-07,5.903434753417969
1.9151904780301265e-05,2.648330053034442e-07,5.9099109172821045
1.9181174138793722e-05,2.595745343114686e-07,5.91705322265625
1.9056615201407112e-05,2.6501101046960684e-07,5.923480987548828
1.8988916053785942e-05,2.523559032852063e-07,5.930145740509033
1.8978566004079767e-05,2.5931188929462223e-07,5.936888217926025
1.8820201148628257e-05,2.518524411243561e-07,5.943395614624023
1.8850811102311127e-05,2.490379245045915e-07,5.950347661972046
1.871623499027919e-05,2.526243747524859e-07,5.956875801086426
1.8671247744350694e-05,2.4104437557070924e-07,5.963579893112183
1.8640817870618775e-05,2.483811272213643e-07,5.970222234725952
1.8500981241231784e-05,2.3956778250067146e-07,5.976779937744141
1.8528473447076976e-05,2.389972451055655e-07,5.98369288444519
1.8388795069768094e-05,2.406440842150914e-07,5.990090608596802
1.8362356058787555e-05,2.3051391906392382e-07,5.996751070022583
1.8313525288249366e-05,2.3769685242314154e-07,6.003552198410034
1.8193592040915973e-05,2.279936808236016e-07,6.010019302368164
1.8213604562333785e-05,2.2941404154153133e-07,6.0170605182647705
1.8073536921292543e-05,2.2908886876393808e-07,6.023500204086304
1.8061922673950903e-05,2.2065420068884123e-07,6.030145645141602
1.799582241801545e-05,2.2734793958534283e-07,6.036869049072266
1.7896221834234893e-05,2.1711845477057068e-07,6.0434043407440186
1.7906220818986185e-05,2.2020654455445765e-07,6.0503833293914795
1.7769745682016946e-05,2.1800057936616213e-07,6.056791305541992
1.776889621396549e-05,2.114153403454111e-07,6.063506841659546
1.768858783179894e-05,2.172472903794187e-07,6.070531368255615
1.7608059351914562e-05,2.0698622904546937e-07,6.077115297317505
1.760648410709109e-05,2.1127893035099987e-07,6.084144115447998
1.7476930224802345e-05,2.0743730999583931e-07,6.090662956237793
1.7482076145824976e-05,2.0277434487070423e-07,6.09796404838562
1.7390912034898065e-05,2.0741151729453122e-07,6.104505300521851
1.732863165671006e-05,1.9750758895042964e-07,6.111186504364014
1.7314239812549204e-05,2.0262842781448853e-07,6.118473529815674
1.719415740808472e-05,1.9738816092740308e-07,6.124955415725708
1.7202270100824535e-05,1.9455491440112382e-07,6.1322290897369385
1.7103304344345815e-05,1.978805386215754e-07,6.13875412940979
1.7057218428817578e-05,1.8863131856505788e-07,6.145837306976318
1.7028834918164648e-05,1.943100755852356e-07,6.1528685092926025
1.6921161659411155e-05,1.8777652144308377e-07,6.160433292388916
1.6927937394939363e-05,1.8688800196287048e-07,6.168728351593018
1.682455331319943e-05,1.885983351712639e-07,6.175591945648193
1.6792278984212317e-05,1.8044708838260703e-07,6.184240102767944
1.6751106159063056e-05,1.8610305119182158e-07,6.1916046142578125
1.665690251684282e-05,1.787589951618429e-07,6.200331687927246
1.665996023803018e-05,1.7947363062376098e-07,6.20756196975708
1.6555475667701103e-05,1.7966283394343918e-07,6.215814113616943
1.6534100723220035e-05,1.7277641006785416e-07,6.2230894565582275
1.648126453801524e-05,1.7813843555813946e-07,6.23127007484436
1.6400697859353386e-05,1.702966017091967e-07,6.238647222518921
1.6397443687310442e-05,1.7242531669126038e-07,6.245351552963257
1.629506004974246e-05,1.710587440584277e-07,6.25357460975647
1.628114296181593e-05,1.6570531613524508e-07,6.260396718978882
1.6218482414842583e-05,1.703520382534407e-07,6.268319606781006
1.61517509695841e-05,1.6239559386121982e-07,6.274786710739136
1.6140276784426533e-05,1.6563302551730885e-07,6.282359838485718
1.6042595234466717e-05,1.6281992998301575e-07,6.288880348205566
1.6034196960390545e-05,1.590010185736901e-07,6.295375347137451
1.5963265468599275e-05,1.6279106773708918e-07,6.302679538726807
1.5909303328953683e-05,1.550066173194864e-07,6.309598922729492
1.5889283531578258e-05,1.5901684946584282e-07,6.317208766937256
1.5797953892615624e-05,1.549908148490431e-07,6.323688507080078
1.579198578838259e-05,1.5271015740836447e-07,6.330440521240234
1.5715322660980746e-05,1.5542894971076748e-07,6.337620973587036
1.567284925840795e-05,1.4814771986948472e-07,6.344812631607056
1.5643989172531292e-05,1.5256266294727538e-07,6.352943658828735
1.5560590327368118e-05,1.475779498605334e-07,6.359537363052368
1.5554278434137814e-05,1.467749370931415e-07,6.367180347442627
1.5474806787096895e-05,1.482292191212764e-07,6.375169992446899
1.5441868526977487e-05,1.418122650420628e-07,6.3837268352508545
1.5404271834995598e-05,1.4625442190663307e-07,6.390599250793457
1.5330122550949454e-05,1.4057054897875787e-07,6.399013996124268
1.5321456885430962e-05,1.4109923540672753e-07,6.4059836864471436
1.5240996617649216e-05,1.4132255898857693e-07,6.413188219070435
1.521582089480944e-05,1.359063901418267e-07,6.420236349105835
1.5170176084211562e-05,1.4012445603839296e-07,6.426733493804932
1.5105462807696313e-05,1.340158348739351e-07,6.433819770812988
1.5093036381585989e-05,1.356478094294289e-07,6.440481662750244
1.5013881238701288e-05,1.346442246585866e-07,6.448796272277832
1.4994418052083347e-05,1.3040239821293653e-07,6.456309795379639
1.4941967492632102e-05,1.341017394906885e-07,6.463299751281738
1.488685029471526e-05,1.2786847491952358e-07,6.471595287322998
1.4869156984786969e-05,1.304034071836213e-07,6.478196620941162
1.4793024092796259e-05,1.2826303930069116e-07,6.485710382461548
1.4777369869989343e-05,1.2525595138868084e-07,6.492415428161621
1.4719342289026827e-05,1.2825674389205233e-07,6.500102519989014
1.4673330952064134e-05,1.2214196942750277e-07,6.506782293319702
1.4649534932686947e-05,1.2534704296740529e-07,6.513679504394531
1.4578128684661351e-05,1.2215103595281107e-07,6.520834445953369
1.4564357115887105e-05,1.20439636930314e-07,6.5273597240448
1.4502533304039389e-05,1.225174059982237e-07,6.534618377685547
1.4464511878031772e-05,1.1687049550346273e-07,6.5412561893463135
1.4434592230827548e-05,1.2036011298732774e-07,6.548658132553101
1.4369016753335018e-05,1.163845553264764e-07,6.555739402770996
1.4355068742588628e-05,1.1587648174327114e-07,6.563080310821533
1.4291164006863255e-05,1.1695308899106749e-07,6.570244073867798
1.4260092029871885e-05,1.1196011229230862e-07,6.576755523681641
1.4224033293430693e-05,1.1551124856623574e-07,6.5836546421051025
1.4165106222208124e-05,1.1093789709093471e-07,6.5901312828063965
1.414959115209058e-05,1.1152898338195882e-07,6.597980499267578
1.4085193470236845e-05,1.1156516421806373e-07,6.60452938079834
1.4059747627470642e-05,1.0741593570173791e-07,6.611034870147705
1.401810732204467e-05,1.1076244277319347e-07,6.617970943450928
1.3966307960799895e-05,1.0580733800225062e-07,6.62455153465271
1.3947593288321514e-05,1.0740476596993176e-07,6.6318886280059814
1.3884528016205877e-05,1.0633777236535025e-07,6.638473987579346
1.3863155800208915e-05,1.0323991972427393e-07,6.645184516906738
1.3816769751429092e-05,1.0608443545834234e-07,6.652064085006714
1.3771664271189366e-05,1.0112193393752023e-07,6.658648729324341
1.3749404388363473e-05,1.0334241551390733e-07,6.666105031967163
1.3688821127288975e-05,1.0139418549215407e-07,6.672634124755859
1.366993546980666e-05,9.929917865747484e-08,6.679252862930298
1.3619973287859466e-05,1.0152605511848378e-07,6.686405420303345
1.3581339771917555e-05,9.672651657410825e-08,6.693019866943359
1.3555029909184668e-05,9.938296585687567e-08,6.700361251831055
1.3497956388164312e-05,9.667598988016834e-08,6.707023620605469
1.3479946574079804e-05,9.56192423018365e-08,6.714641809463501
1.3427770682028495e-05,9.70498277297338e-08,6.7211503982543945
1.3395026144280564e-05,9.265457379115105e-08,6.72769570350647
1.3364025107875932e-05,9.557679447880219e-08,6.73461389541626
1.3311548173078336e-05,9.217911411951718e-08,6.741033554077148
1.3293418305693194e-05,9.212878637754329e-08,6.748523712158203
1.3239951840660069e-05,9.27265944028477e-08,6.754963397979736
1.3211875739216339e-05,8.894588887642385e-08,6.76151180267334
1.3176662832847796e-05,9.181005111713603e-08,6.768452167510986
1.3129290891811252e-05,8.797950101779861e-08,6.774859189987183
1.3109725841786712e-05,8.88037021695709e-08,6.782260179519653
1.3056620446150191e-05,8.849058019677614e-08,6.7887492179870605
1.3032085007580463e-05,8.553508479280936e-08,6.795376777648926
1.2993146810913458e-05,8.80805899328152e-08,6.802222490310669
1.2951304597663693e-05,8.403556961411596e-08,6.809072494506836
1.292884462600341e-05,8.567490539235223e-08,6.816537857055664
1.2877439075964503e-05,8.437815779416269e-08,6.823017835617065
1.285564576392062e-05,8.236513338033546e-08,6.829959154129028
1.2813566172553692e-05,8.44076666339788e-08,6.837106943130493
1.2776438779837918e-05,8.048763788792712e-08,6.844284296035767
1.275122667721007e-05,8.25355783717896e-08,6.851858377456665
1.2702374988293741e-05,8.051792121932522e-08,6.858645915985107
1.2681561202043667e-05,7.945165947376154e-08,6.866565227508545
1.2637427971640136e-05,8.081410385329946e-08,6.872933387756348
1.260538829228608e-05,7.712328908837662e-08,6.879867792129517
1.2576833796629217e-05,7.949671498863609e-08,6.887056112289429
1.2530762433016207e-05,7.689850178849156e-08,6.893331527709961
1.2510814485722221e-05,7.658179157488121e-08,6.900563478469849
1.246517331310315e-05,7.738321272654503e-08,6.9070680141448975
1.2436862562026363e-05,7.407146540572285e-08,6.9151976108551025
1.2405295819917228e-05,7.64963914434702e-08,6.921468496322632
1.2363028872641735e-05,7.342916319430515e-08,6.9275758266448975
1.234209685208043e-05,7.39798551308013e-08,6.934631824493408
1.2296619388507679e-05,7.388358369553316e-08,6.940730094909668
1.2271754712855909e-05,7.126227075104907e-08,6.948961496353149
1.2236857401148882e-05,7.354032760531481e-08,6.956159353256226
1.2198887816339266e-05,7.016273428916975e-08,6.964642763137817
1.2176409654784948e-05,7.143758296024316e-08,6.972604990005493
1.2131569746998139e-05,7.059381346152804e-08,6.9797751903533936
1.2108864211768378e-05,6.872918589806432e-08,6.987401962280273
1.2071787750755902e-05,7.05582934301674e-08,6.993932723999023
1.2037654414598364e-05,6.725041856725511e-08,7.00202751159668
1.201315717480611e-05,6.892178561201945e-08,7.0088958740234375
1.1970293599006254e-05,6.739991675885904e-08,7.016674518585205
1.1948579413001426e-05,6.638382643586738e-08,7.0234856605529785
1.1910032299056184e-05,6.759879056517093e-08,7.031372785568237
1.1879375961143523e-05,6.460760459958692e-08,7.038054466247559
1.1852418538182974e-05,6.64693402541161e-08,7.044848442077637
1.1812129741883837e-05,6.441032951443049e-08,7.05257773399353
1.1790988537541125e-05,6.411978858977818e-08,7.05935525894165
1.1751146303140558e-05,6.481452885509498e-08,7.06717586517334
1.1724024261638988e-05,6.20660500771919e-08,7.074055194854736
1.1694422937580384e-05,6.412761877072626e-08,7.083256244659424
1.1656973583740182e-05,6.15734521147715e-08,7.089871168136597
1.1635531336651184e-05,6.202656521736571e-08,7.097033977508545
1.1595549949561246e-05,6.20027549302904e-08,7.104006290435791
1.157108727056766e-05,5.982461459552724e-08,7.110512018203735
1.1539214028744027e-05,6.170436250840794e-08,7.118328332901001
1.150501975644147e-05,5.894567678410567e-08,7.125101804733276
1.1482365152915008e-05,5.999473984275028e-08,7.133363723754883
1.1443119547038805e-05,5.928545476763247e-08,7.139963150024414
1.1420482223911677e-05,5.777546618901397e-08,7.148016691207886
1.1386718142603058e-05,5.9309794409045935e-08,7.155029058456421
1.1355758942954708e-05,5.653902590552207e-08,7.162163972854614
1.1331355381116737e-05,5.803369873547126e-08,7.169719219207764
1.1293810530332848e-05,5.6638935319597294e-08,7.176514387130737
1.1272056326561142e-05,5.593175345097734e-08,7.184072017669678
1.1237107173656113e-05,5.6892201172331625e-08,7.1906163692474365
1.1209066542505752e-05,5.440237771381362e-08,7.198578596115112
1.1182740308868233e-05,5.605787123386108e-08,7.205069541931152
1.1147310942760669e-05,5.420212545459435e-08,7.211983919143677
1.1125772289233282e-05,5.4173064256701764e-08,7.219109535217285
1.1090171938121784e-05,5.456613294541057e-08,7.2256059646606445
1.1064945283578709e-05,5.238816669361768e-08,7.233275413513184
1.1036493560823146e-05,5.4148863171121775e-08,7.239958047866821
1.1003574400092475e-05,5.186690188452303e-08,7.247993469238281
1.0981606465065852e-05,5.252643830999659e-08,7.254859685897827
1.0946026122837793e-05,5.226556254456227e-08,7.261878967285156
1.0922869478235953e-05,5.062165442382138e-08,7.269143342971802
1.0892650607274845e-05,5.218844734145023e-08,7.275709867477417
1.0862413546419702e-05,4.97586398751082e-08,7.283399343490601
1.0839544302143622e-05,5.088197241320813e-08,7.2899885177612305
1.0804668818309437e-05,5.0060855016909045e-08,7.297135353088379
1.0782843673950993e-05,4.900293504306319e-08,7.3039281368255615
1.075142699846765e-05,5.019958138063885e-08,7.311030864715576
1.0723560080805328e-05,4.789233898350176e-08,7.318516969680786
1.069943027687259e-05,4.925253094256732e-08,7.325283527374268
1.066595723386854e-05,4.796197217160625e-08,7.333253860473633
1.0644724170560949e-05,4.752515181394301e-08,7.339892625808716
1.0612574442347977e-05,4.822512877922236e-08,7.347074270248413
1.058717225532746e-05,4.614704707250894e-08,7.353847026824951
1.056135897670174e-05,4.7675452918838346e-08,7.360348224639893
1.0529913197387941e-05,4.591780822238434e-08,7.367338418960571
1.050868013408035e-05,4.614357607124475e-08,7.37394380569458
1.047608475346351e-05,4.631893091300299e-08,7.381373643875122
1.0452808055561036e-05,4.4588961856106835e-08,7.388048410415649
1.0425497748656198e-05,4.607647596799325e-08,7.394552707672119
1.0396072866569739e-05,4.4093237505649086e-08,7.401566743850708
1.0374263183621224e-05,4.4826172995726665e-08,7.40807032585144
1.0342321729694959e-05,4.435117872958472e-08,7.415616273880005
1.0320352885173634e-05,4.324406077671483e-08,7.422283887863159
1.029172653943533e-05,4.4424545819765626e-08,7.429410457611084
1.0264750926580746e-05,4.2387728882431475e-08,7.436064958572388
1.0241895324725192e-05,4.3517459857866925e-08,7.4427649974823
1.0210830623691436e-05,4.2535518218755897e-08,7.4503631591796875
1.0189747627009638e-05,4.199015535277795e-08,7.45684027671814
1.0160183592233807e-05,4.280154541902448e-08,7.463712215423584
1.013535620586481e-05,4.0884717833478135e-08,7.47050666809082
1.011132280837046e-05,4.219871385657825e-08,7.47717547416687
1.008161598292645e-05,4.082374260860888e-08,7.484026908874512
1.0060847671411466e-05,4.0822374813842544e-08,7.490651369094849
1.0031036254076753e-05,4.1113047188900964e-08,7.49803900718689
1.0008015124185476e-05,3.954933802674532e-08,7.5047385692596436
9.982642950490117e-06,4.085996962999161e-08,7.5118937492370605
9.954857887350954e-06,3.917917013041006e-08,7.519158840179443
9.933749424817506e-06,3.973255857658842e-08,7.525896310806274
9.903991667670198e-06,3.95151538157279e-08,7.533701419830322
9.882520316750742e-06,3.835022610587657e-08,7.540171146392822
9.855959433480166e-06,3.951838678517561e-08,7.5480029582977295
9.830128874455113e-06,3.7703919986142864e-08,7.554679870605469
9.808192771743052e-06,3.869401510314674e-08,7.56118106842041
9.77929539658362e-06,3.789046232327564e-08,7.568500280380249
9.758726264408324e-06,3.732392528377204e-08,7.5753607749938965
9.73128408077173e-06,3.8114574607561735e-08,7.583286285400391
9.707321623864118e-06,3.64339065583863e-08,7.589891195297241
9.684539691079408e-06,3.7558642418389354e-08,7.597017526626587
9.656822840042878e-06,3.640193213527709e-08,7.60405969619751
9.63646289164899e-06,3.6372483691593516e-08,7.610895395278931
9.608734217181336e-06,3.6699084660085646e-08,7.618525505065918
9.586536179995164e-06,3.527343395148819e-08,7.625286340713501
9.562511877447832e-06,3.6477302955972846e-08,7.633601665496826
9.536371180729475e-06,3.4983326457904695e-08,7.640345096588135
9.515863894193899e-06,3.5476979576287704e-08,7.648056745529175
9.488236173638143e-06,3.528358050175484e-08,7.654689788818359
9.467341442359611e-06,3.428480255251998e-08,7.661510705947876
9.442353984923102e-06,3.531020098535009e-08,7.669208288192749
9.41792404773878e-06,3.3727456383303434e-08,7.675922870635986
9.396809218742419e-06,3.458483632812204e-08,7.683727741241455
9.36983633437194e-06,3.391465952518047e-08,7.69020676612854
9.349756510346197e-06,3.342117693705404e-08,7.697186231613159
9.324033271695953e-06,3.413222415815653e-08,7.7041566371917725
9.301298632635735e-06,3.262006842419396e-08,7.710671663284302
9.279362529923674e-06,3.367281919963716e-08,7.717965841293335
9.253402822650969e-06,3.262395154024489e-08,7.724416732788086
9.233669516106602e-06,3.2618185485944196e-08,7.73209285736084
9.207632501784246e-06,3.2922127246592936e-08,7.738530158996582
9.186403076455463e-06,3.164942441458152e-08,7.745214462280273
9.163485628960188e-06,3.274250914842014e-08,7.752209901809692
9.138948371401057e-06,3.140176829674601e-08,7.758701801300049
9.119039532379247e-06,3.187943420357442e-08,7.766695976257324
9.093187145481352e-06,3.167624385014278e-08,7.773260116577148
9.07307185116224e-06,3.08386525205151e-08,7.7801125049591064
9.049327672983054e-06,3.173878226903071e-08,7.788592338562012
9.026312000059988e-06,3.0337574230543396e-08,7.795226335525513
9.005876563605852e-06,3.112786117753785e-08,7.802806615829468
8.980640814115759e-06,3.04915168669595e-08,7.809658765792847
8.961254934547469e-06,3.010513793810787e-08,7.818020343780518
8.936894118960481e-06,3.0715952448190365e-08,7.824532747268677
8.91549188963836e-06,2.935133558423786e-08,7.832177400588989
8.894180609786417e-06,3.039514950842204e-08,7.839076995849609
8.8699589468888e-06,2.93403683571114e-08,7.845953464508057
8.850823178363498e-06,2.947450994383871e-08,7.853164911270142
8.826265002426226e-06,2.96340108008053e-08,7.859898090362549
8.806082405499183e-06,2.8590003253725627e-08,7.867253541946411
8.78400715009775e-06,2.9551323166288057e-08,7.873965501785278
8.761126082390547e-06,2.8304803834089398e-08,7.881334543228149
8.741729288885836e-06,2.8845141386568685e-08,7.888277292251587
8.717437594896182e-06,2.855714242855356e-08,7.895235538482666
8.698303645360284e-06,2.787930242220682e-08,7.902494668960571
8.675430763105396e-06,2.8706939048106506e-08,7.909266471862793
8.653950317238923e-06,2.7378050049264857e-08,7.916853189468384
8.634041478217114e-06,2.822465106078198e-08,7.923518657684326
8.610401891928632e-06,2.7510351330306548e-08,7.930461883544922
8.591720870754216e-06,2.7327061502546712e-08,7.937732934951782
8.568544217268936e-06,2.7751667630582233e-08,7.944533109664917
8.54835980135249e-06,2.6623524718161207e-08,7.951553106307983
8.527721547579858e-06,2.753978378677857e-08,7.9582860469818115
8.505142432113644e-06,2.6536531194665258e-08,7.9656243324279785
8.486604201607406e-06,2.676515187260975e-08,7.972814559936523
8.463302037853282e-06,2.6830409893818796e-08,7.9796974658966064
8.444229933957104e-06,2.5951765181275732e-08,7.987069606781006
8.422888640780002e-06,2.682806332643395e-08,7.994076490402222
8.40158281789627e-06,2.5618996701837204e-08,8.001795768737793
8.382595297007356e-06,2.6300032374138027e-08,8.008587121963501
8.359787898370996e-06,2.5834637540356198e-08,8.016125440597534
8.341457942151465e-06,2.5440275663868306e-08,8.02280855178833
8.319611879414879e-06,2.600152804177469e-08,8.029754400253296
8.299445653392468e-06,2.4926158914695407e-08,8.037016153335571
8.28001520858379e-06,2.5697222127973873e-08,8.043797492980957
8.257958143076394e-06,2.4958097810667823e-08,8.050709009170532
8.239981980295852e-06,2.492644313178971e-08,8.057464838027954
8.21776302473154e-06,2.5243851453637944e-08,8.064677953720093
8.198859177355189e-06,2.4242101659410764e-08,8.072093725204468
8.178737516573165e-06,2.5138074732922178e-08,8.079145431518555
8.157696356647648e-06,2.4091933781278385e-08,8.08604621887207
8.139612873492297e-06,2.4521670027866094e-08,8.092848062515259
8.117692232190166e-06,2.4313864699365695e-08,8.100221395492554
8.099556907836813e-06,2.3781293378988266e-08,8.10748291015625
8.078854079940356e-06,2.444013702529446e-08,8.11467981338501
8.059039828367531e-06,2.3378126101647467e-08,8.121339321136475
8.040512511797715e-06,2.406360799511731e-08,8.128180742263794
8.019106644496787e-06,2.3495578815868612e-08,8.135103702545166
8.001597052498255e-06,2.3306748531126686e-08,8.141813039779663
7.980450391187333e-06,2.374997976062332e-08,8.1494300365448
7.961751180118881e-06,2.2748071870637432e-08,8.156192302703857
7.942753654788248e-06,2.3541533167303896e-08,8.163071870803833
7.922073564259335e-06,2.273682397913035e-08,8.170308828353882
7.904728590801824e-06,2.2898605678278727e-08,8.17713713645935
7.883549187681638e-06,2.301061030607343e-08,8.184105396270752
7.865771294746082e-06,2.2249855291534004e-08,8.19092583656311
7.84615349402884e-06,2.301570667384567e-08,8.198939323425293
7.826675755495671e-06,2.1974292607751522e-08,8.205665588378906
7.80891059548594e-06,2.259486464595284e-08,8.212729930877686
7.788263246766292e-06,2.213939076511906e-08,8.219946384429932
7.771016498736572e-06,2.1920905979300187e-08,8.226672887802124
7.751026714686304e-06,2.2318689119060764e-08,8.23377251625061
7.732530320936348e-06,2.1467283062293063e-08,8.240610599517822
7.71435043134261e-06,2.2131294130645074e-08,8.248687267303467
7.694428859394975e-06,2.1433249841606994e-08,8.255574941635132
7.677447683818173e-06,2.1542801320606486e-08,8.263004541397095
7.657212336198427e-06,2.1708762787397973e-08,8.270633459091187
7.639815521542914e-06,2.0922913179788338e-08,8.277528285980225
7.6210212682781275e-06,2.1714033238140473e-08,8.285483598709106
7.601933702972019e-06,2.07704342614079e-08,8.29268765449524
7.584910690638935e-06,2.1240973424596632e-08,8.30069899559021
7.564911356894299e-06,2.0990132298948083e-08,8.307474851608276
7.548141184088308e-06,2.059456427616624e-08,8.315405130386353
7.528957212343812e-06,2.1139792139024394e-08,8.322344064712524
7.510964223911287e-06,2.0190201510672523e-08,8.330043315887451
7.493453267670702e-06,2.090999551285222e-08,8.337489366531372
7.474049652955728e-06,2.0280740642419914e-08,8.344554424285889
7.457685114786727e-06,2.026996881454579e-08,8.352228164672852
7.4381905506015755e-06,2.0556209179289908e-08,8.359429597854614
7.421114332828438e-06,1.9746211776805467e-08,8.367413997650146
7.4031840995303355e-06,2.0489508756327268e-08,8.374406814575195
7.384654509223765e-06,1.9619745827981205e-08,8.382567405700684
7.368200840573991e-06,2.0008391388159907e-08,8.389545202255249
7.348842245846754e-06,1.9896143399478206e-08,8.397181987762451
7.332548193517141e-06,1.9383101346193143e-08,8.404618978500366
7.314169124583714e-06,1.9999310651996893e-08,8.411891222000122
7.296495368791511e-06,1.9101950243793908e-08,8.419706583023071
7.279795227077557e-06,1.9700243214515467e-08,8.427292108535767
7.260881375259487e-06,1.927083204122937e-08,8.435210704803467
7.244931566674495e-06,1.913168112821495e-08,8.44221019744873
7.226386514957994e-06,1.944012595345157e-08,8.450231552124023
7.209525392681826e-06,1.8721873829008473e-08,8.458128213882446
7.1924082476471085e-06,1.9349160496062723e-08,8.46764087677002
7.174367965490092e-06,1.863305598703846e-08,8.474600315093994
7.1584149736736435e-06,1.8898060005767547e-08,8.482490301132202
7.139809440559475e-06,1.8884053432088876e-08,8.489331007003784
7.1238732743950095e-06,1.8327609652146748e-08,8.498638153076172
7.1062581810110714e-06,1.895313950228683e-08,8.505565643310547
7.0889350354264025e-06,1.8149080460716505e-08,8.5136137008667
7.072927928675199e-06,1.861004506054087e-08,8.521399021148682
7.054674824757967e-06,1.8292320547175223e-08,8.529696226119995
7.0391206463682465e-06,1.8082385366824383e-08,8.537700653076172
7.021268174867146e-06,1.8470112550517115e-08,8.544872760772705
7.004866802162724e-06,1.77087855490754e-08,8.552741050720215
6.988415407249704e-06,1.8338969454134713e-08,8.560272455215454
6.970731192268431e-06,1.7755045433887062e-08,8.568296194076538
6.9554175752273295e-06,1.7852421763109305e-08,8.575452327728271
6.937431862752419e-06,1.7997818346771055e-08,8.58363151550293
6.921808562765364e-06,1.7381305283947768e-08,8.590527057647705
6.9049265221110545e-06,1.8013480485024047e-08,8.599155902862549
6.888159987283871e-06,1.7195755930288215e-08,8.60631275177002
6.872611265862361e-06,1.767816470987782e-08,8.61319899559021
6.854905223008245e-06,1.741062050086839e-08,8.620550870895386
6.839879461040255e-06,1.7129460516684958e-08,8.628194570541382
6.82263544149464e-06,1.7574098620798395e-08,8.63578176498413
6.806675628467929e-06,1.6799493351982164e-08,8.64267086982727
6.790745828766376e-06,1.7451192491080292e-08,8.650738954544067
6.773751920263749e-06,1.6811286585038943e-08,8.657642126083374
6.758722520316951e-06,1.7027666388003126e-08,8.666479349136353
6.74153670843225e-06,1.7019264220152763e-08,8.673151969909668
6.726314495608676e-06,1.6547677006428785e-08,8.681359052658081
6.709997705911519e-06,1.7088538584175694e-08,8.689253807067871
6.6937259362020995e-06,1.6379496869944887e-08,8.696522235870361
6.6786183197109494e-06,1.6808222369490977e-08,8.704207420349121
6.661645784333814e-06,1.653400971690644e-08,8.711262702941895
6.6468960540078115e-06,1.63246696160968e-08,8.719125747680664
6.630328698520316e-06,1.67028328945662e-08,8.726463794708252
6.614769972657086e-06,1.6027842164589856e-08,8.734132289886475
6.599482276214985e-06,1.6547826220403294e-08,8.741028308868408
6.582883543160278e-06,1.6098967492439442e-08,8.74918818473816
6.568430762854405e-06,1.6111840750454576e-08,8.75636601448059
6.551770638907328e-06,1.6292345250690232e-08,8.763505697250366
6.5368940340704285e-06,1.5725170499081287e-08,8.770814418792725
6.521234354295302e-06,1.6294324112209324e-08,8.777545928955078
6.505374130938435e-06,1.5616233639548227e-08,8.785130262374878
6.490825853688875e-06,1.5975651024291437e-08,8.791892290115356
6.474316251114942e-06,1.5813592213476113e-08,8.800153017044067
6.46000262349844e-06,1.552402295601496e-08,8.806890726089478
6.4440546339028515e-06,1.593118170717389e-08,8.814672946929932
6.428916094591841e-06,1.526506743232403e-08,8.82132863998413
6.414121344278101e-06,1.5776537409806224e-08,8.828254699707031
6.3980573941080365e-06,1.535010163422612e-08,8.835587501525879
6.3839829635981005e-06,1.5371657724472243e-08,8.842374563217163
6.367914465954527e-06,1.5537100495066625e-08,8.849799394607544
6.353497155942023e-06,1.4982115104089644e-08,8.856268882751465
6.338317234622082e-06,1.5552943821717236e-08,8.863567590713501
6.3229299485101365e-06,1.490337453446955e-08,8.870750427246094
6.308854608505499e-06,1.5225484872871675e-08,8.877871751785278
6.2928938859840855e-06,1.508979075026673e-08,8.88507342338562
6.278982709773118e-06,1.479526634540207e-08,8.891480207443237
6.263530394789996e-06,1.5226468974560703e-08,8.898918390274048
6.248873887670925e-06,1.4546692739259015e-08,8.905502080917358
6.234546162886545e-06,1.50589603009621e-08,8.912099123001099
6.218977887328947e-06,1.4651973856416589e-08,8.918863296508789
6.205312729434809e-06,1.4667509873333984e-08,8.925315618515015
6.189810392243089e-06,1.4819123705933634e-08,8.93281102180481
6.175728231028188e-06,1.4333260800469816e-08,8.939260721206665
6.161133569548838e-06,1.4804043324545546e-08,8.945875883102417
6.146164650999708e-06,1.4271186898895394e-08,8.952646970748901
6.132506314315833e-06,1.4514538015930611e-08,8.959108591079712
6.1171122069936246e-06,1.4419309302127203e-08,8.966484308242798
6.103555278968997e-06,1.4128003655855537e-08,8.973010301589966
6.088661393732764e-06,1.4529414116282169e-08,8.979657888412476
6.0743996073142625e-06,1.3913333596349275e-08,8.986629247665405
6.0605216276599094e-06,1.4378875867748775e-08,8.99332880973816
6.045478130545234e-06,1.3999057912883472e-08,9.000327348709106
6.032204510120209e-06,1.400238147652999e-08,9.006417274475098
6.01718465986778e-06,1.4181183338735082e-08,9.012784004211426
6.003551334288204e-06,1.3675905741195038e-08,9.019776582717896
5.989359578961739e-06,1.4189152963695051e-08,9.026288509368896
5.974921805318445e-06,1.3604434911940189e-08,9.03376841545105
5.9616340877255425e-06,1.3904845275192201e-08,9.040252447128296
5.946729743300239e-06,1.3777575524898111e-08,9.046929836273193
5.933555257797707e-06,1.3531753495499288e-08,9.054128646850586
5.91915704717394e-06,1.3885546934488957e-08,9.060938835144043
5.9052872529719025e-06,1.3341049154291795e-08,9.068692207336426
5.8918653849104885e-06,1.3732001313826458e-08,9.075415849685669
5.877313014934771e-06,1.3406172172381048e-08,9.083339929580688
5.8644009186537005e-06,1.3391071362889306e-08,9.09056806564331
5.849859007867053e-06,1.3584132929622683e-08,9.098698616027832
5.836617674503941e-06,1.309496422408074e-08,9.105722188949585
5.822922503284644e-06,1.3554688926831204e-08,9.112927198410034
5.808886271552183e-06,1.3041302260319299e-08,9.120347499847412
5.795996912638657e-06,1.3292951628329774e-08,9.127344846725464
5.781556865258608e-06,1.3211207239294254e-08,9.135169982910156
5.768817572970875e-06,1.292172857603191e-08,9.141916990280151
5.754838184657274e-06,1.3311286295447644e-08,9.150035858154297
5.74142131881672e-06,1.2738791355104695e-08,9.156968116760254
5.728361429646611e-06,1.3172650525916652e-08,9.164679050445557
5.71427926843171e-06,1.2815496219786837e-08,9.171945095062256
5.701747340935981e-06,1.2834660445548707e-08,9.17948293685913
5.687672000931343e-06,1.299124097187132e-08,9.186763763427734
5.674813564837677e-06,1.2553136308213197e-08,9.193533182144165
5.661530849465635e-06,1.2976002494724526e-08,9.200948476791382
5.647948000842007e-06,1.249406800241104e-08,9.207942962646484
5.635414254356874e-06,1.2735386967221984e-08,9.215747356414795
5.621467153105186e-06,1.2642590085931715e-08,9.222464799880981
5.609072559309425e-06,1.2392467496624704e-08,9.229608058929443
5.595524271484464e-06,1.2748899713699302e-08,9.23885464668274
5.5825380513852e-06,1.2205661370501275e-08,9.246147632598877
5.569848326558713e-06,1.2622567879816415e-08,9.253337860107422
5.556215000979137e-06,1.2281538452896257e-08,9.259820938110352
5.544010036828695e-06,1.232017954322373e-08,9.267133235931396
5.53042355022626e-06,1.2425728890264054e-08,9.273715734481812
5.517939825949725e-06,1.204606547844378e-08,9.28135347366333
5.5050400078471284e-06,1.2427690876393171e-08,9.288415670394897
5.491905085364124e-06,1.1976027280979906e-08,9.29551649093628
5.47971967534977e-06,1.2211669009332127e-08,9.303038120269775
5.466219590744004e-06,1.2112984393297666e-08,9.310153484344482
5.454181973618688e-06,1.1887598461157722e-08,9.317487239837646
5.441018402052578e-06,1.2237775237622373e-08,9.324546098709106
5.428476470115129e-06,1.1693526147382727e-08,9.332497358322144
5.416133262770018e-06,1.2118348990952654e-08,9.339652299880981
5.402941951615503e-06,1.1764171858885675e-08,9.346951246261597
5.3911162467557006e-06,1.1809805577911447e-08,9.354106664657593
5.377896741265431e-06,1.1928751320056108e-08,9.360895872116089
5.3658586693927646e-06,1.1521333220798624e-08,9.36851191520691
5.3532744459516834e-06,1.1949964573432226e-08,9.375575065612793
5.340571988199372e-06,1.1463312965531713e-08,9.383319616317749
5.328743100108113e-06,1.1729627047429858e-08,9.390190601348877
5.315651378623443e-06,1.1607911964972573e-08,9.397968769073486
5.3039807426102925e-06,1.1413021638873033e-08,9.404932975769043
5.291219167702366e-06,1.1722287140969456e-08,9.41226577758789
5.279077868181048e-06,1.1211704453728544e-08,9.419670820236206
5.267082087812014e-06,1.1619100348525535e-08,9.426493883132935
5.254286406852771e-06,1.1295345991868544e-08,9.434144258499146
5.242808128969045e-06,1.1333915139744022e-08,9.440998077392578
5.230004262557486e-06,1.1447601089287218e-08,9.449023962020874
5.218307705945335e-06,1.1070571126481354e-08,9.455819606781006
5.2061150199733675e-06,1.146347194946884e-08,9.46292757987976
5.19379955221666e-06,1.1013586487251814e-08,9.470087051391602
5.182299901207443e-06,1.126280491092757e-08,9.476661682128906
5.169631094759097e-06,1.1142937239583262e-08,9.483988761901855
5.1582951527961995e-06,1.0965091945536187e-08,9.490898609161377
5.1459146561683156e-06,1.1255467669002428e-08,9.498594045639038
5.134128059580689e-06,1.0785429438442407e-08,9.505419254302979
5.122471065988066e-06,1.1167620606045148e-08,9.51258897781372
5.110106940264814e-06,1.0840941477852084e-08,9.519896745681763
5.098983820062131e-06,1.0875404576893288e-08,9.52669072151184
5.0865478442574386e-06,1.0988892462648892e-08,9.534098386764526
5.0751909839164e-06,1.0633379510238683e-08,9.542030096054077
5.06335118188872e-06,1.1012491363260324e-08,9.54964303970337
5.0514295253378805e-06,1.057285015093612e-08,9.55677580833435
5.040240012021968e-06,1.0830747854129186e-08,9.564707279205322
5.028007308283122e-06,1.0669796601803228e-08,9.571486949920654
5.016950581193669e-06,1.0564748187391615e-08,9.57821249961853
5.004956619814038e-06,1.079332712095038e-08,9.58552098274231
4.99354337080149e-06,1.037402252990205e-08,9.59200406074524
4.982190603186609e-06,1.0733110400451551e-08,9.5994713306427
4.970242571289418e-06,1.0408657047378256e-08,9.606094121932983
4.959380930813495e-06,1.0483871548672141e-08,9.61300778388977
4.947348315909039e-06,1.0549173978802173e-08,9.619839429855347
4.93636025566957e-06,1.0231294922391498e-08,9.626278400421143
4.924831955577247e-06,1.0583129927965729e-08,9.633685827255249
4.913307748211082e-06,1.0157202190441694e-08,9.640189409255981
4.902422460872913e-06,1.0416033369153865e-08,9.64797067642212
4.890534000878688e-06,1.0271431705177747e-08,9.654547929763794
4.879860625806032e-06,1.0139079797966133e-08,9.661058902740479
4.868179985351162e-06,1.0387203985828819e-08,9.668495416641235
4.857132353208726e-06,9.96081350734812e-09,9.675039529800415
4.8460969992447644e-06,1.0323032206827065e-08,9.682300806045532
4.8345214054279495e-06,9.993109451045257e-09,9.688735961914062
4.823996732739033e-06,1.0070220213265202e-08,9.695671796798706
4.812276984011987e-06,1.0149925344649091e-08,9.702667713165283
4.801650447916472e-06,9.822926472224935e-09,9.709131002426147
4.790433649759507e-06,1.0183067722380201e-08,9.716516494750977
4.779273240274051e-06,9.756591978771212e-09,9.723161220550537
4.768697181134485e-06,1.0019383545056826e-08,9.730393171310425
4.757164788316004e-06,9.866227834720576e-09,9.737216472625732
4.746801550936652e-06,9.75849445694621e-09,9.743743181228638
4.735459697258193e-06,9.975853920707323e-09,9.751240968704224
4.7247599468391854e-06,9.579357751476891e-09,9.758237361907959
4.714014721685089e-06,9.926099941992561e-09,9.766247510910034
4.7028224798850715e-06,9.595101602144496e-09,9.773017644882202
4.692555194196757e-06,9.708269743669007e-09,9.7801034450531
4.6812297114229295e-06,9.722865179639939e-09,9.787216663360596
4.670946054829983e-06,9.447096438464087e-09,9.794912815093994
4.659983460442163e-06,9.795639854814908e-09,9.802481174468994
4.649220954888733e-06,9.362560504655448e-09,9.809289693832397
4.638899099518312e-06,9.655740207392682e-09,9.817131757736206
4.627738235285506e-06,9.463340333581982e-09,9.82433557510376
4.617683316610055e-06,9.399929723485911e-09,9.831968784332275
4.606649326888146e-06,9.582613813563512e-09,9.83895492553711
4.596317467076005e-06,9.210742391019267e-09,9.84603500366211
4.585830538417213e-06,9.555472857414316e-09,9.853065252304077
4.5750366552965716e-06,9.196027050961675e-09,9.860244035720825
4.565014478430385e-06,9.366537767618865e-09,9.867919683456421
4.554053703031968e-06,9.316187821184485e-09,9.874671936035156
4.544065632217098e-06,9.115495913647464e-09,9.882435321807861
4.5334213609748986e-06,9.397620459594691e-09,9.889503240585327
4.522991275734967e-06,9.022481428644369e-09,9.89656138420105
4.512939085543621e-06,9.289030877823734e-09,9.903557777404785
4.502169758779928e-06,9.080870277955455e-09,9.910053014755249
4.492348580242833e-06,9.071354334366788e-09,9.917397737503052
4.481649739318527e-06,9.2053697997585e-09,9.924607276916504
4.471665761229815e-06,8.859195155253019e-09,9.93248200416565
4.46142394139315e-06,9.212292262361643e-09,9.939499855041504
4.450965661817463e-06,8.854861732743302e-09,9.946556568145752
4.441239980224054e-06,9.024216041098043e-09,9.955135345458984
4.430576154845767e-06,8.982330435003405e-09,9.962730884552002
4.420924597070552e-06,8.766924075587212e-09,9.970345258712769
4.410529527376639e-06,9.07291664020704e-09,9.97718596458435
4.400496436574031e-06,8.6429805534749e-09,9.984951257705688
4.3906597966270056e-06,8.980663324109628e-09,9.992112874984741
4.380208793008933e-06,8.7257925329709e-09,10.000000715255737
4.3707136683224235e-06,8.745148605271424e-09,10.006960391998291
4.3603158701444045e-06,8.838076936967809e-09,10.014682531356812
4.350632934801979e-06,8.538376228273137e-09,10.021700620651245
4.3406776057963725e-06,8.849646349062823e-09,10.02898359298706
4.330554020270938e-06,8.51570991500239e-09,10.0364830493927
4.321090727898991e-06,8.681901420004579e-09,10.043233156204224
4.310728400014341e-06,8.649932325965892e-09,10.050588846206665
4.3013696995330974e-06,8.43887892898465e-09,10.058144569396973
4.291289315005997e-06,8.721757538410202e-09,10.065752029418945
4.281501787772868e-06,8.35138536103841e-09,10.072580814361572
4.2720107558125164e-06,8.610230750605297e-09,10.0795419216156
4.2618289626261685e-06,8.435854681465571e-09,10.08681344985962
4.252642611390911e-06,8.385010019651418e-09,10.09360647201538
4.2425235733389854e-06,8.53898729502589e-09,10.10126280784607
4.233086201566039e-06,8.230975012679664e-09,10.107966661453247
4.223469659336843e-06,8.511927163112887e-09,10.115720272064209
4.213628471916309e-06,8.21061263422962e-09,10.122463464736938
4.204430297249928e-06,8.361420000824182e-09,10.130095481872559
4.1943794713006355e-06,8.332031953273145e-09,10.137232065200806
4.185259967925958e-06,8.153555164369664e-09,10.143996477127075
4.1754742596822325e-06,8.399672069003827e-09,10.15153431892395
4.16602370023611e-06,8.041928012403332e-09,10.158699035644531
4.1567577682144474e-06,8.306080268027927e-09,10.166731834411621
4.146907940594247e-06,8.108144378127236e-09,10.173630952835083
4.13797351939138e-06,8.09086309061513e-09,10.181328535079956
4.128138243686408e-06,8.210693458465812e-09,10.188440322875977
4.1190273805113975e-06,7.914330524272373e-09,10.19508147239685
4.109620931558311e-06,8.214533053774176e-09,10.202237606048584
4.100080332136713e-06,7.909058297173033e-09,10.208680152893066
4.0911386349762324e-06,8.0710513827853e-09,10.216166019439697
4.081430688529508e-06,7.98616461850088e-09,10.222774028778076
4.072566298418678e-06,7.864263906753877e-09,10.229755163192749
4.063049345859326e-06,8.06808664322034e-09,10.23664903640747
4.0538966459280346e-06,7.744588970126642e-09,10.243218183517456
4.0448526306136046e-06,8.010280438952577e-09,10.250385284423828
4.035343863506569e-06,7.785075695210253e-09,10.25687026977539
4.026595888717566e-06,7.83836551221384e-09,10.264672040939331
4.017086212115828e-06,7.88332599199748e-09,10.271318674087524
4.008255018561613e-06,7.648853106445586e-09,10.277880430221558
3.999076852778671e-06,7.918626643288462e-09,10.285163640975952
3.989885954069905e-06,7.600970519661132e-09,10.291651487350464
3.981155259680236e-06,7.793351741725019e-09,10.29941701889038
3.971724254370201e-06,7.694455739226669e-09,10.305999279022217
3.963098151871236e-06,7.607454222124943e-09,10.313042879104614
3.953869963879697e-06,7.766402632114477e-09,10.319804668426514
3.94500193579006e-06,7.472177543377256e-09,10.326311588287354
3.936158918804722e-06,7.744326069314411e-09,10.333847761154175
3.926963927369798e-06,7.501619769811896e-09,10.340727090835571
3.918490165233379e-06,7.552172220925968e-09,10.34852647781372
3.9092165025067516e-06,7.606114849068035e-09,10.355127096176147
3.900663614331279e-06,7.367086940490708e-09,10.361952781677246
3.8917055462661665e-06,7.65479413189496e-09,10.368903398513794
3.882830242218915e-06,7.304639559890802e-09,10.3756844997406
3.874323738273233e-06,7.529532553007812e-09,10.38319706916809
3.865173766826047e-06,7.3961530233646045e-09,10.389659643173218
3.856802777590929e-06,7.3442318893057745e-09,10.396596670150757
3.847820153168868e-06,7.477241936726386e-09,10.403321266174316
3.839236342173535e-06,7.204259411253133e-09,10.409832954406738
3.830638888757676e-06,7.453103023635776e-09,10.417064428329468
3.821725840680301e-06,7.219080888631879e-09,10.423631429672241
3.8134326132421847e-06,7.311884431260296e-09,10.431302070617676
3.804477046287502e-06,7.303695426230661e-09,10.438027143478394
3.7961401631037006e-06,7.145634750571617e-09,10.444540023803711
3.787448804359883e-06,7.35419769526402e-09,10.451843023300171
3.7788538520544535e-06,7.059072437698433e-09,10.458466529846191
3.7705294744228013e-06,7.276392377519869e-09,10.466087102890015
3.761700781979016e-06,7.112938238407196e-09,10.472692728042603
3.7535648971243063e-06,7.093997833607091e-09,10.479753494262695
3.7447891827468993e-06,7.221235165388862e-09,10.486668348312378
3.736518010555301e-06,6.93417900876625e-09,10.493163585662842
3.7280949527485063e-06,7.220028575005699e-09,10.500442504882812
3.719486812769901e-06,6.935619190073794e-09,10.506948947906494
3.711462113642483e-06,7.044322014593263e-09,10.514657497406006
3.7026939025963657e-06,7.052211259406249e-09,10.521404027938843
3.694667384479544e-06,6.860752854720431e-09,10.528022289276123
3.6861795251752483e-06,7.100434462614658e-09,10.535749197006226
3.6778230878553586e-06,6.804297125739822e-09,10.54228401184082
3.6697576888400363e-06,7.0113665984194995e-09,10.549942970275879
3.6611677387554664e-06,6.860113810347457e-09,10.556560277938843
3.6532692320179194e-06,6.841853750216842e-09,10.563576459884644
3.644754315246246e-06,6.946288433340442e-09,10.570497512817383
3.6367068787512835e-06,6.698622101453111e-09,10.577025651931763
3.6285384794609854e-06,6.939101737657438e-09,10.585597038269043
3.620174538809806e-06,6.6954548572084605e-09,10.59466552734375
3.6123358313489007e-06,6.8106285056046545e-09,10.603842735290527
3.603865479817614e-06,6.783831274503882e-09,10.614277362823486
3.5960558761871653e-06,6.635082261396974e-09,10.62137246131897
3.587796072679339e-06,6.8423022803187905e-09,10.627886772155762
3.5797156670014374e-06,6.558244614041087e-09,10.634636163711548
3.5718460367206717e-06,6.769345084478573e-09,10.640758514404297
3.56349619323737e-06,6.623829484908583e-09,10.648041486740112
3.5558421132009244e-06,6.600755497743194e-09,10.654331922531128
3.547552978488966e-06,6.703672728036736e-09,10.66040825843811
3.5397513329371577e-06,6.460261214868979e-09,10.668346166610718
3.53179598278075e-06,6.699582222324807e-09,10.675411462783813
3.5236746498412685e-06,6.463065194139972e-09,10.683168888092041
3.516072865750175e-06,6.563401822035075e-09,10.689640522003174
3.507814199110726e-06,6.556475362629044e-09,10.695977210998535
3.5002531149075367e-06,6.391960294394039e-09,10.702688932418823
3.4922072700283024e-06,6.606950542220602e-09,10.709176778793335
3.484362878225511e-06,6.326123624944557e-09,10.716884851455688
3.47670606970496e-06,6.537002050777119e-09,10.723494291305542
3.468625436653383e-06,6.36775965290326e-09,10.730135917663574
3.461174628682784e-06,6.375457495266801e-09,10.736853122711182
3.4530908123997506e-06,6.467633983930909e-09,10.743352890014648
3.4455558761692373e-06,6.222736548266994e-09,10.750194311141968
3.4377862903056666e-06,6.469862867675147e-09,10.757320880889893
3.4299353046662873e-06,6.2094742681040316e-09,10.76518201828003
3.4225035960844252e-06,6.357406601154025e-09,10.771433353424072
3.414516640987131e-06,6.285328257860101e-09,10.777580976486206
3.4071467780449893e-06,6.198392021872223e-09,10.784165382385254
3.3993233046203386e-06,6.346122738420945e-09,10.791032314300537
3.39175221597543e-06,6.100086658022974e-09,10.798025131225586
3.384261617611628e-06,6.305267419293159e-09,10.804588794708252
3.3764363251975738e-06,6.130443264140695e-09,10.811232328414917
3.3691806038405048e-06,6.1621858726823575e-09,10.818212747573853
3.361341669005924e-06,6.216571701855855e-09,10.82494044303894
3.3540015920152655e-06,6.029717614097763e-09,10.83222222328186
3.34643732458062e-06,6.237644178952451e-09,10.838348150253296
3.338855776746641e-06,5.986056095252934e-09,10.84451413154602
3.3316048302367562e-06,6.1402745110683554e-09,10.850945472717285
3.323849341541063e-06,6.0553673186802826e-09,10.857617616653442
3.316698212074698e-06,5.982386586111943e-09,10.865179300308228
3.3090707347582793e-06,6.12370554264885e-09,10.871395826339722
3.3017356599884806e-06,5.882681897162456e-09,10.8775053024292
3.2944351460173493e-06,6.089786008800502e-09,10.884046792984009
3.286847913841484e-06,5.906355848850353e-09,10.890250205993652
3.279792281318805e-06,5.953633142041781e-09,10.896713733673096
3.2721657134970883e-06,5.992518925523882e-09,10.903229475021362
3.2650643788656453e-06,5.812040182462397e-09,10.909262657165527
3.2576867852185387e-06,6.017859544016346e-09,10.91600251197815
3.2503253351023886e-06,5.774541733671867e-09,10.922263622283936
3.2432742500532186e-06,5.926580559645345e-09,10.928617238998413
3.2357379495806526e-06,5.843522110637878e-09,10.935341358184814
3.228785544706625e-06,5.78623282621038e-09,10.941359519958496
3.221373390260851e-06,5.9013700592913665e-09,10.94849944114685
3.2142611416929867e-06,5.680573789135224e-09,10.95484185218811
3.207140480299131e-06,5.881146236674795e-09,10.961121797561646
3.1997876703826478e-06,5.69423974638994e-09,10.967894077301025
3.1929159831634024e-06,5.755409482333107e-09,10.97398042678833
3.1855047382123303e-06,5.773440392431439e-09,10.981313228607178
3.1786139516043477e-06,5.614930742581237e-09,10.987682342529297
3.1714196211396484e-06,5.807402558843933e-09,10.994265794754028
3.16429509439331e-06,5.5670179577305134e-09,11.001270055770874
3.1574156764690997e-06,5.72960345834872e-09,11.007414102554321
3.150104703308898e-06,5.626499710587041e-09,11.01383924484253
3.143361936963629e-06,5.583069562220544e-09,11.02033019065857
3.1361250876216218e-06,5.69773295211462e-09,11.026935338973999
3.129237711618771e-06,5.4778963587409635e-09,11.034016847610474
3.1222962206811644e-06,5.680658166085095e-09,11.040360689163208
3.1151694201980717e-06,5.4829789597476974e-09,11.046937227249146
3.10847917717183e-06,5.5639670648588435e-09,11.05395770072937
3.1012739327707095e-06,5.561916260887756e-09,11.060814142227173
3.0945902835810557e-06,5.424197091485894e-09,11.067907094955444
3.0875760330673074e-06,5.602056596387683e-09,11.074432134628296
3.0806759241386317e-06,5.368177458109358e-09,11.081915616989136
3.07396771859203e-06,5.535452096694371e-09,11.088577508926392
3.0668738872918766e-06,5.419727777677963e-09,11.095590353012085
3.0603168852394447e-06,5.396532110069074e-09,11.102671146392822
3.0532862638210645e-06,5.481288312125798e-09,11.10918402671814
3.0465953386737965e-06,5.295047955655718e-09,11.11654543876648
3.039829834960983e-06,5.47971268360925e-09,11.123314142227173
3.0329226774483686e-06,5.289269466857149e-09,11.130186796188354
3.0264034194260603e-06,5.378061551652991e-09,11.137235164642334
3.0194078135536984e-06,5.359660271153643e-09,11.14411211013794
3.0129144761303905e-06,5.244294776218794e-09,11.151268005371094
3.006080078193918e-06,5.404874769965318e-09,11.158019781112671
2.9993962016305886e-06,5.1804782685849204e-09,11.165634632110596
2.992855797856464e-06,5.349098941564989e-09,11.17212986946106
2.9859736514481483e-06,5.225255339524892e-09,11.17879605293274
2.97959559247829e-06,5.218323106959133e-09,11.185762882232666
2.9727423225267557e-06,5.296935778886791e-09,11.192258358001709
2.9662724045920186e-06,5.109219713972379e-09,11.199493885040283
2.959666289825691e-06,5.298281369192637e-09,11.205963850021362
2.9529844596254406e-06,5.088673482589456e-09,11.21291995048523
2.946621407318162e-06,5.209046527454575e-09,11.219823837280273
2.939823843917111e-06,5.161743477088976e-09,11.226371049880981
2.933525365733658e-06,5.0719979327595865e-09,11.233755111694336
2.9268583148223115e-06,5.217736909202131e-09,11.240201711654663
2.9203858957771445e-06,4.999876512812307e-09,11.246984243392944
2.914001925091725e-06,5.172632544514499e-09,11.2541983127594
2.9073287350911414e-06,5.0340687174355025e-09,11.260953426361084
2.901126435972401e-06,5.048337747837195e-09,11.268261671066284
2.894453473345493e-06,5.107813283444784e-09,11.274767398834229
2.8881804610136896e-06,4.936528519294825e-09,11.282342910766602
2.8817357815569267e-06,5.1169588566324364e-09,11.288936853408813
2.8752547223120928e-06,4.915097662205881e-09,11.295617580413818
2.869064473998151e-06,5.032610328470355e-09,11.302639484405518
2.8624688184208935e-06,4.970802880421843e-09,11.309074878692627
2.856336777767865e-06,4.909643802619712e-09,11.31655216217041
2.849843895091908e-06,5.030636796021781e-09,11.323144912719727
2.8435733838705346e-06,4.831222533141499e-09,11.329788446426392
2.8373426630423637e-06,4.998786273802125e-09,11.336890697479248
2.830874109349679e-06,4.855903679157336e-09,11.344918966293335
2.824832563419477e-06,4.886338000886781e-09,11.352510929107666
2.818344228217029e-06,4.923267571399492e-09,11.35926342010498
2.8122701678512385e-06,4.765059014033568e-09,11.367393970489502
2.8059675969416276e-06,4.949828991129834e-09,11.373687982559204
2.799691401378368e-06,4.738089476319374e-09,11.380173683166504
2.7936564492847538e-06,4.87052442821323e-09,11.38671588897705
2.7872392820427194e-06,4.7971666639057275e-09,11.393567085266113
2.781295506792958e-06,4.744951542789977e-09,11.400434494018555
2.7749636046792148e-06,4.854801449738488e-09,11.406753063201904
2.768901140370872e-06,4.6523065400094765e-09,11.413423776626587
2.762815711321309e-06,4.830640776276596e-09,11.420494079589844
2.7565445179789094e-06,4.6696215783015305e-09,11.426982879638672
2.7506530386745e-06,4.7328296837179096e-09,11.43398141860962
2.7443431918072747e-06,4.74307615405678e-09,11.440272569656372
2.738454668360646e-06,4.608209813738995e-09,11.446854591369629
2.732301936703152e-06,4.780684736971352e-09,11.454020261764526
2.726223556237528e-06,4.57140814091872e-09,11.46058440208435
2.720347765716724e-06,4.702869205175375e-09,11.467470169067383
2.714102038225974e-06,4.631911743047112e-09,11.47381329536438
2.7083403892902425e-06,4.5749999344479875e-09,11.480458736419678
2.7021583264286164e-06,4.6974863998627825e-09,11.488083600997925
2.6962836727761896e-06,4.483517113129665e-09,11.494951963424683
2.6903376237896737e-06,4.685448917740587e-09,11.502212524414062
2.684253786355839e-06,4.503322603710558e-09,11.508947134017944
2.6785335194290383e-06,4.576488965568615e-09,11.516713380813599
2.672386699487106e-06,4.575136713924621e-09,11.523599624633789
2.6666625672078226e-06,4.460565250496984e-09,11.531980752944946
2.6606749088387005e-06,4.609336023975175e-09,11.538474559783936
2.654783429534291e-06,4.413258647417706e-09,11.545490980148315
2.6490367872611387e-06,4.555639421255364e-09,11.552935123443604
2.6429941044625593e-06,4.456161217802901e-09,11.55994200706482
2.6373832042736467e-06,4.4324348635882416e-09,11.567380666732788
2.631372126415954e-06,4.5157779737792225e-09,11.574191331863403
2.6256632281729253e-06,4.3425050222367645e-09,11.581977844238281
2.619865199449123e-06,4.517366480882856e-09,11.588575601577759
2.6139712190342834e-06,4.347869175802543e-09,11.595984935760498
2.608401928227977e-06,4.416999654921483e-09,11.603387594223022
2.6024160888482584e-06,4.419016708112622e-09,11.610128164291382
2.5968727186409524e-06,4.2987853277054455e-09,11.617449522018433
2.5910314889188157e-06,4.45077441568742e-09,11.624316692352295
2.5853159968391992e-06,4.250710006203917e-09,11.631960153579712
2.5797189664444886e-06,4.400789954672746e-09,11.638702392578125
2.5738363547134213e-06,4.302910472375743e-09,11.645525217056274
2.5683741569082486e-06,4.292005417738665e-09,11.652710437774658
2.56253701991227e-06,4.352521010275723e-09,11.659993648529053
2.556993194957613e-06,4.1998928779207745e-09,11.667178630828857
2.5513347736705327e-06,4.365701578024073e-09,11.673701524734497
2.5456265575485304e-06,4.191882396753499e-09,11.680511951446533
2.5401920993317617e-06,4.277758147708255e-09,11.687351942062378
2.534377927077003e-06,4.259618435753509e-09,11.694126605987549
2.5289928089478053e-06,4.1605479061956885e-09,11.701768636703491
2.5232873213099083e-06,4.306387246799659e-09,11.708535194396973
2.517750999686541e-06,4.108720030870927e-09,11.716667652130127
2.5122990336967632e-06,4.253303931278651e-09,11.72349214553833
2.5065860427275766e-06,4.15065004588655e-09,11.731326580047607
2.501278913769056e-06,4.1451757581967286e-09,11.73799443244934
2.4955741082521854e-06,4.2146783840735225e-09,11.744541645050049
2.490201950422488e-06,4.058866132083949e-09,11.751761436462402
2.4847029180818936e-06,4.2081413909045295e-09,11.758816719055176
2.479154545653728e-06,4.044987012008505e-09,11.766282320022583
2.473840140737593e-06,4.145979559666557e-09,11.772968053817749
2.4682206003490137e-06,4.088450022976531e-09,11.77991247177124
2.4629555355204502e-06,4.046408097480025e-09,11.787353277206421
2.4574121653131442e-06,4.139817377790678e-09,11.794111967086792
2.4520593342458596e-06,3.969510498080808e-09,11.801281690597534
2.4467119601467857e-06,4.117363783251449e-09,11.808189868927002
2.441183596602059e-06,3.999543363164548e-09,11.816186428070068
2.4360144834645325e-06,4.015300092419238e-09,11.823145151138306
2.4304601993208053e-06,4.064921288460255e-09,11.830328226089478
2.4252613002317958e-06,3.9152547870457965e-09,11.837465524673462
2.4198802748287562e-06,4.0735916861933674e-09,11.844324111938477
2.414496293567936e-06,3.9080960689830135e-09,11.851616382598877
2.4093394586088834e-06,4.001677211817878e-09,11.858848810195923
2.4038567971729208e-06,3.956183824982418e-09,11.86665391921997
2.398753167653922e-06,3.902644873932104e-09,11.873324632644653
2.3933525881147943e-06,3.9995518008595354e-09,11.880292892456055
2.3881325432739686e-06,3.847326457417921e-09,11.887414932250977
2.382943421253003e-06,3.972989492950774e-09,11.894394874572754
2.377571718170657e-06,3.867896669618176e-09,11.901538610458374
2.3725222035864135e-06,3.8939504953816595e-09,11.908253908157349
2.3671389044466196e-06,3.917252300311702e-09,11.91569471359253
2.3620716547156917e-06,3.805348036678424e-09,11.922360897064209
2.356825007154839e-06,3.936582171348846e-09,11.92981505393982
2.35162110584497e-06,3.7736556102174745e-09,11.936955690383911
2.346567271160893e-06,3.884858212899189e-09,11.943672180175781
2.341264007554855e-06,3.803414472258737e-09,11.951531171798706
2.3362972569884732e-06,3.785851188098377e-09,11.957994937896729
2.3310274173127254e-06,3.856499564136584e-09,11.965252161026001
2.3259838144440437e-06,3.7113365713992152e-09,11.971648454666138
2.3208963284560014e-06,3.849782270748392e-09,11.97803258895874
2.3157044779509306e-06,3.715768359668914e-09,11.985076427459717
2.3107802462618565e-06,3.773588552746787e-09,11.992461681365967
2.3055426936480217e-06,3.769540235509794e-09,11.999940872192383
2.3006143692327896e-06,3.6903398115128994e-09,12.006203413009644
2.295510739713791e-06,3.79004694295304e-09,12.012598752975464
2.290460543008521e-06,3.64952357223558e-09,12.019923686981201
2.2855333554616664e-06,3.751646993066515e-09,12.02647852897644
2.280373109897482e-06,3.681689175749625e-09,12.033906698226929
2.275540737173287e-06,3.6630822819461173e-09,12.040701627731323
2.270414825034095e-06,3.728801267754989e-09,12.05016040802002
2.2655030988971703e-06,3.601885900650359e-09,12.0569589138031
2.260547034893534e-06,3.728851449835702e-09,12.063769102096558
2.255519575555809e-06,3.588335406590204e-09,12.070500373840332
2.2507158519147197e-06,3.65929841983359e-09,12.077012300491333
2.2456126771430718e-06,3.648359836461168e-09,12.084289789199829
2.2408407858165447e-06,3.566942297084097e-09,12.090885400772095
2.2358544811140746e-06,3.6704328465475555e-09,12.098057985305786
2.2309604901238345e-06,3.5224068106742834e-09,12.104631423950195
2.2261492631514557e-06,3.638644496817278e-09,12.110710382461548
2.22112930714502e-06,3.558619177113087e-09,12.117421627044678
2.2164404072100297e-06,3.5458136427024556e-09,12.12364387512207
2.2114402327133575e-06,3.6047986817777655e-09,12.130052328109741
2.2066888050176203e-06,3.472595988540661e-09,12.136747598648071
2.2018359686626354e-06,3.6147498327920857e-09,12.142863988876343
2.1969528916088166e-06,3.4668088400025e-09,12.149894952774048
2.1922862742940197e-06,3.539672333019439e-09,12.15605902671814
2.1873127025173744e-06,3.5246685570200498e-09,12.162235736846924
2.182679736506543e-06,3.4511602464704083e-09,12.169100046157837
2.177815531467786e-06,3.546426041722839e-09,12.17557168006897
2.17305955629854e-06,3.4118143865669026e-09,12.182848691940308
2.16837861444219e-06,3.5118705721259857e-09,12.189112186431885
2.1635105440509506e-06,3.42812689346772e-09,12.195439100265503
2.158921006412129e-06,3.4445100105529036e-09,12.202405452728271
2.1540597572311526e-06,3.4749167987513374e-09,12.208518743515015
2.1494633983820677e-06,3.358840983125333e-09,12.215768814086914
2.1447249309858307e-06,3.486391619844653e-09,12.222273111343384
2.139993284799857e-06,3.341014132018927e-09,12.228794574737549
2.1354180717025883e-06,3.440512985619648e-09,12.235748052597046
2.1306041162461042e-06,3.386872116095674e-09,12.24204683303833
2.1261082565615652e-06,3.341534604572871e-09,12.249160766601562
2.1213350009929854e-06,3.43693873361417e-09,12.255593538284302
2.1167606973904185e-06,3.27621507700826e-09,12.262121677398682
2.112162974299281e-06,3.4155946959657513e-09,12.269087314605713
2.107446107402211e-06,3.2928082482897025e-09,12.275140523910522
2.1029884464951465e-06,3.337086607047013e-09,12.282387733459473
2.0982365640520584e-06,3.3552522982205346e-09,12.288537502288818
2.0937843601132045e-06,3.2470108823901e-09,12.295018911361694
2.0891491203656187e-06,3.3771192509135517e-09,12.302140951156616
2.0845639028266305e-06,3.2251719073173035e-09,12.308403730392456
2.0801132905035047e-06,3.3219877959567157e-09,12.315754890441895
2.0754300749104004e-06,3.2631124469162387e-09,12.32221794128418
2.071047902063583e-06,3.238080692469225e-09,12.328774452209473
2.0664069779741112e-06,3.3108786823277114e-09,12.335726261138916
2.0619543192879064e-06,3.179578822454232e-09,12.342117547988892
2.05747778636578e-06,3.295564043881427e-09,12.349422454833984
2.052894615189871e-06,3.1903193420390608e-09,12.356204509735107
2.0485560980887385e-06,3.225147038321552e-09,12.362691640853882
2.043940412477241e-06,3.2349096734662908e-09,12.369529247283936
2.0396003037603805e-06,3.1470008821088413e-09,12.376043558120728
2.035088755292236e-06,3.2579678954647306e-09,12.383150339126587
2.0306413262005663e-06,3.1162590286015757e-09,12.389661312103271
2.026290985668311e-06,3.2197196020433694e-09,12.396404027938843
2.0217466953909025e-06,3.1486611096198658e-09,12.403260946273804
2.0174798009975348e-06,3.140091298092784e-09,12.409652709960938
2.0129623408138286e-06,3.1933087285551665e-09,12.417167663574219
2.0086397398699773e-06,3.076904508958478e-09,12.423998594284058
2.0042655251018004e-06,3.190788966378477e-09,12.431350946426392
1.9998199149995344e-06,3.0818274598942708e-09,12.437905311584473
1.995589173020562e-06,3.1272096023826634e-09,12.444278717041016
1.9911017261620145e-06,3.1217708418296297e-09,12.45081114768982
1.986880533877411e-06,3.051326080694139e-09,12.458335161209106
1.9824783521471545e-06,3.1515052789643505e-09,12.465665340423584
1.978168938876479e-06,3.0128834982434682e-09,12.47217345237732
1.9739222807402257e-06,3.118686642267221e-09,12.479296207427979
1.9695069113367936e-06,3.039330342957669e-09,12.486634016036987
1.9653548406495247e-06,3.042197826985671e-09,12.492960453033447
1.960946292456356e-06,3.0909481640861713e-09,12.500284194946289
1.956761479959823e-06,2.972197821193845e-09,12.506293773651123
1.952484581124736e-06,3.09327763403644e-09,12.512498140335083
1.9481792605802184e-06,2.9661131328850843e-09,12.519035339355469
1.9440481082710903e-06,3.0357980573825216e-09,12.526066064834595
1.9396827610762557e-06,3.00979796641343e-09,12.534576177597046
1.9355793483555317e-06,2.9610505158927936e-09,12.541267156600952
1.9312922177050496e-06,3.038776785757591e-09,12.548654556274414
1.927104449350736e-06,2.919000596790511e-09,12.555391550064087
1.922960564115783e-06,3.01706926109091e-09,12.56218957901001
1.918671387102222e-06,2.941634269504334e-09,12.56908130645752
1.9146314116369467e-06,2.9456188599397137e-09,12.575580596923828
1.910343371491763e-06,2.9832225578729776e-09,12.582683801651001
1.9062690626014955e-06,2.8816384833874054e-09,12.588648557662964
1.9021023263121606e-06,2.989133385256082e-09,12.595940351486206
1.8979212654812727e-06,2.8708833088586516e-09,12.602595090866089
1.8938922039524186e-06,2.9402942303136115e-09,12.609462022781372
1.8896488427344593e-06,2.9081763663896254e-09,12.616503238677979
1.8856553651858121e-06,2.8712945354669728e-09,12.62300419807434
1.881478056020569e-06,2.935630183387161e-09,12.630226135253906
1.877413069450995e-06,2.8261868401102674e-09,12.637122631072998
1.8733675233306712e-06,2.92186075334655e-09,12.643651723861694
1.8692091998673277e-06,2.837943435807233e-09,12.650255918502808
1.8652659719009534e-06,2.859437353563976e-09,12.656569719314575
1.8610934375828947e-06,2.8786615313691755e-09,12.663140535354614
1.8571384998722351e-06,2.792959419295471e-09,12.669642210006714
1.8530671468397486e-06,2.893584039043162e-09,12.675833463668823
1.8490147795091616e-06,2.774708685038263e-09,12.682698726654053
1.8450807601766428e-06,2.8520619199667863e-09,12.689068078994751
1.8409567701382912e-06,2.8072366653475456e-09,12.69577407836914
1.8370786847299314e-06,2.7795075130399027e-09,12.702087163925171
1.8329956219531596e-06,2.843825619436302e-09,12.708112239837646
1.8290576235813205e-06,2.729519721356155e-09,12.71470856666565
1.8251054143547663e-06,2.83438295056726e-09,12.721863746643066
1.821066234697355e-06,2.7384035039546006e-09,12.728890895843506
1.817225779632281e-06,2.773665963573535e-09,12.735924005508423
1.813161588870571e-06,2.7792359524880794e-09,12.742052555084229
1.8093206790581462e-06,2.706198154456274e-09,12.749109506607056
1.8053470967061003e-06,2.7989675022155325e-09,12.755345344543457
1.801414896362985e-06,2.682041255752665e-09,12.762007474899292
1.797575691853126e-06,2.7643147770817222e-09,12.769123792648315
1.793567889762926e-06,2.7105542255156934e-09,12.775167465209961
1.789792804629542e-06,2.6952862164364433e-09,12.782307624816895
1.7858144474303117e-06,2.746795679797742e-09,12.788565158843994
1.7819913864514092e-06,2.6431896671397226e-09,12.795340299606323
1.7781321730581112e-06,2.7438360472586965e-09,12.802579641342163
1.77421225089347e-06,2.645098362563658e-09,12.809582471847534
1.770472636053455e-06,2.6850077716744636e-09,12.817159175872803
1.7665159930402297e-06,2.683560929028772e-09,12.82423448562622
1.762778310876456e-06,2.6230042582398028e-09,12.831809759140015
1.758904431881092e-06,2.7060786944588244e-09,12.838210344314575
1.7550875099914265e-06,2.595437198493755e-09,12.845044136047363
1.7513419834358501e-06,2.6781874495895863e-09,12.852489233016968
1.7474475271228584e-06,2.618450789526605e-09,12.85942029953003
1.7437712358514545e-06,2.615231364799797e-09,12.867066860198975
1.739895537866687e-06,2.654513941990899e-09,12.873752117156982
1.7361813888783217e-06,2.5615209953144813e-09,12.881341695785522
1.7324152850051178e-06,2.6562223531811924e-09,12.889009475708008
1.7286114371017902e-06,2.5571131878621145e-09,12.89600133895874
1.7249635675398167e-06,2.6035784639333315e-09,12.903363704681396
1.721109583741054e-06,2.597443149454648e-09,12.910195589065552
1.7174869526570546e-06,2.534874532500453e-09,12.91731882095337
1.7136983387899818e-06,2.6246722573119996e-09,12.924077033996582
1.709995899545902e-06,2.50493847886446e-09,12.931383848190308
1.7063443920051213e-06,2.594288117663268e-09,12.938182353973389
1.7025528222802677e-06,2.530611942219707e-09,12.944979429244995
1.6989765754260588e-06,2.532845932989858e-09,12.952337265014648
1.695198534434894e-06,2.566035384177212e-09,12.959134578704834
1.6915930700633908e-06,2.4781192653478e-09,12.966715335845947
1.6879167787919869e-06,2.5713500217960927e-09,12.973371982574463
1.6842227523738984e-06,2.4704980283729583e-09,12.980201482772827
1.6806603753138916e-06,2.528376619181927e-09,12.987648963928223
1.6769181456766091e-06,2.503336649084531e-09,12.994565963745117
1.673388169365353e-06,2.4641853002549396e-09,13.001756191253662
1.6697027831469313e-06,2.5264943470659773e-09,13.008686065673828
1.6661043673593667e-06,2.4303563606054013e-09,13.016246318817139
1.6625335774733685e-06,2.5126154490351382e-09,13.023262739181519
1.6588606968070962e-06,2.442693158855036e-09,13.030264616012573
1.6553710793232312e-06,2.4585020685918835e-09,13.03732419013977
1.651697402849095e-06,2.473625970722537e-09,13.044081211090088
1.6481894817843568e-06,2.405438737085319e-09,13.051283836364746
1.644607436901424e-06,2.480541994032137e-09,13.058319807052612
1.6410160696977982e-06,2.394992648646621e-09,13.065738439559937
1.6375405493818107e-06,2.448007130340102e-09,13.072661876678467
1.633904162190447e-06,2.4202233550596475e-09,13.079810619354248
1.6304675227729604e-06,2.389145770109735e-09,13.087557315826416
1.6268706986011239e-06,2.4477972981884477e-09,13.094617128372192
1.623382217985636e-06,2.3507631397023943e-09,13.102064847946167
1.61989464686485e-06,2.4363917550118686e-09,13.109167098999023
1.616332383491681e-06,2.3532893411726263e-09,13.116701364517212
1.6129316691149143e-06,2.3838140350562753e-09,13.123796701431274
1.6093430303953937e-06,2.395683207367938e-09,13.131935596466064
1.6059498193499167e-06,2.3217181510659657e-09,13.13889479637146
1.6024411024773144e-06,2.4101676210364076e-09,13.145965814590454
1.5989634221114102e-06,2.3051671682594588e-09,13.15341329574585
1.5955683920765296e-06,2.38058661672369e-09,13.160967350006104
1.592030002939282e-06,2.334387572133778e-09,13.168211221694946
1.588689883647021e-06,2.319501923864209e-09,13.17493987083435
1.5851788930376642e-06,2.3669899373857106e-09,13.182361602783203
1.5817934126971522e-06,2.2760182627479253e-09,13.189193487167358
1.578387241352175e-06,2.360701190085024e-09,13.196427822113037
1.5749235444673104e-06,2.278506938679925e-09,13.20360541343689
1.5716093457740499e-06,2.3135056093082085e-09,13.210360765457153
1.5681258673794218e-06,2.306886903724603e-09,13.217453241348267
1.5648175804017228e-06,2.2559061285676307e-09,13.224130868911743
1.5613984487572452e-06,2.3260671166980273e-09,13.232435941696167
1.5580212675558869e-06,2.232962481585332e-09,13.239375114440918
1.5547109342151089e-06,2.3015225281142193e-09,13.246246814727783
1.551272703181894e-06,2.254350484065526e-09,13.253417730331421
1.5480179627047619e-06,2.24709695295644e-09,13.260236978530884
1.5445993994944729e-06,2.286406841633948e-09,13.267216920852661
1.5413050959978136e-06,2.207644733687175e-09,13.273903369903564
1.5379891920019872e-06,2.2816659672741935e-09,13.281338930130005
1.5346208783739712e-06,2.206380633751337e-09,13.287865400314331
1.5313856920329272e-06,2.2458861437257838e-09,13.294352531433105
1.5279985063898494e-06,2.2327211190997787e-09,13.301271200180054
1.5247743476720643e-06,2.1940966821176744e-09,13.308051347732544
1.521442072771606e-06,2.2544461852902486e-09,13.315654039382935
1.518162775937526e-06,2.1667139193937146e-09,13.322402954101562
1.5149305454542628e-06,2.23520491005047e-09,13.329311609268188
1.5115933820197824e-06,2.1785671044938226e-09,13.336531162261963
1.5084165170264896e-06,2.186320013919385e-09,13.343425035476685
1.5050903812152683e-06,2.2072310645882e-09,13.350437879562378
1.5018906651675934e-06,2.1418975482134783e-09,13.356860876083374
1.4986460428190185e-06,2.214356698004849e-09,13.36353325843811
1.495385276939487e-06,2.129304732534365e-09,13.370590448379517
1.4922292166374973e-06,2.1780515169211867e-09,13.377504825592041
1.488923885517579e-06,2.162355627888246e-09,13.384573459625244
1.4858013628327171e-06,2.119876940653853e-09,13.391296148300171
1.4825449170530192e-06,2.183800029698091e-09,13.39897084236145
1.4793602076679235e-06,2.0916757215161397e-09,13.405882835388184
1.476208126405254e-06,2.1657078352887993e-09,13.413103580474854
1.4729530448676087e-06,2.111951946659474e-09,13.420056819915771
1.4698679251523572e-06,2.1165105223985847e-09,13.428354263305664
1.4666263723484008e-06,2.1362458468843215e-09,13.435542583465576
1.4635182878919295e-06,2.0705523962050165e-09,13.44270372390747
1.4603482441089e-06,2.1480315304245323e-09,13.449997186660767
1.457175471841765e-06,2.0627515251447903e-09,13.456546306610107
1.4541063819706324e-06,2.1094557212109066e-09,13.463310241699219
1.4508901813314878e-06,2.0878438977689484e-09,13.470675706863403
1.4478470120593556e-06,2.0560013691550694e-09,13.477457523345947
1.4446687828240101e-06,2.1160824204002893e-09,13.484614610671997
1.4415778650800348e-06,2.0262636013512747e-09,13.491385221481323
1.4384983160198317e-06,2.1029453733945047e-09,13.49905800819397
1.4353408914757892e-06,2.0378949638910626e-09,13.505579471588135
1.4323334198707016e-06,2.0547985535301905e-09,13.512696981430054
1.4291731531557161e-06,2.064257431655392e-09,13.519962072372437
1.4261511296354001e-06,2.0106256659602195e-09,13.526448249816895
1.4230594160835608e-06,2.0761983243744453e-09,13.533872842788696
1.4199807765180594e-06,1.9950820995262575e-09,13.540305376052856
1.4169829682941781e-06,2.0445565240834185e-09,13.54691219329834
1.413856011822645e-06,2.0162298497439224e-09,13.554790258407593
1.4108948107605102e-06,1.9939974116311987e-09,13.561626672744751
1.4077978676141356e-06,2.0410024781369884e-09,13.56880259513855
1.4047913055037498e-06,1.965225537858828e-09,13.575279951095581
1.4017861076354166e-06,2.0337165285155834e-09,13.582456588745117
1.39872020099574e-06,1.970192897715606e-09,13.589489221572876
1.395785943714145e-06,1.9938328765789493e-09,13.596843481063843
1.3927108284406131e-06,1.9921118088461753e-09,13.603972434997559
1.3897769122195314e-06,1.946206973357789e-09,13.610752582550049
1.3867572761228075e-06,2.0077084439407145e-09,13.618189334869385
1.383764015372435e-06,1.931119930631553e-09,13.624996423721313
1.3808403309667483e-06,1.9817973928581978e-09,13.632344245910645
1.3778002312392346e-06,1.9485451030476497e-09,13.638950824737549
1.374914404550509e-06,1.93629690059538e-09,13.645521402359009
1.3718962463826756e-06,1.9730435063536333e-09,13.652141332626343
1.368976541016309e-06,1.903669666347696e-09,13.658426284790039
1.3660394415637711e-06,1.9728541023056323e-09,13.66524052619934
1.3630683497467544e-06,1.8988399741459716e-09,13.671243667602539
1.3602044646177092e-06,1.9354251534764444e-09,13.677395582199097
1.3572056332122884e-06,1.9267518691634677e-09,13.683996200561523
1.3543567547458224e-06,1.8855439432030607e-09,13.690231084823608
1.3514031707018148e-06,1.9501158465828894e-09,13.696467638015747
1.3485073395713698e-06,1.8605611495914331e-09,13.702956438064575
1.3456460692395922e-06,1.9290340436128872e-09,13.709028244018555
1.3426853229248081e-06,1.8841408433445395e-09,13.716054677963257
1.3398854434854002e-06,1.8770414111912714e-09,13.722305059432983
1.3369375437832787e-06,1.910849478647947e-09,13.728842496871948
1.3341020803636638e-06,1.8439090254673829e-09,13.735461711883545
1.3312400142240222e-06,1.9067845080655843e-09,13.7415452003479
1.3283463431434939e-06,1.8401844492643704e-09,13.748515605926514
1.3255511248644325e-06,1.879220112854796e-09,13.754664897918701
1.3226339206084958e-06,1.86522775003084e-09,13.761379480361938
1.3198661008573254e-06,1.8279057156789236e-09,13.768673658370972
1.3169865269446746e-06,1.8843413496227868e-09,13.77514910697937
1.3141686849849066e-06,1.8034964632818173e-09,13.782365083694458
1.3113721024637925e-06,1.8731396433935288e-09,13.789271593093872
1.3085011687508086e-06,1.8179865390877126e-09,13.796794176101685
1.3057693877271959e-06,1.8244278310319828e-09,13.804085731506348
1.3028968623984838e-06,1.844955632712697e-09,13.810872316360474
1.3001481420360506e-06,1.7832435528220003e-09,13.818798303604126
1.2973458751730504e-06,1.8503738541397752e-09,13.82537317276001
1.2945379239681643e-06,1.776155111876676e-09,13.833492279052734
1.291814555770543e-06,1.820812167707686e-09,13.8402259349823
1.288974203816906e-06,1.799628113197116e-09,13.84801435470581
1.2862717539974255e-06,1.7794775653001693e-09,13.855908632278442
1.2834711924369913e-06,1.817240580237467e-09,13.863190174102783
1.2807328175767907e-06,1.7506214256002295e-09,13.870688915252686
1.2780050155924982e-06,1.810066763141549e-09,13.877173900604248
1.2752160500895116e-06,1.7571543109440313e-09,13.885045289993286
1.272547933695023e-06,1.7720455103287236e-09,13.891510725021362
1.2697528291027993e-06,1.7838424071214831e-09,13.899291038513184
1.267078459932236e-06,1.7316122979949e-09,13.906086921691895
1.2643438367376802e-06,1.792384907162159e-09,13.913058757781982
1.2616169442480896e-06,1.720697917484415e-09,13.920542001724243
1.2589595144163468e-06,1.76745795776867e-09,13.927116632461548
1.2561956737044966e-06,1.7412445929565479e-09,13.935036659240723
1.2535698488136404e-06,1.7229883075842167e-09,13.94151496887207
1.2508323834481416e-06,1.7637465932196505e-09,13.949280261993408
1.2481726798796444e-06,1.693398643531907e-09,13.95595407485962
1.2455067235350725e-06,1.7616982317392171e-09,13.962747573852539
1.2427999536157586e-06,1.6956950288360417e-09,13.970612525939941
1.2401977755871485e-06,1.7239906169308483e-09,13.977232456207275
1.2374744073895272e-06,1.7233436899743992e-09,13.98507308959961
1.2348716609267285e-06,1.685007799956395e-09,13.991543292999268
1.2322066140768584e-06,1.7328642964997698e-09,13.999289989471436
1.229551912729221e-06,1.6732810692587918e-09,14.006210327148438
1.226963604494813e-06,1.7100536542358213e-09,14.013420343399048
1.2242705906828633e-06,1.691533024761327e-09,14.02088451385498
1.2217182074891753e-06,1.6675613112582255e-09,14.027640104293823
1.219048726852634e-06,1.7088450654512144e-09,14.035736799240112
1.2164622376076295e-06,1.6399547275725013e-09,14.04239296913147
1.2138652891735546e-06,1.7034316179831421e-09,14.050272941589355
1.2112232070649043e-06,1.6481828124526032e-09,14.056699275970459
1.2086959486623527e-06,1.6650951728536256e-09,14.063682079315186
1.2060404515068512e-06,1.6706879213401749e-09,14.071503162384033
1.2035076224492514e-06,1.6312070583168747e-09,14.078325033187866
1.2009094234599615e-06,1.67706271092527e-09,14.086015224456787
1.198333166030352e-06,1.6148201664734074e-09,14.092729091644287
1.1958019285884802e-06,1.6612605735488728e-09,14.100881099700928
1.1931878134419094e-06,1.6278918213430416e-09,14.108213901519775
1.1906961390195647e-06,1.6238166367088525e-09,14.116446256637573
1.188089754577959e-06,1.6544499104043098e-09,14.12309980392456
1.1855858019771404e-06,1.5876622239119342e-09,14.132278203964233
1.1830446737803868e-06,1.6536464420013886e-09,14.139081478118896
1.1804839914475451e-06,1.5878365289268004e-09,14.145910263061523
1.1780116437876131e-06,1.622312173488183e-09,14.153920888900757
1.1754287925214157e-06,1.6111446621280834e-09,14.160715818405151
1.1729704283425235e-06,1.5811443265789649e-09,14.168256282806396
1.1704253211064497e-06,1.627856627273161e-09,14.174872398376465
1.1679276212817058e-06,1.5605817749175799e-09,14.182492733001709
1.1654547051875852e-06,1.6151898707406076e-09,14.189216375350952
1.1629126674961299e-06,1.5725334367999722e-09,14.195990324020386
1.1604864766923129e-06,1.57731594452315e-09,14.203057527542114
1.1579486454138532e-06,1.5962943189506973e-09,14.209657430648804
1.1555093806236982e-06,1.5429301170044596e-09,14.2171790599823
1.1530303254403407e-06,1.600673038559819e-09,14.22361969947815
1.1505420616231277e-06,1.538545402191005e-09,14.230165243148804
1.1481278079372714e-06,1.575948704868324e-09,14.23729133605957
1.145618853115593e-06,1.5550585263923722e-09,14.243786096572876
1.1432219935159083e-06,1.5376946382872347e-09,14.250797748565674
1.1407405509089585e-06,1.5747747550420854e-09,14.257457733154297
1.1383116316210362e-06,1.5161881750103134e-09,14.264748334884644
1.1358991969245835e-06,1.5651241414005312e-09,14.271522045135498
1.1334302598697832e-06,1.5209817849637375e-09,14.27831745147705
1.1310594345559366e-06,1.5353923688010696e-09,14.285534620285034
1.1285916343695135e-06,1.5411514286967076e-09,14.292208194732666
1.1262180805715616e-06,1.499891766343353e-09,14.2996985912323
1.1237975741096307e-06,1.5500969396953224e-09,14.306619882583618
1.1213793413844542e-06,1.492869383667994e-09,14.31352710723877
1.1190273880856694e-06,1.526493709214094e-09,14.320906639099121
1.1165801652168739e-06,1.5100662942302279e-09,14.327626466751099
1.1142501534777693e-06,1.4896959221744055e-09,14.335075616836548
1.1118291922684875e-06,1.5273047271335827e-09,14.34183931350708
1.1094703040726017e-06,1.4656389435430128e-09,14.34918761253357
1.1071131211792817e-06,1.5203681646980272e-09,14.356066465377808
1.1047105772377108e-06,1.4717289609222917e-09,14.363025903701782
1.1024051218555542e-06,1.4879848464488532e-09,14.370455741882324
1.099995301956369e-06,1.4938967840549822e-09,14.377091884613037
1.097689164453186e-06,1.452935327606042e-09,14.384233474731445
1.09532629721798e-06,1.5030419131534245e-09,14.390975952148438
1.0929783229585155e-06,1.4418732874332818e-09,14.398699283599854
1.0906798024734599e-06,1.4836484263369698e-09,14.405277252197266
1.0882992000915692e-06,1.458032361512096e-09,14.412044048309326
1.0860312613658607e-06,1.447029385204246e-09,14.419299602508545
1.0836693036253564e-06,1.4771471823493698e-09,14.425851345062256
1.0813770359163755e-06,1.4212216958853219e-09,14.433936357498169
1.0790749911393505e-06,1.4742834730796517e-09,14.452865362167358
1.0767406593004125e-06,1.4228718203668222e-09,14.466954708099365
1.0744917062766035e-06,1.4453638286227033e-09,14.476314544677734
1.072144527825003e-06,1.4442599338693185e-09,14.485514640808105
1.0699016002035933e-06,1.4098202605339338e-09,14.49333143234253
1.0675944395188708e-06,1.4557781646828971e-09,14.501527786254883
1.065314336301526e-06,1.3952512478709878e-09,14.50770378112793
1.063069476003875e-06,1.4407860460252664e-09,14.515766859054565
1.0607544709273498e-06,1.4090293376511909e-09,14.52411150932312
1.058544626175717e-06,1.406038951934363e-09,14.532469749450684
1.0562408760961262e-06,1.4289964767044694e-09,14.539626121520996
1.0540142056925106e-06,1.3778138630016201e-09,14.548084259033203
1.051765480042377e-06,1.4292664829440582e-09,14.555979251861572
1.0494968591956422e-06,1.3765264483822648e-09,14.563334465026855
1.0473030442881281e-06,1.4032176531841856e-09,14.571032285690308
1.0450174841025728e-06,1.3960703704185562e-09,14.578750610351562
1.0428348105051555e-06,1.3683911781470215e-09,14.586575508117676
1.0405830153104034e-06,1.4093839428852561e-09,14.593948364257812
1.0383673725300469e-06,1.351815548389368e-09,14.601300239562988
1.0361765134803136e-06,1.3976181323371861e-09,14.608250379562378
1.0339246045987238e-06,1.3629565254191789e-09,14.615925312042236
1.0317712622054387e-06,1.3656039632437e-09,14.622684240341187
1.0295254924130859e-06,1.3822331057511406e-09,14.62986946105957
1.0273613497702172e-06,1.3359303663307287e-09,14.636737823486328
1.0251644653180847e-06,1.3862058168001568e-09,14.643362998962402
1.0229608733425266e-06,1.3319645386644652e-09,14.650522947311401
1.0208200365013909e-06,1.3635260698308116e-09,14.657334804534912
1.0185945029661525e-06,1.3499350526302578e-09,14.664723873138428
1.0164711738980259e-06,1.329355958645806e-09,14.67172122001648
1.014272811517003e-06,1.364862001196343e-09,14.678339004516602
1.0121207196789328e-06,1.3100847073843624e-09,14.685525178909302
1.0099793144036084e-06,1.3571459511751982e-09,14.6920645236969
1.007791752272169e-06,1.3165749601640186e-09,14.699631214141846
1.0056920700662886e-06,1.3273648846734432e-09,14.706204891204834
1.0035032573796343e-06,1.3361346473672597e-09,14.712980270385742
1.0013984592660563e-06,1.2977792174240221e-09,14.71973967552185
9.992538707592757e-07,1.3426502132318774e-09,14.726229906082153
9.971128065444645e-07,1.2899581403047478e-09,14.73375916481018
9.950224466592772e-07,1.3245142760354156e-09,14.740382194519043
9.928575082085445e-07,1.3052307012983988e-09,14.748018980026245
9.907898856909014e-07,1.2918079939083782e-09,14.75473403930664
9.88644046628906e-07,1.3218909300505288e-09,14.76128625869751
9.865538004305563e-07,1.2698496698604345e-09,14.768437385559082
9.844623036769917e-07,1.3167861245833024e-09,14.77497124671936
9.823349955695448e-07,1.2738081700547355e-09,14.782406330108643
9.802882914300426e-07,1.2897417578372483e-09,14.788892030715942
9.781543894860079e-07,1.2932663828735258e-09,14.795536279678345
9.761096180227469e-07,1.2585950059929019e-09,14.802917003631592
9.740131190483226e-07,1.302309482476005e-09,14.809436559677124
9.719361742099863e-07,1.245559655416173e-09,14.817243576049805
9.698923122414271e-07,1.2883176747635616e-09,14.82369089126587
9.67785922512121e-07,1.2601456544913958e-09,14.830443859100342
9.657732107370975e-07,1.255841319824924e-09,14.837417125701904
9.6367887181259e-07,1.2784560077250262e-09,14.844049453735352
9.616485385777196e-07,1.2313438046973602e-09,14.851583242416382
9.59604449235485e-07,1.2776055768881633e-09,14.85848331451416
9.575377362125437e-07,1.2321488274125159e-09,14.867974281311035
9.555408269079635e-07,1.253235404341524e-09,14.874593019485474
9.534624041407369e-07,1.2500253054881227e-09,14.882280111312866
9.514724865766766e-07,1.2225641610186244e-09,14.888824224472046
9.494255550634989e-07,1.2607708210765622e-09,14.895472764968872
9.474059083913744e-07,1.208817934639228e-09,14.90262222290039
9.454129781261145e-07,1.2482234135191561e-09,14.909105777740479
9.433632612854126e-07,1.2195636722722725e-09,14.916649580001831
9.414018222742015e-07,1.2186902598187999e-09,14.92328429222107
9.393593813911139e-07,1.2371770274910432e-09,14.930306196212769
9.373859484185232e-07,1.193887433359464e-09,14.93695855140686
9.353891528007807e-07,1.2385824588179162e-09,14.9434654712677
9.333809316558472e-07,1.191579945825083e-09,14.950526714324951
9.314320550402044e-07,1.2171862406873402e-09,14.957077980041504
9.294083156419219e-07,1.2074899968794739e-09,14.964654445648193
9.274722856389417e-07,1.187120957091281e-09,14.971315622329712
9.254758879251312e-07,1.217767109373824e-09,14.977880239486694
9.235112088390451e-07,1.172939634308534e-09,14.985135555267334
9.215647764904134e-07,1.2106791125177097e-09,14.991591930389404
9.195742904921644e-07,1.1773036989737307e-09,14.99920916557312
9.176610547001474e-07,1.183447118080494e-09,15.005913972854614
9.156706823887362e-07,1.194925380865186e-09,15.013026237487793
9.137494885180786e-07,1.1601118954374101e-09,15.020034313201904
9.118005550590169e-07,1.199660148998305e-09,15.026804208755493
9.098491773329442e-07,1.1543128675128855e-09,15.034179925918579
9.079487313101708e-07,1.1801812860312566e-09,15.040710687637329
9.059772310138214e-07,1.168473429125072e-09,15.04786491394043
9.040910526891821e-07,1.1527825360957422e-09,15.054399490356445
9.02143540315592e-07,1.1799762278386083e-09,15.060889482498169
9.002339993458008e-07,1.1368612717888027e-09,15.067927122116089
8.983329848888388e-07,1.1757440576687372e-09,15.074360370635986
8.963973527897906e-07,1.1392338183924267e-09,15.081484079360962
8.945299896367942e-07,1.1527050425286234e-09,15.087991952896118
8.9259066271552e-07,1.156805318203169e-09,15.094619989395142
8.907250617085083e-07,1.1258353138643429e-09,15.10152006149292
8.888220577318862e-07,1.1617645734318671e-09,15.10806131362915
8.869250791576633e-07,1.1170749880662356e-09,15.11510419845581
8.850687436279259e-07,1.1471745775537556e-09,15.121638059616089
8.831503350847925e-07,1.1303521452177279e-09,15.12833547592163
8.813129284135357e-07,1.121227777289846e-09,15.135072708129883
8.794133918854641e-07,1.1425477230986303e-09,15.141701936721802
8.775565447649569e-07,1.1038481240177589e-09,15.149032831192017
8.75700834512827e-07,1.1410226097297027e-09,15.15546727180481
8.738167025512666e-07,1.105746161300658e-09,15.162172794342041
8.719979973648151e-07,1.11919462586485e-09,15.16913628578186
8.701096021468402e-07,1.1188743265222456e-09,15.175591230392456
8.682911811774829e-07,1.0947541762007518e-09,15.18282961845398
8.664325719109911e-07,1.127764548414234e-09,15.189241647720337
8.645898219583614e-07,1.0840892628039e-09,15.195955514907837
8.627790180071315e-07,1.1134890787189988e-09,15.202711820602417
8.60909665334475e-07,1.0962056817831467e-09,15.209228754043579
8.591242703914759e-07,1.0860643495647082e-09,15.21658205986023
8.572653769078897e-07,1.1123565402115787e-09,15.223058938980103
8.554648047720548e-07,1.0666725280827904e-09,15.229748964309692
8.536505902156932e-07,1.1103319375038723e-09,15.236637353897095
8.518180720784585e-07,1.0685200502180692e-09,15.243080615997314
8.500477974848764e-07,1.085857403992918e-09,15.250361680984497
8.482033990730997e-07,1.0842277076150708e-09,15.256814956665039
8.464358529636229e-07,1.061974841398694e-09,15.263511896133423
8.44621354190167e-07,1.0938661088033541e-09,15.270262956619263
8.428325486420363e-07,1.0478264922397784e-09,15.276817560195923
8.410589202867413e-07,1.0866433308720502e-09,15.283778429031372
8.392439667659346e-07,1.0568189656723348e-09,15.29017972946167
8.37502057038364e-07,1.060215581993873e-09,15.2968430519104
8.356920488949982e-07,1.0713562259567766e-09,15.303606986999512
8.339399073520326e-07,1.0388405691230673e-09,15.310232639312744
8.321693485413562e-07,1.0725914600939745e-09,15.317076921463013
8.3038929687973e-07,1.0350883483667417e-09,15.323503732681274
8.286557431347319e-07,1.0584825238524331e-09,15.330173254013062
8.268628448604431e-07,1.0487943846726466e-09,15.337063550949097
8.251456051766581e-07,1.0305717390579616e-09,15.343790531158447
8.233697599280276e-07,1.0620522239435104e-09,15.35075569152832
8.216334208555054e-07,1.0140500661393048e-09,15.357483386993408
8.199027661248692e-07,1.0541286732390631e-09,15.36473560333252
8.181360726666753e-07,1.0215978063499165e-09,15.371387958526611
8.164387850229105e-07,1.0296036245804885e-09,15.37792706489563
8.146706136358262e-07,1.0405099004628937e-09,15.384853839874268
8.129691764224845e-07,1.0068647027239308e-09,15.391288995742798
8.112368732327013e-07,1.0448633069870539e-09,15.39858102798462
8.095097427940345e-07,9.992474625519776e-10,15.40537691116333
8.078189353000198e-07,1.0291244523230603e-09,15.412416458129883
8.060720801950083e-07,1.0128872185433124e-09,15.41935682296753
8.043970751714369e-07,1.0047640497390375e-09,15.425857067108154
8.02666306753963e-07,1.027050222646153e-09,15.433463096618652
8.009763519112312e-07,9.876101048078567e-10,15.4402596950531
7.992880455276463e-07,1.0211107515090134e-09,15.447202205657959
7.975683615768503e-07,9.929251865159472e-10,15.454252004623413
7.959145591485139e-07,9.983297521998225e-10,15.460755825042725
7.941928288346389e-07,1.0063163635720684e-09,15.468396425247192
7.925342515591183e-07,9.784681953561858e-10,15.474895000457764
7.908466841399786e-07,1.0090195345924258e-09,15.482441663742065
7.891642326285364e-07,9.708931436591683e-10,15.48898983001709
7.875144092395203e-07,9.97158244864238e-10,15.495607376098633
7.8581240359199e-07,9.833718284113502e-10,15.503071546554565
7.841846922929108e-07,9.71896452206522e-10,15.509552240371704
7.824954764146241e-07,9.952496604626049e-10,15.517404317855835
7.808492910044151e-07,9.574456782956986e-10,15.523872137069702
7.792004907969385e-07,9.924381316750441e-10,15.531399726867676
7.77532079609955e-07,9.569038894596815e-10,15.538158893585205
7.759157938380667e-07,9.729697048044272e-10,15.544718980789185
7.742386856079975e-07,9.714075099864772e-10,15.553491592407227
7.726276294306444e-07,9.492781005704387e-10,15.560244798660278
7.709763849561568e-07,9.796752298285583e-10,15.567912101745605
7.693404313613428e-07,9.422957969462686e-10,15.574528217315674
7.677323310417705e-07,9.680916068788292e-10,15.582189321517944
7.66076539093774e-07,9.504840248197866e-10,15.588639497756958
7.644880497537088e-07,9.459356631325022e-10,15.595420837402344
7.628415801264055e-07,9.631927477826707e-10,15.603017091751099
7.61240926294704e-07,9.302505432629005e-10,15.609566688537598
7.596324280711997e-07,9.613614349035515e-10,15.617357969284058
7.58007331569388e-07,9.297159153653922e-10,15.62387490272522
7.564312340946344e-07,9.447586046817946e-10,15.630578756332397
7.54797895297088e-07,9.42064981579449e-10,15.637635231018066
7.532292443102051e-07,9.222452801438408e-10,15.644162893295288
7.516175628552446e-07,9.5132546285015e-10,15.651268482208252
7.50026742935006e-07,9.137537948511465e-10,15.657774925231934
7.484566708626517e-07,9.411054158192655e-10,15.665493726730347
7.468453873116232e-07,9.201678863313134e-10,15.672096014022827
7.452971999555302e-07,9.199196404630072e-10,15.679035186767578
7.436912028424558e-07,9.334701900343134e-10,15.686175346374512
7.421364784931939e-07,9.008678247823809e-10,15.692715406417847
7.405609494526288e-07,9.377324472481519e-10,15.700545310974121
7.389824077108642e-07,8.992798172791083e-10,15.707118511199951
7.374446795438416e-07,9.21330289838096e-10,15.714736461639404
7.358526090683881e-07,9.120417754360233e-10,15.721436500549316
7.343281254179601e-07,8.961752451241978e-10,15.727869510650635
7.327529374379083e-07,9.221400310011063e-10,15.735557556152344
7.312075354093395e-07,8.849961874446421e-10,15.74210238456726
7.296735020645428e-07,9.143696910740573e-10,15.750072479248047
7.281058174157806e-07,8.899951331464706e-10,15.75677227973938
7.26594635125366e-07,8.966459796866388e-10,15.764677047729492
7.250295652738714e-07,9.02940833213961e-10,15.77136516571045
7.235196903820906e-07,8.74262051642205e-10,15.778100967407227
7.21980768503272e-07,9.07247388326482e-10,15.785565614700317
7.204465077847999e-07,8.69417537963102e-10,15.791944742202759
7.189424877651618e-07,8.965080344758292e-10,15.799941778182983
7.173955509642838e-07,8.786942840011136e-10,15.806840658187866
7.159086408137227e-07,8.725901112782708e-10,15.814682483673096
7.143696052480664e-07,8.939068929514349e-10,15.821357011795044
7.128724064386915e-07,8.5551371542536e-10,15.82784366607666
7.113677042980271e-07,8.925673533610734e-10,15.835095167160034
7.098473702171759e-07,8.571459098050127e-10,15.841561317443848
7.083725108714134e-07,8.747211843740388e-10,15.849008798599243
7.068477430038911e-07,8.698268771922812e-10,15.85553240776062
7.05377999565826e-07,8.515230187633449e-10,15.862273216247559
7.03872331087041e-07,8.802653606032607e-10,15.86928653717041
7.023852504062233e-07,8.411494278881548e-10,15.875777006149292
7.009163596194412e-07,8.703527898390462e-10,15.883269786834717
6.994064847276604e-07,8.53415504931121e-10,15.889795541763306
6.979616387070564e-07,8.461793488123703e-10,15.896660566329956
6.964604040149425e-07,8.652678018528093e-10,15.903498649597168
6.950024840080005e-07,8.298777776083455e-10,15.909977912902832
6.935334226909617e-07,8.660472894383986e-10,15.91722583770752
6.920551527400676e-07,8.298086662250626e-10,15.923635244369507
6.906180374244286e-07,8.488659775096608e-10,15.930245637893677
6.891297061883961e-07,8.433063691803966e-10,15.937350034713745
6.87699980517209e-07,8.262422412919079e-10,15.94387674331665
6.862294412712799e-07,8.546435781298101e-10,15.9507417678833
6.847840836599062e-07,8.145638608070271e-10,15.95718240737915
6.833497536717914e-07,8.461522593705695e-10,15.963898420333862
6.818802376074018e-07,8.253148164882873e-10,15.970921277999878
6.80472055591963e-07,8.234640747062372e-10,15.977441549301147
6.790075417484331e-07,8.375601323606929e-10,15.984575510025024
6.775900374123012e-07,8.063675283054295e-10,15.991042613983154
6.761568442925636e-07,8.381721428030176e-10,15.99861741065979
6.74716716275725e-07,8.057225997504247e-10,16.005991220474243
6.733154123139684e-07,8.236812343298539e-10,16.0129873752594
6.718654503856669e-07,8.174887988765533e-10,16.019694805145264
6.704729003104148e-07,8.029676368259686e-10,16.02638030052185
6.690395935038396e-07,8.269800955140738e-10,16.034549713134766
6.676291945950652e-07,7.944064850384791e-10,16.041322946548462
6.662327791673306e-07,8.188290601118808e-10,16.04917860031128
6.64801632410672e-07,8.019754305088611e-10,16.055817365646362
6.634281248807383e-07,7.991607375856802e-10,16.062684535980225
6.620015255975886e-07,8.114253158275631e-10,16.07049059867859
6.60621026327135e-07,7.833643178578598e-10,16.077016353607178
6.59221939258714e-07,8.130309758769272e-10,16.084595441818237
6.578215447916591e-07,7.806185142733568e-10,16.09107255935669
6.564536079167738e-07,8.004225615643179e-10,16.098726987838745
6.550415037054336e-07,7.911688526540672e-10,16.10544204711914
6.536851628879958e-07,7.807036683793456e-10,16.11220383644104
6.522869853142765e-07,8.004292229024657e-10,16.119683504104614
6.509171726065688e-07,7.687462888483765e-10,16.12613034248352
6.495503726000607e-07,7.968299353677821e-10,16.134094715118408
6.481607215391705e-07,7.728037654253228e-10,16.140518188476562
6.468189326369611e-07,7.796143730587346e-10,16.14805507659912
6.454283152379503e-07,7.841535198949146e-10,16.154988050460815
6.440861284318089e-07,7.616031694190895e-10,16.161681175231934
6.427190442082065e-07,7.886573061277602e-10,16.169347047805786
6.413576443264901e-07,7.568556892323386e-10,16.175941228866577
6.400219945135177e-07,7.782838262748726e-10,16.18374466896057
6.386470090546936e-07,7.659453626907009e-10,16.190271377563477
6.373256837832741e-07,7.59166174368886e-10,16.197993516921997
6.359611575135204e-07,7.758821363168522e-10,16.204689741134644
6.346289751490986e-07,7.460557172045412e-10,16.211200952529907
6.332943485176656e-07,7.739521801219951e-10,16.21908473968506
6.319426688605745e-07,7.485404518448036e-10,16.22554850578308
6.306336217676289e-07,7.58720419824499e-10,16.23362970352173
6.292784746619873e-07,7.594567197344304e-10,16.24071955680847
6.279719286794716e-07,7.406805724308185e-10,16.24869132041931
6.266369041441067e-07,7.653641609373096e-10,16.25646662712097
6.253113724596915e-07,7.364997500758363e-10,16.26351809501648
6.240094876375224e-07,7.553703773588438e-10,16.270665645599365
6.226696882549732e-07,7.440383309464949e-10,16.27723979949951
6.213832648427342e-07,7.373025523449428e-10,16.28505039215088
6.200512530085689e-07,7.532463541792822e-10,16.29148554801941
6.187548819980293e-07,7.24732662771288e-10,16.298640251159668
6.174511213430378e-07,7.525258194363005e-10,16.30517601966858
6.16138095210772e-07,7.237090371425836e-10,16.3120698928833
6.148599140942679e-07,7.389951428571351e-10,16.319172620773315
6.13539157257037e-07,7.343040620000352e-10,16.3259596824646
6.122680247244716e-07,7.205685492728264e-10,16.333473920822144
6.10963923008967e-07,7.418085590238377e-10,16.340057611465454
6.096780111874978e-07,7.118056144506113e-10,16.34697914123535
6.084032975195441e-07,7.361722342835719e-10,16.35391068458557
6.071012990105373e-07,7.17543469086479e-10,16.360509872436523
6.058457415747398e-07,7.193479145684023e-10,16.36745548248291
6.045468126103515e-07,7.282059955038278e-10,16.37393593788147
6.032874466654903e-07,7.039680505194212e-10,16.381359100341797
6.020129035277932e-07,7.30380811386766e-10,16.388336420059204
6.007354045323154e-07,7.020955483660885e-10,16.39502215385437
5.994883167659282e-07,7.186160555505694e-10,16.402091026306152
5.982017228234326e-07,7.114601685564992e-10,16.408522605895996
5.969633889435499e-07,7.009210434283375e-10,16.41639232635498
5.956892437097849e-07,7.207182628476971e-10,16.42287588119507
5.944401664237375e-07,6.895637394421783e-10,16.429766178131104
5.931947271164972e-07,7.157252568390504e-10,16.437127590179443
5.919273462495767e-07,6.942537655874048e-10,16.443691730499268
5.907026547902205e-07,7.009504643384901e-10,16.451213359832764
5.894369223824469e-07,7.039254734664269e-10,16.458009004592896
5.882116624889022e-07,6.844100286507171e-10,16.466355800628662
5.869659958079865e-07,7.08262559712125e-10,16.473034143447876
5.857245923834853e-07,6.799639185040007e-10,16.48001480102539
5.845064379172982e-07,6.989734346873888e-10,16.487499952316284
5.832537226524437e-07,6.883210668107154e-10,16.494145393371582
5.820479032081494e-07,6.816469610981812e-10,16.501717567443848
5.808045671074069e-07,6.974191224529136e-10,16.508180379867554
5.795891411253251e-07,6.698960830497924e-10,16.51576542854309
5.783726919617038e-07,6.951306197322538e-10,16.5223388671875
5.771401561105449e-07,6.722454259922017e-10,16.529025554656982
5.759462169407925e-07,6.807736596670111e-10,16.53612995147705
5.74711066292366e-07,6.82554734954266e-10,16.542853355407715
5.735188892685983e-07,6.648580574974972e-10,16.55052661895752
5.723025537918147e-07,6.874910640775056e-10,16.557068824768066
5.710951995752112e-07,6.59248766687881e-10,16.56375217437744
5.699059215658053e-07,6.797407636760511e-10,16.570894956588745
5.686860049536335e-07,6.663102847248581e-10,16.57774782180786
5.67510880955524e-07,6.634240379277401e-10,16.585127115249634
5.662978423970344e-07,6.755502823807547e-10,16.59189510345459
5.651156698149862e-07,6.507418492951444e-10,16.599751710891724
5.639270170831878e-07,6.752446934932266e-10,16.60637331008911
5.627287009701831e-07,6.509536243370917e-10,16.613608360290527
5.615633540401177e-07,6.628412818621143e-10,16.620445728302002
5.603595809589024e-07,6.606827307464869e-10,16.627375602722168
5.591992930931156e-07,6.466471247357219e-10,16.634923696517944
5.580113224823435e-07,6.667337792976014e-10,16.6414794921875
5.568376764131244e-07,6.394175744439679e-10,16.64900231361389
5.556757400881907e-07,6.610802461004539e-10,16.65552592277527
5.54488451598445e-07,6.449991096779684e-10,16.662800312042236
5.533431703952374e-07,6.457667733883454e-10,16.669691801071167
5.521595767277176e-07,6.544273456476901e-10,16.676220655441284
5.510100322680955e-07,6.324523127432258e-10,16.6837637424469
5.498486075339315e-07,6.558823484326126e-10,16.69076704978943
5.486832606038661e-07,6.31075025570027e-10,16.698083877563477
5.475466196003254e-07,6.44156006313068e-10,16.70473623275757
5.463736556521326e-07,6.394085816374684e-10,16.711395025253296
5.452426421470591e-07,6.293442433857876e-10,16.718819856643677
5.440829795588797e-07,6.4663080445726e-10,16.72531795501709
5.429420752989245e-07,6.204510238916328e-10,16.733011960983276
5.418069122242741e-07,6.427572363243428e-10,16.73945665359497
5.406523087003734e-07,6.235033600532347e-10,16.74651551246643
5.395352218329208e-07,6.283065734358217e-10,16.753519296646118
5.383811298997898e-07,6.331940527459778e-10,16.76034116744995
5.372615419219073e-07,6.154866616370214e-10,16.767882585525513
5.361279136195662e-07,6.362528282011226e-10,16.774548768997192
5.349951948119269e-07,6.114352357755592e-10,16.78207564353943
5.338835080692661e-07,6.285090226043621e-10,16.78860878944397
5.327424332790542e-07,6.183945577831196e-10,16.795127868652344
5.316404667610186e-07,6.137384489512954e-10,16.802479028701782
5.305085437612433e-07,6.269833541239223e-10,16.80938410758972
5.293987328514049e-07,6.034142630007011e-10,16.816770315170288
5.282908546178078e-07,6.237149685617283e-10,16.823443174362183
5.27165695984877e-07,6.064271862449289e-10,16.830313444137573
5.260773718873679e-07,6.104297067821562e-10,16.837371587753296
5.249508490123844e-07,6.160808529998008e-10,16.844167947769165
5.238621838543622e-07,5.970570704505462e-10,16.851277112960815
5.227547035246971e-07,6.190735701849803e-10,16.85802388191223
5.216519411987974e-07,5.933771807242749e-10,16.865782737731934
5.205681077313784e-07,6.110950634408141e-10,16.872262001037598
5.194551704335026e-07,6.006763975108242e-10,16.879212617874146
5.183831603972067e-07,5.959754911799564e-10,16.886216640472412
5.17277953804296e-07,6.08442352056926e-10,16.89271116256714
5.161992362445744e-07,5.843835415575427e-10,16.90048313140869
5.151150617166422e-07,6.084048820298449e-10,16.90720248222351
5.140216217114357e-07,5.857881957282984e-10,16.91522479057312
5.129588771524141e-07,5.961044990954179e-10,16.921860694885254
5.118623107591702e-07,5.937980107617591e-10,16.9284086227417
5.108017830934841e-07,5.82273673721545e-10,16.935500621795654
5.097195412417932e-07,5.995673957315262e-10,16.942268133163452
5.086479291094292e-07,5.761401911108521e-10,16.94987440109253
5.075890499028901e-07,5.935985591953852e-10,16.957687854766846
5.065070354248746e-07,5.8012650239192e-10,16.96535897254944
5.05460207023134e-07,5.80795023186198e-10,16.97193932533264
5.043822852712765e-07,5.888667886644328e-10,16.979151725769043
5.033323873249174e-07,5.69087776902677e-10,16.986325979232788
5.02274019709148e-07,5.898647126301171e-10,16.992814302444458
5.012106498725188e-07,5.683283843538334e-10,17.000443935394287
5.001741669730109e-07,5.785650847300872e-10,17.00725746154785
4.991035211787676e-07,5.774569156180576e-10,17.015286207199097
4.98073404742172e-07,5.636869859770854e-10,17.022083520889282
4.970149234395649e-07,5.840592454120497e-10,17.029102087020874
4.959732109455217e-07,5.571513805868733e-10,17.036297082901
4.949389449393493e-07,5.785809609193393e-10,17.043105363845825
4.938843858326436e-07,5.620037768494512e-10,17.050512552261353
4.928655243929825e-07,5.650903078802116e-10,17.057294130325317
4.918130684927746e-07,5.707709860303112e-10,17.06475591659546
4.907928996544797e-07,5.5147458821736e-10,17.071698904037476
4.897572694062546e-07,5.739775876811848e-10,17.0784695148468
4.887245381723915e-07,5.482245768462235e-10,17.085774421691895
4.877113610746164e-07,5.642752931578343e-10,17.09246516227722
4.866682843385206e-07,5.575633843513117e-10,17.10009217262268
4.856646000916953e-07,5.497474142579506e-10,17.106858253479004
4.846318120144133e-07,5.647298739752671e-10,17.113885164260864
4.836189191337326e-07,5.413084425143211e-10,17.120778560638428
4.826077883990365e-07,5.621361154339866e-10,17.127663373947144
4.815826173398818e-07,5.437824079912446e-10,17.135117530822754
4.805881985703309e-07,5.501207267499808e-10,17.142040729522705
4.795620611730556e-07,5.521094692539918e-10,17.14954161643982
4.785684950547875e-07,5.372142730664109e-10,17.156010150909424
4.775588990924007e-07,5.543444592248647e-10,17.1628577709198
4.7655200319240976e-07,5.344364395476475e-10,17.169708728790283
4.755643487897032e-07,5.466209151983037e-10,17.176411867141724
4.7454938112423406e-07,5.399359848112795e-10,17.183883666992188
4.73569286896236e-07,5.352810417136311e-10,17.190726280212402
4.7256256152650167e-07,5.465863872622378e-10,17.198538780212402
4.7157763560790045e-07,5.252603907379694e-10,17.20534110069275
4.705888727585261e-07,5.461083807389855e-10,17.213146448135376
4.695916970831604e-07,5.262870694799915e-10,17.220038414001465
4.6862234626132704e-07,5.344661935247075e-10,17.226718425750732
4.6762144734202593e-07,5.343140929703338e-10,17.234184503555298
4.6665348918395466e-07,5.225815336018513e-10,17.24125385284424
4.656670284930442e-07,5.387117418820253e-10,17.249030590057373
4.6469000380966463e-07,5.16028608732455e-10,17.255608797073364
4.637223582903971e-07,5.344223397152348e-10,17.262434244155884
4.627351017916226e-07,5.21540644005114e-10,17.269300937652588
4.617820934527117e-07,5.203549813259656e-10,17.276135444641113
4.6079722437752935e-07,5.303035788273291e-10,17.2837131023407
4.5983952645656245e-07,5.102668287904066e-10,17.290086030960083
4.5887517785558884e-07,5.292477012197594e-10,17.296822547912598
4.5790318381477846e-07,5.113359180519694e-10,17.303487062454224
4.569572809032252e-07,5.199840003022871e-10,17.310328722000122
4.5598198994412087e-07,5.184598861340817e-10,17.31726574897766
4.55040407132401e-07,5.077790410368266e-10,17.32390785217285
4.5407620063997456e-07,5.234992439540065e-10,17.3314471244812
4.53125721833203e-07,5.013784942775601e-10,17.33796262741089
4.5218135369395895e-07,5.195330277096843e-10,17.345046043395996
4.5122121150598105e-07,5.036899786148297e-10,17.352094650268555
4.502894626057241e-07,5.089069166075433e-10,17.358551263809204
4.4933133835911576e-07,5.10766429151488e-10,17.36565136909485
4.4839822521680617e-07,4.984035406607745e-10,17.37244939804077
4.4745488025910163e-07,5.136609471101394e-10,17.37928342819214
4.465127574349026e-07,4.942909415106556e-10,17.386338472366333
4.455875171061052e-07,5.066630448524734e-10,17.3927743434906
4.446370667210431e-07,5.017432580523007e-10,17.39996576309204
4.437201539531088e-07,4.948099152635166e-10,17.406450510025024
4.4277959432292846e-07,5.062227859120583e-10,17.413225889205933
4.418540129336179e-07,4.883852766646157e-10,17.4199275970459
4.4093260953559366e-07,5.035228345384724e-10,17.426395416259766
4.39996256318409e-07,4.910167827887335e-10,17.433917999267578
4.3908991642638284e-07,4.927664942755428e-10,17.440710306167603
4.3815407479996793e-07,4.97407726118837e-10,17.44865369796753
4.3724656961785513e-07,4.825397859065106e-10,17.455376863479614
4.363253935935063e-07,4.999113900616692e-10,17.462550163269043
4.35407486065742e-07,4.797005570544854e-10,17.46930456161499
4.3450398834465886e-07,4.946889564649837e-10,17.476245880126953
4.3357900381124637e-07,4.858251578809814e-10,17.483917951583862
4.326867610870977e-07,4.812727993908084e-10,17.490720510482788
4.317668071962544e-07,4.923055296757184e-10,17.498534679412842
4.3086777168355184e-07,4.727713220908925e-10,17.505127429962158
4.2996578031306854e-07,4.922072749380391e-10,17.5117449760437
4.290566550935182e-07,4.732935710016761e-10,17.51936411857605
4.281701819763839e-07,4.830597588600938e-10,17.526034593582153
4.272587261766603e-07,4.798669239747255e-10,17.533328533172607
4.263757489297859e-07,4.706197653803201e-10,17.53984045982361
4.2547415546323464e-07,4.859708746529634e-10,17.54695153236389
4.245828790772066e-07,4.655665575281631e-10,17.5538489818573
4.2370152186776977e-07,4.801034569901219e-10,17.560542345046997
4.228001273531845e-07,4.703377132209141e-10,17.567452430725098
4.2192931459794636e-07,4.687242816103776e-10,17.57383394241333
4.2103124542336445e-07,4.782819695847706e-10,17.58145046234131
4.201579884011153e-07,4.5853759678138317e-10,17.588032245635986
4.1927680172193504e-07,4.779502349450127e-10,17.5945827960968
4.1839044229163846e-07,4.6002932019284515e-10,17.601721048355103
4.1752798551897286e-07,4.67915928226148e-10,17.608448266983032
4.166377038927749e-07,4.669339914720183e-10,17.615790605545044
4.157781745561806e-07,4.567757283524543e-10,17.62232780456543
4.148982668539247e-07,4.722630064790678e-10,17.628883361816406
4.140305520650145e-07,4.51735177042778e-10,17.635710954666138
4.13170084812009e-07,4.671184550275598e-10,17.642441749572754
4.122915697735152e-07,4.563771027754626e-10,17.649953603744507
4.114437786029157e-07,4.554580046445267e-10,17.65728235244751
4.105670257104066e-07,4.6418763277600306e-10,17.664705991744995
4.0971650605570176e-07,4.462040736896711e-10,17.671668767929077
4.08855953537568e-07,4.646762696847162e-10,17.67838406562805
4.0799451994644187e-07,4.4550238498253236e-10,17.6855046749115
4.071511625625135e-07,4.569160327871913e-10,17.692445755004883
4.062851814978785e-07,4.504952244577254e-10,17.699690103530884
4.0544668422626273e-07,4.4660358744508244e-10,17.706083059310913
4.045880359626608e-07,4.56379600777268e-10,17.71264934539795
4.037457870254002e-07,4.3805309379862933e-10,17.71927547454834
4.029026854368567e-07,4.548346699273509e-10,17.72589135169983
4.0204898255069565e-07,4.409932141680173e-10,17.73335862159729
4.0122159816746716e-07,4.443541368193138e-10,17.739761352539062
4.0036641735241574e-07,4.488193428020537e-10,17.746265411376953
3.9953985719876073e-07,4.333536307576935e-10,17.75295352935791
3.986984324910736e-07,4.505734119142346e-10,17.759673833847046
3.9786107208783505e-07,4.308819134823949e-10,17.766736030578613
3.970370698880288e-07,4.443390100306033e-10,17.773134231567383
3.961920072015346e-07,4.3741998911883684e-10,17.77961754798889
3.9537673046652344e-07,4.336079550970595e-10,17.78630518913269
3.9453786371268507e-07,4.432325062531106e-10,17.79289698600769
3.937183521429688e-07,4.2507064534902383e-10,17.80065083503723
3.928948046905134e-07,4.422519850333373e-10,17.807403326034546
3.9206406654557213e-07,4.2692491208917716e-10,17.81474781036377
3.912566626240732e-07,4.3246417558151506e-10,17.82131552696228
3.9042305388647947e-07,4.342216586294967e-10,17.828124284744263
3.896184921359236e-07,4.2168896152716684e-10,17.835034608840942
3.8879619523868314e-07,4.3722497844456143e-10,17.84174680709839
3.8798123114247574e-07,4.1912956438849847e-10,17.849036931991577
3.8717752204320277e-07,4.313958634760695e-10,17.85553479194641
3.8635505461570574e-07,4.231256178766074e-10,17.862355709075928
3.8555992887268076e-07,4.216102189591453e-10,17.869205474853516
3.8474141206279455e-07,4.289703314785953e-10,17.87582278251648
3.83942222015321e-07,4.146248344660819e-10,17.883272409439087
3.831394792541687e-07,4.2839234937197546e-10,17.889798879623413
3.8233147847677174e-07,4.139213694021038e-10,17.89683771133423
3.8154215076247056e-07,4.214595894502793e-10,17.903878211975098
3.8073028463259107e-07,4.204402936913709e-10,17.91058897972107
3.7994652757333824e-07,4.105716877589316e-10,17.91751503944397
3.7914335848654446e-07,4.242515228014554e-10,17.924599170684814
3.7835167177036055e-07,4.056691094156406e-10,17.931968927383423
3.7756501569674583e-07,4.207543757850374e-10,17.93859553337097
3.767648877328611e-07,4.089252270134125e-10,17.945187091827393
3.7598860558318847e-07,4.1219375135348457e-10,17.952060222625732
3.751910639948619e-07,4.1441855502810654e-10,17.958893060684204
3.744134176031366e-07,4.040144885308905e-10,17.96633744239807
3.7362764260251424e-07,4.168346501298714e-10,17.973139762878418
3.7284362974787655e-07,4.003493925264223e-10,17.98001003265381
3.720720087585505e-07,4.111860019140323e-10,17.98692536354065
3.712818852363853e-07,4.053293534145297e-10,17.993735790252686
3.7051739809612627e-07,4.0083039665184117e-10,18.000842571258545
3.6973224837311136e-07,4.1207204315441004e-10,18.00750494003296
3.6896400956720754e-07,3.9332567758343373e-10,18.01471447944641
3.6819432125412277e-07,4.100224326730739e-10,18.02114772796631
3.6741607800649945e-07,3.9542413787785335e-10,18.02778697013855
3.666596057882998e-07,4.010293208622784e-10,18.03459906578064
3.658794867078541e-07,4.0327435835152414e-10,18.041175365447998
3.651253734915372e-07,3.903081469136538e-10,18.048727989196777
3.643565378297353e-07,4.0571396242583546e-10,18.05530047416687
3.635929886058875e-07,3.8742101193811607e-10,18.061965942382812
3.6284012594478554e-07,4.002237985467616e-10,18.068737506866455
3.620690449679387e-07,3.9364375647998884e-10,18.075393676757812
3.6132564673607703e-07,3.8938904878271785e-10,18.082849979400635
3.605596532452182e-07,3.9874795132455176e-10,18.089277744293213
3.598098601287347e-07,3.8383168865507855e-10,18.096238136291504
3.5905978279515693e-07,3.9679232122225017e-10,18.10300588607788
3.5830203160003293e-07,3.8415648440093264e-10,18.109420776367188
3.57563436637065e-07,3.895971045775326e-10,18.116644382476807
3.568041790913412e-07,3.895583855495488e-10,18.123416900634766
3.560683694558975e-07,3.8059294604764204e-10,18.130018711090088
3.5531826370061026e-07,3.9287459396852853e-10,18.136818885803223
3.5457537705951836e-07,3.7669839469955946e-10,18.14331865310669
3.5383996532800666e-07,3.892801359040021e-10,18.150447845458984
3.5309042800690804e-07,3.8022926474035046e-10,18.157050132751465
3.523640259572858e-07,3.8035799510005575e-10,18.163912773132324
3.516171318551642e-07,3.8603964469530183e-10,18.17046618461609
3.508885697556252e-07,3.726823849525829e-10,18.17690110206604
3.5015440857932845e-07,3.8673139690637015e-10,18.18381118774414
3.4941749049721693e-07,3.7220940218851695e-10,18.19031596183777
3.4869668752435246e-07,3.8018932446703957e-10,18.197250604629517
3.479564441022376e-07,3.7751543557895673e-10,18.20383310317993
3.472397338555311e-07,3.7097305782829437e-10,18.210280656814575
3.465072211383813e-07,3.8159916893043544e-10,18.217092752456665
3.457844570675661e-07,3.661243530572733e-10,18.223638772964478
3.450661552051315e-07,3.789513702834313e-10,18.23018527030945
3.44336172020121e-07,3.688951089042547e-10,18.236785411834717
3.436276756474399e-07,3.7078881631735783e-10,18.243268489837646
3.4289831774003687e-07,3.755284694317851e-10,18.250433444976807
3.4219038980154437e-07,3.6185870966320977e-10,18.25698447227478
3.4147169003517774e-07,3.7789285589617805e-10,18.263561248779297
3.407561450785579e-07,3.5956704280692975e-10,18.270148277282715
3.400520540708385e-07,3.7139874509151127e-10,18.27658772468567
3.393302279164345e-07,3.6529665403683964e-10,18.283758878707886
3.38632730745303e-07,3.6144953696748416e-10,18.290311098098755
3.3791675946304167e-07,3.705206419457596e-10,18.29683494567871
3.372140895407938e-07,3.5553587851566704e-10,18.303447484970093
3.365120733178628e-07,3.6896161126342975e-10,18.309884309768677
3.35801615847231e-07,3.5727679148500613e-10,18.317102193832397
3.35110627247559e-07,3.613112309341915e-10,18.323646783828735
3.343998855598329e-07,3.628443934200476e-10,18.330235958099365
3.3370957908118726e-07,3.5291469746567827e-10,18.33861017227173
3.330082449792826e-07,3.6582764595394224e-10,18.345393657684326
3.3231148677259625e-07,3.498999701090355e-10,18.352564096450806
3.3162450563395396e-07,3.604473108875794e-10,18.3589928150177
3.3092064199991e-07,3.554408156691835e-10,18.36622929573059
3.302411357708479e-07,3.5130959252782645e-10,18.372639656066895
3.295416206583468e-07,3.6093134037074037e-10,18.379288911819458
3.2885787959457957e-07,3.45715345240194e-10,18.385905265808105
3.2817339956636715e-07,3.5787303676038107e-10,18.392680168151855
3.2748081935096707e-07,3.469299014735583e-10,18.40000057220459
3.268068553552439e-07,3.512968527186189e-10,18.406476736068726
3.261137919707835e-07,3.5182318169901805e-10,18.413166999816895
3.2544161854275444e-07,3.4321481767740636e-10,18.419708013534546
3.247570248277043e-07,3.5470673620530135e-10,18.426215887069702
3.240786554670194e-07,3.3999716930743773e-10,18.43380880355835
3.234072778468544e-07,3.511324009330963e-10,18.44036340713501
3.227229115054797e-07,3.432636952460655e-10,18.446976900100708
3.2205960565079295e-07,3.4298963669243676e-10,18.45357370376587
3.21377797263267e-07,3.4842465024276237e-10,18.460254669189453
3.207125018889201e-07,3.3604988236568545e-10,18.4674813747406
3.2004220429371344e-07,3.4885133670670143e-10,18.4747314453125
3.1936943400978635e-07,3.3569527713162017e-10,18.482059478759766
3.187111872193782e-07,3.427430006475163e-10,18.488431215286255
3.1803546107767033e-07,3.4058306175310804e-10,18.494912147521973
3.173809943746164e-07,3.3432384638487633e-10,18.50167417526245
3.167121462865907e-07,3.4427558026628446e-10,18.50840973854065
3.1605256367583934e-07,3.2985353337622314e-10,18.51580238342285
3.1539636324851017e-07,3.419758087819247e-10,18.522316455841064
3.1473021522288036e-07,3.3235278418253245e-10,18.528804302215576
3.1408322342940664e-07,3.3430649915011657e-10,18.535940647125244
3.134180701636069e-07,3.374957535662304e-10,18.54262900352478
3.1277059520107287e-07,3.2708433184147623e-10,18.55002212524414
3.121155032204115e-07,3.3912539443292644e-10,18.5568904876709
3.1146129231274244e-07,3.254746194780722e-10,18.56478786468506
3.1081842166713614e-07,3.342508214654316e-10,18.57133650779724
3.101600896115997e-07,3.298800677065117e-10,18.577882289886475
3.0952233487369085e-07,3.2618951983920397e-10,18.58457612991333
3.0886928925610846e-07,3.340449861166661e-10,18.59170150756836
3.082279818045208e-07,3.2022223761529744e-10,18.599082708358765
3.0758607749703515e-07,3.3355415651747933e-10,18.605648517608643
3.069379488351842e-07,3.2178135156435417e-10,18.61265778541565
3.0630678793386323e-07,3.2622179957364494e-10,18.61967182159424
3.056578350424388e-07,3.27258303789435e-10,18.626359939575195
3.050275836358196e-07,3.1854135995601496e-10,18.634005546569824
3.043874983177375e-07,3.2953476059027764e-10,18.64075469970703
3.0375113624359074e-07,3.1601596339747573e-10,18.648602962493896
3.0312307330859767e-07,3.256306613241833e-10,18.655194997787476
3.0248196480897604e-07,3.195339548511811e-10,18.661709308624268
3.018602683368954e-07,3.1797925403864724e-10,18.668625354766846
3.012227693943714e-07,3.240572810092601e-10,18.67579436302185
3.0059842970331374e-07,3.1207439410430027e-10,18.683337926864624
2.999717025886639e-07,3.2390246040847614e-10,18.690293073654175
2.993407974827278e-07,3.1233635122696057e-10,18.697110414505005
2.9872481377424265e-07,3.1768698782741467e-10,18.70392417907715
2.9809197599206527e-07,3.1726624105665735e-10,18.71101999282837
2.974783228637534e-07,3.10080322529771e-10,18.717965364456177
2.968531305214128e-07,3.2007327344096836e-10,18.724780082702637
2.962338214729243e-07,3.070187437614891e-10,18.73236846923828
2.956205662485445e-07,3.1700822522573446e-10,18.739278316497803
2.949964823528717e-07,3.0912419846096384e-10,18.746031999588013
2.943898209650797e-07,3.101678358596871e-10,18.753108739852905
2.937676981673576e-07,3.140963600323232e-10,18.7602219581604
2.931607241407619e-07,3.0317970356463775e-10,18.76724886894226
2.925478099768952e-07,3.1554095447638986e-10,18.77451205253601
2.9193404316174565e-07,3.028578499097989e-10,18.781919956207275
2.9133266821190773e-07,3.100991408100384e-10,18.78852868080139
2.9071580343043024e-07,3.0749822133024907e-10,18.79549741744995
2.901183222547843e-07,3.0209335033504203e-10,18.803016185760498
2.895073407671589e-07,3.1106245357293005e-10,18.810097694396973
2.889049710574909e-07,2.9814642421577275e-10,18.81718873977661
2.883063245917583e-07,3.083116817403919e-10,18.8240966796875
2.876973894672119e-07,3.0096705683213543e-10,18.831437349319458
2.871065021281538e-07,3.0176572352047515e-10,18.838049173355103
2.8649947125813924e-07,3.05062280991919e-10,18.845151662826538
2.859083565454057e-07,2.947286303900398e-10,18.852084398269653
2.853096248145448e-07,3.068699183650381e-10,18.858739376068115
2.84712285747446e-07,2.9370611498436006e-10,18.866143703460693
2.8412566166480246e-07,3.0139102324966416e-10,18.872625589370728
2.8352383196761366e-07,2.983849833881891e-10,18.879781007766724
2.8294155640651297e-07,2.9395205713989014e-10,18.8864164352417
2.82345723690014e-07,3.012605442886951e-10,18.892906188964844
2.8175881539027614e-07,2.899972206815704e-10,18.900095224380493
2.8117383976677957e-07,3.0012015095337574e-10,18.907390356063843
2.805820713547291e-07,2.907498408699638e-10,18.91468644142151
2.8000485485790705e-07,2.9462782213940386e-10,18.921218156814575
2.7941339908466034e-07,2.947737054448396e-10,18.927730083465576
2.7883680786544573e-07,2.882985794538939e-10,18.934551000595093
2.7825277015836036e-07,2.9716809568647307e-10,18.941670179367065
2.776715462005086e-07,2.860132686244299e-10,18.949543237686157
2.770977687305276e-07,2.94084284702123e-10,18.95622992515564
2.765125657333556e-07,2.889243844172995e-10,18.963051795959473
2.7594455787038896e-07,2.8711316657492603e-10,18.97014045715332
2.75362594948092e-07,2.9277211210931853e-10,18.976673364639282
2.7479251230033697e-07,2.8140242913643476e-10,18.98452353477478
2.742198148553143e-07,2.92939894563915e-10,18.99130654335022
2.7364390575712605e-07,2.8181779132552265e-10,18.998724222183228
2.730811274886946e-07,2.8717625499830035e-10,19.00528073310852
2.7250342782281223e-07,2.8651650496591685e-10,19.012962818145752
2.7194332119506726e-07,2.7952187786617344e-10,19.02039885520935
2.713717321967124e-07,2.8976301913452573e-10,19.027145385742188
2.7080650966126996e-07,2.7677299341277717e-10,19.035990715026855
2.7024620408155897e-07,2.86786344672052e-10,19.04324436187744
2.696759224818379e-07,2.7970975535751563e-10,19.050922632217407
2.6912235284726194e-07,2.800327469909547e-10,19.057930946350098
2.6855448709284246e-07,2.834328605150205e-10,19.065809965133667
2.679990700471535e-07,2.7466776075790733e-10,19.072648763656616
2.6744010028778575e-07,2.8418742359370697e-10,19.07965874671936
2.668794536475616e-07,2.7401353408507134e-10,19.086533069610596
2.6633040306478506e-07,2.790296604882059e-10,19.09333634376526
2.6576688583190844e-07,2.781941621510242e-10,19.1004638671875
2.652208195286221e-07,2.725618064580715e-10,19.107024431228638
2.6466364033694845e-07,2.8027910548011903e-10,19.11475372314453
2.641131118252815e-07,2.6918470230619107e-10,19.12153911590576
2.6356599391874624e-07,2.783951680296326e-10,19.128297805786133
2.630106621381856e-07,2.709486246477155e-10,19.1354341506958
2.624706496590079e-07,2.7242641476021845e-10,19.142621755599976
2.6191645474682446e-07,2.7512114808558863e-10,19.150431632995605
2.6137558961636387e-07,2.6725693880180756e-10,19.156975984573364
2.6082966542162467e-07,2.7641941513500967e-10,19.163728952407837
2.602845370347495e-07,2.6532456787187186e-10,19.170275449752808
2.59747309883096e-07,2.7314955852730805e-10,19.177363872528076
2.591993961686967e-07,2.682376820661858e-10,19.184518814086914
2.5866643227345776e-07,2.668986420761854e-10,19.191218376159668
2.5812209969444666e-07,2.721741720890236e-10,19.198121547698975
2.5758745891835133e-07,2.6154750587537023e-10,19.204972743988037
2.570521644429391e-07,2.7151272896652756e-10,19.211866855621338
2.565118393249577e-07,2.6245841611149956e-10,19.21878433227539
2.5598447450647654e-07,2.6652152707029586e-10,19.225586891174316
2.554442914970423e-07,2.663246567724542e-10,19.232911825180054
2.549177509081346e-07,2.605051729887009e-10,19.239359378814697
2.543841617352882e-07,2.686910416382915e-10,19.246753454208374
2.538534715768037e-07,2.5818464033378064e-10,19.253815412521362
2.5332971631542023e-07,2.650958619287991e-10,19.260812759399414
2.527947060571023e-07,2.6143867626338135e-10,19.268362283706665
2.522760667034163e-07,2.589622127846525e-10,19.275486707687378
2.517445523153583e-07,2.6482713244568856e-10,19.28288984298706
2.512232981644047e-07,2.545898214467712e-10,19.289592504501343
2.507010208319116e-07,2.642235319427755e-10,19.296393394470215
2.5017507709890197e-07,2.544828792139242e-10,19.303256034851074
2.496607010016305e-07,2.591693248898963e-10,19.310312271118164
2.491331088094739e-07,2.5899304922916144e-10,19.31730008125305
2.486213759311795e-07,2.524320752428366e-10,19.323842763900757
2.480998375631316e-07,2.612718097427802e-10,19.330453872680664
2.475829035120114e-07,2.5049445850910956e-10,19.337127685546875
2.470713980073924e-07,2.587552117017111e-10,19.343744039535522
2.465505986037897e-07,2.528650067112892e-10,19.351192712783813
2.4604466375421907e-07,2.5282304028095837e-10,19.357973337173462
2.455258822919859e-07,2.5659382951737086e-10,19.365326404571533
2.450189242608758e-07,2.4766308448498364e-10,19.372047901153564
2.4450858404634346e-07,2.564388701387088e-10,19.379271030426025
2.4399639642069815e-07,2.47206977110892e-10,19.386032342910767
2.4349395744138747e-07,2.5299687345103905e-10,19.39265012741089
2.429806045256555e-07,2.4999771697231665e-10,19.400514841079712
2.424808371870313e-07,2.4729693293146227e-10,19.407546281814575
2.4197228754019307e-07,2.525653852725185e-10,19.414145946502686
2.414692801266938e-07,2.441753188531237e-10,19.42065715789795
2.409692001492658e-07,2.515745944897674e-10,19.427977800369263
2.404624410701217e-07,2.4533078346600234e-10,19.434641122817993
2.399692107246665e-07,2.459073777938414e-10,19.44136357307434
2.394629632362921e-07,2.487440531329099e-10,19.44854211807251
2.389688233961351e-07,2.413153843416893e-10,19.45510172843933
2.384701076607598e-07,2.497528572842356e-10,19.46172571182251
2.3797223036581272e-07,2.3965529560854293e-10,19.468380451202393
2.3748185640215524e-07,2.4625376737752447e-10,19.475239992141724
2.3698049744780292e-07,2.433235835042069e-10,19.482345581054688
2.364948414879109e-07,2.397280429722315e-10,19.488816499710083
2.3599733367518638e-07,2.4623847405536026e-10,19.49531626701355
2.355083665861457e-07,2.360228124054231e-10,19.50209641456604
2.3501930002112204e-07,2.458737657917709e-10,19.50880002975464
2.3452619757335924e-07,2.3667237614155567e-10,19.516119718551636
2.3404462012877048e-07,2.4053531388901206e-10,19.522650241851807
2.3355033818006632e-07,2.413082234031805e-10,19.529168128967285
2.3307005392325664e-07,2.3471347088133143e-10,19.53588557243347
2.3258276371507236e-07,2.4248736352205924e-10,19.542534828186035
2.3209747723740293e-07,2.3331883647337293e-10,19.549922943115234
2.316192961870911e-07,2.392421816210799e-10,19.55651617050171
2.311310538516409e-07,2.356239092726753e-10,19.56312394142151
2.306568376297946e-07,2.3385199332537354e-10,19.569790601730347
2.3017123851332144e-07,2.393242271025997e-10,19.576249599456787
2.2969572910369607e-07,2.2934824872589132e-10,19.583307027816772
2.2921777542705968e-07,2.39464725826366e-10,19.58986520767212
2.2873742011597642e-07,2.3001645033104978e-10,19.596572637557983
2.2826763768080127e-07,2.346485783455421e-10,19.603177785873413
2.2778628760988795e-07,2.3320842479357395e-10,19.609952688217163
2.273181962664239e-07,2.287479650142643e-10,19.617865085601807
2.2684191947064392e-07,2.355770578610361e-10,19.624769687652588
2.2637026120264636e-07,2.260964887534911e-10,19.63239312171936
2.2590241144371248e-07,2.3371826696205744e-10,19.638891220092773
2.254267030821211e-07,2.2859215909054598e-10,19.64568066596985
2.2496493556900532e-07,2.2790151710250228e-10,19.65267586708069
2.2449056302775716e-07,2.3241387980821315e-10,19.659375190734863
2.2402782917652075e-07,2.2302534818940956e-10,19.666581392288208
2.2356124418365653e-07,2.3240234736654486e-10,19.673697471618652
2.230930817859189e-07,2.235296114871943e-10,19.68038010597229
2.2263466803451593e-07,2.2840618285613346e-10,19.686975955963135
2.2216539719011053e-07,2.2625160078781903e-10,19.69346809387207
2.217092855971714e-07,2.2264418086948012e-10,19.700493812561035
2.2124372378584667e-07,2.294703732586001e-10,19.707191228866577
2.2078538108871726e-07,2.1902149538455262e-10,19.71381187438965
2.203281184165462e-07,2.278837812896839e-10,19.72057580947876
2.1986507192650606e-07,2.2071884597796299e-10,19.72808003425598
2.194142609823757e-07,2.2261575916004972e-10,19.73546051979065
2.1895145607686572e-07,2.2494141271867107e-10,19.742536306381226
2.185007730304278e-07,2.1762153190607592e-10,19.750096559524536
2.1804515881740372e-07,2.2543936162300326e-10,19.75717329978943
2.1758945933925133e-07,2.1721116572059884e-10,19.76474094390869
2.1714220110879978e-07,2.217286632077986e-10,19.77162766456604
2.166844552675684e-07,2.197131920844697e-10,19.778273105621338
2.162399539429316e-07,2.165761875394523e-10,19.78542685508728
2.1578556186341302e-07,2.2273136113248881e-10,19.792253732681274
2.1533921312766324e-07,2.1290412488550459e-10,19.799549341201782
2.1489219648174185e-07,2.222885903124805e-10,19.806523323059082
2.1444184028496238e-07,2.135651655521542e-10,19.81351399421692
2.140018438012703e-07,2.1718365994516375e-10,19.820533990859985
2.1355026547098532e-07,2.1781318415570183e-10,19.827367067337036
2.1311198850071378e-07,2.1132028071857434e-10,19.83452081680298
2.1266565397581871e-07,2.2004113808815617e-10,19.841761589050293
2.1222368218332122e-07,2.090971285007015e-10,19.849050045013428
2.1178583153869113e-07,2.170279789215357e-10,19.85557460784912
2.1133996597200166e-07,2.1190131593851191e-10,19.86217999458313
2.1090689017455588e-07,2.114725755619773e-10,19.869438409805298
2.1046331255547557e-07,2.1507402803155884e-10,19.876229524612427
2.1002867356401111e-07,2.0743426420999356e-10,19.88379406929016
2.0959237190254498e-07,2.1513532622030596e-10,19.890458822250366
2.091531285941528e-07,2.082700956140826e-10,19.897109270095825
2.0872420236628386e-07,2.1083250423270528e-10,19.90383768081665
2.0828433378028421e-07,2.1098894853466277e-10,19.91067910194397
2.0785640231224534e-07,2.0615080476016345e-10,19.917844533920288
2.0742163542308845e-07,2.127454046263466e-10,19.92457342147827
2.0699010860880662e-07,2.0468550465668756e-10,19.93199324607849
2.0656337085256382e-07,2.1043389253350142e-10,19.93846559524536
2.0612893081306538e-07,2.0629412067485475e-10,19.94530177116394
2.057064278915277e-07,2.057733428095787e-10,19.95214009284973
2.052736931545951e-07,2.0926811672428158e-10,19.95883345603943
2.0485039442519337e-07,2.0172127856987743e-10,19.966222286224365
2.044242393139939e-07,2.0958081103916726e-10,19.972915172576904
2.0399700417783606e-07,2.01467273419631e-10,19.979503870010376
2.0357735763809615e-07,2.066614657181276e-10,19.98638916015625
2.031491703746724e-07,2.0394513855492846e-10,19.99293565750122
2.0273228074074723e-07,2.0145977941421478e-10,20.000564336776733
2.0230733355219854e-07,2.0666107714006898e-10,20.00760579109192
2.0188811333810008e-07,1.984112735220478e-10,20.014772176742554
2.0147044210716558e-07,2.056282227824724e-10,20.021552801132202
2.0104759812511475e-07,1.9979697063465807e-10,20.028123140335083
2.0063542649495503e-07,2.0117189858392948e-10,20.035444974899292
2.002132504230758e-07,2.0292473257299548e-10,20.04228711128235
1.998010787929161e-07,1.9676611728858262e-10,20.049595832824707
1.9938467232805124e-07,2.0392570965199752e-10,20.056507110595703
1.9896845060429769e-07,1.9644542936791964e-10,20.063259840011597
1.9855968957926962e-07,2.0058189831306805e-10,20.07026481628418
1.9814159202269366e-07,1.987046777118806e-10,20.076773643493652
1.9773533210809546e-07,1.9597601319532032e-10,20.083787202835083
1.973206877892153e-07,2.0100929254418531e-10,20.09049367904663
1.9691186992076837e-07,1.9357367098127298e-10,20.097234964370728
1.965046152463401e-07,1.9971525822004565e-10,20.10428261756897
1.9609251467045397e-07,1.9430194952985147e-10,20.110865831375122
1.9569041853628732e-07,1.9587301225421072e-10,20.117867946624756
1.9527865902091435e-07,1.9704536613485146e-10,20.12458109855652
1.9487667657358543e-07,1.9222977376553985e-10,20.13199806213379
1.9447068666522682e-07,1.977243785367122e-10,20.13857102394104
1.9406519413678325e-07,1.9141344065332078e-10,20.145214796066284
1.9366603964954265e-07,1.951873107586266e-10,20.152148962020874
1.9325872813169553e-07,1.929858634008852e-10,20.1588191986084
1.9286255792394513e-07,1.9098579662202297e-10,20.16633367538452
1.924577475165279e-07,1.952776690350433e-10,20.172916173934937
1.9206022727757954e-07,1.8774523602438364e-10,20.179605960845947
1.9166182596563885e-07,1.9498709591392327e-10,20.18649411201477
1.912603693199344e-07,1.8873383411666111e-10,20.192997455596924
1.9086853342287213e-07,1.908927738103472e-10,20.200592041015625
1.9046652255383378e-07,1.9141142837408864e-10,20.207181453704834
1.9007562457318272e-07,1.864528392792053e-10,20.21471333503723
1.896783032862004e-07,1.9290800901128335e-10,20.221383094787598
1.892839094352894e-07,1.8534777879164466e-10,20.22795534133911
1.888940204253231e-07,1.9057160016711094e-10,20.23518443107605
1.8849711125312751e-07,1.8683692093457438e-10,20.24189281463623
1.8811097390880605e-07,1.86365270438138e-10,20.249584197998047
1.877152300266971e-07,1.9006986262670722e-10,20.25601363182068
1.873289647846832e-07,1.8221807396301415e-10,20.262573719024658
1.8693886261189618e-07,1.9063060852086977e-10,20.269636869430542
1.8654914413218648e-07,1.81533746368423e-10,20.276100635528564
1.8616586316966277e-07,1.8695997527906627e-10,20.28336238861084
1.8577398464003636e-07,1.8464182960364894e-10,20.28985857963562
1.8539343216161797e-07,1.8196107121060123e-10,20.296493530273438
1.8500492160455906e-07,1.8704307547245946e-10,20.303473711013794
1.8462183959400136e-07,1.7932563767253384e-10,20.310054302215576
1.842402070906246e-07,1.858649900654541e-10,20.317153692245483
1.8385387079433713e-07,1.805285643197152e-10,20.32367777824402
1.8347718366840127e-07,1.81867937376623e-10,20.33139681816101
1.8309140159544768e-07,1.833259932748632e-10,20.338130474090576
1.8271484236720426e-07,1.7786919159767933e-10,20.344635009765625
1.8233377829801611e-07,1.849493197481067e-10,20.35164976119995
1.8195468953763339e-07,1.7636093974093825e-10,20.35837173461914
1.8158019088332367e-07,1.8224011189005296e-10,20.36574411392212
1.8119840206054505e-07,1.7892486103843197e-10,20.372191905975342
1.808273424330764e-07,1.7748791325544744e-10,20.379125118255615
1.8044811156414653e-07,1.814920158604849e-10,20.386348485946655
1.8007520452556491e-07,1.7451687317482367e-10,20.393154621124268
1.79702311697838e-07,1.809073724157173e-10,20.400617837905884
1.7932606510839832e-07,1.751908756952858e-10,20.407657861709595
1.7895855819460849e-07,1.7725793055589634e-10,20.41541051864624
1.7858224055089522e-07,1.7784272665632983e-10,20.42332673072815
1.7821542996898643e-07,1.7324605638968649e-10,20.43046498298645
1.7784367400963674e-07,1.7914997263446253e-10,20.437369108200073
1.7747399283507548e-07,1.7184341449816287e-10,20.443867683410645
1.7710847544094577e-07,1.7719206657496045e-10,20.45118546485901
1.767363499993735e-07,1.7402257412868494e-10,20.4593346118927
1.7637471216858103e-07,1.728177184689983e-10,20.4667911529541
1.7600429202957457e-07,1.7669443685974784e-10,20.473281860351562
1.7564175891493505e-07,1.6915480127721594e-10,20.479931831359863
1.752770373286694e-07,1.7671306085098593e-10,20.486834287643433
1.7491082360265864e-07,1.6962010962462415e-10,20.49337100982666
1.7455217005135637e-07,1.732101961859911e-10,20.500481843948364
1.741850184089344e-07,1.7237103411282817e-10,20.507107734680176
1.7382778594310366e-07,1.6888840326245713e-10,20.51369333267212
1.7346452807487367e-07,1.7410163588582606e-10,20.52043128013611
1.731048513420319e-07,1.6691510673627619e-10,20.5269992351532
1.7274768993047473e-07,1.726967735482532e-10,20.534007787704468
1.7238534155694651e-07,1.684145184421837e-10,20.540522813796997
1.720324291909492e-07,1.6868777208411956e-10,20.548107147216797
1.7167116084237932e-07,1.7100852678364475e-10,20.554710149765015
1.7131773688561225e-07,1.652321196532469e-10,20.561484336853027
1.7096168392072286e-07,1.7147472330947267e-10,20.569018602371216
1.706051904193373e-07,1.6489065668423564e-10,20.575982809066772
1.7025489285060758e-07,1.687546352657776e-10,20.58331036567688
1.6989712037229765e-07,1.6714329920120008e-10,20.590363264083862
1.6954891179921106e-07,1.6469299535248894e-10,20.59704041481018
1.691941946546649e-07,1.691083939547866e-10,20.604148149490356
1.6884409603790118e-07,1.6234974475892727e-10,20.6107656955719
1.6849521955464297e-07,1.682383815593269e-10,20.617964029312134
1.681423640320645e-07,1.6333406849255994e-10,20.62475562095642
1.6779792133547744e-07,1.6473790387383502e-10,20.632097482681274
1.67445463716831e-07,1.6587786699773233e-10,20.63865089416504
1.671013620807571e-07,1.610300920384944e-10,20.64526391029358
1.6675340930305538e-07,1.668394589149358e-10,20.65220594406128
1.66406536550312e-07,1.599954613240584e-10,20.65916395187378
1.6606433916876995e-07,1.646158348522775e-10,20.666745901107788
1.6571563321576832e-07,1.620379247446735e-10,20.67320942878723
1.6537633484858816e-07,1.6062660923577e-10,20.679754972457886
1.6502981736721267e-07,1.6424922533175845e-10,20.68696141242981
1.6468915475797985e-07,1.577869224167472e-10,20.696463108062744
1.6434815108823386e-07,1.6391799029236154e-10,20.705604314804077
1.6400457525378442e-07,1.5827020249936652e-10,20.713353872299194
1.6366847432891518e-07,1.6065630770167871e-10,20.720890283584595
1.6332461427737144e-07,1.6075399345005792e-10,20.7280056476593
1.6298949390147754e-07,1.5682573295539015e-10,20.735499382019043
1.626495560458352e-07,1.620701073345998e-10,20.742327213287354
1.62311906137802e-07,1.5543746845203543e-10,20.750597953796387
1.6197769525660988e-07,1.603621818668799e-10,20.75813102722168
1.6163794214207883e-07,1.5708111200662955e-10,20.76673173904419
1.613070850225995e-07,1.5667231401117476e-10,20.77436351776123
1.6096883825866826e-07,1.5939866093717114e-10,20.782661199569702
1.6063715690961544e-07,1.5367901395890726e-10,20.79051899909973
1.6030401184252696e-07,1.5950207821191498e-10,20.798102855682373
1.5996953095509525e-07,1.536893806663997e-10,20.805302143096924
1.5964140231972124e-07,1.5671433595265682e-10,20.812807321548462
1.5930612562442548e-07,1.5593025481930312e-10,20.820865869522095
1.5897967386990786e-07,1.5290792243494167e-10,20.828428268432617
1.5864750935179472e-07,1.576109659451319e-10,20.83602213859558
1.5831895439077925e-07,1.5111638329567967e-10,20.84276509284973
1.5799240316027863e-07,1.563626450540312e-10,20.850622177124023
1.5766141814310686e-07,1.5229426053586792e-10,20.85731554031372
1.5733868963252462e-07,1.5287196508673162e-10,20.86475110054016
1.5700857147749048e-07,1.5453573143364707e-10,20.87175703048706
1.5668564401494223e-07,1.4967453665359898e-10,20.878288507461548
1.5636005912256223e-07,1.551344608330396e-10,20.885491371154785
1.560345310736011e-07,1.4912417134471667e-10,20.892141580581665
1.557140762997733e-07,1.5289781940541758e-10,20.899867057800293
1.5538724085217837e-07,1.510784136682375e-10,20.906543016433716
1.550690740259597e-07,1.491611556492245e-10,20.913207054138184
1.547446828453758e-07,1.5290041455173764e-10,20.92051386833191
1.544249954577026e-07,1.4678272486357002e-10,20.927021503448486
1.5410573439567088e-07,1.52372892081587e-10,20.934518098831177
1.5378373063867912e-07,1.4711377949172544e-10,20.941278219223022
1.5346873283306195e-07,1.4913191515031343e-10,20.948752403259277
1.531464590698306e-07,1.4984333218670542e-10,20.95572543144226
1.5283234233720577e-07,1.4536057080238862e-10,20.962581872940063
1.5251380602876452e-07,1.5116684293214888e-10,20.969735383987427
1.521970744988721e-07,1.44503839449861e-10,20.97626566886902
1.5188416568889807e-07,1.4912911183717625e-10,20.983779191970825
1.5156554411532852e-07,1.4636927780919962e-10,20.990784406661987
1.5125543484373338e-07,1.4539812409619657e-10,20.99808168411255
1.509386464704221e-07,1.4845953633102482e-10,21.004738569259644
1.5062761349327047e-07,1.4254521174539292e-10,21.011564016342163
1.503155004911605e-07,1.4848947071932628e-10,21.01877236366272
1.500017958733224e-07,1.4293419225985815e-10,21.02558970451355
1.496944150858326e-07,1.456111203834709e-10,21.032942533493042
1.4938041204004548e-07,1.4495080136178728e-10,21.0396089553833
1.490740970666593e-07,1.4199315334639806e-10,21.04637384414673
1.4876300724608882e-07,1.4667340952900787e-10,21.052995204925537
1.4845500118099153e-07,1.4018060323639503e-10,21.059935808181763
1.4814921200922981e-07,1.4526146951965302e-10,21.06719946861267
1.4783861956857436e-07,1.4203001275081562e-10,21.074108123779297
1.4753622679108958e-07,1.4184625696245234e-10,21.081937313079834
1.4722724017701694e-07,1.4387033231422208e-10,21.088534593582153
1.4692389527226624e-07,1.3929053743755304e-10,21.0950665473938
1.4661956981854019e-07,1.4384467228456543e-10,21.102078437805176
1.463137095925049e-07,1.3938572518412684e-10,21.108778476715088
1.460138321363047e-07,1.4160631001125523e-10,21.11630368232727
1.4570744610864494e-07,1.4125987879420876e-10,21.123220205307007
1.4540916026817285e-07,1.3807809062793552e-10,21.13027048110962
1.4510533219436184e-07,1.429023149812636e-10,21.138840198516846
1.4480517052106734e-07,1.3648235319685398e-10,21.145380973815918
1.445068420480311e-07,1.4135148607152814e-10,21.152982473373413
1.4420402294490486e-07,1.3799587861296203e-10,21.159636974334717
1.4390936087238515e-07,1.3789645814110685e-10,21.167850732803345
1.4360750810737954e-07,1.4005990811583047e-10,21.174705266952515
1.433122633898165e-07,1.3533163478740562e-10,21.18211340904236
1.430147023029349e-07,1.404899252488434e-10,21.18903684616089
1.4271712700519856e-07,1.3495718431677517e-10,21.195634841918945
1.424244686631937e-07,1.3808147680816063e-10,21.203049659729004
1.4212568544280657e-07,1.3674296417409693e-10,21.209901332855225
1.4183459029482037e-07,1.3508984209043007e-10,21.217543601989746
1.4153852134768385e-07,1.3815043553577766e-10,21.224170446395874
1.4124589142738841e-07,1.333652910329164e-10,21.23140239715576
1.409545120623079e-07,1.3744909377333414e-10,21.238410472869873
1.4065992104406178e-07,1.338867211542194e-10,21.24515151977539
1.4037181017556577e-07,1.350561606994205e-10,21.25304865837097
1.4007778759150824e-07,1.355557194271384e-10,21.25999116897583
1.3978998936181597e-07,1.3229931039582254e-10,21.267334938049316
1.3949932053947123e-07,1.365480783999118e-10,21.274336338043213
1.392096891095207e-07,1.313072289788053e-10,21.281426191329956
1.3892358197153953e-07,1.3496455342210112e-10,21.287880897521973
1.386327284080835e-07,1.3245360364066983e-10,21.294426441192627
1.3834898027198506e-07,1.3176602864373166e-10,21.301205158233643
1.3805944831801753e-07,1.3464836190468787e-10,21.308173179626465
1.3777494700661919e-07,1.294334223134186e-10,21.31591272354126
1.3748990568274166e-07,1.3444781399307715e-10,21.322689294815063
1.372031306345889e-07,1.2977108276857052e-10,21.32951307296753
1.369223383562712e-07,1.3165449286312025e-10,21.33646249771118
1.3663495224136568e-07,1.3200358861542583e-10,21.34317898750305
1.3635521156629693e-07,1.2830542184261162e-10,21.350516080856323
1.3607086657430045e-07,1.3326041659045273e-10,21.357486486434937
1.3578920743384515e-07,1.2696667328615518e-10,21.36526370048523
1.3550949518048583e-07,1.32078820103132e-10,21.37174677848816
1.3522605968319112e-07,1.2814406480377016e-10,21.3784761428833
1.34949331709322e-07,1.289530704440267e-10,21.38538384437561
1.346669336044215e-07,1.3015816202610608e-10,21.392317295074463
1.3438999246773164e-07,1.2608859789597915e-10,21.399572610855103
1.3411141708274954e-07,1.3066865645061654e-10,21.406020164489746
1.3383200325733924e-07,1.2621928502376534e-10,21.413127899169922
1.3355776218304527e-07,1.2860139342318888e-10,21.42030429840088
1.3327779413430108e-07,1.2794587611608677e-10,21.4268856048584
1.3300507362146163e-07,1.2526690795766626e-10,21.434526681900024
1.3272735088776244e-07,1.2954771977380375e-10,21.44132351875305
1.3245298191577604e-07,1.2376663582891467e-10,21.449817657470703
1.321799771858423e-07,1.2851188169182848e-10,21.456565618515015
1.319036613267599e-07,1.247331266052143e-10,21.463603734970093
1.316338682499918e-07,1.2563171336577028e-10,21.470820903778076
1.3135803555996972e-07,1.267498606072337e-10,21.477338552474976
1.3108839880260348e-07,1.2280382266638412e-10,21.484698057174683
1.308161188262602e-07,1.2733954168897554e-10,21.491432905197144
1.3054437886239612e-07,1.2222683976048643e-10,21.499324083328247
1.3027666057041642e-07,1.2517828440472556e-10,21.507317543029785
1.300035847862091e-07,1.2376071001352074e-10,21.515451908111572
1.2973768548363296e-07,1.2218277778419662e-10,21.52221989631653
1.294665423756669e-07,1.2557477280239482e-10,21.529030561447144
1.2919950620471354e-07,1.2043797903427134e-10,21.53652811050415
1.2893272582914506e-07,1.2505803337337085e-10,21.543315410614014
1.2866360066254856e-07,1.2100542789994506e-10,21.551180362701416
1.2840055774177017e-07,1.2219157630166677e-10,21.558489322662354
1.281311767797888e-07,1.231971330506454e-10,21.56664800643921
1.278685886063613e-07,1.1948660116889442e-10,21.57371950149536
1.2760280299062288e-07,1.236322433317838e-10,21.581448793411255
1.2733796950215037e-07,1.1889472739667895e-10,21.588292360305786
1.2707639029940765e-07,1.2223859424675965e-10,21.595277547836304
1.2681060468366923e-07,1.1980015590662418e-10,21.60302972793579
1.2655124237426207e-07,1.1937656418936626e-10,21.610042333602905
1.2628660783775558e-07,1.2156570194932215e-10,21.617499828338623
1.2602642129877495e-07,1.174279423699076e-10,21.624573945999146
1.2576573737987928e-07,1.216639983203649e-10,21.632582664489746
1.2550403027944412e-07,1.1713946479474657e-10,21.63987445831299
1.2524681380909897e-07,1.1952443201845853e-10,21.647063732147217
1.2498428247909033e-07,1.1923054210605244e-10,21.654223680496216
1.2472865762447327e-07,1.1633728702609147e-10,21.6610426902771
1.2446867003745865e-07,1.2030493268255782e-10,21.66874361038208
1.2421104145232675e-07,1.1533202171065682e-10,21.675416707992554
1.2395543080856442e-07,1.192873161359742e-10,21.68332600593567
1.2369623902941385e-07,1.1641720920607668e-10,21.690804958343506
1.2344359845428698e-07,1.1630472279700044e-10,21.698768377304077
1.2318493247676088e-07,1.1848431957783845e-10,21.70549178123474
1.229321782147963e-07,1.1368017638346828e-10,21.713368892669678
1.22677064950949e-07,1.1886060191645953e-10,21.720818042755127
1.2242203695222997e-07,1.1367918412164002e-10,21.727428913116455
1.2217138589676324e-07,1.1642868613659374e-10,21.736095428466797
1.2191506471026514e-07,1.1572995339825809e-10,21.742879629135132
1.2166610474650952e-07,1.1322976584127176e-10,21.750777006149292
1.2141192939907341e-07,1.172430347251563e-10,21.758815050125122
1.2116159098241042e-07,1.1154065171492533e-10,21.767500400543213
1.209117073130983e-07,1.1635091501371875e-10,21.774340629577637
1.206592088465186e-07,1.1247752729204308e-10,21.78220796585083
1.2041257946293626e-07,1.1366343977137205e-10,21.79002833366394
1.201603936351603e-07,1.1437795155444519e-10,21.797152519226074
1.1991376425157796e-07,1.1138539396382541e-10,21.80461812019348
1.1966503166149778e-07,1.1479037165251782e-10,21.811492919921875
1.1941672539705905e-07,1.1058257781693115e-10,21.81888771057129
1.1917136788497373e-07,1.1377649516974842e-10,21.826380968093872
1.1892214502040588e-07,1.1191363807894206e-10,21.83407974243164
1.1867893334738255e-07,1.1116804005117942e-10,21.84083366394043
1.1843128788768809e-07,1.1310533759578689e-10,21.848727703094482
1.1818730172308278e-07,1.0917357295969765e-10,21.85605263710022
1.1794308818480204e-07,1.1305993641297363e-10,21.86478590965271
1.1769736119049412e-07,1.0938158712114898e-10,21.871837615966797
1.1745632377824222e-07,1.1127401777777379e-10,21.878614902496338
1.172107317870541e-07,1.1075051986608742e-10,21.886327505111694
1.1697031254698231e-07,1.0888609458525877e-10,21.89347743988037
1.1672703692511277e-07,1.1193503762774171e-10,21.90132188796997
1.164855589763647e-07,1.0765601604623143e-10,21.908344507217407
1.1624595686043904e-07,1.1100103475270018e-10,21.91665554046631
1.1600319282933924e-07,1.0831258112631303e-10,21.9239022731781
1.1576578629046708e-07,1.0873882350104225e-10,21.93144917488098
1.1552384648894076e-07,1.0998796318162363e-10,21.939613580703735
1.1528673127259026e-07,1.0612338785520592e-10,21.948113918304443
1.1504778996140885e-07,1.1033272906413316e-10,21.956819534301758
1.14808521800569e-07,1.0620748031042737e-10,21.964747428894043
1.1457357373956256e-07,1.0825448870654952e-10,21.972946405410767
1.1433364477397845e-07,1.0771435826617548e-10,21.97971224784851
1.1409976963250301e-07,1.0568322605930547e-10,21.987074375152588
1.1386201492769032e-07,1.0886339052440519e-10,21.99456262588501
1.1362689633642731e-07,1.0433645614149611e-10,22.002729654312134
1.1339286487555e-07,1.0816517126421843e-10,22.009749174118042
1.1315596992744759e-07,1.0541811867881279e-10,22.017841577529907
1.1292477353208596e-07,1.0577127368405215e-10,22.025717973709106
1.1268869570812967e-07,1.0666637711986837e-10,22.033353090286255
1.1245736430964826e-07,1.0347628309759216e-10,22.04057264328003
1.1222399365351521e-07,1.074616853835586e-10,22.047146320343018
1.1199118432614341e-07,1.0312389830957613e-10,22.053860425949097
1.117617287604844e-07,1.0560472635257057e-10,22.060811042785645
1.1152760492905145e-07,1.0476982476026464e-10,22.067867040634155
1.1129970545198375e-07,1.0314593623661494e-10,22.074869394302368
1.1106752140221943e-07,1.0590930910048257e-10,22.082048654556274
1.1083881901186032e-07,1.013379866132702e-10,22.08911919593811
1.106098181935522e-07,1.0579077891481603e-10,22.09648323059082
1.1037963076887536e-07,1.0148544504762214e-10,22.103166103363037
1.1015360712463007e-07,1.0379373749369591e-10,22.110218048095703
1.0992332732939758e-07,1.0301289682379533e-10,22.117237329483032
1.0969819186357199e-07,1.0109672127223135e-10,22.124439477920532
1.0946994422056378e-07,1.0442914588626451e-10,22.131527185440063
1.0924372872977983e-07,9.981530185720899e-11,22.13803505897522
1.0901911906557871e-07,1.033737123679046e-10,22.145073652267456
1.0879135459163081e-07,1.0088302415667272e-10,22.152082443237305
1.0856904708589354e-07,1.0086561447186781e-10,22.1591055393219
1.0834228447720307e-07,1.024681797745508e-10,22.166292190551758
1.0811952222411492e-07,9.887865526359008e-11,22.17295789718628
1.07895949952308e-07,1.0260413352281006e-10,22.179778814315796
1.0767158187263703e-07,9.889176283417456e-11,22.186795711517334
1.0745117862143161e-07,1.0085193791198321e-10,22.194347858428955
1.0722637711069183e-07,1.0040893116958216e-10,22.201692819595337
1.0700698993559854e-07,9.837140824142665e-11,22.208895921707153
1.0678411399567267e-07,1.0173541176161649e-10,22.216286182403564
1.0656357574134745e-07,9.732954719954279e-11,22.22323226928711
1.0634434488565603e-07,1.0087060353658472e-10,22.23055124282837
1.0612252054897908e-07,9.786307875181421e-11,22.237484455108643
1.0590564869517038e-07,9.846297388538261e-11,22.244261503219604
1.056842506841349e-07,9.949097101724647e-11,22.25119638442993
1.0546722251092433e-07,9.66005608837861e-11,22.258094549179077
1.0524899352049033e-07,9.964118419247825e-11,22.265769958496094
1.050304518912526e-07,9.616905882747773e-11,22.27224850654602
1.0481520718030879e-07,9.830551650491515e-11,22.278847694396973
1.0459587684863436e-07,9.770118741814215e-11,22.285610914230347
1.043823161239743e-07,9.576937159971877e-11,22.292191982269287
1.0416472662200249e-07,9.867472811064815e-11,22.29958724975586
1.0394993665840957e-07,9.445296628163291e-11,22.306044340133667
1.037357577615694e-07,9.813489604271197e-11,22.312622785568237
1.0351950407994082e-07,9.507573200950858e-11,22.31946110725403
1.0330798261293239e-07,9.601650724500033e-11,22.326271772384644
1.0309177866929531e-07,9.692990854404115e-11,22.33363437652588
1.0288058405194533e-07,9.393995303863534e-11,22.340396404266357
1.0266727912267015e-07,9.715489523998144e-11,22.34697389602661
1.0245449999501943e-07,9.330060335432933e-11,22.35364270210266
1.0224432855920895e-07,9.599002148696911e-11,22.36034870147705
1.0203066835856589e-07,9.438975295816832e-11,22.367396116256714
1.0182223064703066e-07,9.366350750550367e-11,22.37417221069336
1.0160980679074783e-07,9.57497067743951e-11,22.381436347961426
1.0140075090703249e-07,9.205525230981948e-11,22.388445615768433
1.011914179116502e-07,9.561482161579704e-11,22.39560341835022
1.0098087699361713e-07,9.224834784937741e-11,22.403119802474976
1.0077435774746846e-07,9.377974091728802e-11,22.41016459465027
1.0056363919375144e-07,9.369691134075708e-11,22.417861700057983
1.0035779496320174e-07,9.156432556611804e-11,22.42493486404419
1.0014927909196558e-07,9.453757915389716e-11,22.432510375976562
9.994219851705566e-08,9.06825170510217e-11,22.43935775756836
9.973690850983985e-08,9.36163230269571e-11,22.44619107246399
9.952864132856121e-08,9.162234165804861e-11,22.453516721725464
9.932537636814232e-08,9.143444335002471e-11,22.460253477096558
9.911800447071073e-08,9.302009856826388e-11,22.46784782409668
9.891443397691546e-08,8.961414943442492e-11,22.474668502807617
9.870991846128163e-08,9.313323723336708e-11,22.482094764709473
9.85047989843224e-08,8.966147269084956e-11,22.48891520500183
9.830326064275141e-08,9.149778851247348e-11,22.495776414871216
9.809772194557809e-08,9.102091996782136e-11,22.502952337265015
9.789714994212773e-08,8.92417112430266e-11,22.51013731956482
9.769347286692209e-08,9.198995037928981e-11,22.51732850074768
9.749160767569265e-08,8.849336541327801e-11,22.524564743041992
9.729139094361017e-08,9.105619730442882e-11,22.532646894454956
9.708841020028558e-08,8.909918636224035e-11,22.539903163909912
9.689004798474343e-08,8.916878346809654e-11,22.546568870544434
9.668774225701782e-08,9.032315173573835e-11,22.55375051498413
9.648938714690303e-08,8.739737406004977e-11,22.560689210891724
9.628958252960729e-08,9.064848871531694e-11,22.56783127784729
9.60899200208587e-08,8.706139975611649e-11,22.574697256088257
9.589287941480507e-08,8.960046593564641e-11,22.58309507369995
9.569275505327823e-08,8.801692014115403e-11,22.589646339416504
9.549715684897819e-08,8.732323891758043e-11,22.597047567367554
9.529821909382008e-08,8.924385536124291e-11,22.604413270950317
9.510198140105786e-08,8.587722893915739e-11,22.61125349998474
9.490597818739843e-08,8.899174452903225e-11,22.618414878845215
9.47083833580109e-08,8.627738107280791e-11,22.6257483959198
9.451485993849928e-08,8.719199667828192e-11,22.63344407081604
9.431737169052212e-08,8.767530451647687e-11,22.639927625656128
9.412425328036989e-08,8.519042415944256e-11,22.646435022354126
9.392899613658301e-08,8.825694342018409e-11,22.653137922286987
9.373457743322433e-08,8.464325074175605e-11,22.66013240814209
9.35423472014918e-08,8.7209899024554e-11,22.66726326942444
9.334682715689269e-08,8.601105938588205e-11,22.674171209335327
9.315650117969199e-08,8.488940106410325e-11,22.681434631347656
9.29622174794531e-08,8.692879749361282e-11,22.688312768936157
9.277091805870441e-08,8.361866754569292e-11,22.694836139678955
9.257959732167365e-08,8.666258682898942e-11,22.701661348342896
9.238702602942794e-08,8.384128807881197e-11,22.708404779434204
9.21981495594082e-08,8.51242548671749e-11,22.715802907943726
9.200552142374363e-08,8.509787319255224e-11,22.72223210334778
9.181738391816907e-08,8.300515830228505e-11,22.728980541229248
9.16266671424637e-08,8.57746026983186e-11,22.73589301109314
9.143727197624685e-08,8.234523479755396e-11,22.742600202560425
9.124953948003167e-08,8.50098949567446e-11,22.750060558319092
9.105915665941211e-08,8.314587213176239e-11,22.756999492645264
9.087322894174577e-08,8.306971777116701e-11,22.76364302635193
9.068364192899026e-08,8.440936144493705e-11,22.770500659942627
9.049745841593904e-08,8.149493579967526e-11,22.7770037651062
9.031043646245962e-08,8.450383448543874e-11,22.784566640853882
9.012298107791139e-08,8.135231377437435e-11,22.791404247283936
8.993855971084486e-08,8.313898181011581e-11,22.798786163330078
8.975069931693724e-08,8.253999567164882e-11,22.80520486831665
8.956730823683756e-08,8.111820937184433e-11,22.81177020072937
8.938096840438448e-08,8.355299785378634e-11,22.818730115890503
8.919668204043774e-08,8.005596185967079e-11,22.82560920715332
8.901324832777391e-08,8.294508829775893e-11,22.83298373222351
8.882775404117638e-08,8.071167345580221e-11,22.83941960334778
8.864636669159154e-08,8.114523636360005e-11,22.845964908599854
8.846134136319961e-08,8.1899549642106e-11,22.853065013885498
8.828001796246099e-08,7.940880591972288e-11,22.859598398208618
8.809725215996878e-08,8.229004283544228e-11,22.866817235946655
8.791469241486993e-08,7.912011323885082e-11,22.87364363670349
8.773464799105568e-08,8.113134469800443e-11,22.880181789398193
8.755146296834937e-08,8.013008312435232e-11,22.88706374168396
8.737264778346798e-08,7.918712907617476e-11,22.89368200302124
8.719074173768604e-08,8.112907567969785e-11,22.900776863098145
8.701125864263304e-08,7.796716744445931e-11,22.907604217529297
8.683202423753755e-08,8.086149805297538e-11,22.914855241775513
8.665135453611583e-08,7.82903811225033e-11,22.922967433929443
8.647435834063799e-08,7.920582939524579e-11,22.929951906204224
8.629379522062663e-08,7.952757202778216e-11,22.936946630477905
8.611718982365346e-08,7.739935775630258e-11,22.943683385849
8.593858069616545e-08,8.012757124475911e-11,22.95048999786377
8.576085974709713e-08,7.685748565355865e-11,22.957101106643677
8.558502173627858e-08,7.919280509138815e-11,22.96363639831543
8.540653340105564e-08,7.755191627767388e-11,22.97074794769287
8.523204542143503e-08,7.743464203180395e-11,22.978090286254883
8.505446658091387e-08,7.873218743625898e-11,22.98551607131958
8.487972280590839e-08,7.597552448279643e-11,22.992287397384644
8.47045598106888e-08,7.87380716182895e-11,22.999614715576172
8.452869337816082e-08,7.588861483664999e-11,23.006292819976807
8.43557828034136e-08,7.744910268669969e-11,23.01281428337097
8.417970320806489e-08,7.707928739719705e-11,23.019664525985718
8.400759554660908e-08,7.555941983206083e-11,23.026257038116455
8.383312888327055e-08,7.786638694939896e-11,23.03378462791443
8.366012593796768e-08,7.47326853178798e-11,23.04180073738098
8.348825275561467e-08,7.725210748876776e-11,23.049700021743774
8.331432610475531e-08,7.533616785959651e-11,23.056103229522705
8.314423638466906e-08,7.552276859446039e-11,23.062639951705933
8.29708284300068e-08,7.651739658554035e-11,23.070276021957397
8.280065344479226e-08,7.398255619239791e-11,23.076790809631348
8.262948369974765e-08,7.673385538087274e-11,23.084081411361694
8.245818605701061e-08,7.377468774771856e-11,23.090877771377563
8.228943926269494e-08,7.554007419585673e-11,23.098647356033325
8.211768687260701e-08,7.479706437552025e-11,23.105124473571777
8.195005563038649e-08,7.356933812152633e-11,23.1118745803833
8.177953247923142e-08,7.580201050183533e-11,23.11919379234314
8.16111977997025e-08,7.243487060160092e-11,23.125666618347168
8.144316865354995e-08,7.546872848873676e-11,23.133967638015747
8.127369000021645e-08,7.298281423651076e-11,23.140963554382324
8.110778537684382e-08,7.373136823307647e-11,23.148184537887573
8.093849857004898e-08,7.422606973506163e-11,23.154710054397583
8.077287816377066e-08,7.190564116354992e-11,23.161243438720703
8.060559508749066e-08,7.464715651162024e-11,23.167858362197876
8.043866728257854e-08,7.171189336796502e-11,23.174558877944946
8.027398479271142e-08,7.362088716433846e-11,23.181533575057983
8.010659513502105e-08,7.24408727448278e-11,23.188278675079346
7.994301398639436e-08,7.183448280656535e-11,23.194886445999146
7.977654092883313e-08,7.359014786434415e-11,23.20208191871643
7.96124979274282e-08,7.067162827167905e-11,23.20878291130066
7.944849045316005e-08,7.336516116840386e-11,23.216472864151
7.928337453222412e-08,7.093722137474501e-11,23.223232984542847
7.912142763188967e-08,7.192947626410984e-11,23.2299861907959
7.895629039467167e-08,7.204437740826464e-11,23.236835479736328
7.879480534711547e-08,7.021900422232719e-11,23.243467569351196
7.863143736130951e-08,7.256007600320302e-11,23.25050640106201
7.846897176477796e-08,6.961545229167143e-11,23.2570583820343
7.830804804598301e-08,7.179224575937226e-11,23.26475715637207
7.814492875013457e-08,7.022664394451539e-11,23.271816968917847
7.798531242997342e-08,7.02488692216896e-11,23.279500007629395
7.782300315284374e-08,7.115034256210961e-11,23.28627872467041
7.766312393187036e-08,6.90415918880305e-11,23.29294991493225
7.75028894395291e-08,7.132500146056486e-11,23.300235271453857
7.734212914556338e-08,6.892425519211542e-11,23.306782960891724
7.718406891399354e-08,7.007817243165348e-11,23.313477516174316
7.702303150836087e-08,6.98986632463594e-11,23.320871829986572
7.686563918696265e-08,6.843163535830143e-11,23.32754874229431
7.670599444509207e-08,7.074375113491627e-11,23.334532976150513
7.654783473753923e-08,6.771271043870541e-11,23.341543197631836
7.639074084409003e-08,7.000774265852883e-11,23.349162101745605
7.623162190384392e-08,6.831822607633597e-11,23.35603404045105
7.607606988813131e-08,6.843541011658516e-11,23.362831115722656
7.59175193820738e-08,6.936043406291503e-11,23.37026619911194
7.576175420354048e-08,6.724222567644489e-11,23.37692642211914
7.560538506368175e-08,6.944301383926543e-11,23.383883953094482
7.544858959818157e-08,6.720508871627118e-11,23.390836000442505
7.529428103225655e-08,6.845370104091586e-11,23.39815068244934
7.513734345820922e-08,6.787173600919516e-11,23.40469479560852
7.498385201643032e-08,6.686373676956237e-11,23.411332607269287
7.482807973246963e-08,6.864073892609568e-11,23.41844415664673
7.467387064252762e-08,6.610493402670059e-11,23.425093412399292
7.452050709844116e-08,6.815273345672779e-11,23.432603120803833
7.436532456495115e-08,6.663349039204292e-11,23.439009428024292
7.421359526915694e-08,6.678155944905839e-11,23.445628881454468
7.405886037759046e-08,6.754248549345476e-11,23.452585697174072
7.390731582290755e-08,6.52427556424584e-11,23.459460020065308
7.375426491762482e-08,6.795611295906667e-11,23.46671438217163
7.360171139225713e-08,6.499051297126357e-11,23.473289489746094
7.345102659428449e-08,6.696416338103361e-11,23.47997260093689
7.32978691075914e-08,6.586961531773738e-11,23.486759662628174
7.314844197026105e-08,6.513457828649649e-11,23.493881464004517
7.299605897514994e-08,6.692921911133354e-11,23.50084090232849
7.284613445790455e-08,6.40608746604876e-11,23.507488250732422
7.269606783211202e-08,6.670061031277541e-11,23.51546049118042
7.254505618448093e-08,6.438027888577835e-11,23.521867513656616
7.239695776206645e-08,6.534089935783527e-11,23.528403282165527
7.224596743071743e-08,6.533516783147064e-11,23.535401105880737
7.20983805990727e-08,6.367400356976916e-11,23.542146682739258
7.194875450977634e-08,6.602936947208704e-11,23.549593925476074
7.180040739740434e-08,6.291413223724618e-11,23.556298971176147
7.165311899370863e-08,6.531052088032396e-11,23.5628821849823
7.150385528120751e-08,6.367576604882075e-11,23.56971526145935
7.135803770097482e-08,6.367278232444207e-11,23.576225519180298
7.120931400095287e-08,6.48802747638122e-11,23.583487272262573
7.106330457418153e-08,6.244216255169022e-11,23.590829849243164
7.0916655658948e-08,6.493872800605871e-11,23.59817671775818
7.076962305063716e-08,6.24670037918662e-11,23.606056928634644
7.062502049848263e-08,6.376393163476379e-11,23.61480164527893
7.047779604363313e-08,6.32761065766374e-11,23.622249841690063
7.033386850707757e-08,6.216949177684228e-11,23.6288423538208
7.018786618573358e-08,6.3968344510279e-11,23.63549542427063
7.00432707390064e-08,6.140700448131753e-11,23.642212867736816
6.989944267843384e-08,6.355814485825562e-11,23.64958643913269
6.975400168585111e-08,6.193195956072373e-11,23.656336307525635
6.961160892160478e-08,6.228920157447249e-11,23.663158655166626
6.946670083607387e-08,6.276595909682214e-11,23.66987419128418
6.932429386097283e-08,6.107687272605133e-11,23.676395893096924
6.918106976172567e-08,6.312415867792964e-11,23.68358612060547
6.903800198188037e-08,6.065424551504606e-11,23.6904137134552
6.889661818831883e-08,6.238230765287511e-11,23.697139978408813
6.875318092625093e-08,6.132862273577899e-11,23.70403742790222
6.861279189251945e-08,6.083978459914263e-11,23.711045503616333
6.847021438716183e-08,6.220767650999548e-11,23.718342304229736
6.832942744949833e-08,5.983753770255618e-11,23.72563600540161
6.81888110420914e-08,6.213126541032565e-11,23.733253955841064
6.804727092912799e-08,6.001688729329047e-11,23.74002170562744
6.790834561343218e-08,6.080812936515301e-11,23.746814966201782
6.776681260589612e-08,6.107846173275533e-11,23.754281282424927
6.762814308558518e-08,5.951623222033575e-11,23.761055946350098
6.748818748292251e-08,6.156346266106283e-11,23.768513679504395
6.734883584158524e-08,5.898263127912529e-11,23.775588989257812
6.721089818029213e-08,6.07971034627397e-11,23.783181190490723
6.707089994506532e-08,5.970506727903668e-11,23.7904155254364
6.693407073044e-08,5.932353219773034e-11,23.797219038009644
6.67947901433763e-08,6.07260700058454e-11,23.80422592163086
6.665777618763968e-08,5.816232911959318e-11,23.81125831604004
6.652043538224461e-08,6.060590918011144e-11,23.81834650039673
6.63822632418487e-08,5.854984552744469e-11,23.82511305809021
6.62469403778232e-08,5.922135698499531e-11,23.833213090896606
6.610866876144428e-08,5.959951282497045e-11,23.839925289154053
6.597372248506872e-08,5.7726032287597207e-11,23.846847534179688
6.58369927464264e-08,5.999344077078916e-11,23.85405921936035
6.570112986992171e-08,5.728410454319821e-11,23.860799312591553
6.556650333777725e-08,5.925979845722296e-11,23.86831521987915
6.54299796565283e-08,5.797728963585769e-11,23.875160694122314
6.529646867647898e-08,5.800448663051405e-11,23.88246440887451
6.516061290540165e-08,5.886822279643766e-11,23.889382123947144
6.502709481992497e-08,5.673130021310868e-11,23.896076202392578
6.48929372459861e-08,5.89233384307164e-11,23.903015613555908
6.475847413867086e-08,5.669389957496662e-11,23.909881591796875
6.462610002699876e-08,5.8037293720891725e-11,23.918120861053467
6.449144507314486e-08,5.764063878976877e-11,23.924935340881348
6.435978860963587e-08,5.6604981119035e-11,23.933354139328003
6.422634157843277e-08,5.8124453167218704e-11,23.940035820007324
6.409405273188895e-08,5.5859619013665096e-11,23.94680953025818
6.39623891629526e-08,5.787935408729794e-11,23.953763008117676
6.382944661709189e-08,5.6328934572302813e-11,23.9604914188385
6.369923966076385e-08,5.661889707075929e-11,23.967981100082397
6.356667370255309e-08,5.705762598506858e-11,23.97494339942932
6.343641700823355e-08,5.552970930300383e-11,23.98414421081543
6.330549950916975e-08,5.719134887893773e-11,23.990882873535156
6.317455358839652e-08,5.521059998070399e-11,23.99864935874939
6.304531297018912e-08,5.6486263583233054e-11,24.005443811416626
6.291394072377443e-08,5.605204841940825e-11,24.012102603912354
6.278559538941408e-08,5.521992932355779e-11,24.01923155784607
6.26552960625304e-08,5.652067355810253e-11,24.02596640586853
6.25264391374003e-08,5.438264075174892e-11,24.03426742553711
6.239791616735602e-08,5.63007661324999e-11,24.04162836074829
6.226822790722508e-08,5.4820831901780664e-11,24.04975986480713
6.21413462909004e-08,5.503672170781293e-11,24.05672001838684
6.201184987730812e-08,5.559303017932393e-11,24.063538551330566
6.18850251044023e-08,5.3867292570952685e-11,24.07084083557129
6.17569568817089e-08,5.6003465753740045e-11,24.07776165008545
6.162952104205033e-08,5.343809769686736e-11,24.085357189178467
6.150333575760669e-08,5.523958374054061e-11,24.092145442962646
6.137528885119536e-08,5.414470261033699e-11,24.09980082511902
6.125004858859029e-08,5.4012364025801674e-11,24.106411933898926
6.112284012260716e-08,5.479988685053172e-11,24.113173484802246
6.099728722119835e-08,5.316543039146637e-11,24.12016797065735
6.087176984692633e-08,5.473028974467553e-11,24.12724280357361
6.074557035162798e-08,5.3111359060720176e-11,24.134700536727905
6.062151669539162e-08,5.382883722093723e-11,24.141268968582153
6.049528877838384e-08,5.385701953852795e-11,24.14884853363037
6.037161170979743e-08,5.2746355894139896e-11,24.155425786972046
6.024669829685081e-08,5.416750034625828e-11,24.162014484405518
6.012243147779373e-08,5.2218288720817796e-11,24.16959857940674
5.999910257514784e-08,5.389210605555306e-11,24.176194429397583
5.987440232502195e-08,5.267830616162428e-11,24.184401988983154
5.975237371558251e-08,5.2556028973249624e-11,24.191272497177124
5.962802873682449e-08,5.3428018953471934e-11,24.199400186538696
5.950588999326101e-08,5.1527830613462555e-11,24.206154823303223
5.938313663023109e-08,5.354164681059537e-11,24.213084936141968
5.926021984237195e-08,5.145959353081153e-11,24.22017002105713
5.913905454235646e-08,5.280649181815811e-11,24.2269229888916
5.901591393353556e-08,5.228043692406814e-11,24.234226942062378
5.8895608390230336e-08,5.1354111935131286e-11,24.240782260894775
5.877335595982913e-08,5.287826079780622e-11,24.247510194778442
5.865246777148059e-08,5.0623994579668263e-11,24.254478216171265
5.853202722505557e-08,5.25365410897205e-11,24.261062145233154
5.841042849397127e-08,5.102332098494422e-11,24.268659591674805
5.829124205547487e-08,5.1518598415123407e-11,24.27539610862732
5.8170027017467874e-08,5.168817110434709e-11,24.283326387405396
5.805101110922806e-08,5.035206279702109e-11,24.289877891540527
5.793106794271807e-08,5.204335573605334e-11,24.296857118606567
5.781138412430664e-08,5.0055775496771204e-11,24.303701639175415
5.769311783865305e-08,5.139397588060923e-11,24.310565948486328
5.757305743259167e-08,5.0682229246756805e-11,24.317857027053833
5.7455633140079954e-08,5.016551757330845e-11,24.324689865112305
5.733635077831423e-08,5.133996006101427e-11,24.332497596740723
5.721846818573795e-08,4.9528943446564e-11,24.338956594467163
5.710096218081162e-08,5.106871175941663e-11,24.345540761947632
5.6982450757914194e-08,4.9683545472190005e-11,24.35255455970764
5.686620951905752e-08,5.009742967687636e-11,24.35932683944702
5.674785086284828e-08,5.0398490936132134e-11,24.367151737213135
5.66318618666628e-08,4.902801428730008e-11,24.373831033706665
5.6514739554813787e-08,5.0760722014597803e-11,24.380852699279785
5.6398022252324154e-08,4.882373325076905e-11,24.387799978256226
5.628269406088293e-08,5.003446962303926e-11,24.394283056259155
5.616547227305091e-08,4.949390897124317e-11,24.40126347541809
5.6051014496460994e-08,4.891211394242312e-11,24.408348560333252
5.593453522578784e-08,5.0053749339751263e-11,24.41615605354309
5.5819807442958336e-08,4.811833917428565e-11,24.42272400856018
5.5704859391880746e-08,4.995574440225248e-11,24.429361820220947
5.558944593531123e-08,4.8190978985118704e-11,24.436443090438843
5.547606463096599e-08,4.891655483452162e-11,24.4431791305542
5.5360519723990365e-08,4.8860891027624476e-11,24.450936794281006
5.524754698171819e-08,4.777088447038835e-11,24.45745277404785
5.5133078546987235e-08,4.9315274086580985e-11,24.464178562164307
5.50195622395222e-08,4.725898838930931e-11,24.47103714942932
5.490674936936557e-08,4.891003921314585e-11,24.477906227111816
5.4792650416857214e-08,4.768367645180405e-11,24.48530912399292
5.468096730965044e-08,4.782676338299652e-11,24.492425203323364
5.456714546880903e-08,4.8576462297056366e-11,24.500149965286255
5.4455593812008374e-08,4.6737697045884374e-11,24.507019996643066
5.4343185951211126e-08,4.8673582525582404e-11,24.514163732528687
5.4230724799708696e-08,4.6809073978026916e-11,24.52088451385498
5.4120047110473024e-08,4.775759648856237e-11,24.52738857269287
5.4007351479867793e-08,4.741456532952881e-11,24.53425693511963
5.389723156667969e-08,4.662520716736118e-11,24.540792226791382
5.378542766720784e-08,4.7948284231935645e-11,24.54753541946411
5.3674877875664606e-08,4.600949482513883e-11,24.554442644119263
5.3564644275638784e-08,4.7703403727172855e-11,24.560970306396484
5.3453483417342795e-08,4.627177460636567e-11,24.567845821380615
5.3344397343835226e-08,4.683927204429672e-11,24.574517726898193
5.32335278080609e-08,4.6876696968567444e-11,24.581836223602295
5.312470818807924e-08,4.575011897101078e-11,24.588420391082764
5.301488670284016e-08,4.724325791682915e-11,24.594939708709717
5.2905519964951964e-08,4.540726822321872e-11,24.601657152175903
5.279725101559052e-08,4.6718944685109065e-11,24.60830307006836
5.2687465057488225e-08,4.592714403228726e-11,24.615782260894775
5.258005231212337e-08,4.560569977218876e-11,24.62225890159607
5.2470863209919116e-08,4.657191299273222e-11,24.6287579536438
5.23632266435925e-08,4.480703655329599e-11,24.63559079170227
5.225550125942391e-08,4.650991397570081e-11,24.64207410812378
5.214721099378039e-08,4.494663322085479e-11,24.649510145187378
5.2040842746237104e-08,4.55943165167394e-11,24.656052112579346
5.193245300461058e-08,4.579896184520038e-11,24.662642002105713
5.1826550162559215e-08,4.443042461721447e-11,24.671070098876953
5.1719240445891046e-08,4.612509332813097e-11,24.682290077209473
5.161268745723646e-08,4.4036697899318966e-11,24.69508695602417
5.150698711986479e-08,4.5597279424436366e-11,24.718880653381348
5.139991898772678e-08,4.4551338312937006e-11,24.726335763931274
5.129518143576206e-08,4.4527045245379426e-11,24.734874486923218
5.118858226182965e-08,4.522949376140062e-11,24.741321086883545
5.108373457574089e-08,4.367420314288495e-11,24.751154899597168
5.097850319657482e-08,4.5285941663308904e-11,24.758355140686035
5.087302668016491e-08,4.364000133483259e-11,24.76533031463623
5.0769145332196786e-08,4.4550946265431435e-11,24.771543979644775
5.0663530259953404e-08,4.4286834616213966e-11,24.778194904327393
5.0560188924464455e-08,4.348037901946711e-11,24.785261869430542
5.045541939807663e-08,4.4773965784949965e-11,24.791786909103394
5.035163397337783e-08,4.294896036038942e-11,24.80085825920105
5.024837790301717e-08,4.4449419839276416e-11,24.809795141220093
5.0144048913125516e-08,4.329954103599043e-11,24.81692624092102
5.004186220958218e-08,4.34734331866693e-11,24.82334804534912
4.993781033135747e-08,4.398805972249953e-11,24.829843759536743
4.983567336580563e-08,4.256445543249221e-11,24.83635187149048
4.973284006837275e-08,4.415389928680291e-11,24.842655420303345
4.963000321822619e-08,4.258810665236368e-11,24.850023984909058
4.9528729562098306e-08,4.338690171024062e-11,24.857062578201294
4.942566889098998e-08,4.309870516028269e-11,24.863627672195435
4.932490682563184e-08,4.240574211222814e-11,24.869983911514282
4.9222624198819176e-08,4.3568565422091865e-11,24.876124620437622
4.912152817837523e-08,4.181676185877059e-11,24.88374948501587
4.902063821532465e-08,4.3371778390977056e-11,24.89031457901001
4.8918984418833134e-08,4.204251877193421e-11,24.896921634674072
4.881926329858288e-08,4.2464625565896696e-11,24.903565883636475
4.871771608350173e-08,4.268465442214264e-11,24.910759449005127
4.861821167878588e-08,4.1500105435465784e-11,24.917893648147583
4.851773383052205e-08,4.2979550474164796e-11,24.924561262130737
4.84176432280492e-08,4.128574218609238e-11,24.9319908618927
4.831863975596207e-08,4.242216994354564e-11,24.93890142440796
4.82182009875487e-08,4.1743088152745855e-11,24.94584584236145
4.8119996876039295e-08,4.138521123020489e-11,24.952696084976196
4.802008390925039e-08,4.231757305683814e-11,24.95915651321411
4.792154584265518e-08,4.082574556196761e-11,24.966731309890747
4.782305040862411e-08,4.2205003381035056e-11,24.973244667053223
4.7724054041964337e-08,4.079215437657879e-11,24.980098485946655
4.762663508017795e-08,4.152665017409518e-11,24.987078189849854
4.752756410653092e-08,4.149444676748715e-11,24.993630409240723
4.743058212852702e-08,4.057715274896623e-11,25.001271963119507
4.733246683485959e-08,4.1794463723210384e-11,25.007911682128906
4.723503721493216e-08,4.01488391144067e-11,25.01518964767456
4.7138239978039564e-08,4.1466118733124446e-11,25.02170968055725
4.704039469061172e-08,4.045723131507195e-11,25.028292417526245
4.6944531817416646e-08,4.053184871066762e-11,25.034868001937866
4.684699561607886e-08,4.108336240649102e-11,25.04157829284668
4.6751129190170104e-08,3.971738563035565e-11,25.049108266830444
4.665477248977368e-08,4.118976340561353e-11,25.055493354797363
4.655835184053103e-08,3.963011516172621e-11,25.062016487121582
4.6463270564345294e-08,4.0555853814128184e-11,25.069271087646484
4.636667583213239e-08,4.0185986482921265e-11,25.075674295425415
4.627213101571215e-08,3.960656455581635e-11,25.082929134368896
4.617625748437604e-08,4.065254036178523e-11,25.089415550231934
4.6081400029152064e-08,3.905777437585023e-11,25.096038103103638
4.598684100187711e-08,4.0467487000261926e-11,25.103116750717163
4.589147906131075e-08,3.931260178502427e-11,25.109760761260986
4.579796808457104e-08,3.958964753247862e-11,25.1170597076416
4.570274469983815e-08,3.995504968545838e-11,25.123695373535156
4.560941135878238e-08,3.865574180195175e-11,25.13085913658142
4.551519694473427e-08,4.023895799898369e-11,25.139414072036743
4.5421295169489895e-08,3.8494804566191476e-11,25.14645004272461
4.5328469866490195e-08,3.963892408753722e-11,25.1539044380188
4.523424479430105e-08,3.901443751397338e-11,25.16066551208496
4.514207319061825e-08,3.869186221416854e-11,25.167938470840454
4.504844142161346e-08,3.953470190110053e-11,25.174988985061646
4.4956045996968896e-08,3.803832943072294e-11,25.182783126831055
4.486365057232433e-08,3.946646134900256e-11,25.189481019973755
4.4770786189474165e-08,3.807395024257865e-11,25.19625496864319
4.467943170993749e-08,3.878423276981735e-11,25.20336079597473
4.458657798522836e-08,3.8720044531759257e-11,25.210050106048584
4.4495575224345885e-08,3.786716773479526e-11,25.217698574066162
4.440364875790692e-08,3.899288877895479e-11,25.224215030670166
4.431212374811366e-08,3.759506247980049e-11,25.231874465942383
4.422146915317171e-08,3.8625595777386224e-11,25.23858618736267
4.412963150457472e-08,3.796393754917915e-11,25.24525499343872
4.4039722979505314e-08,3.778441101665031e-11,25.25220012664795
4.39483081038361e-08,3.849681337597666e-11,25.258832454681396
4.385830010278369e-08,3.70947231265184e-11,25.266591548919678
4.37680363063464e-08,3.850839438990228e-11,25.273224353790283
4.367750960909689e-08,3.7102453054327356e-11,25.27985143661499
4.3588421760887286e-08,3.781809934655378e-11,25.286564111709595
4.349784532564627e-08,3.759998215557836e-11,25.293142080307007
4.340906656352672e-08,3.7005329356354366e-11,25.30078411102295
4.3319253961726645e-08,3.801332165709326e-11,25.307498693466187
4.323023716779062e-08,3.645810736641053e-11,25.31423544883728
4.314155788165408e-08,3.783662272383026e-11,25.320788145065308
4.305208989308085e-08,3.676007068187381e-11,25.327786445617676
4.296439115591966e-08,3.697643927158545e-11,25.334919691085815
4.2875129224739794e-08,3.738041126633007e-11,25.341843128204346
4.278752641084793e-08,3.6111263285176776e-11,25.349653244018555
4.269929121392124e-08,3.7531172614180264e-11,25.356135845184326
4.2611080885990305e-08,3.604907344856301e-11,25.362884283065796
4.2524089138851195e-08,3.694842348744842e-11,25.37102246284485
4.243571538609103e-08,3.6552184889959705e-11,25.377995252609253
4.234923878243535e-08,3.605452741917148e-11,25.385388374328613
4.226147254371426e-08,3.703133633070621e-11,25.392260551452637
4.217473303924635e-08,3.552825394992354e-11,25.400676012039185
4.208817827588973e-08,3.6854071877590044e-11,25.40710473060608
4.2001001787639325e-08,3.566168194080177e-11,25.415289402008057
4.1915349413557124e-08,3.616353050350796e-11,25.42231249809265
4.1828297270285475e-08,3.623162533883395e-11,25.429096460342407
4.174286871716504e-08,3.533082507112262e-11,25.436094760894775
4.165667988331734e-08,3.650752963824111e-11,25.442742824554443
4.1570828557269124e-08,3.506749404746934e-11,25.450376510620117
4.1485819224362785e-08,3.6082685450633534e-11,25.457000970840454
4.139967302307923e-08,3.545834112439472e-11,25.46360158920288
4.1315338705771865e-08,3.524050842806936e-11,25.470126152038574
4.1229647251839197e-08,3.594004260865091e-11,25.47673487663269
4.114515661512996e-08,3.462369627116324e-11,25.483892679214478
4.1060619793142905e-08,3.5834769179787784e-11,25.49068832397461
4.097560690752289e-08,3.474289952953846e-11,25.497541189193726
4.0892125241498434e-08,3.515133670251025e-11,25.504640579223633
4.08070981450237e-08,3.530193845580065e-11,25.511592864990234
4.0723833194533654e-08,3.439969489815731e-11,25.518500566482544
4.063973335632909e-08,3.545590557263445e-11,25.52543067932129
4.0556010105774476e-08,3.416446639481485e-11,25.533339262008667
4.047302937237873e-08,3.515771701545489e-11,25.54007887840271
4.0389050326439246e-08,3.4445085672629716e-11,25.546852827072144
4.030676592492455e-08,3.4419741362645695e-11,25.55372405052185
4.022312438678455e-08,3.492522590575753e-11,25.560195446014404
4.01408151162741e-08,3.375881171829853e-11,25.5676007270813
4.005818254881888e-08,3.4991853165022846e-11,25.574148416519165
3.997547892709008e-08,3.3631025048164176e-11,25.5809063911438
3.9893862435746996e-08,3.444415239139964e-11,25.587494134902954
3.9810959862052187e-08,3.4201017018453683e-11,25.594043254852295
3.97298798304746e-08,3.35419227115441e-11,25.600905656814575
3.964760608710094e-08,3.458581684934181e-11,25.607478380203247
3.956616367872812e-08,3.311239130110444e-11,25.61423373222351
3.948503746187271e-08,3.4396728521013387e-11,25.62079119682312
3.940318649142682e-08,3.342140800222104e-11,25.627391576766968
3.932293779485008e-08,3.3639140084584795e-11,25.63468623161316
3.924130709265228e-08,3.386438351959953e-11,25.64120888710022
3.916106905421657e-08,3.2972107683049146e-11,25.648568868637085
3.9080397584712046e-08,3.3977376467930753e-11,25.65514302253723
3.899976519505799e-08,3.2772052432905596e-11,25.661752223968506
3.892005651096042e-08,3.3639726421119676e-11,25.668609619140625
3.8839303329041286e-08,3.3111530878260353e-11,25.675076007843018
3.876015952641865e-08,3.2816235839838725e-11,25.68337321281433
3.867985043370936e-08,3.357809169601822e-11,25.690691709518433
3.860052899540278e-08,3.227155695451067e-11,25.69747757911682
3.852124663694667e-08,3.3564904328153844e-11,25.70417833328247
3.844155216370382e-08,3.235296405779131e-11,25.71115732192993
3.836320416894523e-08,3.285341096392891e-11,25.71806812286377
3.828347416856559e-08,3.297483119890643e-11,25.72459864616394
3.820536775833716e-08,3.208250679009872e-11,25.731905460357666
3.81265294890909e-08,3.313860991172035e-11,25.738633394241333
3.804792925166112e-08,3.191926584156235e-11,25.74533987045288
3.797017811280057e-08,3.2778727648841155e-11,25.75283646583557
3.7891371817977415e-08,3.226952385859683e-11,25.75955033302307
3.7814189113305474e-08,3.2054938564618496e-11,25.767654418945312
3.7735787827841705e-08,3.270962320445214e-11,25.774797677993774
3.7658569596032976e-08,3.1406835465652705e-11,25.78240442276001
3.758106714712994e-08,3.2769672392296556e-11,25.789422273635864
3.750344035324815e-08,3.139103560423351e-11,25.79713463783264
3.742692200603415e-08,3.21995971552802e-11,25.803908824920654
3.7349177972600955e-08,3.195419276402767e-11,25.81072735786438
3.727309660916944e-08,3.129670481105684e-11,25.817891836166382
3.719600272233947e-08,3.228620842898877e-11,25.825173377990723
3.7119491480552824e-08,3.101448958764408e-11,25.832786798477173
3.7043552225668464e-08,3.1958734270087774e-11,25.83941912651062
3.696672834507808e-08,3.1265809385949694e-11,25.84632396697998
3.6891453447651656e-08,3.1253093862870784e-11,25.854638814926147
3.681491378415558e-08,3.174147750195644e-11,25.861289262771606
3.673961757044708e-08,3.063471698538933e-11,25.868947982788086
3.6663958979943345e-08,3.187494018730419e-11,25.875620365142822
3.6588314600294325e-08,3.053399894037412e-11,25.883317708969116
3.651360458434283e-08,3.142463719796318e-11,25.89001441001892
3.643778612172355e-08,3.1042154957638957e-11,25.89694571495056
3.6363566380259726e-08,3.062425660282919e-11,25.90442156791687
3.6288280824692265e-08,3.1459085336749126e-11,25.91122841835022
3.621385857854875e-08,3.01080167741663e-11,25.918233633041382
3.613955001924296e-08,3.135463069736666e-11,25.925129652023315
3.6064747632735816e-08,3.02656233408527e-11,25.933162689208984
3.599128461928558e-08,3.0615916052356695e-11,25.940063953399658
3.591651775991522e-08,3.0872252670954836e-11,25.94752311706543
3.584325725114468e-08,2.9841899784610604e-11,25.95448923110962
3.576927198878366e-08,3.112628904622383e-11,25.96130681037903
3.569555317994855e-08,2.971070264812248e-11,25.969708919525146
3.56226621534006e-08,3.062588724289661e-11,25.976678371429443
3.554869465460797e-08,3.0142565526913856e-11,25.984591245651245
3.547636495682127e-08,2.9786742516968445e-11,25.991887092590332
3.5402841547238495e-08,3.0545125456749034e-11,26.000765562057495
3.533028802849003e-08,2.930972825554434e-11,26.008380651474
3.5257770036878355e-08,3.0445389265221223e-11,26.016199588775635
3.5184818614197866e-08,2.9448499194728583e-11,26.022898197174072
3.511309287773656e-08,2.993122069638865e-11,26.030190467834473
3.5040255141893795e-08,2.9848505611607123e-11,26.037715911865234
3.4968699935689074e-08,2.929244347082971e-11,26.04483962059021
3.489653011001792e-08,3.012845181671331e-11,26.05193066596985
3.482472976656936e-08,2.9006269608444768e-11,26.05875563621521
3.47535333844462e-08,2.9787578653683866e-11,26.06667995452881
3.468141329676655e-08,2.9328664497008106e-11,26.07345676422119
3.461080311240039e-08,2.9138198798239756e-11,26.080165147781372
3.4539056059657014e-08,2.970858975492874e-11,26.086841821670532
3.4468413900867745e-08,2.8538374788333876e-11,26.09367084503174
3.439751949940728e-08,2.969757773030324e-11,26.10093593597412
3.432641548783977e-08,2.863314620127344e-11,26.10775876045227
3.425650163535465e-08,2.909178974108695e-11,26.115464448928833
3.418535854393667e-08,2.9052774075388754e-11,26.1231951713562
3.411563653799021e-08,2.8482221789416506e-11,26.130929470062256
3.404512938232074e-08,2.934993220682358e-11,26.137843370437622
3.397518710812619e-08,2.8162458476366226e-11,26.14477777481079
3.390565339600471e-08,2.905358245652856e-11,26.151753425598145
3.3835352297728605e-08,2.8429470583235528e-11,26.158751964569092
3.376653268105656e-08,2.8362704546092132e-11,26.166322231292725
3.36964589564559e-08,2.8838830629096535e-11,26.17332673072815
3.362755762736924e-08,2.7883096873071445e-11,26.18023180961609
3.355838273932932e-08,2.8850040412198297e-11,26.18708610534668
3.348913679701582e-08,2.7816155628856976e-11,26.193953037261963
3.3420814560258805e-08,2.8434248011688368e-11,26.201237440109253
3.3351447825680225e-08,2.8187471454166335e-11,26.20817255973816
3.3283470202150056e-08,2.785538293081924e-11,26.215779781341553
3.321466124361905e-08,2.8452042805104938e-11,26.222222566604614
3.314652374797333e-08,2.744109106611603e-11,26.22960615158081
3.3078546124443164e-08,2.838018535455955e-11,26.236277103424072
3.301005335742957e-08,2.7635340196785485e-11,26.24305820465088
3.29428466727677e-08,2.783131017314311e-11,26.25095534324646
3.287451733058333e-08,2.797971403178945e-11,26.257741451263428
3.2807371042054e-08,2.7291412185714847e-11,26.2652006149292
3.273973092632332e-08,2.8163502779898764e-11,26.27232813835144
3.267236792225958e-08,2.701035922703099e-11,26.279471397399902
3.260558045781181e-08,2.7858817683301673e-11,26.28628897666931
3.25379616583632e-08,2.7328986296204505e-11,26.29311203956604
3.24716822319715e-08,2.7254393186737502e-11,26.30101227760315
3.2404464889168594e-08,2.765751863642585e-11,26.307956218719482
3.233810730307596e-08,2.674689809911701e-11,26.315708875656128
3.2271678662709746e-08,2.768241885720002e-11,26.322329998016357
3.220500133238602e-08,2.6767399061156105e-11,26.32977843284607
3.213936849988386e-08,2.7168694377577296e-11,26.336753368377686
3.2072676958705415e-08,2.7178042802389335e-11,26.343647956848145
3.200724307816927e-08,2.6621630247469774e-11,26.350873708724976
3.194121589444876e-08,2.73669836792223e-11,26.357727527618408
3.187552266581406e-08,2.6353228627096215e-11,26.365231037139893
3.181033036980807e-08,2.713586647051791e-11,26.37186026573181
3.174440266207057e-08,2.659572215235606e-11,26.379080533981323
3.167973616768904e-08,2.6615615961178563e-11,26.386117935180664
3.1614099782473204e-08,2.6977824488239044e-11,26.393388032913208
3.154949013151054e-08,2.602782746274901e-11,26.401214122772217
3.148453942003471e-08,2.7114404471673126e-11,26.408030033111572
3.1419620682981986e-08,2.5928580463241424e-11,26.415717124938965
3.135548709565228e-08,2.6700973029814e-11,26.422757387161255
3.129046888261655e-08,2.629305974333196e-11,26.429928064346313
3.122674030464623e-08,2.5984535703682532e-11,26.436918258666992
3.116214486453828e-08,2.6651255854992506e-11,26.44363808631897
3.109822088731562e-08,2.5600270167625006e-11,26.451017141342163
3.1034499414772654e-08,2.6518650123041887e-11,26.45812153816223
3.0970255693318904e-08,2.5773888231994668e-11,26.46570611000061
3.090721278908859e-08,2.5933080335938108e-11,26.474992513656616
3.0843075649045204e-08,2.625268752387555e-11,26.48281478881836
3.078015353707997e-08,2.5334567776980066e-11,26.489458322525024
3.071672693977234e-08,2.635094573100183e-11,26.496299982070923
3.065343179287083e-08,2.5251517890567676e-11,26.5035343170166
3.0590875610414514e-08,2.5970805367370176e-11,26.510282039642334
3.0527367300692276e-08,2.5683802307163717e-11,26.517611503601074
3.0465294287296274e-08,2.5256692570696515e-11,26.524584770202637
3.0402208750501813e-08,2.5993708921423497e-11,26.532816648483276
3.033990836343037e-08,2.4873976142703036e-11,26.539422273635864
3.0277689688773535e-08,2.586774197621544e-11,26.546175956726074
3.02150517939026e-08,2.502112406155277e-11,26.55273962020874
3.0153501029417384e-08,2.5379032209116303e-11,26.55928087234497
3.009098747952521e-08,2.5365027786494743e-11,26.567564249038696
3.002960013986922e-08,2.4774378729053304e-11,26.574191331863403
2.996766212959301e-08,2.557512188139377e-11,26.581852436065674
2.9906008336411105e-08,2.4554582325753138e-11,26.58849287033081
2.9844848370430554e-08,2.5372136683299296e-11,26.59529137611389
2.9783054245058338e-08,2.476498867087784e-11,26.602270126342773
2.9722412975274892e-08,2.477049988736102e-11,26.60901117324829
2.9660849776291798e-08,2.515718709739101e-11,26.61662983894348
2.960015521580317e-08,2.429266510173278e-11,26.623334646224976
2.9539357626617857e-08,2.516631000815117e-11,26.630184650421143
2.9478355756396013e-08,2.4309517940301895e-11,26.637251377105713
2.9418252722734906e-08,2.478974317488003e-11,26.643996953964233
2.935728637964985e-08,2.4615668878236185e-11,26.6513569355011
2.9297437365016776e-08,2.42044370657446e-11,26.658020496368408
2.923694530920784e-08,2.4886174718186105e-11,26.665836334228516
2.9176895566251915e-08,2.392253929672794e-11,26.672263622283936
2.911720109466387e-08,2.4699185405263613e-11,26.678966999053955
2.905689555632307e-08,2.4137544393787458e-11,26.68551731109619
2.8997764189853115e-08,2.4141069351890643e-11,26.692161798477173
2.8937666485262525e-08,2.451099392897227e-11,26.69953680038452
2.887852978972205e-08,2.3676267543737417e-11,26.706167697906494
2.881914795693774e-08,2.457033708436196e-11,26.713066816329956
2.875964533188835e-08,2.3734098020256056e-11,26.71988534927368
2.8701080623250164e-08,2.4110591995141206e-11,26.726510286331177
2.8641519378425073e-08,2.403475855838888e-11,26.73426055908203
2.8583194477960205e-08,2.3556986222805776e-11,26.741041660308838
2.8524084427772323e-08,2.4351265795474752e-11,26.748618125915527
2.8465613866046624e-08,2.323037422147234e-11,26.755024194717407
2.8407299623722793e-08,2.4170254339650477e-11,26.761693477630615
2.834851287047968e-08,2.3405000160181544e-11,26.768399477005005
2.8290775944128654e-08,2.3698853643394635e-11,26.775101900100708
2.823217393199684e-08,2.3725211031888627e-11,26.7824227809906
2.8174547139769857e-08,2.3147686892266428e-11,26.788952112197876
2.8116501127328775e-08,2.3898301740321592e-11,26.795570135116577
2.805861498700324e-08,2.298650159104909e-11,26.80230689048767
2.8001338137073617e-08,2.3603157622842375e-11,26.808887243270874
2.7943293900989374e-08,2.3276333985244868e-11,26.81609272956848
2.7886370546070793e-08,2.3132135096304296e-11,26.822489261627197
2.7828727766632255e-08,2.352230389635057e-11,26.83048129081726
2.7771735133796938e-08,2.2709599825643245e-11,26.837379455566406
2.771474250096162e-08,2.3527606946016633e-11,26.844005346298218
2.765749229638459e-08,2.2755504078264543e-11,26.851348876953125
2.760115158650933e-08,2.3092522685730366e-11,26.858012199401855
2.754392980364173e-08,2.310276622785601e-11,26.866554498672485
2.7487768505807253e-08,2.256368182573798e-11,26.873146295547485
2.7431079629991473e-08,2.329614973151095e-11,26.879799842834473
2.7374683853054194e-08,2.2352149645077368e-11,26.886536598205566
2.7318739270754122e-08,2.3059085890730913e-11,26.893361568450928
2.7262137436423473e-08,2.2599052837413147e-11,26.90099048614502
2.72066706941132e-08,2.2523769308002706e-11,26.907569646835327
2.715033176059478e-08,2.29382571964587e-11,26.914215803146362
2.7094813503936166e-08,2.2114548040019777e-11,26.920738458633423
2.7039160244157756e-08,2.2949885047918173e-11,26.927313089370728
2.69833471122638e-08,2.212773714260763e-11,26.934691905975342
2.692837242079804e-08,2.2546539288348377e-11,26.941426038742065
2.6872521985410458e-08,2.2472050262289933e-11,26.949223041534424
2.681775335133807e-08,2.2075808195354263e-11,26.955634832382202
2.6762430493931788e-08,2.263495120502501e-11,26.962244749069214
2.670748422417546e-08,2.1785346096536706e-11,26.969292879104614
2.665283460601131e-08,2.250983600904366e-11,26.975982904434204
2.6597668068006897e-08,2.1955926660099934e-11,26.983474254608154
2.6543538922396692e-08,2.2021263285099124e-11,26.989956855773926
2.648854646736254e-08,2.227334636173417e-11,26.99677085876465
2.6434454625245962e-08,2.156213055326539e-11,27.003582239151
2.6380066131537205e-08,2.2373184901947063e-11,27.010316848754883
2.6325666979687412e-08,2.1571874495029952e-11,27.017656564712524
2.627203699034908e-08,2.1966968175024526e-11,27.024315118789673
2.6217543691586798e-08,2.1842068084754196e-11,27.031885862350464
2.6164181932131214e-08,2.1456489363025355e-11,27.038585424423218
2.6110098971798834e-08,2.2068503274796925e-11,27.045347213745117
2.6056584445655062e-08,2.115835978644398e-11,27.052173614501953
2.6003197817203727e-08,2.196488824157683e-11,27.05890464782715
2.594942927203192e-08,2.128849527216481e-11,27.06662940979004
2.5896616406839712e-08,2.1505325298321054e-11,27.07326889038086
2.5842940232223555e-08,2.1627991064754326e-11,27.07994794845581
2.579023039572803e-08,2.1024623014787025e-11,27.08651638031006
2.573709600994789e-08,2.177448325813014e-11,27.092977046966553
2.5684146365279048e-08,2.08873890406025e-11,27.100849151611328
2.563166034974529e-08,2.1582848355738982e-11,27.107378721237183
2.5578621887234476e-08,2.106563014303564e-11,27.11425018310547
2.5526560420985334e-08,2.104800361779624e-11,27.12076711654663
2.5473724463154213e-08,2.1413358933242144e-11,27.12773561477661
2.5421620364340924e-08,2.0641936077092637e-11,27.13464879989624
2.5369439882183542e-08,2.1413797818281566e-11,27.141408920288086
2.5317064000773826e-08,2.0673525391590175e-11,27.14910626411438
2.5265501690796555e-08,2.1011881470855975e-11,27.155584812164307
2.5213129362100517e-08,2.09965638625631e-11,27.162389516830444
2.5161755345948222e-08,2.0511984472060263e-11,27.1691472530365
2.5109850199100947e-08,2.1178074918748457e-11,27.175638675689697
2.5058252361986888e-08,2.0351576326960163e-11,27.182966470718384
2.5007027559809103e-08,2.1002158345773125e-11,27.189592361450195
2.495526274515214e-08,2.053661407597218e-11,27.196425676345825
2.4904487361254724e-08,2.0531919914246188e-11,27.203299045562744
2.485296057841424e-08,2.074830238174563e-11,27.20977544784546
2.4802147891023196e-08,2.014786601445273e-11,27.217021226882935
2.4751182436943964e-08,2.0821070562115906e-11,27.223381519317627
2.470016013944587e-08,2.009001125180543e-11,27.230305433273315
2.4649825292044625e-08,2.047805154614668e-11,27.2368483543396
2.4598742598413992e-08,2.035760969520961e-11,27.243319511413574
2.454863690104503e-08,2.0048244314674335e-11,27.25088930130005
2.4497946782275903e-08,2.059397444242883e-11,27.257498741149902
2.4447713187214504e-08,1.9775337617433664e-11,27.264217376708984
2.4397662556907562e-08,2.0486366075767037e-11,27.270989656448364
2.434720158817072e-08,1.991912537691043e-11,27.27741050720215
2.4297667877704043e-08,2.0037201065026267e-11,27.28429079055786
2.424732237216176e-08,2.0233030528782336e-11,27.29080033302307
2.4197852610541304e-08,1.9597112127511807e-11,27.297564268112183
2.414804534112136e-08,2.0335261252668602e-11,27.304076433181763
2.4098333994970744e-08,1.9519106816967557e-11,27.31084394454956
2.4049167990369824e-08,2.0058907659881164e-11,27.317986011505127
2.3999351839165683e-08,1.975519921260105e-11,27.324588537216187
2.395051801329373e-08,1.9581258489664854e-11,27.33201766014099
2.390099496096809e-08,2.0026707722720083e-11,27.339583158493042
2.385206698818365e-08,1.9255963143449684e-11,27.346541166305542
2.380316743710864e-08,1.9985058746785356e-11,27.353448629379272
2.375400320886456e-08,1.9328681016839155e-11,27.360228538513184
2.370567031562132e-08,1.9560405378760137e-11,27.36781930923462
2.3656513192804596e-08,1.966949693399389e-11,27.374595642089844
2.360831352632431e-08,1.9111646293312745e-11,27.382333517074585
2.355965023070894e-08,1.9807013668105e-11,27.388720750808716
2.351122496691005e-08,1.896976846438303e-11,27.39555811882019
2.346320826518422e-08,1.95776086314714e-11,27.402970552444458
2.3414628458340303e-08,1.9187974126255725e-11,27.40935707092285
2.3367025647758055e-08,1.9080608620880568e-11,27.417184829711914
2.3318637687452792e-08,1.949581815430257e-11,27.4238018989563
2.3271006455161114e-08,1.8701980936119966e-11,27.430853366851807
2.3223192258114977e-08,1.9525950301080286e-11,27.4376380443573
2.317532477036366e-08,1.8698764758795505e-11,27.444138288497925
2.3128093218360846e-08,1.9195801198579332e-11,27.451606035232544
2.3080165334476987e-08,1.9027349140721128e-11,27.458049774169922
2.303318069607485e-08,1.870626917255258e-11,27.466185092926025
2.2985638281625143e-08,1.9244803667328725e-11,27.47254729270935
2.2938484889323263e-08,1.848089563327715e-11,27.47931432723999
2.2891562423410505e-08,1.911732230852614e-11,27.486495971679688
2.284421540821313e-08,1.8637808310573156e-11,27.492960214614868
2.27977494660081e-08,1.868529289628107e-11,27.501043796539307
2.2750542783001038e-08,1.8922020200706768e-11,27.507568359375
2.270409638072124e-08,1.831460677559349e-11,27.515171766281128
2.265741905205232e-08,1.8984253405407436e-11,27.523149728775024
2.2610750605167595e-08,1.8259952577759364e-11,27.530538320541382
2.256468256689459e-08,1.8660222672606253e-11,27.53769040107727
2.2517923525811057e-08,1.8504238072369894e-11,27.544533729553223
2.2472104177495567e-08,1.8223943187845038e-11,27.5520498752594
2.2425661327929447e-08,1.8768936058122243e-11,27.55853819847107
2.2379730069133075e-08,1.7966702778315913e-11,27.566397666931152
2.233389473360603e-08,1.8685483715863427e-11,27.572872161865234
2.2287762746486806e-08,1.8047695282685794e-11,27.579750776290894
2.2242417685447435e-08,1.82620151639723e-11,27.587007522583008
2.219631767275132e-08,1.8388689876358555e-11,27.593608140945435
2.2151072087694956e-08,1.785383819952191e-11,27.600996732711792
2.2105458796772837e-08,1.851378252093472e-11,27.60752820968628
2.2060007154323102e-08,1.7749033145997295e-11,27.6151385307312
2.2014988942942182e-08,1.8293734582730536e-11,27.621744394302368
2.1969398744658974e-08,1.799335506980082e-11,27.62838912010193
2.192471981743438e-08,1.7848399841424722e-11,27.63610339164734
2.1879380085465527e-08,1.824049071508238e-11,27.642778635025024
2.1834624774896838e-08,1.7546068764584533e-11,27.65102982521057
2.1789846371689237e-08,1.820894997284217e-11,27.657592058181763
2.1744881451013498e-08,1.7588921638611588e-11,27.665882349014282
2.1700611085861965e-08,1.7872000754315387e-11,27.672812461853027
2.1655674586895657e-08,1.781578704007636e-11,27.6799373626709
2.1611556988432312e-08,1.7435844434920966e-11,27.68694043159485
2.156698464261808e-08,1.8023381398446503e-11,27.693445205688477
2.1522732041034942e-08,1.7239456390205632e-11,27.7012357711792
2.1478731682122998e-08,1.788222694920627e-11,27.707921266555786
2.143432453749483e-08,1.739536292788557e-11,27.71568012237549
2.139070076623284e-08,1.749830835784394e-11,27.722190618515015
2.1346439282865504e-08,1.7698993312609268e-11,27.72931957244873
2.1302875907736052e-08,1.708776349584884e-11,27.736295461654663
2.125907982986064e-08,1.7792831444318757e-11,27.743043899536133
2.121530329191046e-08,1.703949654985326e-11,27.75041103363037
2.117205610829842e-08,1.7511022146199373e-11,27.7568998336792
2.1128206739717825e-08,1.732417508060191e-11,27.76349425315857
2.1085231338702215e-08,1.7035031371626097e-11,27.770229816436768
2.1041692832568515e-08,1.7530985343960914e-11,27.776798725128174
2.0998541572225804e-08,1.684280492852963e-11,27.78419303894043
2.0955599921990142e-08,1.7427321738483492e-11,27.79096269607544
2.091227280232033e-08,1.6979655528825965e-11,27.79906725883484
2.086974681958509e-08,1.7043770908498068e-11,27.805763959884644
2.0826551150321393e-08,1.720231943003192e-11,27.812777996063232
2.078403227301351e-08,1.6718662912418303e-11,27.820062160491943
2.0741305561955414e-08,1.7289529183339702e-11,27.82664155960083
2.069864279974354e-08,1.660558669736023e-11,27.83425807952881
2.0656424126741513e-08,1.7063645635362334e-11,27.840822458267212
2.0613638795907718e-08,1.6862350057933462e-11,27.849114179611206
2.0571716774497872e-08,1.6651312273463503e-11,27.85549020767212
2.0529206778974185e-08,1.709033782548719e-11,27.86205768585205
2.048719238700869e-08,1.6395971386140573e-11,27.869335412979126
2.0445241943889414e-08,1.699362005280758e-11,27.875746726989746
2.0402994849177958e-08,1.6505959793411407e-11,27.883642196655273
2.0361502706123247e-08,1.6655675103005585e-11,27.890084266662598
2.0319351534681118e-08,1.6719519865815435e-11,27.89705753326416
2.0277928669543144e-08,1.6284631629281954e-11,27.903998613357544
2.0236155862107807e-08,1.6882224784797728e-11,27.910863876342773
2.0194585559352163e-08,1.617064641912247e-11,27.91820788383484
2.01533616461802e-08,1.6693318602434282e-11,27.924588203430176
2.0111674103873156e-08,1.631967998239059e-11,27.932525396347046
2.0070768158575447e-08,1.6280104001009654e-11,27.939159870147705
2.002926713373654e-08,1.6565828570014318e-11,27.94602131843567
1.99883327667294e-08,1.5971373529266586e-11,27.952910661697388
1.9947300700096093e-08,1.6614083372945565e-11,27.959654569625854
1.9906179815620817e-08,1.5999462171789602e-11,27.96757936477661
1.98656522343299e-08,1.63081978477031e-11,27.974189519882202
1.982451180992939e-08,1.625072125477356e-11,27.981813192367554
1.978417429882029e-08,1.5877367129379927e-11,27.98831009864807
1.9743344736866675e-08,1.6448203910002235e-11,27.99485206604004
1.970287399899462e-08,1.5672400877075887e-11,28.001631021499634
1.9662579120449664e-08,1.632385719652074e-11,28.008040189743042
1.9621948510462062e-08,1.580488864783014e-11,28.0156352519989
1.9582042654064935e-08,1.5920202656172222e-11,28.022002696990967
1.9541495532848785e-08,1.6118911760898413e-11,28.028526782989502
1.9501628756302125e-08,1.5581737289327435e-11,28.03529191017151
1.946157190957365e-08,1.6141634903710234e-11,28.041754484176636
1.9421475982994707e-08,1.5571519768053932e-11,28.049476146697998
1.9381914739824424e-08,1.5900092006915223e-11,28.05613136291504
1.9341785062465533e-08,1.5787246510079456e-11,28.062795400619507
1.9302451192970693e-08,1.549364976594081e-11,28.069432497024536
1.9262577310996676e-08,1.60003434113154e-11,28.075864553451538
1.9223127978307275e-08,1.5298649500006256e-11,28.08332061767578
1.9183790556098756e-08,1.589226319986814e-11,28.089943170547485
1.9144161811368576e-08,1.5412815121407242e-11,28.09654688835144
1.910525782022887e-08,1.5511997936146216e-11,28.103233337402344
1.906568947163123e-08,1.5661066193883855e-11,28.109720706939697
1.902682811305567e-08,1.5168087272310338e-11,28.117607593536377
1.8987662997460575e-08,1.5779084636124985e-11,28.124236822128296
1.8948652424910506e-08,1.506371936910167e-11,28.132164001464844
1.8909979360159923e-08,1.5589429053219916e-11,28.13864779472351
1.8870869311626848e-08,1.5242257109249202e-11,28.145267248153687
1.8832469805829533e-08,1.5223718119461438e-11,28.152175426483154
1.8793574696474025e-08,1.5446487838799428e-11,28.158817291259766
1.8755127229042046e-08,1.4968722442110227e-11,28.166204929351807
1.871670285424898e-08,1.5429693980828496e-11,28.172789573669434
1.8678097291058293e-08,1.498486057460724e-11,28.179416179656982
1.8640061938413055e-08,1.520532311172218e-11,28.18612241744995
1.8601490126002318e-08,1.5205088924052923e-11,28.19264554977417
1.8563596881904232e-08,1.486421576102348e-11,28.20036506652832
1.8525353695508784e-08,1.5334476743955605e-11,28.206764936447144
1.848733255371826e-08,1.4716800694758447e-11,28.21345353126526
1.844959740537888e-08,1.5156993715681466e-11,28.221982955932617
1.8411412838759134e-08,1.4899980554927694e-11,28.228482961654663
1.8373993881937167e-08,1.481715271312023e-11,28.235624313354492
1.8335995832785557e-08,1.51059095787609e-11,28.242182970046997
1.829857332324991e-08,1.4510642687426412e-11,28.250396966934204
1.8261008705167114e-08,1.5108615747383425e-11,28.257163763046265
1.8223362374669705e-08,1.455715929743473e-11,28.264207124710083
1.818629513650194e-08,1.4799704864398855e-11,28.271134853363037
1.814862393700878e-08,1.4769284753524126e-11,28.27786898612976
1.8111702360101845e-08,1.4455125464662988e-11,28.285161018371582
1.8074345575769257e-08,1.4908543150005116e-11,28.291831970214844
1.8037301430240404e-08,1.42926946319899e-11,28.299495697021484
1.8000433144038652e-08,1.4800062217434906e-11,28.305891275405884
1.7963230902751093e-08,1.4421519534124627e-11,28.31281614303589
1.792668946620779e-08,1.4513643759039851e-11,28.31958508491516
1.7889629333467383e-08,1.461165216598559e-11,28.326080083847046
1.7853139411272423e-08,1.4200743012060535e-11,28.333767414093018
1.7816438102613574e-08,1.4699309477950173e-11,28.340375185012817
1.7779775873805193e-08,1.4172229362285904e-11,28.3475022315979
1.774356483963402e-08,1.4475905717181714e-11,28.35410213470459
1.7706838661979418e-08,1.4353135867339883e-11,28.360711574554443
1.7670826579774257e-08,1.4142357424029584e-11,28.36774969100952
1.7634350868434012e-08,1.451910727062744e-11,28.3742835521698
1.759825352110056e-08,1.3948709375044555e-11,28.381845951080322
1.7562216569899647e-08,1.4495110840784253e-11,28.388330459594727
1.7525991324873758e-08,1.3989753799847904e-11,28.394848108291626
1.7490338066750155e-08,1.41872963030365e-11,28.401763916015625
1.7454137690720017e-08,1.4230229841705189e-11,28.40829110145569
1.741855903958367e-08,1.3885254057655061e-11,28.41571569442749
1.738271926399193e-08,1.4343757952228753e-11,28.422125577926636
1.7347016267876825e-08,1.3786877889332416e-11,28.428740739822388
1.731164012142017e-08,1.415804973259327e-11,28.435575008392334
1.727583232025154e-08,1.3924364265782696e-11,28.442178964614868
1.7240706640109238e-08,1.3832078711584206e-11,28.449508666992188
1.7205081803695066e-08,1.4115678244330798e-11,28.45588731765747
1.7169901056490744e-08,1.3627927779313875e-11,28.462499141693115
1.7134711427502225e-08,1.4112593905990511e-11,28.469123125076294
1.7099413440746503e-08,1.3608787707841685e-11,28.475522756576538
1.7064602175764776e-08,1.3863159752103282e-11,28.483232021331787
1.7029291754511178e-08,1.3818553940003753e-11,28.48962140083313
1.69946314798608e-08,1.3529916770282924e-11,28.49629497528076
1.6959614157485703e-08,1.3965674970639608e-11,28.502951860427856
1.6924829537856567e-08,1.3397758596989107e-11,28.509442567825317
1.6890259857405e-08,1.3849667940268873e-11,28.517334938049316
1.6855354445510784e-08,1.3533224020589874e-11,28.523701429367065
1.6821086745721914e-08,1.3542558567614105e-11,28.530477046966553
1.6786289691594902e-08,1.3770575825466924e-11,28.537042140960693
1.675205751894282e-08,1.3236515182535324e-11,28.54348111152649
1.671763705246576e-08,1.3831715287015989e-11,28.550996780395508
1.668325033676865e-08,1.3197770133699382e-11,28.5575270652771
1.6649266854074085e-08,1.3575770715923419e-11,28.56421661376953
1.6614782438750808e-08,1.3456146787105272e-11,28.57082176208496
1.6581035211515882e-08,1.318414561551906e-11,28.577271938323975
1.654680659157748e-08,1.361730173066178e-11,28.58419156074524
1.651292258486592e-08,1.3015556514506255e-11,28.590871572494507
1.6479138054137366e-08,1.3552077862688527e-11,28.598472833633423
1.6445131478803887e-08,1.3090353453981685e-11,28.60492753982544
1.6411673797733783e-08,1.3281863456282572e-11,28.611475706100464
1.6377729394889684e-08,1.332694458261452e-11,28.618281841278076
1.6344374742516266e-08,1.2940256505222791e-11,28.62473440170288
1.6310750083903258e-08,1.3418490277250505e-11,28.632673263549805
1.6277237335771133e-08,1.2855994914462432e-11,28.639092683792114
1.6244031897372224e-08,1.3275197781326131e-11,28.64572501182556
1.62104605294644e-08,1.3000424521625309e-11,28.65240740776062
1.6177498451952488e-08,1.2938557343578072e-11,28.65897035598755
1.614408517980337e-08,1.3204539892064382e-11,28.666237354278564
1.611108402244099e-08,1.2709130622901021e-11,28.672808408737183
1.6078082865078613e-08,1.3182036191772273e-11,28.67941188812256
1.6044932493741726e-08,1.2751206340810839e-11,28.686119556427002
1.6012293713174586e-08,1.293516075501211e-11,28.692789793014526
1.597916821083345e-08,1.2955302629291676e-11,28.700504302978516
1.5946609366324083e-08,1.2676545577128273e-11,28.707056522369385
1.5913810713641396e-08,1.303813480790783e-11,28.713690757751465
1.5881143511364826e-08,1.2554584975787986e-11,28.720405101776123
1.584873032811629e-08,1.2926121110978794e-11,28.726885318756104
1.5815976084354588e-08,1.2679407003501897e-11,28.734373807907104
1.5783820472847765e-08,1.2634921754683948e-11,28.741095542907715
1.5751217219417413e-08,1.2859820847088699e-11,28.748541116714478
1.5719043844342195e-08,1.2407793542612566e-11,28.75524926185608
1.5686815402204957e-08,1.287464405919092e-11,28.762455463409424
1.5654482155014193e-08,1.2453611926421804e-11,28.769200801849365
1.562265339316582e-08,1.2620949424446692e-11,28.775625944137573
1.5590318369618217e-08,1.2630188561679745e-11,28.78333854675293
1.5558571320184456e-08,1.2374607415155392e-11,28.789979696273804
1.5526552488154266e-08,1.2705639491905618e-11,28.796680688858032
1.5494707739094338e-08,1.2240641659999607e-11,28.803366661071777
1.546303707300467e-08,1.2654478159790372e-11,28.809821605682373
1.5431128375098524e-08,1.2301198254460743e-11,28.81759023666382
1.5399752584244197e-08,1.2370810972828217e-11,28.824265718460083
1.5367913164254787e-08,1.250164295002465e-11,28.8318452835083
1.533656934782357e-08,1.2106531055433578e-11,28.838382482528687
1.5305078093774682e-08,1.2544599907460263e-11,28.844886541366577
1.527359749786683e-08,1.2065513518844106e-11,28.85176420211792
1.5242488160538414e-08,1.2360602992533831e-11,28.85832905769348
1.521096137935274e-08,1.2241847292815411e-11,28.865794897079468
1.518000836142619e-08,1.2106670700673394e-11,28.87224268913269
1.514872671748435e-08,1.235934011384332e-11,28.878976821899414
1.5117711527068423e-08,1.1932179203033577e-11,28.885779857635498
1.5086790483564982e-08,1.2314568635651835e-11,28.892322301864624
1.5055661606311332e-08,1.1985465571406895e-11,28.90007495880127
1.502504787254111e-08,1.2072887828340484e-11,28.907674551010132
1.4993979391419998e-08,1.2165229761051943e-11,28.916287899017334
1.4963426053782314e-08,1.1822812694128881e-11,28.922817707061768
1.493266310603758e-08,1.2236675214771786e-11,28.930222988128662
1.4901987199777977e-08,1.1745527293827163e-11,28.93743348121643
1.4871586628828481e-08,1.2119315967451527e-11,28.94429636001587
1.4840868090004733e-08,1.1861972341875582e-11,28.951276779174805
1.48106957809091e-08,1.1821106593590258e-11,28.958730459213257
1.4780114909740405e-08,1.2045867775478669e-11,28.96636462211609
1.4749908849864823e-08,1.1611645672759963e-11,28.973356246948242
1.4719701013632402e-08,1.2034779423020225e-11,28.980292797088623
1.4689362615172286e-08,1.1642665130595642e-11,28.987194299697876
1.4659480740419895e-08,1.181315462117638e-11,28.995002269744873
1.4629145006495037e-08,1.18532371418123e-11,29.0019953250885
1.4599393693970342e-08,1.1522557213927698e-11,29.008442401885986
1.4569332407177171e-08,1.1939721780707124e-11,29.01579451560974
1.4539437209748485e-08,1.1427054615043009e-11,29.02280855178833
1.450977471506576e-08,1.1802937099902877e-11,29.03049373626709
1.4479786258903005e-08,1.1555434560606148e-11,29.037420511245728
1.4450362684215179e-08,1.1523521720180341e-11,29.04414987564087
1.4420508342993799e-08,1.1723713146116754e-11,29.0517635345459
1.4391055458418123e-08,1.1345598072143304e-11,29.05914282798767
1.4361566158527239e-08,1.1708625388684446e-11,29.066957712173462
1.4331995146221743e-08,1.133177145867803e-11,29.07376742362976
1.4302823814205112e-08,1.1530906438017574e-11,29.080546617507935
1.4273248361007518e-08,1.148212427914963e-11,29.087462902069092
1.424421380846752e-08,1.1260103960353263e-11,29.094144821166992
1.4214858623518012e-08,1.1605968790184829e-11,29.101311206817627
1.418572193045975e-08,1.1159202034649596e-11,29.108460664749146
1.4156764649442266e-08,1.1492586396433246e-11,29.116426467895508
1.4127528480400997e-08,1.1236037274209298e-11,29.123176097869873
1.409881722480577e-08,1.125401681567606e-11,29.13013219833374
1.406967431449857e-08,1.1401809184297118e-11,29.136893272399902
1.4040994145148034e-08,1.1025953587651127e-11,29.14364218711853
1.401215854457405e-08,1.1444175468389162e-11,29.151004791259766
1.3983350477531076e-08,1.0993869009601198e-11,29.157982110977173
1.3954867483789712e-08,1.1281536468898956e-11,29.16574740409851
1.3926014119647334e-08,1.1143215690456731e-11,29.172221660614014
1.3897684780772579e-08,1.1044025936823854e-11,29.17876648902893
1.3869016157741498e-08,1.1290969895161318e-11,29.185362815856934
1.3840682377974645e-08,1.0831417360246398e-11,29.192469358444214
1.3812343269137273e-08,1.1254081867806409e-11,29.19998288154602
1.3783868269001687e-08,1.0875126320308848e-11,29.206514596939087
1.3755845351681728e-08,1.101828177307862e-11,29.213143825531006
1.3727395220541894e-08,1.1053446352660146e-11,29.219802379608154
1.369944691020919e-08,1.0767384379939404e-11,29.226749420166016
1.3671269449844203e-08,1.1137699269803125e-11,29.234192371368408
1.3643215446279555e-08,1.0685993756531786e-11,29.24075484275818
1.3615387040033511e-08,1.1020070272982352e-11,29.24754524230957
1.3587255764946349e-08,1.0805771208377557e-11,29.254743099212646
1.3559643186056292e-08,1.0763489058374098e-11,29.2615749835968
1.3531644249553665e-08,1.0962693426652681e-11,29.268743991851807
1.3504017459808892e-08,1.0558351068445937e-11,29.27553653717041
1.3476337379358938e-08,1.0970643664343083e-11,29.2839298248291
1.3448588909170667e-08,1.0573206372932464e-11,29.29044246673584
1.3421232125665483e-08,1.077008100758281e-11,29.29853892326355
1.3393480102763533e-08,1.0738548071598242e-11,29.305360317230225
1.3366229900668714e-08,1.0520725783613738e-11,29.311871767044067
1.3338707915977466e-08,1.0844198802817395e-11,29.319727182388306
1.3311373336932775e-08,1.0409448476800254e-11,29.326199054718018
1.328419596546837e-08,1.0758233713603627e-11,29.33458375930786
1.3256765463154352e-08,1.0507516731705913e-11,29.34146809577942
1.3229829676220106e-08,1.051830150755606e-11,29.34963893890381
1.3202492432640156e-08,1.067588118602858e-11,29.35633611679077
1.3175567303846947e-08,1.0304611330891333e-11,29.36345863342285
1.3148529376394436e-08,1.0698745708803692e-11,29.370590686798096
1.3121489672585085e-08,1.0277764750377116e-11,29.377769708633423
1.3094776818434184e-08,1.0527302987672904e-11,29.385101079940796
1.3067701587488045e-08,1.0429083811824835e-11,29.392110109329224
1.3041137059133234e-08,1.0276824530253137e-11,29.400110244750977
1.3014251898368911e-08,1.0556809766637532e-11,29.4071102142334
1.2987623421167882e-08,1.0135118438947543e-11,29.414175033569336
1.2961071327310947e-08,1.0505311898167946e-11,29.420936822891235
1.2934337156877973e-08,1.0197120925425907e-11,29.42768096923828
1.2908038193870652e-08,1.0303617334339599e-11,29.434589385986328
1.2881370636819156e-08,1.034490635515306e-11,29.441535472869873
1.2855129405409116e-08,1.0072776814029627e-11,29.449475288391113
1.2828701656530939e-08,1.0428363034220567e-11,29.456173419952393
1.2802376048171027e-08,9.989961982648232e-12,29.46310043334961
1.2776264490810263e-08,1.0319578525042061e-11,29.470081329345703
1.274988115085307e-08,1.0102879470508253e-11,29.476603031158447
1.2723979203599356e-08,1.0046172227440309e-11,29.484389781951904
1.2697691786911491e-08,1.0289716127764859e-11,29.49090337753296
1.2671776516981481e-08,9.851429567941938e-12,29.498548984527588
1.2645821279022584e-08,1.0266154246152404e-11,29.505160570144653
1.261976922961594e-08,9.890282169633391e-12,29.51168465614319
1.2594109755070804e-08,1.0058522591227526e-11,29.519134759902954
1.2568069251983616e-08,1.0049546264601084e-11,29.525619983673096
1.2542498595280449e-08,9.817257250188671e-12,29.533249139785767
1.2516687242225544e-08,1.0143347967117577e-11,29.539842128753662
1.2491030432215666e-08,9.728945947473644e-12,29.546398639678955
1.2465541487927112e-08,1.0049155951818989e-11,29.5529465675354
1.2439798524610524e-08,9.827858145350366e-12,29.559359550476074
1.2414540506711091e-08,9.795733668660489e-12,29.566665649414062
1.2388882808522794e-08,9.997397874828007e-12,29.57317042350769
1.2363609691590227e-08,9.614511443933882e-12,29.579694509506226
1.2338264632205664e-08,9.999230610180376e-12,29.586230754852295
1.2312884933862733e-08,9.603850700812266e-12,29.59274125099182
1.2287822315215635e-08,9.835723381590444e-12,29.59996223449707
1.2262420412412212e-08,9.758496961886909e-12,29.606525182724
1.2237491020528068e-08,9.59208233675124e-12,29.61526107788086
1.2212276523371202e-08,9.869467222645145e-12,29.621821403503418
1.2187280518105581e-08,9.465040730349816e-12,29.62835955619812
1.2162380436109288e-08,9.808428375057687e-12,29.63577699661255
1.2137295613001697e-08,9.520394889106498e-12,29.642699718475342
1.2112619351967169e-08,9.607726940419337e-12,29.650729417800903
1.2087599365884216e-08,9.677112410011457e-12,29.65745759010315
1.2062967513770673e-08,9.399562725387334e-12,29.664226055145264
1.2038198882180495e-08,9.730136835139902e-12,29.670881271362305
1.2013466665905526e-08,9.360816809189654e-12,29.677557945251465
1.1989011561297502e-08,9.578451747038752e-12,29.684539794921875
1.1964223389782092e-08,9.500304189169473e-12,29.691359758377075
1.193991039372122e-08,9.357442772028879e-12,29.699100017547607
1.1915290087927133e-08,9.61065341892331e-12,29.706157207489014
1.1890932682945277e-08,9.215675965401626e-12,29.71297788619995
1.1866617910527566e-08,9.558742686266442e-12,29.719783067703247
1.1842145930529568e-08,9.282402103905074e-12,29.726863145828247
1.1818083400783053e-08,9.369443589035686e-12,29.73429274559021
1.179365760606288e-08,9.420825231032381e-12,29.740862131118774
1.1769648367021546e-08,9.155605960875501e-12,29.74756097793579
1.1745453498690495e-08,9.480831918151633e-12,29.754189014434814
1.1721364323591388e-08,9.076905893579124e-12,29.76088237762451
1.169745367235464e-08,9.39163070229343e-12,29.767725944519043
1.1673301436587735e-08,9.18882504807872e-12,29.774609804153442
1.1649587960960162e-08,9.166430635365597e-12,29.781884908676147
1.16255414184252e-08,9.328063495239736e-12,29.788564682006836
1.1601824390083948e-08,8.977004035959357e-12,29.7951021194458
1.1578040748361218e-08,9.349646924727839e-12,29.801806449890137
1.1554226020393799e-08,8.97296299762207e-12,29.808480262756348
1.1530712384910657e-08,9.192525213252978e-12,29.81620764732361
1.1506886110623782e-08,9.12808890973782e-12,29.822845458984375
1.1483485273799943e-08,8.967708520213336e-12,29.829655408859253
1.1459843740624365e-08,9.231095922379584e-12,29.83625364303589
1.1436385172203245e-08,8.844374017880074e-12,29.84277319908142
1.1413023415229873e-08,9.178195529979671e-12,29.850430727005005
1.1389477805323622e-08,8.929200261131864e-12,29.857452630996704
1.1366339869312014e-08,8.966217525385733e-12,29.864214181900024
1.1342861760965661e-08,9.080000640260266e-12,29.870774745941162
1.1319746029414546e-08,8.770772302879593e-12,29.87724804878235
1.1296516611025709e-08,9.11287625221524e-12,29.88429617881775
1.1273309397097364e-08,8.727649679352023e-12,29.89111304283142
1.1250346432234437e-08,8.983048679911398e-12,29.89853072166443
1.1227105467526144e-08,8.862297180833867e-12,29.90502381324768
1.1204288163924048e-08,8.760598149692989e-12,29.911576509475708
1.118120795950972e-08,8.96004017508778e-12,29.91865062713623
1.1158330259775084e-08,8.645629351322626e-12,29.92531681060791
1.1135523614314025e-08,8.930623601743903e-12,29.93289542198181
1.1112580189376331e-08,8.670198239912885e-12,29.939526319503784
1.1089991147628098e-08,8.751669527962136e-12,29.94618034362793
1.1067084138005612e-08,8.807003737398844e-12,29.9532253742218
1.1044535952464685e-08,8.574018231510827e-12,29.959848403930664
1.1021851875625543e-08,8.867110171117965e-12,29.967139720916748
1.0999240629416818e-08,8.497921116790152e-12,29.973746299743652
1.097681501249781e-08,8.772538251378137e-12,29.980881690979004
1.0954159357368098e-08,8.59285559373646e-12,29.98750066757202
1.0931888283494118e-08,8.575636728513913e-12,29.994144678115845
1.0909356085164745e-08,8.708703896909142e-12,30.00106120109558
1.0887062806830272e-08,8.431828152355436e-12,30.00802993774414
1.0864782851172095e-08,8.713484794808934e-12,30.01526951789856
1.0842413189493527e-08,8.444724954037586e-12,30.021848440170288
1.0820365048402891e-08,8.562485789842533e-12,30.028404474258423
1.0798014038471138e-08,8.566588410863218e-12,30.0351140499115
1.0776044057081435e-08,8.367460370417579e-12,30.0418860912323
1.0753881340974658e-08,8.638893420065408e-12,30.049512147903442
1.073183941713296e-08,8.290195786797572e-12,30.055940866470337
1.070995025997945e-08,8.557494990402148e-12,30.062791109085083
1.0687847940005213e-08,8.367491595440146e-12,30.069350004196167
1.0666135530357224e-08,8.36590779290658e-12,30.076147079467773
1.0644120251868117e-08,8.494358862132234e-12,30.083762884140015
1.0622422941253262e-08,8.186435904167233e-12,30.090415239334106
1.0600636812796438e-08,8.521531570659935e-12,30.097113370895386
1.0578852460696453e-08,8.172301377284974e-12,30.10365867614746
1.0557315910375564e-08,8.393764849845553e-12,30.110231161117554
1.0535508465636667e-08,8.30174384097715e-12,30.117624282836914
1.0514092707580858e-08,8.18812292274762e-12,30.124237537384033
1.0492448687671185e-08,8.387378465368744e-12,30.132152557373047
1.0470966316233898e-08,8.088280045726037e-12,30.138736248016357
1.0449583420779618e-08,8.343498635043911e-12,30.14542508125305
1.0428039765031372e-08,8.140984414373165e-12,30.152259826660156
1.0406849604294166e-08,8.176815995131204e-12,30.15891718864441
1.038536279196478e-08,8.25818580185711e-12,30.16628098487854
1.0364207270185943e-08,8.01016631496454e-12,30.172857761383057
1.0342944278818322e-08,8.277495008868208e-12,30.179452657699585
1.0321689281056479e-08,7.993446182741337e-12,30.18610453605652
1.0300691855036348e-08,8.154242038538317e-12,30.19254732131958
1.0279401330137716e-08,8.10422388919374e-12,30.200040340423584
1.0258529137274763e-08,7.961230633068972e-12,30.20673131942749
1.0237371839139087e-08,8.213470702178594e-12,30.213409423828125
1.021645346099831e-08,7.854987493782772e-12,30.220056533813477
1.0195574162707999e-08,8.151979959125644e-12,30.226566314697266
1.0174565190368412e-08,7.894805469088606e-12,30.23431658744812
1.0153890173114632e-08,7.987170820566991e-12,30.240907430648804
1.0132916727911834e-08,8.015425129181963e-12,30.247557163238525
1.011228523140062e-08,7.82944542532249e-12,30.25405788421631
1.0091508961806994e-08,8.080555322087513e-12,30.260515451431274
1.0070815292806401e-08,7.765887759247914e-12,30.2676203250885
1.005029481859765e-08,7.981848688942694e-12,30.27422022819519
1.0029550523427133e-08,7.839874582860062e-12,30.280892372131348
1.0009173934122373e-08,7.80684718260094e-12,30.28748846054077
9.988519344972246e-09,7.969330924340046e-12,30.29406237602234
9.968141867489066e-09,7.664951139074727e-12,30.30214524269104
9.94772619833384e-09,7.971486318258947e-12,30.308870792388916
9.927261679365529e-09,7.677192215282957e-12,30.316638708114624
9.907084930205201e-09,7.808549813692611e-12,30.323217153549194
9.886604424025336e-09,7.812171048948713e-12,30.329893350601196
9.86650938727962e-09,7.62702314499597e-12,30.33679485321045
9.846203852248436e-09,7.88128590167858e-12,30.343353986740112
9.826043978478083e-09,7.550219130458835e-12,30.35095977783203
9.806004008794389e-09,7.793302461700513e-12,30.357550144195557
9.7857704162152e-09,7.612714278404376e-12,30.364235401153564
9.76589831225283e-09,7.619525670132798e-12,30.370988368988037
9.74572778034144e-09,7.748774712157402e-12,30.377684593200684
9.725873439947463e-09,7.470585781932382e-12,30.384499073028564
9.705935610782035e-09,7.748268172902417e-12,30.390964031219482
9.68598889983241e-09,7.454599437739517e-12,30.397573947906494
9.666269562558227e-09,7.64639653677568e-12,30.4042866230011
9.646309528932306e-09,7.560898955538686e-12,30.410856008529663
9.626717201172141e-09,7.447588552811357e-12,30.41765069961548
9.606874407097621e-09,7.666096056568872e-12,30.424235820770264
9.587250993092766e-09,7.324758855009605e-12,30.43089485168457
9.567642678121047e-09,7.641902735611161e-12,30.43742847442627
9.547943768950518e-09,7.35712098881569e-12,30.444103717803955
9.528545064085847e-09,7.469894494627205e-12,30.4516658782959
9.508864806662132e-09,7.49332280253201e-12,30.45808219909668
9.489513175253705e-09,7.292430548311302e-12,30.465799808502197
9.470021211654966e-09,7.55183415801497e-12,30.472610235214233
9.450595861437705e-09,7.244813689938345e-12,30.479817152023315
9.431345482369125e-09,7.459688249056295e-12,30.487048149108887
9.411876611409298e-09,7.334731780272996e-12,30.493515491485596
9.392750577319475e-09,7.300448440217266e-12,30.501081228256226
9.373388287770013e-09,7.44929465334998e-12,30.50766348838806
9.35426403003703e-09,7.158203717272382e-12,30.515764713287354
9.335107797880937e-09,7.458538127391723e-12,30.52245569229126
9.315912485874378e-09,7.162012302663889e-12,30.52901291847229
9.296973857431112e-09,7.310237484792204e-12,30.535786867141724
9.277771439997196e-09,7.285347672358888e-12,30.54223132133484
9.258894984043309e-09,7.147881245228582e-12,30.549452781677246
9.239871090471752e-09,7.344355158755977e-12,30.555901765823364
9.220928021136388e-09,7.090026048900411e-12,30.56240963935852
9.202136830310792e-09,7.269955470956546e-12,30.568909645080566
9.18315556930338e-09,7.1435205840908456e-12,30.575642108917236
9.164488723456543e-09,7.133688171429009e-12,30.58277201652527
9.14560160936162e-09,7.227923121133628e-12,30.5892333984375
9.126937428050041e-09,7.020121463308104e-12,30.59578514099121
9.10825370681323e-09,7.231361343063014e-12,30.60226798057556
9.089519359406495e-09,7.021861824635378e-12,30.6088445186615
9.071041695563054e-09,7.112083925259194e-12,30.616238594055176
9.052311789048417e-09,7.10390600511257e-12,30.622843027114868
9.033906067656972e-09,6.959239608195222e-12,30.630411386489868
9.01531027608371e-09,7.186851374435532e-12,30.637736320495605
8.996866363020217e-09,6.884572772980491e-12,30.644325494766235
8.978511267798694e-09,7.11587559709681e-12,30.651087045669556
8.959998076818465e-09,6.939590829063702e-12,30.657588243484497
8.941803741890908e-09,6.962049426545436e-12,30.66421866416931
8.923348282507959e-09,7.0438186533516856e-12,30.670713663101196
8.905169046613537e-09,6.822482682966591e-12,30.67722749710083
8.886894775628207e-09,7.090510470431077e-12,30.684322357177734
8.868663137207022e-09,6.780792941030178e-12,30.69086790084839
8.850607358112939e-09,6.98427080059183e-12,30.69758152961731
8.832333087127608e-09,6.881832777250185e-12,30.704177379608154
8.814398100298604e-09,6.80877142861247e-12,30.710770845413208
8.796226858009959e-09,7.000928049089028e-12,30.71799349784851
8.778270554898882e-09,6.690891764249418e-12,30.726305723190308
8.76032490992884e-09,6.9646831704628376e-12,30.734195709228516
8.742280677154213e-09,6.73266390555094e-12,30.74091672897339
8.724512667868112e-09,6.828988763363242e-12,30.748520851135254
8.706500409516593e-09,6.851839408350546e-12,30.75497317314148
8.68879812543355e-09,6.654704565178804e-12,30.761513471603394
8.670945739197577e-09,6.897938817362892e-12,30.76816463470459
8.653170624484119e-09,6.605858221542249e-12,30.774986505508423
8.63554205920991e-09,6.8142778746060895e-12,30.782413959503174
8.617718982861788e-09,6.690177925539054e-12,30.788891792297363
8.60021120985266e-09,6.6658883274284264e-12,30.795409202575684
8.582492050379642e-09,6.774299437378728e-12,30.801925659179688
8.564976283764736e-09,6.547866849421213e-12,30.809044122695923
8.547448970830374e-09,6.776696391541659e-12,30.816556930541992
8.52986659083399e-09,6.552404886034369e-12,30.822943210601807
8.512529348081443e-09,6.655212405476396e-12,30.829579830169678
8.494955849869257e-09,6.651085064646178e-12,30.836095094680786
8.477682555962929e-09,6.501323351199018e-12,30.842950582504272
8.460241396335277e-09,6.733923314794499e-12,30.850343942642212
8.442932575292161e-09,6.420209416185818e-12,30.856739282608032
8.425711683912596e-09,6.665268163785765e-12,30.863323211669922
8.408334473131163e-09,6.4933249749321575e-12,30.869770765304565
8.391264572082946e-09,6.5042467939369075e-12,30.87662982940674
8.373950421969312e-09,6.599633166348706e-12,30.883697032928467
8.356873415493737e-09,6.38868081700994e-12,30.890355825424194
8.339764434595054e-09,6.600628463943048e-12,30.896880388259888
8.32262703198694e-09,6.375884195608528e-12,30.903281688690186
8.305686804988e-09,6.522379424750424e-12,30.910292387008667
8.288560060520922e-09,6.441664476136699e-12,30.917787790298462
8.27171131589921e-09,6.366439927324441e-12,30.92458748817444
8.254685823771979e-09,6.528351643997343e-12,30.93197774887085
8.237810433797677e-09,6.27465050404008e-12,30.938525915145874
8.220989222706976e-09,6.495856803845346e-12,30.945099592208862
8.204043666637517e-09,6.337443157061751e-12,30.95162796974182
8.187394762160238e-09,6.346675355400899e-12,30.95851755142212
8.170482956870728e-09,6.449712292022625e-12,30.96581220626831
8.15386425045972e-09,6.20098764003707e-12,30.972254991531372
8.137120310891532e-09,6.485343512219188e-12,30.97914958000183
8.120435879277466e-09,6.168954236329682e-12,30.986982583999634
8.103905102530007e-09,6.373866278525098e-12,30.993741750717163
8.087174485638116e-09,6.265985560277576e-12,31.001350164413452
8.070760060263638e-09,6.209670798396072e-12,31.008450031280518
8.054113820321618e-09,6.377861346690272e-12,31.015950679779053
8.037685184092425e-09,6.090650119666696e-12,31.022966146469116
8.021247666079034e-09,6.348353266683038e-12,31.02999782562256
8.004736429256809e-09,6.120635248629824e-12,31.03723168373108
7.988476546927359e-09,6.214594810982632e-12,31.044251441955566
7.971983073673528e-09,6.223131818888783e-12,31.051703453063965
7.95577559387084e-09,6.064701692232166e-12,31.05851912498474
7.939427781877839e-09,6.2790449922855984e-12,31.066235065460205
7.923160794121031e-09,6.017456932044807e-12,31.072877883911133
7.907017263164562e-09,6.20864124001308e-12,31.0801522731781
7.890707642843608e-09,6.0869638322802455e-12,31.08725357055664
7.874686680509058e-09,6.062225808151078e-12,31.094046592712402
7.858451667175359e-09,6.177100497772869e-12,31.10123634338379
7.84242537577029e-09,5.953819902371205e-12,31.10846209526062
7.826361780871594e-09,6.198248077987634e-12,31.116217851638794
7.810276869690824e-09,5.962865184255817e-12,31.123255968093872
7.794410450401301e-09,6.0693060820182776e-12,31.130244493484497
7.778315769257915e-09,6.050969187515465e-12,31.136945962905884
7.762500864316735e-09,5.940607814697296e-12,31.144088745117188
7.746537633579464e-09,6.118322428555478e-12,31.151552200317383
7.730701412356211e-09,5.854659639037418e-12,31.158687353134155
7.71492025819498e-09,6.073917410698293e-12,31.1666476726532
7.699023640839187e-09,5.904051553207168e-12,31.173439979553223
7.683392588830884e-09,5.9343814584611465e-12,31.180476665496826
7.667540380396076e-09,6.0009436655961146e-12,31.187774181365967
7.651915545636712e-09,5.829262853668249e-12,31.19498562812805
7.636241861064264e-09,6.008298459453387e-12,31.201974153518677
7.620562847421297e-09,5.798906060200393e-12,31.209186553955078
7.605056140391753e-09,5.929332545784316e-12,31.217087268829346
7.589355810466714e-09,5.891096638288573e-12,31.224374294281006
7.573953908490694e-09,5.7791783511507155e-12,31.231873035430908
7.5583548309055e-09,5.953216652282434e-12,31.238590478897095
7.542913849079014e-09,5.7022173441390045e-12,31.245866775512695
7.527505729854056e-09,5.921793003876852e-12,31.25294518470764
7.512007904608708e-09,5.736869312933379e-12,31.26001763343811
7.496752552071939e-09,5.800218812190838e-12,31.267611026763916
7.481281372179183e-09,5.831200106110046e-12,31.27450466156006
7.466062434957621e-09,5.669184739709454e-12,31.282855987548828
7.450736916325695e-09,5.872054145011907e-12,31.289561986923218
7.435451809811866e-09,5.65573369387673e-12,31.296574354171753
7.420324799056743e-09,5.785222127741019e-12,31.30429244041443
7.4050148235471625e-09,5.715027843328224e-12,31.31127142906189
7.389979295169269e-09,5.659443400030106e-12,31.31831669807434
7.37475325252035e-09,5.787061368306423e-12,31.325517654418945
7.35970573373379e-09,5.565585319000643e-12,31.33338475227356
7.344642227735676e-09,5.7975755272943186e-12,31.340009689331055
7.3295534086526e-09,5.564357134779652e-12,31.34757113456726
7.314653771572921e-09,5.686624348494318e-12,31.354377508163452
7.299558291151698e-09,5.658352692644586e-12,31.361451148986816
7.284724379275076e-09,5.5478824659283e-12,31.368508338928223
7.2697479147620925e-09,5.720864754144017e-12,31.375667333602905
7.254874034856584e-09,5.484477889200479e-12,31.383326292037964
7.240074317849121e-09,5.681255813017039e-12,31.390681743621826
7.2251573612902575e-09,5.533072264252148e-12,31.398568391799927
7.2104873183320706e-09,5.550291129474694e-12,31.405466318130493
7.195618323407871e-09,5.624753701000129e-12,31.412906885147095
7.180961603125979e-09,5.435085975030729e-12,31.41979694366455
7.166245374889968e-09,5.642924062049248e-12,31.42678928375244
7.151531811189216e-09,5.424786054392117e-12,31.43426823616028
7.136978563693219e-09,5.572474339604616e-12,31.441033124923706
7.122265888170887e-09,5.488391425362282e-12,31.4485502243042
7.107797017624762e-09,5.430427375135993e-12,31.454967975616455
7.093168719052301e-09,5.565285645520168e-12,31.461880445480347
7.078666541815437e-09,5.3681781242431725e-12,31.468491315841675
7.064224760711113e-09,5.528856886205524e-12,31.475419521331787
7.0496661841445984e-09,5.413035471246719e-12,31.482768535614014
7.035362958873748e-09,5.4072228465595895e-12,31.489200830459595
7.020845682603749e-09,5.480605986402098e-12,31.49615740776062
7.006557112276823e-09,5.295224762141837e-12,31.503161668777466
6.992186829535285e-09,5.49828802279273e-12,31.51034927368164
6.977844080324758e-09,5.275185236547353e-12,31.51796579360962
6.963632337431136e-09,5.441869177502667e-12,31.525013208389282
6.949282482793251e-09,5.326870888833213e-12,31.532493352890015
6.935168883615006e-09,5.306417631689708e-12,31.539546251296997
6.92088208964492e-09,5.407235856985659e-12,31.546658754348755
6.906764049574576e-09,5.208748363183524e-12,31.55367112159729
6.892637571809246e-09,5.40533416637512e-12,31.560795783996582
6.878464908766091e-09,5.222508623475841e-12,31.56797456741333
6.8644894213321095e-09,5.302323250605534e-12,31.575220823287964
6.850326528251571e-09,5.302836295073554e-12,31.582852840423584
6.836401666987513e-09,5.182585263718842e-12,31.589592218399048
6.822358233904424e-09,5.3508261189938455e-12,31.59660005569458
6.80839029598701e-09,5.13323758499773e-12,31.60376763343811
6.794513840446825e-09,5.300742917518919e-12,31.61081337928772
6.7805094872142035e-09,5.1873323345108524e-12,31.61776900291443
6.7667431657980615e-09,5.180205656790671e-12,31.62478232383728
6.75279787643035e-09,5.259633006904352e-12,31.63268256187439
6.739032443192627e-09,5.0833660197868724e-12,31.63921046257019
6.725237700067055e-09,5.267017724741585e-12,31.646769523620605
6.711423861105459e-09,5.079517969436287e-12,31.6536066532135
6.697779220132816e-09,5.184540297076268e-12,31.65998101234436
6.683960940279121e-09,5.153262365442668e-12,31.667219877243042
6.670384244955585e-09,5.060117255761831e-12,31.673471689224243
6.656664996995687e-09,5.212871800885921e-12,31.679848670959473
6.643055439070622e-09,4.999751914563921e-12,31.6865553855896
6.629501392296788e-09,5.177272239392794e-12,31.692866802215576
6.6158434286478496e-09,5.0469359594296215e-12,31.70120882987976
6.6024239409046e-09,5.048190164502753e-12,31.70788836479187
6.588804168927709e-09,5.1220256334916225e-12,31.715474605560303
6.575387345719719e-09,4.956183033422157e-12,31.721652269363403
6.561911014557609e-09,5.142211309538958e-12,31.72777247428894
6.548454667409942e-09,4.92998307108361e-12,31.734564065933228
6.535124441597873e-09,5.08019364423018e-12,31.740761518478394
6.521641449097615e-09,5.010335896171725e-12,31.748575925827026
6.508413807893021e-09,4.936583260228833e-12,31.754629611968994
6.49499920513108e-09,5.093963879182484e-12,31.76077699661255
6.481749359465994e-09,4.8549350303850325e-12,31.767667770385742
6.468503510603796e-09,5.066349249849278e-12,31.774278163909912
6.4551941569845894e-09,4.881828014752232e-12,31.782466173171997
6.442093081204803e-09,4.946948232997794e-12,31.78885006904602
6.428798382529521e-09,4.9674249089082245e-12,31.795469045639038
6.415723952102326e-09,4.840178171455767e-12,31.80223560333252
6.402555374762642e-09,5.009570015757081e-12,31.80997133255005
6.389444973109448e-09,4.798416438495101e-12,31.81834578514099
6.3764242774766444e-09,4.963998396362301e-12,31.82538104057312
6.363282789578761e-09,4.85472035835488e-12,31.832848072052002
6.350365122642643e-09,4.843699226431131e-12,31.839558124542236
6.337284474966509e-09,4.926480664385613e-12,31.846110582351685
6.324362367138292e-09,4.754607298151914e-12,31.852630853652954
6.31142471618773e-09,4.932313238392716e-12,31.859110832214355
6.298455534903269e-09,4.761333688430014e-12,31.86661148071289
6.2856573279646e-09,4.848819262770476e-12,31.87324547767639
6.272690367126188e-09,4.835826617616279e-12,31.880120277404785
6.259946339071121e-09,4.732587152028733e-12,31.886779308319092
6.247082851018604e-09,4.8823805241793305e-12,31.893269062042236
6.234301519469909e-09,4.685552727062836e-12,31.90075659751892
6.22159213037321e-09,4.841836567098801e-12,31.907209157943726
6.208780156669036e-09,4.718936179315403e-12,31.914243698120117
6.1961697994661336e-09,4.742473774799194e-12,31.920978307724
6.183400458326105e-09,4.794824259857222e-12,31.927409172058105
6.170809641048436e-09,4.645756002119583e-12,31.934257984161377
6.158171750314523e-09,4.805663679496863e-12,31.94094681739807
6.145527198242462e-09,4.6395192375425776e-12,31.94853162765503
6.13303408059096e-09,4.735552228130047e-12,31.954960584640503
6.120384199448381e-09,4.703354025692441e-12,31.961594820022583
6.107953698375468e-09,4.627230890119627e-12,31.968244552612305
6.095391746896439e-09,4.755655504812273e-12,31.97470450401306
6.082938153184614e-09,4.5659318340107724e-12,31.981934785842896
6.070520974787996e-09,4.731756653164609e-12,31.988911867141724
6.058025192601235e-09,4.5965935051295315e-12,31.995312213897705
6.045735023718635e-09,4.6210500703747215e-12,32.00193548202515
6.033258781457107e-09,4.6794686181517164e-12,32.00926661491394
6.020993037481048e-09,4.513934365180106e-12,32.0166974067688
6.008642028376698e-09,4.697532293707063e-12,32.02322864532471
5.996318996892569e-09,4.504348283251858e-12,32.02988147735596
5.9841207544764075e-09,4.6333197695203054e-12,32.036508083343506
5.971781291691514e-09,4.564531912165659e-12,32.04342985153198
5.959665205779174e-09,4.516494383349778e-12,32.05102014541626
5.9473879154836595e-09,4.636259258450348e-12,32.057806968688965
5.935255842359766e-09,4.44396039064876e-12,32.06520676612854
5.923123769235872e-09,4.623882006449254e-12,32.07178282737732
5.910945954923363e-09,4.457854224648727e-12,32.07861566543579
5.8989471085624245e-09,4.522851277527495e-12,32.08545422554016
5.8867768437664836e-09,4.530646257466797e-12,32.092132329940796
5.874813524542333e-09,4.416682731350763e-12,32.099618673324585
5.862746732532287e-09,4.5787197817948044e-12,32.10620880126953
5.850749662528187e-09,4.374188945083235e-12,32.11302590370178
5.838827199511343e-09,4.535023832158425e-12,32.119956254959106
5.826795934638085e-09,4.428889546770343e-12,32.126715421676636
5.8149702830689876e-09,4.42806295103404e-12,32.135087728500366
5.802994085257751e-09,4.490785347754933e-12,32.142173767089844
5.791164436885765e-09,4.348092198791509e-12,32.14948391914368
5.779315248588546e-09,4.501292134168056e-12,32.15622687339783
5.767447408544513e-09,4.346937306637377e-12,32.16305375099182
5.7557247856721006e-09,4.431610026861543e-12,32.16994309425354
5.743860498341746e-09,4.400498628681637e-12,32.176674604415894
5.732192054352936e-09,4.323042358117535e-12,32.18425178527832
5.7204108117048236e-09,4.451127834370627e-12,32.19111943244934
5.708709949203694e-09,4.281339605755052e-12,32.199095726013184
5.697076144173252e-09,4.4111745506336675e-12,32.20551586151123
5.685338866356915e-09,4.3209697972446115e-12,32.21203398704529
5.673805425487899e-09,4.3131952003061524e-12,32.21875786781311
5.662111224324917e-09,4.3804374190437034e-12,32.225786447525024
5.6505768952774815e-09,4.238341014956015e-12,32.23345589637756
5.639005706825628e-09,4.39444791319743e-12,32.240249156951904
5.627440735622713e-09,4.220053126391399e-12,32.24688911437988
5.615989895346729e-09,4.339432892880302e-12,32.25376749038696
5.6044195950732956e-09,4.267929759604883e-12,32.2607307434082
5.593038476803258e-09,4.232374867241262e-12,32.267664670944214
5.581526352216315e-09,4.339925988028348e-12,32.27450132369995
5.570134575805241e-09,4.166827039658871e-12,32.28183913230896
5.558759674784142e-09,4.3249293035785286e-12,32.28839302062988
5.547330150790231e-09,4.178842601815225e-12,32.29522633552551
5.536062275268705e-09,4.2415320387900746e-12,32.3022677898407
5.524649182575558e-09,4.25228342121331e-12,32.309120178222656
5.513420830993709e-09,4.132868092893149e-12,32.316752195358276
5.502102773391471e-09,4.294464089893424e-12,32.323583126068115
5.4908335656023155e-09,4.107336432773723e-12,32.33016014099121
5.479657172458019e-09,4.238195731864902e-12,32.33701777458191
5.468363095673112e-09,4.160495298971556e-12,32.34370470046997
5.457265750408169e-09,4.136093377515859e-12,32.35103964805603
5.4460329579342215e-09,4.211258945729934e-12,32.35708951950073
5.4349258427066616e-09,4.05922647925272e-12,32.36320900917053
5.423811177962534e-09,4.220080448286145e-12,32.36992144584656
5.412666759241347e-09,4.0718999352873375e-12,32.37616729736328
5.4016733308515086e-09,4.139034601169378e-12,32.38347005844116
5.390539126182148e-09,4.126371987156485e-12,32.39096546173096
5.379580336750678e-09,4.047085149644358e-12,32.39760613441467
5.368538946726176e-09,4.160516115653268e-12,32.404147148132324
5.357549959228436e-09,4.012118328539094e-12,32.410250663757324
5.3466395755208396e-09,4.119744909797385e-12,32.41799736022949
5.335626607205768e-09,4.044660873586681e-12,32.4245228767395
5.324789942307007e-09,4.0432592170180914e-12,32.432016134262085
5.313826267894228e-09,4.100607874091278e-12,32.43866801261902
5.303000705225713e-09,3.966033230995425e-12,32.44539165496826
5.292146720847768e-09,4.10866566463719e-12,32.452412128448486
5.281290516023773e-09,3.948803957432023e-12,32.45892596244812
5.2705533271080185e-09,4.043468684877816e-12,32.4663872718811
5.259682467340099e-09,4.017383647969552e-12,32.472919940948486
5.249004342289254e-09,3.9467665247094885e-12,32.47906541824341
5.238217415381996e-09,4.053085124466893e-12,32.48593473434448
5.227508648175672e-09,3.904485242067768e-12,32.49223828315735
5.2168518394069e-09,4.023120378504608e-12,32.49964952468872
5.206115094580355e-09,3.927778241541446e-12,32.506227016448975
5.195548435921182e-09,3.9405605514741815e-12,32.51299810409546
5.184836560090389e-09,3.996813730672288e-12,32.51999258995056
5.174292994070129e-09,3.855182232476162e-12,32.52660346031189
5.163688143738909e-09,4.009430374513068e-12,32.53413271903992
5.1530961719947754e-09,3.850976395408656e-12,32.54071640968323
5.142623660248091e-09,3.943285368374072e-12,32.547234296798706
5.132018365827662e-09,3.901899203045955e-12,32.55385637283325
5.121603585678258e-09,3.849359633129046e-12,32.56068205833435
5.111061351925628e-09,3.9599278717217246e-12,32.56763505935669
5.100638578170447e-09,3.783123120326692e-12,32.574392557144165
5.0902193571289445e-09,3.942154762348604e-12,32.5819046497345
5.07974728947147e-09,3.8143858731298774e-12,32.588342905044556
5.069443087535319e-09,3.850642461139531e-12,32.59523344039917
5.058988783446239e-09,3.874774633094713e-12,32.60187482833862
5.048705453702951e-09,3.764035090558782e-12,32.60861825942993
5.038349737418457e-09,3.901011024626255e-12,32.6161093711853
5.028031768716801e-09,3.741051305544696e-12,32.62262725830078
5.017796844697386e-09,3.855859208312662e-12,32.629857540130615
5.007458003802867e-09,3.786773412201017e-12,32.63640737533569
4.997292801789399e-09,3.772010915420454e-12,32.64329218864441
4.987010360224531e-09,3.834097969668271e-12,32.65096640586853
4.976838052783705e-09,3.711557970687007e-12,32.65790867805481
4.96666530125367e-09,3.837802471651219e-12,32.665321350097656
4.9564690129955125e-09,3.703671484084348e-12,32.67168068885803
4.9463926288240145e-09,3.780816805465381e-12,32.67853307723999
4.936200337368746e-09,3.760786820850015e-12,32.6852285861969
4.9261781320808495e-09,3.680861605098729e-12,32.69210863113403
4.916056894899157e-09,3.8026348563036105e-12,32.69949555397034
4.906000050652892e-09,3.650143989147869e-12,32.705960750579834
4.896004490717587e-09,3.770391984736499e-12,32.71290421485901
4.8859298829029285e-09,3.670664033145199e-12,32.71977639198303
4.876005821330409e-09,3.696601184877135e-12,32.72654914855957
4.865970737455427e-09,3.71911095670141e-12,32.73423719406128
4.856057334023944e-09,3.625959992328842e-12,32.74099278450012
4.846120837953549e-09,3.731163815412497e-12,32.74857449531555
4.836175460098957e-09,3.6193339991719142e-12,32.75523519515991
4.826349098152605e-09,3.6736108946500146e-12,32.76207613945007
4.816400611673544e-09,3.661133896049051e-12,32.76872515678406
4.806621767272645e-09,3.5921827578472287e-12,32.775521755218506
4.796742114621111e-09,3.6992735263918775e-12,32.7827672958374
4.7869455066518185e-09,3.546237739224245e-12,32.78993082046509
4.777179984927216e-09,3.678969889148176e-12,32.79670715332031
4.767347405731925e-09,3.5827456452974804e-12,32.803271532058716
4.757680471811909e-09,3.594257053443628e-12,32.81050658226013
4.7478669884526425e-09,3.647393151395839e-12,32.81763505935669
4.738213377208922e-09,3.5177661564939067e-12,32.824862241744995
4.728506031170809e-09,3.649698165214543e-12,32.83238244056702
4.718808899184523e-09,3.510776521928327e-12,32.838873624801636
4.7092183486086014e-09,3.5907693918951766e-12,32.845725297927856
4.699511002570489e-09,3.5531011726569472e-12,32.85257124900818
4.689975519056588e-09,3.5076433944902785e-12,32.859363079071045
4.680326792794176e-09,3.5996936768173393e-12,32.86665415763855
4.670780651139239e-09,3.4539550039514033e-12,32.87361407279968
4.6612367299303514e-09,3.5993590920269103e-12,32.880269289016724
4.651662610655194e-09,3.4631947917057593e-12,32.88692903518677
4.642212392269585e-09,3.535874718019194e-12,32.89367747306824
4.632645378421785e-09,3.524512712932415e-12,32.9011287689209
4.623237348511111e-09,3.440092178133569e-12,32.90800857543945
4.613740056669258e-09,3.5651607534215035e-12,32.915278673172
4.6043102663873015e-09,3.3998472440122107e-12,32.921799421310425
4.59492621729396e-09,3.534146066075383e-12,32.928566694259644
4.5854697816594125e-09,3.4317819853219023e-12,32.935452699661255
4.5761638922670045e-09,3.445802454135616e-12,32.9421808719635
4.566735878341888e-09,3.499238225568302e-12,32.94950294494629
4.557444643893405e-09,3.364788699403154e-12,32.9559485912323
4.548110332791566e-09,3.5150851413617845e-12,32.96274280548096
4.538786235741554e-09,3.356479373953225e-12,32.969757080078125
4.529560726496129e-09,3.4519262448462484e-12,32.97691631317139
4.520225083126661e-09,3.41272474689569e-12,32.984315395355225
4.511050200051159e-09,3.3624769635309804e-12,32.99127197265625
4.501779393706329e-09,3.4590351416508014e-12,32.99858522415161
4.492582750259544e-09,3.3195429911814234e-12,33.005327224731445
4.4834229662171765e-09,3.437509825399143e-12,33.01212501525879
4.474194348347282e-09,3.3548389760662545e-12,33.01885461807251
4.4651220498792554e-09,3.356104673682414e-12,33.025726318359375
4.455920965540372e-09,3.406778765341345e-12,33.03338265419006
4.446855772499703e-09,3.286411290673308e-12,33.04029703140259
4.4377488350733074e-09,3.416082304183443e-12,33.04692840576172
4.428645450360591e-09,3.288329461156869e-12,33.05355525016785
4.419649535236658e-09,3.3590708339859e-12,33.060627460479736
4.4105350482936956e-09,3.3418437288268432e-12,33.06760835647583
4.401591091607315e-09,3.274129882144261e-12,33.07436203956604
4.392537444886102e-09,3.37569924270531e-12,33.082844972610474
4.383572171917649e-09,3.2299315132211515e-12,33.08924436569214
4.374622442071541e-09,3.367035599985413e-12,33.09574317932129
4.3656340764641755e-09,3.2428560704789167e-12,33.10260987281799
4.356773164460037e-09,3.2922768244264544e-12,33.10927128791809
4.347794124726079e-09,3.3008960148572797e-12,33.11697268486023
4.338953196736384e-09,3.2238482716717698e-12,33.12338733673096
4.330057201684667e-09,3.3280277405428604e-12,33.13025617599487
4.32119318105606e-09,3.2005552721980912e-12,33.13689374923706
4.31239710607656e-09,3.292223915360437e-12,33.14335894584656
4.3035215391284964e-09,3.224624777267704e-12,33.15099000930786
4.294782751657067e-09,3.2239985420928763e-12,33.15768313407898
4.285945376381051e-09,3.2721288786147218e-12,33.16509652137756
4.277218135229077e-09,3.153232883135182e-12,33.17157340049744
4.268469577795031e-09,3.2761725190372237e-12,33.17815136909485
4.259709029952319e-09,3.153532556615657e-12,33.18496084213257
4.25105772805523e-09,3.2157442941133096e-12,33.19136714935303
4.242294959766468e-09,3.2068171902654985e-12,33.19959759712219
4.233682293630636e-09,3.1364175579612352e-12,33.20626139640808
4.224983474188093e-09,3.249513288658412e-12,33.21309185028076
4.216355709019126e-09,3.0942741858358547e-12,33.21998333930969
4.207760806451688e-09,3.2178324674975167e-12,33.22707462310791
4.199101510948822e-09,3.126932957356332e-12,33.23432374000549
4.190583435814688e-09,3.1422481804044278e-12,33.24102544784546
4.181946344772314e-09,3.192235755247741e-12,33.24856972694397
4.1734464772957836e-09,3.0676372900217963e-12,33.25534009933472
4.16489820409538e-09,3.1999856323766673e-12,33.26238775253296
4.156358368589963e-09,3.0635819402158315e-12,33.26923966407776
4.147913568175454e-09,3.145072743904187e-12,33.275681495666504
4.139359521815322e-09,3.1225902939746586e-12,33.282925844192505
4.130967568016786e-09,3.060511696503787e-12,33.289918661117554
4.122473029610774e-09,3.15801985256714e-12,33.296504497528076
4.114058427262535e-09,3.020768964828724e-12,33.303181886672974
4.105666473463998e-09,3.1396974863734384e-12,33.30978727340698
4.097223449406329e-09,3.04270259161854e-12,33.31740951538086
4.088910543487145e-09,3.0714558500732903e-12,33.32383942604065
4.08048617117629e-09,3.0924421010047887e-12,33.33089756965637
4.07219147291471e-09,3.0031506795258345e-12,33.33772397041321
4.063844816215578e-09,3.11365560071164e-12,33.34420585632324
4.055523472601408e-09,2.9869327497489273e-12,33.351057291030884
4.047274071439233e-09,3.0748257672658097e-12,33.35760974884033
4.0389380728811375e-09,3.0264150560621594e-12,33.36531043052673
4.030738853799676e-09,3.0097497844688847e-12,33.371763467788696
4.022453925500713e-09,3.062138650283819e-12,33.3783745765686
4.014252041883992e-09,2.9578019720977178e-12,33.38535761833191
4.00605326689174e-09,3.0603278158153335e-12,33.39208388328552
3.9978247379224285e-09,2.9656440064113054e-12,33.40000247955322
3.989709007612419e-09,3.0044057519607037e-12,33.40675473213196
3.9814902486057235e-09,3.0106351439629364e-12,33.413594484329224
3.973395390488577e-09,2.9475228681408172e-12,33.42026925086975
3.965251682558346e-09,3.0277340964252053e-12,33.42673993110657
3.957139504962015e-09,2.9186306149675545e-12,33.43422889709473
3.949081506249286e-09,3.0036179706621757e-12,33.440600633621216
3.940949344638511e-09,2.955352325709204e-12,33.447585344314575
3.932961067931728e-09,2.931505949446689e-12,33.454460859298706
3.924863545279322e-09,2.9934420827520958e-12,33.461161375045776
3.916870383591231e-09,2.878277043788513e-12,33.46811008453369
3.908860790602375e-09,2.9932679598831946e-12,33.47477698326111
3.900839207204854e-09,2.881798966125615e-12,33.48241996765137
3.892917987968758e-09,2.940313574215092e-12,33.48885726928711
3.8848959604820266e-09,2.9261356792459337e-12,33.495413303375244
3.877009380204299e-09,2.8698796811221783e-12,33.50214648246765
3.8690473047608975e-09,2.9569909888726986e-12,33.50857877731323
3.861143405003986e-09,2.8370498224988827e-12,33.51672911643982
3.853274144205443e-09,2.936652006638174e-12,33.52343726158142
3.845348484077249e-09,2.8594420668076603e-12,33.53024125099182
3.837546724838603e-09,2.8740534258053785e-12,33.53716731071472
3.829645489616951e-09,2.9043245673016083e-12,33.544246196746826
3.821854832608551e-09,2.8133740996583168e-12,33.551026344299316
3.814029980730993e-09,2.9169999749001363e-12,33.55762457847595
3.806213122459212e-09,2.8045686432942585e-12,33.56427049636841
3.798476200245204e-09,2.876830934930852e-12,33.57099509239197
3.790652680635276e-09,2.8417873523117754e-12,33.577457427978516
3.782961055520673e-09,2.807844018057337e-12,33.58460760116577
3.775183721188569e-09,2.8808312072664544e-12,33.591450929641724
3.767482326111349e-09,2.764134841154453e-12,33.59905982017517
3.759794697799634e-09,2.8679120710195516e-12,33.60572814941406
3.752067545548243e-09,2.7779579851727743e-12,33.612666606903076
3.744453636045364e-09,2.808981996657578e-12,33.61969327926636
3.736741138737898e-09,2.8227656757168207e-12,33.62637543678284
3.729147213249462e-09,2.7462971133318526e-12,33.634101152420044
3.721502883635708e-09,2.8427427512661696e-12,33.64101696014404
3.7138854214191497e-09,2.728735423382367e-12,33.648646116256714
3.7063296876027607e-09,2.8100308538392405e-12,33.65529179573059
3.698699568843722e-09,2.7604264360436837e-12,33.662107944488525
3.6911949052864657e-09,2.744437272925171e-12,33.66920185089111
3.683603200244079e-09,2.799063932024115e-12,33.67599368095398
3.676096982374588e-09,2.697266889006844e-12,33.68380856513977
3.668586101568394e-09,2.7984517914775298e-12,33.69041109085083
3.6610550147031518e-09,2.7015737737168255e-12,33.69699740409851
3.6536222935978913e-09,2.7485659147979957e-12,33.70372152328491
3.6460960917139573e-09,2.743901243371094e-12,33.71060562133789
3.6386913482289174e-09,2.6834645616702346e-12,33.71780872344971
3.631225320432918e-09,2.7712296433307637e-12,33.72455072402954
3.6238023692902743e-09,2.6570314958646035e-12,33.731971740722656
3.6164176098196776e-09,2.755643152899112e-12,33.738452434539795
3.6089831123575777e-09,2.6764812154772555e-12,33.74513220787048
3.601660303331755e-09,2.690204612895708e-12,33.752114057540894
3.5942464560179133e-09,2.721889554024859e-12,33.758525133132935
3.5869325287762877e-09,2.632566040161599e-12,33.76581311225891
3.5795928443604907e-09,2.7303174911924577e-12,33.77328968048096
3.5722549363015332e-09,2.6258023533287655e-12,33.779884338378906
3.564996298166534e-09,2.687169931014921e-12,33.7863552570343
3.557653949215478e-09,2.665421269115731e-12,33.79276490211487
3.5504341688863406e-09,2.6226768153059243e-12,33.80034875869751
3.543140447703763e-09,2.697284669922473e-12,33.80676484107971
3.5359073446983302e-09,2.587880647622609e-12,33.81338667869568
3.5286980004656243e-09,2.6816105759552844e-12,33.8199257850647
3.5214435811781186e-09,2.606250285031031e-12,33.82641935348511
3.514299073970051e-09,2.6247240058480115e-12,33.833770990371704
3.507063084384754e-09,2.6466710767447665e-12,33.840203046798706
3.4999325659867964e-09,2.5692015789141598e-12,33.84683895111084
3.4927643000060016e-09,2.6608654515869468e-12,33.85334873199463
3.4856117991921565e-09,2.5563030425085342e-12,33.8599328994751
3.4785241354029495e-09,2.627196637322582e-12,33.86723470687866
3.4713618646264877e-09,2.5880649619919316e-12,33.87380576133728
3.4643190538474755e-09,2.565000512336213e-12,33.88092279434204
3.4571965290552953e-09,2.6240880128536315e-12,33.88769793510437
3.4501490553395797e-09,2.5229805224180613e-12,33.8943932056427
3.443110685452666e-09,2.6087530573259965e-12,33.90157175064087
3.436032125492261e-09,2.5404804128437153e-12,33.908101081848145
3.429059924897615e-09,2.563861232693365e-12,33.915568351745605
3.4219997946394187e-09,2.574718433248635e-12,33.922118186950684
3.4150455796577717e-09,2.509673892314712e-12,33.92868113517761
3.408046289621325e-09,2.5919390331946568e-12,33.9352707862854
3.401073200848259e-09,2.491918347016786e-12,33.94186544418335
3.394151848468141e-09,2.566258620537165e-12,33.94956970214844
3.387167657464829e-09,2.517840103077873e-12,33.95600152015686
3.380296931254634e-09,2.5086660179751696e-12,33.96253228187561
3.3733431603621966e-09,2.553991957157664e-12,33.96918964385986
3.366473322330421e-09,2.4624913653320535e-12,33.975956201553345
3.3595981552281273e-09,2.5462162760170326e-12,33.98329997062683
3.3526958986840327e-09,2.47704959842332e-12,33.98994588851929
3.3458940063013642e-09,2.502103342225115e-12,33.99658489227295
3.339002185853701e-09,2.507539965598826e-12,34.00310683250427
3.3322249404221793e-09,2.442421915757609e-12,34.00958204269409
3.3253857445458834e-09,2.5287922797434526e-12,34.01706552505493
3.3185885150999184e-09,2.4243684317026837e-12,34.0234694480896
3.311833918218099e-09,2.5018524578424017e-12,34.03003787994385
3.3050178149807152e-09,2.451077318540995e-12,34.0365686416626
3.2983151765364482e-09,2.449139632418329e-12,34.04308891296387
3.2915277170531e-09,2.485312303179832e-12,34.05041003227234
3.2848297415455363e-09,2.402907517060071e-12,34.05682396888733
3.278109783622085e-09,2.4929223182285076e-12,34.06339406967163
3.2713911579662636e-09,2.397856219138461e-12,34.06993770599365
3.264743586584018e-09,2.455873395271202e-12,34.07639265060425
3.258020742080703e-09,2.431675954345236e-12,34.083678007125854
3.2514109182812945e-09,2.394651751197463e-12,34.09007811546326
3.244730706342125e-09,2.460911682766742e-12,34.09663724899292
3.23811066849089e-09,2.361321858532217e-12,34.103113889694214
3.2315068398958147e-09,2.448947728633799e-12,34.109562397003174
3.2248661518963218e-09,2.3757942228114226e-12,34.11665344238281
3.2183264941920697e-09,2.39245190498949e-12,34.12304639816284
3.2116960202444034e-09,2.418741422427484e-12,34.12960481643677
3.2051703513502616e-09,2.3425330685639123e-12,34.136289834976196
3.1986038262488137e-09,2.431420299472964e-12,34.143431663513184
3.192056841072599e-09,2.3294521693528747e-12,34.15112018585205
3.185564922958406e-09,2.4006397997961004e-12,34.15794348716736
3.17900750168576e-09,2.3582960671092446e-12,34.16584801673889
3.172562879072416e-09,2.337235223068279e-12,34.17231893539429
3.1660356558660396e-09,2.3956173416522786e-12,34.17902898788452
3.1595885907620413e-09,2.2936810870760604e-12,34.185580253601074
3.153132421829241e-09,2.3963201215004837e-12,34.19202709197998
3.146660931818701e-09,2.3041646715626918e-12,34.19953393936157
3.1402762612486868e-09,2.3465829973590147e-12,34.20598220825195
3.133806991684196e-09,2.3442740804124895e-12,34.212560176849365
3.127445191708489e-09,2.2895981985349145e-12,34.2191596031189
3.121029434893785e-09,2.365513817811915e-12,34.22559857368469
3.1146509815727086e-09,2.2675502968361183e-12,34.23285412788391
3.1083093876560497e-09,2.3450002790276203e-12,34.23928117752075
3.1019156132572334e-09,2.290873437130192e-12,34.24592089653015
3.0956273100457565e-09,2.28607085518695e-12,34.252460956573486
3.089254629884408e-09,2.330852091197988e-12,34.25890564918518
3.0829689912081903e-09,2.2424629427669762e-12,34.26623225212097
3.076664034651344e-09,2.3336226614295574e-12,34.27258610725403
3.070359078094498e-09,2.236154404006152e-12,34.279215812683105
3.0641198467407094e-09,2.297784792298918e-12,34.28590178489685
3.0578142240500483e-09,2.267076934167611e-12,34.29232883453369
3.0516060789409494e-09,2.244148877145191e-12,34.2997772693634
3.0453406463237798e-09,2.2975716381518074e-12,34.30631446838379
3.0391253957873232e-09,2.211920750727625e-12,34.313693046569824
3.0329296851761e-09,2.2874965810437686e-12,34.32056760787964
3.0266973372050643e-09,2.2266691528799454e-12,34.32727098464966
3.0205571377450724e-09,2.2413028464424167e-12,34.334352254867554
3.0143429974316405e-09,2.25628283417878e-12,34.34103798866272
3.0082141222464998e-09,2.1918382907271106e-12,34.349036693573
3.002055271039694e-09,2.26900703087507e-12,34.35541868209839
2.9959057457062954e-09,2.187422335278577e-12,34.36200499534607
2.98982083535293e-09,2.234821702695733e-12,34.36922550201416
2.983662872324544e-09,2.2192313091362603e-12,34.37652778625488
2.9776126009295467e-09,2.1828452673872123e-12,34.38421583175659
2.971492163439393e-09,2.2473752459700735e-12,34.390607833862305
2.965436118884668e-09,2.1479320058692686e-12,34.397170543670654
2.9593831829544115e-09,2.241054347304483e-12,34.403937101364136
2.9533053780284035e-09,2.1617484278341204e-12,34.410951137542725
2.9473143925429213e-09,2.193777061051949e-12,34.41811728477478
2.9412479118917645e-09,2.1926156636847827e-12,34.424819469451904
2.9352706931717876e-09,2.146260166119296e-12,34.432616233825684
2.9292552827797635e-09,2.2135132268785718e-12,34.43929576873779
2.92326785000796e-09,2.121447765721096e-12,34.44579553604126
2.9173183868635988e-09,2.19109040806853e-12,34.454286336898804
2.9113147448356358e-09,2.1515794788179443e-12,34.46099829673767
2.905411466969099e-09,2.140245229306781e-12,34.46871018409729
2.8994391332304303e-09,2.1784483938969146e-12,34.47564959526062
2.893531414471795e-09,2.105536448318568e-12,34.48409867286682
2.8876216973117153e-09,2.1806582147648745e-12,34.490580797195435
2.8817004338321794e-09,2.102722510000099e-12,34.497193336486816
2.8758468939571458e-09,2.147225106052808e-12,34.50510382652283
2.869928739102079e-09,2.134475539025682e-12,34.51167297363281
2.864102288668846e-09,2.09711241427879e-12,34.51927828788757
2.858225878199505e-09,2.158375908556387e-12,34.52570629119873
2.8523878814468162e-09,2.0738747091159082e-12,34.53419494628906
2.8465809709388168e-09,2.1365415946855704e-12,34.540672063827515
2.8407256547069437e-09,2.0947976426405335e-12,34.54935598373413
2.8349651515213736e-09,2.0936206327620832e-12,34.55602955818176
2.829132261794598e-09,2.1243963619493877e-12,34.56277918815613
2.82337997425941e-09,2.0476608689895537e-12,34.570279121398926
2.8176010413716313e-09,2.1330710635314443e-12,34.576988697052
2.811829435955815e-09,2.0435974960875125e-12,34.584311962127686
2.8061195589401677e-09,2.0954466460609833e-12,34.590871810913086
2.8003392937847593e-09,2.0786180936205323e-12,34.5985221862793
2.794660058924592e-09,2.0450756973294792e-12,34.60557770729065
2.78891976179807e-09,2.1019930587784508e-12,34.61232280731201
2.7832312010644955e-09,2.016413511857218e-12,34.61995029449463
2.777557961408661e-09,2.0871141186845632e-12,34.626378536224365
2.7718516371066926e-09,2.025643324951587e-12,34.63434457778931
2.766225914996312e-09,2.049856812069706e-12,34.641027212142944
2.7605346897274785e-09,2.0570429040689397e-12,34.64866232872009
2.7549253989178624e-09,2.0044070569991135e-12,34.65541410446167
2.749283911640532e-09,2.0676310056449987e-12,34.66192173957825
2.743659299753176e-09,1.9893325268333095e-12,34.668923139572144
2.73807976292062e-09,2.046111110404203e-12,34.67570996284485
2.732443826758413e-09,2.017596593267834e-12,34.68316149711609
2.7269033697763234e-09,1.9996545651962405e-12,34.69007873535156
2.721298075769596e-09,2.0457134250473352e-12,34.69686150550842
2.7157571746982967e-09,1.961223284469016e-12,34.70393228530884
2.710208502065825e-09,2.0464227101085752e-12,34.710819244384766
2.7046509476491565e-09,1.962757864223952e-12,34.71845507621765
2.6991617829708048e-09,2.004476662778587e-12,34.72522187232971
2.693602008108087e-09,2.0021430260225292e-12,34.73316693305969
2.6881357140240425e-09,1.9556370411955015e-12,34.74061417579651
2.682621902394544e-09,2.0213620274128763e-12,34.74758958816528
2.6771436179018337e-09,1.9313366010631494e-12,34.7542519569397
2.671692866940134e-09,2.0012307783146e-12,34.76074719429016
2.666199483414289e-09,1.95226365455603e-12,34.76760292053223
2.66079069888292e-09,1.959364311424072e-12,34.77419638633728
2.6553212961744066e-09,1.9793281597069168e-12,34.780930280685425
2.6499153982229018e-09,1.9241121283070095e-12,34.787622690200806
2.644500840531805e-09,1.983649789566444e-12,34.7944540977478
2.6390811758147947e-09,1.918469506520526e-12,34.80127000808716
2.6337185765612503e-09,1.960624371188935e-12,34.80822682380676
2.6283000220672648e-09,1.9446371596343326e-12,34.81629943847656
2.6229689531476197e-09,1.9104975847866745e-12,34.823874950408936
2.6175845935227926e-09,1.9666893981418188e-12,34.83054447174072
2.612242644417506e-09,1.886897539257748e-12,34.837507486343384
2.6069171266129842e-09,1.959653359723257e-12,34.84452986717224
2.6015647414112664e-09,1.896586186711513e-12,34.85134148597717
2.596284742750754e-09,1.9218903812151522e-12,34.85809659957886
2.5909463463591464e-09,1.9251616360099755e-12,34.86575102806091
2.5856770058396705e-09,1.8820238336519912e-12,34.87265872955322
2.5803843506366775e-09,1.940336346456517e-12,34.87952160835266
2.575104351976165e-09,1.8684945084224136e-12,34.88626170158386
2.569870760638082e-09,1.9134602756432084e-12,34.8929078578949
2.5645836565502123e-09,1.8905111850986422e-12,34.90044021606445
2.5593818175906335e-09,1.870072456264249e-12,34.90720248222351
2.5541222470337743e-09,1.918965420594221e-12,34.91525912284851
2.5489199639849858e-09,1.8372831468022044e-12,34.92237997055054
2.543718791159222e-09,1.9128028154458132e-12,34.929203748703
2.53849608000678e-09,1.847523870002199e-12,34.936442136764526
2.5333453113063342e-09,1.877735380378942e-12,34.943222761154175
2.5281317039826945e-09,1.8787402189524016e-12,34.95155930519104
2.5229980327168278e-09,1.834593674893137e-12,34.961028814315796
2.5178270579573336e-09,1.894643730099288e-12,34.96938180923462
2.5126827285504305e-09,1.8139481887044506e-12,34.97839713096619
2.5075674869867726e-09,1.8777919757323458e-12,34.98575043678284
2.5024140537510675e-09,1.829631932070974e-12,34.992292165756226
2.497336559770247e-09,1.836646503286521e-12,34.99978756904602
2.4922046648612195e-09,1.8564210498700495e-12,35.006410360336304
2.487129391326448e-09,1.8028676425016488e-12,35.013230323791504
2.4820483446319486e-09,1.8621402163299106e-12,35.02028441429138
2.476961302733116e-09,1.8002697856761563e-12,35.02693271636963
2.4719337687884035e-09,1.8310082183087273e-12,35.03432846069336
2.466846504844966e-09,1.82516241703512e-12,35.040858030319214
2.461838510825487e-09,1.7926478444035832e-12,35.0486102104187
2.456791214910936e-09,1.8410338357977007e-12,35.055294036865234
2.45177478319647e-09,1.77127561749868e-12,35.06208038330078
2.446780777987101e-09,1.830585813142327e-12,35.06884741783142
2.4417536881315982e-09,1.7830282606282055e-12,35.075841188430786
2.436799650951116e-09,1.7957148355091102e-12,35.08337473869324
2.431787882173353e-09,1.8131836093324138e-12,35.08974027633667
2.426847167669166e-09,1.752830519619053e-12,35.096418619155884
2.421878031455549e-09,1.8264860110472902e-12,35.10300850868225
2.416922662007437e-09,1.7431966243749986e-12,35.10944080352783
2.4120094810342607e-09,1.801241122402486e-12,35.11748766899109
2.4070465620695813e-09,1.771657798764481e-12,35.12420868873596
2.402169130277798e-09,1.7493876356203253e-12,35.13092374801636
2.3972299700858457e-09,1.8022739333919957e-12,35.13753318786621
2.392347431268149e-09,1.7182328693535198e-12,35.1504545211792
2.3874675569857118e-09,1.7915255867348434e-12,35.159183502197266
2.382565478242782e-09,1.7293180776256634e-12,35.168630599975586
2.3777333435504033e-09,1.7531971967937876e-12,35.17917847633362
2.3728403686362753e-09,1.7590276023965457e-12,35.18804597854614
2.3680188920849332e-09,1.7165947482911115e-12,35.19605040550232
2.3631718804040247e-09,1.7685177324325285e-12,35.20229768753052
2.3583388575332265e-09,1.7025980235049754e-12,35.20843815803528
2.353542472022241e-09,1.7521687226129679e-12,35.21532320976257
2.3487014555456653e-09,1.7262032732043298e-12,35.221368074417114
2.3439388208146283e-09,1.7145271747481816e-12,35.23832583427429
2.339124449690644e-09,1.7448466716613042e-12,35.24859118461609
2.3343602606473723e-09,1.683360590677696e-12,35.255047082901
2.3295920748012122e-09,1.7491998518040508e-12,35.261621713638306
2.324817671706114e-09,1.6816259756219365e-12,35.26808142662048
2.3200963372715933e-09,1.7217146762102398e-12,35.27456283569336
2.315325264845569e-09,1.7051887245961295e-12,35.28195023536682
2.310625246693121e-09,1.6790814615433303e-12,35.28801918029785
2.3058872589132307e-09,1.7239921512937628e-12,35.29548525810242
2.3011790251104003e-09,1.6589144337733619e-12,35.302555084228516
2.296491441455828e-09,1.7173368846781778e-12,35.30862903594971
2.2917752140472203e-09,1.669213378630019e-12,35.316179513931274
2.2871253779754852e-09,1.6825724841185163e-12,35.32218337059021
2.282425581867642e-09,1.6932815826570247e-12,35.328378677368164
2.2777832953124744e-09,1.6460255467670715e-12,35.3350670337677
2.2731234672335177e-09,1.706674732093738e-12,35.341572999954224
2.268468968225079e-09,1.6413266145515193e-12,35.3492534160614
2.263863985163539e-09,1.6767661478039875e-12,35.355684995651245
2.259204601173792e-09,1.664453514252373e-12,35.36222004890442
2.254622932795769e-09,1.6360634635254057e-12,35.36893630027771
2.2499928586938722e-09,1.68834553542635e-12,35.37563443183899
2.2454074155575654e-09,1.6102541392296055e-12,35.38292622566223
2.240829521937826e-09,1.6784539253258957e-12,35.38931179046631
2.23622742545615e-09,1.6229061280612078e-12,35.396127700805664
2.2316939407573955e-09,1.6402312450966572e-12,35.40276837348938
2.2270993937922867e-09,1.6564693410339726e-12,35.409284830093384
2.222578787680618e-09,1.5996450041314003e-12,35.417036294937134
2.2180279835026795e-09,1.664932840032829e-12,35.42469835281372
2.2134902799564316e-09,1.5926500569751756e-12,35.43420600891113
2.208992766483675e-09,1.640900306257298e-12,35.442891120910645
2.2044477354654646e-09,1.6159353586134295e-12,35.450504779815674
2.1999788657467434e-09,1.6010962087392722e-12,35.45734882354736
2.1954593698580993e-09,1.639849931192594e-12,35.46427583694458
2.1909871694703043e-09,1.574609041245234e-12,35.47104334831238
2.1865145249932993e-09,1.6404822378995876e-12,35.477461099624634
2.182031444419863e-09,1.5771414122595084e-12,35.48464918136597
2.1776047631760775e-09,1.60707439109814e-12,35.49211835861206
2.1731212385134313e-09,1.6093382052342897e-12,35.49923658370972
2.1687140971948793e-09,1.5639622843316436e-12,35.50667405128479
2.1642652114906014e-09,1.6274176017211373e-12,35.51386904716492
2.159844747495754e-09,1.551374263428218e-12,35.5203218460083
2.1554533713441515e-09,1.6041478041739499e-12,35.52676963806152
2.1510202508068232e-09,1.5691330613326615e-12,35.53410220146179
2.1466604049891203e-09,1.565415874184295e-12,35.540509939193726
2.1422470464216303e-09,1.593692300523586e-12,35.54704666137695
2.1378863124255076e-09,1.540203403184448e-12,35.553447246551514
2.133522025715706e-09,1.591059857648791e-12,35.55986547470093
2.1291490792663126e-09,1.538761305874825e-12,35.56701374053955
2.124826981031447e-09,1.5666074123718565e-12,35.57343792915344
2.1204533684482385e-09,1.5655176807682913e-12,35.58005499839783
2.116154806941495e-09,1.5263508772872525e-12,35.58733797073364
2.111812724692186e-09,1.5797751561769102e-12,35.59530067443848
2.107502616865986e-09,1.5098957240750055e-12,35.60270667076111
2.103211382831205e-09,1.566378212032593e-12,35.6091787815094
2.098889950730154e-09,1.5236537075427603e-12,35.61657476425171
2.0946353540551854e-09,1.5307990335403088e-12,35.62296152114868
2.090327022585825e-09,1.547847570601557e-12,35.6305205821991
2.0860786431597944e-09,1.4985355621319196e-12,35.63699960708618
2.0818096135855058e-09,1.5594414865330308e-12,35.64346098899841
2.0775519082860683e-09,1.4894870276407901e-12,35.650923013687134
2.0733301742126287e-09,1.535663306587165e-12,35.657543659210205
2.0690655855304385e-09,1.5114696603688027e-12,35.664408445358276
2.064870718854195e-09,1.498110012779219e-12,35.670817613601685
2.0606278905432873e-09,1.5384047117802946e-12,35.67727541923523
2.0564330238670436e-09,1.46929918318911e-12,35.684277296066284
2.0522381571908e-09,1.5319906801480876e-12,35.69086813926697
2.048025971035372e-09,1.4787856269377064e-12,35.69759202003479
2.04387085034341e-09,1.503353214485359e-12,35.704062938690186
2.0396688782398087e-09,1.500621675531999e-12,35.71089148521423
2.035527524313352e-09,1.4671657985743103e-12,35.718284606933594
2.031357304588255e-09,1.515041456005839e-12,35.72617220878601
2.0272064027437864e-09,1.4533069843045143e-12,35.73463153839111
2.0230810360288842e-09,1.504717682919432e-12,35.74144387245178
2.018926137381527e-09,1.4663354081304036e-12,35.748629570007324
2.014829636465265e-09,1.4726046987725838e-12,35.75502395629883
2.010692501386302e-09,1.4872227798237714e-12,35.761496782302856
2.0066006634067435e-09,1.4421701680089605e-12,35.768070459365845
2.0025021640890373e-09,1.4922907744588376e-12,35.77447462081909
1.9983987797900227e-09,1.440825540474644e-12,35.78189659118652
1.9943420248580424e-09,1.4683919228111741e-12,35.78829264640808
1.9902401948712622e-09,1.461839980662627e-12,35.794750928878784
1.986201425552281e-09,1.433690514397734e-12,35.80132460594177
1.9821300156763755e-09,1.476804139047272e-12,35.80808186531067
1.9780808102609626e-09,1.4226369648290271e-12,35.81575155258179
1.9740551415736718e-09,1.4669844115508535e-12,35.82217812538147
1.969999718909321e-09,1.433729328835509e-12,35.82871770858765
1.966007801001979e-09,1.430487781180212e-12,35.83595681190491
1.9619652569247137e-09,1.452793397735408e-12,35.84369397163391
1.9579755594634207e-09,1.4023519758626923e-12,35.8513662815094
1.953973205459647e-09,1.4556766165726986e-12,35.85813307762146
1.9499701853220586e-09,1.4039449941147253e-12,35.8653028011322
1.9460140165961093e-09,1.4307920083098113e-12,35.8716926574707
1.942010108280101e-09,1.4223156073051024e-12,35.87819957733154
1.9380701488103114e-09,1.403122193086026e-12,35.88592600822449
1.9340951062929435e-09,1.4340130645440485e-12,35.89293646812439
1.93015137206487e-09,1.3822395918822172e-12,35.90093183517456
1.9262171857548083e-09,1.429067042653387e-12,35.907774448394775
1.922264347697933e-09,1.3874822514872709e-12,35.91564750671387
1.918366354658474e-09,1.400963329720173e-12,35.92205476760864
1.914421066118166e-09,1.4091943757732484e-12,35.928613901138306
1.9105328430413238e-09,1.3709169433342994e-12,35.93530988693237
1.906622193459384e-09,1.4189682415177707e-12,35.94193363189697
1.9027235342861104e-09,1.3623096791273714e-12,35.94928503036499
1.898856183402131e-09,1.401688335712914e-12,35.955673933029175
1.894952417202944e-09,1.378560026549236e-12,35.96219277381897
1.891111045537741e-09,1.3690923394982235e-12,35.969449281692505
1.8872265972191826e-09,1.3980715456857196e-12,35.977598667144775
1.88338433737556e-09,1.346173172933618e-12,35.985183000564575
1.8795407452643076e-09,1.3972220732835772e-12,35.992072105407715
1.8756869391012287e-09,1.3493005541001524e-12,35.99959111213684
1.8718822047958383e-09,1.3712774405566508e-12,36.00603008270264
1.8680317293018334e-09,1.3707664560727584e-12,36.01261019706726
1.8642409838065532e-09,1.339418918659685e-12,36.019349575042725
1.8604210394457255e-09,1.3831343839351695e-12,36.02576422691345
1.856621079099341e-09,1.3267947938239155e-12,36.032978773117065
1.8528441003695661e-09,1.3702064656506696e-12,36.03936553001404
1.849036812551219e-09,1.3397811506055124e-12,36.04589486122131
1.8452885885977821e-09,1.3399717533474353e-12,36.05262994766235
1.8414962887902675e-09,1.3603545373497283e-12,36.05909776687622
1.8377513955059044e-09,1.3134177989995721e-12,36.06622910499573
1.8339966212366221e-09,1.3636386941504042e-12,36.07260179519653
1.8302400706105004e-09,1.3129713245449426e-12,36.07918930053711
1.8265249313031973e-09,1.3410055401189003e-12,36.08659315109253
1.822768491699378e-09,1.3308158828412298e-12,36.093745470047
1.8190710049381664e-09,1.3097960216423843e-12,36.101131439208984
1.815340433530821e-09,1.3461842317957773e-12,36.107712268829346
1.8116375066767887e-09,1.2931434352145277e-12,36.11431646347046
1.8079477914767494e-09,1.3386212711213874e-12,36.121007680892944
1.8042356497716128e-09,1.3014964540120078e-12,36.1279821395874
1.8005780200169852e-09,1.3102293772507267e-12,36.13494849205017
1.796876092363675e-09,1.3226149776085494e-12,36.141480445861816
1.7932250129248928e-09,1.2826439129559608e-12,36.14877772331238
1.789557502185346e-09,1.3292616790269718e-12,36.15522003173828
1.7858959866501323e-09,1.2776248158388737e-12,36.161736726760864
1.7822681108725646e-09,1.3118124208427728e-12,36.16854977607727
1.7786037087574869e-09,1.2942645002608777e-12,36.17515230178833
1.7749982594850167e-09,1.2803725094046037e-12,36.18261456489563
1.7713538413843821e-09,1.3119176968737212e-12,36.19071364402771
1.767745505532048e-09,1.2599060249945948e-12,36.19971442222595
1.7641409444379974e-09,1.3079693578221807e-12,36.20640826225281
1.7605222835115342e-09,1.264908533818443e-12,36.21298432350159
1.7569519172866421e-09,1.2823766571204431e-12,36.2195611000061
1.7533386964529996e-09,1.2849376510720711e-12,36.22603511810303
1.7497797655252612e-09,1.2531593601358693e-12,36.233449935913086
1.7461965207132835e-09,1.2950862170874045e-12,36.240026235580444
1.7426285969790456e-09,1.2436091652995307e-12,36.246551752090454
1.7390854312182569e-09,1.2820320976700272e-12,36.25324892997742
1.7355109571681737e-09,1.2577981191308485e-12,36.259724617004395
1.7319938816484637e-09,1.2515813038738166e-12,36.26707649230957
1.7284349507207253e-09,1.2768660911585683e-12,36.273497104644775
1.724917098044898e-09,1.2311262035866188e-12,36.280019998550415
1.7213974690122313e-09,1.274982398304092e-12,36.286620140075684
1.7178706235299046e-09,1.228883314552398e-12,36.293110847473145
1.7143845232325816e-09,1.2529710342185085e-12,36.30099892616272
1.7108577887725573e-09,1.2495473405982338e-12,36.308356046676636
1.7073878977313939e-09,1.2240658790393932e-12,36.316627502441406
1.7038890298692877e-09,1.2603881697006991e-12,36.32303738594055
1.7004100349993223e-09,1.2128338697930952e-12,36.32960891723633
1.6969513572107076e-09,1.2486807378017661e-12,36.33670210838318
1.693463924645755e-09,1.2256266964869034e-12,36.34333944320679
1.6900322252766387e-09,1.2230446690131291e-12,36.35302782058716
1.6865588925440989e-09,1.242725106848086e-12,36.35972571372986
1.6831300797548465e-09,1.1998298405160868e-12,36.36831212043762
1.6796903867799529e-09,1.245850102769841e-12,36.3749361038208
1.6762516930057814e-09,1.1972775201818386e-12,36.383039474487305
1.6728490814799102e-09,1.2256399237534077e-12,36.39014983177185
1.6694087223712017e-09,1.2151554719050384e-12,36.397109031677246
1.6660244295252369e-09,1.1967368285584201e-12,36.40502405166626
1.662605830787811e-09,1.2297649877590633e-12,36.41188359260559
1.6592173190943527e-09,1.180072207486449e-12,36.41931986808777
1.6558363569174617e-09,1.2243090655866817e-12,36.42604303359985
1.6524386303728988e-09,1.1865516165096568e-12,36.433842420578
1.64908842137379e-09,1.1997286844533939e-12,36.440741300582886
1.6456979112788872e-09,1.2052859795289028e-12,36.44861817359924
1.642356028952463e-09,1.1728360253468462e-12,36.455323696136475
1.6389962720353424e-09,1.211029648957862e-12,36.46215462684631
1.6356438425901842e-09,1.167337060348217e-12,36.469722747802734
1.6323207230328762e-09,1.197705563199536e-12,36.47687387466431
1.628965851097064e-09,1.1809956224767548e-12,36.48466873168945
1.6256638257772238e-09,1.1703612254679308e-12,36.4923357963562
1.6223258292313858e-09,1.1968727875108498e-12,36.50007200241089
1.6190231377777309e-09,1.1511581618495192e-12,36.50683307647705
1.6157203353017735e-09,1.195451290042504e-12,36.51363468170166
1.6124079849078043e-09,1.1546589422442577e-12,36.520421266555786
1.6091374899218636e-09,1.1730070040294471e-12,36.5272319316864
1.6058289142861781e-09,1.172192551357476e-12,36.53431153297424
1.6025705207312058e-09,1.1463864796681933e-12,36.54102659225464
1.5992874802250867e-09,1.1830566908066498e-12,36.54769229888916
1.5960222032873617e-09,1.1350298955922766e-12,36.55425024032593
1.5927754670741479e-09,1.173165731227499e-12,36.560893058776855
1.58950375084288e-09,1.1462518217583706e-12,36.567689418792725
1.58628243873693e-09,1.1459966005669675e-12,36.57427406311035
1.5830227129143282e-09,1.1636007912416146e-12,36.58096218109131
1.5798045094328472e-09,1.1231138631953574e-12,36.58900260925293
1.5765767580333545e-09,1.166049353427956e-12,36.59571695327759
1.5733486735669544e-09,1.120920413780202e-12,36.60253381729126
1.570155339081225e-09,1.1472716223218105e-12,36.608971118927
1.56692703257022e-09,1.1374513527243058e-12,36.6165452003479
1.5637512396082798e-09,1.1168733039107481e-12,36.622984647750854
1.560542917111718e-09,1.1512857724452208e-12,36.62966561317444
1.55736046281163e-09,1.1043935948043537e-12,36.636433124542236
1.554189554830998e-09,1.144167768342419e-12,36.642969608306885
1.5510002171481574e-09,1.110531588563446e-12,36.6506142616272
1.5478548442970919e-09,1.1220904847647484e-12,36.65722370147705
1.5446747214653556e-09,1.1263780706760596e-12,36.66379737854004
1.5415354548409255e-09,1.0989295411156785e-12,36.67044401168823
1.5383833096294097e-09,1.1336427673327987e-12,36.67699956893921
1.5352376037114368e-09,1.0922983437883227e-12,36.68439698219299
1.5321185431460549e-09,1.1209067528328287e-12,36.69101166725159
1.528971171893545e-09,1.1026993120694106e-12,36.69760870933533
1.5258697638742547e-09,1.0973032378569503e-12,36.70407676696777
1.5227402672124413e-09,1.1167211903459484e-12,36.71054482460022
1.519638637148546e-09,1.0780009697397563e-12,36.71767592430115
1.5165391165083975e-09,1.118248614366546e-12,36.7242329120636
1.5134312691955643e-09,1.0798469323586302e-12,36.73096442222595
1.5103605033317535e-09,1.0990589948550733e-12,36.737510681152344
1.5072558756656917e-09,1.0980574088881312e-12,36.74402618408203
1.504198321455874e-09,1.0702080497845823e-12,36.7510404586792
1.501116675406422e-09,1.1103740539877838e-12,36.75758481025696
1.498051127590827e-09,1.0617255772477074e-12,36.76429605484009
1.495006451968095e-09,1.0953885368203409e-12,36.770787477493286
1.4919327995244203e-09,1.0765169138060582e-12,36.77749252319336
1.4889102173398783e-09,1.069849395705924e-12,36.784417390823364
1.4858523300631532e-09,1.0913089008857124e-12,36.791061878204346
1.4828297478786112e-09,1.0513485698346314e-12,36.798609495162964
1.4798028358242732e-09,1.0920416047138781e-12,36.805179834365845
1.4767713718555342e-09,1.0514463648705896e-12,36.811716079711914
1.4737766562689103e-09,1.0704717277529308e-12,36.81845021247864
1.470744637188659e-09,1.0703868347228251e-12,36.824962854385376
1.4677628001891208e-09,1.0455784458726636e-12,36.83248424530029
1.4647554280600161e-09,1.0782875243739443e-12,36.8388466835022
1.4617668187000277e-09,1.0337314771541317e-12,36.845399618148804
1.4587919761055446e-09,1.070134649297505e-12,36.852102518081665
1.4557955951843837e-09,1.0454624362402076e-12,36.858598709106445
1.452846065674862e-09,1.046798281736927e-12,36.86579608917236
1.4498614531177623e-09,1.0589056758172899e-12,36.87237286567688
1.446913477920475e-09,1.0276419472321496e-12,36.878926277160645
1.4439572870728057e-09,1.0633820213268308e-12,36.88561487197876
1.4410028725819757e-09,1.0238935350612155e-12,36.89232540130615
1.4380769908228785e-09,1.049170841350977e-12,36.89953899383545
1.4351211330421165e-09,1.037732942112124e-12,36.906004428863525
1.4322120156506912e-09,1.0241256627463446e-12,36.91297125816345
1.4292738104160208e-09,1.0509966378094426e-12,36.91974329948425
1.4263630276900585e-09,1.0069037617577159e-12,36.92621302604675
1.423454798477053e-09,1.0490688179265462e-12,36.93386745452881
1.4205355780561035e-09,1.0134358630065066e-12,36.94050407409668
1.4176562146417382e-09,1.0272727763924183e-12,36.94703650474548
1.4147415461351898e-09,1.0305325386442132e-12,36.95375084877014
1.4118701763266017e-09,1.0031657579276376e-12,36.96024537086487
1.4089817090834345e-09,1.0357568752325519e-12,36.967687368392944
1.4061014574906494e-09,9.977031137017867e-13,36.974289894104004
1.4032441875144741e-09,1.0246835931843057e-12,36.98093819618225
1.400361049341825e-09,1.0091622633032205e-12,36.987515449523926
1.3975232082685807e-09,1.0012967018024899e-12,36.99400973320007
1.3946540589060419e-09,1.0224687849863523e-12,37.00102734565735
1.3918162178327975e-09,9.839507680853288e-13,37.007598638534546
1.3889763783581088e-09,1.0218190226243817e-12,37.01426315307617
1.3861316539021118e-09,9.83410835403431e-13,37.02102065086365
1.3833184597800141e-09,1.005562928931003e-12,37.02745246887207
1.380476843948486e-09,9.966095873906178e-13,37.0342698097229
1.377675085123542e-09,9.830067532537456e-13,37.04063963890076
1.37485267615034e-09,1.0093668522531685e-12,37.04718327522278
1.3720489189239515e-09,9.691718998519616e-13,37.053672313690186
1.3692563749501119e-09,1.002833992062857e-12,37.060158491134644
1.3664448461625511e-09,9.789263583775965e-13,37.0675585269928
1.3636758389168335e-09,9.811535264803162e-13,37.07400465011597
1.360874191114192e-09,9.939151281515568e-13,37.08055663108826
1.3581096247605728e-09,9.589485238867268e-13,37.08706831932068
1.3553332900428927e-09,9.990588000982625e-13,37.09347343444824
1.352561618261916e-09,9.550588401727178e-13,37.10093927383423
1.3498144824097835e-09,9.85341907892845e-13,37.10733604431152
1.3470415893834797e-09,9.679439324714045e-13,37.113908529281616
1.3443095525644821e-09,9.620595336004567e-13,37.12045407295227
1.3415537569727576e-09,9.799436652760396e-13,37.12710404396057
1.338820276863828e-09,9.459607576423057e-13,37.134621143341064
1.3360925699146264e-09,9.784268664367324e-13,37.14112734794617
1.3333513182445245e-09,9.5272086660797e-13,37.14873743057251
1.330648813357982e-09,9.596816613957615e-13,37.15516662597656
1.3279153332490523e-09,9.649094674310521e-13,37.16166663169861
1.3252171582323058e-09,9.414217452471951e-13,37.16847252845764
1.3225074368961032e-09,9.713154759671827e-13,37.175142765045166
1.3198055981433754e-09,9.32439672349239e-13,37.18303394317627
1.3171224111374613e-09,9.618200333405547e-13,37.18967318534851
1.3144182409163818e-09,9.413663425161811e-13,37.196627616882324
1.3117541497464913e-09,9.386152879237164e-13,37.20359778404236
1.3090601935772384e-09,9.59004468718827e-13,37.210447788238525
1.306396879563465e-09,9.214632095549957e-13,37.217684507369995
1.3037321222597598e-09,9.574987287416792e-13,37.224239349365234
1.3010613697517215e-09,9.220181042268738e-13,37.23188805580139
1.2984227026890949e-09,9.387543910624463e-13,37.23832702636719
1.295753726537896e-09,9.367310529681538e-13,37.24503493309021
1.2931257176163058e-09,9.155537656138635e-13,37.25206995010376
1.290477391613365e-09,9.465387458204577e-13,37.25873351097107
1.2878420552198122e-09,9.095488034613353e-13,37.2679648399353
1.2852240383054436e-09,9.379103396711663e-13,37.27444624900818
1.2825847051090022e-09,9.192176100153437e-13,37.28229522705078
1.2799854509637498e-09,9.174233638400975e-13,37.28837490081787
1.277357997153672e-09,9.29321181640519e-13,37.294697284698486
1.2747606303875614e-09,8.992158688665708e-13,37.301692724227905
1.2721579345509326e-09,9.315813094892822e-13,37.3081750869751
1.269553573379767e-09,8.984764429849357e-13,37.31534171104431
1.2669778559626366e-09,9.161909512306332e-13,37.32192587852478
1.2643727176353536e-09,9.13776432992508e-13,37.32845640182495
1.2618107669837286e-09,8.93124278960461e-13,37.33534598350525
1.2592228371133274e-09,9.250579902780887e-13,37.341961145401
1.2566572227257211e-09,8.810777628320832e-13,37.34921979904175
1.2540973814978429e-09,9.201675879588755e-13,37.35563397407532
1.251524439638274e-09,8.899302735704273e-13,37.362168073654175
1.2489896894507524e-09,8.965171270289285e-13,37.36908745765686
1.2464222987063067e-09,9.04955635167709e-13,37.37564778327942
1.2438914342993712e-09,8.765422740940332e-13,37.38287901878357
1.2413473582384427e-09,9.119169178464781e-13,37.38929200172424
1.2388107206717791e-09,8.710572410933204e-13,37.39587998390198
1.236294844275676e-09,8.982076692663765e-13,37.40273642539978
1.2337540988838214e-09,8.841690400662738e-13,37.40916109085083
1.2312544317438778e-09,8.748125921581584e-13,37.41676306724548
1.2287268980060162e-09,8.991197001338713e-13,37.42334032058716
1.2262268977991653e-09,8.590539846316247e-13,37.42991089820862
1.2237271196369193e-09,8.95597398326009e-13,37.43667912483215
1.2212180156012664e-09,8.637394727402381e-13,37.44318175315857
1.21874166314484e-09,8.786506678487571e-13,37.45043087005615
1.2162385543135201e-09,8.763152421591147e-13,37.45684337615967
1.213770195462871e-09,8.577208496403366e-13,37.46340990066528
1.2112857383783648e-09,8.855740576615978e-13,37.4703164100647
1.2088126055687098e-09,8.499978607252878e-13,37.476746797561646
1.2063561261044242e-09,8.758481136530993e-13,37.484206199645996
1.2038769980904362e-09,8.625408330284468e-13,37.49092411994934
1.2014396144621742e-09,8.53683497590435e-13,37.49760103225708
1.19897147765613e-09,8.770274545662204e-13,37.50458264350891
1.1965328727825408e-09,8.398947769910903e-13,37.51134395599365
1.1940919364406e-09,8.745019682357413e-13,37.51827096939087
1.191646892273468e-09,8.396801049609381e-13,37.52476215362549
1.189229936748859e-09,8.577699097886415e-13,37.532045125961304
1.1867845595148196e-09,8.556296947001552e-13,37.53847289085388
1.184378706220457e-09,8.369946988100174e-13,37.5449583530426
1.1819530909562559e-09,8.619897330641724e-13,37.55175542831421
1.1795420196136774e-09,8.280183721835754e-13,37.558189392089844
1.1771426056128576e-09,8.55732585486324e-13,37.56532025337219
1.1747266492889707e-09,8.350467669768213e-13,37.57181692123413
1.1723464421464769e-09,8.372317596150314e-13,37.57827353477478
1.1699385904506698e-09,8.480055308131285e-13,37.585286140441895
1.167561491932645e-09,8.199422586209482e-13,37.59185218811035
1.1651765108311452e-09,8.514511253172874e-13,37.599141359329224
1.1627927509749725e-09,8.183234905673187e-13,37.605541944503784
1.1604331939807366e-09,8.38020028804537e-13,37.612104415893555
1.1580484349238418e-09,8.307649273370243e-13,37.61910629272461
1.1557014234497842e-09,8.18083936097308e-13,37.62567710876465
1.1533317634260243e-09,8.414926199427908e-13,37.63359618186951
1.150980755149078e-09,8.089564716880215e-13,37.64014458656311
1.1486375184333042e-09,8.375614112855756e-13,37.646873235702515
1.1462829574426792e-09,8.112374704286052e-13,37.65365791320801
1.1439590386075338e-09,8.205112479210686e-13,37.66019129753113
1.141607919308285e-09,8.268588179601022e-13,37.66767477989197
1.1392921051012195e-09,8.006003087042413e-13,37.67424130439758
1.1369616359502288e-09,8.317805537221001e-13,37.680952072143555
1.1346383832488982e-09,7.96429599787124e-13,37.687726736068726
1.1323327830936591e-09,8.233020385231549e-13,37.69422101974487
1.1300070879016744e-09,8.076283240267268e-13,37.701552391052246
1.1277175859802924e-09,8.027617199451997e-13,37.708295583724976
1.1254043252861834e-09,8.171496248751686e-13,37.715794801712036
1.123112824963357e-09,7.903901600055108e-13,37.72222685813904
1.1208229899750677e-09,8.169022099394074e-13,37.72943329811096
1.1185283810277724e-09,7.888154105600842e-13,37.73641848564148
1.116259418232346e-09,8.025822844856534e-13,37.74317669868469
1.1139660305303778e-09,8.008960790568953e-13,37.75045466423035
1.1117067266752656e-09,7.834020433229727e-13,37.7568793296814
1.1094305474301791e-09,8.08630614725081e-13,37.76422905921936
1.1071665806383635e-09,7.757164593828747e-13,37.77104306221008
1.1049142711883064e-09,8.041307962385058e-13,37.77755856513977
1.1026476398612317e-09,7.81716651045844e-13,37.784496545791626
1.1004132050018711e-09,7.850177756105192e-13,37.791553020477295
1.0981537901244565e-09,7.949212577247622e-13,37.79911518096924
1.095922019800355e-09,7.686752710039935e-13,37.80565929412842
1.0936832550711983e-09,7.996825315652323e-13,37.81249737739563
1.0914456005650663e-09,7.683755975235185e-13,37.819722414016724
1.089231149720149e-09,7.862808711414648e-13,37.8266396522522
1.0869931621471096e-09,7.796370428587995e-13,37.834256410598755
1.0847898135324385e-09,7.676765581728084e-13,37.84069204330444
1.0825670360148365e-09,7.865847188003039e-13,37.84725332260132
1.0803609118426039e-09,7.564211843696933e-13,37.853798389434814
1.0781613379862165e-09,7.829152365475267e-13,37.860095739364624
1.0759503288326755e-09,7.605204985737524e-13,37.86706852912903
1.0737698508123117e-09,7.669562684595177e-13,37.8731050491333
1.0715642817515914e-09,7.730311616521712e-13,37.879231691360474
1.0693875784895113e-09,7.525090576707139e-13,37.88548302650452
1.0672016603763268e-09,7.781188887667767e-13,37.891523361206055
1.0650219595120802e-09,7.461317804921541e-13,37.898613691329956
1.0628586899485981e-09,7.683739712202597e-13,37.905083656311035
1.060674548192253e-09,7.578240335606723e-13,37.91163158416748
1.0585272658403255e-09,7.473818655970299e-13,37.91845655441284
1.0563534491581095e-09,7.704217580735417e-13,37.92489957809448
1.0542056116946696e-09,7.332640896383358e-13,37.93245887756348
1.0520561088966929e-09,7.666793632246649e-13,37.9388964176178
1.0498989455598462e-09,7.39783559931817e-13,37.94652843475342
1.047773090512294e-09,7.483558044085736e-13,37.953771352767944
1.0456188137553113e-09,7.517210595317514e-13,37.960317611694336
1.0434982877782772e-09,7.313168625365518e-13,37.96799302101135
1.0413625517458058e-09,7.570730609259002e-13,37.974408864974976
1.0392369187428585e-09,7.251952402302642e-13,37.98224234580994
1.0371247194385091e-09,7.490858519414167e-13,37.98875713348389
1.034995311677278e-09,7.333388995882373e-13,37.99542713165283
1.0328988775398784e-09,7.316758418758618e-13,38.00239276885986
1.0307783515628444e-09,7.448076443788976e-13,38.0089852809906
1.0286830276484693e-09,7.181242905017482e-13,38.01626491546631
1.0265837069312056e-09,7.453553291063286e-13,38.02268028259277
1.0244826098571025e-09,7.184351312645998e-13,38.029202699661255
1.0224033841765845e-09,7.355398842084915e-13,38.03600215911865
1.0203043965262282e-09,7.271931537836118e-13,38.04252910614014
1.0182356069421417e-09,7.174732270971707e-13,38.0499701499939
1.0161493868565685e-09,7.36267275446012e-13,38.05639100074768
1.0140784878487352e-09,7.07796072186434e-13,38.06301212310791
1.0120142501790497e-09,7.327642182267113e-13,38.06984090805054
1.0099390213014203e-09,7.123653880322656e-13,38.07627820968628
1.0078925472001288e-09,7.173326602855079e-13,38.08372497558594
1.00582275841532e-09,7.23614365042563e-13,38.09014630317688
1.0037801700946147e-09,7.018449406717697e-13,38.09664869308472
1.0017279228335951e-09,7.299416605009712e-13,38.10350155830383
9.996818928215134e-10,6.973295638840193e-13,38.11036205291748
9.976519610432888e-10,7.187393583941992e-13,38.11788249015808
9.956028224067381e-10,7.075205764144055e-13,38.12441658973694
9.935856581932967e-10,7.012072129539137e-13,38.132253885269165
9.915479548538997e-10,7.177699732317799e-13,38.13877630233765
9.895296804174336e-10,6.896067918094051e-13,38.145389795303345
9.875132933601094e-10,7.162513854588881e-13,38.15226888656616
9.854894678085202e-10,6.931480671552859e-13,38.15867495536804
9.83492509654127e-10,7.016214323939118e-13,38.16624140739441
9.81472125793914e-10,7.046550300725263e-13,38.17273759841919
9.794809407992489e-10,6.858747510912755e-13,38.17927026748657
9.774773213067078e-10,7.102973265983581e-13,38.186076164245605
9.754813623530367e-10,6.809159898250872e-13,38.19257616996765
9.734996142540808e-10,7.023463299664356e-13,38.20032715797424
9.715007687205457e-10,6.890462050761215e-13,38.2068076133728
9.695328984093976e-10,6.85572258685152e-13,38.21336507797241
9.675433787492693e-10,6.994301513831014e-13,38.220221519470215
9.655756194604237e-10,6.73662839921485e-13,38.22668242454529
9.636061948370411e-10,6.995395473823052e-13,38.2338809967041
9.616333285222822e-10,6.745292258775182e-13,38.240275382995605
9.596835548464355e-10,6.868791017737574e-13,38.246803760528564
9.577121318216086e-10,6.849403314489189e-13,38.253501892089844
9.557700186846319e-10,6.710613510187147e-13,38.259971141815186
9.5381325060373e-10,6.916500250135627e-13,38.26711463928223
9.518676957753769e-10,6.635306995690649e-13,38.27354192733765
9.499321329542454e-10,6.860167273657625e-13,38.280096769332886
9.479830254122135e-10,6.698692165199582e-13,38.28674602508545
9.460613403788898e-10,6.73081382296381e-13,38.293251037597656
9.441207815541475e-10,6.783339081412043e-13,38.30040669441223
9.422019831006878e-10,6.591336634484413e-13,38.30684208869934
9.402784106882223e-10,6.810980815799561e-13,38.31336736679077
9.383552823649666e-10,6.569855878942044e-13,38.32014441490173
9.364513609000369e-10,6.717905853999284e-13,38.326720237731934
9.345281215544787e-10,6.665948175388348e-13,38.33425235748291
9.326339700521658e-10,6.565827525770174e-13,38.340686082839966
9.307227766264248e-10,6.74184558006885e-13,38.347229957580566
9.288266267226675e-10,6.471945917553568e-13,38.353957414627075
9.269359169117308e-10,6.703597095827907e-13,38.3604781627655
9.250351595824213e-10,6.514670530463618e-13,38.3676495552063
9.231611031168541e-10,6.562599313801598e-13,38.37425255775452
9.212651197465505e-10,6.616641371089138e-13,38.3809130191803
9.193950600838718e-10,6.419147440157869e-13,38.387739419937134
9.175158965923913e-10,6.651706095650578e-13,38.39407920837402
9.156413960376142e-10,6.389133471416952e-13,38.40098690986633
9.137821055382744e-10,6.571158005751199e-13,38.407304525375366
9.119058286266579e-10,6.471192939144776e-13,38.41349649429321
9.100584175136817e-10,6.413374063589383e-13,38.42011737823486
9.081917995423794e-10,6.558721122630617e-13,38.42642092704773
9.06343888829042e-10,6.308186937219185e-13,38.433249950408936
9.044966997606707e-10,6.545299783937419e-13,38.43919849395752
9.026438485548738e-10,6.328280998182945e-13,38.445324420928955
9.008142565214428e-10,6.424385762954232e-13,38.45154047012329
8.989639588286025e-10,6.425392986772471e-13,38.4576416015625
8.971408060887143e-10,6.27338838429109e-13,38.4637348651886
8.953049968063453e-10,6.483920388447584e-13,38.47157073020935
8.934781248193246e-10,6.216653710908182e-13,38.47911787033081
8.916623550625502e-10,6.420357951883449e-13,38.48576474189758
8.898322079176069e-10,6.285109693977831e-13,38.49248003959656
8.880297608371279e-10,6.273534209483289e-13,38.499958753585815
8.862072187199033e-10,6.378091414391274e-13,38.50641703605652
8.844059928847514e-10,6.155537234445174e-13,38.51288652420044
8.826022135366429e-10,6.375368982736163e-13,38.51958250999451
8.807952700529142e-10,6.165033219172888e-13,38.526564836502075
8.790091432508973e-10,6.27488024648043e-13,38.53379011154175
8.77203976124008e-10,6.252056706547438e-13,38.5401976108551
8.754262870169782e-10,6.1255807284194e-13,38.546581745147705
8.736327217206963e-10,6.32472373085502e-13,38.55324029922485
8.718527011453148e-10,6.046658399677662e-13,38.5595121383667
8.700783982185101e-10,6.286406399776123e-13,38.5666618347168
8.682944918625424e-10,6.091254345537422e-13,38.57310128211975
8.665343442793016e-10,6.162862104322486e-13,38.57927966117859
8.647561000607595e-10,6.188611905919017e-13,38.585423946380615
8.630007819476759e-10,6.01336146675846e-13,38.5922691822052
8.61236748583849e-10,6.241129032850956e-13,38.59953737258911
8.594772671344231e-10,5.981667526751278e-13,38.605798959732056
8.577322185843173e-10,6.157593965966379e-13,38.61229133605957
8.559717379341691e-10,6.051136154650028e-13,38.61988091468811
8.542369034358899e-10,6.01409872423575e-13,38.627208948135376
8.524856931479974e-10,6.144522824574894e-13,38.634746074676514
8.507506921162644e-10,5.913379052917278e-13,38.64113521575928
8.490175229525221e-10,6.131678823538544e-13,38.6487193107605
8.472779700063882e-10,5.939984832128986e-13,38.6551308631897
8.455610100988054e-10,6.009216019751962e-13,38.661553144454956
8.438246767994428e-10,6.034077317668141e-13,38.66925239562988
8.421124353397147e-10,5.877301683526737e-13,38.676034688949585
8.403905349396723e-10,6.076888124650903e-13,38.68394160270691
8.386749072997191e-10,5.833292833143378e-13,38.69024300575256
8.369712700684317e-10,6.012007298245026e-13,38.69673132896423
8.352531999378243e-10,5.904289644004246e-13,38.70321726799011
8.335616086263542e-10,5.870321047839189e-13,38.709681272506714
8.318514210792216e-10,5.987421929781744e-13,38.717201232910156
8.301599963012052e-10,5.766443637693353e-13,38.72353410720825
8.284670727221055e-10,5.988226407793729e-13,38.73006772994995
8.267713735854443e-10,5.771158832941492e-13,38.73650074005127
8.250950478405628e-10,5.885395794845427e-13,38.742801904678345
8.234005699492286e-10,5.85937277430143e-13,38.749977111816406
8.217315716763096e-10,5.745157496440945e-13,38.755932569503784
8.200494727717e-10,5.911607466567437e-13,38.76223087310791
8.183765887181949e-10,5.687971252853197e-13,38.76866865158081
8.167129195157941e-10,5.87020829081325e-13,38.77507281303406
8.150375929716347e-10,5.738625720452806e-13,38.781901359558105
8.133865803117146e-10,5.745240980008226e-13,38.78797793388367
8.117173044830395e-10,5.820896065503178e-13,38.79406976699829
8.10068345735715e-10,5.632026420752945e-13,38.800729513168335
8.084145575182333e-10,5.838725770229702e-13,38.80747079849243
8.067616019680202e-10,5.619835109424431e-13,38.81587481498718
8.051249111851178e-10,5.751176444801498e-13,38.82222890853882
8.034721776795095e-10,5.683790569276093e-13,38.82852268218994
8.01843147435477e-10,5.626056261490153e-13,38.835060119628906
8.002006279816953e-10,5.756097096361323e-13,38.84155225753784
7.98571153648453e-10,5.543633586034546e-13,38.84843373298645
7.969452320288894e-10,5.740894955599818e-13,38.85510540008545
7.953122049819683e-10,5.570047461461725e-13,38.861576080322266
7.937013268843884e-10,5.615727067392884e-13,38.86815690994263
7.920707978392727e-10,5.671201355750277e-13,38.874711751937866
7.904639720557327e-10,5.494697578878327e-13,38.88201546669006
7.888482089768445e-10,5.703256877181984e-13,38.88842511177063
7.872371088346597e-10,5.467978500539594e-13,38.89510488510132
7.856387207461069e-10,5.63078771977088e-13,38.90164065361023
7.840258997582339e-10,5.537435744315533e-13,38.90813183784485
7.824385583887761e-10,5.482750213038623e-13,38.91534113883972
7.808330093617144e-10,5.627511260805629e-13,38.9219012260437
7.79245057369593e-10,5.392101695700369e-13,38.9283332824707
7.776577160001352e-10,5.59814835546929e-13,38.93488907814026
7.76064046359437e-10,5.426564145954993e-13,38.94145321846008
7.744919705565678e-10,5.493463756806038e-13,38.94860482215881
7.729017981183972e-10,5.497238948770633e-13,38.95510673522949
7.713336636072654e-10,5.381101922559417e-13,38.96177816390991
7.697564807784829e-10,5.537429239102498e-13,38.969056844711304
7.681853486651846e-10,5.342143285895495e-13,38.97568106651306
7.666243750925616e-10,5.491952378977594e-13,38.983627796173096
7.650517441781801e-10,5.386774468325861e-13,38.990588903427124
7.635018173246522e-10,5.374366316562851e-13,38.997639894485474
7.619356812149647e-10,5.458923786096082e-13,39.00461268424988
7.603873086736712e-10,5.275633445725458e-13,39.01113533973694
7.588357719967576e-10,5.470727495147931e-13,39.018460750579834
7.572837357194828e-10,5.269446988129256e-13,39.02520203590393
7.557483527875775e-10,5.375482502699425e-13,39.032949447631836
7.541957058876392e-10,5.355558661476745e-13,39.03943085670471
7.526676504276963e-10,5.250842620950491e-13,39.04615831375122
7.511260502468531e-10,5.410363997093715e-13,39.053184032440186
7.495956633185585e-10,5.188435401801139e-13,39.05964803695679
7.480707164830847e-10,5.372918906662583e-13,39.06764340400696
7.465370543968675e-10,5.2271560560882e-13,39.07444739341736
7.450248751261768e-10,5.260079481358981e-13,39.08191967010498
7.434954318874532e-10,5.306152652678753e-13,39.08842611312866
7.41986971863895e-10,5.135567535466401e-13,39.09496784210205
7.404706847680131e-10,5.331879686029661e-13,39.10155725479126
7.389576173189027e-10,5.123188115060962e-13,39.10841631889343
7.374586497022051e-10,5.251983743737032e-13,39.11627149581909
7.359439169185578e-10,5.203705305198425e-13,39.123039960861206
7.344539976195108e-10,5.124103723795626e-13,39.12986445426941
7.329476470196994e-10,5.277560072985965e-13,39.136361837387085
7.314563399418716e-10,5.050484227879515e-13,39.14281749725342
7.299666426874296e-10,5.25409197486143e-13,39.150888204574585
7.28471283295562e-10,5.075929910766663e-13,39.157896518707275
7.269952972954741e-10,5.147173919722858e-13,39.165820837020874
7.255023803942606e-10,5.157197368807487e-13,39.172505378723145
7.240318344869934e-10,5.01979480118514e-13,39.17957019805908
7.225499643048749e-10,5.207913635930927e-13,39.18638300895691
7.210761432396851e-10,4.978017238872756e-13,39.193448066711426
7.196109819140872e-10,5.150994648178697e-13,39.20110845565796
7.181344963136382e-10,5.032696264936631e-13,39.207802057266235
7.166801596625305e-10,5.02738259008928e-13,39.21537923812866
7.152103354002293e-10,5.097134736856135e-13,39.222129821777344
7.13756109771424e-10,4.941076844552916e-13,39.22893929481506
7.12300496363838e-10,5.107971337570127e-13,39.23587346076965
7.108434951774711e-10,4.935641739062246e-13,39.242868185043335
7.094017595576929e-10,5.030280120395247e-13,39.25052309036255
7.079455355274433e-10,5.000684653692911e-13,39.257323026657104
7.065106277792665e-10,4.916831915571795e-13,39.26429224014282
7.050645622896923e-10,5.041926078031e-13,39.270864963531494
7.036278226735249e-10,4.852195034654727e-13,39.27761101722717
7.021958570163633e-10,5.026965714353959e-13,39.28470778465271
7.007568969541467e-10,4.884130751746374e-13,39.29152059555054
6.993371992614072e-10,4.920403819629049e-13,39.299161195755005
6.979018474240206e-10,4.962349433278168e-13,39.30758047103882
6.964853693780526e-10,4.81337138116128e-13,39.315635204315186
6.950624520385418e-10,4.989477797937014e-13,39.32234716415405
6.936433094573147e-10,4.776954656490751e-13,39.32936429977417
6.92234825017124e-10,4.931505507774214e-13,39.33643364906311
6.908141281236624e-10,4.849018322289345e-13,39.3433153629303
6.894155801795421e-10,4.798435954134206e-13,39.35107779502869
6.880019887134381e-10,4.916225846557376e-13,39.35773587226868
6.866019419682345e-10,4.727671162538249e-13,39.36531400680542
6.85203338512963e-10,4.908652152281479e-13,39.371766328811646
6.838002386544417e-10,4.74779395485958e-13,39.37909293174744
6.824152354312218e-10,4.804434302653482e-13,39.386218309402466
6.810141339741449e-10,4.818894307027921e-13,39.39299035072327
6.796329055092087e-10,4.695429158332876e-13,39.40043878555298
6.782431838381342e-10,4.855627618732816e-13,39.40684700012207
6.768587912375779e-10,4.671711151607583e-13,39.414233922958374
6.754847792223018e-10,4.799084307033352e-13,39.42124795913696
6.740980551533937e-10,4.730105738516566e-13,39.42802572250366
6.727330359446171e-10,4.695355432585147e-13,39.43528342247009
6.713534728142179e-10,4.791916646471051e-13,39.44234228134155
6.699893972950122e-10,4.604063983358608e-13,39.45004320144653
6.686229903074548e-10,4.78775710483631e-13,39.456443071365356
6.672550290076629e-10,4.609649792951254e-13,39.46307897567749
6.659017781629473e-10,4.712898365837048e-13,39.46979522705078
6.645353711753899e-10,4.668621717517085e-13,39.476967334747314
6.631879490015535e-10,4.609397173845065e-13,39.48432755470276
6.618309789097054e-10,4.719717455400896e-13,39.491175174713135
6.604823910016933e-10,4.5444751477566325e-13,39.49862217903137
6.591382994969308e-10,4.707276235471625e-13,39.505054235458374
6.577876576763231e-10,4.576646136719709e-13,39.512047290802
6.564550569798655e-10,4.608229488105298e-13,39.51908469200134
6.551085229844489e-10,4.637718160893645e-13,39.52586340904236
6.537784758009479e-10,4.5022414073801753e-13,39.533425092697144
6.524429330134751e-10,4.673284871060945e-13,39.5406608581543
6.511107208950762e-10,4.4747785663511175e-13,39.54763388633728
6.497886673173525e-10,4.618831359048947e-13,39.554484367370605
6.484559555985925e-10,4.531088503532954e-13,39.561232805252075
6.4714161807089e-10,4.51459263852913e-13,39.56817173957825
6.458164558686974e-10,4.589335638946479e-13,39.57503914833069
6.445015077183314e-10,4.4481589635617103e-13,39.58290719985962
6.431897792147367e-10,4.576389722905916e-13,39.59019160270691
6.418724440848678e-10,4.4562438591619347e-13,39.59708786010742
6.405717067892169e-10,4.495635634593764e-13,39.60396981239319
6.392567031276997e-10,4.5321705373010945e-13,39.61154842376709
6.379606287687523e-10,4.3894567342862845e-13,39.6185839176178
6.366565052928763e-10,4.558211989282024e-13,39.62551546096802
6.353571557760063e-10,4.362200433771085e-13,39.63369846343994
6.340670766213918e-10,4.5054799192693895e-13,39.64021944999695
6.327660062588336e-10,4.4202250366887075e-13,39.647642850875854
6.314840872434502e-10,4.407930184052722e-13,39.65488028526306
6.301900112859471e-10,4.4777124174298633e-13,39.661749839782715
6.289081477817149e-10,4.337006285787953e-13,39.66861319541931
6.276272279670536e-10,4.4729500593872207e-13,39.67543148994446
6.263427554387135e-10,4.33716837401274e-13,39.683485984802246
6.250729933654497e-10,4.400498249210877e-13,39.69019889831543
6.237896310601343e-10,4.408596155237171e-13,39.69721698760986
6.225251425462375e-10,4.30456289102904e-13,39.704349756240845
6.212514391812363e-10,4.448493168881379e-13,39.71144986152649
6.199848967547439e-10,4.2609573638538456e-13,39.71858549118042
6.187254042444579e-10,4.396608131815999e-13,39.7254593372345
6.174564193273113e-10,4.299875071885756e-13,39.73337984085083
6.162053645120125e-10,4.31131096535059e-13,39.73975348472595
6.149414866207792e-10,4.366630212797318e-13,39.74677777290344
6.136928187849833e-10,4.2231520472509054e-13,39.753963470458984
6.124408757912647e-10,4.37022109039259e-13,39.7609748840332
6.111887662640925e-10,4.2122967440494374e-13,39.76817440986633
6.099492577682497e-10,4.3040728316470767e-13,39.77493214607239
6.086974813079848e-10,4.2698632715491847e-13,39.782893896102905
6.074643565945337e-10,4.2046216768704125e-13,39.78969383239746
6.062196855616264e-10,4.3338024683682586e-13,39.79659628868103
6.049861722701166e-10,4.138597288223106e-13,39.80338478088379
6.037548794246561e-10,4.3080475168114085e-13,39.81010293960571
6.025177023971651e-10,4.169544212933446e-13,39.817753076553345
6.012976228042533e-10,4.210540878631097e-13,39.82448410987854
6.000633878677775e-10,4.242199582067674e-13,39.83249306678772
5.988459728101247e-10,4.1162760049465175e-13,39.838908195495605
5.976227290815928e-10,4.2655196865956646e-13,39.845613956451416
5.96402427444076e-10,4.0944607730339366e-13,39.85264348983765
5.951913406576637e-10,4.2256045125650676e-13,39.85936141014099
5.939708724866932e-10,4.137241764456956e-13,39.867077589035034
5.927677237949069e-10,4.120522824856143e-13,39.87351393699646
5.915528067390596e-10,4.201935837038623e-13,39.88010931015015
5.903498800918783e-10,4.0454602558484543e-13,39.88680982589722
5.891466758889408e-10,4.210804339759011e-13,39.89326572418213
5.879415287957102e-10,4.0502527005013833e-13,39.90052103996277
5.867494823341701e-10,4.137616898408636e-13,39.906952142715454
5.855458340420228e-10,4.1078791301711604e-13,39.91431260108948
5.843584505171862e-10,4.0355997081402417e-13,39.92126965522766
5.831634064534796e-10,4.153189294212045e-13,39.92788577079773
5.819743020829549e-10,3.9907646957014486e-13,39.93486022949219
5.807912484279143e-10,4.1279620780626525e-13,39.94157433509827
5.796005342340038e-10,4.0350741411371294e-13,39.94924449920654
5.784273615638824e-10,4.022060733511329e-13,39.95562744140625
5.77240255594802e-10,4.107702405217045e-13,39.962220430374146
5.760683596811589e-10,3.9336378121826443e-13,39.96904492378235
5.748933551430468e-10,4.10429882354707e-13,39.975714445114136
5.737175179376663e-10,3.9399470556748806e-13,39.983672857284546
5.725548368751276e-10,4.0286789746227236e-13,39.99023389816284
5.713791662032008e-10,4.007696952079698e-13,39.99697279930115
5.702218697223316e-10,3.929941495926098e-13,40.004065990448
5.690541371450308e-10,4.065059649571018e-13,40.011879682540894
5.678950087961709e-10,3.8882718117298765e-13,40.018760204315186
5.667408764509219e-10,4.0244242942473474e-13,40.02539396286011
5.655788615221979e-10,3.9215408264431373e-13,40.03335237503052
5.644337774945996e-10,3.9321692603400127e-13,40.03980278968811
5.632757038576131e-10,3.983317853079732e-13,40.04669809341431
5.621323406757028e-10,3.8538722452012564e-13,40.053629636764526
5.609849251797527e-10,3.9973926946323957e-13,40.06012177467346
5.59838786440281e-10,3.8411006146599203e-13,40.06776475906372
5.587025841968796e-10,3.951281034135501e-13,40.07445287704468
5.575568340354664e-10,3.884123383167404e-13,40.08199691772461
5.564267935298517e-10,3.865819068939874e-13,40.08855676651001
5.55287649195435e-10,3.930396589787999e-13,40.0950825214386
5.541575531786691e-10,3.7993921702360323e-13,40.10193204879761
5.530294555633475e-10,3.9234712484112477e-13,40.10858201980591
5.518966395001712e-10,3.823590207473193e-13,40.11633038520813
5.507790334924323e-10,3.8424274070684994e-13,40.123048067092896
5.496488819645151e-10,3.8725815089402094e-13,40.130101680755615
5.48533385380523e-10,3.7750491209583015e-13,40.13705539703369
5.474132813709787e-10,3.8872307065937473e-13,40.1435980796814
5.462961194524496e-10,3.7440550334534584e-13,40.151257038116455
5.451870066508491e-10,3.850226615396274e-13,40.158260345458984
5.440682349089343e-10,3.799029775659879e-13,40.16630840301514
5.429672822465648e-10,3.754592394367845e-13,40.17304277420044
5.418539505974707e-10,3.8469493432793933e-13,40.1800856590271
5.407525538458913e-10,3.691428402102098e-13,40.18687629699707
5.39650713005102e-10,3.841711562584116e-13,40.19331407546997
5.385464296736586e-10,3.702339270664906e-13,40.200515031814575
5.374551914627546e-10,3.7690887195150624e-13,40.20690369606018
5.363521293766382e-10,3.7609070588709437e-13,40.21371269226074
5.352652210355302e-10,3.6823089065787795e-13,40.222737550735474
5.3417009704404e-10,3.8013556603704035e-13,40.23028516769409
5.330808572345802e-10,3.654940933239814e-13,40.238105058670044
5.319982787632682e-10,3.758281121209184e-13,40.24482297897339
5.309074291304228e-10,3.68481070309179e-13,40.25186324119568
5.298317340418635e-10,3.6912481534909225e-13,40.25855541229248
5.287461024572337e-10,3.72574041930529e-13,40.26588773727417
5.276720727032114e-10,3.618290020900028e-13,40.272295236587524
5.265955449473836e-10,3.7424032514436767e-13,40.279107093811035
5.255195723030681e-10,3.6050264336229265e-13,40.28586030006409
5.24453758199428e-10,3.6890751412867184e-13,40.292359590530396
5.2337767453281e-10,3.6557920319452153e-13,40.29962348937988
5.223174670554442e-10,3.6033448360534015e-13,40.30639290809631
5.212481002381253e-10,3.7006471021241993e-13,40.31300163269043
5.20187060093491e-10,3.553297250619841e-13,40.31975173950195
5.191286844841159e-10,3.6851313558843024e-13,40.32620453834534
5.180652018488274e-10,3.5772795316246775e-13,40.33379912376404
5.170160966017079e-10,3.606666831509897e-13,40.340331077575684
5.159553340128298e-10,3.63486909842059e-13,40.34669852256775
5.149086712563644e-10,3.5299120939615014e-13,40.35331606864929
5.138571235185907e-10,3.657260312737304e-13,40.35977387428284
5.128080737826224e-10,3.512409547240525e-13,40.367074489593506
5.117667956078265e-10,3.6217998543829066e-13,40.373517751693726
5.107176903607069e-10,3.5458994681464295e-13,40.37967538833618
5.096833510798149e-10,3.5312928254281617e-13,40.38593292236328
5.0863896428055e-10,3.5995837387170493e-13,40.39226150512695
5.076041809104481e-10,3.482166269740128e-13,40.39956498146057
5.065704522522196e-10,3.5993029303543755e-13,40.405614376068115
5.055344476367907e-10,3.4742930646140813e-13,40.41193246841431
5.045097117850617e-10,3.5363484601584616e-13,40.41873335838318
5.034747618815061e-10,3.525734934041458e-13,40.42524266242981
5.024540228326657e-10,3.4538824166159554e-13,40.43285417556763
5.014266779568288e-10,3.5598807972617164e-13,40.43931245803833
5.004043290846028e-10,3.419567417856789e-13,40.44566488265991
4.993871982605924e-10,3.5406893346065504e-13,40.4519727230072
4.983636281430393e-10,3.4543713917957464e-13,40.45848727226257
4.973550460363185e-10,3.4484001483307825e-13,40.465808153152466
4.963348620989905e-10,3.5071473719963664e-13,40.47227597236633
4.95327057148387e-10,3.3779088467328355e-13,40.47853350639343
4.943167541959781e-10,3.512117083704497e-13,40.485389947891235
4.933063402212667e-10,3.376529741569434e-13,40.49196434020996
4.923063623429869e-10,3.4535295088088114e-13,40.499154567718506
4.912961149017292e-10,3.4296846504293377e-13,40.505526065826416
4.903009664936064e-10,3.3713570130045056e-13,40.512470960617065
4.892973248793453e-10,3.470230830124321e-13,40.51900386810303
4.883010662481979e-10,3.3293374025571143e-13,40.525641441345215
4.873080272638219e-10,3.450409446006941e-13,40.53378629684448
4.863096592089278e-10,3.3547754960290554e-13,40.540653228759766
4.853249468972365e-10,3.3734806940098616e-13,40.54758930206299
4.843292988887526e-10,3.4092268396367087e-13,40.5544011592865
4.833465849785057e-10,3.3016444396169464e-13,40.561840534210205
4.823598742653701e-10,3.4233380019621507e-13,40.56871724128723
4.813747733756202e-10,3.2919841982601006e-13,40.57552361488342
4.803982767143111e-10,3.376451679013015e-13,40.58354997634888
4.794127872465026e-10,3.333952580154842e-13,40.590694189071655
4.784417861891654e-10,3.298416769749457e-13,40.59857487678528
4.774619033476313e-10,3.375859433576295e-13,40.605157136917114
4.764907912679917e-10,3.24686458275103e-13,40.61191749572754
4.755206783890742e-10,3.368133408895163e-13,40.61896085739136
4.745473458633853e-10,3.261225382626687e-13,40.62661075592041
4.735861147686649e-10,3.301877543084031e-13,40.63459634780884
4.726144475775129e-10,3.3115258582169793e-13,40.64070677757263
4.716556034622954e-10,3.23959283878017e-13,40.64730143547058
4.706924849884331e-10,3.3259105105404307e-13,40.654048442840576
4.697322530944348e-10,3.210412621509895e-13,40.66103506088257
4.687784049828281e-10,3.296284144076178e-13,40.66808271408081
4.678172849104101e-10,3.2418786080103124e-13,40.6749222278595
4.668700426257999e-10,3.2256581303583e-13,40.682514667510986
4.659131969120267e-10,3.285620473608697e-13,40.689176082611084
4.6496653749450445e-10,3.1666959636120207e-13,40.69602847099304
4.6401890663183565e-10,3.288300621379081e-13,40.70369744300842
4.6307008227941537e-10,3.16941216110464e-13,40.71035647392273
4.6213161075669973e-10,3.232215114046949e-13,40.71802806854248
4.6118331376021615e-10,3.2189127665421813e-13,40.7245032787323
4.6024897781826724e-10,3.15625726509533e-13,40.73279643058777
4.59307369915507e-10,3.252250628093395e-13,40.73916959762573
4.583717572170798e-10,3.1209120032217597e-13,40.74585723876953
4.5744003029923874e-10,3.229263102581814e-13,40.75258708000183
4.5650269675512334e-10,3.1459717101355034e-13,40.75929117202759
4.5557838057597166e-10,3.1578458923285646e-13,40.76669883728027
4.5464401687844713e-10,3.195278514434713e-13,40.77307987213135
4.537213660338324e-10,3.091727991243881e-13,40.779661893844604
4.5279549554244625e-10,3.208258040742623e-13,40.786181926727295
4.5187056874063103e-10,3.0835484990041073e-13,40.792619705200195
4.5095421841168104e-10,3.161185777120906e-13,40.80002951622009
4.5002884752065597e-10,3.131333083453147e-13,40.80681133270264
4.491176874843461e-10,3.087855492134306e-13,40.813697814941406
4.481981452642003e-10,3.1657892995452797e-13,40.82042145729065
4.4728590276044145e-10,3.047460287591841e-13,40.8271849155426
4.463758251915806e-10,3.1549220701199143e-13,40.83440899848938
4.454624724647971e-10,3.0488388506541564e-13,40.84125828742981
4.4455969461232314e-10,3.096671953150415e-13,40.848671674728394
4.436476463975936e-10,3.104601536789431e-13,40.855101585388184
4.4274914290376444e-10,3.0067197646574395e-13,40.8617205619812
4.4184347847142647e-10,3.1382405354940524e-13,40.86829090118408
4.409424769757919e-10,2.9888922283352604e-13,40.87494397163391
4.4004747068449035e-10,3.096455112715918e-13,40.88250136375427
4.391448871210457e-10,3.0317797426217263e-13,40.888858795166016
4.382559870563796e-10,3.019545876357943e-13,40.89541554450989
4.3735765009600414e-10,3.078096588379764e-13,40.902119636535645
4.3646916636497224e-10,2.962790603133758e-13,40.90876507759094
4.3557965567764256e-10,3.0789978314356425e-13,40.91628813743591
4.346889515005614e-10,2.966227252969994e-13,40.92305541038513
4.3380812830839943e-10,3.023717073166038e-13,40.92975211143494
4.3291822904301114e-10,3.0134277234986073e-13,40.93627643585205
4.3204098632010357e-10,2.9525213112065185e-13,40.94338321685791
4.311573043036532e-10,3.044758184727464e-13,40.95099377632141
4.3027892360214537e-10,2.920554423302413e-13,40.957494020462036
4.29404484192375e-10,3.022078572632869e-13,40.96428155899048
4.2852463244535954e-10,2.946485828762835e-13,40.97102117538452
4.276570486627662e-10,2.9567507838813845e-13,40.977556467056274
4.2678013900676603e-10,2.993645370659437e-13,40.984312772750854
4.259139707585291e-10,2.894481258407938e-13,40.99084281921387
4.250450269527306e-10,3.004519105297837e-13,40.99760437011719
4.241767770363225e-10,2.888616537806421e-13,41.00413656234741
4.23316715014721e-10,2.9592742644378445e-13,41.01100397109985
4.2244838183158606e-10,2.9293505555277877e-13,41.017879247665405
4.2159289947996115e-10,2.888650419124311e-13,41.02446413040161
4.207300619007981e-10,2.9606718010381783e-13,41.03197503089905
4.198735248372998e-10,2.8534301115511196e-13,41.03860354423523
4.1901956904233373e-10,2.9507798114669637e-13,41.04547333717346
4.18161616444479e-10,2.868582650063234e-13,41.05212473869324
4.173147938324462e-10,2.8926755196896636e-13,41.05873966217041
4.164588673916114e-10,2.9130165076982073e-13,41.06631565093994
4.1561426522562783e-10,2.829589861030879e-13,41.072721004486084
4.147655274788775e-10,2.931626566938378e-13,41.07940888404846
4.139190934449033e-10,2.8139884628193557e-13,41.08602547645569
4.1307915421562313e-10,2.894996254439869e-13,41.09256196022034
4.122321650701366e-10,2.8483156588529623e-13,41.100040435791016
4.1139755491137464e-10,2.8284362699193544e-13,41.10644483566284
4.1055475685780607e-10,2.888739052651912e-13,41.11336040496826
4.0972025772134657e-10,2.781287027943391e-13,41.11990571022034
4.088857863404627e-10,2.885238163836956e-13,41.126638889312744
4.0804948309158817e-10,2.7880971728393156e-13,41.13465189933777
4.072230608276328e-10,2.826963652318576e-13,41.14165735244751
4.0638734044584623e-10,2.834664198248654e-13,41.14925265312195
4.0556388802848176e-10,2.7644499103057774e-13,41.155892848968506
4.04734967762721e-10,2.85183931591354e-13,41.163007736206055
4.039097389885171e-10,2.7429835204421937e-13,41.16978335380554
4.030894229511972e-10,2.829219334938432e-13,41.176592111587524
4.022633892653005e-10,2.768274162418677e-13,41.184300661087036
4.014490406767379e-10,2.7672414598493844e-13,41.19086050987244
4.006260601041589e-10,2.8106046678390284e-13,41.19860339164734
3.9981290500534783e-10,2.7073105584619894e-13,41.20530343055725
3.9899727966030696e-10,2.8220145404517227e-13,41.21215105056763
3.981824314713833e-10,2.7000770326177093e-13,41.21894335746765
3.973748829988466e-10,2.779572091157062e-13,41.2257821559906
3.9655981276531804e-10,2.7464104124588773e-13,41.2333505153656
3.9575714927408967e-10,2.7026614995463716e-13,41.23984336853027
3.949466864661133e-10,2.7874203596331415e-13,41.24656820297241
3.941429405074359e-10,2.666934869558629e-13,41.25325560569763
3.9334149826153464e-10,2.767615238548349e-13,41.260024547576904
3.925359204348666e-10,2.6891976059179035e-13,41.26765775680542
3.917415558607473e-10,2.702930381685148e-13,41.27419662475586
3.9093800419109925e-10,2.7318395484123015e-13,41.280967473983765
3.901449996401851e-10,2.6456061733709513e-13,41.28780674934387
3.8934871993134834e-10,2.7445642872096776e-13,41.294090032577515
3.885535504455362e-10,2.641538517870329e-13,41.302844285964966
3.877655974093841e-10,2.7086731295422606e-13,41.3094379901886
3.8697064996817687e-10,2.669678443156104e-13,41.316673040390015
3.8618711006854767e-10,2.6445910890869617e-13,41.32363271713257
3.8539593738562417e-10,2.712472987106279e-13,41.330995321273804
3.8461273055290235e-10,2.5961624885474655e-13,41.337961196899414
3.838294404534537e-10,2.710768350240589e-13,41.34484148025513
3.8304409644140947e-10,2.6102801560859423e-13,41.35185527801514
3.8226868892543564e-10,2.6484161543514906e-13,41.358288526535034
3.814843441141136e-10,2.6556374829213303e-13,41.3657500743866
3.807112958220671e-10,2.584653953537075e-13,41.37220120429993
3.7993300172622924e-10,2.683495515642259e-13,41.37884187698364
3.791584823886751e-10,2.5655869030812017e-13,41.38547921180725
3.783887370101269e-10,2.652244201171994e-13,41.39335298538208
3.776130796939725e-10,2.598061468652574e-13,41.40134310722351
3.768490519640011e-10,2.5843623031526763e-13,41.407763719558716
3.7607642000558883e-10,2.6421055556065387e-13,41.415674686431885
3.7531261432022234e-10,2.539446788702576e-13,41.42208909988403
3.745478094341337e-10,2.641378055948801e-13,41.42949199676514
3.737820608584741e-10,2.5418192941065176e-13,41.43661165237427
3.7302472222222605e-10,2.593717883699054e-13,41.443551540374756
3.722594454913519e-10,2.58041065728451e-13,41.451125621795654
3.7150557630205583e-10,2.5305392547039784e-13,41.45855760574341
3.707459339530317e-10,2.6030360592704804e-13,41.46628522872925
3.699904826959255e-10,2.507143798125e-13,41.47319579124451
3.6923902824170796e-10,2.579870724602612e-13,41.480286836624146
3.684826055394552e-10,2.5254147731357257e-13,41.4871187210083
3.677363136223022e-10,2.5333551987964664e-13,41.49424457550049
3.669826109664598e-10,2.563830495561775e-13,41.50123190879822
3.662377900948144e-10,2.484656360865478e-13,41.507840394973755
3.6549097082172466e-10,2.5690834550874675e-13,41.51530408859253
3.647446233934204e-10,2.4751132133432607e-13,41.52186679840088
3.6400504832556635e-10,2.535400004093774e-13,41.52850079536438
3.6325867314168647e-10,2.508954957854137e-13,41.53520464897156
3.625230948767211e-10,2.476206360183669e-13,41.5416464805603
3.617807997624567e-10,2.547672901635767e-13,41.54911255836487
3.610448884305839e-10,2.4426364793675437e-13,41.555479526519775
3.6031078121112614e-10,2.528168917704382e-13,41.562255859375
3.595727882110822e-10,2.462563573196741e-13,41.56884431838989
3.5884528681862093e-10,2.4718809356165383e-13,41.57539176940918
3.581091256865676e-10,2.5003201007019193e-13,41.58293271064758
3.5738306758403837e-10,2.420099981959717e-13,41.589439392089844
3.5665345676783033e-10,2.512228435263414e-13,41.596104860305786
3.559253169971299e-10,2.416218809232762e-13,41.602967262268066
3.552035332532455e-10,2.4797237830817553e-13,41.609455585479736
3.5447511592678893e-10,2.4479593699333613e-13,41.617029666900635
3.537579396084567e-10,2.416779883857023e-13,41.62406587600708
3.530328807066496e-10,2.4853624475303093e-13,41.632242918014526
3.5231545458813684e-10,2.3786474092485355e-13,41.63872528076172
3.515981117363509e-10,2.477188647351941e-13,41.645676612854004
3.508791868167549e-10,2.3822870759415693e-13,41.6526894569397
3.501685053031167e-10,2.426661302457056e-13,41.659459352493286
3.494502742729111e-10,2.4223659645002116e-13,41.66722798347473
3.4874197973877585e-10,2.37438757891284e-13,41.67368531227112
3.480292443125421e-10,2.447118571148599e-13,41.68031024932861
3.4732036691131896e-10,2.3441765564270745e-13,41.68688988685608
3.4661476466801844e-10,2.426707923150473e-13,41.693747758865356
3.459043329545608e-10,2.3737950624255766e-13,41.70094418525696
3.452046426488664e-10,2.366824184557581e-13,41.70737957954407
3.4449701424854595e-10,2.4086158414982073e-13,41.71555948257446
3.4379729618727595e-10,2.327073809257202e-13,41.72218370437622
3.430965789252838e-10,2.413662260510041e-13,41.729440689086914
3.4239558410753546e-10,2.3253553488138123e-13,41.73618459701538
3.4170186125059843e-10,2.3695720949637455e-13,41.74306058883667
3.4100075541054764e-10,2.363125970947233e-13,41.75050592422485
3.40310252200382e-10,2.315173606212001e-13,41.757484436035156
3.3961428114182013e-10,2.3787192376424626e-13,41.76538848876953
3.3892294526438604e-10,2.2848219084943555e-13,41.7718620300293
3.3823394085530367e-10,2.3659565517690495e-13,41.778804779052734
3.375414114881181e-10,2.300133011574196e-13,41.785613775253296
3.368577916607052e-10,2.3214896259678153e-13,41.792729139328
3.361673162061152e-10,2.3377580795659603e-13,41.80052828788757
3.3548547273554163e-10,2.2719661167593802e-13,41.80755138397217
3.3480104799643584e-10,2.345895287921007e-13,41.81532955169678
3.341176224580522e-10,2.259577345110203e-13,41.822336196899414
3.3343969252364047e-10,2.3236536935040963e-13,41.82953357696533
3.3275629474083246e-10,2.288139025041075e-13,41.83646583557129
3.3208288896524607e-10,2.2632068474078698e-13,41.84346795082092
3.314025442957558e-10,2.324677722456009e-13,41.85099720954895
3.30729166275745e-10,2.221560338033085e-13,41.85824418067932
3.300557049890074e-10,2.320711439858514e-13,41.86621427536011
3.293805228565816e-10,2.2341499581347152e-13,41.87263059616089
3.287138894414454e-10,2.265472694423093e-13,41.87968397140503
3.280392069093807e-10,2.278152709880854e-13,41.88691711425781
3.273746829179913e-10,2.212512535378422e-13,41.89407467842102
3.267060233458352e-10,2.2888613747384934e-13,41.90109586715698
3.2603991728663573e-10,2.1960748107160977e-13,41.907907009124756
3.2537811334165667e-10,2.2646569678135692e-13,41.915305614471436
3.2471103583731065e-10,2.2262404322358903e-13,41.9219388961792
3.240538670734594e-10,2.2142717889285513e-13,41.929348945617676
3.2339025901606533e-10,2.2491615503644063e-13,41.9363272190094
3.2273339556354586e-10,2.1729554191152883e-13,41.943110704422
3.2207556066587983e-10,2.259163044355042e-13,41.95092034339905
3.2141775352378943e-10,2.1678207731516685e-13,41.957557916641235
3.2076638567524185e-10,2.219961410879212e-13,41.965786933898926
3.2010824546624406e-10,2.2098804990794418e-13,41.97240233421326
3.194604580869509e-10,2.1593729408742046e-13,41.97961640357971
3.188068975479297e-10,2.2334266597603958e-13,41.98652720451355
3.1815758361197766e-10,2.1409562761965512e-13,41.99385166168213
3.175114338116458e-10,2.2107446082109128e-13,42.001121044158936
3.168610374082448e-10,2.1575929519575265e-13,42.00811839103699
3.1621968932249445e-10,2.1647280864546536e-13,42.015843868255615
3.155715688762939e-10,2.1899704814344612e-13,42.022491216659546
3.149313310135682e-10,2.1203764926595176e-13,42.030367612838745
3.142886506601883e-10,2.2054648146814515e-13,42.0372052192688
3.136473858411648e-10,2.1093073305795268e-13,42.04432511329651
3.1301133907035705e-10,2.1712511888254127e-13,42.051448822021484
3.123692970952163e-10,2.1477509712115178e-13,42.05869150161743
3.1173708059384353e-10,2.1191882070784734e-13,42.06674838066101
3.110992574661964e-10,2.1691886297175306e-13,42.07347750663757
3.104665136088869e-10,2.0861128579782728e-13,42.08049988746643
3.098346301744215e-10,2.1682586553040811e-13,42.08737230300903
3.0920110916099475e-10,2.091119025984453e-13,42.0948920249939
3.0857491561953054e-10,2.1230619259154926e-13,42.10284423828125
3.079422272733723e-10,2.1271413721147409e-13,42.10994100570679
3.0731808764450363e-10,2.0732280638351835e-13,42.11814332008362
3.066902287685025e-10,2.151279507181872e-13,42.12577819824219
3.060649511610336e-10,2.0592434821133793e-13,42.13396167755127
3.0544378137875583e-10,2.1268662558134727e-13,42.14087986946106
3.0481817070437955e-10,2.0777243857697525e-13,42.1489679813385
3.042007756803855e-10,2.0804763619340638e-13,42.155492067337036
3.035777462745415e-10,2.1116731952451617e-13,42.1635947227478
3.0296146147357206e-10,2.03389673267447e-13,42.170766830444336
3.0234414971630486e-10,2.1127296147369773e-13,42.17812705039978
3.017261718252229e-10,2.034095412722578e-13,42.18530035018921
3.0111502180574234e-10,2.0726009884036722e-13,42.193150758743286
3.004974880038702e-10,2.0675606680290587e-13,42.20119023323059
2.998888637417707e-10,2.0230814094281124e-13,42.20815825462341
2.992756042985434e-10,2.094039595586586e-13,42.215778827667236
2.9866642492493156e-10,1.998717895834376e-13,42.22263264656067
2.980596325308227e-10,2.0740597824267515e-13,42.23018288612366
2.9744881557824954e-10,2.0256109886217927e-13,42.23727321624756
2.9684729674350763e-10,2.0193056753624317e-13,42.24461388587952
2.9623875574813496e-10,2.0555496053117212e-13,42.25174927711487
2.9563759773587606e-10,1.9809090619996722e-13,42.25952219963074
2.950349686781095e-10,2.059455172587557e-13,42.26767182350159
2.9443208982016245e-10,1.984967366256557e-13,42.27473425865173
2.9383573352248504e-10,2.0229761062921098e-13,42.28200721740723
2.9323318773144535e-10,2.0118794325819922e-13,42.288554430007935
2.92639357191149e-10,1.976961346364381e-13,42.29602360725403
2.92040586158393e-10,2.038383161264215e-13,42.3032431602478
2.91446727862521e-10,1.947711740155067e-13,42.31084632873535
2.9085400754524926e-10,2.0262085195441037e-13,42.31805634498596
2.9025873371502087e-10,1.961835506330764e-13,42.32485246658325
2.8967120369038923e-10,1.9817413226923264e-13,42.33295488357544
2.8907737315009285e-10,1.9965694137043244e-13,42.339391469955444
2.88491230904242e-10,1.9385911604295758e-13,42.34648418426514
2.879021743229515e-10,2.0139566284192029e-13,42.35345721244812
2.873150328763785e-10,1.9281940681712545e-13,42.36048913002014
2.8673244334420644e-10,1.9824167806457849e-13,42.36784052848816
2.8614463576381866e-10,1.9537198464938954e-13,42.3749794960022
2.8556548792302294e-10,1.9340955161213647e-13,42.382983684539795
2.8498053916692356e-10,1.985716414432473e-13,42.390180587768555
2.844018631709133e-10,1.8966390415674217e-13,42.397212982177734
2.8382277084126883e-10,1.9808895463605675e-13,42.40383052825928
2.832423184884192e-10,1.904933730288022e-13,42.410661935806274
2.826688605406247e-10,1.9388929752093415e-13,42.41766381263733
2.8208915758831665e-10,1.9387506736742027e-13,42.42507791519165
2.8151769804196647e-10,1.8919413290793136e-13,42.43295240402222
2.809425470040594e-10,1.9566808026269533e-13,42.43935585021973
2.8037006050141144e-10,1.8753922026437664e-13,42.44641900062561
2.7980090466783736e-10,1.9368519646196375e-13,42.45304608345032
2.79227724275799e-10,1.8965151714692152e-13,42.46040630340576
2.786626485118404e-10,1.8928835007672035e-13,42.468822717666626
2.78091494276822e-10,1.9331472457962545e-13,42.476166009902954
2.775273066912831e-10,1.851794948935434e-13,42.483967304229736
2.7696170357138783e-10,1.9329268817046968e-13,42.49125123023987
2.7639579514016077e-10,1.8545776893363897e-13,42.49958395957947
2.758359096688423e-10,1.8975379806936837e-13,42.50715684890747
2.7527033430452263e-10,1.8848247615443903e-13,42.51527500152588
2.7471291907943396e-10,1.8512658582752611e-13,42.52230429649353
2.7415114622897363e-10,1.9054477776430517e-13,42.53010582923889
2.7359320364794826e-10,1.8278484466022898e-13,42.537370443344116
2.730372317127916e-10,1.895029543442367e-13,42.54480504989624
2.7247826217546844e-10,1.8435638215671957e-13,42.552515268325806
2.7192681439913713e-10,1.8523362368700474e-13,42.55969548225403
2.713695101963509e-10,1.8733183949383447e-13,42.56785607337952
2.7081906162074176e-10,1.8133506306770852e-13,42.57518768310547
2.702666701548395e-10,1.8821679241207145e-13,42.582863569259644
2.697150558450545e-10,1.8074335973207456e-13,42.59017372131348
2.6916829876100223e-10,1.8544843124242844e-13,42.59763026237488
2.6861651791776353e-10,1.833382485541199e-13,42.604758739471436
2.680728417026046e-10,1.8099210281549705e-13,42.61214208602905
2.6752422499498607e-10,1.8580896912236133e-13,42.61923909187317
2.6698024346849536e-10,1.7830881085881267e-13,42.62639355659485
2.664372611427268e-10,1.849787277562534e-13,42.634692430496216
2.6589211388206024e-10,1.7939950469180593e-13,42.64195680618286
2.6535385000414635e-10,1.811773658617205e-13,42.649752378463745
2.6480992398880687e-10,1.8225559136973019e-13,42.65760922431946
2.6427321442312746e-10,1.7717393578729063e-13,42.66536855697632
2.6373370154431086e-10,1.8348213573493588e-13,42.67186093330383
2.6319593726675805e-10,1.760779564687065e-13,42.67895436286926
2.626620032586402e-10,1.8133006218518793e-13,42.686115026474
2.6212379489187754e-10,1.7826303042207947e-13,42.69304704666138
2.615932193084092e-10,1.7713852303383182e-13,42.70059537887573
2.6105764772133e-10,1.8078587400976315e-13,42.7073187828064
2.6052729418246656e-10,1.73993740422429e-13,42.71391177177429
2.5999666308784697e-10,1.8132651142307304e-13,42.72034168243408
2.5946531034826137e-10,1.745836412719512e-13,42.72758173942566
2.589400915908868e-10,1.7732230885459527e-13,42.734450578689575
2.5840912742935984e-10,1.7723637227989864e-13,42.7410204410553
2.578856850288247e-10,1.731194940006453e-13,42.74765634536743
2.57358745425762e-10,1.787918771367636e-13,42.75410008430481
2.56834498113534e-10,1.7144460493206254e-13,42.760977029800415
2.563129430921407e-10,1.7723105968925346e-13,42.767982006073
2.557881406684004e-10,1.7305566159774022e-13,42.77504277229309
2.552704714275933e-10,1.732170993012233e-13,42.78251338005066
2.54747473116268e-10,1.758820004785569e-13,42.78924536705017
2.542305255204269e-10,1.6974969878087026e-13,42.79604434967041
2.5371238443483435e-10,1.7638482634110136e-13,42.803460359573364
2.5319421559366617e-10,1.6968319653011543e-13,42.810895919799805
2.526812092895625e-10,1.7343503749042005e-13,42.818883180618286
2.5216323473742364e-10,1.7218683618681896e-13,42.825592279434204
2.5165269867954976e-10,1.6938478343466595e-13,42.83443355560303
2.5113805479648477e-10,1.74158471390011e-13,42.84117650985718
2.5062710240497665e-10,1.6723375342950902e-13,42.85005474090576
2.501176765701274e-10,1.7319663498521765e-13,42.85717296600342
2.496054751777166e-10,1.6897229871814384e-13,42.86564636230469
2.4910074003514637e-10,1.6906700377791045e-13,42.87214112281799
2.4859009295497003e-10,1.713248005920029e-13,42.87958908081055
2.48085996190639e-10,1.6573693101522985e-13,42.88652539253235
2.475799287804392e-10,1.7195750032228396e-13,42.89352869987488
2.4707477730423477e-10,1.6517011011945443e-13,42.90100836753845
2.465738169199483e-10,1.695817152067708e-13,42.9079749584198
2.46068582177017e-10,1.6726095335151125e-13,42.91614270210266
2.455704251058677e-10,1.6577852372107182e-13,42.922524213790894
2.450679104093467e-10,1.695182216170446e-13,42.92969989776611
2.4456983660492426e-10,1.630545877354464e-13,42.93635821342468
2.440721513785604e-10,1.6916385013696772e-13,42.94329261779785
2.435731061289914e-10,1.6360792386670153e-13,42.95114541053772
2.430799450614529e-10,1.6594589743144927e-13,42.95810055732727
2.42581760234728e-10,1.661709642499301e-13,42.965840101242065
2.420901812349996e-10,1.6222709753235115e-13,42.97244596481323
2.415957711665584e-10,1.6761344103031345e-13,42.97950315475464
2.4110355378859083e-10,1.6079195266915924e-13,42.98616075515747
2.4061413972376045e-10,1.6594767281250672e-13,42.99310278892517
2.4012133947870495e-10,1.6254330509595655e-13,43.00048565864563
2.3963511730507037e-10,1.6284670552139946e-13,43.00714731216431
2.3914475955066905e-10,1.6442230877603686e-13,43.01386284828186
2.386591202441224e-10,1.5962593389023255e-13,43.02042055130005
2.381729258260634e-10,1.6483560664418834e-13,43.02743601799011
2.3768656487455075e-10,1.5927320226594155e-13,43.03444528579712
2.3720492237089275e-10,1.6250468039356175e-13,43.0414400100708
2.3671883897513624e-10,1.6146841350962726e-13,43.04914951324463
2.362394724286787e-10,1.587189445628398e-13,43.05596876144409
2.3575652541296677e-10,1.633371037165418e-13,43.063244104385376
2.3527668702172377e-10,1.567625017425897e-13,43.07017469406128
2.347986249873202e-10,1.6232048799698362e-13,43.07741332054138
2.343180927066868e-10,1.5790400399989107e-13,43.08471465110779
2.3384386094171816e-10,1.587891602060354e-13,43.09172439575195
2.3336471643986556e-10,1.604657975506213e-13,43.09962558746338
2.328914838756191e-10,1.553841555207089e-13,43.106420278549194
2.3241641944338198e-10,1.6126355350913613e-13,43.11327862739563
2.319422709451402e-10,1.5466238858195813e-13,43.12009525299072
2.314720221052724e-10,1.590183063351902e-13,43.12734365463257
2.3099770707357692e-10,1.5674394833291305e-13,43.135321855545044
2.3053012276896823e-10,1.552380457254393e-13,43.14218020439148
2.3005843063916842e-10,1.5895588339510935e-13,43.15012001991272
2.295909573568622e-10,1.5251160252229001e-13,43.156538009643555
2.29123914285978e-10,1.5843324373786272e-13,43.16431784629822
2.2865509485825442e-10,1.5385181193275366e-13,43.17129874229431
2.2819231226822723e-10,1.5542296995848387e-13,43.17834949493408
2.2772461694131607e-10,1.562102091559256e-13,43.18564581871033
2.2726313886334282e-10,1.5199128034718706e-13,43.192447662353516
2.2679928768365443e-10,1.5697954546499415e-13,43.20003008842468
2.263369769384127e-10,1.5094005147327227e-13,43.206509828567505
2.2587774706206432e-10,1.5533150395270756e-13,43.21326565742493
2.2541511712770301e-10,1.5248922729995534e-13,43.22002649307251
2.2495909302033823e-10,1.515295457469798e-13,43.227046728134155
2.2449826719839194e-10,1.5497557393200773e-13,43.23439359664917
2.2404253452457112e-10,1.4881577415672143e-13,43.24121713638306
2.2358628837260142e-10,1.548818582067235e-13,43.24865937232971
2.2312945935354378e-10,1.4916851933353958e-13,43.25516891479492
2.226777234826116e-10,1.5186188081790092e-13,43.26206851005554
2.2222122753046136e-10,1.5144121037497654e-13,43.268821001052856
2.2177117087185394e-10,1.4851301070005485e-13,43.275408029556274
2.2131793619983853e-10,1.5314724315096395e-13,43.28288817405701
2.2086744932980906e-10,1.4691917929639253e-13,43.28935432434082
2.2041887759449708e-10,1.520606828387533e-13,43.29648208618164
2.1996761356835037e-10,1.4828318694454223e-13,43.303508043289185
2.1952251127999034e-10,1.4862185104564524e-13,43.310219526290894
2.190727876882903e-10,1.505692001201736e-13,43.31762218475342
2.1862837928932066e-10,1.4553637429307736e-13,43.324018716812134
2.1818273576723612e-10,1.5094460512239671e-13,43.33100748062134
2.1773736980090774e-10,1.452080914277759e-13,43.33745837211609
2.172961671709217e-10,1.4874721192183887e-13,43.34390878677368
2.1685084283795675e-10,1.473226109247744e-13,43.35094356536865
2.1641190228738338e-10,1.4528406689501283e-13,43.35779428482056
2.1596928412304095e-10,1.4903162525673613e-13,43.36526441574097
2.1553013540565047e-10,1.4328024443982512e-13,43.37168741226196
2.150918887444675e-10,1.485680610653628e-13,43.3782753944397
2.1465193511538416e-10,1.4399724088901694e-13,43.38484764099121
2.1421747709027272e-10,1.4546310933127166e-13,43.39150619506836
2.1377849490633594e-10,1.4626861733531976e-13,43.39950752258301
2.13345299759915e-10,1.4222204956695211e-13,43.406009674072266
2.1290996743417168e-10,1.47010225173827e-13,43.412606954574585
2.1247574533145297e-10,1.415134692371242e-13,43.41919803619385
2.120447983866569e-10,1.4542139465268528e-13,43.42614245414734
2.1161046526163574e-10,1.4306667016437263e-13,43.43374562263489
2.1118226611882562e-10,1.4213632983268998e-13,43.44027233123779
2.107499730286122e-10,1.4512323905525176e-13,43.44686579704285
2.103219820526192e-10,1.3971561808965444e-13,43.45337748527527
2.0989386617653594e-10,1.450384544453634e-13,43.4603374004364
2.094649176331842e-10,1.4006901378777609e-13,43.46765184402466
2.0904093733786766e-10,1.4210307193104899e-13,43.47452735900879
2.086123218614233e-10,1.425451689194071e-13,43.481932163238525
2.0818993751170467e-10,1.3890741313270227e-13,43.48885726928711
2.0776452780424393e-10,1.4377343445556162e-13,43.49547100067139
2.0734150507628613e-10,1.3759063604169147e-13,43.50202512741089
2.0692059177207511e-10,1.4251380837156796e-13,43.508644819259644
2.0649693066587815e-10,1.3903830343997559e-13,43.516969442367554
2.060791537417117e-10,1.392845393058742e-13,43.52358913421631
2.0565703306996141e-10,1.4123787859740555e-13,43.530996799468994
2.0523981125730728e-10,1.3653852625351154e-13,43.53976130485535
2.0482167351065783e-10,1.4134316818088105e-13,43.54716920852661
2.044033831083425e-10,1.3646311999241517e-13,43.55398225784302
2.0398929767573293e-10,1.392597381811786e-13,43.56101894378662
2.0357125707359813e-10,1.3840205294757962e-13,43.56811308860779
2.0315922555358412e-10,1.3601725540150766e-13,43.57455277442932
2.027437939755572e-10,1.3994294818017033e-13,43.58204245567322
2.023316097998773e-10,1.3396460319097664e-13,43.58933997154236
2.019201472691634e-10,1.394879627384868e-13,43.59637260437012
2.0150714430400285e-10,1.3502321819219149e-13,43.60338258743286
2.0109937326484584e-10,1.3638291613670556e-13,43.610167264938354
2.0068724460031717e-10,1.3729220939371484e-13,43.617759466171265
2.0028070868427506e-10,1.3298054064164733e-13,43.62486386299133
1.998719661999715e-10,1.3821136889049374e-13,43.63363432884216
1.9946430618311695e-10,1.3264321824073277e-13,43.64033317565918
1.9905994907976066e-10,1.3642381766366257e-13,43.64725613594055
1.986520947738768e-10,1.34314326154239e-13,43.654362201690674
1.9825011077223564e-10,1.3325824547560233e-13,43.661784648895264
1.978443936456742e-10,1.3618411411585318e-13,43.668630599975586
1.97442701077577e-10,1.3064142866461848e-13,43.675495624542236
1.9704068932036023e-10,1.3627281540608965e-13,43.682968616485596
1.9663806694047992e-10,1.311093432172089e-13,43.689781665802
1.9623995484163714e-10,1.3364736563530738e-13,43.697696685791016
1.9583777655096668e-10,1.3330554379537701e-13,43.704015016555786
1.9544121876435838e-10,1.3039234676801709e-13,43.710450887680054
1.9504192705355194e-10,1.346140267397683e-13,43.717572927474976
1.94644911299946e-10,1.2872045280793581e-13,43.72451138496399
1.9424954700308916e-10,1.336677486361501e-13,43.731950521469116
1.938519900157587e-10,1.3007187015835753e-13,43.738383054733276
1.9345990087682452e-10,1.302405042537605e-13,43.744895458221436
1.930634818680943e-10,1.3252104220842081e-13,43.751439809799194
1.9267186457394558e-10,1.2764579161456818e-13,43.75807762145996
1.922794284903162e-10,1.3242252888852335e-13,43.76531934738159
1.9188681199544533e-10,1.2754248070005747e-13,43.77172827720642
1.914979980144338e-10,1.305998359587765e-13,43.77823185920715
1.9110564519753126e-10,1.2946613995711703e-13,43.78472709655762
1.9071878798460062e-10,1.2757545399862819e-13,43.791159868240356
1.9032889153614008e-10,1.3105075564231322e-13,43.79867243766785
1.899417845230289e-10,1.258154550595053e-13,43.805686235427856
1.8955596814418385e-10,1.3001925924793767e-13,43.811888456344604
1.8916808397495544e-10,1.267286649968627e-13,43.81856060028076
1.887851264203988e-10,1.276466183187247e-13,43.825443267822266
1.8839863002995116e-10,1.283492761941854e-13,43.83291006088257
1.8801661616496546e-10,1.2487595321946515e-13,43.839805603027344
1.8763303410995746e-10,1.294857369113847e-13,43.846696853637695
1.872505622779741e-10,1.239417233124887e-13,43.853601694107056
1.868708660035523e-10,1.276914771836113e-13,43.860551595687866
1.8648796396014689e-10,1.2595667239247155e-13,43.86780261993408
1.8611069629859145e-10,1.2463638519692732e-13,43.874998569488525
1.8573005633459871e-10,1.2744827708379564e-13,43.88255500793457
1.8535256662843835e-10,1.2268285617001579e-13,43.88928723335266
1.849754655003366e-10,1.2744827708379564e-13,43.896252393722534
1.8459743456045175e-10,1.2319571090265574e-13,43.903186082839966
1.842237196125751e-10,1.250498050378232e-13,43.909919023513794
1.8384624378420256e-10,1.25165801117752e-13,43.917702436447144
1.8347399988183355e-10,1.2185311624741263e-13,43.924553871154785
1.8309916083314448e-10,1.2655345792578904e-13,43.932878732681274
1.8272644508599e-10,1.2050831253024308e-13,43.93929672241211
1.8235558896240178e-10,1.2508847039779947e-13,43.94622778892517
1.8198201279240322e-10,1.2234451732956453e-13,43.953537464141846
1.8161397385973999e-10,1.2203188763312833e-13,43.960262298583984
1.8124207690206617e-10,1.2423838813193505e-13,43.96787667274475
1.8087437103631032e-10,1.193680164478586e-13,43.97444820404053
1.8050586025886162e-10,1.2451761084893154e-13,43.98260450363159
1.8013728009247387e-10,1.195403097255937e-13,43.989065408706665
1.7977262734003574e-10,1.219543400727413e-13,43.99587869644165
1.7940399166249676e-10,1.2178441848725852e-13,44.003042459487915
1.7904092097786872e-10,1.1901662652375605e-13,44.00964117050171
1.786750331023157e-10,1.22921502620707e-13,44.01765537261963
1.7831157383962903e-10,1.1750764749261788e-13,44.02419710159302
1.7794934970005727e-10,1.219216107196594e-13,44.03194499015808
1.7758508552567775e-10,1.188075110297379e-13,44.038479804992676
1.7722587286606029e-10,1.1926508500410826e-13,44.045759201049805
1.7686295483709813e-10,1.2043840859517208e-13,44.05256247520447
1.7650429728899297e-10,1.1670371158171988e-13,44.05916500091553
1.7614448788449977e-10,1.2098803133398645e-13,44.066776275634766
1.7578498379133833e-10,1.1663746682898102e-13,44.073230504989624
1.7542879648946297e-10,1.1933227843374805e-13,44.080498695373535
1.7506948668533084e-10,1.1812283735781332e-13,44.0873019695282
1.747151312514461e-10,1.1664902713464514e-13,44.09389019012451
1.743579586266364e-10,1.1919312108490954e-13,44.101211071014404
1.7400356155938823e-10,1.1484093027664538e-13,44.10788631439209
1.7364959470356212e-10,1.1925973175588162e-13,44.11558508872986
1.7329471191374068e-10,1.1530404723462256e-13,44.12207555770874
1.7294404797141283e-10,1.166802928147942e-13,44.12908577919006
1.725896925375281e-10,1.1714967104031748e-13,44.135733127593994
1.722400277959224e-10,1.140372654162905e-13,44.14248752593994
1.71888392408448e-10,1.182880426638458e-13,44.15021896362305
1.7153821418869342e-10,1.132215455830303e-13,44.157007694244385
1.7119036743729055e-10,1.166994831932472e-13,44.16388440132141
1.7083977288390173e-10,1.1460324605538225e-13,44.17071056365967
1.7049404943403346e-10,1.1421977729950128e-13,44.17753863334656
1.7014528674863527e-10,1.1598151096210013e-13,44.184483766555786
1.697997575877963e-10,1.121776011924619e-13,44.19109034538269
1.6945418679359392e-10,1.1608839974378005e-13,44.198575258255005
1.6910793598778895e-10,1.125848749622925e-13,44.20518255233765
1.6876566810708482e-10,1.139013742264966e-13,44.212350606918335
1.6841976424597505e-10,1.143853078661855e-13,44.21903467178345
1.680788702662639e-10,1.1127288868963137e-13,44.225619077682495
1.6773554767368637e-10,1.1519897449158156e-13,44.2328896522522
1.673939320490092e-10,1.1058722568322438e-13,44.24032258987427
1.6705424543683733e-10,1.142405668761587e-13,44.247732162475586
1.6671228286746498e-10,1.1163763462924622e-13,44.25496506690979
1.6637498323479605e-10,1.1173604630519002e-13,44.262123823165894
1.660344639553557e-10,1.1295309712512289e-13,44.2692129611969
1.6569765004526005e-10,1.0946893212867778e-13,44.276482582092285
1.6536003122347154e-10,1.1334116018770976e-13,44.28402614593506
1.6502256505734891e-10,1.0922301474716734e-13,44.2908091545105
1.6468824914905866e-10,1.1163524260820318e-13,44.29771685600281
1.643508940052385e-10,1.1073127549436623e-13,44.304593563079834
1.640182850648486e-10,1.0902901709719179e-13,44.3117995262146
1.6368281730017031e-10,1.1237348941997571e-13,44.31884002685547
1.6335008345969015e-10,1.0766116730759334e-13,44.32569193840027
1.6301809901975162e-10,1.1177763223476841e-13,44.33379769325256
1.626847129232445e-10,1.0835599859862141e-13,44.340815782547
1.6235568445210902e-10,1.090605741566747e-13,44.348591804504395
1.620228534671142e-10,1.1041863902166646e-13,44.355506896972656
1.6169468541882281e-10,1.0667387925680089e-13,44.362399101257324
1.6136490754714572e-10,1.1067583210577076e-13,44.37008476257324
1.610357958092834e-10,1.0644593930256296e-13,44.37698221206665
1.6070948738455826e-10,1.0908834328481748e-13,44.38537549972534
1.603803201355447e-10,1.0764962733071995e-13,44.39233899116516
1.600556631675687e-10,1.069523836898581e-13,44.40047526359558
1.5972843880884824e-10,1.087390607786877e-13,44.40753769874573
1.5940400388547715e-10,1.0505982748262171e-13,44.4144504070282
1.5907966610662072e-10,1.0879352838532794e-13,44.42176842689514
1.5875470382731294e-10,1.052140484653942e-13,44.42866063117981
1.5843311385044245e-10,1.0719730496062257e-13,44.43594145774841
1.5810878994937383e-10,1.0657323819013992e-13,44.44300293922424
1.577885461179207e-10,1.0461761529778277e-13,44.45126390457153
1.5746633164059887e-10,1.0772675476276514e-13,44.45811367034912
1.571456714755115e-10,1.0375136486702116e-13,44.465999603271484
1.568268848117782e-10,1.066670555593778e-13,44.472816467285156
1.5650590545757126e-10,1.0464268069675792e-13,44.48031806945801
1.5618920046200913e-10,1.0445066849201073e-13,44.48770785331726
1.558695117420683e-10,1.0611497981314819e-13,44.49496674537659
1.5555312593562576e-10,1.0272705131203833e-13,44.502182960510254
1.552363654289124e-10,1.0641037069504186e-13,44.50912284851074
1.5491949389989657e-10,1.0258600338566154e-13,44.517099142074585
1.5460567548419846e-10,1.0476954590346588e-13,44.523669719696045
1.5428915089987782e-10,1.0364043743224874e-13,44.53037405014038
1.5397678965189954e-10,1.0228395143667066e-13,44.53719425201416
1.5366209693556954e-10,1.0491593352554215e-13,44.54405450820923
1.533496524208644e-10,1.0082920961921107e-13,44.55150747299194
1.5303805445121554e-10,1.0444650786617382e-13,44.558250188827515
1.5272511033614933e-10,1.0149960570377675e-13,44.566500425338745
1.5241589934600341e-10,1.0259776020296943e-13,44.573132038116455
1.521040099428106e-10,1.0283511238731724e-13,44.58035135269165
1.5179565937550876e-10,1.0030848764455702e-13,44.58739495277405
1.5148610144066765e-10,1.0363518582797576e-13,44.59407305717468
1.5117732066194378e-10,9.966289268468695e-14,44.60121726989746
1.5087080196263258e-10,1.0239966968979275e-13,44.60791730880737
1.5056178526151598e-10,1.0123144184893962e-13,44.61530065536499
1.5025730659701253e-10,9.982622774197189e-14,44.62224006652832
1.4994994135264506e-10,1.024592262703801e-13,44.629459619522095
1.496452822769001e-10,9.829933904619698e-14,44.63707661628723
1.4934098402363816e-10,1.021026660571675e-13,44.64422941207886
1.490357698363809e-10,9.873547292260643e-14,44.651968479156494
1.4873413611837805e-10,1.000997041874542e-13,44.65915608406067
1.484295047982087e-10,1.0032501495142385e-13,44.66722869873047
1.481288425253524e-10,9.783637116601851e-14,44.67374920845032
1.4782652879574698e-10,1.0122653583410912e-13,44.68030595779419
1.4752532528916618e-10,9.730352645582335e-14,44.688228368759155
1.472261201840297e-10,1.0020450587995208e-13,44.69542479515076
1.4692486116629766e-10,9.810288838880618e-14,44.702874183654785
1.466274462957884e-10,9.824261494378525e-14,44.70989966392517
1.4632757505683713e-10,9.931732357099793e-14,44.718284606933594
1.4603043774208402e-10,9.655029732527978e-14,44.72501301765442
1.457333004273309e-10,9.937013099306155e-14,44.732980251312256
1.4543576065673136e-10,9.633873560010997e-14,44.73940420150757
1.451411907327227e-10,9.797712093679786e-14,44.74602174758911
1.4484399790681834e-10,9.76235422795596e-14,44.75298261642456
1.445507186170758e-10,9.574051349891394e-14,44.75957465171814
1.4425546868146455e-10,9.86377185442297e-14,44.767683267593384
1.439619812249049e-10,9.4664957838754e-14,44.77423024177551
1.4366965950252109e-10,9.799274022434523e-14,44.78097629547119
1.4337574183453938e-10,9.543040457252877e-14,44.78825044631958
1.4308569606935606e-10,9.580370893304269e-14,44.79524087905884
1.427927220909453e-10,9.696414407078108e-14,44.80274486541748
1.4250318980391086e-10,9.378302713407283e-14,44.809571266174316
1.4221281097182015e-10,9.731830548668705e-14,44.817476749420166
1.419227096954856e-10,9.353664896663907e-14,44.82407212257385
1.4163516193210768e-10,9.593798737210502e-14,44.83208894729614
1.4134494963347066e-10,9.519303205939023e-14,44.838900089263916
1.4105916434914434e-10,9.334946146155945e-14,44.84571027755737
1.4077054799610522e-10,9.65583746314648e-14,44.85285425186157
1.40484610056113e-10,9.188564622716888e-14,44.85943913459778
1.4019907457196723e-10,9.588710440889756e-14,44.8671190738678
1.399123872314334e-10,9.260260201877923e-14,44.873698472976685
1.3962939138245645e-10,9.367119167998095e-14,44.8803768157959
1.3934334242016178e-10,9.42323272906144e-14,44.88703465461731
1.3906109597172644e-10,9.14741101875477e-14,44.893677949905396
1.3877735072220787e-10,9.500239543614938e-14,44.90104079246521
1.3849459079562365e-10,9.083687713693292e-14,44.90742826461792
1.3821381539269595e-10,9.373254397041647e-14,44.91398024559021
1.379306530102653e-10,9.24256602242296e-14,44.9206268787384
1.3765186213099412e-10,9.122212805013491e-14,44.92725658416748
1.373701569162833e-10,9.360643770522925e-14,44.934383392333984
1.3709124113692184e-10,8.972082652563065e-14,44.94077277183533
1.36812353113136e-10,9.333473664080438e-14,44.94733190536499
1.3653285446668662e-10,9.002438958139944e-14,44.95604372024536
1.362565060780696e-10,9.153778673639049e-14,44.963077783584595
1.3597740988746665e-10,9.141882265301451e-14,44.96994662284851
1.3570208845514742e-10,8.937256723530115e-14,44.976393938064575
1.3542506005492783e-10,9.228125804738169e-14,44.984134674072266
1.3514923902224751e-10,8.879978322757706e-14,44.99070763587952
1.348750139351651e-10,9.15506142033437e-14,44.99927043914795
1.3459917902469698e-10,8.932682067988584e-14,45.00603437423706
1.34326799683393e-10,8.950210228985886e-14,45.012853384017944
1.3405176968461774e-10,9.098854346833649e-14,45.020302057266235
1.3378007035491635e-10,8.750888468717077e-14,45.027501344680786
1.3350749672458306e-10,9.111777359103318e-14,45.03454303741455
1.3323508962770347e-10,8.744920613383902e-14,45.041269063949585
1.3296527767714394e-10,8.961382932373349e-14,45.04869294166565
1.3269289833583997e-10,8.888958904877675e-14,45.05622720718384
1.324244464084856e-10,8.736827044166298e-14,45.06311082839966
1.321537879128698e-10,8.996045553454068e-14,45.07004237174988
1.318850861853349e-10,8.621795904171017e-14,45.07726716995239
1.3161721712506846e-10,8.943694851555606e-14,45.0844943523407
1.313480713083237e-10,8.69120652725354e-14,45.09124493598938
1.3108229779401626e-10,8.756834640006803e-14,45.09869599342346
1.3081394301117655e-10,8.826809048219017e-14,45.10525822639465
1.3054880787510825e-10,8.566681841985432e-14,45.11229085922241
1.3028264578274218e-10,8.881709658101894e-14,45.119335651397705
1.3001708043525184e-10,8.524931249202089e-14,45.12608027458191
1.2975356900035706e-10,8.762837731910583e-14,45.13412880897522
1.2948793426392768e-10,8.637838030565656e-14,45.14069700241089
1.2922579673002588e-10,8.590599341910463e-14,45.14869737625122
1.2896171630583098e-10,8.730729762198783e-14,45.15585708618164
1.2869973142759505e-10,8.438773090686455e-14,45.162689447402954
1.2843801022732748e-10,8.723681770451269e-14,45.169883012771606
1.2817565064882075e-10,8.453878737454609e-14,45.176616191864014
1.2791619152796585e-10,8.568280362563491e-14,45.18440270423889
1.2765424828309335e-10,8.58865658714264e-14,45.191242933273315
1.2739571897402158e-10,8.373618638757296e-14,45.198681354522705
1.271357880083812e-10,8.65767621981671e-14,45.20530939102173
1.2687689787682643e-10,8.307388116171946e-14,45.21237635612488
1.266195065463549e-10,8.578324140438853e-14,45.219263792037964
1.26360408247983e-10,8.395728909186065e-14,45.226051568984985
1.2610479327435087e-10,8.38066053186759e-14,45.23350119590759
1.2584674968785237e-10,8.525694934107333e-14,45.24020504951477
1.2559139839218858e-10,8.219203177220122e-14,45.24708580970764
1.2533576954076864e-10,8.536235412102966e-14,45.253987550735474
1.2507991864474377e-10,8.228916273432876e-14,45.26081109046936
1.2482669065061458e-10,8.394839185778269e-14,45.26786732673645
1.2457103404361902e-10,8.352910377262823e-14,45.27439737319946
1.2431888851693884e-10,8.199641459523052e-14,45.281018018722534
1.2406498051120707e-10,8.446648464216847e-14,45.28757405281067
1.2381264069549758e-10,8.101104422703065e-14,45.29439115524292
1.2356127232493463e-10,8.394513925126523e-14,45.3010573387146
1.2330854393116653e-10,8.175464428702983e-14,45.30768132209778
1.2305910457310887e-10,8.212860594511082e-14,45.314382791519165
1.2280719496882142e-10,8.305919699854586e-14,45.32093644142151
1.2255822745554923e-10,8.037278796061559e-14,45.327841997146606
1.223084827861598e-10,8.34117321111931e-14,45.33449625968933
1.2205902955031434e-10,8.00807648817202e-14,45.34127902984619
1.218117690049425e-10,8.214005105429412e-14,45.34865999221802
1.2156234352467266e-10,8.12330820556921e-14,45.35507011413574
1.2131641524693038e-10,8.017592395114653e-14,45.36191153526306
1.2106840530101692e-10,8.226991136950357e-14,45.36877226829529
1.208224215121234e-10,7.895795155936705e-14,45.37576365470886
1.2057688181243975e-10,8.193504875226784e-14,45.383084774017334
1.2033039842318516e-10,7.948704899580356e-14,45.38953185081482
1.2008695426946048e-10,8.027745270833622e-14,45.39647722244263
1.1984106762508162e-10,8.069554817110094e-14,45.40317416191101
1.1959828960517171e-10,7.849798556395365e-14,45.40998816490173
1.1935437360666157e-10,8.121635146091793e-14,45.4176185131073
1.1911119313090524e-10,7.800519534776826e-14,45.4242639541626
1.1886971962304926e-10,8.028209444888718e-14,45.430991888046265
1.1862642812499047e-10,7.894459554385475e-14,45.437458992004395
1.1838643954042993e-10,7.843412605599426e-14,45.44430184364319
1.1814429989875919e-10,8.004292622590045e-14,45.45134472846985
1.1790447784765234e-10,7.707244266625182e-14,45.45814108848572
1.1766461416318208e-10,8.001100324818433e-14,45.46535277366638
1.1742432026728977e-10,7.718568080690436e-14,45.4719078540802
1.1718664927329314e-10,7.85668256256429e-14,45.47897791862488
1.1694667456652041e-10,7.842516105928052e-14,45.48578071594238
1.1670983623979225e-10,7.688015941096152e-14,45.492624044418335
1.164717627899492e-10,7.883214344977726e-14,45.50005745887756
1.1623458445741974e-10,7.619866380665502e-14,45.506508350372314
1.159988355370345e-10,7.814917739627433e-14,45.513447761535645
1.1576144903768792e-10,7.696073596116793e-14,45.52035975456238
1.1552721973506763e-10,7.67455082774024e-14,45.527406454086304
1.1529094345874569e-10,7.781331866829264e-14,45.5343496799469
1.1505705416192669e-10,7.531451048752025e-14,45.5409414768219
1.1482276240926126e-10,7.802456190907428e-14,45.54763460159302
1.1458844983991412e-10,7.529970435160224e-14,45.554293155670166
1.1435644792223698e-10,7.670794744838935e-14,45.56115651130676
1.1412227413076792e-10,7.628149007636933e-14,45.568005323410034
1.138913754972215e-10,7.495482641679818e-14,45.574803590774536
1.1365865887347226e-10,7.712608356873554e-14,45.582473039627075
1.1342760758425996e-10,7.404030866057024e-14,45.58884572982788
1.1319725712333195e-10,7.656253560826831e-14,45.59575366973877
1.129657686838037e-10,7.458573011596623e-14,45.6024432182312
1.1273728478533585e-10,7.502595685557681e-14,45.609155893325806
1.1250648329630408e-10,7.570582615662458e-14,45.61671781539917
1.1227850593709121e-10,7.349359971509442e-14,45.62316274642944
1.1204961264388302e-10,7.613569876548792e-14,45.63035750389099
1.1182126058439934e-10,7.314357859623463e-14,45.63721013069153
1.1159462937060383e-10,7.518206841588757e-14,45.644325971603394
1.1136627037222624e-10,7.388488150288086e-14,45.65217709541321
1.1114090897601514e-10,7.352501447304219e-14,45.65916633605957
1.1091377122296464e-10,7.48353405611267e-14,45.66757082939148
1.1068843758232916e-10,7.242835075183668e-14,45.67407560348511
1.1046338149744983e-10,7.483984000014252e-14,45.6823456287384
1.102377772399521e-10,7.256933091557768e-14,45.689242124557495
1.1001466404536586e-10,7.355376615940379e-14,45.69617819786072
1.0978942754924503e-10,7.363823906116757e-14,45.7030143737793
1.0956711232745775e-10,7.185747765044159e-14,45.70989370346069
1.0934357586034338e-10,7.415175109137459e-14,45.717682123184204
1.09120906754967e-10,7.134144485018354e-14,45.7241051197052
1.0889966706173482e-10,7.333829453014945e-14,45.73199796676636
1.086767620339657e-10,7.21944747907044e-14,45.73841309547424
1.0845702808071067e-10,7.164984615814704e-14,45.74499845504761
1.0823506674251249e-10,7.325911389024012e-14,45.7516508102417
1.0801550626160505e-10,7.036657091426604e-14,45.758259534835815
1.0779565434715366e-10,7.328445033975839e-14,45.76579189300537
1.0757571222708151e-10,7.029703967369183e-14,45.77239012718201
1.0735783095849882e-10,7.210992057377769e-14,45.77917242050171
1.0713804149409256e-10,7.145315155526744e-14,45.78626585006714
1.0692131208189792e-10,7.021363742157338e-14,45.79297208786011
1.067028271295456e-10,7.248565083665254e-14,45.800506353378296
1.0648587567274603e-10,6.938136317639204e-14,45.8069953918457
1.0626967361648809e-10,7.196031422650184e-14,45.813551902770996
1.0605242378725066e-10,6.980930455013565e-14,45.82012724876404
1.0583782461548452e-10,7.048524361830816e-14,45.826566219329834
1.0562122010338015e-10,7.104906940558209e-14,45.834341526031494
1.0540722461538365e-10,6.878688834895466e-14,45.841119050979614
1.0519234094896746e-10,7.149756318675787e-14,45.84866952896118
1.0497794300512453e-10,6.852899730970183e-14,45.85549974441528
1.0476521733471245e-10,7.052427489651764e-14,45.86226439476013
1.0455077081861219e-10,6.949239903138171e-14,45.86915898323059
1.0433928721020891e-10,6.880435078019526e-14,45.87594723701477
1.0412599948939061e-10,7.048003944788023e-14,45.88378620147705
1.0391455751435075e-10,6.757431663924687e-14,45.890310764312744
1.0370326125608287e-10,7.034902716786251e-14,45.89697027206421
1.0349138906962096e-10,6.792830187229981e-14,45.9034948348999
1.0328203570164618e-10,6.884853201872404e-14,45.910017251968384
1.0307062148218193e-10,6.892551037297051e-14,45.91802144050598
1.0286179547014385e-10,6.738605848452192e-14,45.92465305328369
1.0265201189074702e-10,6.955287718381567e-14,45.932597637176514
1.0244297077299791e-10,6.682048442124486e-14,45.93911552429199
1.0223524110619664e-10,6.884126786416839e-14,45.946227073669434
1.0202612366061459e-10,6.738349705688942e-14,45.95309257507324
1.0181973320033677e-10,6.723553056539947e-14,45.95979022979736
1.0161149699428051e-10,6.838686518115256e-14,45.967560052871704
1.0140521061741126e-10,6.610096042573843e-14,45.97459602355957
1.0119894505722371e-10,6.844376546641731e-14,45.98200011253357
1.0099236030791658e-10,6.619164038493969e-14,45.988624811172485
1.0078792661571967e-10,6.730898526258536e-14,45.995635986328125
1.0058164717774432e-10,6.702985063701539e-14,46.00251889228821
1.0037796288608902e-10,6.586721321361413e-14,46.00929260253906
1.0017307122689445e-10,6.77352800042795e-14,46.01719784736633
9.996932448519402e-11,6.508380938135758e-14,46.024086236953735
9.976638959408035e-11,6.732463843145062e-14,46.031986713409424
9.956239305219938e-11,6.560835994493322e-14,46.038692474365234
9.9361026351108e-11,6.583238999508662e-14,46.04530906677246
9.91576890041479e-11,6.667052570826296e-14,46.05190873146057
9.89566692477517e-11,6.44868950990321e-14,46.05832839012146
9.875510825763101e-11,6.688258210067397e-14,46.065895080566406
9.855374849543352e-11,6.429691577335833e-14,46.072595834732056
9.835412345671202e-11,6.592368659427347e-14,46.07939553260803
9.815277063340844e-11,6.517471973352049e-14,46.08623671531677
9.795422806213594e-11,6.436605399064502e-14,46.093416690826416
9.775410342305335e-11,6.587892259707698e-14,46.10102820396423
9.755541513500887e-11,6.350076578931149e-14,46.107956647872925
9.735730971405232e-11,6.552520163830358e-14,46.11535954475403
9.715834387025168e-11,6.381170141985318e-14,46.12202191352844
9.69617788837418e-11,6.429814905332953e-14,46.12912106513977
9.676327794583273e-11,6.49171539549194e-14,46.136780977249146
9.65673374597742e-11,6.282443369785146e-14,46.14335632324219
9.637043940635692e-11,6.521040353752242e-14,46.150678396224976
9.617402013661902e-11,6.266463585015425e-14,46.15746259689331
9.597913436243388e-11,6.4417763658009e-14,46.1653516292572
9.578271509269598e-11,6.342531887063366e-14,46.17256283760071
9.55889881137928e-11,6.291579128341052e-14,46.17930483818054
9.539352641141363e-11,6.43096348200943e-14,46.18596434593201
9.519992433260072e-11,6.179078245165809e-14,46.192540645599365
9.500627368153047e-11,6.428444067211117e-14,46.200690031051636
9.48123871080675e-11,6.180800093740987e-14,46.20753598213196
9.462046424157933e-11,6.304470969798262e-14,46.214356899261475
9.442675114046395e-11,6.282045603113115e-14,46.220988035202026
9.423564706345644e-11,6.149143423183484e-14,46.2278470993042
9.40432523521828e-11,6.359863536416904e-14,46.23485708236694
9.38519678639338e-11,6.078952174536773e-14,46.24129271507263
9.366146747069592e-11,6.314788508722177e-14,46.24864983558655
9.346993318226637e-11,6.147706177678583e-14,46.25507378578186
9.328091077343004e-11,6.165373252079234e-14,46.2617871761322
9.309012588554211e-11,6.231066416962847e-14,46.269742012023926
9.290127001015946e-11,6.049390724677597e-14,46.27705192565918
9.271221984574751e-11,6.242046674464694e-14,46.284480571746826
9.252310029239652e-11,6.03378024627288e-14,46.29107093811035
9.233565301247637e-11,6.168308729461239e-14,46.297675132751465
9.214670693147298e-11,6.116222979468677e-14,46.30468273162842
9.196024497448718e-11,6.025900129357983e-14,46.3115177154541
9.177247156655355e-11,6.17488848139551e-14,46.31825923919678
9.158592634284091e-11,5.937372989095469e-14,46.325400829315186
9.139992929174667e-11,6.146680928999226e-14,46.33289098739624
9.121306487891445e-11,5.991892095338902e-14,46.3395254611969
9.102858050669127e-11,6.023032414611759e-14,46.346269369125366
9.084236141099211e-11,6.067152666768341e-14,46.354187965393066
9.065826561682755e-11,5.896722861517198e-14,46.36093354225159
9.047354532221163e-11,6.101811222090914e-14,46.36873650550842
9.028917891118482e-11,5.868440770221556e-14,46.37672257423401
9.01062210956205e-11,6.026683465427604e-14,46.38493061065674
8.992183386791197e-11,5.943628158004352e-14,46.39200973510742
8.973995158090275e-11,5.882719035206832e-14,46.39969062805176
8.955653579834078e-11,6.029224564269367e-14,46.40608763694763
8.937459800018033e-11,5.803946326364898e-14,46.41322159767151
8.919298633003336e-11,6.012636948656697e-14,46.41985011100769
8.901077791501066e-11,5.82824871806116e-14,46.426719665527344
8.883069280152256e-11,5.89521988625559e-14,46.434653759002686
8.864894929239142e-11,5.899251085458163e-14,46.441529512405396
8.846939153484001e-11,5.761821683832047e-14,46.45006084442139
8.828895253776281e-11,5.950050022997255e-14,46.457839250564575
8.810915885781867e-11,5.726354042638257e-14,46.46540832519531
8.793059336209552e-11,5.876641404403693e-14,46.4721040725708
8.775068865984892e-11,5.782071192282287e-14,46.47903800010681
8.757312930374184e-11,5.763408684762023e-14,46.48689413070679
8.739417522996007e-11,5.846362348231604e-14,46.494354009628296
8.72168240406701e-11,5.6590037424966363e-14,46.501240730285645
8.703938958465329e-11,5.859559121549826e-14,46.50752520561218
8.686169838956204e-11,5.6756404860202475e-14,46.51388454437256
8.668597784033949e-11,5.751783326967547e-14,46.52205991744995
8.650854338432268e-11,5.752758431296426e-14,46.530994176864624
8.633343345776368e-11,5.6271492050426544e-14,46.542022943496704
8.615717167481662e-11,5.821046905130425e-14,46.5583074092865
8.598195072595516e-11,5.5708974082023174e-14,46.56727194786072
8.580753468878655e-11,5.758200448575945e-14,46.574185609817505
8.563205700085064e-11,5.618908590905407e-14,46.581034660339355
8.545886914790302e-11,5.632286629274341e-14,46.587517976760864
8.528402983820627e-11,5.709124037238389e-14,46.593605041503906
8.511114035769651e-11,5.5180235787556306e-14,46.60061502456665
8.493786229912814e-11,5.72474874579662e-14,46.60751152038574
8.47646466906049e-11,5.508872912419853e-14,46.61556053161621
8.459300621099786e-11,5.64334040923601e-14,46.62269186973572
8.441985999141366e-11,5.5899414193620253e-14,46.630236864089966
8.424901054571166e-11,5.520704268627101e-14,46.636759757995605
8.407701618251551e-11,5.6457307362131615e-14,46.64327931404114
8.390606959229885e-11,5.4548112039679367e-14,46.65061926841736
8.37356781135945e-11,5.6263048826008313e-14,46.6570520401001
8.356459968439367e-11,5.478215063113752e-14,46.663735151290894
8.33955959844701e-11,5.5071646163718305e-14,46.6707763671875
8.322487837775228e-11,5.569982273806104e-14,46.67746424674988
8.305630488925075e-11,5.394603763263922e-14,46.685072898864746
8.288707914472226e-11,5.581985069481876e-14,46.69213080406189
8.271820034488897e-11,5.364074662965804e-14,46.69958710670471
8.255050809591324e-11,5.5288588242169076e-14,46.70605754852295
8.238164317386776e-11,5.428949932835547e-14,46.71262168884277
8.221502645344714e-11,5.4005800889265695e-14,46.719149589538574
8.204693174862498e-11,5.5070643276708756e-14,46.72580575942993
8.188042605050683e-11,5.3024560653716635e-14,46.732927083969116
8.17139758635399e-11,5.487440945975246e-14,46.739301681518555
8.154715097630216e-11,5.310948756514014e-14,46.74610257148743
8.13820677514343e-11,5.404097647349927e-14,46.75287461280823
8.121558980889176e-11,5.379076632901214e-14,46.75960302352905
8.105118659562649e-11,5.27666391212777e-14,46.76717805862427
8.088581193721467e-11,5.434464117322173e-14,46.77405762672424
8.072115198487495e-11,5.2371406771825266e-14,46.78101658821106
8.055752592772691e-11,5.378491502541251e-14,46.78783559799194
8.03927063808274e-11,5.2977059046034614e-14,46.794642210006714
8.023012809665886e-11,5.2693950141876125e-14,46.801212787628174
8.006612733924001e-11,5.348378126013645e-14,46.807958126068115
7.990374334410077e-11,5.171899827892748e-14,46.815329790115356
7.974102628205415e-11,5.3776790285382445e-14,46.82176375389099
7.957850350903684e-11,5.1508246317255243e-14,46.82829236984253
7.941734075922469e-11,5.2899176060600475e-14,46.8349826335907
7.925479716952566e-11,5.2320696603339045e-14,46.84199142456055
7.909442545361856e-11,5.1704991742111683e-14,46.849167585372925
7.893295739247463e-11,5.288054472389267e-14,46.85569667816162
7.877247465426507e-11,5.108729804752417e-14,46.86236333847046
7.861260947761295e-11,5.254911089602743e-14,46.86888408660889
7.845195326705579e-11,5.1345690530281776e-14,46.87545657157898
7.829326770236733e-11,5.156290365927567e-14,46.88288760185242
7.813300700876269e-11,5.2242410430222014e-14,46.88926339149475
7.797482104443532e-11,5.035558355384086e-14,46.895817279815674
7.781589261846023e-11,5.2450770370851205e-14,46.90238618850708
7.765732501496814e-11,5.019637185294315e-14,46.90891170501709
7.749995090122752e-11,5.1774411174336857e-14,46.91669702529907
7.734138329773543e-11,5.0917454389072525e-14,46.92319345474243
7.718497369024746e-11,5.0537343271794474e-14,46.9298050403595
7.702726650959946e-11,5.1463177388197737e-14,46.936439514160156
7.687082914653587e-11,4.978572350385069e-14,46.94286799430847
7.671465546144063e-11,5.1295769796502397e-14,46.95048522949219
7.655794054262088e-11,5.000146279551636e-14,46.95705699920654
7.6403113002943e-11,5.030790237517402e-14,46.963618993759155
7.624675196771236e-11,5.058983559760172e-14,46.97011995315552
7.609238239503213e-11,4.925452542570499e-14,46.976680517196655
7.593718709397734e-11,5.095057676544196e-14,46.984333992004395
7.578264404894952e-11,4.887859526305459e-14,46.99077296257019
7.562897530455359e-11,5.0463915679662893e-14,46.997681617736816
7.54743073594355e-11,4.940467387406708e-14,47.00422286987305
7.532163087686783e-11,4.947686479809567e-14,47.01127362251282
7.51676151877767e-11,5.0198865517939867e-14,47.01819849014282
7.501518156649567e-11,4.853507935722971e-14,47.02506160736084
7.486256059507923e-11,5.0153156231974236e-14,47.03286075592041
7.470988411251156e-11,4.839864606634957e-14,47.039249420166016
7.455854683646734e-11,4.9547337939307226e-14,47.045913219451904
7.440600913177775e-11,4.910859858955202e-14,47.05274748802185
7.425555309525933e-11,4.8220982599728873e-14,47.05947995185852
7.410380642447478e-11,4.9851307570890693e-14,47.06774544715881
7.395332263238075e-11,4.747285599565956e-14,47.07445168495178
7.380313721272458e-11,4.9486361731500284e-14,47.082843542099
7.365230647593535e-11,4.7871164768776425e-14,47.08936333656311
7.35033908738636e-11,4.83193231249051e-14,47.09595251083374
7.33529764707086e-11,4.8715995430367864e-14,47.102723121643066
7.320431066881739e-11,4.739260809423669e-14,47.10952568054199
7.305526322776146e-11,4.8861407270488905e-14,47.117571115493774
7.290639619794703e-11,4.712161176122394e-14,47.124109506607056
7.275867408562675e-11,4.8297791547385893e-14,47.13233757019043
7.260984868917575e-11,4.7669557374802746e-14,47.13905692100525
7.246298699969955e-11,4.7193680712508124e-14,47.145875215530396
7.231491794268408e-11,4.831641949596191e-14,47.15265989303589
7.216811870325301e-11,4.644673656643318e-14,47.159791469573975
7.202137497497318e-11,4.8361908553361255e-14,47.167240619659424
7.187440920208843e-11,4.653775872694513e-14,47.17407965660095
7.172899080254425e-11,4.738905394399001e-14,47.18102550506592
7.158219156311318e-11,4.7337957528479843e-14,47.18788170814514
7.14373074583996e-11,4.6243225042394073e-14,47.19497537612915
7.129159762531145e-11,4.779144541591264e-14,47.20174598693848
7.114653310935637e-11,4.585060155441918e-14,47.20871067047119
7.100227350509414e-11,4.733483367097037e-14,47.21628165245056
7.085706327236707e-11,4.6381731869929096e-14,47.223201274871826
7.07137959299331e-11,4.621792925045727e-14,47.22993278503418
7.056921713655129e-11,4.706314615907266e-14,47.23666071891785
7.042604693863197e-11,4.5394769079788386e-14,47.24364423751831
7.028282122956142e-11,4.707754233104419e-14,47.250940561294556
7.013941510924937e-11,4.5433278585702355e-14,47.257498025894165
6.99973898288242e-11,4.6434688369791435e-14,47.26431059837341
6.98542682031622e-11,4.5969870569656165e-14,47.2707154750824
6.971288130097619e-11,4.5314307726062805e-14,47.277355432510376
6.957051601474973e-11,4.668416328968035e-14,47.28465819358826
6.942912217366981e-11,4.474273666951918e-14,47.291324615478516
6.92882765052083e-11,4.6212437088827274e-14,47.29868817329407
6.914662592505394e-11,4.5107360636389635e-14,47.30509972572327
6.900680721289021e-11,4.521249436580284e-14,47.31196570396423
6.886566317199083e-11,4.577428727400336e-14,47.31872510910034
6.87260248710686e-11,4.4457859160566826e-14,47.3257954120636
6.858617146443535e-11,4.581176339972168e-14,47.33334565162659
6.844635969116553e-11,4.42568514659198e-14,47.33983850479126
6.830773446875327e-11,4.524207614445275e-14,47.346436500549316
6.816799208442248e-11,4.478541696566543e-14,47.352980852127075
6.803011626255184e-11,4.420091679821492e-14,47.35944390296936
6.789108164539925e-11,4.5490470250300966e-14,47.36669421195984
6.775329602914937e-11,4.343858036942247e-14,47.373183727264404
6.761563531298975e-11,4.525919298625086e-14,47.37976813316345
6.74775443854081e-11,4.372036790218324e-14,47.38630652427673
6.734107022010605e-11,4.4331031223308545e-14,47.39270091056824
6.720327072606835e-11,4.4472340035833086e-14,47.39999771118164
6.706722677218835e-11,4.3286636211212204e-14,47.406535625457764
6.693048199002405e-11,4.4845800250409296e-14,47.41306495666504
6.679423680822083e-11,4.296772491843917e-14,47.419557094573975
6.66588520492617e-11,4.434597288449811e-14,47.42594027519226
6.652252360073163e-11,4.349474204195722e-14,47.43334746360779
6.638800620351049e-11,4.3304901629686796e-14,47.43983435630798
6.625230225543177e-11,4.414277645671538e-14,47.44628953933716
6.611789588051309e-11,4.252174174291905e-14,47.452855348587036
6.598343399444317e-11,4.416616473045497e-14,47.45929408073425
6.584881251381347e-11,4.2567664481187387e-14,47.46665930747986
6.571556493417674e-11,4.338521729374545e-14,47.4732027053833
6.558108917031902e-11,4.325303610826052e-14,47.479708433151245
6.54483897633007e-11,4.236931646999474e-14,47.486223220825195
6.531486462790781e-11,4.368852285149827e-14,47.492722511291504
6.51820195041175e-11,4.195432792408055e-14,47.50002145767212
6.504979888077855e-11,4.3342374367273326e-14,47.50650882720947
6.491682191800408e-11,4.233736299909252e-14,47.513103723526
6.478556580091777e-11,4.2383987080641186e-14,47.519611120224
6.465308149961047e-11,4.29793157172894e-14,47.52616834640503
6.452202661044737e-11,4.155690684149241e-14,47.53350496292114
6.439068722663421e-11,4.311368902404182e-14,47.53988480567932
6.4259424170654e-11,4.145388053005197e-14,47.546528816223145
6.412931990995574e-11,4.2443980730229314e-14,47.55314922332764
6.399811930402066e-11,4.2055107904144864e-14,47.559640645980835
6.386866729934937e-11,4.1442184699116286e-14,47.56715655326843
6.373825772731934e-11,4.2576568491528924e-14,47.57363438606262
6.360875715039072e-11,4.087765079229845e-14,47.58032011985779
6.347960351815729e-11,4.237694654278361e-14,47.586913108825684
6.334991559109326e-11,4.116751563124424e-14,47.59339356422424
6.322182360962714e-11,4.146637596008987e-14,47.60049653053284
6.30924826272583e-11,4.1843126050633214e-14,47.60701584815979
6.296468207933614e-11,4.058128412844954e-14,47.61349368095398
6.283642356441632e-11,4.205578214237088e-14,47.620084285736084
6.270841484967704e-11,4.0390240929394014e-14,47.62660360336304
6.258139145787212e-11,4.152239533108948e-14,47.63454747200012
6.245337580423893e-11,4.09073443792974e-14,47.641144037246704
6.232709487408172e-11,4.051015030153912e-14,47.64870262145996
6.21997314764755e-11,4.147326064388515e-14,47.65511393547058
6.207348524078782e-11,3.9831477011012875e-14,47.66176128387451
6.194734308850869e-11,4.138283140643628e-14,47.66831707954407
6.182087480821608e-11,3.9998640657219406e-14,47.67471385002136
6.169583594006767e-11,4.058220231216436e-14,47.6820228099823
6.156958970437998e-11,4.067739526290859e-14,47.68851947784424
6.144497410875971e-11,3.96282636425712e-14,47.6949577331543
6.131967850153686e-11,4.101764500968885e-14,47.701497316360474
6.11949033113568e-11,3.93014139570165e-14,47.707974433898926
6.107083588835494e-11,4.0587430199514815e-14,47.71558380126953
6.094596355366022e-11,3.9738950519986604e-14,47.72203326225281
6.082274267571464e-11,3.9637865608061276e-14,47.7286639213562
6.069839769695662e-11,4.032998639365813e-14,47.73523283004761
6.05753017191013e-11,3.890879724530519e-14,47.741607666015625
6.045209471894353e-11,4.0395377337186164e-14,47.75026822090149
6.032877669648329e-11,3.893613269257898e-14,47.757283210754395
6.020670073603185e-11,3.969483365596181e-14,47.76434063911438
6.008351455255578e-11,3.952047361783541e-14,47.7710337638855
5.996196594804104e-11,3.8769500983063324e-14,47.77751803398132
5.983958467625783e-11,3.996663636434035e-14,47.78480815887451
5.971793892722843e-11,3.829500329040683e-14,47.791298389434814
5.95967719618784e-11,3.966123694114192e-14,47.79872465133667
5.947495274050141e-11,3.8706895083865864e-14,47.805769205093384
5.935475028140402e-11,3.8739705752110706e-14,47.812742471694946
5.923331963808565e-11,3.927949613247335e-14,47.81965637207031
5.911327677354805e-11,3.801522153166516e-14,47.82638716697693
5.89929563532543e-11,3.9328251348917306e-14,47.83399558067322
5.887276083305082e-11,3.780447295812471e-14,47.840821266174316
5.875349512463046e-11,3.885387901713701e-14,47.84769558906555
5.86333412377904e-11,3.8333323060940616e-14,47.85444974899292
5.851475554097263e-11,3.795096561228645e-14,47.86123728752136
5.839520533790221e-11,3.8897396181835145e-14,47.868412494659424
5.827669596891738e-11,3.7300583222198494e-14,47.875110149383545
5.815829068334111e-11,3.876872171275185e-14,47.88249087333679
5.8039548861410495e-11,3.749621056356456e-14,47.889179706573486
5.7922163593238096e-11,3.800769987909354e-14,47.896013498306274
5.780366810204107e-11,3.810029752088738e-14,47.90281319618225
5.768665059524558e-11,3.7138105362256174e-14,47.90954923629761
5.756904328246826e-11,3.840907491147946e-14,47.91718816757202
5.745193210060506e-11,3.675118071195041e-14,47.92406392097473
5.733542807195846e-11,3.808255048657651e-14,47.931076765060425
5.7218209337239756e-11,3.7221944683375405e-14,47.93779110908508
5.710256920088419e-11,3.707847424276947e-14,47.94457817077637
5.6985794555375335e-11,3.792302030129063e-14,47.95148849487305
5.687024115519357e-11,3.639899796500923e-14,47.958399057388306
5.6754590610497146e-11,3.7901929180904e-14,47.965938568115234
5.663882557405131e-11,3.642053293066022e-14,47.9726448059082
5.652424361901609e-11,3.716989620283252e-14,47.97944760322571
5.6408551440956245e-11,3.712483743817038e-14,47.98624062538147
5.629444480015344e-11,3.6282551263552495e-14,47.99297642707825
5.617959222825597e-11,3.7494770607554226e-14,48.00057792663574
5.606538150404461e-11,3.585801496225685e-14,48.00748109817505
5.595163221627786e-11,3.7238807415289343e-14,48.015283823013306
5.583728965308232e-11,3.6221151539271926e-14,48.02203822135925
5.572443895207613e-11,3.631525689971188e-14,48.02894854545593
5.5610439864128836e-11,3.6885686155842604e-14,48.03596258163452
5.5497741818788526e-11,3.5589657983907744e-14,48.04267597198486
5.5384793973267676e-11,3.6975871447802663e-14,48.0505645275116
5.527192592502672e-11,3.546669251688894e-14,48.057095766067505
5.51600015663567e-11,3.6430443216143096e-14,48.06368851661682
5.504716474313831e-11,3.6025964655038434e-14,48.07052135467529
5.493583712934402e-11,3.552621182802661e-14,48.07700991630554
5.4823673378834314e-11,3.648545292386958e-14,48.084293365478516
5.471231454001746e-11,3.502878325942205e-14,48.090741872787476
5.4601261012532376e-11,3.623599494463961e-14,48.09733486175537
5.4489697476345356e-11,3.5299935446497094e-14,48.10408067703247
5.437956682174949e-11,3.542334137064847e-14,48.110511779785156
5.426830165800034e-11,3.591638230858625e-14,48.117700815200806
5.415839651745635e-11,3.4718145784477794e-14,48.12419390678406
5.4048130554429363e-11,3.5975210440838956e-14,48.13100719451904
5.393797908315179e-11,3.466510119318894e-14,48.1375298500061
5.382876436255124e-11,3.550558488169507e-14,48.144062995910645
5.371865452463709e-11,3.509455028557866e-14,48.151132345199585
5.361004695725313e-11,3.468119820731856e-14,48.157588720321655
5.350052345587386e-11,3.554702173347475e-14,48.16436457633972
5.3391936705171616e-11,3.4135011034138255e-14,48.170868158340454
5.328345750732488e-11,3.5451584837241715e-14,48.17743158340454
5.317473544819151e-11,3.420284482068617e-14,48.184459924697876
5.306712708152972e-11,3.483544968327715e-14,48.19111490249634
5.295862359755432e-11,3.469508954765353e-14,48.19862914085388
5.2851396870057243e-11,3.408483957860649e-14,48.205105781555176
5.274364972551737e-11,3.506472794957173e-14,48.21170735359192
5.263639524244468e-11,3.365225646431193e-14,48.218310832977295
5.252965423752087e-11,3.477301319066914e-14,48.2250075340271
5.24222540376762e-11,3.406410760018949e-14,48.232460498809814
5.2316265902740966e-11,3.4000658056176566e-14,48.23890686035156
5.220934448657566e-11,3.4555691641458e-14,48.24542760848999
5.2103474312836795e-11,3.336286935194839e-14,48.25203514099121
5.199751046403023e-11,3.4586550745792366e-14,48.25852346420288
5.1891463348496814e-11,3.3399156243408765e-14,48.26587677001953
5.1786439719814226e-11,3.402192535941623e-14,48.272329807281494
5.16805521988406e-11,3.3766036706050703e-14,48.27887296676636
5.1575990006602623e-11,3.321045763155124e-14,48.28550839424133
5.14707235166334e-11,3.4241876098895646e-14,48.292158126831055
5.136613703826676e-11,3.283162045182586e-14,48.299583435058594
5.1261939137958734e-11,3.3942880244778456e-14,48.306031942367554
5.1157161840009735e-11,3.3161139985230306e-14,48.3126437664032
5.10537445652659e-11,3.3231504706224615e-14,48.319226026535034
5.094935237592857e-11,3.366324078757192e-14,48.325915575027466
5.0846129390214045e-11,3.256998891507795e-14,48.3334755897522
5.0742608032061653e-11,3.376583341814336e-14,48.33993434906006
5.0639235860128196e-11,3.245071312357739e-14,48.34652662277222
5.0536679008228447e-11,3.3310173738233806e-14,48.35308766365051
5.0433320714082797e-11,3.2884803956518063e-14,48.35957932472229
5.033135713761183e-11,3.252108123270349e-14,48.36685919761658
5.022858171055411e-11,3.323462178747051e-14,48.373295307159424
5.012656956182582e-11,3.205688007255382e-14,48.379894971847534
5.002477251880855e-11,3.3159730522406075e-14,48.38640284538269
4.992269445058817e-11,3.2091266222080556e-14,48.3929123878479
4.9821709258157654e-11,3.253577217214067e-14,48.40047788619995
4.971978731505011e-11,3.2682674790248875e-14,48.40707969665527
4.961914559786784e-11,3.1814130594266105e-14,48.4135959148407
4.951804244424096e-11,3.286695527825352e-14,48.420268535614014
4.941725501028671e-11,3.1560783039742343e-14,48.426684856414795
4.931709207678381e-11,3.257447141343482e-14,48.43446755409241
4.921631158172346e-11,3.187127143688788e-14,48.441423416137695
4.911680437369448e-11,3.180562638347567e-14,48.44953775405884
4.901643674282141e-11,3.238041955335065e-14,48.45598077774048
4.8916991984837566e-11,3.130517560131531e-14,48.46286916732788
4.881755069630067e-11,3.2415056424629773e-14,48.46968412399292
4.871800532435522e-11,3.1255956210816255e-14,48.476290702819824
4.861942445866241e-11,3.184910966685592e-14,48.484052896499634
4.8519948475655994e-11,3.182210964462924e-14,48.49101138114929
4.842182557696084e-11,3.1018800538112207e-14,48.49868559837341
4.8323019197216155e-11,3.2199513644607866e-14,48.505141496658325
4.8224813031794156e-11,3.066432402594986e-14,48.5118453502655
4.812697115830211e-11,3.194369614200991e-14,48.51859259605408
4.8028647031683747e-11,3.097438551848998e-14,48.52506899833679
4.793152680315771e-11,3.1212313685241924e-14,48.532554388046265
4.7833542682340635e-11,3.150460442654865e-14,48.539119482040405
4.7736613273396955e-11,3.056106393341598e-14,48.54593586921692
4.76394583504014e-11,3.1635901309636644e-14,48.55269384384155
4.754237628579183e-11,3.0476804483954914e-14,48.559279680252075
4.744613382734464e-11,3.116437162042733e-14,48.566678524017334
4.73491003349924e-11,3.0891152672960984e-14,48.573190450668335
4.725337482414105e-11,3.03660905014852e-14,48.580016136169434
4.71568617488316e-11,3.133857919262323e-14,48.58642601966858
4.7061143176874154e-11,2.989093212312985e-14,48.593029260635376
4.696558766892345e-11,3.112766798875691e-14,48.60046148300171
4.6869647052361074e-11,3.020461552855243e-14,48.60711932182312
4.6774903394997125e-11,3.0460565168290155e-14,48.61370897293091
4.667922992585005e-11,3.068759710320862e-14,48.62040042877197
4.658471525198493e-11,2.9778347891912596e-14,48.62726974487305
4.6489850163977664e-11,3.079253432097806e-14,48.635061264038086
4.639518630389361e-11,2.958854813722364e-14,48.64167594909668
4.630116776094262e-11,3.049426013893193e-14,48.65022110939026
4.620653512588113e-11,2.9950861398213985e-14,48.65690517425537
4.611314108338149e-11,2.9721603460710136e-14,48.66403770446777
4.601892478195424e-11,3.040828290665383e-14,48.67073893547058
4.592553420890155e-11,2.9295051221000026e-14,48.67719650268555
4.583221996368181e-11,3.037384254701847e-14,48.68478584289551
4.573870449053885e-11,2.9370640441213e-14,48.69126868247986
4.5646184748671104e-11,2.9820377666755354e-14,48.69918203353882
4.55528531562166e-11,2.9738805005802976e-14,48.705615282058716
4.5460638725680624e-11,2.918865033029773e-14,48.71303963661194
4.53679802059348e-11,2.9963234855507476e-14,48.720455169677734
4.5275717203141497e-11,2.8855058262482886e-14,48.72693991661072
4.518387747287633e-11,2.982024891774737e-14,48.73437762260437
4.5091569367272655e-11,2.912708797569129e-14,48.740848541259766
4.5000395770822266e-11,2.916002739294411e-14,48.748690366744995
4.490845889604245e-11,2.9461537240848754e-14,48.75594687461853
4.4817385913553665e-11,2.8649141164873576e-14,48.76296091079712
4.472625741991365e-11,2.950675524770498e-14,48.77003359794617
4.463508382346326e-11,2.854959107664867e-14,48.77698373794556
4.454473595538744e-11,2.9114484125436144e-14,48.78460621833801
4.445365603400475e-11,2.8926249687633715e-14,48.7913498878479
4.43637002134345e-11,2.8526900758057624e-14,48.799163579940796
4.4273213567480596e-11,2.917499615918799e-14,48.805676221847534
4.418327162469815e-11,2.811306925914938e-14,48.81225085258484
4.4093596829331005e-11,2.9073968845503076e-14,48.81959652900696
4.4003557742033905e-11,2.828198795762262e-14,48.82600140571594
4.391455948882239e-11,2.855086840233313e-14,48.83344388008118
4.382478407949364e-11,2.8758909858574155e-14,48.840394735336304
4.373602868756876e-11,2.7926268001093706e-14,48.84734797477722
4.3646992270440776e-11,2.884949156195353e-14,48.854482889175415
4.355809810063782e-11,2.778651264699443e-14,48.86131811141968
4.346989088133135e-11,2.848251284348971e-14,48.86845874786377
4.338102099765706e-11,2.8131227951472618e-14,48.87530541419983
4.3293299500923865e-11,2.7829716409502082e-14,48.882949113845825
4.320486329811857e-11,2.8577505894458385e-14,48.88953375816345
4.311722853755917e-11,2.73314001503688e-14,48.896135330200195
4.3029593776999775e-11,2.854461052291882e-14,48.903069734573364
4.2941813299668397e-11,2.74258612646466e-14,48.910181522369385
4.285497651190795e-11,2.7921694023178532e-14,48.918089628219604
4.276732093466684e-11,2.7917624876899923e-14,48.92468595504761
4.268078251934426e-11,2.723881775516801e-14,48.93209624290466
4.2593786137024026e-11,2.8171597541738758e-14,48.93851351737976
4.250713322995203e-11,2.7019797057864677e-14,48.94504761695862
4.2420990331581976e-11,2.786535786185665e-14,48.95211982727051
4.23342784439118e-11,2.7326438231363784e-14,48.95906376838684
4.224869759594796e-11,2.7212791820830674e-14,48.96775412559509
4.2162346530760786e-11,2.7819673986879435e-14,48.97424793243408
4.207685935786465e-11,2.6731966792058193e-14,48.98213291168213
4.199134789883985e-11,2.77310235186198e-14,48.98942828178406
4.190570113138392e-11,2.675869576374175e-14,48.99632740020752
4.182089743953732e-11,2.731271460355237e-14,49.003551959991455
4.173537557217166e-11,2.7184382335779765e-14,49.010221004486084
4.1650988213959295e-11,2.657108813032029e-14,49.01795053482056
4.1566014519212047e-11,2.7451739815251112e-14,49.02445316314697
4.148152307759112e-11,2.628831295714302e-14,49.0326874256134
4.13973993973471e-11,2.7211780463491653e-14,49.039143085479736
4.1312821219552376e-11,2.6541646959139624e-14,49.04605579376221
4.1229283875843237e-11,2.6673894213194438e-14,49.0530960559845
4.1145049173296755e-11,2.691245257245914e-14,49.05961036682129
4.106164713801874e-11,2.6184514151654688e-14,49.0676805973053
4.0978095916521795e-11,2.706153206524179e-14,49.07417106628418
4.089463837009255e-11,2.6016832121284438e-14,49.08203315734863
4.0811836549137226e-11,2.6664966485930378e-14,49.088674545288086
4.072839288049579e-11,2.6375072847864382e-14,49.095481872558594
4.064604208764422e-11,2.6015522608347982e-14,49.102760791778564
4.05630737332352e-11,2.671051822376782e-14,49.10919952392578
4.0480698654254965e-11,2.5630779914914345e-14,49.117297410964966
4.039853868098575e-11,2.6598520139350067e-14,49.12371802330017
4.03160491102561e-11,2.581122334366793e-14,49.13229966163635
4.023454833190776e-11,2.6041148743134214e-14,49.14001512527466
4.015228427522999e-11,2.6216210124540944e-14,49.14770269393921
4.0070977785910955e-11,2.5476497945769658e-14,49.154945611953735
3.9989376393601006e-11,2.6407466775899176e-14,49.16179633140564
3.9907965820873414e-11,2.5328575499992956e-14,49.16934585571289
3.98271415846807e-11,2.6060203596315647e-14,49.175870418548584
3.974569284803664e-11,2.573884437832505e-14,49.184165954589844
3.966538902888672e-11,2.5390422457669676e-14,49.190733909606934
3.958434968698299e-11,2.6075109682121428e-14,49.19853472709656
3.950401117336355e-11,2.5041881952401687e-14,49.205169916152954
3.942377327370572e-11,2.5999818617505888e-14,49.211843490600586
3.934336537114724e-11,2.506854146738357e-14,49.21954035758972
3.926378319696333e-11,2.550085014300322e-14,49.225994348526
3.9183500194495124e-11,2.5461644376006606e-14,49.23383951187134
3.910421639274908e-11,2.490049860097779e-14,49.24036407470703
3.9024467685111475e-11,2.579058115074334e-14,49.24771165847778
3.8945156127789815e-11,2.4614121843708793e-14,49.254430294036865
3.886620539295116e-11,2.5531472078112356e-14,49.26097226142883
3.878677587443313e-11,2.492034966512964e-14,49.268460273742676
3.870835249553117e-11,2.4973002927196862e-14,49.27500939369202
3.862925257447358e-11,2.5331553667835502e-14,49.28303647041321
3.85509679734497e-11,2.4481983009871228e-14,49.28941822052002
3.8472568880676405e-11,2.531602755391233e-14,49.29629349708557
3.839415244066835e-11,2.441219765941284e-14,49.3033401966095
3.831642295115678e-11,2.4989348969012976e-14,49.30990147590637
3.8238127941792044e-11,2.4682999174847724e-14,49.31762146949768
3.816078356089214e-11,2.4387176306150948e-14,49.32412934303284
3.8082915293502495e-11,2.501813284262657e-14,49.33204436302185
3.800556744315564e-11,2.4030607622608884e-14,49.33843731880188
3.792841735128505e-11,2.497014673209872e-14,49.34508228302002
3.7851013989786964e-11,2.4142517615600122e-14,49.35212588310242
3.77744467650043e-11,2.448245734832169e-14,49.35877203941345
3.769726891755809e-11,2.448985533408301e-14,49.36672616004944
3.762092373738035e-11,2.3900083233568785e-14,49.37326622009277
3.7544314879234264e-11,2.4687700207704985e-14,49.38030505180359
3.746788643232968e-11,2.3753517734573584e-14,49.38708758354187
3.739200962749045e-11,2.4382256738793295e-14,49.39362120628357
3.731556730279806e-11,2.407276784052552e-14,49.401042461395264
3.724013111772173e-11,2.3799760651295986e-14,49.40758299827576
3.7164060023853196e-11,2.4465157547406968e-14,49.415836572647095
3.708869322771591e-11,2.3365793485165612e-14,49.422213554382324
3.7013316023237763e-11,2.4435856983695547e-14,49.42884111404419
3.693783473535106e-11,2.3442670195458412e-14,49.43612003326416
3.686313407302855e-11,2.3908279124366418e-14,49.4425482749939
3.67877499296565e-11,2.3860877466572172e-14,49.45049214363098
3.671332335364319e-11,2.3312360952786916e-14,49.45705437660217
3.663848738288955e-11,2.4093601462896186e-14,49.46437191963196
3.656397060125549e-11,2.3112783049754858e-14,49.471012592315674
3.64898389282331e-11,2.3929187285636443e-14,49.47756338119507
3.641532908549294e-11,2.3310406000744653e-14,49.48509502410889
3.634170048227858e-11,2.3359113783343564e-14,49.491676330566406
3.6267450848059823e-11,2.369468960232088e-14,49.49959707260132
3.6193912450466215e-11,2.2945675307722846e-14,49.506022453308105
3.6120356705637846e-11,2.369060182131743e-14,49.513219356536865
3.6046710755188727e-11,2.2917475886842856e-14,49.520023822784424
3.597378298025866e-11,2.3321700338063342e-14,49.5264310836792
3.590024458266505e-11,2.325246217088888e-14,49.534423828125
3.582761864961981e-11,2.2799706119922512e-14,49.540873765945435
3.5754555566258617e-11,2.3493636167894703e-14,49.54875826835632
3.5681898408190804e-11,2.2542618067903676e-14,49.555259704589844
3.560952574477305e-11,2.333123962311532e-14,49.562098264694214
3.55367991977662e-11,2.2713762768962302e-14,49.56912159919739
3.546492613470953e-11,2.2886648969760483e-14,49.57551312446594
3.539249102124664e-11,2.3017937382519005e-14,49.58340859413147
3.5320787961090616e-11,2.2386826686046982e-14,49.589895248413086
3.524891142858699e-11,2.314197519324903e-14,49.59659743309021
3.517712163225717e-11,2.229957551621621e-14,49.603212118148804
3.510591470301527e-11,2.2838164803859647e-14,49.60974621772766
3.5034138784473257e-11,2.2612787971320117e-14,49.617141246795654
3.4963313494396075e-11,2.2284705005794214e-14,49.62369680404663
3.489191574557182e-11,2.2963010684021352e-14,49.630348920822144
3.482114249719892e-11,2.190600504540629e-14,49.63679766654968
3.475042475997725e-11,2.286580518299445e-14,49.64336562156677
3.4679502325385414e-11,2.204737823243482e-14,49.65059041976929
3.460939868027424e-11,2.2364708961728277e-14,49.65709614753723
3.453863237079524e-11,2.2442497079472323e-14,49.66546678543091
3.446873342305423e-11,2.1850288912201796e-14,49.67189884185791
3.4398484061171075e-11,2.267865325329861e-14,49.67891979217529
3.432853654117274e-11,2.1648571403944973e-14,49.68617534637451
3.425898106867997e-11,2.2386869037694344e-14,49.692668437957764
3.4188964159742596e-11,2.1934634759023484e-14,49.70054602622986
3.411983195977797e-11,2.1903116663056152e-14,49.70704388618469
3.405018628166445e-11,2.220511440193841e-14,49.714317321777344
3.398112347063886e-11,2.1500074669830033e-14,49.720839500427246
3.391206759850718e-11,2.22416130516356e-14,49.727314710617065
3.384292152075474e-11,2.151310034249291e-14,49.73435831069946
3.37744693323927e-11,2.186261832378203e-14,49.740763902664185
3.3705413460261013e-11,2.1846182496473507e-14,49.74764347076416
3.363719372484475e-11,2.143670474691415e-14,49.7542188167572
3.3568633983627194e-11,2.2058735250191606e-14,49.760743618011475
3.350043506489264e-11,2.1144297115060703e-14,49.76771545410156
3.343248941578558e-11,2.1886480935972077e-14,49.77415108680725
3.336417947474857e-11,2.1396047165445943e-14,49.781092405319214
3.329678893715382e-11,2.1337695065709594e-14,49.78759455680847
3.322871838795649e-11,2.1702085251486605e-14,49.794034481048584
3.3161404178194687e-11,2.0910683734142073e-14,49.801071643829346
3.309390955719138e-11,2.1821206882990767e-14,49.80754470825195
3.302652942793749e-11,2.0831133787867738e-14,49.81536269187927
3.295968706296115e-11,2.143581028012185e-14,49.82186722755432
3.289229305591945e-11,2.1168947467891698e-14,49.828378677368164
3.2825804574532214e-11,2.089783593839812e-14,49.83679008483887
3.275880608444304e-11,2.1457983908615072e-14,49.84386730194092
3.2692310664161894e-11,2.057997835461147e-14,49.851677656173706
3.2625947082864926e-11,2.1363419456317707e-14,49.858368158340454
3.255935798751608e-11,2.07148429404733e-14,49.866806745529175
3.249353910939057e-11,2.091691620256797e-14,49.873255491256714
3.242710960860151e-11,2.1053386762897794e-14,49.882060289382935
3.23614711417175e-11,2.0448027562088196e-14,49.89000129699707
3.229556552741819e-11,2.1191363347807836e-14,49.89705801010132
3.2229843793807333e-11,2.032926507255367e-14,49.90399169921875
3.216457308830023e-11,2.0914234496256963e-14,49.91108202934265
3.209883053800766e-11,2.0590954207541992e-14,49.91856932640076
3.203395534945308e-11,2.041772580543312e-14,49.925052642822266
3.196854239662095e-11,2.0879709433326878e-14,49.932579040527344
3.1903698433088934e-11,2.0081011574174697e-14,49.939210653305054
3.1838878755685585e-11,2.0855267450600908e-14,49.94585871696472
3.177394111708587e-11,2.015658554779462e-14,49.95233917236328
3.1709697367876544e-11,2.0438832172412803e-14,49.958815574645996
3.164487075157929e-11,2.0462001911651997e-14,49.96647071838379
3.158084557752794e-11,1.9996228658352225e-14,49.97380876541138
3.151647692822834e-11,2.0634376504550037e-14,49.98109292984009
3.1452403181919664e-11,1.9792310558498435e-14,49.988115072250366
3.1388652094177516e-11,2.0454729286766872e-14,49.994892597198486
3.132452630616456e-11,2.0006152496362256e-14,50.00197792053223
3.126121930763226e-11,1.9979857205547694e-14,50.00917077064514
3.119734331979984e-11,2.031459615597312e-14,50.017207622528076
3.113412999633525e-11,1.9588970135114674e-14,50.02382206916809
3.1070816058909045e-11,2.034386622649844e-14,50.03064703941345
3.100749865203589e-11,1.9581060541453213e-14,50.037891149520874
3.094477105114457e-11,2.000387736586593e-14,50.04483366012573
3.0881505685975696e-11,1.9872121390920525e-14,50.05228900909424
3.0819059110287483e-11,1.9538608944202722e-14,50.05918860435486
3.0756196200965036e-11,2.008444713980876e-14,50.067015171051025
3.069372533914816e-11,1.9300592686024264e-14,50.073941469192505
3.06314626441484e-11,1.9975232405655685e-14,50.08201360702515
3.056892933228639e-11,1.9442990782918973e-14,50.08910298347473
3.050713501262514e-11,1.955812458330746e-14,50.096436738967896
3.0444789050898535e-11,1.9752793083377233e-14,50.1031813621521
3.0383143917456223e-11,1.915115913346966e-14,50.11047840118408
3.0321294086643746e-11,1.9848663660479264e-14,50.11854600906372
3.025958997260325e-11,1.9029777618062224e-14,50.12567901611328
3.019830566164394e-11,1.961606333096555e-14,50.134432792663574
3.013660154760345e-11,1.926149872737669e-14,50.141796350479126
3.0075688467468e-11,1.912025767748793e-14,50.14988684654236
3.0014272317524515e-11,1.9597709821064443e-14,50.156553745269775
2.995338699296468e-11,1.882007936537637e-14,50.16348624229431
2.989254330176827e-11,1.9585626049038914e-14,50.17059898376465
2.983157817992854e-11,1.8880349147705304e-14,50.177669525146484
2.977128266135054e-11,1.913895508276562e-14,50.18516278266907
2.9710379989555946e-11,1.9272593164919825e-14,50.1912305355072
2.9650299576688965e-11,1.866950401240887e-14,50.19775462150574
2.95898930358085e-11,1.9356491778345364e-14,50.20439004898071
2.95296842534043e-11,1.8578527591676074e-14,50.211769104003906
2.946987445739957e-11,1.9140079942519574e-14,50.218692779541016
2.940965873610146e-11,1.879601685341077e-14,50.22580862045288
2.9350220170920593e-11,1.870632284056012e-14,50.23348689079285
2.929027506648474e-11,1.9072947499251987e-14,50.24029898643494
2.923090589024291e-11,1.837197352529043e-14,50.247310161590576
2.917148814174375e-11,1.9086308596961976e-14,50.25395083427429
2.911204263766898e-11,1.8346672651155943e-14,50.26080918312073
2.9053153979829993e-11,1.874891673934575e-14,50.26800990104675
2.899374663967169e-11,1.8691121987288693e-14,50.27494692802429
2.893512339452453e-11,1.8302125494393945e-14,50.282487869262695
2.8876135857447416e-11,1.8852886645489425e-14,50.2891058921814
2.8817451896978596e-11,1.8096509940513858e-14,50.29617428779602
2.8759009063072938e-11,1.8740175359330084e-14,50.302863359451294
2.8700288673411123e-11,1.8265389675471526e-14,50.30975151062012
2.864227952037446e-11,1.8328029455986876e-14,50.31703805923462
2.8583756889188905e-11,1.856096351648181e-14,50.32364320755005
2.8525862227901655e-11,1.794792003277472e-14,50.3303759098053
2.8467828788736327e-11,1.862891249951055e-14,50.33696532249451
2.8409849125998754e-11,1.7903765899300247e-14,50.34373927116394
2.835235692055793e-11,1.8344050237151244e-14,50.35127830505371
2.8294399809225546e-11,1.8168529763887102e-14,50.35824465751648
2.8237202506775638e-11,1.790915472291068e-14,50.365394592285156
2.8179588870691497e-11,1.8390869136277778e-14,50.37188148498535
2.8122384629347685e-11,1.7655275231696042e-14,50.379183292388916
2.8065310492264572e-11,1.8303614578315218e-14,50.38602542877197
2.8008054209216482e-11,1.772213323628872e-14,50.39302968978882
2.795141028355541e-11,1.796579073389589e-14,50.40063714981079
2.78942927783854e-11,1.8018115347179578e-14,50.40721678733826
2.783783793758321e-11,1.7556766993996262e-14,50.41395330429077
2.778116278689957e-11,1.8116696429712822e-14,50.420271158218384
2.772462294464706e-11,1.7467681150801738e-14,50.42666029930115
2.766847861934707e-11,1.792923448595829e-14,50.43386149406433
2.7611945715988462e-11,1.7662273417906257e-14,50.44070363044739
2.7556150070107144e-11,1.7497691528122958e-14,50.44733166694641
2.7499884314163836e-11,1.7888607397676184e-14,50.45398449897766
2.7444097341899898e-11,1.724598721751687e-14,50.460752725601196
2.7388376289128047e-11,1.783687401338968e-14,50.46799683570862
2.7332499111243358e-11,1.7319545252722328e-14,50.47509741783142
2.7277239494916117e-11,1.7524257869480642e-14,50.482441663742065
2.7221485482398222e-11,1.7566707772665238e-14,50.488850116729736
2.7166414950929862e-11,1.7153594557696265e-14,50.495553731918335
2.7111054720641015e-11,1.7702726017401228e-14,50.50237250328064
2.705594255580923e-11,1.6983578104523382e-14,50.50884127616882
2.700110621201013e-11,1.753732928192267e-14,50.51585865020752
2.6945959352708826e-11,1.714866313187735e-14,50.521878480911255
2.6891504648074438e-11,1.7153845279448653e-14,50.52849245071411
2.6836565955590252e-11,1.7414910998187795e-14,50.534796476364136
2.6782197987129663e-11,1.6817547788400278e-14,50.54254388809204
2.6727746751942227e-11,1.7415886780143032e-14,50.550015687942505
2.667327816952003e-11,1.6817388546206194e-14,50.55599641799927
2.6619314391629345e-11,1.71642265152502e-14,50.56241726875305
2.656492734121052e-11,1.7010573044552377e-14,50.568705320358276
2.6511216832947326e-11,1.6759631063598818e-14,50.57528734207153
2.645711948134899e-11,1.7258972232598278e-14,50.58254432678223
2.640340723836232e-11,1.6540906827827023e-14,50.58855223655701
2.6349835507977204e-11,1.7158200722863434e-14,50.59508657455444
2.6296057345498447e-11,1.6659176344186247e-14,50.60136795043945
2.624292623487623e-11,1.6751784150375454e-14,50.60779857635498
2.6189290319722502e-11,1.6915059915354087e-14,50.61392617225647
2.6136271966126223e-11,1.6403440156751228e-14,50.620131731033325
2.6083059323500635e-11,1.7043407429719742e-14,50.62657713890076
2.6029981989306172e-11,1.633143727403693e-14,50.633986711502075
2.5977294967893805e-11,1.678565191573847e-14,50.64006495475769
2.5924189878123727e-11,1.6575745292947593e-14,50.64657711982727
2.587179949442575e-11,1.6396098075164428e-14,50.652865171432495
2.5818985838199637e-11,1.6786626003627812e-14,50.659444093704224
2.5766631883694657e-11,1.6097020905884302e-14,50.66628813743591
2.5714283133360105e-11,1.6777884623612148e-14,50.672327280044556
2.5661847646851754e-11,1.6171742764359287e-14,50.67874193191528
2.5609967271855716e-11,1.6436487994221302e-14,50.68506217002869
2.5557634134032448e-11,1.6404907217815873e-14,50.691505432128906
2.550592549666053e-11,1.6043357980543953e-14,50.69864058494568
2.545394277297941e-11,1.659238949036114e-14,50.704657554626465
2.540221852309621e-11,1.5865899495896493e-14,50.71116065979004
2.535074407339355e-11,1.6423126896511313e-14,50.71792721748352
2.5298946965124358e-11,1.6094727140663137e-14,50.724398612976074
2.5247828133734274e-11,1.6050452728510155e-14,50.7310106754303
2.5196261743687387e-11,1.634286713662718e-14,50.73720192909241
2.514520015817201e-11,1.5758126411819645e-14,50.743661642074585
2.5094102143463637e-11,1.632690564776912e-14,50.750876903533936
2.5042946882880557e-11,1.5787316861247923e-14,50.75718832015991
2.4992318978234174e-11,1.6028355332982185e-14,50.7634711265564
2.4941214024631897e-11,1.6049270270515788e-14,50.76980400085449
2.4890787347908727e-11,1.5674793616402873e-14,50.77627992630005
2.4840055359853785e-11,1.615211531690551e-14,50.78330636024475
2.4789581845596764e-11,1.5506040936387293e-14,50.789268255233765
2.4739326906497716e-11,1.602996130745018e-14,50.79584527015686
2.4688804819983368e-11,1.567919310553091e-14,50.80211091041565
2.4638914172814275e-11,1.5704895473282396e-14,50.80863404273987
2.458857596698838e-11,1.5906924689663808e-14,50.81536269187927
2.4538798076845225e-11,1.5355784067807958e-14,50.82135605812073
2.4488864061589233e-11,1.5969257844252252e-14,50.827786445617676
2.44389907616549e-11,1.534165725231365e-14,50.83426880836487
2.438955634675999e-11,1.5700253732731442e-14,50.84040927886963
2.4339691720443035e-11,1.5577332311425898e-14,50.84653615951538
2.429051404462257e-11,1.5309341251310005e-14,50.852762937545776
2.4240930443508724e-11,1.57944505727297e-14,50.85924530029297
2.4191745828794353e-11,1.5100481561241934e-14,50.86707258224487
2.4142658358594637e-11,1.567271499755031e-14,50.873239040374756
2.4093378334089088e-11,1.522478703438329e-14,50.87998175621033
2.404468464611842e-11,1.5357833887540313e-14,50.88646054267883
2.3995560746725708e-11,1.5412963873945307e-14,50.89250826835632
2.3947002367186165e-11,1.5020760514312254e-14,50.900362491607666
2.3898239290276457e-11,1.5538475522003554e-14,50.90634107589722
2.3849628869032635e-11,1.4914283390644704e-14,50.91294574737549
2.3801332432737965e-11,1.5356698863390993e-14,50.91943907737732
2.3752704664259383e-11,1.510519614662635e-14,50.92561364173889
2.3704708335126057e-11,1.4994180620427414e-14,50.933321475982666
2.3656316489040208e-11,1.5327466062315352e-14,50.93930459022522
2.3608332302971213e-11,1.4792664706012038e-14,50.94585061073303
2.3560401893329974e-11,1.5289806977480426e-14,50.952348709106445
2.351234484887499e-11,1.484381871976262e-14,50.95841121673584
2.3464822099250604e-11,1.4998837607571418e-14,50.96619153022766
2.3416870872927653e-11,1.504257500083584e-14,50.97215986251831
2.3369483431734395e-11,1.472050427516955e-14,50.97854018211365
2.3321893027894447e-11,1.5135616487894042e-14,50.985217332839966
2.3274481300572525e-11,1.4582234616859757e-14,50.99129629135132
2.322732110815462e-11,1.501333881162841e-14,50.99870252609253
2.317989029887446e-11,1.4716631640534703e-14,51.00515794754028
2.3133026744170948e-11,1.4728393540040276e-14,51.011996269226074
2.3085795428090528e-11,1.493997898213261e-14,51.018595695495605
2.3039035956795573e-11,1.441707166247464e-14,51.025017738342285
2.2992186279879867e-11,1.4979860681421132e-14,51.03255486488342
2.294535395019892e-11,1.439671407262033e-14,51.03896450996399
2.289893795415221e-11,1.4728886513215578e-14,51.04561901092529
2.285213684949383e-11,1.462906029224987e-14,51.0521502494812
2.2805925550817285e-11,1.4409092612111506e-14,51.05872440338135
2.27594210838733e-11,1.480368291058992e-14,51.06631636619568
2.2713209785196753e-11,1.4224751137734658e-14,51.07271981239319
2.266715287690957e-11,1.4694275052924873e-14,51.079381704330444
2.262087392401746e-11,1.434534999469883e-14,51.0859158039093
2.257517783821328e-11,1.4361159017626385e-14,51.092331647872925
2.252904980626358e-11,1.4547003128451662e-14,51.09960746765137
2.2483423109398437e-11,1.4104939174378484e-14,51.1059775352478
2.243769926801864e-11,1.457076070855625e-14,51.11259603500366
2.2392004916937935e-11,1.4091312955356004e-14,51.11910343170166
2.2346687000851517e-11,1.4398177745553187e-14,51.12564301490784
2.2301046426198567e-11,1.4205282085442018e-14,51.13367462158203
2.2255966167228358e-11,1.4066526230220502e-14,51.140280961990356
2.221054937190381e-11,1.439596529549496e-14,51.147029638290405
2.2165496868509216e-11,1.3838274567857991e-14,51.15364170074463
2.2120494672095425e-11,1.4362997079121927e-14,51.16016387939453
2.2075367575591365e-11,1.3920622263957107e-14,51.16776156425476
2.203076436557705e-11,1.4052404496923878e-14,51.17416954040527
2.198573614831112e-11,1.4127095015179815e-14,51.18107795715332
2.194124222587579e-11,1.3779692922192936e-14,51.18783521652222
2.1896557483858103e-11,1.423446491157377e-14,51.194504261016846
2.1852054887805394e-11,1.363598277126293e-14,51.20221471786499
2.180778300997499e-11,1.4087389498744322e-14,51.20892643928528
2.176322490277105e-11,1.3832025158773149e-14,51.216691732406616
2.1719275683507178e-11,1.3718571024719066e-14,51.22323989868164
2.1674911865332547e-11,1.4031916463995691e-14,51.22988772392273
2.1630988666920814e-11,1.3475048205350507e-14,51.236488580703735
2.158703597820999e-11,1.4023336020240005e-14,51.243048906326294
2.1543043390859218e-11,1.3494778143790902e-14,51.25058150291443
2.1499460198248777e-11,1.381309227833612e-14,51.25708866119385
2.1455545673454424e-11,1.3682921949067974e-14,51.26375389099121
2.141216197404372e-11,1.3463744550669399e-14,51.2705614566803
2.1368511127217715e-11,1.3849485048914902e-14,51.27699255943298
2.132511008057225e-11,1.3294012700566793e-14,51.284440994262695
2.128185475069877e-11,1.3794032342957004e-14,51.290884017944336
2.1238438091542022e-11,1.3377710567183832e-14,51.298654317855835
2.1195514093852452e-11,1.3468199096939009e-14,51.305160999298096
2.115219804865731e-11,1.3648423144159254e-14,51.31204152107239
2.1109393746887584e-11,1.3147595432337362e-14,51.31892704963684
2.1066447197792826e-11,1.3693482755854341e-14,51.325666427612305
2.1023552690402347e-11,1.3125232068463954e-14,51.33336162567139
2.0981020740218348e-11,1.346888688769218e-14,51.34042048454285
2.093814358006263e-11,1.332890114063125e-14,51.347105264663696
2.0895811123078367e-11,1.3173202085365807e-14,51.353771924972534
2.085321325340228e-11,1.3464572948891813e-14,51.36030340194702
2.081088079641802e-11,1.2972288411375928e-14,51.36776161193848
2.076865415756579e-11,1.3423817958634673e-14,51.37456488609314
2.0726288740835486e-11,1.3042613321821717e-14,51.382620096206665
2.0684398638337598e-11,1.316157994629653e-14,51.38931703567505
2.064214250918628e-11,1.3253124726136933e-14,51.39636015892029
2.0600363428990853e-11,1.2875544543305278e-14,51.40315890312195
2.0558433427853018e-11,1.3328588585473714e-14,51.41005849838257
2.0516591897612457e-11,1.2840900895762578e-14,51.41763734817505
2.0475079964832332e-11,1.3135166070869352e-14,51.42418193817139
2.0433231495697868e-11,1.3020322802781772e-14,51.43104958534241
2.0391960689480904e-11,1.2813073322346432e-14,51.437654972076416
2.035033599967484e-11,1.3176093855847733e-14,51.44448804855347
2.0309065193457876e-11,1.2616130538813282e-14,51.45130205154419
2.0267830816433907e-11,1.3136246884910049e-14,51.457979917526245
2.0226488886554428e-11,1.270383317720494e-14,51.4653537273407
2.018561186256651e-11,1.2881050257462431e-14,51.47178554534912
2.0144370546648638e-11,1.2875113403535126e-14,51.478562355041504
2.0103608014410135e-11,1.2615179320813515e-14,51.48541188240051
2.0062658132036226e-11,1.2995769011706765e-14,51.49210548400879
2.0021886926180343e-11,1.2494108666497722e-14,51.49973106384277
1.9981313478800722e-11,1.2888056914002119e-14,51.5065803527832
1.994053706877441e-11,1.256590826130468e-14,51.513370513916016
1.990023076881009e-11,1.260194951321035e-14,51.52017569541931
1.985960007555576e-11,1.2759894052818965e-14,51.52678847312927
1.9819368368700907e-11,1.2349005146369482e-14,51.53436493873596
1.977906033401311e-11,1.283061198655228e-14,51.54090666770935
1.9738785259071356e-11,1.2334922376588432e-14,51.54772353172302
1.9698853659377846e-11,1.2632804382379983e-14,51.55427432060242
1.9658620217799516e-11,1.2472778682819964e-14,51.5608651638031
1.9618874233517936e-11,1.2321972089857861e-14,51.56796979904175
1.9578866305991482e-11,1.2632907720399548e-14,51.57455801963806
1.9539115117539474e-11,1.2177591935866577e-14,51.582005739212036
1.949949576807164e-11,1.2555861603517297e-14,51.58849382400513
1.9459708150426636e-11,1.2239733661008941e-14,51.59517431259155
1.9420380234502765e-11,1.2304968750474678e-14,51.6019549369812
1.9380710578054128e-11,1.2424313151643968e-14,51.60851693153381
1.934148501081534e-11,1.2048975912056642e-14,51.61588096618652
1.9302124135145426e-11,1.2493647880574416e-14,51.62227272987366
1.9262851730372788e-11,1.199140816482945e-14,51.629390001297
1.9223862085526733e-11,1.2330182380215597e-14,51.636104583740234
1.918459141547757e-11,1.2156477098557422e-14,51.64263415336609
1.914582381523644e-11,1.2041695663874991e-14,51.65017628669739
1.9106757842557442e-11,1.231635795548346e-14,51.656686305999756
1.9068011058998025e-11,1.1850431389220234e-14,51.66353225708008
1.9029295500461174e-11,1.2309851048382652e-14,51.67019605636597
1.8990498409920953e-11,1.1895862001346218e-14,51.67701697349548
1.8952112448844538e-11,1.2064735807073255e-14,51.68442225456238
1.8913386481966832e-11,1.2091029403821923e-14,51.69090008735657
1.887512889042764e-11,1.1785930677319766e-14,51.69770884513855
1.8836690887646945e-11,1.2185759027544003e-14,51.704285621643066
1.8798396866914757e-11,1.1685907097677348e-14,51.710856676101685
1.8760321421340542e-11,1.2056883811652208e-14,51.71797013282776
1.8721996175585787e-11,1.1862848045194035e-14,51.72465896606445
1.8684187877426872e-11,1.1758419047192947e-14,51.73204684257507
1.8646039573466666e-11,1.2014427979236981e-14,51.738481283187866
1.8608250357265987e-11,1.1556766760473063e-14,51.74542236328125
1.857044379383055e-11,1.2004045896402485e-14,51.75217056274414
1.8532606005372543e-11,1.1567136984846297e-14,51.75877046585083
1.8495132508844492e-11,1.1795396270505333e-14,51.76624655723572
1.845734502736729e-11,1.1749613292673291e-14,51.77263927459717
1.8420024186505124e-11,1.1523520717293331e-14,51.77929902076721
1.8382484770484986e-11,1.1875874564889859e-14,51.78607630729675
1.8345150051835013e-11,1.1396274345759107e-14,51.79264831542969
1.8307962784680498e-11,1.1799750866887167e-14,51.80023002624512
1.8270596841007958e-11,1.1492969085918816e-14,51.80714821815491
1.8233680190715695e-11,1.153819641013746e-14,51.814049243927
1.819643741240995e-11,1.1687192046658332e-14,51.82080960273743
1.815959708995063e-11,1.129980999856105e-14,51.82766914367676
1.8122663092423608e-11,1.1729326006553603e-14,51.83467149734497
1.808577419770696e-11,1.1261502086488528e-14,51.84136915206909
1.8049178471257754e-11,1.1557129290574487e-14,51.84927558898926
1.8012308658499343e-11,1.1424472072573202e-14,51.8559091091156
1.7975898547462066e-11,1.1277979418411466e-14,51.86272144317627
1.7939240370967724e-11,1.1570894423000317e-14,51.86973714828491
1.7902840668271303e-11,1.1111849152400585e-14,51.87644815444946
1.7866517293407824e-11,1.1526390464918629e-14,51.88437628746033
1.783007595734798e-11,1.118253320481601e-14,51.8918673992157
1.7794040546581513e-11,1.1290646796137654e-14,51.900022745132446
1.7757694620312847e-11,1.1357727570395458e-14,51.90664076805115
1.7721759823507988e-11,1.1049171255402609e-14,51.91441822052002
1.768569492244243e-11,1.1437680704352686e-14,51.92116403579712
1.7649718492274147e-11,1.0987143032675176e-14,51.927794218063354
1.7613988392839453e-11,1.129406288001393e-14,51.93478775024414
1.7578008493224218e-11,1.1128135901910391e-14,51.94165015220642
1.7542498703670972e-11,1.1022335557567698e-14,51.94977617263794
1.7506695745850287e-11,1.1285081789674193e-14,51.95660948753357
1.747119983408485e-11,1.08390740501986e-14,51.96347737312317
1.7435728208448076e-11,1.1262859033270029e-14,51.970351219177246
1.7400185459148787e-11,1.0877903734566631e-14,51.97741174697876
1.7365013940673357e-11,1.1052423014887118e-14,51.98498201370239
1.7329537110866156e-11,1.1053512299257287e-14,51.99194931983948
1.7294487023034044e-11,1.079942613200352e-14,51.999645948410034
1.7259259993407383e-11,1.1151935833662342e-14,52.00622296333313
1.7224187354170084e-11,1.0697556867569034e-14,52.01343274116516
1.7189291656727335e-11,1.1043481735095902e-14,52.02073001861572
1.7154198200808324e-11,1.0803784116517143e-14,52.02733778953552
1.7119538425758307e-11,1.0796715626572306e-14,52.03445553779602
1.708457333937652e-11,1.1008302762730536e-14,52.04187512397766
1.7049986422712493e-11,1.05621383221597e-14,52.049253940582275
1.7015328382385952e-11,1.1011959403963833e-14,52.05570673942566
1.698066687261246e-11,1.0576819097201512e-14,52.06227970123291
1.6946333225575927e-11,1.0809845484287695e-14,52.06900405883789
1.6911704675548478e-11,1.0742720664316634e-14,52.07553243637085
1.6877525418901307e-11,1.0547286446462543e-14,52.08346605300903
1.6843118913478783e-11,1.0868147609080156e-14,52.09001803398132
1.6808925779043804e-11,1.0420323830965649e-14,52.09659957885742
1.6774841932187812e-11,1.0802632151708878e-14,52.10325288772583
1.6740612368559837e-11,1.050504830151476e-14,52.11042380332947
1.6706786995501766e-11,1.0565924559433927e-14,52.117767333984375
1.6672666719452778e-11,1.0674969039964604e-14,52.1242573261261
1.66389211436746e-11,1.0341068652156959e-14,52.13104867935181
1.660507321921134e-11,1.0730124437358015e-14,52.13762855529785
1.6571284275346265e-11,1.0303266418753947e-14,52.14422655105591
1.6537750335832158e-11,1.0585495255680238e-14,52.1514368057251
1.650396659613751e-11,1.0448182744600843e-14,52.15805411338806
1.647061827203533e-11,1.0322315342704749e-14,52.165465354919434
1.6437020147752612e-11,1.0588171032760614e-14,52.171907901763916
1.6403680497267814e-11,1.0159601160570145e-14,52.17849802970886
1.637039115376382e-11,1.0552914980397048e-14,52.185547828674316
1.6337009869915597e-11,1.0212331502635567e-14,52.19227123260498
1.6303996347444283e-11,1.0336679327424287e-14,52.19975447654724
1.6270687921982052e-11,1.0381745715382952e-14,52.206241607666016
1.6237773278748868e-11,1.0108243011879275e-14,52.21300292015076
1.620471812291413e-11,1.0450264751585194e-14,52.21982002258301
1.6171765315764475e-11,1.0038771063611372e-14,52.226258754730225
1.6139020675431937e-11,1.0337882961242335e-14,52.23384118080139
1.6106069603005757e-11,1.015029819771045e-14,52.240442752838135
1.6073526190596432e-11,1.0096792820498291e-14,52.247002840042114
1.6040726039112663e-11,1.029068205025659e-14,52.253950119018555
1.6008210382278953e-11,9.925412644280329e-15,52.26064467430115
1.5975698194892196e-11,1.0294933308618859e-14,52.26766633987427
1.594314610886549e-11,9.938811858472944e-15,52.274897813797
1.5910913211958366e-11,1.0110930647420913e-14,52.282044410705566
1.587840969818899e-11,1.009273637971389e-14,52.28859066963196
1.5846301701372134e-11,9.875884933788475e-15,52.29521036148071
1.5814020232207682e-11,1.0186297945001706e-14,52.30192303657532
1.5781894888156067e-11,9.775257419654664e-15,52.30841040611267
1.5749915260876435e-11,1.0101592109177434e-14,52.315876483917236
1.5717770834866585e-11,9.862314618940514e-15,52.322304010391235
1.5686013252191877e-11,9.881422835197624e-15,52.32938051223755
1.5653985052654917e-11,1.0014904216256587e-14,52.33630609512329
1.5622286450578393e-11,9.683437354106404e-15,52.34375548362732
1.5590528867903686e-11,1.0047293909126644e-14,52.35111403465271
1.5558786897740262e-11,9.671993938988998e-15,52.35806322097778
1.5527319013886043e-11,9.88506422983787e-15,52.36540746688843
1.5495596125680855e-11,9.81404559940828e-15,52.37250471115112
1.5464280897492522e-11,9.650993451127722e-15,52.379332065582275
1.5432750563593167e-11,9.93121820810081e-15,52.38610124588013
1.5401433600681358e-11,9.521546487996531e-15,52.39280724525452
1.5370205108666823e-11,9.864527068998742e-15,52.40055441856384
1.5338841308221163e-11,9.609438861768373e-15,52.407126903533936
1.530786261638717e-11,9.641446542779219e-15,52.41367959976196
1.5276585552115307e-11,9.77435194143405e-15,52.42064881324768
1.524568145339078e-11,9.42659240054343e-15,52.427780866622925
1.521465418929946e-11,9.834184654762199e-15,52.43488550186157
1.518371192665846e-11,9.384008666153167e-15,52.441746950149536
1.515297783083458e-11,9.70915158031915e-15,52.449260234832764
1.5122019955682298e-11,9.552391192770796e-15,52.45591592788696
1.5091481883611202e-11,9.453784699249134e-15,52.46292185783386
1.5060685337742186e-11,9.67622910372527e-15,52.47054314613342
1.5030149000394566e-11,9.293483713981258e-15,52.477251052856445
1.499963694917561e-11,9.652441877467527e-15,52.48459720611572
1.4969060713188043e-11,9.323272168670297e-15,52.491459131240845
1.4938808870490483e-11,9.461670575988072e-15,52.4992458820343
1.4908289880377623e-11,9.474673378761372e-15,52.505921840667725
1.4878140386365146e-11,9.242516047479072e-15,52.51277422904968
1.484783997141026e-11,9.552840120232841e-15,52.51999258995056
1.481766966071607e-11,9.161004372898896e-15,52.52671527862549
1.478765547513472e-11,9.460106106134493e-15,52.534600019454956
1.4757478225546627e-11,9.237631208472256e-15,52.54140782356262
1.4727651390100682e-11,9.260368960908351e-15,52.548781633377075
1.4697592101708956e-11,9.390304662050108e-15,52.55574417114258
1.4667820777414242e-11,9.07465868128874e-15,52.56272053718567
1.463801475865001e-11,9.41175661847227e-15,52.569944858551025
1.4608205270438823e-11,9.06385223494767e-15,52.576632022857666
1.4578671603260318e-11,9.242178928366065e-15,52.58403134346008
1.4548882931730844e-11,9.21533221910284e-15,52.59216904640198
1.4519486307706941e-11,9.009672619509496e-15,52.60084867477417
1.4489880649504183e-11,9.32777838394969e-15,52.607521533966064
1.4460468412968996e-11,8.909988700078926e-15,52.614400148391724
1.4431156790395416e-11,9.250945719370147e-15,52.62086057662964
1.4401708992028972e-11,8.994609832608472e-15,52.62762999534607
1.4372613342528151e-11,9.038747872456947e-15,52.635568380355835
1.434326789284679e-11,9.11860359762524e-15,52.642271995544434
1.43142277544972e-11,8.858798263911612e-15,52.65015721321106
1.4285119961932047e-11,9.170687653551907e-15,52.656649589538574
1.4256053802730317e-11,8.823510024296051e-15,52.66334629058838
1.4227214892303941e-11,9.038078716428616e-15,52.67025089263916
1.4198146998378736e-11,8.960780183728083e-15,52.676695108413696
1.4169463345703459e-11,8.825271005793393e-15,52.68434143066406
1.4140575863019755e-11,9.044672020890043e-15,52.691248416900635
1.4111877465194933e-11,8.720685306697062e-15,52.69871783256531
1.4083262334096958e-11,9.000195167862667e-15,52.70529055595398
1.4054537048058258e-11,8.776407369132187e-15,52.711811780929565
1.402614743101216e-11,8.816328878969229e-15,52.718470335006714
1.3997488064465546e-11,8.92677265792877e-15,52.725136280059814
1.3969176509975867e-11,8.633838171582132e-15,52.732561111450195
1.3940746994289821e-11,8.970348267900267e-15,52.739102840423584
1.3912394673798456e-11,8.590537847318492e-15,52.74561333656311
1.38842366423364e-11,8.849791762583457e-15,52.7522075176239
1.3855881719759822e-11,8.700095629815205e-15,52.758814096450806
1.3827892823836674e-11,8.642914129611962e-15,52.766234397888184
1.3799683618032077e-11,8.802306248527434e-15,52.77262353897095
1.3771705130449785e-11,8.506180989068489e-15,52.77914619445801
1.3743743990102253e-11,8.799976907922485e-15,52.7857768535614
1.3715750757370415e-11,8.495368613496788e-15,52.79231023788452
1.3688009059542594e-11,8.669529598880586e-15,52.799697160720825
1.3660060062259394e-11,8.627355828436795e-15,52.80629849433899
1.3632442397160105e-11,8.47268761226816e-15,52.81299018859863
1.360466773958624e-11,8.729208152212335e-15,52.82001996040344
1.3577041400869572e-11,8.375036571911e-15,52.8270001411438
1.3549534758072745e-11,8.645892297454508e-15,52.83474588394165
1.3521876326971771e-11,8.463438012484142e-15,52.841346979141235
1.349457004473642e-11,8.439042616570271e-15,52.848649740219116
1.3467012227597053e-11,8.604808658413832e-15,52.85534310340881
1.3439743241916435e-11,8.281728269474414e-15,52.8620982170105
1.3412424816616753e-11,8.61809606425741e-15,52.86923885345459
1.3385121136466616e-11,8.279684378972689e-15,52.87563967704773
1.3358051643985736e-11,8.475364236381483e-15,52.883182525634766
1.3330772249964262e-11,8.38308507897581e-15,52.88997435569763
1.3303833729105818e-11,8.266933144984723e-15,52.896677017211914
1.3276704388665017e-11,8.504874017230876e-15,52.90372276306152
1.3249768469891787e-11,8.160078244622698e-15,52.91020083427429
1.322289586852543e-11,8.46819579654887e-15,52.91804480552673
1.3195937398347013e-11,8.19600514708049e-15,52.92476558685303
1.3169266892265608e-11,8.304305932683477e-15,52.9320547580719
1.3142377811026229e-11,8.336756611925736e-15,52.93892192840576
1.3115794041118622e-11,8.09875814143917e-15,52.945507287979126
1.3089104453078981e-11,8.388464585223823e-15,52.95241594314575
1.3062486856063593e-11,8.055032606636009e-15,52.9593243598938
1.3036048802927969e-11,8.28915505435594e-15,52.96699285507202
1.3009436410083008e-11,8.159680139137489e-15,52.97331762313843
1.2983149277889794e-11,8.103143231007106e-15,52.97987461090088
1.2956661785135104e-11,8.295145271358922e-15,52.98673415184021
1.2930396336985339e-11,7.971012867499013e-15,52.993468046188354
1.290414997079381e-11,8.278961012835734e-15,53.00132179260254
1.2877857634430168e-11,7.981825243070714e-15,53.008023500442505
1.2851829843396612e-11,8.113420281756142e-15,53.0153489112854
1.2825573068864227e-11,8.133578818867847e-15,53.022024631500244
1.2799650228600967e-11,7.907760682162798e-15,53.02883219718933
1.277358427365094e-11,8.201482909150383e-15,53.035932302474976
1.2747619800024257e-11,7.864779689320273e-15,53.0423743724823
1.2721809716786936e-11,8.111229007521596e-15,53.04984998703003
1.2695839171628087e-11,7.958906225583907e-15,53.05625510215759
1.2670192152397508e-11,7.93143694710445e-15,53.063151836395264
1.264434217052024e-11,8.05688930285639e-15,53.06976246833801
1.2618727243673966e-11,7.773566099362247e-15,53.07621431350708
1.2593084561252077e-11,8.088952041008807e-15,53.08343982696533
1.2567443613553664e-11,7.777703855309584e-15,53.08995795249939
1.254203164935408e-11,7.949687966018939e-15,53.096712827682495
1.251642366140171e-11,7.875470939180517e-15,53.10359859466553
1.2491116647972422e-11,7.769353804515551e-15,53.110612869262695
1.2465662183047677e-11,7.976449124954491e-15,53.11808729171753
1.2440369047406197e-11,7.646301093103183e-15,53.12484931945801
1.2415140963895066e-11,7.943911201318665e-15,53.133299827575684
1.2389825276848399e-11,7.693712068259848e-15,53.13996934890747
1.2364782808749197e-11,7.78161375939411e-15,53.146591901779175
1.2339541714811997e-11,7.828534302474315e-15,53.15328049659729
1.2314566900928359e-11,7.606618446557266e-15,53.159960985183716
1.2289520963382206e-11,7.875689473680909e-15,53.16791224479675
1.2264529669625546e-11,7.549622446569471e-15,53.17435097694397
1.223970057251389e-11,7.785588037982627e-15,53.18111038208008
1.2214714482927658e-11,7.659229356977125e-15,53.18768095970154
1.2190047582461006e-11,7.572703247349204e-15,53.19422793388367
1.2165172515177236e-11,7.784752863496634e-15,53.201595306396484
1.2140508216795798e-11,7.451655462922986e-15,53.20812749862671
1.2115874276075189e-11,7.751702484927719e-15,53.215399980545044
1.2091173548500755e-11,7.497546860972277e-15,53.221837759017944
1.2066752978767692e-11,7.574719185763669e-15,53.22882151603699
1.2042105160259275e-11,7.616330526330484e-15,53.23565912246704
1.2017750510018299e-11,7.400666620597119e-15,53.242268562316895
1.1993283970113122e-11,7.684472632871198e-15,53.24959373474121
1.19689145747226e-11,7.340622996065103e-15,53.25638198852539
1.1944671814145824e-11,7.605703650974231e-15,53.26333928108215
1.1920300684031826e-11,7.414940819824248e-15,53.270122051239014
1.1896220987461792e-11,7.418033337114674e-15,53.27680206298828
1.1871933991436379e-11,7.5635883258038e-15,53.284711599349976
1.184789939767672e-11,7.251204268922309e-15,53.29140663146973
1.1823821435830162e-11,7.583217467323471e-15,53.299609661102295
1.1799751280239246e-11,7.255384376517009e-15,53.3060622215271
1.177589623035935e-11,7.43577274812902e-15,53.312769174575806
1.1751843422003194e-11,7.386334823129576e-15,53.31976342201233
1.1728092455531858e-11,7.243702098108477e-15,53.32646441459656
1.1704198374373753e-11,7.471806376738166e-15,53.33403921127319
1.1680424856497229e-11,7.179957786629908e-15,53.34082341194153
1.1656769299817071e-11,7.397220043534741e-15,53.34774470329285
1.1632984506237953e-11,7.240214863464631e-15,53.35445237159729
1.160948247258542e-11,7.242096123640483e-15,53.36128878593445
1.1585787884627052e-11,7.345839871987243e-15,53.368197441101074
1.1562329219061418e-11,7.100432827827517e-15,53.375149965286255
1.1538835859026264e-11,7.366450724692782e-15,53.38258099555969
1.1515336427458944e-11,7.116575158219816e-15,53.38898324966431
1.149205036687917e-11,7.257815361075629e-15,53.395604372024536
1.1468584762419631e-11,7.207673551697016e-15,53.402207374572754
1.1445406254695367e-11,7.0902260808131026e-15,53.40883207321167
1.1422080295475645e-11,7.282082007981517e-15,53.41594862937927
1.1398903522474857e-11,7.000803965538519e-15,53.4223313331604
1.1375789199519204e-11,7.242190991330576e-15,53.428911447525024
1.1352601150815822e-11,7.020067188824976e-15,53.435486793518066
1.1329653361313863e-11,7.10887393466338e-15,53.44189167022705
1.1306533834187782e-11,7.111077914392135e-15,53.449267625808716
1.128364762736922e-11,6.9657257900938765e-15,53.455642223358154
1.1260692031611619e-11,7.173826962157681e-15,53.46224331855774
1.1237801487984367e-11,6.912933614623305e-15,53.46885967254639
1.1215052324320407e-11,7.0979001993152265e-15,53.47549486160278
1.1192168719587059e-11,6.970775800525407e-15,53.483007192611694
1.1169547925460321e-11,6.9558752204337826e-15,53.48939085006714
1.1146767536773794e-11,7.0735433434004555e-15,53.49598789215088
1.1124186641287004e-11,6.8128122026754785e-15,53.5025475025177
1.1101588398565454e-11,7.096798632967322e-15,53.50919222831726
1.1078988421120428e-11,6.808994625182203e-15,53.51632237434387
1.1056590538960354e-11,6.958899975088428e-15,53.52271556854248
1.1034009643473564e-11,6.927720268783523e-15,53.52934908866882
1.1011700232210764e-11,6.801157029321259e-15,53.535903215408325
1.0989283268092453e-11,6.989233918995499e-15,53.54238843917847
1.0966956509594894e-11,6.743305102540264e-15,53.549678564071655
1.0944740773399797e-11,6.9408098924339176e-15,53.5561089515686
1.0922420953796141e-11,6.78216443306145e-15,53.562710762023926
1.0900350067011289e-11,6.792505434798004e-15,53.569257497787476
1.0878097034261458e-11,6.905489042049887e-15,53.57600116729736
1.0856085128074788e-11,6.637799102146742e-15,53.58304452896118
1.0834009037119507e-11,6.937167650760724e-15,53.589447021484375
1.081196156910158e-11,6.637675435336443e-15,53.596112966537476
1.0790105788027748e-11,6.7943494255241765e-15,53.60264587402344
1.0768066126265463e-11,6.7441102073566295e-15,53.609334230422974
1.0746313561238452e-11,6.627653765021004e-15,53.61677312850952
1.0724399666928175e-11,6.844294723259026e-15,53.62330985069275
1.070265317343333e-11,6.524137445020582e-15,53.63032937049866
1.0680941374408004e-11,6.819927279432415e-15,53.63699293136597
1.0659174064231447e-11,6.559899176053659e-15,53.64357614517212
1.0637637472277195e-11,6.6599850126177005e-15,53.651129722595215
1.0615915264911013e-11,6.6813205020096154e-15,53.657596588134766
1.0594444592448848e-11,6.500111355471714e-15,53.66544842720032
1.0572882847004195e-11,6.749421950968861e-15,53.671905279159546
1.0551387021051628e-11,6.4659839745103646e-15,53.678574085235596
1.0530030840338878e-11,6.663995290106476e-15,53.68530797958374
1.0508545422727167e-11,6.52884271304258e-15,53.69178295135498
1.0487315009466425e-11,6.498775584513894e-15,53.69974160194397
1.0465925001645893e-11,6.6295591656358524e-15,53.70617628097534
1.04447162724286e-11,6.3821882755879175e-15,53.71284484863281
1.0423514482105212e-11,6.629575682778324e-15,53.71970272064209
1.040227973203578e-11,6.401331643712338e-15,53.726752042770386
1.0381256618230417e-11,6.501549617416152e-15,53.73445653915405
1.0360050491098338e-11,6.526245710026298e-15,53.74088788032532
1.0339108041934608e-11,6.351209739607986e-15,53.74771809577942
1.0318064978809272e-11,6.562940871367249e-15,53.75387740135193
1.029710171296383e-11,6.298848703907567e-15,53.76059079170227
1.0276251204144327e-11,6.501927817627101e-15,53.76784610748291
1.0255273193149339e-11,6.387473761178784e-15,53.77437925338745
1.0234570135825294e-11,6.334527002195339e-15,53.78111124038696
1.0213682330451057e-11,6.473748725537845e-15,53.78800320625305
1.0192986212020916e-11,6.239937138909557e-15,53.7948796749115
1.0172294430399464e-11,6.454001846438505e-15,53.80172419548035
1.0151580097372825e-11,6.240294586813298e-15,53.808510541915894
1.0131055716566806e-11,6.350183982708861e-15,53.81636595726013
1.0110373475924472e-11,6.3220565596293875e-15,53.822734355926514
1.0089930627121824e-11,6.2287931499390055e-15,53.82935118675232
1.0069384562272354e-11,6.3818553916396466e-15,53.83598852157593
1.0048939111384492e-11,6.1624560706088904e-15,53.84281778335571
1.0028580396670428e-11,6.338553373310112e-15,53.85051202774048
1.0008127139526923e-11,6.1947801184255354e-15,53.857168197631836
9.987900263797034e-12,6.229502540032331e-15,53.86371421813965
9.967525936571686e-12,6.266886762675873e-15,53.87045454978943
9.947351969907814e-12,6.0978748905784336e-15,53.87699317932129
9.927125961539662e-12,6.304492484435122e-15,53.88438105583191
9.906935515002768e-12,6.0714131577897356e-15,53.89092421531677
9.886891652599594e-12,6.229292052344938e-15,53.897765159606934
9.866703808147914e-12,6.166850054022772e-15,53.9044349193573
9.846781376388059e-12,6.065790129569388e-15,53.91118025779724
9.826701084791889e-12,6.240569449004682e-15,53.91806983947754
9.806777785670295e-12,5.977062157795079e-15,53.924729108810425
9.786883109486055e-12,6.217123153508209e-15,53.93208336830139
9.766935524235798e-12,6.008530702334997e-15,53.93881821632385
9.747193503717444e-12,6.1081070485812655e-15,53.945369243621826
9.72730489906537e-12,6.091573388967335e-15,53.95201230049133
9.707630532762579e-12,5.965537427514737e-15,53.95890712738037
9.687874634456417e-12,6.148574894669287e-15,53.96792435646057
9.66818985981277e-12,5.914204689812285e-15,53.97494649887085
9.648616107471586e-12,6.0899305685661355e-15,53.9830060005188
9.628928730742725e-12,5.974899259164265e-15,53.99051570892334
9.609466868065741e-12,5.971356967378848e-15,53.99790334701538
9.589867962234155e-12,6.065210335516992e-15,54.00466966629028
9.570451202367547e-12,5.8338428624580066e-15,54.011786222457886
9.551011023734013e-12,6.072887418634432e-15,54.01872253417969
9.531563038844837e-12,5.842401283357064e-15,54.02522039413452
9.512297199920638e-12,5.960475135105472e-15,54.032642126083374
9.492874368521864e-12,5.937248221142338e-15,54.039016008377075
9.473682255345395e-12,5.835277736270655e-15,54.04598927497864
9.454395599739485e-12,5.9869631259155346e-15,54.0528130531311
9.435200884477801e-12,5.765107409337741e-15,54.05965852737427
9.416082497049061e-12,5.949854612496324e-15,54.06725859642029
9.396879108169998e-12,5.808448391182849e-15,54.07385563850403
9.377896896534121e-12,5.821358867364899e-15,54.08105826377869
9.358758559785407e-12,5.8984011725988876e-15,54.08794951438904
9.339814512066003e-12,5.70338877715253e-15,54.094690799713135
9.320832300430126e-12,5.921085985475779e-15,54.10143852233887
9.301859629773368e-12,5.709611928216007e-15,54.10846471786499
9.28305089048509e-12,5.834344729479255e-15,54.11594796180725
9.264107710127423e-12,5.769369679128325e-15,54.12234544754028
9.245387441736419e-12,5.693810105068505e-15,54.12927484512329
9.226533599637765e-12,5.858610105835722e-15,54.13601350784302
9.207835882651949e-12,5.590414487263067e-15,54.14266872406006
9.189148574006989e-12,5.849432927368696e-15,54.1506450176239
9.170427438254247e-12,5.616187582265647e-15,54.15719699859619
9.151901458892553e-12,5.712720539132431e-15,54.163750886917114
9.133212415524117e-12,5.721004944873051e-15,54.17051339149475
9.11474801884582e-12,5.57066210244957e-15,54.17719483375549
9.096196885993724e-12,5.773608655512859e-15,54.18445920944214
9.077714274718929e-12,5.528147824760982e-15,54.190932512283325
9.059340083661382e-12,5.704629256903784e-15,54.197705030441284
9.040851400854422e-12,5.598545156523761e-15,54.20428538322449
9.022589099461076e-12,5.5685445200814344e-15,54.21103072166443
9.004188020189652e-12,5.680617990431493e-15,54.217994689941406
8.985944800754542e-12,5.472324118372188e-15,54.22458052635193
8.967694642425528e-12,5.6972795520204584e-15,54.232030153274536
8.9494418820113e-12,5.469470464372888e-15,54.23856997489929
8.931350450880338e-12,5.586601144934528e-15,54.245112657547
8.913116772424345e-12,5.559818810175294e-15,54.25183391571045
8.895102536488064e-12,5.451124577768307e-15,54.25846743583679
8.876979880334535e-12,5.64057620191594e-15,54.26592016220093
8.858969981206943e-12,5.375851724361133e-15,54.272297382354736
8.841018195315797e-12,5.590848168132061e-15,54.27881860733032
8.822977938527377e-12,5.4497883832940134e-15,54.285866498947144
8.80516839996126e-12,5.442944357080199e-15,54.292279958724976
8.787194930026665e-12,5.5301934093286015e-15,54.29966998100281
8.769408810227475e-12,5.333036326459796e-15,54.3060622215271
8.751589730682241e-12,5.5450554494211254e-15,54.31301999092102
8.733781059477863e-12,5.327024086600185e-15,54.31974506378174
8.716119839768943e-12,5.4567501470874965e-15,54.32622480392456
8.698326781075849e-12,5.405732929157896e-15,54.33394956588745
8.680754032264204e-12,5.3258047826726124e-15,54.340489625930786
8.663063322256193e-12,5.471570682565605e-15,54.347216844558716
8.645492308168023e-12,5.255303265857322e-15,54.353774547576904
8.627962927443278e-12,5.446267690848751e-15,54.36035227775574
8.610374566120349e-12,5.287321534780008e-15,54.36775350570679
8.59298049382673e-12,5.334849400483394e-15,54.37431788444519
8.575440704761128e-12,5.369342699677957e-15,54.38109087944031
8.55809347000136e-12,5.216598095332536e-15,54.38761878013611
8.540681183111243e-12,5.4188568576426545e-15,54.39410042762756
8.523329611542785e-12,5.1762852562738625e-15,54.401068449020386
8.506077786574195e-12,5.3469458780031325e-15,54.407761335372925
8.488718408750096e-12,5.244761517312268e-15,54.41537046432495
8.471574136637017e-12,5.212399353012997e-15,54.421810150146484
8.454298025539764e-12,5.3254765574055514e-15,54.42836356163025
8.437166763852755e-12,5.122090394242638e-15,54.43503761291504
8.420043308421388e-12,5.320152955332058e-15,54.441490650177
8.402892964776143e-12,5.1389552437389446e-15,54.44874048233032
8.385912624031544e-12,5.220251771950518e-15,54.45513653755188
8.368793505408867e-12,5.2220580697105376e-15,54.46166181564331
8.351875614709403e-12,5.099400922684537e-15,54.468348026275635
8.334876192006568e-12,5.268756266642088e-15,54.47481822967529
8.31794702560451e-12,5.054027908798966e-15,54.48209834098816
8.301101993291038e-12,5.221309292585165e-15,54.48867464065552
8.284169357442028e-12,5.1045390245425815e-15,54.49531817436218
8.267437082154494e-12,5.100917535176596e-15,54.50204539299011
8.250570365797572e-12,5.180473834198035e-15,54.50848126411438
8.233863244000439e-12,5.003547286241451e-15,54.51593637466431
8.217138774968546e-12,5.191956212831014e-15,54.52250623703003
8.200415173298392e-12,4.998248671639902e-15,54.52913999557495
8.18383728840022e-12,5.105423326939515e-15,54.53591799736023
8.167131033964825e-12,5.073138666154917e-15,54.54330563545227
8.15062774217612e-12,4.9846720040448364e-15,54.55116057395935
8.134025571149284e-12,5.132516946306865e-15,54.557990074157715
8.117519677275364e-12,4.925434331362133e-15,54.56593132019043
8.101068427190938e-12,5.102483275579595e-15,54.57242274284363
8.084551257614425e-12,4.963187013337731e-15,54.579315423965454
8.06822057081158e-12,4.9923050414490185e-15,54.5859956741333
8.051756310301084e-12,5.0409065214130494e-15,54.59306478500366
8.035465522138185e-12,4.88795185289671e-15,54.600539207458496
8.019128763803174e-12,5.066700368722837e-15,54.60720372200012
8.002822363128992e-12,4.867049620857315e-15,54.61377835273743
7.9866321889277e-12,5.001848561665733e-15,54.62079119682312
7.97033359450916e-12,4.9320814224157114e-15,54.627729415893555
7.95423362592862e-12,4.885890598219566e-15,54.63495635986328
7.938019165598664e-12,4.9992964513956555e-15,54.641873359680176
7.92192960535898e-12,4.807595954773062e-15,54.649704933166504
7.905859994439268e-12,4.988949096911997e-15,54.657668590545654
7.88975048487961e-12,4.832918851764177e-15,54.66567087173462
7.873811845582335e-12,4.889572650441281e-15,54.67232155799866
7.857738765215672e-12,4.908523742086675e-15,54.67948031425476
7.8418504328992e-12,4.7800174090434095e-15,54.6866397857666
7.825893579005427e-12,4.946105746923401e-15,54.69306921958923
7.809991368901148e-12,4.7500697121602865e-15,54.700621604919434
7.794188905396737e-12,4.880816447349039e-15,54.70718240737915
7.778278021675078e-12,4.816969221367378e-15,54.71384644508362
7.762574437408798e-12,4.7668286825381864e-15,54.72042417526245
7.746738146796606e-12,4.883277501577287e-15,54.7269287109375
7.731046705594657e-12,4.693979190393107e-15,54.73427486419678
7.715354397030971e-12,4.8677230120503824e-15,54.74051833152771
7.699649945402953e-12,4.690514402122363e-15,54.74673557281494
7.684086873738227e-12,4.783875220601679e-15,54.75354814529419
7.668401504068445e-12,4.76351424261558e-15,54.760106325149536
7.652897413001902e-12,4.687567574498865e-15,54.767422914505005
7.637317861464155e-12,4.809421310774395e-15,54.77346920967102
7.621818107206302e-12,4.629896489252109e-15,54.77954292297363
7.606374731461418e-12,4.780874182869557e-15,54.78575825691223
7.59086456886271e-12,4.666471795431023e-15,54.79227089881897
7.575532215420289e-12,4.680059897970877e-15,54.800013303756714
7.560081033419763e-12,4.7244791527578395e-15,54.80666375160217
7.544774700829482e-12,4.5946074026036e-15,54.813507318496704
7.529444082110537e-12,4.7494653541524205e-15,54.820164918899536
7.514130810626352e-12,4.57410962879652e-15,54.82683777809143
7.498931163529843e-12,4.69011587312068e-15,54.83439230918884
7.483628300386513e-12,4.635531799450192e-15,54.84091234207153
7.468510185293376e-12,4.578878000773088e-15,54.84772539138794
7.453288854153417e-12,4.695444557391857e-15,54.85441517829895
7.438179412677659e-12,4.506499458946682e-15,54.86103129386902
7.423095124692303e-12,4.671008503896517e-15,54.86801338195801
7.407963999173095e-12,4.536547952750528e-15,54.874606132507324
7.393002009192795e-12,4.5780085214527314e-15,54.88206958770752
7.377911649675273e-12,4.607714390429413e-15,54.88846135139465
7.362991293058396e-12,4.479230927275724e-15,54.89517426490784
7.34801455792855e-12,4.6385116613586325e-15,54.90188193321228
7.333082058247342e-12,4.445785407836914e-15,54.908506870269775
7.31824149891036e-12,4.583443931875262e-15,54.91661262512207
7.303313336037842e-12,4.490112336032626e-15,54.923333168029785
7.288557778151183e-12,4.4789327716782904e-15,54.930055141448975
7.273695968451621e-12,4.558622054872449e-15,54.93669772148132
7.258965130374495e-12,4.388668705654136e-15,54.943177938461304
7.244224751318251e-12,4.5691485568244514e-15,54.95060205459595
7.22947873441071e-12,4.396665967225637e-15,54.957199811935425
7.214866724891689e-12,4.485925875690822e-15,54.96378755569458
7.2001436930702045e-12,4.455909569138971e-15,54.97039771080017
7.185586327340676e-12,4.385037475409257e-15,54.97690749168396
7.17095913899124e-12,4.507008102231508e-15,54.98436117172241
7.156403507985187e-12,4.3326345115779485e-15,54.99099373817444
7.14191032702427e-12,4.465569132869459e-15,54.99773812294006
7.127342552953886e-12,4.376956357575977e-15,55.00463819503784
7.112948684911968e-12,4.373928214789543e-15,55.01119256019592
7.098442493524981e-12,4.434615584361472e-15,55.01800298690796
7.0840664063986925e-12,4.299188992139139e-15,55.024624824523926
7.069683814059369e-12,4.43871141217792e-15,55.03209662437439
7.055292548102665e-12,4.3004764822189654e-15,55.03873252868652
7.041029218002315e-12,4.375716301341197e-15,55.04532337188721
7.026660937131668e-12,4.353734525810527e-15,55.051957845687866
7.012462225480798e-12,4.2790558660158514e-15,55.05849742889404
6.998177645017867e-12,4.398830136405872e-15,55.065979957580566
6.9839824028139486e-12,4.225960029233689e-15,55.07233667373657
6.969825758207371e-12,4.376161417154979e-15,55.07890701293945
6.955620541343466e-12,4.250483327122596e-15,55.08558964729309
6.9415714495923986e-12,4.2849634973064765e-15,55.09219789505005
6.927403095602358e-12,4.31872241893577e-15,55.099666595458984
6.913393902491238e-12,4.187796536278673e-15,55.10606122016907
6.899333101356708e-12,4.34262611222376e-15,55.11268210411072
6.885311331500388e-12,4.163848373760952e-15,55.119322061538696
6.871379767264818e-12,4.28754906537797e-15,55.12602496147156
6.8573636352597944e-12,4.208398495138266e-15,55.13424611091614
6.843508832538037e-12,4.19477397018168e-15,55.1408793926239
6.829558186344231e-12,4.272331694964073e-15,55.147743701934814
6.815725935027661e-12,4.1126312560558e-15,55.15459966659546
6.801888479540663e-12,4.279248989527825e-15,55.16117072105408
6.788040615712809e-12,4.121722884195154e-15,55.168049812316895
6.774321988783916e-12,4.2014142849716805e-15,55.17461562156677
6.7604966763612495e-12,4.190448172920053e-15,55.18216681480408
6.74683225954098e-12,4.102075531467117e-15,55.18864846229553
6.733103224271231e-12,4.220671579027507e-15,55.19527053833008
6.7194279654292366e-12,4.07109868955308e-15,55.202117919921875
6.7058272996967094e-12,4.1790509210982724e-15,55.20880341529846
6.692147704046025e-12,4.112577892980123e-15,55.216338872909546
6.678635942891642e-12,4.0900675688903664e-15,55.222732067108154
6.665012725753927e-12,4.168919560016164e-15,55.22932434082031
6.6515148423873516e-12,4.023916836808647e-15,55.2359676361084
6.638008285403396e-12,4.175691164912988e-15,55.24304127693176
6.624502595781179e-12,4.0206214551273545e-15,55.250560998916626
6.611109229504031e-12,4.111578394102363e-15,55.25718641281128
6.59762218815918e-12,4.070251656605826e-15,55.26374888420105
6.5842865014376084e-12,4.0237690295593515e-15,55.270363330841064
6.570876655287439e-12,4.12118882992191e-15,55.27681589126587
6.557549208502378e-12,3.968466671949592e-15,55.284425020217896
6.5442573235485746e-12,4.105953248299647e-15,55.29096531867981
6.530920769465265e-12,3.991343337789036e-15,55.29775786399841
6.517732100558282e-12,4.0152703244830754e-15,55.30460214614868
6.504428939901885e-12,4.061984615040624e-15,55.31157183647156
6.491273230740946e-12,3.932621508171211e-15,55.31829762458801
6.478079791344404e-12,4.071641214155796e-15,55.32474732398987
6.4649050002252295e-12,3.923181749490535e-15,55.33208441734314
6.451829955705923e-12,4.021443077086191e-15,55.33956050872803
6.438668608693687e-12,3.962121124625236e-15,55.34694170951843
6.425659483666468e-12,3.934872498228539e-15,55.354063749313354
6.412568392955009e-12,4.006860981382735e-15,55.36060404777527
6.39956794154517e-12,3.879468496665109e-15,55.368563175201416
6.386586138412698e-12,4.005767038331356e-15,55.375566244125366
6.3735804828324305e-12,3.886800837373016e-15,55.383137464523315
6.360705365193731e-12,3.931085413921365e-15,55.38961458206177
6.347723995742127e-12,3.942624120245337e-15,55.39622664451599
6.334888343062506e-12,3.851304651168903e-15,55.40306091308594
6.322003684444688e-12,3.967754317240951e-15,55.41019797325134
6.309159791828556e-12,3.825380360785238e-15,55.4177680015564
6.2963878902366766e-12,3.935087221080668e-15,55.424261808395386
6.283552237557055e-12,3.851446105671095e-15,55.431095600128174
6.270859699564202e-12,3.85012727537222e-15,55.43777894973755
6.25807175178017e-12,3.910346659240791e-15,55.444878816604614
6.245400897830766e-12,3.773597848587794e-15,55.45189380645752
6.232714865050948e-12,3.926745217099634e-15,55.4589524269104
6.2200327353989504e-12,3.771350670178728e-15,55.467206954956055
6.2074594596450705e-12,3.8584311628706274e-15,55.473877906799316
6.194795544589571e-12,3.823610061925477e-15,55.48259711265564
6.182278213667791e-12,3.765277443946915e-15,55.4889862537384
6.1696841212321996e-12,3.878691343936003e-15,55.496241092681885
6.157173295523455e-12,3.7083640296714775e-15,55.50345253944397
6.144695429560754e-12,3.851537161712925e-15,55.511045694351196
6.132165521893773e-12,3.7498830436470416e-15,55.51885151863098
6.119783065722251e-12,3.765891966350148e-15,55.52565860748291
6.107300429269991e-12,3.800614387956943e-15,55.53309416770935
6.094945294993215e-12,3.683683183654382e-15,55.5396466255188
6.0825532978425745e-12,3.831181265924509e-15,55.54699921607971
6.070191224671895e-12,3.6627432586488345e-15,55.55369973182678
6.057909382461979e-12,3.783063865289834e-15,55.56036400794983
6.045553380823465e-12,3.710397755777835e-15,55.567920446395874
6.0333383254673745e-12,3.69701378817827e-15,55.574368476867676
6.021044340193127e-12,3.767528434004243e-15,55.5826313495636
6.008846632071796e-12,3.622811584416425e-15,55.58901238441467
5.996656296525238e-12,3.761562780956731e-15,55.59610652923584
5.984442108530885e-12,3.635615334447121e-15,55.60313367843628
5.972353254307672e-12,3.684506499679113e-15,55.60961580276489
5.960165954527197e-12,3.701528473787135e-15,55.61772894859314
5.948112662135241e-12,3.611107706667739e-15,55.62436532974243
5.936019471103338e-12,3.719984051158386e-15,55.63286328315735
5.923953601966181e-12,3.590681083628228e-15,55.63933801651001
5.911971866917609e-12,3.674852018146308e-15,55.64619851112366
5.899910768270011e-12,3.62648431927572e-15,55.652942419052124
5.887996687437003e-12,3.595720506147917e-15,55.65947771072388
5.875990232578898e-12,3.6848114315401245e-15,55.66692757606506
5.864091764257173e-12,3.531055681613919e-15,55.67336320877075
5.8521867907224134e-12,3.689540416484645e-15,55.6800856590271
5.840277914059833e-12,3.534349580987554e-15,55.68671417236328
5.8284765902527624e-12,3.6165274469807454e-15,55.69319128990173
5.8165815913779895e-12,3.59413867211892e-15,55.700509548187256
5.804823635657819e-12,3.5365040092888954e-15,55.70706367492676
5.7930119035098926e-12,3.626012945440573e-15,55.713635206222534
5.781252646747115e-12,3.494449246974193e-15,55.72013258934021
5.769540661199057e-12,3.611951351483204e-15,55.72662949562073
5.757780537074542e-12,3.5258434643729896e-15,55.73390531539917
5.746150950891593e-12,3.534239678462648e-15,55.74038505554199
5.734431592768763e-12,3.579534130042361e-15,55.747036933898926
5.722830629523168e-12,3.455048450641475e-15,55.753572940826416
5.711202778063695e-12,3.590591298135819e-15,55.76003909111023
5.699583600221603e-12,3.4549506183360673e-15,55.76773428916931
5.688066771064593e-12,3.5272404334612487e-15,55.774269580841064
5.676453664754666e-12,3.5148801051784404e-15,55.78107404708862
5.664988877301935e-12,3.4460120914019295e-15,55.787688970565796
5.6534529661866895e-12,3.5426970906827452e-15,55.79432702064514
5.641985576648745e-12,3.4025144084615794e-15,55.80114150047302
5.630548111090761e-12,3.5310162945818716e-15,55.80770993232727
5.619075951063257e-12,3.425412250124705e-15,55.81442737579346
5.607730859530369e-12,3.4484879687067538e-15,55.82096004486084
5.59628688875935e-12,3.4769876627665456e-15,55.82748532295227
5.584965215993387e-12,3.3807937308369005e-15,55.8344361782074
5.573612318204857e-12,3.4976279498670016e-15,55.84101963043213
5.562289344396287e-12,3.354526815626071e-15,55.84773373603821
5.551035325845888e-12,3.4530229831063533e-15,55.85431504249573
5.539710617313842e-12,3.39740785858082e-15,55.86087703704834
5.528520783532054e-12,3.3803189688699645e-15,55.8678412437439
5.5172520198321084e-12,3.4477406738890387e-15,55.87435722351074
5.506079099604211e-12,3.3130673057150516e-15,55.88110136985779
5.494902276248492e-12,3.4508713076620906e-15,55.887622594833374
5.483720248722346e-12,3.3142133412926867e-15,55.89422154426575
5.472639702519544e-12,3.3836869836264844e-15,55.90113401412964
5.461471552781205e-12,3.372450244548209e-15,55.90772891044617
5.450435242027041e-12,3.2999300364613742e-15,55.91442275047302
5.439341685398169e-12,3.40904503248491e-15,55.921040058135986
5.428297134707494e-12,3.2742867492579607e-15,55.92755484580994
5.41731243197674e-12,3.370024977461983e-15,55.934468507766724
5.406260075030422e-12,3.3155196778555896e-15,55.94094204902649
5.395348230685659e-12,3.2905586756911895e-15,55.94870138168335
5.384346614401014e-12,3.356552283161193e-15,55.95518708229065
5.373440841588417e-12,3.2437656110695465e-15,55.96179795265198
5.362536803499296e-12,3.3524575141359288e-15,55.9685595035553
5.351624091792795e-12,3.2407260333383245e-15,55.97516870498657
5.3408033204305205e-12,3.3107788344498073e-15,55.982783794403076
5.329911425405731e-12,3.2774478762171138e-15,55.98944664001465
5.319141394705129e-12,3.23206109804615e-15,55.99604845046997
5.308310215001999e-12,3.3154394214838373e-15,56.00283074378967
5.297539750620528e-12,3.1960329751511618e-15,56.00943207740784
5.286810485921611e-12,3.2935063503476344e-15,56.01684546470642
5.2760356847314505e-12,3.2145232808732495e-15,56.02374196052551
5.265379278418525e-12,3.2288324202094532e-15,56.03273844718933
5.2546396053787525e-12,3.2616638407615035e-15,56.03924870491028
5.244005750471015e-12,3.1714798193508646e-15,56.04647922515869
5.233354548328517e-12,3.2699365997990995e-15,56.053409576416016
5.222713754526875e-12,3.1555412003823804e-15,56.06024527549744
5.2121518906433906e-12,3.2297796148027203e-15,56.06817889213562
5.201519770459129e-12,3.1924271558947002e-15,56.074761629104614
5.191014285088613e-12,3.156553828270823e-15,56.08265209197998
5.1804372423747136e-12,3.2353713028040196e-15,56.08909344673157
5.169937394855495e-12,3.1079188905053755e-15,56.09583806991577
5.159454460890167e-12,3.2239420754884805e-15,56.102532148361206
5.148942470306617e-12,3.1334128881518354e-15,56.109158515930176
5.138547573557695e-12,3.1543871179917464e-15,56.117342472076416
5.128061170145415e-12,3.1805803413361648e-15,56.12387299537659
5.1176940289721085e-12,3.086284186724843e-15,56.130752086639404
5.107282218669296e-12,3.2091143402303204e-15,56.13747477531433
5.096913342772513e-12,3.0582569252913822e-15,56.14414668083191
5.086596942260879e-12,3.170000476308485e-15,56.15117812156677
5.076218959065848e-12,3.1065081571317234e-15,56.15769100189209
5.065975416940205e-12,3.0845685214901794e-15,56.16444158554077
5.055643837598156e-12,3.1534790986722898e-15,56.170971393585205
5.045407234366417e-12,3.028446659503951e-15,56.177836418151855
5.035168462730333e-12,3.15144685487359e-15,56.18450093269348
5.024914945944703e-12,3.0447747018699355e-15,56.190956592559814
5.014764211525025e-12,3.0956934522194174e-15,56.19779634475708
5.00453411350632e-12,3.080948937948325e-15,56.20430517196655
4.9944211093222446e-12,3.0204032346368244e-15,56.2110915184021
4.9842551960721515e-12,3.1110939935081582e-15,56.21784257888794
4.974140890845469e-12,2.9867207577310203e-15,56.22428560256958
4.9640669179396024e-12,3.088301395688729e-15,56.23111319541931
4.95394827590423e-12,3.0121505926317257e-15,56.238024950027466
4.9439406561713195e-12,3.029320373989044e-15,56.24467468261719
4.933862780137632e-12,3.0518342979688265e-15,56.25141358375549
4.923874676043827e-12,2.973540289797033e-15,56.25810694694519
4.9138778983326414e-12,3.0600714816226377e-15,56.26547956466675
4.903881120621456e-12,2.970408597232797e-15,56.27187991142273
4.893969344360594e-12,3.0152846145365666e-15,56.27872085571289
4.883986878118085e-12,2.999604340616995e-15,56.28551483154297
4.874116301539777e-12,2.960391162082094e-15,56.29198455810547
4.864195417980666e-12,3.0246750335480646e-15,56.29930090904236
4.8543309129345236e-12,2.9191383282102046e-15,56.30610370635986
4.844491561378783e-12,3.0168944006528234e-15,56.31535720825195
4.834624020566558e-12,2.931353390342559e-15,56.324012994766235
4.824853624268988e-12,2.9690277217705357e-15,56.332730770111084
4.815013839032378e-12,2.976485423354636e-15,56.340710401535034
4.805282474013017e-12,2.8951404025068326e-15,56.35557293891907
4.795509475630233e-12,2.996229761355134e-15,56.36403441429138
4.785768135950885e-12,2.8740812576139594e-15,56.3739914894104
4.776084909507983e-12,2.962950260373986e-15,56.38302230834961
4.766344437190373e-12,2.907700418806956e-15,56.38927340507507
4.756719757664785e-12,2.8946692404299224e-15,56.39656710624695
4.747019617667991e-12,2.9595650932002842e-15,56.40340733528137
4.737412285377163e-12,2.8341487363486026e-15,56.40986466407776
4.727796713149823e-12,2.9568655991973848e-15,56.41715359687805
4.718173768347711e-12,2.844374753362567e-15,56.42336058616638
4.708643631251563e-12,2.898616837480601e-15,56.42992091178894
4.69903413055639e-12,2.8938285602297725e-15,56.43659520149231
4.689540422653238e-12,2.829055950753236e-15,56.44272541999817
4.679995540407544e-12,2.922413592859e-15,56.45006966590881
4.67049836305744e-12,2.798632221353756e-15,56.45632195472717
4.661037614900332e-12,2.9064565509239132e-15,56.463659048080444
4.651540871231097e-12,2.8195801931723023e-15,56.4705331325531
4.6421473436086824e-12,2.8368910055153384e-15,56.477253913879395
4.63267965655767e-12,2.868307881045474e-15,56.48440718650818
4.623306511936098e-12,2.774329999064083e-15,56.491013526916504
4.613915586398898e-12,2.8822153150064424e-15,56.49869704246521
4.604533334479077e-12,2.7674741143890067e-15,56.505123138427734
4.595221772540903e-12,2.8457988275051383e-15,56.51193809509277
4.585847760557593e-12,2.8134703327655202e-15,56.51855659484863
4.576590408728043e-12,2.765590313114313e-15,56.5246798992157
4.5672667037255366e-12,2.846918181544935e-15,56.532087564468384
4.558007183491641e-12,2.7290247478142923e-15,56.538334608078
4.548769347301196e-12,2.8302972775374373e-15,56.54459190368652
4.53950158713079e-12,2.7452668163361303e-15,56.55185675621033
4.530335741964597e-12,2.770156879491198e-15,56.55895948410034
4.521092701603724e-12,2.7926902852287673e-15,56.56623196601868
4.511952443608802e-12,2.7082051014872552e-15,56.57223558425903
4.502780093229575e-12,2.809757152082994e-15,56.5799777507782
4.493625957446845e-12,2.7056546852830725e-15,56.58658266067505
4.4845433790074996e-12,2.766415323204939e-15,56.593350887298584
4.475390544267377e-12,2.7458967970906507e-15,56.60053253173828
4.466358706489704e-12,2.695299283986415e-15,56.60709810256958
4.4572514082408254e-12,2.78569824000742e-15,56.61388921737671
4.448227810399663e-12,2.6506030494257e-15,56.62044548988342
4.439202911515894e-12,2.7711366848529343e-15,56.62750792503357
4.4301645685251856e-12,2.662194060034165e-15,56.63471078872681
4.421217298516966e-12,2.712355774687038e-15,56.641509771347046
4.41219543539928e-12,2.709070769159349e-15,56.64926838874817
4.403279824094497e-12,2.6474042295003943e-15,56.65572166442871
4.394320411021946e-12,2.7343674081290988e-15,56.66260075569153
4.385400462908473e-12,2.6220758267951226e-15,56.66976046562195
4.376524316562769e-12,2.707095700084589e-15,56.677366971969604
4.367601766364082e-12,2.6503694800904948e-15,56.68463683128357
4.358778095403526e-12,2.6573725367401565e-15,56.69168400764465
4.349896311206525e-12,2.681803931554286e-15,56.69974637031555
4.3410921558850735e-12,2.601885949464369e-15,56.70700454711914
4.332277592222766e-12,2.6927315036068137e-15,56.71644592285156
4.323466498007411e-12,2.5968975606797517e-15,56.7229437828064
4.31472696113544e-12,2.6529298489318077e-15,56.72961759567261
4.305925407899203e-12,2.634065578163507e-15,56.73664832115173
4.297227938071524e-12,2.591587087616941e-15,56.744226694107056
4.288477559177828e-12,2.664618903603917e-15,56.75197100639343
4.279778354626673e-12,2.5663840457878628e-15,56.758686780929565
4.271112109821562e-12,2.6414851632649812e-15,56.76720595359802
4.2624081347808485e-12,2.5799522430534558e-15,56.774388551712036
4.2538004368930515e-12,2.588871923504517e-15,56.782143115997314
4.2451255184705605e-12,2.618255496444769e-15,56.78885555267334
4.236539504626213e-12,2.5375158923960153e-15,56.79578757286072
4.2279309393766784e-12,2.6305372624217194e-15,56.802366495132446
4.219339287681034e-12,2.5294076695084235e-15,56.80970644950867
4.210807050264442e-12,2.5961051613575953e-15,56.81780409812927
4.202218000654012e-12,2.563303175200462e-15,56.825228214263916
4.193732167090403e-12,2.53586481342358e-15,56.83299160003662
4.18518735292861e-12,2.5975307178078243e-15,56.84003162384033
4.176708458258904e-12,2.4971903478431326e-15,56.84669589996338
4.1682386708874475e-12,2.591407516632123e-15,56.853283643722534
4.159752403642969e-12,2.5066453531168587e-15,56.859806537628174
4.151349836806206e-12,2.5429258918301285e-15,56.8671977519989
4.1428809167964875e-12,2.5454354386946062e-15,56.8737576007843
4.1345087076205544e-12,2.4844647366018208e-15,56.8811137676239
4.12609833452815e-12,2.568370338049174e-15,56.88799786567688
4.117721788543527e-12,2.4625490296410367e-15,56.895140409469604
4.109387743284065e-12,2.542813871722854e-15,56.902557611465454
4.101009462575966e-12,2.488646750020652e-15,56.90949463844299
4.092729627425129e-12,2.483718077058816e-15,56.91728925704956
4.0843864748674186e-12,2.5266450715509536e-15,56.92410159111023
4.076118349100044e-12,2.438641524704784e-15,56.93070840835571
4.067845019162242e-12,2.529131113251145e-15,56.93724083900452
4.059569520820094e-12,2.4392926812829858e-15,56.94448637962341
4.051366880863938e-12,2.4882192101405255e-15,56.95139193534851
4.0431017908626465e-12,2.477183429628986e-15,56.95800709724426
4.034935146418617e-12,2.427779174189195e-15,56.9653639793396
4.0267207970789975e-12,2.5049099943661715e-15,56.97247385978699
4.018552851592361e-12,2.398919702885057e-15,56.979313135147095
4.0104139627239466e-12,2.4846843298933965e-15,56.98615598678589
4.002240379386013e-12,2.419865345362998e-15,56.993053913116455
3.99416133847752e-12,2.4282704532986024e-15,57.00079417228699
3.986018112800416e-12,2.4496605763156152e-15,57.00788187980652
3.9779551180840755e-12,2.3754308439829846e-15,57.015899658203125
3.969868270919941e-12,2.477527748522045e-15,57.022351026535034
3.9618022404375175e-12,2.366239901230565e-15,57.028929233551025
3.953791287425457e-12,2.4386385600894686e-15,57.03598642349243
3.9457265579856404e-12,2.4033592143198534e-15,57.04271960258484
3.937762008826562e-12,2.3715992904460798e-15,57.05101704597473
3.929739346431038e-12,2.4366637027729452e-15,57.05803847312927
3.921771327825008e-12,2.3450994411747554e-15,57.06586408615112
3.91382802902851e-12,2.4177954085981453e-15,57.07252478599548
3.9058526378477065e-12,2.361949679352722e-15,57.07955026626587
3.897964416521571e-12,2.3777381617313053e-15,57.086376905441284
3.890018949320728e-12,2.3871237103033566e-15,57.09309148788452
3.8821519783571734e-12,2.326879127204605e-15,57.100932598114014
3.874259420222348e-12,2.408741473424944e-15,57.10765600204468
3.86638941349271e-12,2.3126290684164722e-15,57.11540699005127
3.858569280063007e-12,2.3793271955403544e-15,57.12187623977661
3.850701008056845e-12,2.340641506773356e-15,57.12910795211792
3.842925543756648e-12,2.3262309352417186e-15,57.13607311248779
3.8350963030286955e-12,2.369199010831798e-15,57.14350962638855
3.827327777622402e-12,2.288619072493602e-15,57.151355266571045
3.819564022705668e-12,2.3702969772896763e-15,57.158252239227295
3.811790726809816e-12,2.292488742513133e-15,57.16602921485901
3.804089855619086e-12,2.330108440316012e-15,57.17246723175049
3.796330871191911e-12,2.326028494367325e-15,57.179563760757446
3.788659490300272e-12,2.2758727089450823e-15,57.18625473976135
3.7809516802156384e-12,2.348908336580321e-15,57.19275188446045
3.773279865643131e-12,2.2494766212097965e-15,57.200156450271606
3.765639276093191e-12,2.3312856043544586e-15,57.20708632469177
3.757966594158946e-12,2.2674337196915877e-15,57.21367263793945
3.750377178951547e-12,2.280371089169713e-15,57.220383644104004
3.7427309515503104e-12,2.3074924488660853e-15,57.22696781158447
3.735157582535065e-12,2.232388790290125e-15,57.2344024181366
3.727573371498094e-12,2.3143110640914824e-15,57.24131488800049
3.719996533035896e-12,2.2237236432397136e-15,57.24869894981384
3.712474338363192e-12,2.2842113247943273e-15,57.2552056312561
3.70490357143316e-12,2.2582897872677407e-15,57.26188063621521
3.697423443804748e-12,2.2247062014585286e-15,57.26871061325073
3.689893442876402e-12,2.2886379189766782e-15,57.2752571105957
3.68241331524799e-12,2.1939497998690145e-15,57.28261852264404
3.674952703258683e-12,2.277725593517201e-15,57.289098024368286
3.66746433569376e-12,2.2151275293745033e-15,57.295692682266235
3.660060535898291e-12,2.228618858400133e-15,57.30244755744934
3.6525955871002935e-12,2.2520414369740826e-15,57.309455156326294
3.645209134539584e-12,2.1820487752018548e-15,57.31741809844971
3.637802949499336e-12,2.2619553223469837e-15,57.324005126953125
3.630409774885157e-12,2.173068108378591e-15,57.332159757614136
3.6230690756561268e-12,2.2303914866004994e-15,57.3389618396759
3.615680237850638e-12,2.2005348457592062e-15,57.34646987915039
3.6083796541019897e-12,2.177566276844985e-15,57.35345697402954
3.601028763372538e-12,2.229626615849129e-15,57.36007618904114
3.5937333837943175e-12,2.143265677645922e-15,57.368083238601685
3.586448412556953e-12,2.2211008057185407e-15,57.374433755874634
3.579146744606132e-12,2.150785424393409e-15,57.38110637664795
3.5719155497965227e-12,2.1842300967992714e-15,57.387996435165405
3.5646329638039376e-12,2.180340309747243e-15,57.39462423324585
3.557426488803861e-12,2.136126672208226e-15,57.40194606781006
3.5501922582281686e-12,2.2013424916744132e-15,57.408876180648804
3.5429855663876575e-12,2.1163626406917047e-15,57.41707229614258
3.5358150868997074e-12,2.1812288473089126e-15,57.42373204231262
3.5286077445378927e-12,2.1381163526013264e-15,57.430662870407104
3.5214856204668354e-12,2.12675806429512e-15,57.43785047531128
3.514307551563678e-12,2.1677470474039395e-15,57.444732904434204
3.5071936674291315e-12,2.0875885079570024e-15,57.452903747558594
3.500076747528502e-12,2.168813038368059e-15,57.45951962471008
3.492955490819183e-12,2.0913633102864412e-15,57.468135356903076
3.4858962504741298e-12,2.136155047811959e-15,57.47489523887634
3.4787895220739218e-12,2.1196785629219684e-15,57.48334836959839
3.4717591215066568e-12,2.0889854770452616e-15,57.489765644073486
3.4646955443529137e-12,2.14494449694738e-15,57.497005462646484
3.45766666166869e-12,2.0643480414667126e-15,57.50385069847107
3.4506651008792133e-12,2.1305896178320247e-15,57.510303020477295
3.4436357845141208e-12,2.0756171795552206e-15,57.51797413825989
3.4366801938967573e-12,2.087794548721422e-15,57.52464771270752
3.4296751636603284e-12,2.1089303500960218e-15,57.53269028663635
3.4227382213203317e-12,2.0415757724380175e-15,57.53923416137695
3.415786967511658e-12,2.116108742565765e-15,57.54618191719055
3.4088426525968885e-12,2.0366576873880222e-15,57.55318570137024
3.4019523309503086e-12,2.0863891093036904e-15,57.55973768234253
3.395014521248574e-12,2.065000680352572e-15,57.567246198654175
3.3881584603906445e-12,2.0358284421326603e-15,57.5738730430603
3.3812598988075537e-12,2.0914666483060063e-15,57.58042049407959
3.3744060063539694e-12,2.0083612812355715e-15,57.58803629875183
3.3675670758903653e-12,2.0866887472087816e-15,57.59511733055115
3.3607090634685255e-12,2.022332242667584e-15,57.6022253036499
3.3539247767944147e-12,2.039122765022769e-15,57.60866904258728
3.3470823768838587e-12,2.0602850361769705e-15,57.61659526824951
3.34031652164668e-12,1.995058417040706e-15,57.623047828674316
3.333527681323445e-12,2.071772920524107e-15,57.631118297576904
3.326757706118011e-12,1.9799490433275837e-15,57.63807487487793
3.3200271958716554e-12,2.048080561956457e-15,57.64490079879761
3.313257871187525e-12,2.0087022119968413e-15,57.65150332450867
3.306569427985462e-12,1.9970135808412056e-15,57.65799641609192
3.299833496728244e-12,2.034429355462033e-15,57.665443658828735
3.2931485229731328e-12,1.9655304249829473e-15,57.67245578765869
3.28647070495236e-12,2.032390547157992e-15,57.67922043800354
3.2797811775481245e-12,1.9706585742038617e-15,57.68596291542053
3.2731564854338036e-12,1.9954552519764945e-15,57.69236087799072
3.266480835817376e-12,2.0002899042811852e-15,57.69988965988159
3.259881080353022e-12,1.950838003238111e-15,57.70629835128784
3.253252051430011e-12,2.011835175110498e-15,57.713053464889526
3.246648609678271e-12,1.9320501771933002e-15,57.71969175338745
3.2400785613534433e-12,1.9934183494965847e-15,57.726117849349976
3.233472517516489e-12,1.957614902090856e-15,57.7335569858551
3.2269456204381264e-12,1.949786411834095e-15,57.74006104469299
3.2203675490172223e-12,1.9862704502129425e-15,57.7466516494751
3.2138532286840604e-12,1.9086290809270084e-15,57.75345826148987
3.2073271989674357e-12,1.9929304585189662e-15,57.7601420879364
3.200807240782977e-12,1.9046761899204094e-15,57.76770329475403
3.194336939058018e-12,1.9618818305626494e-15,57.774250984191895
3.187823919767463e-12,1.9335153324338133e-15,57.78105282783508
3.181383758862899e-12,1.9150682253920356e-15,57.787697315216064
3.1749076024462086e-12,1.961535817603696e-15,57.79413604736328
3.1684715615099e-12,1.8864709107850727e-15,57.80110955238342
3.162052217287048e-12,1.952372615180299e-15,57.80765748023987
3.1556135742655256e-12,1.893274491175656e-15,57.81445026397705
3.14923889917218e-12,1.9160395604242994e-15,57.82157850265503
3.1428182539067206e-12,1.925184128122857e-15,57.8279755115509
3.136466780739866e-12,1.8663581134525193e-15,57.83474111557007
3.1300899372421753e-12,1.94261543090264e-15,57.84149980545044
3.1237343441070653e-12,1.8528269738783687e-15,57.84873938560486
3.1174143128032128e-12,1.9185372488275156e-15,57.855857610702515
3.1110593701894063e-12,1.8795254523758242e-15,57.86276078224182
3.1047781533233287e-12,1.8706618878575184e-15,57.870145320892334
3.0984544357320898e-12,1.904331447510877e-15,57.87733793258667
3.0921769051533987e-12,1.8411283900856027e-15,57.88519835472107
3.085907397670784e-12,1.904087290263831e-15,57.8928062915802
3.0796283492090515e-12,1.8409422545954436e-15,57.90105056762695
3.073407413983764e-12,1.86795900572283e-15,57.90746593475342
3.067138123341584e-12,1.8754505886248206e-15,57.91609287261963
3.060942558447133e-12,1.8207396717704813e-15,57.9227569103241
3.0547177200940245e-12,1.8870346112114704e-15,57.930198669433594
3.0485147826248005e-12,1.8120294202156285e-15,57.9372193813324
3.0423471901463994e-12,1.8683206887913075e-15,57.94434642791748
3.036145770560217e-12,1.83139936965344e-15,57.951749086380005
3.0300167756791563e-12,1.8260463331850295e-15,57.95884442329407
3.02384072642381e-12,1.8592699299916585e-15,57.966352701187134
3.017722139883605e-12,1.7905592525851e-15,57.97275710105896
3.0115996502155795e-12,1.856232046326331e-15,57.97956204414368
3.0054730405792984e-12,1.791321582237629e-15,57.98611760139465
2.9993993400090346e-12,1.8296553288150432e-15,57.99306106567383
2.993283355554044e-12,1.8178951233753645e-15,58.000388860702515
2.9872376273998302e-12,1.786712240696908e-15,58.00681257247925
2.9811578552974005e-12,1.839247976942698e-15,58.013548851013184
2.9751145123879663e-12,1.7595249183097682e-15,58.0201096534729
2.969085914628078e-12,1.8315260010790544e-15,58.02707076072693
2.9630391022716918e-12,1.7743001375251986e-15,58.03417372703552
2.9570571252052202e-12,1.790462690829113e-15,58.040627002716064
2.95102939480707e-12,1.7991712483180714e-15,58.047362327575684
2.9450597776453646e-12,1.7546196446331002e-15,58.05386424064636
2.9390775837384586e-12,1.8108467504630247e-15,58.060601472854614
2.933106448693712e-12,1.7455210284719313e-15,58.067530393600464
2.9271775975336922e-12,1.785464772923839e-15,58.07394742965698
2.921209281414594e-12,1.7653607635581135e-15,58.0806725025177
2.9153105710749694e-12,1.7458011846192356e-15,58.08712720870972
2.9093734799784388e-12,1.7879633083600025e-15,58.09398055076599
2.9034797569688076e-12,1.718049314772751e-15,58.10085320472717
2.8975927560126458e-12,1.787054230249362e-15,58.10730314254761
2.8916946961943246e-12,1.7284265271678002e-15,58.11398196220398
2.885854966452883e-12,1.7526516694592732e-15,58.120744466781616
2.879969483379763e-12,1.7561297984989362e-15,58.128690004348755
2.874152305043509e-12,1.707310101671869e-15,58.13534235954285
2.868306937450771e-12,1.7699536938354816e-15,58.14201331138611
2.862484988624958e-12,1.6924857545454978e-15,58.151124000549316
2.8566936143004096e-12,1.7497432759557572e-15,58.15777230262756
2.8508710149532934e-12,1.713586298173668e-15,58.16557312011719
2.845115852981306e-12,1.7088778537781182e-15,58.17200326919556
2.839316455560681e-12,1.7442046333927797e-15,58.17874765396118
2.8335699672060732e-12,1.6783137286676309e-15,58.18551325798035
2.8278226114897276e-12,1.7396043974562416e-15,58.19245886802673
2.8220698347625195e-12,1.6788881228849877e-15,58.20013928413391
2.8163684492182872e-12,1.7100750289699438e-15,58.2067756652832
2.810625647151066e-12,1.7036448842299812e-15,58.213858127593994
2.804948330895063e-12,1.670332772480364e-15,58.22053647041321
2.7992408738186647e-12,1.7222946439043895e-15,58.22811269760132
2.7935622565200546e-12,1.655030592892623e-15,58.23494005203247
2.7879064074670667e-12,1.711005600541621e-15,58.241549253463745
2.782228874370629e-12,1.6636280831863726e-15,58.2490656375885
2.7766109723936783e-12,1.6736060254259099e-15,58.25568747520447
2.770951437053304e-12,1.6894649174182337e-15,58.262802839279175
2.765344377098078e-12,1.6429394093288047e-15,58.269590616226196
2.7597318961319894e-12,1.6921301065867694e-15,58.27623915672302
2.7541200656872045e-12,1.6397527655021157e-15,58.283814430236816
2.7485557232975744e-12,1.6670478728317934e-15,58.290589809417725
2.7429514822679968e-12,1.6579337983193372e-15,58.297794580459595
2.737412076528334e-12,1.6305696578044582e-15,58.304529905319214
2.731839927883062e-12,1.6765117719514657e-15,58.31147789955139
2.7263029073881784e-12,1.6097879162018107e-15,58.31808638572693
2.7207793310002337e-12,1.669066246465982e-15,58.324450731277466
2.7152390578988328e-12,1.6191309013682625e-15,58.33190679550171
2.709757331714746e-12,1.633674774709974e-15,58.33829092979431
2.7042315869224565e-12,1.6462244148564937e-15,58.344942569732666
2.698765690090088e-12,1.5977782595591656e-15,58.351571798324585
2.693281578661222e-12,1.6565359821981308e-15,58.35825824737549
2.687809827137122e-12,1.5934057696063205e-15,58.36571407318115
2.682376456369928e-12,1.6330616287352803e-15,58.37200045585632
2.6769081742927803e-12,1.610614620358331e-15,58.378767251968384
2.6715036433033745e-12,1.5966478940910547e-15,58.3854603767395
2.6660600810357593e-12,1.6373266513829425e-15,58.39204525947571
2.6606620552593885e-12,1.5715130384142306e-15,58.39947199821472
2.655269016813011e-12,1.6294255280509544e-15,58.40594434738159
2.64986470266404e-12,1.5759635612773415e-15,58.41271662712097
2.644513297581086e-12,1.5992003219984872e-15,58.41934633255005
2.639120909656012e-12,1.6003751566963289e-15,58.425954818725586
2.6337892370525973e-12,1.5628792315828676e-15,58.43329954147339
2.628430676235305e-12,1.6201669285418729e-15,58.43957304954529
2.6230979194297177e-12,1.5490345839391144e-15,58.44639205932617
2.61779118347627e-12,1.598970987828018e-15,58.45302057266235
2.6124560414259035e-12,1.5647431275833006e-15,58.45957374572754
2.607182915739803e-12,1.5621285486333634e-15,58.46732473373413
2.601869891413755e-12,1.589382998381573e-15,58.47441291809082
2.5966052225046e-12,1.534459793894828e-15,58.48189306259155
2.591335783105886e-12,1.5917383852496504e-15,58.48831272125244
2.586066343707172e-12,1.5339692559392494e-15,58.49535512924194
2.5808391881931847e-12,1.5703047459149724e-15,58.50199246406555
2.5755797234544575e-12,1.5530874248334894e-15,58.50864505767822
2.5703775045904376e-12,1.5320726432912287e-15,58.516573429107666
2.5651460122677605e-12,1.572858762009181e-15,58.5229287147522
2.5599468291698235e-12,1.5104168695661332e-15,58.529839515686035
2.554761740700129e-12,1.5651435624091151e-15,58.536442041397095
2.549556919750895e-12,1.5272551434037198e-15,58.54308485984802
2.5444123804424512e-12,1.52878562606029e-15,58.55049180984497
2.539224906727977e-12,1.5482236557712368e-15,58.55688548088074
2.5340881736751752e-12,1.5029018873789746e-15,58.56369614601135
2.5289418996432556e-12,1.5549044163844683e-15,58.57029843330383
2.5238062507926262e-12,1.4915863742366044e-15,58.57670760154724
2.518702911166737e-12,1.5342222011531233e-15,58.58417510986328
2.5135681296778456e-12,1.511463167014229e-15,58.590561866760254
2.5084940635106134e-12,1.4979316039236048e-15,58.597264528274536
2.5033853028738617e-12,1.5323689989436493e-15,58.603699684143066
2.4983147061535815e-12,1.47392721959401e-15,58.610453367233276
2.4932506146463362e-12,1.528334051620285e-15,58.61749815940857
2.4881763316386696e-12,1.479997269452271e-15,58.6240451335907
2.4831514882500683e-12,1.4997046556404449e-15,58.632715940475464
2.4780893483067334e-12,1.5026886468345033e-15,58.639122009277344
2.4730812016315884e-12,1.465964474615109e-15,58.64579892158508
2.4680544066790766e-12,1.5158761027903055e-15,58.65242791175842
2.4630445252804556e-12,1.4552500372279342e-15,58.65949082374573
2.4580595805318017e-12,1.5046053765150214e-15,58.66712164878845
2.4530531685801327e-12,1.4670726054683545e-15,58.67378616333008
2.4480985814923084e-12,1.4724875812210329e-15,58.68049335479736
2.443112986222351e-12,1.4868850237419878e-15,58.687002658843994
2.4381679401136447e-12,1.4428115701557416e-15,58.69407057762146
2.4332189908771173e-12,1.496149234844345e-15,58.701011657714844
2.42827437844928e-12,1.436859046118912e-15,58.70766592025757
2.4233668457357416e-12,1.4710315315847027e-15,58.71521306037903
2.4184267869570286e-12,1.4592003871356915e-15,58.72179865837097
2.4135420224891124e-12,1.4357534563645084e-15,58.72860884666443
2.4086316708499256e-12,1.4762485133859604e-15,58.735562562942505
2.4037477737437474e-12,1.4176941845334546e-15,58.74200749397278
2.39888079019146e-12,1.4678711457793785e-15,58.749561071395874
2.3939942910000678e-12,1.4307129750536348e-15,58.755995988845825
2.389161568236431e-12,1.435327292912921e-15,58.76284384727478
2.3842924162797985e-12,1.4527015268478828e-15,58.76960563659668
2.379469885016583e-12,1.4055553553663533e-15,58.77630066871643
2.374638896976422e-12,1.457910038319668e-15,58.78374457359314
2.3698107278619096e-12,1.4071995521960923e-15,58.79013538360596
2.3650237584299516e-12,1.4332864729056302e-15,58.79702401161194
2.360201660847605e-12,1.424194527128921e-15,58.803706407547
2.3554365922995313e-12,1.4005166740004927e-15,58.8102605342865
2.3506413829310624e-12,1.4405276516925888e-15,58.81750297546387
2.3458780491064646e-12,1.381243709835142e-15,58.82408404350281
2.341125340463157e-12,1.4326759739088967e-15,58.83109736442566
2.336358754032042e-12,1.3903537609410987e-15,58.83924913406372
2.33164247458173e-12,1.4032612725078334e-15,58.846301555633545
2.32688868173625e-12,1.412628927508874e-15,58.852874517440796
2.322185846392877e-12,1.3719569464805642e-15,58.85943365097046
2.317466531176482e-12,1.4222756798660348e-15,58.86746430397034
2.312761093747895e-12,1.3636045663459264e-15,58.873905420303345
2.3080838455757924e-12,1.4045403981373058e-15,58.8807156085968
2.3033794923493778e-12,1.3804108646897541e-15,58.88734984397888
2.298727831348546e-12,1.3763296481916461e-15,58.89428448677063
2.2940484147720985e-12,1.3957741365288158e-15,58.90144324302673
2.2894032589843016e-12,1.3505466005519356e-15,58.90803098678589
2.2847604884412842e-12,1.3976598436276407e-15,58.91529703140259
2.2801131642491423e-12,1.351438949761868e-15,58.92164444923401
2.275507473420424e-12,1.3741695024179108e-15,58.92846202850342
2.270868822845662e-12,1.3709835997450506e-15,58.935086488723755
2.2662811297730068e-12,1.3428319303474619e-15,58.9414963722229
2.2616724031782054e-12,1.3853131737511068e-15,58.94860339164734
2.2570842764246812e-12,1.3292138640170993e-15,58.95511794090271
2.252516532672e-12,1.3728653893164944e-15,58.96180462837219
2.2479271048758687e-12,1.342308781623414e-15,58.968745708465576
2.2433899356244513e-12,1.3415501577400293e-15,58.975281953811646
2.238818288743949e-12,1.3632059314651248e-15,58.98291373252869
2.234289142588608e-12,1.3156423844988357e-15,58.98951697349548
2.229754792262839e-12,1.3665588055077125e-15,58.99734115600586
2.2252200082562013e-12,1.3187902765681879e-15,59.00404930114746
2.220726423932118e-12,1.3407894162742766e-15,59.01095771789551
2.216198145138515e-12,1.336570133405766e-15,59.01826858520508
2.2117234259322327e-12,1.3103611340727051e-15,59.024847745895386
2.207222685873811e-12,1.3506413623629097e-15,59.033318519592285
2.2027484003483977e-12,1.2952780183809478e-15,59.04046058654785
2.198287342089489e-12,1.3423156637661104e-15,59.048547983169556
2.1938108881597307e-12,1.3041737701512492e-15,59.05527091026306
2.189382139125562e-12,1.3138373572882367e-15,59.063180923461914
2.184919779824046e-12,1.3244101284149833e-15,59.070393800735474
2.1805025233329056e-12,1.2866168947370357e-15,59.07729530334473
2.1760735574583023e-12,1.3331712019466714e-15,59.08480763435364
2.171654132562817e-12,1.280195326205664e-15,59.092177391052246
2.1672635474451196e-12,1.316868676448223e-15,59.10043430328369
2.162846290953979e-12,1.2962914933023375e-15,59.107104539871216
2.1584799919649456e-12,1.2858360362387857e-15,59.11546850204468
2.1540846363576893e-12,1.3145598763922447e-15,59.122955560684204
2.149722457336911e-12,1.2646824471722936e-15,59.13107919692993
2.1453626635609124e-12,1.3169005460628635e-15,59.13778328895569
2.1410000508592653e-12,1.2654057074301304e-15,59.14477252960205
2.1366756020740896e-12,1.2903138759144455e-15,59.15151333808899
2.132319277745043e-12,1.2865594023757409e-15,59.15815591812134
2.128012176194627e-12,1.2578109982668115e-15,59.16627502441406
2.1236849084838028e-12,1.2995000541065368e-15,59.1729633808136
2.1193762890503454e-12,1.2458256938214e-15,59.17992901802063
2.115087835777296e-12,1.2872996032925227e-15,59.18730592727661
2.110778348982101e-12,1.2592618598263397e-15,59.194345235824585
2.1065180849655363e-12,1.2574534444839518e-15,59.20148277282715
2.102226595926404e-12,1.2783393711391115e-15,59.2081995010376
2.0979724034420055e-12,1.2337670151469325e-15,59.216630697250366
2.093716476234131e-12,1.2798002912148883e-15,59.22307062149048
2.089459031143215e-12,1.2343432093093023e-15,59.23187971115112
2.0852380152452943e-12,1.2590827123579954e-15,59.238587856292725
2.0809868585269786e-12,1.2526598732772029e-15,59.24581170082092
2.0767851414277283e-12,1.229013889763415e-15,59.253093004226685
2.0725597887211178e-12,1.265808789233905e-15,59.25977802276611
2.0683576379409985e-12,1.2143921952696745e-15,59.26807379722595
2.0641695817891215e-12,1.2582092096311394e-15,59.274672985076904
2.0599663468068297e-12,1.2238305775218107e-15,59.28286957740784
2.0558082146349133e-12,1.230641675329801e-15,59.28970742225647
2.0516177732382568e-12,1.2447412798906776e-15,59.29776120185852
2.0474702662476307e-12,1.204189048145286e-15,59.304391622543335
2.0433121340757143e-12,1.2508481756821443e-15,59.31147122383118
2.0391611576381363e-12,1.1995979178129309e-15,59.318456172943115
2.03503967149965e-12,1.2328006564332338e-15,59.32488822937012
2.0308910803068514e-12,1.2169339293861478e-15,59.33283185958862
2.0267917118926837e-12,1.2028336895505607e-15,59.33924150466919
2.0226654552646384e-12,1.233046931262648e-15,59.34604620933533
2.01856847209525e-12,1.1842506337207486e-15,59.352662801742554
2.0144769099367243e-12,1.2318625674441496e-15,59.35941791534424
2.0103788425651636e-12,1.1880803873126405e-15,59.367103815078735
2.006317854907902e-12,1.2095568018111549e-15,59.3740119934082
2.002229328515459e-12,1.2059021722811078e-15,59.38186764717102
1.9981841702099157e-12,1.1798961432180326e-15,59.3887038230896
1.9941229657122195e-12,1.2157251074912975e-15,59.395766258239746
1.9900762895236346e-12,1.1685860299107012e-15,59.40267634391785
1.986049779495458e-12,1.2067862629198045e-15,59.409613370895386
1.982002235945135e-12,1.1851375830956423e-15,59.41714787483215
1.978003047811705e-12,1.1769114108701453e-15,59.42353630065918
1.9739735020174454e-12,1.202359562858335e-15,59.43045210838318
1.9699784338522708e-12,1.1557261639472496e-15,59.43690347671509
1.965983799367965e-12,1.1994872741341958e-15,59.44378042221069
1.9619848280749697e-12,1.1592023871627812e-15,59.45089244842529
1.9580222859749696e-12,1.1787282965420058e-15,59.457329750061035
1.9540304704163125e-12,1.176679429721716e-15,59.46443462371826
1.9500839745084653e-12,1.1521489320527579e-15,59.47092342376709
1.9461181798019478e-12,1.187467558975302e-15,59.47768259048462
1.9421712502132316e-12,1.1398774363502928e-15,59.484774589538574
1.9382397162953646e-12,1.1793403837255154e-15,59.491209506988525
1.934292569866214e-12,1.1487164369131282e-15,59.498616456985474
1.930388141002659e-12,1.1530364108232436e-15,59.50508499145508
1.926454438680447e-12,1.166643253967055e-15,59.512099504470825
1.9225599844768793e-12,1.1266620283072312e-15,59.518853425979614
1.91865533877289e-12,1.1733901890292908e-15,59.52560639381409
1.9147571982819356e-12,1.1252172018574522e-15,59.53326416015625
1.910888114409204e-12,1.1546185624895962e-15,59.53965616226196
1.906992359163029e-12,1.1418982452042047e-15,59.5493049621582
1.903143224610271e-12,1.1255891552004152e-15,59.555843353271484
1.899268936567111e-12,1.1570437236967037e-15,59.56328105926514
1.8954213198973946e-12,1.1098650473258232e-15,59.570289850234985
1.8915825936854924e-12,1.1490637204215025e-15,59.577099561691284
1.8877312907283894e-12,1.1165214557418211e-15,59.58478045463562
1.8839201032516684e-12,1.1272781388972403e-15,59.59149122238159
1.8800807265184627e-12,1.134328311754593e-15,59.59963512420654
1.8762808147443355e-12,1.1034518432448057e-15,59.60607981681824
1.8724687599058765e-12,1.142409747225228e-15,59.613685131073
1.8686677639295768e-12,1.0969948052087677e-15,59.62036609649658
1.8648895361988993e-12,1.1271339315379702e-15,59.62681603431702
1.8610885402225996e-12,1.1114678454202651e-15,59.63459873199463
1.8573322133758063e-12,1.1022581620638875e-15,59.64113807678223
1.853550082517308e-12,1.126687227537412e-15,59.64779996871948
1.8497976587983356e-12,1.084201537210794e-15,59.65426850318909
1.8460482708454462e-12,1.1232644732766758e-15,59.66110301017761
1.842291943998653e-12,1.0889277692982362e-15,59.66819715499878
1.8385722631852897e-12,1.1037902329072338e-15,59.67482328414917
1.8348243931154418e-12,1.1056095537988176e-15,59.6820113658905
1.831118806930321e-12,1.076895983919844e-15,59.6884241104126
1.8273947893082676e-12,1.1165433727193313e-15,59.69498825073242
1.823688118920974e-12,1.0682992347799234e-15,59.70249605178833
1.819998578928006e-12,1.1050697820531798e-15,59.7091748714447
1.8162919085407125e-12,1.0778611779632403e-15,59.717408657073975
1.812624919952932e-12,1.082624255983888e-15,59.724347829818726
1.8089322357736637e-12,1.095982918474154e-15,59.731995820999146
1.8052734871223941e-12,1.0608321099542847e-15,59.73810529708862
1.8016096427209138e-12,1.099062306753897e-15,59.74449276924133
1.7979489425057338e-12,1.0565549112080057e-15,59.750913858413696
1.7943153473448659e-12,1.0836277782681476e-15,59.757713317871094
1.7906583334170723e-12,1.0728494957725735e-15,59.76450181007385
1.7870431696931366e-12,1.0575265638776248e-15,59.77059626579285
1.7834076229683582e-12,1.0838831587017448e-15,59.77681803703308
1.7797923508242053e-12,1.045120072299191e-15,59.784135580062866
1.7761881375422117e-12,1.0796218418232268e-15,59.790443658828735
1.772572540137407e-12,1.050703607608373e-15,59.797038078308105
1.7689951066490739e-12,1.0557709822153218e-15,59.80362010002136
1.7653889418031699e-12,1.0686890816938971e-15,59.81009912490845
1.7618206156130856e-12,1.0341269610723695e-15,59.81745505332947
1.7582433989651869e-12,1.0712511446011046e-15,59.82356119155884
1.7546712780674989e-12,1.0315207465727864e-15,59.83004832267761
1.7511251780219506e-12,1.0575584334922652e-15,59.83640193939209
1.7475562013105628e-12,1.0448464806572279e-15,59.84267807006836
1.7440285327019467e-12,1.0334773926809438e-15,59.849560022354126
1.7404779874274912e-12,1.0579098462862573e-15,59.85552382469177
1.736953788265827e-12,1.01745036464859e-15,59.861891746520996
1.7334330585511148e-12,1.0556387391964317e-15,59.869739055633545
1.7299075583468437e-12,1.0181837893017938e-15,59.87725567817688
1.7264132831651402e-12,1.0382761519644947e-15,59.88425087928772
1.7228950471154247e-12,1.0348023639686864e-15,59.89100885391235
1.7194157339237015e-12,1.0112880940781966e-15,59.897784948349
1.715919724018522e-12,1.044094844795658e-15,59.9047372341156
1.7124378087415848e-12,1.0037648533198023e-15,59.91204881668091
1.7089739996409281e-12,1.0348296807812353e-15,59.918821573257446
1.7054932769863806e-12,1.0119312038433994e-15,59.925403118133545
1.702050826668522e-12,1.0106082442589066e-15,59.93289375305176
1.6985828975996098e-12,1.0297437773285653e-15,59.940455198287964
1.6951480366969585e-12,9.892823898667667e-16,59.94714140892029
1.6917073211025757e-12,1.0338677689905097e-15,59.95365619659424
1.6882688823327552e-12,9.90931880652426e-16,59.96018385887146
1.684858958080071e-12,1.0142875436235425e-15,59.9674973487854
1.6814240971774197e-12,1.007538067462465e-15,59.97489142417908
1.6780306527977573e-12,9.876544984212623e-16,59.981956243515015
1.6746151991139935e-12,1.0212139437914777e-15,59.98915457725525
1.6712213210534621e-12,9.758975752342542e-16,59.99589729309082
1.6678390439561763e-12,1.0105104119534987e-15,60.00242614746094
