0.07304192334413528,0.08986825495958328,0
0.6811800003051758,0.0450286790728569,0.014858245849609375
0.351532518863678,0.034512959420681,0.02309894561767578
0.3513423204421997,0.0316770039498806,0.03106379508972168
0.28189095854759216,0.02759385295212269,0.039220333099365234
0.24410922825336456,0.02135576866567135,0.04665780067443848
0.2192886620759964,0.021218443289399147,0.055052995681762695
0.1859547644853592,0.01604556106030941,0.06281089782714844
0.16845975816249847,0.016201568767428398,0.07180428504943848
0.15481409430503845,0.0130894361063838,0.07946538925170898
0.12896513938903809,0.012704313732683659,0.08843302726745605
0.13377080857753754,0.010925873182713985,0.09641838073730469
0.1019909456372261,0.010411025956273079,0.10532426834106445
0.11226921528577805,0.008924903348088264,0.11301660537719727
0.08699924498796463,0.008896109648048878,0.12196493148803711
0.09018348157405853,0.007109512109309435,0.1300208568572998
0.07873541116714478,0.007716022897511721,0.1390855312347412
0.07006510347127914,0.005783310160040855,0.1470634937286377
0.07190048694610596,0.006531603634357452,0.15582275390625
0.05408418923616409,0.005025822203606367,0.1635134220123291
0.06386534124612808,0.0052878642454743385,0.17216277122497559
0.04389490932226181,0.004603954032063484,0.17974591255187988
0.05390498787164688,0.004106929060071707,0.18854761123657227
0.03911377862095833,0.004203882999718189,0.19619107246398926
0.04314174875617027,0.003204961773008108,0.20514321327209473
0.036660365760326385,0.0036808087024837732,0.2127244472503662
0.033718306571245193,0.0026975302025675774,0.22192764282226562
0.034266021102666855,0.0031034937128424644,0.22954201698303223
0.027067892253398895,0.0024744272232055664,0.23848772048950195
0.030808595940470695,0.002539596986025572,0.2461087703704834
0.02343119867146015,0.0023314286954700947,0.2551560401916504
0.02637343853712082,0.0020624971948564053,0.2627122402191162
0.021702583879232407,0.002140408381819725,0.27180933952331543
0.02193315327167511,0.0017450740560889244,0.2793717384338379
0.02041729725897312,0.00189218542072922,0.2885780334472656
0.018447380512952805,0.001574033871293068,0.2965874671936035
0.018789442256093025,0.0016314300009980798,0.30550360679626465
0.01623525284230709,0.0014671576209366322,0.3134279251098633
0.016721239313483238,0.0014025571290403605,0.32197999954223633
0.014918879605829716,0.0013555617770180106,0.3299276828765869
0.01461128517985344,0.0012369784526526928,0.338817834854126
0.01384611614048481,0.0012212252477183938,0.34691953659057617
0.012904148548841476,0.001127669820562005,0.3556544780731201
0.012617475353181362,0.0010813551489263773,0.36362361907958984
0.011731495149433613,0.0010397330624982715,0.37221360206604004
0.011231474578380585,0.0009621432400308549,0.37989115715026855
0.010873074643313885,0.0009456813568249345,0.388812780380249
0.009940676391124725,0.0008767988183535635,0.3974282741546631
0.010010004043579102,0.0008416897035203874,0.40599560737609863
0.008976041339337826,0.0008142564911395311,0.4137685298919678
0.008986660279333591,0.0007416793378069997,0.4223322868347168
0.00834270752966404,0.0007527992711402476,0.43002796173095703
0.007888018153607845,0.0006638782215304673,0.43869853019714355
0.007839825935661793,0.0006802912685088813,0.4465467929840088
0.006928656250238419,0.0006135398871265352,0.45533108711242676
0.007248790469020605,0.000599270686507225,0.4629511833190918
0.006266679149121046,0.0005774706951342523,0.471834659576416
0.006491849198937416,0.0005225304048508406,0.47954726219177246
0.005871846340596676,0.0005379936774261296,0.488389253616333
0.0056669823825359344,0.00046498983283527195,0.4960145950317383
0.00556792039424181,0.0004875684098806232,0.5050914287567139
0.0049519892781972885,0.0004302732413634658,0.5130171775817871
0.005185544025152922,0.0004296564729884267,0.5217616558074951
0.004468146245926619,0.000407159561291337,0.5293784141540527
0.004668626468628645,0.00037427167990244925,0.5383567810058594
0.004189942963421345,0.00038143005804158747,0.5460183620452881
0.0040934826247394085,0.0003326712758280337,0.5553669929504395
0.0039817942306399345,0.0003472233656793833,0.5630073547363281
0.0035924571566283703,0.00030765822157263756,0.5717885494232178
0.0037181759253144264,0.00030727835837751627,0.5794076919555664
0.003252543741837144,0.0002910969778895378,0.5882823467254639
0.003359291236847639,0.00026900097145698965,0.5959351062774658
0.0030540218576788902,0.0002727168030105531,0.6050224304199219
0.0029607973992824554,0.00024033211229834706,0.6127021312713623
0.002900326857343316,0.00024830817710608244,0.6220073699951172
0.002616389887407422,0.0002229375677416101,0.6296727657318115
0.0027042580768465996,0.000219919893424958,0.6385459899902344
0.0023843995295464993,0.00021088874200358987,0.6463637351989746
0.002441986696794629,0.00019303760200273246,0.6555798053741455
0.0022465938236564398,0.00019711909408215433,0.6628124713897705
0.0021565770730376244,0.00017325259977951646,0.6717028617858887
0.0021340204402804375,0.0001789958478184417,0.6799821853637695
0.0019146654522046447,0.00016133757890202105,0.688499927520752
0.0019875825382769108,0.00015820623957552016,0.6967968940734863
0.0017543721478432417,0.00015277955390047282,0.7058267593383789
0.001794522046111524,0.00013885089720133692,0.7140047550201416
0.001658580033108592,0.00014263112097978592,0.72255539894104
0.0015886599430814385,0.00012488702486734837,0.730224609375
0.0015772510087117553,0.0001292839297093451,0.7387967109680176
0.0014173806412145495,0.00011657669529085979,0.7465245723724365
0.0014699720777571201,0.00011414494656492025,0.7552471160888672
0.0013051728019490838,0.00011046670988434926,0.7629318237304688
0.0013303806772455573,0.0001002543285721913,0.7717959880828857
0.0012371375923976302,0.00010304537863703445,0.7794821262359619
0.0011841659434139729,9.038174903253093e-05,0.7884223461151123
0.0011773386504501104,9.330677130492404e-05,0.7961733341217041
0.0010644060093909502,8.451072062598541e-05,0.8053388595581055
0.0010985324624925852,8.237731526605785e-05,0.8131577968597412
0.0009862366132438183,8.00535490270704e-05,0.8214428424835205
0.000998089206404984,7.250199996633455e-05,0.829064130783081
0.0009373960201628506,7.455128798028454e-05,0.83852219581604
0.0008951251511462033,6.55868134344928e-05,0.8463089466094971
0.0008926973678171635,6.739306991221383e-05,0.8552408218383789
0.000812181388027966,6.145444058347493e-05,0.8629422187805176
0.0008342560031451285,5.9471549320733175e-05,0.8720569610595703
0.0007580421515740454,5.817852797918022e-05,0.8800122737884521
0.0007617911323904991,5.2441886509768665e-05,0.8886792659759521
0.0007228980539366603,5.4062576964497566e-05,0.8961753845214844
0.0006893263198435307,4.760708543471992e-05,0.9050214290618896
0.0006894204416312277,4.8763213271740824e-05,0.9127500057220459
0.000631889735814184,4.4710468500852585e-05,0.9217517375946045
0.0006461853045038879,4.2984811443602666e-05,0.9293313026428223
0.0005942088318988681,4.231432103551924e-05,0.9387121200561523
0.0005940786795690656,3.795053999056108e-05,0.9468917846679688
0.0005687001394107938,3.9246944652404636e-05,0.9554696083068848
0.000543187721632421,3.455117985140532e-05,0.9630622863769531
0.0005436624633148313,3.532899427227676e-05,0.9717860221862793
0.0005032869521528482,3.251432644901797e-05,0.9793355464935303
0.000511922175064683,3.111276600975543e-05,0.9883041381835938
0.0004766960919369012,3.07678674289491e-05,0.9958815574645996
0.00047475341125391424,2.749762097664643e-05,1.00529146194458
0.00045783526729792356,2.849781230906956e-05,1.0129656791687012
0.00043915127753280103,2.5093855583691038e-05,1.021805763244629
0.000438988528912887,2.561740438977722e-05,1.029449224472046
0.0004112886090297252,2.365029286011122e-05,1.03840970993042
0.00041575770592316985,2.2552094378625043e-05,1.0461158752441406
0.00039215825381688774,2.237587068520952e-05,1.055281162261963
0.000389343302231282,1.9958228222094476e-05,1.062924861907959
0.00037786542088724673,2.07034609047696e-05,1.071808099746704
0.00036440815893001854,1.8252576410304755e-05,1.0794880390167236
0.0003634770982898772,1.859574877016712e-05,1.0881249904632568
0.00034471196704544127,1.7222748283529654e-05,1.0957245826721191
0.00034636358032003045,1.6373951439163648e-05,1.1052272319793701
0.00033059835550375283,1.6291091014863923e-05,1.1129498481750488
0.0003274734190199524,1.4514074791804887e-05,1.1216130256652832
0.0003194775490555912,1.506230910308659e-05,1.1292393207550049
0.00030978815630078316,1.3300907994562294e-05,1.1382524967193604
0.00030828703893348575,1.3523449524655007e-05,1.1453728675842285
0.0002955423842649907,1.2563715245050844e-05,1.1544833183288574
0.00029547649319283664,1.1914815331692807e-05,1.1620721817016602
0.00028480164473876357,1.1883059414685704e-05,1.171341896057129
0.00028172307065688074,1.0579281479294877e-05,1.179069995880127
0.00027591228717938066,1.0983292668242939e-05,1.1884775161743164
0.00026887081912718713,9.71265762927942e-06,1.1963081359863281
0.0002670146059244871,9.862803381111007e-06,1.2053513526916504
0.0002582249871920794,9.182900612358935e-06,1.2130229473114014
0.0002572040830273181,8.698128112882841e-06,1.221797227859497
0.0002497598761692643,8.688561138114892e-06,1.2291812896728516
0.00024691669386811554,7.73486044636229e-06,1.2384438514709473
0.00024246166867669672,8.034558049985208e-06,1.2460827827453613
0.000237260406720452,7.110509613994509e-06,1.2551367282867432
0.00023522086848970503,7.22231106919935e-06,1.2629752159118652
0.00022899560281075537,6.728928383381572e-06,1.2719027996063232
0.00022749861818738282,6.378778834914556e-06,1.2797493934631348
0.00022209448798093945,6.373242740664864e-06,1.288398027420044
0.00021954718977212906,5.679700734617654e-06,1.2960102558135986
0.00021595459838863462,5.9031003729614895e-06,1.3051753044128418
0.00021201781055424362,5.2242626225051936e-06,1.3127729892730713
0.00020992050122004002,5.318291186995339e-06,1.3217966556549072
0.0002053599018836394,4.947196430293843e-06,1.3293545246124268
0.0002036610821960494,4.708219876192743e-06,1.3383605480194092
0.00019956461619585752,4.6945033318479545e-06,1.3461029529571533
0.00019730397616513073,4.196602731099119e-06,1.3551783561706543
0.00019428877567406744,4.362415438663447e-06,1.3626701831817627
0.00019121957302559167,3.8584894355153665e-06,1.3717389106750488
0.0001891487481771037,3.946163360524224e-06,1.3793790340423584
0.00018567944061942399,3.6548344723996706e-06,1.3883438110351562
0.00018393283244222403,3.5061104881606298e-06,1.395932674407959
0.00018069676298182458,3.4780568967107683e-06,1.405325174331665
0.00017868695431388915,3.1284182568924734e-06,1.4131183624267578
0.00017608577036298811,3.248763050578418e-06,1.421865701675415
0.00017361559730488807,2.8718043267872417e-06,1.4293649196624756
0.0001716231054160744,2.957499418698717e-06,1.4383597373962402
0.00016888546815607697,2.7185838007426355e-06,1.445925235748291
0.00016716959362383932,2.6421653274155688e-06,1.4553184509277344
0.00016452411364298314,2.5964434371417155e-06,1.462890863418579
0.0001627253950573504,2.361084852964268e-06,1.471968173980713
0.00016043947834987193,2.44359512180381e-06,1.4801275730133057
0.00015839289699215442,2.161045813409146e-06,1.488858938217163
0.0001565043203299865,2.2448957679443993e-06,1.4966764450073242
0.00015427585458382964,2.0411255263752537e-06,1.5058324337005615
0.00015262550732586533,2.022094349740655e-06,1.513613224029541
0.00015040837752167135,1.9564522517612204e-06,1.5221035480499268
0.00014878028014209121,1.812755272112554e-06,1.5299620628356934
0.00014675280544906855,1.8589695400805795e-06,1.538820505142212
0.00014501121768262237,1.652929881856835e-06,1.5469062328338623
0.00014323882351163775,1.7293590417466476e-06,1.5558741092681885
0.0001413797726854682,1.5531088592979359e-06,1.5634496212005615
0.00013980634685140103,1.5761994518470601e-06,1.5718402862548828
0.00013791907986160368,1.491051534685539e-06,1.5795481204986572
0.00013642522390000522,1.4221766377886524e-06,1.5884110927581787
0.0001346218487014994,1.431558985132142e-06,1.5959529876708984
0.00013310289068613201,1.2932420077049755e-06,1.6053204536437988
0.00013145347475074232,1.3526337170333136e-06,1.612973690032959
0.00012987101217731833,1.2050696795995464e-06,1.6217689514160156
0.00012837648682761937,1.2528652177934418e-06,1.629356861114502
0.00012675643665716052,1.1527497463248437e-06,1.63828444480896
0.00012536435679066926,1.1437658713475685e-06,1.6459391117095947
0.0001237663091160357,1.115321879296971e-06,1.6552703380584717
0.00012240737851243466,1.041805489876424e-06,1.6628406047821045
0.0001208888425026089,1.071623046300374e-06,1.6718518733978271
0.0001195145450765267,9.621038543627947e-07,1.6797256469726562
0.00011810311116278172,1.0124365417141235e-06,1.6884119510650635
0.00011670262028928846,9.106114475798677e-07,1.6962573528289795
0.00011538957187440246,9.406537060385745e-07,1.7051942348480225
0.00011398340575397015,8.801978310657432e-07,1.7130115032196045
0.00011273474956396967,8.65146603246103e-07,1.7215557098388672
0.00011135770182590932,8.562134894418705e-07,1.729083776473999
0.00011013418406946585,7.964312658259587e-07,1.7382941246032715
0.00010881728667300195,8.259938226728991e-07,1.7460687160491943
0.00010759240831248462,7.436076998601493e-07,1.7551524639129639
0.00010635033686412498,7.846306857572927e-07,1.7627501487731934
0.00010511813889024779,7.096832064235059e-07,1.7717857360839844
0.00010394579294370487,7.345180961237929e-07,1.779484510421753
0.00010271737119182944,6.899069262544799e-07,1.78836989402771
0.00010159519297303632,6.817280677751114e-07,1.7960758209228516
0.0001003904762910679,6.747811198692943e-07,1.8049402236938477
9.929476073011756e-05,6.328386916720774e-07,1.812605619430542
9.813288488658145e-05,6.55580379316234e-07,1.8217518329620361
9.704558760859072e-05,5.940469804954773e-07,1.829347848892212
9.593766299076378e-05,6.282218691922026e-07,1.8383915424346924
9.485209739068523e-05,5.681581569660921e-07,1.8459877967834473
9.379784023622051e-05,5.938683216299978e-07,1.8550350666046143
9.271812450606376e-05,5.531607030206942e-07,1.8626067638397217
9.170749399345368e-05,5.561492457673012e-07,1.8717820644378662
9.064456389751285e-05,5.433516889752354e-07,1.879333734512329
8.966275345301256e-05,5.1956408242404e-07,1.888413429260254
8.862937829690054e-05,5.320778768691525e-07,1.8959946632385254
8.766262180870399e-05,4.88518480779021e-07,1.9051458835601807
8.666837675264105e-05,5.152982680556306e-07,1.912818193435669
8.57089034980163e-05,4.659750345581415e-07,1.9217205047607422
8.475697541143745e-05,4.924146992379974e-07,1.9293503761291504
8.380400686291978e-05,4.5246645186125534e-07,1.938288927078247
8.289085235446692e-05,4.654608858345455e-07,1.9458982944488525
8.194940892281011e-05,4.4480026417659246e-07,1.9548983573913574
8.106631139526144e-05,4.374291222575266e-07,1.962334156036377
8.014457125682384e-05,4.3831508378389117e-07,1.9717128276824951
7.928127888590097e-05,4.115539127269585e-07,1.9793672561645508
7.838723831810057e-05,4.2892116880466347e-07,1.9882795810699463
7.753556565148756e-05,3.9079668567865156e-07,1.9958436489105225
7.667438330827281e-05,4.146021126416599e-07,2.0050244331359863
7.583055412396789e-05,3.76652621980611e-07,2.012969493865967
7.500263745896518e-05,3.959810612741421e-07,2.0217418670654297
7.416764128720388e-05,3.68667343764173e-07,2.029664993286133
7.336916314670816e-05,3.747835819467582e-07,2.038789987564087
7.25471181795001e-05,3.6410193615665776e-07,2.046740770339966
7.177139923442155e-05,3.534071879585099e-07,2.0556702613830566
7.096822082530707e-05,3.5929966202274954e-07,2.0636062622070312
7.020801422186196e-05,3.342657350913214e-07,2.0721757411956787
6.942906475160271e-05,3.513913782171585e-07,2.0800461769104004
6.867904448881745e-05,3.194614919266314e-07,2.088923215866089
6.792729254812002e-05,3.3941194033104694e-07,2.0970966815948486
6.718537042615935e-05,3.0989869514996826e-07,2.106036901473999
6.646050314884633e-05,3.241573267587228e-07,2.114306926727295
6.572782876901329e-05,3.047738914574438e-07,2.1243481636047363
6.502644100692123e-05,3.0724822863703594e-07,2.1322662830352783
6.430645589716733e-05,3.0168288844834024e-07,2.141733407974243
6.362328713294119e-05,2.9047950533822586e-07,2.149580240249634
6.292034959187731e-05,2.9777925192320254e-07,2.157900810241699
6.225008837645873e-05,2.7578545314099756e-07,2.16572642326355
6.156798190204427e-05,2.911447438691539e-07,2.1739981174468994
6.0906968428753316e-05,2.646511632065085e-07,2.181674003601074
6.024752656230703e-05,2.8119401918047515e-07,2.1899642944335938
5.9594487538561225e-05,2.577198756625876e-07,2.19783353805542
5.895712456549518e-05,2.687079359020572e-07,2.206163167953491
5.831310772919096e-05,2.5414226456632605e-07,2.2138893604278564
5.7695044233696535e-05,2.550067392803612e-07,2.222482919692993
5.706273441319354e-05,2.5189555685756204e-07,2.2303876876831055
5.645986311719753e-05,2.415573590042186e-07,2.238744020462036
5.58425672352314e-05,2.487481367552391e-07,2.246513843536377
5.525085362023674e-05,2.298946810697089e-07,2.255314588546753
5.4651351092616096e-05,2.4321931846316147e-07,2.2631685733795166
5.406806667451747e-05,2.212426295500336e-07,2.2720425128936768
5.34876344318036e-05,2.3496583878568345e-07,2.2799007892608643
5.291193519951776e-05,2.1597283250684995e-07,2.2885847091674805
5.234994750935584e-05,2.246953272333485e-07,2.2962138652801514
5.17827138537541e-05,2.1330416188902745e-07,2.3051483631134033
5.123690061736852e-05,2.1347476319988345e-07,2.3127198219299316
5.0680217100307345e-05,2.1160768426398135e-07,2.321974039077759
5.014736598241143e-05,2.025062144639378e-07,2.3294448852539062
4.960378282703459e-05,2.0904214181882708e-07,2.338097333908081
4.90807433379814e-05,1.9306112619688065e-07,2.3452844619750977
4.855238876189105e-05,2.0445112625111506e-07,2.3544487953186035
4.803705814993009e-05,1.8612159635722492e-07,2.362142324447632
4.7524845285806805e-05,1.976166430495141e-07,2.3716061115264893
4.701657599071041e-05,1.819350643472717e-07,2.379143714904785
4.651997369364835e-05,1.8911185861725244e-07,2.3883461952209473
4.601946784532629e-05,1.7989700040743628e-07,2.3956000804901123
4.553664257400669e-05,1.7985234990192112e-07,2.4042599201202393
4.504553726292215e-05,1.7859781564766308e-07,2.4118359088897705
4.457392788026482e-05,1.7081603687074676e-07,2.4213244915008545
4.409419489093125e-05,1.766012900361602e-07,2.4289791584014893
4.363133120932616e-05,1.6302847427596134e-07,2.438347816467285
4.316464037401602e-05,1.7280629549532023e-07,2.4461135864257812
4.27087870775722e-05,1.5733986913346598e-07,2.455125570297241
4.225588054396212e-05,1.6715945605483284e-07,2.4627184867858887
4.1806539229582995e-05,1.5394265062695922e-07,2.471949815750122
4.136694406042807e-05,1.6009443015718716e-07,2.4795515537261963
4.092464587301947e-05,1.523300028338781e-07,2.488574266433716
4.049691415275447e-05,1.5238950368257065e-07,2.4963951110839844
4.0062921470962465e-05,1.5134365582980536e-07,2.505561351776123
3.9645019569434226e-05,1.448631792300148e-07,2.5134644508361816
3.922090763808228e-05,1.497179766829504e-07,2.522376537322998
3.8810794649180025e-05,1.3836736911798653e-07,2.5300073623657227
3.8397898606490344e-05,1.4666116499029158e-07,2.5388410091400146
3.79942030122038e-05,1.3362722484089318e-07,2.546478748321533
3.7593104934785515e-05,1.4198074893556623e-07,2.5551979541778564
3.719535015989095e-05,1.3081756833344116e-07,2.562814474105835
3.680572262965143e-05,1.361341048777831e-07,2.5719118118286133
3.641430885181762e-05,1.294781242222598e-07,2.5795438289642334
3.603495133575052e-05,1.2973694651918777e-07,2.5884759426116943
3.565088627510704e-05,1.2871676347003813e-07,2.596109628677368
3.52801798726432e-05,1.234250959214478e-07,2.6052498817443848
3.490468952804804e-05,1.2744685307097825e-07,2.613171100616455
3.454098987276666e-05,1.1794914911433807e-07,2.622007131576538
3.4175154723925516e-05,1.2497655177412526e-07,2.6296417713165283
3.3817286748671904e-05,1.1393663612579985e-07,2.638181209564209
3.346161247463897e-05,1.211459732530784e-07,2.646591901779175
3.3109165087807924e-05,1.115129819595495e-07,2.6553688049316406
3.2763389754109085e-05,1.162839211588107e-07,2.663267135620117
3.2416628528153524e-05,1.1039772829235517e-07,2.6720845699310303
3.20798390021082e-05,1.108950300476863e-07,2.6806206703186035
3.173953518853523e-05,1.0982953568827725e-07,2.6894192695617676
3.141040724585764e-05,1.0560247432067627e-07,2.697301149368286
3.107756492681801e-05,1.0885899115464781e-07,2.7057883739471436
3.0754741601413116e-05,1.0095053681880017e-07,2.7137677669525146
3.0430224796873517e-05,1.0686856199981776e-07,2.722382068634033
3.011271110153757e-05,9.748531937248117e-08,2.729987382888794
2.9796967282891273e-05,1.037442203255523e-07,2.738171339035034
2.948437577288132e-05,9.539702006122752e-08,2.7460832595825195
2.9177233955124393e-05,9.970695913352756e-08,2.75502610206604
2.886972470150795e-05,9.445450643852382e-08,2.762625217437744
2.8570473659783602e-05,9.519229138277296e-08,2.771632671356201
2.8268646929063834e-05,9.398688405326538e-08,2.7792856693267822
2.7976211640634574e-05,9.067016293329289e-08,2.7884185314178467
2.768085505522322e-05,9.326003436171959e-08,2.795982837677002
2.7394105927669443e-05,8.670271256505657e-08,2.805177688598633
2.710596345423255e-05,9.169629322514083e-08,2.8128364086151123
2.68240492005134e-05,8.36818401239725e-08,2.8216729164123535
2.65434955508681e-05,8.914191340636535e-08,2.8292624950408936
2.6266036002198234e-05,8.184168365232836e-08,2.8384804725646973
2.5992985683842562e-05,8.580929033996654e-08,2.8462090492248535
2.572007360868156e-05,8.098621151475527e-08,2.855051040649414
2.5453962734900415e-05,8.200943568681396e-08,2.862649440765381
2.5186047423630953e-05,8.061370948553304e-08,2.871849536895752
2.4926019250415266e-05,7.818022851324713e-08,2.8796675205230713
2.4663737349328585e-05,8.00758854779815e-08,2.888507127761841
2.4408844183199108e-05,7.474621810388271e-08,2.8963868618011475
2.4152799596777186e-05,7.888395714417129e-08,2.905045747756958
2.3902317479951307e-05,7.210537944501993e-08,2.9128150939941406
2.365286127314903e-05,7.682790226226643e-08,2.921668291091919
2.340640094189439e-05,7.047869132748019e-08,2.929259777069092
2.3163513105828315e-05,7.404300816915566e-08,2.9384026527404785
2.2921103663975373e-05,6.969238341980599e-08,2.9463396072387695
2.2684340365231037e-05,7.086130437983229e-08,2.955204725265503
2.2446338334702887e-05,6.93849813160341e-08,2.9628169536590576
2.2215001081349328e-05,6.759881898688036e-08,2.9716551303863525
2.198190486524254e-05,6.899614390931674e-08,2.979307174682617
2.175521876779385e-05,6.463746160534356e-08,2.988419771194458
2.152753404516261e-05,6.805861119119072e-08,2.9960386753082275
2.130484426743351e-05,6.230172999721617e-08,3.004741668701172
2.1082892999402247e-05,6.641580085897658e-08,3.012425661087036
2.0863855752395466e-05,6.080662018348448e-08,3.0216476917266846
2.0647645214921795e-05,6.412437869585119e-08,3.029158592224121
2.0432229575817473e-05,6.009097575088163e-08,3.038463830947876
2.0221446902723983e-05,6.143392283775029e-08,3.0461294651031494
2.0009889340144582e-05,5.983174844459427e-08,3.0548672676086426
1.980397428269498e-05,5.8643205846919955e-08,3.062443494796753
1.9596693164203316e-05,5.954821347131656e-08,3.071946620941162
1.9394978153286502e-05,5.606425546034188e-08,3.0795507431030273
1.9192406398360617e-05,5.8839976446734e-08,3.088094711303711
1.899432209029328e-05,5.399860114607691e-08,3.09562611579895
1.879674346128013e-05,5.753297216415376e-08,3.1050009727478027
1.8601964256959036e-05,5.262815605533433e-08,3.1124658584594727
1.8409422409604304e-05,5.565331662182871e-08,3.1216018199920654
1.8217877368442714e-05,5.1950831192471014e-08,3.129122018814087
1.8030137653113343e-05,5.34070956348387e-08,3.1383724212646484
1.7842005036072806e-05,5.170281269784027e-08,3.1459343433380127
1.7658619981375523e-05,5.101644617866441e-08,3.154822826385498
1.747421447362285e-05,5.150878479298626e-08,3.162421226501465
1.7294638382736593e-05,4.8764281501689766e-08,3.1716513633728027
1.7114316506194882e-05,5.099982658407498e-08,3.179274082183838
1.6938049157033674e-05,4.692013533258432e-08,3.1880974769592285
1.6762080122134648e-05,4.9976517146888e-08,3.195774555206299
1.658880319155287e-05,4.566107847381318e-08,3.2050583362579346
1.6417252481915057e-05,4.843032286316884e-08,3.2125954627990723
1.6246862287516706e-05,4.501101003029362e-08,3.221524238586426
1.6079582564998418e-05,4.652983065511762e-08,3.229088544845581
1.5912193703115918e-05,4.477865189755903e-08,3.238100528717041
1.574881753185764e-05,4.4484611549933106e-08,3.2458560466766357
1.5584688298986293e-05,4.4634568041601597e-08,3.254805088043213
1.5424753655679524e-05,4.252109064850629e-08,3.2623138427734375
1.526418054709211e-05,4.427125332995274e-08,3.2718658447265625
1.5107258150237612e-05,4.0860573591317007e-08,3.2794437408447266
1.4950480363040697e-05,4.347813842286996e-08,3.288039445877075
1.4796260984439868e-05,3.9705401633227666e-08,3.2955567836761475
1.4643366739619523e-05,4.222970417799843e-08,3.3046751022338867
1.449174033041345e-05,3.907311807438418e-08,3.312237501144409
1.4342623217089567e-05,4.06328943824974e-08,3.321514368057251
1.4193646165949758e-05,3.884530386244478e-08,3.329082727432251
1.4048036973690614e-05,3.8886547315541975e-08,3.3384251594543457
1.3901905731472652e-05,3.874000498171881e-08,3.345952033996582
1.3759413377556484e-05,3.7160802435209916e-08,3.3550682067871094
1.361637896479806e-05,3.8497631749123684e-08,3.362642765045166
1.347662509942893e-05,3.5686198884832265e-08,3.371603488922119
1.3336903975869063e-05,3.788099789403532e-08,3.37916898727417
1.3199594832258299e-05,3.460849384850917e-08,3.3884053230285645
1.306328886130359e-05,3.6868470942863496e-08,3.3960161209106445
1.2928304386150558e-05,3.400427317501453e-08,3.4047226905822754
1.2795347174687777e-05,3.554902860969378e-08,3.412283420562744
1.2662714652833529e-05,3.375942725369896e-08,3.421957492828369
1.253289246960776e-05,3.4052867192713165e-08,3.4296963214874268
1.2402751053741667e-05,3.36796333044731e-08,3.4384663105010986
1.2275753761059605e-05,3.2558592266695996e-08,3.446082353591919
1.2148310815973673e-05,3.3510289654259395e-08,3.4551706314086914
1.2023799172311556e-05,3.123817293726461e-08,3.4628517627716064
1.1899249329871964e-05,3.305208906567714e-08,3.4720804691314697
1.1776964129239786e-05,3.023634675969333e-08,3.4797329902648926
1.1655406524369027e-05,3.224595346296155e-08,3.4886386394500732
1.1535208614077419e-05,2.9637369891588605e-08,3.4961764812469482
1.1416619599913247e-05,3.114933377901252e-08,3.5049922466278076
1.12985053419834e-05,2.938444865208112e-08,3.5125536918640137
1.1182725756953005e-05,2.988390690461529e-08,3.5218160152435303
1.1066798833780922e-05,2.9315572191990213e-08,3.529477834701538
1.0953571290883701e-05,2.858448233666877e-08,3.538346529006958
1.0839997230505105e-05,2.9199224371723176e-08,3.546032428741455
1.0729031600931194e-05,2.7396387380917986e-08,3.5551652908325195
1.0617981388350017e-05,2.8864725720723072e-08,3.5628414154052734
1.0509037565498147e-05,2.647231767127778e-08,3.571709632873535
1.0400616702099796e-05,2.823623646008855e-08,3.5793988704681396
1.0293553714291193e-05,2.5885492860311388e-08,3.588090658187866
1.0187757652602158e-05,2.7338074914950994e-08,3.5957436561584473
1.0082547305501066e-05,2.561933243327985e-08,3.60501766204834
9.979263268178329e-06,2.6262753749506373e-08,3.61273193359375
9.875975592876785e-06,2.5543933190874668e-08,3.6217844486236572
9.774995305633638e-06,2.513543329030199e-08,3.629530429840088
9.673763997852802e-06,2.547687039111679e-08,3.638338088989258
9.57484280661447e-06,2.408277133270076e-08,3.6460206508636475
9.475813385506626e-06,2.5247263835126432e-08,3.6551692485809326
9.37873210204998e-06,2.3220653844191474e-08,3.6628408432006836
9.28200279304292e-06,2.4757834893307518e-08,3.671659231185913
9.186619536194485e-06,2.2648249498047335e-08,3.6792969703674316
9.092213986150455e-06,2.4023641742587643e-08,3.6881067752838135
8.998480552691035e-06,2.236843421599133e-08,3.695774793624878
8.906318726076279e-06,2.31134791306431e-08,3.7049918174743652
8.81427877175156e-06,2.228839868223531e-08,3.7126760482788086
8.724198778509162e-06,2.213334582279458e-08,3.7216756343841553
8.633953257231042e-06,2.2244636355139846e-08,3.729351282119751
8.545745004084893e-06,2.1195416977093373e-08,3.738480806350708
8.45742215460632e-06,2.2091128926149395e-08,3.74613618850708
8.370886462216731e-06,2.0416154100644235e-08,3.7550673484802246
8.284582690976094e-06,2.1718143727866845e-08,3.7627158164978027
8.199579497158993e-06,1.9869254686000204e-08,3.771817922592163
8.115328455460258e-06,2.1124796134586177e-08,3.779481887817383
8.031801371544134e-06,1.9573160869867934e-08,3.788408041000366
7.949551218189299e-06,2.0364947062034844e-08,3.7960894107818604
7.867517524573486e-06,1.947578986971621e-08,3.8047800064086914
7.787141839799006e-06,1.9522655492210106e-08,3.8124234676361084
7.706680662522558e-06,1.9450101973461642e-08,3.821462392807007
7.628007097082445e-06,1.8688423253365727e-08,3.829116106033325
7.549220754299313e-06,1.9350339997004085e-08,3.838477373123169
7.472069682989968e-06,1.7970361199104445e-08,3.8461544513702393
7.395054126391187e-06,1.9070983015012644e-08,3.854802370071411
7.319288215512643e-06,1.7445296762730322e-08,3.8624653816223145
7.244087100843899e-06,1.8592876571688066e-08,3.8718245029449463
7.169639957282925e-06,1.7149458741982926e-08,3.8794708251953125
7.096222816471709e-06,1.795737780696527e-08,3.8885278701782227
7.023097168712411e-06,1.703832097632585e-08,3.8961803913116455
6.951366685825633e-06,1.723512887963352e-08,3.904742956161499
6.879620286781574e-06,1.7013013220434914e-08,3.912411689758301
6.809431397414301e-06,1.6503777899856686e-08,3.9213976860046387
6.73915155857685e-06,1.6948384029547015e-08,3.9290595054626465
6.6703473748930264e-06,1.5844213052673695e-08,3.9385287761688232
6.601616860280046e-06,1.675125460565141e-08,3.946155071258545
6.5340700530214235e-06,1.5349950643894772e-08,3.9551875591278076
6.466937520599458e-06,1.637623014971723e-08,3.9628708362579346
6.400576239684597e-06,1.5043609025156002e-08,3.971701145172119
6.335028501780471e-06,1.5852741341859655e-08,3.9793505668640137
6.269840014283545e-06,1.4916484047944323e-08,3.988525152206421
6.205807494552573e-06,1.5235467998309105e-08,3.996187686920166
6.14183090874576e-06,1.4890720656524081e-08,4.004784107208252
6.079196282371413e-06,1.4595569197695113e-08,4.012407541275024
6.016499810357345e-06,1.4855286778470145e-08,4.021789789199829
5.955126653134357e-06,1.4003727066835836e-08,4.029452323913574
5.893785782973282e-06,1.4717732810254347e-08,4.038542747497559
5.833554951095721e-06,1.353127121461739e-08,4.046180725097656
5.773618795501534e-06,1.4429347494626654e-08,4.055168867111206
5.714455255656503e-06,1.3223904637982287e-08,4.062943696975708
5.6559279073553625e-06,1.3997166981027931e-08,4.071924924850464
5.597806193691213e-06,1.3083320204998472e-08,4.07969069480896
5.540638539969223e-06,1.3474097393384454e-08,4.088621377944946
5.4835822993482e-06,1.3047057656478955e-08,4.096399545669556
5.427678388514323e-06,1.2913697666760982e-08,4.105311870574951
5.371743554860586e-06,1.3025992728898927e-08,4.112951755523682
5.316986971592996e-06,1.238069025077948e-08,4.12191104888916
5.262238119030371e-06,1.293529461321441e-08,4.129594564437866
5.208521542954259e-06,1.1937901334135859e-08,4.138685941696167
5.1550068747019395e-06,1.2717932484918038e-08,4.146538257598877
5.102252089272952e-06,1.1632883989420861e-08,4.1552207469940186
5.049986157246167e-06,1.237070890169889e-08,4.1628546714782715
4.99816042065504e-06,1.1480686623599468e-08,4.171674966812134
4.947111847286578e-06,1.1929281562572669e-08,4.179235935211182
4.896226073469734e-06,1.1436867453085142e-08,4.188573360443115
4.846319370699348e-06,1.1443101577413017e-08,4.196194648742676
4.796415851160418e-06,1.1425458801284094e-08,4.205185413360596
4.747552338812966e-06,1.0963895569204851e-08,4.2127368450164795
4.698686097981408e-06,1.1371497521395213e-08,4.22169041633606
4.650768914871151e-06,1.0554896512360301e-08,4.229655504226685
4.602986336976755e-06,1.1210667949512754e-08,4.238868236541748
4.555938630801393e-06,1.0256798965713187e-08,4.246809244155884
4.50926017947495e-06,1.0934095406867073e-08,4.256086111068726
4.463044660951709e-06,1.0089766355747543e-08,4.263818264007568
4.417452146299183e-06,1.0565758046254814e-08,4.27269172668457
4.372068360680714e-06,1.0034611364062584e-08,4.280274391174316
4.327507213019999e-06,1.014533790311134e-08,4.288760185241699
4.282982899894705e-06,1.002716221165656e-08,4.296594619750977
4.239370355207939e-06,9.720444893446256e-09,4.3054211139678955
4.195752808300313e-06,9.992222160803976e-09,4.313298225402832
4.153001100348774e-06,9.339832018895322e-09,4.3225133419036865
4.110334884899203e-06,9.880174900445127e-09,4.330327033996582
4.068370344612049e-06,9.053323424268456e-09,4.339298725128174
4.026681381219532e-06,9.662771915941448e-09,4.3469202518463135
3.98546126234578e-06,8.880640223196679e-09,4.355633735656738
3.9447404560633e-06,9.357407293464348e-09,4.3636322021484375
3.9042583921400364e-06,8.81183392920093e-09,4.372408628463745
3.864464360958664e-06,8.997231404350714e-09,4.379983186721802
3.824738996627275e-06,8.800745909809393e-09,4.388926982879639
3.7858048926864285e-06,8.625776537485308e-09,4.3965301513671875
3.7468741993507138e-06,8.782759408632046e-09,4.40534520149231
3.7087224882270675e-06,8.279493535212623e-09,4.412903785705566
3.6706262562802294e-06,8.705875131909124e-09,4.422001838684082
3.6331894079921767e-06,8.006507457025691e-09,4.429738759994507
3.595953558033216e-06,8.539823959097248e-09,4.438839673995972
3.559187234714045e-06,7.826563397372865e-09,4.44642186164856
3.5228117667429615e-06,8.290733433113928e-09,4.455251216888428
3.48670164385112e-06,7.745472707654244e-09,4.463296890258789
3.451158590905834e-06,7.985943462074374e-09,4.472063302993774
3.4157149002567166e-06,7.730363904556725e-09,4.479629039764404
3.38095128427085e-06,7.657106060321439e-09,4.488823890686035
3.346202447573887e-06,7.722941397503291e-09,4.496805429458618
3.312151648060535e-06,7.34480876118937e-09,4.505484342575073
3.278133590356447e-06,7.673296664734153e-09,4.513077259063721
3.244731942686485e-06,7.085149356100828e-09,4.5218186378479
3.211471721442649e-06,7.54881668285634e-09,4.529613256454468
3.17867420562834e-06,6.907867167171844e-09,4.538354158401489
3.1461790968023706e-06,7.3480319606744615e-09,4.545959234237671
3.113966158707626e-06,6.8161876143335576e-09,4.55526328086853
3.082216608163435e-06,7.089540066118616e-09,4.563131093978882
3.0505916583933868e-06,6.79189238184108e-09,4.571924924850464
3.0195465114957187e-06,6.8050689527865416e-09,4.579467058181763
2.9885316052968847e-06,6.7892442778827444e-09,4.588591814041138
2.9581342460005544e-06,6.524278006736495e-09,4.596418619155884
2.927759396698093e-06,6.759703463643518e-09,4.60524320602417
2.897952526836889e-06,6.280833630967209e-09,4.612894058227539
2.8682441097771516e-06,6.668866792125527e-09,4.621720552444458
2.838982936737011e-06,6.105013383717051e-09,4.629843235015869
2.80995232060377e-06,6.510542327475832e-09,4.638699293136597
2.7812136522697983e-06,6.00623728530536e-09,4.64656925201416
2.752849695752957e-06,6.296177357256738e-09,4.655164957046509
2.724632167883101e-06,5.972454530933646e-09,4.663006544113159
2.6969032660417724e-06,6.049477363490041e-09,4.672028064727783
2.6692212031775853e-06,5.970746119743353e-09,4.679776430130005
2.6420809717819793e-06,5.799801083838929e-09,4.688523530960083
2.6149593850277597e-06,5.9544458252958066e-09,4.696233034133911
2.5883559828798752e-06,5.573575823092369e-09,4.70515251159668
2.561819883339922e-06,5.891569898608395e-09,4.712773323059082
2.535711246309802e-06,5.401814107131031e-09,4.721862316131592
2.509774503778317e-06,5.76822456466175e-09,4.729547500610352
2.48413425651961e-06,5.2973048170201764e-09,4.738590478897095
2.4587918687757337e-06,5.590849561087907e-09,4.74620795249939
2.4336140995728783e-06,5.255960999761555e-09,4.7552008628845215
2.408843783996417e-06,5.379430678686958e-09,4.762944936752319
2.3841366783017293e-06,5.250694545821943e-09,4.771707057952881
2.359900236115209e-06,5.158064197985368e-09,4.779242515563965
2.335684712306829e-06,5.242653866588398e-09,4.7884979248046875
2.311936668775161e-06,4.9529975676421145e-09,4.796177387237549
2.288235009473283e-06,5.2006305928387064e-09,4.805207967758179
2.264935574203264e-06,4.787021445906703e-09,4.812871217727661
2.2417625586967915e-06,5.107962053330084e-09,4.82174277305603
2.218884446847369e-06,4.679892029457733e-09,4.829516649246216
2.196240984631004e-06,4.964744615421068e-09,4.838613986968994
2.1737744191341335e-06,4.628621486091333e-09,4.846206903457642
2.1516439119295683e-06,4.785256191297549e-09,4.855203151702881
2.129592985511408e-06,4.6195811620464156e-09,4.862893104553223
2.1079458747408353e-06,4.593038394062887e-09,4.871808052062988
2.0863260488113156e-06,4.616493853859538e-09,4.8794801235198975
2.0651232262025587e-06,4.405386722083904e-09,4.888501167297363
2.0439536001504166e-06,4.591987234903172e-09,4.896195650100708
2.023158685915405e-06,4.248637441861547e-09,4.905115365982056
2.002454948524246e-06,4.522318519661894e-09,4.91275691986084
1.9820397483272245e-06,4.139266263081254e-09,4.9218409061431885
1.961806219696882e-06,4.406710107929257e-09,4.929643630981445
1.9417577732383506e-06,4.0838661341524585e-09,4.938211917877197
1.9219849036744563e-06,4.254901320166482e-09,4.945968866348267
1.9023033246412524e-06,4.066723846563036e-09,4.955116033554077
1.8829667851605336e-06,4.08756362091367e-09,4.962970733642578
1.863664465417969e-06,4.065937364572392e-09,4.971791982650757
1.8447316278979997e-06,3.9199998802530445e-09,4.979424715042114
1.8258240288560046e-06,4.051560420492706e-09,4.988560676574707
1.8072614693664946e-06,3.7734899649422005e-09,4.996462821960449
1.7887642798086745e-06,4.002457920648794e-09,5.005086421966553
1.770544940882246e-06,3.6647165302383655e-09,5.0128493309021
1.7524645272715134e-06,3.911609258722137e-09,5.021867752075195
1.7345734022455872e-06,3.60317087277906e-09,5.0295798778533936
1.716904080240056e-06,3.786189584076283e-09,5.038150787353516
1.69933878169104e-06,3.580954643922496e-09,5.045752763748169
1.6820630435177009e-06,3.6404437242509857e-09,5.054226398468018
1.664830506342696e-06,3.5794749386752756e-09,5.061938762664795
1.647921521907847e-06,3.4908016477430692e-09,5.070907831192017
1.6310355022142176e-06,3.5728286995606595e-09,5.0784735679626465
1.6144633718795376e-06,3.35502936543719e-09,5.087665796279907
1.5979377394614858e-06,3.5396183761804423e-09,5.095523118972778
1.5816766563148121e-06,3.249531976834419e-09,5.105041027069092
1.565519482937816e-06,3.4694216388686527e-09,5.112603425979614
1.5495528487008414e-06,3.1836226987991267e-09,5.121758937835693
1.5337627701228485e-06,3.366005474347844e-09,5.129316806793213
1.5180851278273622e-06,3.155558481182652e-09,5.138135194778442
1.502649183748872e-06,3.2418765449904186e-09,5.1456990242004395
1.487265080868383e-06,3.1518672116703783e-09,5.1550750732421875
1.4721616707902285e-06,3.1094855579283376e-09,5.162750720977783
1.4570813391401316e-06,3.149990490669552e-09,5.171845197677612
1.4422840877159615e-06,2.9856008776363296e-09,5.179428339004517
1.4275203739089193e-06,3.128184822287494e-09,5.188333034515381
1.413004952155461e-06,2.8845557054069104e-09,5.195941209793091
1.398567064825329e-06,3.075478982594859e-09,5.2051355838775635
1.3843166470905999e-06,2.8167028709447095e-09,5.212661504745483
1.3702052683584043e-06,2.9923892252980977e-09,5.221827745437622
1.356212237624277e-06,2.7843796157611678e-09,5.2295238971710205
1.3424188409771887e-06,2.8866582457709455e-09,5.238520860671997
1.3286850162330666e-06,2.7765316712446975e-09,5.246378421783447
1.3151919802112388e-06,2.7715350015000695e-09,5.2552409172058105
1.301725546909438e-06,2.7764548438113934e-09,5.262905597686768
1.2885109299531905e-06,2.6591240320783527e-09,5.271867513656616
1.2753221199091058e-06,2.7640738586853786e-09,5.279454708099365
1.2623635257114074e-06,2.5630730871029073e-09,5.288474082946777
1.2494617749325698e-06,2.726267656072423e-09,5.296205520629883
1.2367421504677623e-06,2.4946511523182835e-09,5.305210590362549
1.2241304148119525e-06,2.659427567053285e-09,5.312857151031494
1.2116408925066935e-06,2.4574418056033664e-09,5.321882486343384
1.1993138286925387e-06,2.570952117864067e-09,5.329553842544556
1.1870536127389641e-06,2.446440383607751e-09,5.338518381118774
1.1749980330932885e-06,2.470456950121047e-09,5.346137046813965
1.1629725804596092e-06,2.4473363335886233e-09,5.355215549468994
1.1511699540278642e-06,2.3699253670628195e-09,5.362913370132446
1.1393884733479354e-06,2.4405910625802107e-09,5.372551441192627
1.1278182228124933e-06,2.279735955568185e-09,5.3804802894592285
1.1162898090333329e-06,2.4135715648299083e-09,5.390014171600342
1.104935108742211e-06,2.212153349390178e-09,5.398097276687622
1.0936638545899768e-06,2.3612529709282626e-09,5.4070446491241455
1.082515382222482e-06,2.1727064591914313e-09,5.414722919464111
1.0714983318393934e-06,2.288881972845047e-09,5.422737121582031
1.060553813658771e-06,2.1582839959677358e-09,5.430375814437866
1.0497810762899462e-06,2.2025974377726243e-09,5.439266920089722
1.0390433544671396e-06,2.1569612762561974e-09,5.446958065032959
1.0284998097631615e-06,2.1135826422380433e-09,5.455289840698242
1.01797638762946e-06,2.1542889694359246e-09,5.4629271030426025
1.0076441867568064e-06,2.0311072823631093e-09,5.471753120422363
9.973430223908508e-07,2.136570032007512e-09,5.4793701171875
9.872065902527538e-07,1.965172025109041e-09,5.4885172843933105
9.77132572188566e-07,2.096855133970621e-09,5.496211767196655
9.671813359091175e-07,1.9221553237969147e-09,5.5051844120025635
9.573340093993465e-07,2.037283453049099e-09,5.512843608856201
9.475639330958074e-07,1.9036743292843994e-09,5.5218353271484375
9.37936533773609e-07,1.964366447282373e-09,5.529556751251221
9.283489816880319e-07,1.9002051043770507e-09,5.538510084152222
9.189290040012565e-07,1.8855321748389997e-09,5.546103000640869
9.095297741623654e-07,1.89976323561325e-09,5.555226564407349
9.003019840747584e-07,1.810053329442951e-09,5.5628392696380615
8.910979545362352e-07,1.8889767527952017e-09,5.571817636489868
8.820476864457305e-07,1.7472024937958963e-09,5.579410791397095
8.730442004889483e-07,1.86017823367024e-09,5.588393449783325
8.641607109893812e-07,1.7036019261951196e-09,5.596083641052246
8.553591328563925e-07,1.8126767864501403e-09,5.605181455612183
8.466370786663902e-07,1.6818669790197305e-09,5.61282205581665
8.380327471968485e-07,1.7508071659122493e-09,5.621875047683716
8.294720146295731e-07,1.675980576543168e-09,5.629675626754761
8.210551527554344e-07,1.6821334325456405e-09,5.6385815143585205
8.126601755975571e-07,1.6763647137096882e-09,5.646429777145386
8.044177093324834e-07,1.6143943959434637e-09,5.655333042144775
7.961943424561468e-07,1.670142357745874e-09,5.663031578063965
7.881129135967058e-07,1.5551726573193037e-09,5.671867609024048
7.800666139701207e-07,1.649417269433684e-09,5.679540634155273
7.721355927969853e-07,1.5115199092363696e-09,5.688522577285767
7.642683499398117e-07,1.6118710810530956e-09,5.696099042892456
7.564818815808394e-07,1.4870504827513287e-09,5.705225944519043
7.487910806958098e-07,1.5603186520607437e-09,5.7130677700042725
7.411476872221101e-07,1.4785382917992251e-09,5.721939325332642
7.336259955081914e-07,1.500824797773248e-09,5.729606628417969
7.261284622472886e-07,1.4782366442034345e-09,5.738581418991089
7.187650794548972e-07,1.4397393277576498e-09,5.746175050735474
7.114182949408132e-07,1.4759015121157404e-09,5.755175352096558
7.042013407954073e-07,1.384623748990066e-09,5.762322902679443
6.970104209358396e-07,1.4618604105010036e-09,5.770898342132568
6.899293794049299e-07,1.3415700772512196e-09,5.778572082519531
6.828971663708217e-07,1.4327659059176767e-09,5.787484645843506
6.759456709914957e-07,1.3150390776317522e-09,5.795165061950684
6.690709710710507e-07,1.3903344031618303e-09,5.804601669311523
6.622466912631353e-07,1.3047979363634e-09,5.812304973602295
6.555242748618184e-07,1.338879562773343e-09,5.820863246917725
6.488285748673661e-07,1.3034066048689397e-09,5.828765869140625
6.422495175684162e-07,1.2851100184008146e-09,5.837792634963989
6.356865469570039e-07,1.3024041845000056e-09,5.845397233963013
6.292403327279317e-07,1.2342622479621923e-09,5.854749441146851
6.228144684428116e-07,1.2937456661532565e-09,5.862449407577515
6.164916044326674e-07,1.1931733379100251e-09,5.871917486190796
6.102059160184581e-07,1.2720875464111714e-09,5.879544019699097
6.039995810169785e-07,1.1655317821990252e-09,5.888614892959595
5.978542958473554e-07,1.2376677460679275e-09,5.896757364273071
5.917611929362465e-07,1.1525056464734007e-09,5.905458450317383
5.857526161889837e-07,1.1947336453488333e-09,5.91337513923645
5.797733138024341e-07,1.149747186346417e-09,5.9221484661102295
5.738943968935928e-07,1.1471769090221073e-09,5.930114984512329
5.680316235157079e-07,1.1495221441393255e-09,5.938739538192749
5.622734988719458e-07,1.1009466671652035e-09,5.946368217468262
5.565312903854647e-07,1.1447655046126215e-09,5.9551990032196045
5.508849199031829e-07,1.0618853574229092e-09,5.962791681289673
5.452665732263995e-07,1.129165649871311e-09,5.971925497055054
5.397253062255913e-07,1.0336533851074137e-09,5.9796319007873535
5.342317308532074e-07,1.1014862355551713e-09,5.988695859909058
5.287914746077149e-07,1.0186861354455345e-09,5.996685981750488
5.234205673332326e-07,1.0654928050968238e-09,6.005758047103882
5.180809807825426e-07,1.0144955986390869e-09,6.013731241226196
5.128272277943324e-07,1.023973128511102e-09,6.022510290145874
5.075902436146862e-07,1.0146493645279975e-09,6.030455112457275
5.024459710512019e-07,9.82687931028181e-10,6.039190292358398
4.973151703779877e-07,1.0119438620392884e-09,6.0470850467681885
4.922723064737511e-07,9.459938388189926e-10,6.0557661056518555
4.872507588515873e-07,1.0010507978108762e-09,6.0637047290802
4.823025960831728e-07,9.183288574021731e-10,6.072531461715698
4.773917794409499e-07,9.799057121284704e-10,6.080466270446777
4.725343671907467e-07,9.016420388086033e-10,6.089219093322754
4.677330309732497e-07,9.500518149963e-10,6.097211599349976
4.6296503342091455e-07,8.952987795574074e-10,6.105768203735352
4.582691985888232e-07,9.145618151684687e-10,6.113418340682983
4.535917241810239e-07,8.94937901563253e-10,6.1218743324279785
4.4899519480168237e-07,8.778194837688602e-10,6.129411935806274
4.4441091517910536e-07,8.941055118505403e-10,6.138092994689941
4.3990655740344664e-07,8.436248366550103e-10,6.1455237865448
4.35418513689001e-07,8.872293455475244e-10,6.1551501750946045
4.309999042106938e-07,8.162825970714493e-10,6.162727355957031
4.2660985855036415e-07,8.712593424498039e-10,6.171782732009888
4.2227267726957507e-07,7.986882266663997e-10,6.179372787475586
4.179802886028483e-07,8.469311918446465e-10,6.18841290473938
4.1372268810846435e-07,7.908744770190879e-10,6.1960225105285645
4.095251995295257e-07,8.166191056702132e-10,6.205291032791138
4.0534752088206005e-07,7.897635878606479e-10,6.212876319885254
4.012399585917592e-07,7.838411586469363e-10,6.221927881240845
3.9714427657600027e-07,7.897502651843524e-10,6.229281187057495
3.931203593765531e-07,7.525810530317756e-10,6.238375425338745
3.891094024766062e-07,7.852339334313285e-10,6.245938539505005
3.851631618090323e-07,7.265607004924846e-10,6.255171537399292
3.8123889112284814e-07,7.735281304377395e-10,6.262758493423462
3.773658932004764e-07,7.084662856371438e-10,6.271841287612915
3.735285929451493e-07,7.541412494482813e-10,6.279437780380249
3.6972662087464414e-07,6.993022272361316e-10,6.288397550582886
3.6597435837393277e-07,7.287357384200277e-10,6.295922756195068
3.622432416250376e-07,6.97046920183908e-10,6.305238723754883
3.585721799481689e-07,7.002619040186175e-10,6.31282639503479
3.5491331118464586e-07,6.972767918611567e-10,6.3218138217926025
3.513181923153752e-07,6.720310974372978e-10,6.329373359680176
3.477337031654315e-07,6.951403896948705e-10,6.3384108543396
3.442091269789671e-07,6.472927749356927e-10,6.346242666244507
3.407011774925195e-07,6.868471902343742e-10,6.355272531509399
3.3724265335877135e-07,6.290023502053543e-10,6.362899541854858
3.33811982500265e-07,6.714172551269826e-10,6.371766090393066
3.3041692404367495e-07,6.187373946531238e-10,6.379542112350464
3.270624233664421e-07,6.50276554825524e-10,6.388417959213257
3.2373017688769323e-07,6.151772424800583e-10,6.3960347175598145
3.204488905339531e-07,6.255633788754267e-10,6.405287027359009
3.171803655277472e-07,6.152023335204149e-10,6.413148641586304
3.1396788813253806e-07,6.002549568506765e-10,6.421835422515869
3.107649320099881e-07,6.144572073374377e-10,6.429475545883179
3.0761646030441625e-07,5.772106126400445e-10,6.438448429107666
3.0448086363321636e-07,6.089541648712782e-10,6.446200132369995
3.0139210593915777e-07,5.592392660069834e-10,6.4552412033081055
2.98325062431104e-07,5.971945715721461e-10,6.462639093399048
2.9529326184274396e-07,5.481159970344152e-10,6.471696138381958
2.9229423148535716e-07,5.79696124436424e-10,6.479344129562378
2.893183079777373e-07,5.434467875709004e-10,6.488427639007568
2.8638515914281015e-07,5.586485163355803e-10,6.496102333068848
2.834654537764436e-07,5.431866623162307e-10,6.505121946334839
2.805946621720068e-07,5.362709720735381e-10,6.5127997398376465
2.777326812974934e-07,5.429433569403841e-10,6.521874666213989
2.749198415585852e-07,5.150652682139878e-10,6.529001712799072
2.7211729047849076e-07,5.395842661570782e-10,6.53833532333374
2.69358565674338e-07,4.976742351558983e-10,6.545903444290161
2.6661660967874923e-07,5.307808637056155e-10,6.555177927017212
2.6390907237328065e-07,4.86140960820336e-10,6.562822103500366
2.612278251490352e-07,5.165834426890115e-10,6.571765184402466
2.585699974133604e-07,4.806692821546221e-10,6.5794243812561035
2.559478957664396e-07,4.986224766412306e-10,6.58847188949585
2.5333991970910574e-07,4.79610184900281e-10,6.596189022064209
2.5077409304685716e-07,4.789902363633303e-10,6.605197429656982
2.482169634276943e-07,4.7953169213244e-10,6.612520217895508
2.457037453496014e-07,4.5980375062981693e-10,6.621798515319824
2.4319899694091873e-07,4.776535833528328e-10,6.629612445831299
2.4073477788988384e-07,4.4342968186228404e-10,6.638546705245972
2.3828357598176808e-07,4.713460732830299e-10,6.64609432220459
2.358654569434293e-07,4.315913459951304e-10,6.655323505401611
2.3346821365066717e-07,4.601187486574787e-10,6.6633312702178955
2.310945887984417e-07,4.2521047793897537e-10,6.67194676399231
2.2875035199376725e-07,4.4519904429662915e-10,6.679322242736816
2.2642089447799663e-07,4.2335815408911515e-10,6.688539743423462
2.2412740463551017e-07,4.281775212167105e-10,6.69621729850769
2.2184282499893015e-07,4.234081141252233e-10,6.705272674560547
2.1959704099572264e-07,4.10811828999158e-10,6.712923526763916
2.173585329501293e-07,4.225698957416313e-10,6.721983194351196
2.1515718628961622e-07,3.953279925639208e-10,6.729620695114136
2.1296595775766036e-07,4.182185708856423e-10,6.7384278774261475
2.108062204797534e-07,3.836040929350304e-10,6.746007204055786
2.086629109498972e-07,4.096398775743637e-10,6.755201578140259
2.0654304933032108e-07,3.766062739440912e-10,6.762936353683472
2.0444707615752122e-07,3.97295640830464e-10,6.771942377090454
2.0236647912952321e-07,3.7396225005537076e-10,6.779664754867554
2.0031622227634216e-07,3.8258909929034246e-10,6.788670063018799
1.9827523090043542e-07,3.7388442342134454e-10,6.796307325363159
1.96268203467298e-07,3.6721056750899095e-10,6.805262327194214
1.9426778408160317e-07,3.735700082607707e-10,6.812872409820557
1.9230101599987393e-07,3.5284861144013746e-10,6.8219873905181885
1.9034233389447763e-07,3.7078423664738125e-10,6.829753875732422
1.8841321036688896e-07,3.414219462705148e-10,6.838627576828003
1.8649693345196283e-07,3.6427055816190546e-10,6.8462958335876465
1.8460363548911118e-07,3.3393049436725164e-10,6.855296850204468
1.8272962165610807e-07,3.5420802402263973e-10,6.862946510314941
1.8087125397414638e-07,3.3054653458819416e-10,6.8719799518585205
1.790383095112702e-07,3.4177860541717564e-10,6.879605531692505
1.7721504264045507e-07,3.2997879428897647e-10,6.888632535934448
1.7542114960633626e-07,3.2814317929563686e-10,6.89632511138916
1.7363360882427514e-07,3.3005248534223597e-10,6.905310153961182
1.7187628031933855e-07,3.1503161190826745e-10,6.913148403167725
1.7012548880757095e-07,3.2846550479526115e-10,6.922021865844727
1.6840225214309612e-07,3.0404881390388994e-10,6.929763317108154
1.6668899149863137e-07,3.2376676339929134e-10,6.938663482666016
1.649979708417959e-07,2.963702616654018e-10,6.946441173553467
1.63322340540617e-07,3.156814809557318e-10,6.955326080322266
1.616625127098814e-07,2.923787045805426e-10,6.963076114654541
1.6002373115497903e-07,3.0520783123044737e-10,6.971973180770874
1.5839498246350558e-07,2.9138960688790405e-10,6.9797163009643555
1.5679145803915162e-07,2.9343513729962467e-10,6.988603353500366
1.5519427165600064e-07,2.9141852819769554e-10,6.996325254440308
1.5362383010142366e-07,2.8154145681469345e-10,7.005206823348999
1.5205904446702334e-07,2.905781171236299e-10,7.012862682342529
1.5051952573230665e-07,2.7117300072099226e-10,7.021852016448975
1.4898785138939274e-07,2.8729077450329044e-10,7.0295045375823975
1.4747737964171392e-07,2.6346425041623434e-10,7.038540601730347
1.459791576507996e-07,2.8111896144267234e-10,7.046135902404785
1.444966386543456e-07,2.5903942879601516e-10,7.055256128311157
1.4303137163551582e-07,2.7243046707425833e-10,7.063022613525391
1.415764216972093e-07,2.5752985854943233e-10,7.071897983551025
1.4014295857123216e-07,2.6215829507236776e-10,7.0795347690582275
1.387158476973127e-07,2.575809010529895e-10,7.088470458984375
1.3731238368563936e-07,2.515815611392469e-10,7.096147537231445
1.3591380820798804e-07,2.572657642474496e-10,7.1052937507629395
1.3453832536924892e-07,2.418909517132306e-10,7.114207029342651
1.3316902425231092e-07,2.5500965228353323e-10,7.122734546661377
1.3181977465137606e-07,2.3433699425368104e-10,7.1304450035095215
1.3048016000993812e-07,2.5015911564452153e-10,7.1388256549835205
1.2915594993501145e-07,2.2950426281642677e-10,7.1464972496032715
1.2784576597368869e-07,2.430201040404256e-10,7.155409574508667
1.2654614067741932e-07,2.27493981985738e-10,7.1633100509643555
1.252645205340741e-07,2.3425975048674275e-10,7.171687126159668
1.2398952264902618e-07,2.2724948312013993e-10,7.179299354553223
1.2273505944904173e-07,2.248642105850962e-10,7.188347816467285
1.21485200565985e-07,2.2723758985598863e-10,7.196056604385376
1.202561321633766e-07,2.1598166310976552e-10,7.204944849014282
1.1903207308705532e-07,2.2594169590828272e-10,7.212603330612183
1.1782672970639396e-07,2.0865856265039895e-10,7.221648693084717
1.1662895360586845e-07,2.2235747965115849e-10,7.229241132736206
1.1544612021907596e-07,2.0366078268274634e-10,7.238299131393433
1.1427459867263678e-07,2.1661983318210787e-10,7.245908737182617
1.1311367131838779e-07,2.0120151378311135e-10,7.254992485046387
1.1196779325928219e-07,2.0920631893517339e-10,7.262642860412598
1.108287008833031e-07,2.0067425499092906e-10,7.2716920375823975
1.0970732233772651e-07,2.0104456988079278e-10,7.279313087463379
1.0859043442223992e-07,2.007821131577714e-10,7.288281202316284
1.0749204193416517e-07,1.9300851195058755e-10,7.2959136962890625
1.0639790559707762e-07,2.0005995471361615e-10,7.304985046386719
1.0532101413218697e-07,1.8603928120253244e-10,7.312633037567139
1.0425009833170407e-07,1.9758414349091424e-10,7.321743011474609
1.0319350707277408e-07,1.8096163456604586e-10,7.329359531402588
1.0214594681201561e-07,1.930245685510812e-10,7.33838963508606
1.0110892390002846e-07,1.782358705071374e-10,7.345973253250122
1.0008434259134447e-07,1.8685565594811493e-10,7.355003118515015
9.906670328518885e-08,1.773290680961992e-10,7.3626017570495605
9.806419143387757e-08,1.7975575195006144e-10,7.371765375137329
9.706616310722893e-08,1.7742687874466867e-10,7.379352331161499
9.608449857978485e-08,1.7252055339866956e-10,7.388345241546631
9.510650755828465e-08,1.7711107580531404e-10,7.39599347114563
9.414431190180039e-08,1.6598146468371766e-10,7.4050445556640625
9.318685556536366e-08,1.7539275587452607e-10,7.412679195404053
9.224295638432523e-08,1.6092378818388653e-10,7.421685218811035
9.130624789577269e-08,1.7187765100068475e-10,7.429399013519287
9.037988490945281e-08,1.5790678487004328e-10,7.4383251667022705
8.946370400053638e-08,1.6679357894844316e-10,7.445903778076172
8.855460009726812e-08,1.567144747305349e-10,7.455024719238281
8.765828596324354e-08,1.6068429919968708e-10,7.4626171588897705
8.676651219730047e-08,1.5665171937406797e-10,7.471690654754639
8.588905586748297e-08,1.5424074517600417e-10,7.47930121421814
8.50149604048056e-08,1.5658097041182373e-10,7.488355875015259
8.415514685111702e-08,1.4820619731459317e-10,7.4960691928863525
8.32991773336289e-08,1.5554871279910287e-10,7.504954099655151
8.245591232025618e-08,1.4330839293030806e-10,7.512527227401733
8.161831033248745e-08,1.5291155841534732e-10,7.520916938781738
8.079080515699388e-08,1.401086330288237e-10,7.52851939201355
7.997153517180777e-08,1.4877138410085422e-10,7.537923574447632
7.915938482483398e-08,1.385724451852255e-10,7.545546293258667
7.83579565677428e-08,1.4357605382375738e-10,7.554912328720093
7.75611752601435e-08,1.382982756092943e-10,7.562587261199951
7.677677160700114e-08,1.3788450936580432e-10,7.57169246673584
7.599558671245177e-08,1.383700237722607e-10,7.5793297290802
7.522719158714608e-08,1.3236044205111597e-10,7.588350057601929
7.446197258786924e-08,1.3778388152640986e-10,7.596005439758301
7.370855570343338e-08,1.2767893686760345e-10,7.605009078979492
7.295960813280544e-08,1.3589288028192925e-10,7.612715482711792
7.222036657594799e-08,1.2437061103209857e-10,7.621741771697998
7.148773306653311e-08,1.326063009399192e-10,7.629308223724365
7.076221919533054e-08,1.226473089754876e-10,7.638432502746582
7.00456013191797e-08,1.2827454376473924e-10,7.646066665649414
6.93337014467943e-08,1.222060230787747e-10,7.655005216598511
6.863243839916322e-08,1.2333131738095915e-10,7.662603855133057
6.793430884499685e-08,1.2224959933249124e-10,7.671699047088623
6.724752665832057e-08,1.1833632684865592e-10,7.679588317871094
6.656350137745903e-08,1.2195731924347086e-10,7.688449144363403
6.589028345160841e-08,1.1393991306007933e-10,7.696191787719727
6.522065376657338e-08,1.206771488293512e-10,7.705028295516968
6.456020429368436e-08,1.1064155841511436e-10,7.71277928352356
6.39050767858862e-08,1.1811439326603335e-10,7.721803188323975
6.325691970232583e-08,1.0871112343657785e-10,7.729475498199463
6.261610252522587e-08,1.1451484205338147e-10,7.73842716217041
6.19800459844555e-08,1.0801431971074749e-10,7.7461535930633545
6.135305596899343e-08,1.1024781781943105e-10,7.755030870437622
6.072920655242342e-08,1.080019199073412e-10,7.7628161907196045
6.011531894500877e-08,1.058175422286034e-10,7.771843194961548
5.950390047360088e-08,1.0792841620421711e-10,7.779634952545166
5.890229104466016e-08,1.0173225456489021e-10,7.788366079330444
5.830358063008134e-08,1.0707480041505235e-10,7.796096086502075
5.7713513967883046e-08,9.849442789144902e-11,7.805115222930908
5.712767148224884e-08,1.0516238574398429e-10,7.813923597335815
5.6548628890595865e-08,9.641792225734136e-11,7.822458982467651
5.597556196335063e-08,1.0219750046225329e-10,7.830174207687378
5.540730896314017e-08,9.551314600342309e-11,7.838424921035767
5.484668363919809e-08,9.856123556195584e-11,7.84624719619751
5.428921312500279e-08,9.541799295131881e-11,7.855060338973999
5.3740425443038475e-08,9.46339048790712e-11,7.862802267074585
5.3193936366824346e-08,9.542049789201812e-11,7.871745824813843
5.2656265125961e-08,9.088885200014829e-11,7.879593372344971
5.212100262497188e-08,9.492737151894914e-11,7.888400077819824
5.159376925689685e-08,8.776630117113271e-11,7.8962671756744385
5.106990386138932e-08,9.349984675388612e-11,7.9049599170684814
5.0552582564478143e-08,8.560046421690615e-11,7.9130778312683105
5.004010361631117e-08,9.11428155170313e-11,7.921826124191284
4.953242083161058e-08,8.452753774701449e-11,7.929621696472168
4.903109740439504e-08,8.80655340318448e-11,7.938417673110962
4.85329749722041e-08,8.427673836575167e-11,7.9461541175842285
4.8042338107734395e-08,8.462627820726709e-11,7.955060720443726
4.755391458388658e-08,8.429484887884087e-11,7.962873220443726
4.707333900455524e-08,8.123698241879751e-11,7.97181510925293
4.65948239991576e-08,8.403814449886582e-11,7.979433059692383
4.6123695085498184e-08,7.826573417135663e-11,7.988445281982422
4.56552591288073e-08,8.30608290480761e-11,7.99610161781311
4.519306529005007e-08,7.610762714493902e-11,8.005020141601562
4.4734772330912165e-08,8.119638988945965e-11,8.012632608413696
4.428118316468499e-08,7.488086539719774e-11,8.021755695343018
4.383287333098451e-08,7.86398654528675e-11,8.029544115066528
4.3387792914018064e-08,7.448892197503554e-11,8.038381338119507
4.294910382895978e-08,7.569089105485816e-11,8.045988321304321
4.251260676824131e-08,7.448022060208004e-11,8.054909706115723
4.208301973562811e-08,7.267605961480683e-11,8.062732219696045
4.1655262350559497e-08,7.436407045702254e-11,8.071805477142334
4.123423025248485e-08,6.98867491655264e-11,8.079509496688843
4.0815383073322664e-08,7.373159027768139e-11,8.088465213775635
4.0402412082585215e-08,6.774680122445531e-11,8.096132516860962
3.999257103259879e-08,7.230300386185107e-11,8.105608224868774
3.9587316535971695e-08,6.640748367869875e-11,8.113256454467773
3.918639635003274e-08,7.022361164787938e-11,8.122275829315186
3.87887233443962e-08,6.58671658881893e-11,8.12991738319397
3.8396450463551446e-08,6.767353344372395e-11,8.138977289199829
3.800635894890547e-08,6.580860162364033e-11,8.146623611450195
3.762232836379553e-08,6.496164023372941e-11,8.155465602874756
3.723995334325991e-08,6.57918580726502e-11,8.16318678855896
3.686366412125608e-08,6.242267119871414e-11,8.172210454940796
3.648916901966004e-08,6.537455299326922e-11,8.179899215698242
3.612015930798407e-08,6.03168903712259e-11,8.188371658325195
3.5753643601310614e-08,6.432929189337244e-11,8.196135520935059
3.539157589216302e-08,5.894086607671767e-11,8.20500659942627
3.503302181684376e-08,6.264132962341407e-11,8.212672710418701
3.4677697158258525e-08,5.828768717686117e-11,8.221715211868286
3.432691997318216e-08,6.048678224956916e-11,8.229371309280396
3.397832770701825e-08,5.812592074327938e-11,8.238273620605469
3.363497569353058e-08,5.811979369996223e-11,8.246197700500488
3.329320463762997e-08,5.814765682843337e-11,8.254949808120728
3.295686212823057e-08,5.5796627734805426e-11,8.262623310089111
3.262204373299937e-08,5.793213825322496e-11,8.27169919013977
3.229229150747415e-08,5.379768505675564e-11,8.27928614616394
3.1964539459750085e-08,5.719710122198407e-11,8.288244247436523
3.164102579944483e-08,5.23723564516132e-11,8.29581356048584
3.13203578627963e-08,5.58695763264172e-11,8.304900884628296
3.100288736845869e-08,5.1592508043540874e-11,8.312620878219604
3.06891827506206e-08,5.407196218554233e-11,8.32170820236206
3.037768792069073e-08,5.135481623286253e-11,8.329260110855103
3.007068016813719e-08,5.2003897715868774e-11,8.338338613510132
2.9765212516963402e-08,5.13805109569887e-11,8.346022367477417
2.9464551687397034e-08,4.9902908194621176e-11,8.354913234710693
2.9165224901817055e-08,5.127651081515694e-11,8.362528562545776
2.8870520196733196e-08,4.802514982915618e-11,8.371793746948242
2.8577442634514227e-08,5.079328277424189e-11,8.3794846534729
2.8288370756968106e-08,4.659179639321387e-11,8.388315677642822
2.8001590379744812e-08,4.975746550894833e-11,8.395964622497559
2.7717927508774665e-08,4.573348644232311e-11,8.405083894729614
2.7437375038630307e-08,4.827567859355675e-11,8.413026809692383
2.7159030580037324e-08,4.54029661089983e-11,8.42183542251587
2.6884501735935373e-08,4.6501611589144787e-11,8.429432392120361
2.6611497006001628e-08,4.538659725827898e-11,8.438283205032349
2.634270224177726e-08,4.465402700382093e-11,8.44589877128601
2.6075118952917364e-08,4.536175254865604e-11,8.454967021942139
2.5811717208057416e-08,4.291471344952669e-11,8.462525129318237
2.5549661941681734e-08,4.5054331793137337e-11,8.471735000610352
2.529134413009615e-08,4.1502488945521776e-11,8.479454040527344
2.5034871953266702e-08,4.429712499587346e-11,8.488297700881958
2.4781416030350556e-08,4.0587592314844656e-11,8.495857000350952
2.4530498521357913e-08,4.308515003104141e-11,8.504972219467163
2.4281785471202966e-08,4.0166096143545715e-11,8.512702703475952
2.4036282297856815e-08,4.158389951824937e-11,8.52170443534851
2.379229968596519e-08,4.009597168175283e-11,8.529313087463379
2.355197281644905e-08,3.994264641260514e-11,8.538339138031006
2.331278103895329e-08,4.0110793159131575e-11,8.546143054962158
2.3077337374388662e-08,3.834916412204237e-11,8.556127786636353
2.2843027025487572e-08,3.992644409533952e-11,8.564078092575073
2.2612178796066473e-08,3.700784470539453e-11,8.573450088500977
2.2382819153676792e-08,3.937210626969723e-11,8.581062316894531
2.2156338985723778e-08,3.607095525048898e-11,8.589568376541138
2.1931930049845505e-08,3.841970491746949e-11,8.600117206573486
2.170968649295446e-08,3.556915526004012e-11,8.610597372055054
2.149013234031827e-08,3.715582702623621e-11,8.621307134628296
2.1272089867352406e-08,3.5444477214374714e-11,8.630784034729004
2.1057203980490158e-08,3.572355258829596e-11,8.640437602996826
2.0843398118586265e-08,3.544979934599901e-11,8.648193120956421
2.0632926478469926e-08,3.428785727566108e-11,8.65701937675476
2.0423437163685776e-08,3.535606876714503e-11,8.664799213409424
2.0217116869503116e-08,3.3027462709167565e-11,8.673310995101929
2.0012013379755444e-08,3.497998418700021e-11,8.681485176086426
1.9809629492328895e-08,3.2075272993203896e-11,8.689879655838013
1.9608927814829258e-08,3.4232099793696236e-11,8.697441577911377
1.9410336449254828e-08,3.152651056881339e-11,8.705945253372192
1.9213979740584364e-08,3.3190169362873334e-11,8.713676452636719
1.901912760615687e-08,3.133063600224695e-11,8.72270941734314
1.882696665234107e-08,3.195482420337292e-11,8.730257272720337
1.863586618355839e-08,3.132760023616399e-11,8.738807916641235
1.844770203263124e-08,3.066838796805804e-11,8.746418714523315
1.8260410072912237e-08,3.130483372526527e-11,8.755143642425537
1.8076004693057257e-08,2.9489702346729985e-11,8.762820482254028
1.7892592296675502e-08,3.10567023487085e-11,8.771795988082886
1.7711734301428805e-08,2.8550068559285435e-11,8.779512882232666
1.753223166645057e-08,3.04904573811271e-11,8.788517713546753
1.7354777170908164e-08,2.796402345794924e-11,8.796173334121704
1.717915765198086e-08,2.964011674988498e-11,8.804955005645752
1.7005033825512328e-08,2.7709454522573118e-11,8.812732458114624
1.6833187288511908e-08,2.8583736072507193e-11,8.821878433227539
1.6662387025689895e-08,2.7677742042708786e-11,8.829539775848389
1.6494146493073458e-08,2.744704984125601e-11,8.83842945098877
1.6326714202818948e-08,2.76806945420649e-11,8.846158981323242
1.6161875393549963e-08,2.6363416658070626e-11,8.8551025390625
1.5997871471995495e-08,2.754077174649261e-11,8.862759113311768
1.5836238986821627e-08,2.5457018437702317e-11,8.871719360351562
1.567570251381767e-08,2.7126887541806255e-11,8.879589080810547
1.5517127138764408e-08,2.4833312489702664e-11,8.888554096221924
1.536005278524044e-08,2.6436864850043484e-11,8.896193027496338
1.5204451031536337e-08,2.4524975800188642e-11,8.905110120773315
1.5050762414148267e-08,2.5546368839779454e-11,8.91281795501709
1.4898112077332826e-08,2.4457645977915554e-11,8.92162561416626
1.4747674192960858e-08,2.4551428598473812e-11,8.929307699203491
1.4598002806565091e-08,2.4468193096649493e-11,8.938534021377563
1.4450642460417384e-08,2.3572742716138073e-11,8.946336030960083
1.4304000650611215e-08,2.4391766384468383e-11,8.955169439315796
1.415953754246857e-08,2.2709611968707577e-11,8.96288514137268
1.4015970606351402e-08,2.409870220043686e-11,8.9716637134552
1.3874259963131408e-08,2.2082299530601368e-11,8.979528903961182
1.373377234159534e-08,2.35710582996429e-11,8.988170862197876
1.3594720904563928e-08,2.1731174151828903e-11,8.995876550674438
1.3457265524152717e-08,2.282799123343171e-11,9.005020380020142
1.3320840430708358e-08,2.1617350270952684e-11,9.012913942337036
1.3186311598190059e-08,2.197010975923952e-11,9.021577835083008
1.305252439465221e-08,2.1621732182453002e-11,9.029293775558472
1.2920776448765992e-08,2.1086604684583676e-11,9.038547992706299
1.2789666214985118e-08,2.159346486341196e-11,9.046297788619995
1.2660539283615435e-08,2.0281349516482194e-11,9.0551598072052
1.2532149540334103e-08,2.1406773922927336e-11,9.062781572341919
1.2405505067647482e-08,1.965813969939667e-11,9.071828603744507
1.2279851802077246e-08,2.099951289247226e-11,9.07955002784729
1.215559297662594e-08,1.9274672136138093e-11,9.088547706604004
1.2032649543414209e-08,2.0385176185966358e-11,9.096203804016113
1.1910725739028294e-08,1.911605075621825e-11,9.105068445205688
1.1790415754830974e-08,1.9650336913201727e-11,9.112753629684448
1.1670832300580969e-08,1.9101449588720953e-11,9.121676921844482
1.1553031420419302e-08,1.886855775790064e-11,9.129295587539673
1.1435814961657798e-08,1.910081294520527e-11,9.138501644134521
1.132038640605515e-08,1.8126075293500854e-11,9.146127700805664
1.1205576022632613e-08,1.898053068882799e-11,9.15511155128479
1.109238567664761e-08,1.7519171877089512e-11,9.16326093673706
1.0980006237559792e-08,1.8678442473274437e-11,9.172086238861084
1.0868958177923105e-08,1.7108287009293122e-11,9.17969536781311
1.0758996360493711e-08,1.8188842793032123e-11,9.189051628112793
1.06500346319649e-08,1.6920182269175577e-11,9.196842670440674
1.0542434480953489e-08,1.757012590974938e-11,9.205728769302368
1.0435549313569936e-08,1.688180151226959e-11,9.213395118713379
1.0330212241171921e-08,1.688427696266981e-11,9.22209358215332
1.0225422286680441e-08,1.6884563192043345e-11,9.229730606079102
1.0122229276987582e-08,1.6208787784188772e-11,9.239070177078247
1.0019566509811284e-08,1.6824291959594007e-11,9.246701002120972
9.918398546915341e-09,1.5632113659069802e-11,9.255300521850586
9.817888724228396e-09,1.661067464131527e-11,9.263183116912842
9.718647220324783e-09,1.522025908085034e-11,9.27163052558899
9.62029211848403e-09,1.622591470906709e-11,9.279279708862305
9.522915789261788e-09,1.4996715674842065e-11,9.288508176803589
9.426676328416761e-09,1.5707449230184523e-11,9.296205759048462
9.331146522129075e-09,1.492172184425211e-11,9.305297136306763
9.23694631893568e-09,1.5108206352643094e-11,9.313217639923096
9.143268364653068e-09,1.4926187022479276e-11,9.321829080581665
9.051007054949878e-09,1.450100629851736e-11,9.329400777816772
8.95921203891703e-09,1.4896427841248894e-11,9.33862853050232
8.868779488580003e-09,1.395499774764497e-11,9.346124649047852
8.778891391614252e-09,1.4755063490468068e-11,9.355058670043945
8.690194341909319e-09,1.354380236434638e-11,9.362879991531372
8.60222293397328e-09,1.4455169700111625e-11,9.371835470199585
8.515197436054223e-09,1.3290378346464404e-11,9.37973690032959
8.429118736330565e-09,1.4024888889130338e-11,9.388944149017334
8.343735480309533e-09,1.3196978232432599e-11,9.396770477294922
8.259491757200976e-09,1.3513594757097458e-11,9.40537142753601
8.17575163125639e-09,1.3192591984123592e-11,9.413007259368896
8.093258507813061e-09,1.2972893592699819e-11,9.421903133392334
8.011182828226993e-09,1.318502945713007e-11,9.429648637771606
7.930341716644307e-09,1.2468406515586672e-11,9.438663005828857
7.849955352412508e-09,1.3093988567025594e-11,9.446677446365356
7.770680987562173e-09,1.20621707067059e-11,9.455562829971313
7.691996373182519e-09,1.2870991598912251e-11,9.463389873504639
7.614220365326219e-09,1.1799560460656888e-11,9.472264289855957
7.537225954479254e-09,1.2522082329380346e-11,9.480167388916016
7.460914552837039e-09,1.1677169647894559e-11,9.489051818847656
7.385568157047828e-09,1.2084907727305527e-11,9.496676206588745
7.31071647663839e-09,1.1656784044966617e-11,9.50546145439148
7.2369483739009866e-09,1.1610846832599275e-11,9.513190507888794
7.163568405132992e-09,1.1660992484119337e-11,9.522170543670654
7.091295994854363e-09,1.1149707025703837e-11,9.53003478050232
7.019410386277514e-09,1.1607862240858857e-11,9.539072275161743
6.948550623775418e-09,1.0759121892023327e-11,9.546661138534546
6.878174918512059e-09,1.14452197719217e-11,9.555402040481567
6.808663410851068e-09,1.0486608109649964e-11,9.563292026519775
6.73979494436594e-09,1.1168821943685625e-11,9.571855068206787
6.671591723517167e-09,1.0345237687336972e-11,9.579386711120605
6.604200297744001e-09,1.080092352362394e-11,9.588561058044434
6.5372942614772e-09,1.0305812626898447e-11,9.596349716186523
6.471324809353973e-09,1.0387950916124211e-11,9.606947898864746
6.4057226190072925e-09,1.0310789548551025e-11,9.616290092468262
6.341104530349639e-09,9.972529746438141e-12,9.625535011291504
6.2768235054022625e-09,1.0286191169661674e-11,9.636475801467896
6.213482173222928e-09,9.601183563467952e-12,9.644468784332275
6.15053918906483e-09,1.01765306251278e-11,9.653565406799316
6.088411552696016e-09,9.325424113471037e-12,9.661695718765259
6.0268097179516644e-09,9.959400491810211e-12,9.671164512634277
5.965854477096855e-09,9.162524038097697e-12,9.678446531295776
5.905574251841017e-09,9.654109976720004e-12,9.68849802017212
5.845772754753398e-09,9.108842152771857e-12,9.696144104003906
5.786773282778768e-09,9.295396050101878e-12,9.705089569091797
5.7281264176367586e-09,9.111092089120199e-12,9.712822198867798
5.670346858721587e-09,8.922822550272436e-12,9.721648931503296
5.612869280469113e-09,9.103508745444966e-12,9.729280471801758
5.556244353499551e-09,8.57894571354434e-12,9.738443374633789
5.499952049348167e-09,9.028592977411432e-12,9.746047258377075
5.444420025924046e-09,8.307079850389254e-12,9.754981756210327
5.389320545390319e-09,8.864955644560801e-12,9.762788772583008
5.3348396811259136e-09,8.134887728716844e-12,9.771763563156128
5.280920589711968e-09,8.618757617318007e-12,9.779438257217407
5.227469568325205e-09,8.060745647353595e-12,9.788572788238525
5.174700223875561e-09,8.312545096700319e-12,9.796387195587158
5.122274160385132e-09,8.051540337228325e-12,9.805009603500366
5.070605268997497e-09,7.98390693834694e-12,9.812782287597656
5.019214377455228e-09,8.052658366508592e-12,9.82187795639038
4.96858909571074e-09,7.667992109328114e-12,9.829674482345581
4.9182462547037176e-09,8.011718025113801e-12,9.839049816131592
4.868608627361937e-09,7.403445911879913e-12,9.847075700759888
4.819323606852777e-09,7.89418704016942e-12,9.855889081954956
4.770630557260347e-09,7.223988334609244e-12,9.86356806755066
4.722399804535371e-09,7.691482867278054e-12,9.872322797775269
4.6746242432504914e-09,7.1313363200764535e-12,9.879918575286865
4.6274242215815775e-09,7.432792228923013e-12,9.88886833190918
4.58056126362294e-09,7.1116502443902e-12,9.896600008010864
4.534353781338041e-09,7.144730987396208e-12,9.905078887939453
4.488406091240904e-09,7.117667566447494e-12,9.912840604782104
4.4431418544377266e-09,6.8587822053822745e-12,9.921862840652466
4.3981223107891765e-09,7.098174045067074e-12,9.9295015335083
4.353749361030168e-09,6.609231391341286e-12,9.938458442687988
4.309668621971241e-09,7.01351780471593e-12,9.946171522140503
4.266143882603046e-09,6.4275147704240254e-12,9.95510196685791
4.223002836312162e-09,6.8572140153599914e-12,9.962806224822998
4.1803005501606094e-09,6.324128287021891e-12,9.971773862838745
4.138081877158584e-09,6.641665516171624e-12,9.979476690292358
4.0961900538150076e-09,6.291258746599082e-12,9.988459348678589
4.0548648883032e-09,6.391064760746801e-12,9.996143102645874
4.01378574821365e-09,6.290971649863808e-12,10.005057573318481
3.973311013538705e-09,6.13492633430579e-12,10.012698888778687
3.933053438487377e-09,6.28462819979303e-12,10.021576404571533
3.893384281639101e-09,5.902176317129637e-12,10.029227256774902
3.853958929767032e-09,6.2283988730427176e-12,10.038378238677979
3.815054494538117e-09,5.7212203724565924e-12,10.046111583709717
3.776464030380566e-09,6.109306203289089e-12,10.05500340461731
3.738296339150793e-09,5.6083436505982576e-12,10.062702178955078
3.7005312147897484e-09,5.933769534754996e-12,10.071716070175171
3.663086056704401e-09,5.564687599601825e-12,10.079390287399292
3.6261236235901606e-09,5.718458692682837e-12,10.088415145874023
3.5893994443370048e-09,5.559982162173238e-12,10.096072435379028
3.5532043973773852e-09,5.491756355224808e-12,10.10500717163086
3.5172078582945687e-09,5.5578571259151666e-12,10.1127450466156
3.4817404515052885e-09,5.276278546018087e-12,10.121711015701294
3.4464802123324034e-09,5.525060443878349e-12,10.129306316375732
3.411703142219835e-09,5.100139061076092e-12,10.138516664505005
3.3771845320273997e-09,5.4380415101529245e-12,10.14637303352356
3.343068932792903e-09,4.982095899025429e-12,10.155316352844238
3.309287066599609e-09,5.2960778124111485e-12,10.163210153579712
3.2758167289870244e-09,4.924825738189531e-12,10.171724796295166
3.242754953447502e-09,5.115795807808521e-12,10.179304838180542
3.2099247704309164e-09,4.9139442515055975e-12,10.188352823257446
3.1775548858803404e-09,4.9161247989149e-12,10.195964097976685
3.1453690763072473e-09,4.91595262760991e-12,10.204978466033936
3.1136568878764592e-09,4.720033825594827e-12,10.212584018707275
3.082123001263426e-09,4.898974455269656e-12,10.22164511680603
3.0510336479494526e-09,4.551595211843562e-12,10.229249238967896
3.0201572354116024e-09,4.836394305873792e-12,10.238354921340942
2.989662961638828e-09,4.429984157283684e-12,10.245960474014282
2.959443801131556e-09,4.724389716243005e-12,10.25486946105957
2.929526399242377e-09,4.364023031833142e-12,10.262472152709961
2.899952278312412e-09,4.5734839526634374e-12,10.271667718887329
2.870604198790261e-09,4.34471989635421e-12,10.27927041053772
2.8416533570663205e-09,4.398666327010137e-12,10.28830623626709
2.8128757101342217e-09,4.347615149835615e-12,10.296137571334839
2.7845190597730607e-09,4.222142600818213e-12,10.304998397827148
2.756318728813767e-09,4.340664546548245e-12,10.312609195709229
2.728524739481486e-09,4.06432743363383e-12,10.321616649627686
2.7009079417439352e-09,4.296554865362845e-12,10.329215288162231
2.673648413775709e-09,3.943411569506949e-12,10.338343143463135
2.6466167035721355e-09,4.209582335490403e-12,10.345941543579102
2.6198738733995697e-09,3.871318196568829e-12,10.354986429214478
2.5934194791688014e-09,4.083773250118661e-12,10.362586975097656
2.5671837988738844e-09,3.843412133691659e-12,10.371708869934082
2.541289401136737e-09,3.9346542517193495e-12,10.379308223724365
2.5155610927640737e-09,3.842457168418134e-12,10.388370752334595
2.4902020445694006e-09,3.7781032642680845e-12,10.396138906478882
2.4649846608326698e-09,3.8405611156588915e-12,10.405157566070557
2.44013387273867e-09,3.631220541269742e-12,10.412944793701172
2.4154338529314145e-09,3.813274349062645e-12,10.421756505966187
2.391065345719312e-09,3.5129245432724554e-12,10.429413080215454
2.366885132332186e-09,3.7487092423293955e-12,10.438511371612549
2.342980254255167e-09,3.4366877833119647e-12,10.44650912284851
2.319315406396072e-09,3.647919206289929e-12,10.455082654953003
2.295863277268495e-09,3.401710770706279e-12,10.462746381759644
2.2727011383949502e-09,3.520511790075509e-12,10.471673965454102
2.2496990936815564e-09,3.3961472956783867e-12,10.479429244995117
2.2270199018237236e-09,3.3819407777718746e-12,10.488404273986816
2.204470606059772e-09,3.3973423033129002e-12,10.496262788772583
2.182250158355714e-09,3.2473420653877927e-12,10.504857301712036
2.1601593847009326e-09,3.382704272941739e-12,10.512421369552612
2.138373922377923e-09,3.1340986663547232e-12,10.521520614624023
2.1167447794567806e-09,3.3359287554546313e-12,10.528712749481201
2.0953756507680055e-09,3.0550984918970014e-12,10.5378098487854
2.074205918134453e-09,3.25411702792322e-12,10.54508662223816
2.053241798805061e-09,3.012977020655505e-12,10.554134845733643
2.0325228167195064e-09,3.1479627932151644e-12,10.561251163482666
2.0119592658573993e-09,3.0018132077258564e-12,10.569966554641724
1.991675047108288e-09,3.0268595789528785e-12,10.57709789276123
1.9715125088026753e-09,3.003817030181044e-12,10.585710048675537
1.951642847330959e-09,2.905079172013658e-12,10.593222618103027
1.9318862065631492e-09,2.996757789835991e-12,10.602354764938354
1.9124088979083353e-09,2.7978487582291933e-12,10.610552549362183
1.8930621514812174e-09,2.9646027386448504e-12,10.619791269302368
1.873959654119517e-09,2.7182837144396066e-12,10.627425193786621
1.8550220248769733e-09,2.902201048926578e-12,10.63644027709961
1.836281793288208e-09,2.671290489156264e-12,10.644102573394775
1.8177476190928132e-09,2.8132004104702846e-12,10.654120683670044
1.7993639911395576e-09,2.655611841539951e-12,10.66128945350647
1.7812208374934357e-09,2.7089426622023405e-12,10.669959783554077
1.7631935911310848e-09,2.6559423063621246e-12,10.678164958953857
1.7454241385550517e-09,2.6006917973331323e-12,10.688394546508789
1.727756049341167e-09,2.65363534097951e-12,10.696389198303223
1.7103415350661066e-09,2.4998302039502818e-12,10.705307006835938
1.6930363777589719e-09,2.632972182295412e-12,10.713345289230347
1.675959260261095e-09,2.420639426750637e-12,10.721767663955688
1.6590183671283398e-09,2.585343614538993e-12,10.729254722595215
1.6422661008874684e-09,2.3711022294897743e-12,10.738271236419678
1.6256859192154138e-09,2.5124006607785132e-12,10.745744228363037
1.609251620848795e-09,2.3494296785830926e-12,10.754870176315308
1.5930226027194294e-09,2.4232061669737792e-12,10.762072801589966
1.5769046068925263e-09,2.3475006660778064e-12,10.771479368209839
1.561012652473437e-09,2.3270066429326164e-12,10.778712034225464
1.5452130686099963e-09,2.3477088328949236e-12,10.787381172180176
1.5296414135335112e-09,2.235670632996789e-12,10.794670581817627
1.5141636833249095e-09,2.3354835860384116e-12,10.803685903549194
1.4988961183348692e-09,2.1603103420725356e-12,10.810908317565918
1.4837420181379457e-09,2.3005701076800333e-12,10.819982767105103
1.4687663307810794e-09,2.107052813477006e-12,10.828606128692627
1.4539337511720873e-09,2.2428378598782217e-12,10.838301181793213
1.4392421698872226e-09,2.080649454810901e-12,10.846052408218384
1.4247246715726192e-09,2.1679680620168007e-12,10.855165243148804
1.410314531824497e-09,2.0747726453551607e-12,10.863155841827393
1.3961002354179186e-09,2.084805635418907e-12,10.87194275856018
1.381972536407261e-09,2.0752913276744778e-12,10.87962293624878
1.3680475641209e-09,2.00089662720504e-12,10.888350009918213
1.3542047483383612e-09,2.0700693763309186e-12,10.896159172058105
1.34055433420599e-09,1.927623425462821e-12,10.90516448020935
1.3269984000530144e-09,2.046057550816882e-12,10.912905931472778
1.3136106646882695e-09,1.873964742063472e-12,10.921756029129028
1.3003415011425545e-09,2.000895326162433e-12,10.929576873779297
1.2872078958281463e-09,1.8441405087027407e-12,10.938352108001709
1.2742208399529886e-09,1.9372756437235905e-12,10.946173429489136
1.261337478908331e-09,1.8350091411656333e-12,10.955010414123535
1.2486236489195335e-09,1.863879927135881e-12,10.962538003921509
1.2359908652115337e-09,1.835615860701356e-12,10.971596717834473
1.2235378266112207e-09,1.7893207531968769e-12,10.979310035705566
1.211157618641323e-09,1.8327125841238745e-12,10.98833680152893
1.1989523818201064e-09,1.7216136285677641e-12,10.996163368225098
1.1868269700343603e-09,1.816931587822479e-12,11.005162239074707
1.1748578776504814e-09,1.6688135248688063e-12,11.012941837310791
1.1629875951157942e-09,1.7817249411966607e-12,11.022148609161377
1.1512464315188708e-09,1.6361475976139905e-12,11.030137538909912
1.1396283916553784e-09,1.7307581149511586e-12,11.03865361213684
1.1281104939087072e-09,1.6231789133278052e-12,11.046414852142334
1.1167377023113545e-09,1.6685548342304513e-12,11.055691480636597
1.1054424042811206e-09,1.6220523188503755e-12,11.063621044158936
1.0943047579203835e-09,1.602416983825794e-12,11.073017120361328
1.083233280851914e-09,1.6221543422748064e-12,11.080764293670654
1.0723194554529414e-09,1.5394453290254462e-12,11.088864088058472
1.0614735757030758e-09,1.6122633826956556e-12,11.096604585647583
1.0507725800579237e-09,1.4880975141365327e-12,11.105098724365234
1.0401538519388964e-09,1.5866303496731016e-12,11.112920999526978
1.0296572483525779e-09,1.4533812521533296e-12,11.12150239944458
1.019263562440642e-09,1.5455912374603975e-12,11.129281044006348
1.0089665769541512e-09,1.4373357105218476e-12,11.138104915618896
9.987928262233936e-10,1.4927606676803928e-12,11.145915746688843
9.886936824798909e-10,1.433814330285832e-12,11.154891967773438
9.787318733245343e-10,1.4342829224647802e-12,11.162866353988647
9.68831126435532e-10,1.4346364807932277e-12,11.171305418014526
9.590712668483548e-10,1.3769516126263537e-12,11.179086685180664
9.493706931706924e-10,1.4292848588698392e-12,11.188084840774536
9.398027911444728e-10,1.3279232314450384e-12,11.195856094360352
9.3030372294578e-10,1.4111371576461251e-12,11.204378366470337
9.209196183412871e-10,1.2925715185685416e-12,11.21218228340149
9.116212784654465e-10,1.378478494545865e-12,11.221413373947144
9.024155867010109e-10,1.2737092196929423e-12,11.229133605957031
8.933144224343437e-10,1.3342667899360339e-12,11.23806881904602
8.842847565304623e-10,1.2678999560325477e-12,11.245887756347656
8.753742175571233e-10,1.2838118155361622e-12,11.25466537475586
8.665206885360988e-10,1.2686226852007265e-12,11.262385845184326
8.577924481834032e-10,1.2322906367198683e-12,11.271408557891846
8.491162217794113e-10,1.2664817111707194e-12,11.279191255569458
8.40561120707406e-10,1.1861653152756002e-12,11.287571668624878
8.320639177661349e-10,1.2538751504101442e-12,11.295244216918945
8.23674073391345e-10,1.1509427308778464e-12,11.304366111755371
8.153556163570386e-10,1.228838753843109e-12,11.312185049057007
8.071255885866435e-10,1.1294561206437459e-12,11.320938348770142
7.989833794574963e-10,1.1927324362545622e-12,11.328684091567993
7.909104482450857e-10,1.121825939434662e-12,11.337417125701904
7.829396575509406e-10,1.149045485496214e-12,11.345354080200195
7.750229347180948e-10,1.1214645748505725e-12,11.35427737236023
7.672164570315942e-10,1.1030882153886812e-12,11.362015724182129
7.594570528013378e-10,1.1211475541353377e-12,11.370593070983887
7.518069500278557e-10,1.0605413032147015e-12,11.378421783447266
7.442060856455157e-10,1.1135270223255889e-12,11.387609004974365
7.367048637796358e-10,1.0258561578338488e-12,11.395311117172241
7.292631498678759e-10,1.0944745543889356e-12,11.404004573822021
7.219051467721727e-10,1.0029677826109418e-12,11.411763906478882
7.146210290187582e-10,1.0647450802980796e-12,11.420871019363403
7.074031915799139e-10,9.930184929549113e-13,11.42859697341919
7.002728397154101e-10,1.027732803374204e-12,11.437662839889526
6.931940021992489e-10,9.914871658064928e-13,11.44543170928955
6.862116430639276e-10,9.87281328738987e-13,11.454330682754517
6.792723050708105e-10,9.920658045059483e-13,11.462075233459473
6.72431055281919e-10,9.482973217442292e-13,11.470954418182373
6.656323270348707e-10,9.876539690256703e-13,11.478817224502563
6.589252476985052e-10,9.152740414533622e-13,11.487995862960815
6.522679618647942e-10,9.740522190909706e-13,11.49579930305481
6.456895018658315e-10,8.922346910779366e-13,11.504910469055176
6.391728257781892e-10,9.506051544885818e-13,11.51280164718628
6.32719765469858e-10,8.79920214382629e-13,11.521530628204346
6.263407570372692e-10,9.195168498149497e-13,11.529401779174805
6.200114310850324e-10,8.765777817151821e-13,11.538095951080322
6.137657049265499e-10,8.844652983099055e-13,11.546014785766602
6.075601133304076e-10,8.77241638705395e-13,11.554827690124512
6.014416742416984e-10,8.491212290587247e-13,11.562814950942993
5.953607606912215e-10,8.753878698308792e-13,11.571622371673584
5.893633359121964e-10,8.178289317463394e-13,11.579577684402466
5.834079330746533e-10,8.662080384566617e-13,11.588094234466553
5.775263600682479e-10,7.942302414701286e-13,11.595746755599976
5.716962458990338e-10,8.47891472744583e-13,11.60496997833252
5.65926694395813e-10,7.804780042738879e-13,11.612760066986084
5.602199260046348e-10,8.221847139742999e-13,11.621488809585571
5.54560786181213e-10,7.755068288928246e-13,11.629426717758179
5.489736443209381e-10,7.91558225216038e-13,11.638453245162964
5.434244165769542e-10,7.756096112587763e-13,11.646454095840454
5.379520162662743e-10,7.600044725497579e-13,11.655308485031128
5.325133112243918e-10,7.749834302940573e-13,11.663433313369751
5.271503233927888e-10,7.306300746703909e-13,11.672277212142944
5.218228626979737e-10,7.689085913115123e-13,11.68059754371643
5.165640137860805e-10,7.074224561177955e-13,11.689218521118164
5.113481305052403e-10,7.553068955869213e-13,11.697181940078735
5.061898122882269e-10,6.926298185168378e-13,11.70622730255127
5.01084174153732e-10,7.342082671002448e-13,11.714295148849487
4.960243327190028e-10,6.861770266569645e-13,11.723317861557007
4.910261086621404e-10,7.083642483349251e-13,11.73151159286499
4.860640223647295e-10,6.853155196107075e-13,11.740134239196777
4.811692155826108e-10,6.803429889769286e-13,11.748556852340698
4.763051064671231e-10,6.855990384788124e-13,11.75701117515564
4.715089430007424e-10,6.535108825617142e-13,11.764856338500977
4.667435327121439e-10,6.8216303916388e-13,11.773254871368408
4.620413218692221e-10,6.310133080118796e-13,11.78101396560669
4.5737505449672256e-10,6.721590515082476e-13,11.789295196533203
4.527630770301272e-10,6.156418690811405e-13,11.796789169311523
4.481952586843363e-10,6.553943043656474e-13,11.80532431602478
4.4367118312571563e-10,6.079464189012729e-13,11.813108444213867
4.391997598940378e-10,6.335371138289914e-13,11.82153582572937
4.3476267030939653e-10,6.061007273329422e-13,11.829822540283203
4.3038422825603107e-10,6.091016363160562e-13,11.838317632675171
4.26034207912096e-10,6.064552614433449e-13,11.845864295959473
4.21744694723003e-10,5.847943657100174e-13,11.854662656784058
4.1748224322013527e-10,6.046231224021703e-13,11.86250615119934
4.132774400478212e-10,5.635552788318954e-13,11.871415615081787
4.091030014752306e-10,5.975866503027394e-13,11.879089832305908
4.04979327850441e-10,5.4786963811157e-13,11.887866973876953
4.00892652407947e-10,5.846122739551485e-13,11.895644664764404
3.9684772135117896e-10,5.390785474262971e-13,11.904789209365845
3.9284731023769837e-10,5.664921114666155e-13,11.912822008132935
3.888798449924735e-10,5.360635980250494e-13,11.921602010726929
3.849630614283228e-10,5.452495009314329e-13,11.929439306259155
3.810728677056119e-10,5.361946780677029e-13,11.938430309295654
3.7723632551056596e-10,5.23485497571502e-13,11.946436166763306
3.734238196440032e-10,5.355686055232012e-13,11.95515513420105
3.6966363303747585e-10,5.036188480134207e-13,11.963192224502563
3.659293146274223e-10,5.309618304923103e-13,11.971866369247437
3.6224212518476406e-10,4.880574026519535e-13,11.979913234710693
3.585859109644929e-10,5.210297254407137e-13,11.988539934158325
3.549692761950496e-10,4.783704899216645e-13,11.996424674987793
3.5139019471941424e-10,5.061638499830046e-13,12.005131721496582
3.478426990888295e-10,4.743685370726947e-13,12.013221025466919
3.4433875195638564e-10,4.880119203708178e-13,12.021506547927856
3.4085995137544955e-10,4.740649604643987e-13,12.030124187469482
3.374282797619088e-10,4.686229702899336e-13,12.038258075714111
3.340183407640751e-10,4.740382890909556e-13,12.046162366867065
3.306556140003636e-10,4.501575707246269e-13,12.054896354675293
3.2731506394156895e-10,4.712677730694947e-13,12.063513278961182
3.240180346253396e-10,4.3513798250391367e-13,12.072446584701538
3.207469845278865e-10,4.63920351786995e-13,12.080585956573486
3.1751326567963645e-10,4.2499817142112317e-13,12.089500665664673
3.1431110492086134e-10,4.519197245155676e-13,12.097419500350952
3.111391144727804e-10,4.20066081528378e-13,12.105863094329834
3.080043997627513e-10,4.36552324237921e-13,12.113560914993286
3.04893527092176e-10,4.190969403114475e-13,12.12220549583435
3.0182381594023866e-10,4.196130476506049e-13,12.130258560180664
2.987741165583202e-10,4.1939271066410155e-13,12.1387038230896
2.9576655014018627e-10,4.0283859689856094e-13,12.146552801132202
2.9277838486940766e-10,4.1792846852510557e-13,12.1552414894104
2.898301043607887e-10,3.883905187480191e-13,12.163222789764404
2.869036952457549e-10,4.1290582064590353e-13,12.172369003295898
2.8401225815599673e-10,3.7805400628608543e-13,12.180146932601929
2.811472998853759e-10,4.033606131395584e-13,12.188676834106445
2.7831109639109286e-10,3.7244374793445056e-13,12.196650981903076
2.7550653425301164e-10,3.904281954160427e-13,12.2054762840271
2.7272478719808646e-10,3.7064361996241857e-13,12.213221311569214
2.6997870605782737e-10,3.7556950279772627e-13,12.22197437286377
2.67251276664382e-10,3.708466910293251e-13,12.22974944114685
2.6456123403129084e-10,3.606001673477077e-13,12.238534688949585
2.618883998550814e-10,3.7025764398901373e-13,12.246251583099365
2.5925178670505034e-10,3.470750434015485e-13,12.255005121231079
2.5663379754625737e-10,3.668601067461502e-13,12.262573480606079
2.5404836567766154e-10,3.366534210690747e-13,12.271700859069824
2.514851105139826e-10,3.5953726974791156e-13,12.279304027557373
2.489491390811338e-10,3.303166659467116e-13,12.288422584533691
2.464398962676029e-10,3.490839887120012e-13,12.296016216278076
2.4395249709208144e-10,3.279162152317744e-13,12.305073738098145
2.414957955831909e-10,3.3620293506640697e-13,12.312735319137573
2.3905663559808943e-10,3.2787523238965444e-13,12.32176160812378
2.3665047699239494e-10,3.228281899615715e-13,12.329706907272339
2.3425972273116713e-10,3.278943414529445e-13,12.339029788970947
2.3190176168252918e-10,3.1020130041026217e-13,12.347013235092163
2.295597323342946e-10,3.256757114423331e-13,12.355674266815186
2.2724777615223957e-10,3.0010564346094615e-13,12.363633394241333
2.2495449947257384e-10,3.2024174436394437e-13,12.372339487075806
2.2268691057814038e-10,2.9337768108969597e-13,12.379992246627808
2.2044190084447024e-10,3.116984751902474e-13,12.388424634933472
2.182176661591484e-10,2.9034907074107497e-13,12.39566445350647
2.160198131484492e-10,3.0083227575694593e-13,12.404950141906738
2.1383851633860473e-10,2.898284097527931e-13,12.412580966949463
2.1168612696076394e-10,2.889994016666564e-13,12.421649694442749
2.095478374153359e-10,2.900183890784669e-13,12.428818702697754
2.0743888551333356e-10,2.7751512567987524e-13,12.43822455406189
2.0534382527692685e-10,2.8880776893266957e-13,12.445677042007446
2.0327634020489427e-10,2.677376549631294e-13,12.454928398132324
2.0122462029981136e-10,2.8492320807392557e-13,12.462514400482178
1.9919697835657502e-10,2.6086842104880437e-13,12.471646308898926
1.9718833510484757e-10,2.781354519528628e-13,12.479169130325317
1.9519946770074625e-10,2.5727526662897016e-13,12.488282918930054
1.932330823128936e-10,2.6910963149724687e-13,12.495460033416748
1.9128247596977843e-10,2.5630967617415457e-13,12.504609823226929
1.8935694678923198e-10,2.588343493530043e-13,12.512329339981079
1.8744454599595173e-10,2.5641107618233627e-13,12.521815776824951
1.8555820768817455e-10,2.4842459903431924e-13,12.529441833496094
1.8368413734481948e-10,2.5595077815000755e-13,12.538355827331543
1.8183517191960874e-10,2.3924257215070244e-13,12.545720100402832
1.7999962631520816e-10,2.534008701655932e-13,12.554909706115723
1.78186507215905e-10,2.3235024473010346e-13,12.562568426132202
1.7638931981700523e-10,2.48142272788604e-13,12.571688652038574
1.7461092294279723e-10,2.2819455201307515e-13,12.579305648803711
1.7285155251567375e-10,2.406422229452726e-13,12.588384866714478
1.7110726724389735e-10,2.2674641027634057e-13,12.595993518829346
1.6938464519888896e-10,2.317547195818115e-13,12.605026006698608
1.6767427724051487e-10,2.2677118429598186e-13,12.612600803375244
1.6598694640990175e-10,2.2249374922751058e-13,12.621602058410645
1.6431063454280803e-10,2.266707600697554e-13,12.628767728805542
1.6265699898099228e-10,2.139104458885946e-13,12.63785171508789
1.6101490973863264e-10,2.2499971991888496e-13,12.645389795303345
1.5939351227789444e-10,2.07104813984213e-13,12.654049158096313
1.5778559014911764e-10,2.2108863676449653e-13,12.661140441894531
1.5619533444422018e-10,2.0269810135919997e-13,12.670303106307983
1.5462116309539198e-10,2.1500077380335464e-13,12.678017377853394
1.5306138301252048e-10,2.0073101980513236e-13,12.687509775161743
1.5152019916531145e-10,2.0740623574069111e-13,12.695930480957031
1.4999061714870976e-10,2.004742807306878e-13,12.705040454864502
1.4848121343558063e-10,1.992780940263117e-13,12.713135480880737
1.4698184336303655e-10,2.005629684683971e-13,12.721750497817993
1.4550283200520653e-10,1.9140868360786878e-13,12.729365348815918
1.4403381265459814e-10,1.995992618148562e-13,12.73845887184143
1.4258384750664987e-10,1.8482368684558798e-13,12.746162414550781
1.411452343891284e-10,1.9676777297372022e-13,12.754944324493408
1.3972320522803727e-10,1.8020120443572318e-13,12.762508630752563
1.3831474854342218e-10,1.9197120835253573e-13,12.77161431312561
1.3691994760200998e-10,1.7788392557994276e-13,12.779396533966064
1.3554107836100115e-10,1.855681678198523e-13,12.788400411605835
1.341731586945727e-10,1.7735674582609884e-13,12.795998334884644
1.3282284994087235e-10,1.784313392568307e-13,12.804966688156128
1.31481783793852e-10,1.7741870798025638e-13,12.81262493133545
1.301588836710721e-10,1.712966655456269e-13,12.821587324142456
1.2884475431018672e-10,1.7697467298051495e-13,12.829174995422363
1.2754802769521234e-10,1.6503434090240493e-13,12.838501930236816
1.2626091838718878e-10,1.7501749832379843e-13,12.846155881881714
1.2498928281257093e-10,1.6037999650119622e-13,12.855011940002441
1.2372909641289453e-10,1.7121121686190788e-13,12.862845182418823
1.224818302336672e-10,1.5778399637192408e-13,12.871732473373413
1.2124810877534031e-10,1.6592237024430634e-13,12.879560232162476
1.2002480953565708e-10,1.5688883840073858e-13,12.888737440109253
1.1881677586256245e-10,1.5976881818403899e-13,12.8962984085083
1.1761736029569647e-10,1.5693376502826095e-13,12.904870986938477
1.1643400132932413e-10,1.5342776691056742e-13,12.912407398223877
1.1525850412974492e-10,1.5676696052402406e-13,12.921464920043945
1.1409871658596416e-10,1.4755708319710154e-13,12.928624153137207
1.1294722102039856e-10,1.5550580300446176e-13,12.937854290008545
1.1181003345406282e-10,1.4296054032421346e-13,12.945616722106934
1.1068249788914741e-10,1.5268045345812747e-13,12.95481252670288
1.0956716783860898e-10,1.4005341482901945e-13,12.961942911148071
1.0846328002411809e-10,1.4837983001569216e-13,12.97105622291565
1.0736934952237931e-10,1.3884683333631465e-13,12.978200435638428
1.0628852659122501e-10,1.4307259261873984e-13,12.987862348556519
1.0521581522704437e-10,1.3871473685412444e-13,12.995556354522705
1.041572314508521e-10,1.3736353634413723e-13,13.004950523376465
1.0310575310201742e-10,1.3877900293789852e-13,13.01278567314148
1.0206843009674671e-10,1.319609433661148e-13,13.021667957305908
1.0103827496887874e-10,1.3802655307766643e-13,13.029345750808716
1.0002128292274648e-10,1.2750686465869132e-13,13.038344383239746
9.901246489363302e-11,1.3592515242695502e-13,13.046070098876953
9.80150613449915e-11,1.2451571349512969e-13,13.054982423782349
9.702737918670934e-11,1.3242990146329625e-13,13.06259799003601
9.604909922966698e-11,1.2303144072099703e-13,13.07169771194458
9.508209497521847e-11,1.2796434376537158e-13,13.079442977905273
9.412270962627645e-11,1.2272469282134657e-13,13.088520526885986
9.3175703264059e-11,1.2297639035568908e-13,13.096194505691528
9.22351986454295e-11,1.228251306001002e-13,13.105000734329224
9.130734363038684e-11,1.181045821037341e-13,13.112683773040771
9.038577525322111e-11,1.2240047571419194e-13,13.121646404266357
8.947622504029695e-11,1.1386152979665776e-13,13.129163980484009
8.857362759906451e-11,1.208988286002452e-13,13.138385534286499
8.768168135997456e-11,1.1081011054483308e-13,13.14608383178711
8.679795077126684e-11,1.181731849961981e-13,13.15498399734497
8.592310890565003e-11,1.0911716273381486e-13,13.162596464157104
8.505789128587793e-11,1.1444690410210984e-13,13.171671390533447
8.41999039935537e-11,1.0854849191808263e-13,13.179410219192505
8.335265117009882e-11,1.1015142384373025e-13,13.188419580459595
8.251144212323425e-11,1.0859071481643737e-13,13.196029901504517
8.168145326781229e-11,1.0574160768999849e-13,13.204999923706055
8.085706409977078e-11,1.084394821659028e-13,13.21274995803833
8.004357593405231e-11,1.0173346811238188e-13,13.221769332885742
7.923602746151559e-11,1.0746940582459855e-13,13.229480743408203
7.843836691279193e-11,9.866057488127841e-14,13.238367080688477
7.764763138018438e-11,1.0538890994702538e-13,13.246010065078735
7.686530578698836e-11,9.678377348686096e-14,13.254970788955688
7.609113339412943e-11,1.0231662657964394e-13,13.262588500976562
7.532383744512927e-11,9.602882996163215e-14,13.2716383934021
7.456580491949083e-11,9.860907527808535e-14,13.279293060302734
7.381342759238407e-11,9.600329700047011e-14,13.28834056854248
7.307094512798429e-11,9.468746858636024e-14,13.29600715637207
7.233350030055874e-11,9.598749475380614e-14,13.304992198944092
7.160588788579503e-11,9.10083437105115e-14,13.312642335891724
7.088341719141411e-11,9.542226627997155e-14,13.32157850265503
7.017004338694122e-11,8.800401271429059e-14,13.329209566116333
6.946253988671103e-11,9.386264145485115e-14,13.338360786437988
6.876291203106177e-11,8.602713945935272e-14,13.346038341522217
6.807021613042252e-11,9.138183103014202e-14,13.354949235916138
6.738402197337123e-11,8.50578288358328e-14,13.362606048583984
6.670579366652163e-11,8.824771425761102e-14,13.371599435806274
6.603288749129632e-11,8.491361639436507e-14,13.379243850708008
6.5368647994557e-11,8.479207733082944e-14,13.38831377029419
6.470900204558205e-11,8.495320332618794e-14,13.395928382873535
6.405816155297117e-11,8.144393227318622e-14,13.404994249343872
6.341182440250392e-11,8.462270462269647e-14,13.412663221359253
6.277380004693356e-11,7.855902614626459e-14,13.421640634536743
6.2140771694974e-11,8.353354900153542e-14,13.429325580596924
6.15150985705526e-11,7.650388704700042e-14,13.438353776931763
6.089528881147999e-11,8.158123970206793e-14,13.446020603179932
6.028162691240624e-11,7.54067015534994e-14,13.45496916770935
5.967477206825222e-11,7.895447533615152e-14,13.462626934051514
5.907296179996635e-11,7.507486114981948e-14,13.471632719039917
5.847868023156622e-11,7.596061366715867e-14,13.47931981086731
5.788866261347003e-11,7.510763116048286e-14,13.488343238830566
5.7306454720462696e-11,7.289856245778006e-14,13.496063947677612
5.672824363034401e-11,7.49739151512975e-14,13.50494647026062
5.615759246513363e-11,7.017125189289278e-14,13.512628316879272
5.559121912801501e-11,7.424905146009159e-14,13.521613121032715
5.503166325415698e-11,6.809913147710206e-14,13.529253721237183
5.4477068689440244e-11,7.273571529147274e-14,13.538307905197144
5.392827157058022e-11,6.689099822003788e-14,13.546006917953491
5.338528577536472e-11,7.058230004153634e-14,13.554962396621704
5.2847049653026446e-11,6.642349701952571e-14,13.562642812728882
5.231534996874565e-11,6.799296097936142e-14,13.571588516235352
5.1787608923437034e-11,6.644058675626952e-14,13.579248428344727
5.126678248590366e-11,6.528751741704045e-14,13.58825159072876
5.07495295787308e-11,6.641562977751161e-14,13.595913410186768
5.023911148205329e-11,6.274227150196779e-14,13.604995250701904
4.9732384876932656e-11,6.593805904932248e-14,13.612675428390503
4.923194144024201e-11,6.074937915993145e-14,13.621703624725342
4.873571685104494e-11,6.481033971213884e-14,13.629377603530884
4.824491153798682e-11,5.943399797921772e-14,13.638346433639526
4.775905712572914e-11,6.305450139885288e-14,13.646040439605713
4.727769564727424e-11,5.885073109173841e-14,13.654909610748291
4.680196508122236e-11,6.08586328576001e-14,13.662448644638062
4.6329946823409074e-11,5.877283116564533e-14,13.671627759933472
4.5864000097761704e-11,5.847187697135409e-14,13.679199934005737
4.540129383556746e-11,5.881320414404326e-14,13.688316583633423
4.4944735433372074e-11,5.6147798135073104e-14,13.695982694625854
4.449137933071334e-11,5.856929931281549e-14,13.705043077468872
4.4043796387782663e-11,5.419149761635815e-14,13.712733745574951
4.3599783505765544e-11,5.773235622202888e-14,13.721660137176514
4.316084642463913e-11,5.284537591592267e-14,13.72932767868042
4.2726107374324584e-11,5.631812290823879e-14,13.73832082748413
4.229560451873837e-11,5.2151012187081486e-14,13.746004819869995
4.1869941541650135e-11,5.4455344991296076e-14,13.754972696304321
4.144776535874861e-11,5.19639059971648e-14,13.762623071670532
4.103089742968358e-11,5.236387156672649e-14,13.771657705307007
4.061701322499722e-11,5.200714194692445e-14,13.77932596206665
4.020858992981324e-11,5.0281854417980054e-14,13.788318634033203
3.9803011581129866e-11,5.188723257477934e-14,13.795995235443115
3.940267209734394e-11,4.84378467511485e-14,13.805054187774658
3.900540307411049e-11,5.1334638444386e-14,13.812744379043579
3.861284209039084e-11,4.706217037711742e-14,13.821682691574097
3.8223833820349995e-11,5.0246451828916613e-14,13.829428672790527
3.783882582264475e-11,4.626329633511221e-14,13.840168476104736
3.745794646681233e-11,4.871288173725376e-14,13.849853277206421
3.708036308558427e-11,4.600180709989944e-14,13.860272884368896
3.6707383660461446e-11,4.690241996326526e-14,13.870276689529419
3.6337172854006283e-11,4.6007936230305774e-14,13.877684831619263
3.597179498715519e-11,4.502068206083121e-14,13.886756896972656
3.5608963694366835e-11,4.597253702937412e-14,13.894104957580566
3.52508751355618e-11,4.330982458517624e-14,13.903708934783936
3.489543029533415e-11,4.561042705629112e-14,13.911107778549194
3.45443326721373e-11,4.194489875331171e-14,13.920816659927368
3.419625346778865e-11,4.478907953612936e-14,13.928600549697876
3.385192473559506e-11,4.1094481062400184e-14,13.937637567520142
3.35111105531638e-11,4.352797622667569e-14,13.945250511169434
3.3173408464648446e-11,4.072659432461691e-14,13.954573392868042
3.283968930123393e-11,4.199678460352872e-14,13.962381601333618
3.250855487579862e-11,4.068059027118563e-14,13.971614837646484
3.218167399232641e-11,4.033726071260915e-14,13.978807926177979
3.185709682163029e-11,4.0693888688457525e-14,13.988347053527832
3.1536780131791176e-11,3.875807620267076e-14,13.996110916137695
3.121877062417511e-11,4.048608440144173e-14,14.005060195922852
3.090474057221293e-11,3.742642521310617e-14,14.012255907058716
3.0593288319336054e-11,3.987654932820217e-14,14.021565198898315
3.028533326898675e-11,3.6524145388900156e-14,14.030476331710815
2.9980368881910024e-11,3.88795475035706e-14,14.039150953292847
2.9678339646954655e-11,3.608141820802928e-14,14.046948432922363
2.937973128669391e-11,3.7571338997854226e-14,14.055190324783325
2.9083555008746487e-11,3.5981217598500884e-14,14.06306505203247
2.879110144737851e-11,3.611857923749122e-14,14.071568489074707
2.850075210558689e-11,3.602005575319839e-14,14.079594612121582
2.8214210481825042e-11,3.4676390448309946e-14,14.088188648223877
2.7929698484530086e-11,3.5910043114009e-14,14.096730470657349
2.764881726347035e-11,3.342803329064656e-14,14.106101751327515
2.7370139141225103e-11,3.5480261984703956e-14,14.114033222198486
2.709471015605036e-11,3.250305637158592e-14,14.12234354019165
2.6821826010214878e-11,3.4693425974945125e-14,14.130313158035278
2.655170354415315e-11,3.199702194823725e-14,14.138322353363037
2.6284507556595393e-11,3.360742131634786e-14,14.14563798904419
2.601960487347288e-11,3.1822851645491035e-14,14.155066013336182
2.575793744963306e-11,3.234476963066661e-14,14.162877559661865
2.5498219854980242e-11,3.1835164116412323e-14,14.171824932098389
2.5241872828041245e-11,3.1057174518754616e-14,14.179528951644897
2.498734032185812e-11,3.180005290668274e-14,14.188445091247559
2.4736096851385447e-11,2.9882641364642124e-14,14.19614315032959
2.4486751168395493e-11,3.1530686265060504e-14,14.205231666564941
2.424041002646593e-11,2.897373774278858e-14,14.212961912155151
2.3996226880540483e-11,3.0934307307557696e-14,14.221880435943604
2.3754638880935097e-11,2.840449433278401e-14,14.229462385177612
2.3515547148411642e-11,3.004877501878479e-14,14.23847246170044
2.3278615146615778e-11,2.817258687622115e-14,14.246018409729004
2.3044486457957092e-11,2.897465931463519e-14,14.255016565322876
2.2812172290054278e-11,2.816426393048143e-14,14.262576818466187
2.2582831438189288e-11,2.7824085334468736e-14,14.271795749664307
2.235512469583867e-11,2.8162244603935176e-14,14.279576778411865
2.2130380861185017e-11,2.6740743747457642e-14,14.288646936416626
2.1907283279110068e-11,2.7993486841721912e-14,14.296468257904053
2.1686950846255826e-11,2.5844523596956284e-14,14.30547285079956
2.1468453750839167e-11,2.7556306032589656e-14,14.313411951065063
2.1252381798841924e-11,2.5246769057947135e-14,14.322444200515747
2.1038434883102752e-11,2.684962136249771e-14,14.330796480178833
2.0826524532724378e-11,2.4965986106261807e-14,14.34018063545227
2.0617028917424562e-11,2.5937405841820402e-14,14.347826957702637
2.0409229861684253e-11,2.4905953493158106e-14,14.35669994354248
2.0204043299498764e-11,2.4932650277589667e-14,14.364301681518555
2.0000339925885235e-11,2.4927878093964836e-14,14.37314248085022
1.979929067918995e-11,2.3936668280626593e-14,14.380889892578125
1.9599688191873632e-11,2.483735568289177e-14,14.389498949050903
1.9402606257767907e-11,2.3085920246865635e-14,14.397133827209473
1.920709945257837e-11,2.4530485810496903e-14,14.405920505523682
1.9013842583737173e-11,2.24771170100925e-14,14.413703441619873
1.8822398500928372e-11,2.3969880442488434e-14,14.423286199569702
1.8632866083390098e-11,2.2141495451336035e-14,14.431059837341309
1.844540492568214e-11,2.3208452033015442e-14,14.439979791641235
1.8259541448295558e-11,2.2043234547256853e-14,14.447861433029175
1.8075950458662504e-11,2.2334273373867536e-14,14.456785202026367
1.7893729900575472e-11,2.2055086232254835e-14,14.464399576187134
1.7713866831692293e-11,2.144111609450345e-14,14.472730875015259
1.753529092762829e-11,2.2020063113951764e-14,14.480176448822021
1.7359001389105622e-11,2.0643802287187082e-14,14.488517999649048
1.7184066669617692e-11,2.1814788067316473e-14,14.496330738067627
1.7011213618300935e-11,2.0027179242244897e-14,14.504857540130615
1.6839901001430846e-11,2.1382386218072626e-14,14.512173652648926
1.6670383823358392e-11,1.965798807372285e-14,14.521409511566162
1.650263779795491e-11,2.076019477853519e-14,14.52898383140564
1.6336394043081626e-11,1.951830725852293e-14,14.538254499435425
1.6172122668800526e-11,2.000486161815064e-14,14.546006917953491
1.6009122846827317e-11,1.950952183279401e-14,14.555298328399658
1.5848206427748757e-11,1.9207593550613425e-14,14.562535762786865
1.5688445334505197e-11,1.950813947502409e-14,14.571898460388184
1.5530746827474573e-11,1.8463971467757613e-14,14.579581022262573
1.5374222728237186e-11,1.937779465696881e-14,14.58840036392212
1.5219615498440753e-11,1.7858635983870538e-14,14.596149921417236
1.5066317984868682e-11,1.9057502700491752e-14,14.605000257492065
1.4914701418344833e-11,1.74570187000617e-14,14.612693071365356
1.4764594061245084e-11,1.8550399321563653e-14,14.621889352798462
1.4615902238501732e-11,1.7280583431214525e-14,14.629561424255371
1.4468912179488314e-11,1.7908336489083632e-14,14.638131141662598
1.4323108671332463e-11,1.7247047702766832e-14,14.645840167999268
1.4179135296443768e-11,1.720877706014399e-14,14.655068159103394
1.4036212296619777e-11,1.725869440579158e-14,14.66298532485962
1.3895135909935963e-11,1.6525290928411443e-14,14.671925783157349
1.3755091683720355e-11,1.7190774221883046e-14,14.679630517959595
1.3616797793492008e-11,1.5943157371015558e-14,14.688396215438843
1.3479626269352618e-11,1.6958475436098554e-14,14.696102619171143
1.3344015128979869e-11,1.55358700486578e-14,14.705118179321289
1.3209693755511509e-11,1.655318880556221e-14,14.712770462036133
1.3076696843417057e-11,1.5320206989957383e-14,14.721861124038696
1.294516837474502e-11,1.6020044245703725e-14,14.729653120040894
1.281474926173587e-11,1.5260633468711093e-14,14.738485097885132
1.2685930431133308e-11,1.541069213158077e-14,14.746463775634766
1.2558074372059913e-11,1.5269557807843365e-14,14.755177736282349
1.2431862830841744e-11,1.4793027236113462e-14,14.762979507446289
1.2306565488895416e-11,1.524320491878839e-14,14.771889686584473
1.218285802101482e-11,1.424615396624588e-14,14.77962327003479
1.2060119396195557e-11,1.5086590220906963e-14,14.788431406021118
1.193882232658483e-11,1.3839144470694821e-14,14.796088695526123
1.1818624204296135e-11,1.4772532426921697e-14,14.805140018463135
1.169966814401624e-11,1.3596636396797073e-14,14.813162088394165
1.1581971492979903e-11,1.433115033437106e-14,14.822314739227295
1.1465315676029153e-11,1.350949364718355e-14,14.830300092697144
1.135004937258266e-11,1.3807180835397233e-14,14.839048385620117
1.1235675584364557e-11,1.351326972006241e-14,14.847075700759888
1.1122758096504537e-11,1.3258529643373363e-14,14.855722427368164
1.1010659398125178e-11,1.3505663364196067e-14,14.863455533981323
1.089999618342219e-11,1.2747858561671429e-14,14.87234091758728
1.0790172574881574e-11,1.340919308776738e-14,14.880314111709595
1.0681675162438342e-11,1.2340245978661925e-14,14.888726472854614
1.0574116235395614e-11,1.317470641588013e-14,14.896667242050171
1.0467717838358315e-11,1.2077955450281053e-14,14.905353546142578
1.0362394102514383e-11,1.2811818019518601e-14,14.913022756576538
1.0258051352796116e-11,1.1962997832745594e-14,14.921927213668823
1.0154909899084963e-11,1.236549772488547e-14,14.929842472076416
1.0052599377918803e-11,1.1946969428284701e-14,14.938410997390747
9.951569082677914e-12,1.1877360260679343e-14,14.946227312088013
9.85128211644648e-12,1.1952096518714431e-14,14.955044269561768
9.752282315034222e-12,1.1409437237759439e-14,14.962753057479858
9.654018036375778e-12,1.1896530310341602e-14,14.971739292144775
9.55696719678878e-12,1.101506377971552e-14,14.979437112808228
9.460719534171158e-12,1.1728452715584984e-14,14.988341331481934
9.365551736917332e-12,1.0741443338632174e-14,14.996029376983643
9.27130074102056e-12,1.144481187473562e-14,15.004987716674805
9.177970883289532e-12,1.0600945136638156e-14,15.012707710266113
9.085676655473662e-12,1.1066543054117847e-14,15.021734714508057
8.994157849051554e-12,1.0567089229736402e-14,15.029430627822876
8.903760541356665e-12,1.0642192253037652e-14,15.038376569747925
8.81404237790262e-12,1.057588820799248e-14,15.046140432357788
8.725472601389672e-12,1.0217328997024367e-14,15.05502438545227
8.637553346180216e-12,1.055264308282098e-14,15.062750816345215
8.550738242463218e-12,9.843360562679804e-15,15.071730136871338
8.464614426051398e-12,1.0436000716753432e-14,15.079461812973022
8.379488943000002e-12,9.565843770039089e-15,15.088370084762573
8.29514668759801e-12,1.021245686351176e-14,15.0960214138031
8.211667457125316e-12,9.405292063018825e-15,15.104986190795898
8.12907727243406e-12,9.89563943618434e-15,15.11266303062439
8.0472130695175e-12,9.353818717847129e-15,15.121697187423706
7.966327250641392e-12,9.529229923861075e-15,15.12936520576477
7.886067666940111e-12,9.356266643064694e-15,15.138323545455933
7.806824631195752e-12,9.148835050545694e-15,15.14604926109314
7.728163595177584e-12,9.347847982601933e-15,15.154963254928589
7.65050089251984e-12,8.799732962433676e-15,15.162930250167847
7.573437536823047e-12,9.275123427816574e-15,15.171791553497314
7.497294451930259e-12,8.524620896330215e-15,15.179472208023071
7.42182010293746e-12,9.104458147406094e-15,15.188348293304443
7.347148930914038e-12,8.351993887613894e-15,15.196038722991943
7.273242338262653e-12,8.848949811833887e-15,15.205039739608765
7.200015757213851e-12,8.279265097663798e-15,15.212750673294067
7.127637022263933e-12,8.533113248659387e-15,15.2216796875
7.055838552316729e-12,8.274253203714894e-15,15.229366302490234
6.98493910281095e-12,8.196696325965449e-15,15.23833966255188
6.914563539794916e-12,8.277794648467365e-15,15.246008157730103
6.8450852624968306e-12,7.87511518534267e-15,15.255008697509766
6.7761308716884905e-12,8.233261044232523e-15,15.26267385482788
6.708018689127737e-12,7.610048929993646e-15,15.272860765457153
6.640480700037532e-12,8.1099008598603e-15,15.282344102859497
6.573690376765473e-12,7.427496389201399e-15,15.29218053817749
6.507551875839512e-12,7.905254311671873e-15,15.30242919921875
6.44205218683358e-12,7.336702080552263e-15,15.310640335083008
6.37728455113451e-12,7.639710329740597e-15,15.32102656364441
6.313057281798207e-12,7.31856964625039e-15,15.329264402389526
6.249618877962604e-12,7.342766836454604e-15,15.339127540588379
6.186658390444633e-12,7.32259559384869e-15,15.347073793411255
6.124498477810825e-12,7.050667101077485e-15,15.355629920959473
6.0628017363451026e-12,7.30194831872642e-15,15.363160848617554
6.001872176336631e-12,6.796756693160273e-15,15.371785163879395
5.941436578837944e-12,7.215325647342511e-15,15.37941575050354
5.881693136006172e-12,6.611022696618139e-15,15.388299703598022
5.822506539410188e-12,7.05716087916761e-15,15.396001815795898
5.7639184224134166e-12,6.509017059879146e-15,15.404982089996338
5.7059600100384245e-12,6.833823278448595e-15,15.412569284439087
5.6485068358758106e-12,6.4769568628255704e-15,15.421527624130249
5.5917419132522905e-12,6.57867832001076e-15,15.428655862808228
5.5354163093490616e-12,6.4811187592119044e-15,15.437426090240479
5.479802809432721e-12,6.317371620398124e-15,15.444674968719482
5.424601306341925e-12,6.471808596572159e-15,15.453582525253296
5.37009369264152e-12,6.078607855643714e-15,15.460742235183716
5.31601498932055e-12,6.415336486462241e-15,15.469075679779053
5.2625729295152635e-12,5.894893185647834e-15,15.477282524108887
5.2096092197084776e-12,6.291584972868388e-15,15.486445188522339
5.157201488775742e-12,5.779533227462429e-15,15.494037866592407
5.10533585892925e-12,6.1119474959641165e-15,15.503608226776123
5.053942941229961e-12,5.7353977287127964e-15,15.51121211051941
5.003148503129884e-12,5.891875207256767e-15,15.520671844482422
4.952759556642317e-12,5.731805038467017e-15,15.528248071670532
4.903000314776529e-12,5.659369321916671e-15,15.537858009338379
4.853611436372862e-12,5.732939215583391e-15,15.545425415039062
4.804847492101416e-12,5.439975930116546e-15,15.554969072341919
4.756458248100781e-12,5.699195117030674e-15,15.562525749206543
4.708652304868943e-12,5.259254674556263e-15,15.571731328964233
4.661256190058305e-12,5.60969126307668e-15,15.579319715499878
4.614377890205246e-12,5.139412641530462e-15,15.588367223739624
4.56796362888201e-12,5.462767892661265e-15,15.596074104309082
4.521992155726018e-12,5.083063351197896e-15,15.60505723953247
4.4765376301658666e-12,5.275626974393741e-15,15.612718343734741
4.431461708004347e-12,5.072999329235094e-15,15.621507167816162
4.3869378615890575e-12,5.0698136383204705e-15,15.62909483909607
4.342751852570714e-12,5.0768266476072625e-15,15.638057708740234
4.2991244245116356e-12,4.86879577927808e-15,15.64568543434143
4.2558261602321235e-12,5.058668802316972e-15,15.65502142906189
4.213060889740605e-12,4.6966134628590676e-15,15.662584781646729
4.170647334433841e-12,4.99335959746835e-15,15.671783685684204
4.128714297529923e-12,4.5740249255017944e-15,15.679584741592407
4.087178078621134e-12,4.878102130269563e-15,15.688745021820068
4.046056024942235e-12,4.5070369013517145e-15,15.696625232696533
4.005380228877531e-12,4.722651255657665e-15,15.7052161693573
3.965057015359319e-12,4.487920214765132e-15,15.713167428970337
3.925216922329167e-12,4.544524462014822e-15,15.721992492675781
3.885685610077738e-12,4.491849177090971e-15,15.729575395584106
3.846652163463915e-12,4.3624437185741955e-15,15.738542318344116
3.807911017755794e-12,4.485038608678573e-15,15.746269702911377
3.7696529925357325e-12,4.199570294245508e-15,15.755166053771973
3.731699844966574e-12,4.440247082911292e-15,15.762819051742554
3.6941890518837894e-12,4.074648181118549e-15,15.771801948547363
3.657018698283165e-12,4.3514187377327335e-15,15.779327154159546
3.6202341038155117e-12,4.002757530269761e-15,15.788536787033081
3.5838339674382214e-12,4.2226235664544545e-15,15.79615330696106
3.547762344319194e-12,3.9740431133578405e-15,15.80504822731018
3.5121120421643948e-12,4.068648646753147e-15,15.812746524810791
3.4767466683405246e-12,3.973684818421152e-15,15.82176160812378
3.4418214805986835e-12,3.9072947995318335e-15,15.829362392425537
3.4071588866230185e-12,3.9725061720750476e-15,15.838505744934082
3.3729317082398236e-12,3.757710051596145e-15,15.846332788467407
3.3389705930697566e-12,3.9448746867861914e-15,15.855078220367432
3.3054147526717648e-12,3.636478461020373e-15,15.862715721130371
3.2721514300199095e-12,3.878537183939603e-15,15.871780395507812
3.239246978287147e-12,3.557404970778869e-15,15.879781246185303
3.2066719071743854e-12,3.774625299552813e-15,15.888592004776001
3.1744045326381753e-12,3.5207070565808395e-15,15.896168231964111
3.1425023173936584e-12,3.643356368552078e-15,15.905203580856323
3.110864213798359e-12,3.514745426939827e-15,15.912874460220337
3.0796136040595057e-12,3.5029384229298124e-15,15.921808958053589
3.0486015187985993e-12,3.516127572951509e-15,15.929361820220947
3.0179788789580497e-12,3.3651331504333526e-15,15.93851613998413
2.987590860467626e-12,3.502349311514997e-15,15.946346044540405
2.9575723380775853e-12,3.2471162616506477e-15,15.955151319503784
2.927805567431996e-12,3.455120024925518e-15,15.962706089019775
2.8983712131724904e-12,3.1639683311746134e-15,15.971733093261719
2.8692194019991346e-12,3.3732936776054373e-15,15.979313373565674
2.840355121241922e-12,3.121476499859128e-15,15.988471269607544
2.8118061264764682e-12,3.2628259699651364e-15,15.996201276779175
2.783503028763734e-12,3.10993355837042e-15,16.00514793395996
2.755539720011857e-12,3.1384717924293117e-15,16.012760400772095
2.7277939022157804e-12,3.1120316589807687e-15,16.021763563156128
2.7003952459553338e-12,3.0128064078911374e-15,16.029574394226074
2.6732047565120043e-12,3.1055003996827276e-15,16.03843641281128
2.646349719220842e-12,2.9017049078480534e-15,16.04618811607361
2.6197123897259145e-12,3.0742535660167533e-15,16.055116415023804
2.593382106286235e-12,2.8183704183653863e-15,16.062738180160522
2.56729359993102e-12,3.010031739714169e-15,16.071751356124878
2.541473542033712e-12,2.769707104996206e-15,16.07942509651184
2.51592475151996e-12,2.9191614098580173e-15,16.088507175445557
2.4906055950263406e-12,2.753215161754928e-15,16.096141576766968
2.465582642566244e-12,2.81132246896952e-15,16.105160236358643
2.440759616986754e-12,2.753773991741879e-15,16.11289405822754
2.4162449385051188e-12,2.699199023675574e-15,16.121824741363525
2.3919160922758476e-12,2.752429962212823e-15,16.129375219345093
2.3678901721335688e-12,2.595736490267303e-15,16.13843059539795
2.3440537705310405e-12,2.7313337596285075e-15,16.14611005783081
2.3204992614933584e-12,2.5136712796560963e-15,16.155014276504517
2.2971524855919245e-12,2.6832606164653265e-15,16.162665605545044
2.274055293030597e-12,2.4613089734062564e-15,16.171704053878784
2.251191420776788e-12,2.609336239510181e-15,16.17935276031494
2.2285413531913933e-12,2.4385807500908185e-15,16.188421487808228
2.2061491088826157e-12,2.5174287178101164e-15,16.196027994155884
2.183941829464464e-12,2.4360464275126337e-15,16.2050518989563
2.162006034270303e-12,2.4192925393324172e-15,16.212846279144287
2.1402385072533114e-12,2.4371986040791363e-15,16.221758127212524
2.118742681300745e-12,2.323996250568625e-15,16.22942090034485
2.097413822482741e-12,2.4248590281035357e-15,16.23832392692566
2.0763414858987472e-12,2.244906454942886e-15,16.247230052947998
2.0554489100349516e-12,2.3904951131916655e-15,16.255706787109375
2.0347868355530263e-12,2.1901226932550828e-15,16.2632794380188
2.014325338473011e-12,2.3314035536923638e-15,16.27179265022278
1.9940637682736018e-12,2.1618527568822337e-15,16.27961254119873
1.974024893200421e-12,2.2546437339462846e-15,16.288578271865845
1.9541577557513623e-12,2.155373378352212e-15,16.296217679977417
1.9345293596206847e-12,2.167695590152394e-15,16.30515456199646
1.9150538359963276e-12,2.1570632090819842e-15,16.3128502368927
1.8958209568181728e-12,2.082035783471277e-15,16.321788549423218
1.876735962816345e-12,2.151860097445238e-15,16.32932186126709
1.857883855441167e-12,2.0062165938131236e-15,16.338419675827026
1.839187439497958e-12,2.127951745476038e-15,16.34623622894287
1.820703527180556e-12,1.950663090934503e-15,16.355086088180542
1.8023922198490139e-12,2.0821543680838925e-15,16.362922430038452
1.784266853190053e-12,1.918362971798618e-15,16.371774673461914
1.7663339324167082e-12,2.017707866292049e-15,16.379472732543945
1.7485603893627188e-12,1.9087684178468317e-15,16.38841676712036
1.730995988907802e-12,1.942094929156552e-15,16.396172285079956
1.7135714505331356e-12,1.9099559580388822e-15,16.405157566070557
1.6963629936514457e-12,1.864564732944945e-15,16.412898063659668
1.6792858336528438e-12,1.9090324803681382e-15,16.421798706054688
1.662419876237442e-12,1.7939939711862163e-15,16.429378986358643
1.6456887935722975e-12,1.8919734485686734e-15,16.438508987426758
1.6291533009790693e-12,1.7386847314337602e-15,16.446253538131714
1.6127662356632544e-12,1.8565949999442295e-15,16.455124139785767
1.5965517753332992e-12,1.7047550267864763e-15,16.463021278381348
1.5805029810952997e-12,1.8035349503040888e-15,16.472076416015625
1.5646031562357998e-12,1.6903402200901026e-15,16.47989511489868
1.548884826819974e-12,1.7396058797638993e-15,16.488865852355957
1.5332960595637601e-12,1.6886598126018685e-15,16.496859312057495
1.5178975697888175e-12,1.6709764116411589e-15,16.505386114120483
1.5026181254124138e-12,1.6894572941217084e-15,16.513253688812256
1.487527982735326e-12,1.6059104111275173e-15,16.52228283882141
1.4725564517759082e-12,1.6796546877022528e-15,16.530003786087036
1.4577634889142987e-12,1.5519054962347145e-15,16.538886070251465
1.4430983534888253e-12,1.654166725165542e-15,16.546509265899658
1.4285932463040107e-12,1.5157253309256943e-15,16.555246829986572
1.414230711704878e-12,1.6120001545018021e-15,16.562886476516724
1.4000068465636062e-12,1.497839277332354e-15,16.572022199630737
1.3859405159979965e-12,1.5578089982397217e-15,16.57982301712036
1.3719939897724465e-12,1.4943048206016987e-15,16.588539123535156
1.3582150812027627e-12,1.4976458361830249e-15,16.596224069595337
1.3445438339088067e-12,1.4954327508500862e-15,16.60504674911499
1.331042372675062e-12,1.4380894673539173e-15,16.61274743080139
1.3176454285307448e-12,1.4906238271711683e-15,16.621881246566772
1.3044110062920833e-12,1.386619298555773e-15,16.629501342773438
1.2912871726750152e-12,1.472719774127699e-15,16.63842487335205
1.2783110073938397e-12,1.3493709188211467e-15,16.646393537521362
1.265457356958155e-12,1.4395342938036963e-15,16.655115842819214
1.2527329434214307e-12,1.328831958037006e-15,16.662797212600708
1.2401445972573533e-12,1.3949122805049846e-15,16.671778917312622
1.2276677070766073e-12,1.3227570377392982e-15,16.679686069488525
1.2153374010295814e-12,1.3423980377202309e-15,16.68848443031311
1.2031057573802517e-12,1.323386594977345e-15,16.696200370788574
1.1910251430935492e-12,1.2887877343017301e-15,16.705049514770508
1.1790374449330288e-12,1.3221402918745786e-15,16.713415145874023
1.1671969814275318e-12,1.2406001358115514e-15,16.722126007080078
1.155452578234517e-12,1.310407720884804e-15,16.729785442352295
1.1438440255737148e-12,1.2029646620200299e-15,16.739046812057495
1.1323407489438608e-12,1.2853528039423771e-15,16.746813535690308
1.1209576019147183e-12,1.1801102307954512e-15,16.755178928375244
1.1096917655606386e-12,1.248050849373837e-15,16.762784719467163
1.0985296873544659e-12,1.1711060588079011e-15,16.77174687385559
1.0874955450046464e-12,1.2029539682290708e-15,16.77955389022827
1.0765520419564467e-12,1.1704176327800202e-15,16.78850769996643
1.0657421126158972e-12,1.155563851258732e-15,16.796290636062622
1.0550159921032809e-12,1.1708966299116925e-15,16.80508255958557
1.0444221442557078e-12,1.1104652760480713e-15,16.812798738479614
1.0339124304967195e-12,1.1639497950739048e-15,16.82173490524292
1.0235270747269154e-12,1.0735342160313101e-15,16.829830169677734
1.0132324666789483e-12,1.1450387257352685e-15,16.839162349700928
1.0030490977738782e-12,1.0493982239575357e-15,16.846811056137085
9.929667765112837e-13,1.1151836730807514e-15,16.85516047477722
9.829810576622577e-13,1.0376946638462046e-15,16.86274552345276
9.731063611156943e-13,1.0772805368778975e-15,16.87174892425537
9.633156902374984e-13,1.0357396059248233e-15,16.879502058029175
9.536424384545827e-13,1.0351250835215903e-15,16.888466119766235
9.440451892439583e-13,1.0367046940891011e-15,16.896084547042847
9.345664433307865e-13,9.941741110162786e-16,16.905149221420288
9.251618568462128e-13,1.0325631264935012e-15,16.912732124328613
9.158704610684465e-13,9.59004244255096e-16,16.92174243927002
9.066576699481854e-13,1.0193452832307163e-15,16.929307222366333
8.975474443534415e-13,9.341831084061112e-16,16.93842315673828
8.885242801931481e-13,9.961337217397515e-16,16.946059942245483
8.795909421828452e-13,9.206625567438013e-16,16.95502495765686
8.707537729052417e-13,9.639724101280977e-16,16.962668895721436
8.619945035537313e-13,9.167623935381689e-16,16.97171950340271
8.53338233408607e-13,9.273666107630823e-16,16.97962188720703
8.447512979924132e-13,9.174903124772155e-16,16.988465309143066
8.362698554476022e-13,8.905525471721606e-16,16.99614906311035
8.278544950252043e-13,9.160803202573923e-16,17.005147218704224
8.195415917081061e-13,8.573741607490913e-16,17.012741088867188
8.11296938917766e-13,9.07102088653852e-16,17.021721601486206
8.03146774346758e-13,8.321519547995816e-16,17.029305696487427
7.950714197256514e-13,8.89003959186343e-16,17.03834629058838
7.870796028819349e-13,8.173172844591658e-16,17.046009063720703
7.791707275044135e-13,8.625626610674975e-16,17.055013418197632
7.713343310421228e-13,8.116760450304521e-16,17.06261420249939
7.635878149399311e-13,8.312868165230797e-16,17.07170271873474
7.559050499254816e-13,8.1161770563621e-16,17.079421043395996
7.483157431383003e-13,7.983443287758207e-16,17.08921504020691
7.407856879998453e-13,8.1119371270655e-16,17.097421884536743
7.333478984662689e-13,7.674903595786947e-16,17.10609745979309
7.259700111027223e-13,8.058750869516219e-16,17.114343881607056
7.186783720219969e-13,7.425092933213565e-16,17.122644901275635
7.114514598109689e-13,7.925447471255297e-16,17.130826234817505
7.043017970047305e-13,7.266210198736747e-16,17.139020442962646
6.972237457519848e-13,7.713029607534048e-16,17.14723539352417
6.902129150339331e-13,7.191229254059021e-16,17.15572953224182
6.832804179228436e-13,7.446625040128361e-16,17.163719177246094
6.764067387796113e-13,7.179471907355539e-16,17.17236304283142
6.696154047913794e-13,7.155563343628102e-16,17.180487394332886
6.628777388106855e-13,7.184607044598268e-16,17.188759088516235
6.562227432456436e-13,6.872829039790537e-16,17.196434020996094
6.496204941162931e-13,7.154118623057442e-16,17.205343008041382
6.430969038545564e-13,6.632793137428469e-16,17.213029146194458
6.366292042148114e-13,7.057312286306932e-16,17.22139835357666
6.302329534982332e-13,6.464480279270751e-16,17.22863006591797
6.238982854650521e-13,6.888788728703584e-16,17.237194776535034
6.176262301073321e-13,6.376629198355088e-16,17.24440836906433
6.114221000157183e-13,6.665673897649697e-16,17.2534396648407
6.05272288452946e-13,6.354840863973747e-16,17.26139736175537
5.991949558054044e-13,6.410808036567983e-16,17.27101230621338
5.93166358045516e-13,6.359665775399544e-16,17.279216051101685
5.872115944535738e-13,6.155619244175127e-16,17.28806972503662
5.813035599752658e-13,6.349567554481497e-16,17.2959725856781
5.754669744201246e-13,5.929069694520124e-16,17.30461835861206
5.696788527020935e-13,6.283268168117534e-16,17.31259822845459
5.63956433635715e-13,5.757255943312286e-16,17.323174715042114
5.582871946858969e-13,6.150826625880444e-16,17.331023454666138
5.526759605523068e-13,5.659486106584274e-16,17.33920121192932
5.471234901764654e-13,5.964023567879757e-16,17.346917867660522
5.416215436218619e-13,5.625855722204726e-16,17.355367183685303
5.361828602640228e-13,5.746186810878448e-16,17.36315655708313
5.307889002457988e-13,5.627374028762679e-16,17.37168312072754
5.254604260387929e-13,5.516703880247985e-16,17.379716634750366
5.201738562457536e-13,5.625022982938457e-16,17.388116598129272
5.149515254314341e-13,5.306588357956491e-16,17.395952701568604
5.097718037624932e-13,5.582417755087157e-16,17.404860973358154
5.04652146893908e-13,5.138227324799898e-16,17.41261124610901
4.995784059873276e-13,5.485574890040797e-16,17.42144012451172
4.945583872983939e-13,5.030530791325658e-16,17.42923665046692
4.895891092711324e-13,5.334838494934198e-16,17.43802523612976
4.84666722987831e-13,4.984267439933404e-16,17.445868015289307
4.797995225951091e-13,5.147380045190573e-16,17.45479416847229
4.749734134647243e-13,4.979434587573726e-16,17.462524890899658
4.702052007303503e-13,4.944717354043733e-16,17.47144913673401
4.654747724416874e-13,4.98167922488395e-16,17.479743003845215
4.608020779187094e-13,4.749730369585793e-16,17.488646507263184
4.561667883706821e-13,4.959183617991652e-16,17.49686598777771
4.51586305242474e-13,4.588489707142056e-16,17.505820751190186
4.470455852289418e-13,4.887675508397668e-16,17.514084339141846
4.4255441325469214e-13,4.476931762219521e-16,17.522505283355713
4.381070701532652e-13,4.767645645815813e-16,17.53072190284729
4.337032306640093e-13,4.420395489363848e-16,17.539093017578125
4.293473129107772e-13,4.611196013479984e-16,17.547321319580078
4.2502942354874507e-13,4.405825199182094e-16,17.55587863922119
4.207623832686025e-13,4.4340652776435525e-16,17.56406545639038
4.1652976640743633e-13,4.409099246221028e-16,17.572681188583374
4.123486220444089e-13,4.258305146994897e-16,17.581200122833252
4.082007084779682e-13,4.398243195512984e-16,17.589975357055664
4.041024513710273e-13,4.104259235344698e-16,17.598283290863037
4.000387803133887e-13,4.3501595173775216e-16,17.60683012008667
3.960207270621574e-13,3.9898690240047806e-16,17.614593982696533
3.9204043115158294e-13,4.257551022974045e-16,17.623154401779175
3.8810052177193355e-13,3.9243036446291735e-16,17.63103675842285
3.8420213733549036e-13,4.127816280399024e-16,17.639413595199585
3.8033898946965294e-13,3.9029330033699475e-16,17.647607803344727
3.7652032099794175e-13,3.974340792499241e-16,17.655823945999146
3.7273314859934126e-13,3.90415564248975e-16,17.663896083831787
3.6899172953241965e-13,3.817144182983052e-16,17.67246103286743
3.6528001760502415e-13,3.900758510975668e-16,17.680551767349243
3.6161316454251524e-13,3.672243315487443e-16,17.688783884048462
3.5797647940545574e-13,3.869731958815539e-16,17.697134017944336
3.5438161736719986e-13,3.5581770942498504e-16,17.70537757873535
3.508193356042272e-13,3.799735273636812e-16,17.713651180267334
3.4729448592125955e-13,3.487588809497025e-16,17.721826553344727
3.438054691200926e-13,3.6922655861737583e-16,17.730003356933594
3.4034919522453466e-13,3.4575964316259345e-16,17.738216876983643
3.3693178997686035e-13,3.5620160063854845e-16,17.746294736862183
3.3354319740191984e-13,3.454111949839167e-16,17.754902124404907
3.301951539882303e-13,3.420497976722972e-16,17.762951850891113
3.268738361580925e-13,3.454919278117019e-16,17.77161741256714
3.2359279643866257e-13,3.286339604580916e-16,17.779747009277344
3.203382925674042e-13,3.4366032494238287e-16,17.788183450698853
3.1712200682272595e-13,3.1762226744598966e-16,17.795936584472656
3.1393391033453233e-13,3.385242877271472e-16,17.804827213287354
3.1078031858047805e-13,3.1010667645390026e-16,17.812630891799927
3.0765770790350255e-13,3.300176417169907e-16,17.82154655456543
3.0456548199241096e-13,3.0646898758279826e-16,17.830108165740967
3.015070289789923e-13,3.188743144909295e-16,17.83903932571411
2.9847519312890813e-13,3.056911466394228e-16,17.847748279571533
2.954790817404074e-13,3.0655954069881567e-16,17.856203079223633
2.9250714806035305e-13,3.059811760145186e-16,17.86414408683777
2.895712912075882e-13,2.9439508878505985e-16,17.87231945991516
2.866589073318576e-13,3.0505981592614272e-16,17.88026261329651
2.8378116371553797e-13,2.8391856177694503e-16,17.88844347000122
2.809279501733708e-13,3.0143200028283216e-16,17.896464586257935
2.7810653085991177e-13,2.7627525409827745e-16,17.9049232006073
2.753118642350588e-13,2.9477553892727504e-16,17.913156509399414
2.7254527844647325e-13,2.7197330610807086e-16,17.921610116958618
2.698080474317077e-13,2.8556768198568995e-16,17.929356336593628
2.670954549113119e-13,2.7063777337826725e-16,17.93808627128601
2.6441416872864665e-13,2.7490292837482747e-16,17.946027994155884
2.6175494606019145e-13,2.7081993840148613e-16,17.954858779907227
2.5912784288109614e-13,2.639578862677626e-16,17.963279962539673
2.565216648039298e-13,2.7053983519374097e-16,17.971864938735962
2.5394676595943966e-13,2.5397674118489357e-16,17.980464935302734
2.5139333431796473e-13,2.68166475345314e-16,17.989030122756958
2.4886901350482105e-13,2.462369511595778e-16,17.997594356536865
2.463678133030056e-13,2.630697986923461e-16,18.005799293518066
2.4389263395332983e-13,2.4154057698352633e-16,18.013880014419556
2.414428520395445e-13,2.554824216579769e-16,18.022147178649902
2.3901589258149003e-13,2.39838252517782e-16,18.03042721748352
2.366162821232365e-13,2.4627181185931323e-16,18.03873348236084
2.342369191405541e-13,2.3972197077599174e-16,18.04713535308838
2.3188596225479086e-13,2.365903046815354e-16,18.05534553527832
2.2955389759188316e-13,2.3967503985675793e-16,18.06377410888672
2.2724991376524284e-13,2.2740036778074065e-16,18.072027921676636
2.2496479505640377e-13,2.3825120394220306e-16,18.0803005695343
2.2270622574826343e-13,2.1996789189660058e-16,18.088584661483765
2.2046772773284123e-13,2.34469307711831e-16,18.097840070724487
2.1825323124301244e-13,2.1492261955561914e-16,18.10577654838562
2.160606762946493e-13,2.284821612032824e-16,18.113736629486084
2.1388930394623112e-13,2.1255456689800233e-16,18.12165880203247
2.1174171628297184e-13,2.2075850450863386e-16,18.12995409965515
2.0961281755466077e-13,2.120860517990523e-16,18.138101816177368
2.0750896389653412e-13,2.1213495471686643e-16,18.145329236984253
2.0542214576504264e-13,2.1226125527023593e-16,18.154319524765015
2.0336053533406145e-13,2.037108150097284e-16,18.162024974822998
2.0131558095895508e-13,2.1151745446342825e-16,18.171372413635254
1.9929473652965934e-13,1.9650051322067517e-16,18.178744316101074
1.9729134775534063e-13,2.088381436674751e-16,18.18732452392578
1.953100496002863e-13,1.9136990231025786e-16,18.194450855255127
1.9334773853577764e-13,2.0410610146341033e-16,18.203439235687256
1.9140501087300948e-13,1.8861139393373642e-16,18.210893869400024
1.894829643666815e-13,1.9757081875886978e-16,18.21972107887268
1.8757815667489602e-13,1.8777084608248454e-16,18.22726535797119
1.8569537183973917e-13,1.901335253748422e-16,18.236316680908203
1.8382809109564885e-13,1.878560523030224e-16,18.2450692653656
1.8198325333652898e-13,1.8258421188354024e-16,18.2546865940094
1.8015326914717217e-13,1.875766902491061e-16,18.263135194778442
1.7834510452653662e-13,1.7577855361525815e-16,18.271600484848022
1.765521458413702e-13,1.8577159686405817e-16,18.27940535545349
1.7477946173682923e-13,1.7051080277672446e-16,18.288113594055176
1.7302318974267428e-13,1.821482281437207e-16,18.295721292495728
1.7128503747732698e-13,1.6746578550579425e-16,18.304731607437134
1.6956482875793433e-13,1.7679691221098444e-16,18.31207013130188
1.6786057136300436e-13,1.6624727567160974e-16,18.32091474533081
1.6617554500410886e-13,1.704024354990351e-16,18.328768491744995
1.6450474879872723e-13,1.6626097378255361e-16,18.33811855316162
1.6285386125573786e-13,1.6363939357591175e-16,18.346014261245728
1.612162687418886e-13,1.6624900944217365e-16,18.354800701141357
1.595983409449428e-13,1.5733781255547458e-16,18.36270833015442
1.5799376238724572e-13,1.651469136986774e-16,18.37144160270691
1.5640768302911667e-13,1.5216162068458315e-16,18.379282236099243
1.548358338245015e-13,1.6243669943503925e-16,18.388062477111816
1.5328070843839692e-13,1.4884028538439083e-16,18.39614224433899
1.517411142484132e-13,1.5809241303235976e-16,18.404944896697998
1.5021627876050242e-13,1.4734008415568506e-16,18.41275954246521
1.4870823485373802e-13,1.5264988223911605e-16,18.4214448928833
1.4721326913567923e-13,1.4714997819858567e-16,18.42867159843445
1.4573588104534185e-13,1.467293204611555e-16,18.437236309051514
1.4427050049406476e-13,1.4724125923354213e-16,18.444335460662842
1.428227246755634e-13,1.4092899765703567e-16,18.453839540481567
1.4138676666074212e-13,1.466169165420769e-16,18.46104121208191
1.3996762733212154e-13,1.359363207681228e-16,18.47048854827881
1.3856083435574013e-13,1.4470541464303016e-16,18.47767400741577
1.3716946415526232e-13,1.3247605882969098e-16,18.486453533172607
1.3579151095666903e-13,1.4124075872118445e-16,18.49397611618042
1.3442721870544905e-13,1.3065214543134626e-16,18.504789352416992
1.330775360785033e-13,1.366941637930092e-16,18.51367712020874
1.3173990164819932e-13,1.302005180517821e-16,18.52339792251587
1.3041774420390756e-13,1.3145529148402094e-16,18.532060861587524
1.2910649654397643e-13,1.3029902533656982e-16,18.54130744934082
1.278109562630192e-13,1.2623968611130259e-16,18.549023151397705
1.2652593274313506e-13,1.3004936237536661e-16,18.5575954914093
1.2525610160619288e-13,1.2161030694742301e-16,18.565518379211426
1.2399708538592125e-13,1.2873992884825027e-16,18.573752641677856
1.2275216379389192e-13,1.1813597632113289e-16,18.581383228302002
1.2151891092774397e-13,1.2609210385513333e-16,18.589656114578247
1.2029826191185117e-13,1.1613197577726802e-16,18.597312211990356
1.1909029806137644e-13,1.222885818148267e-16,18.605424642562866
1.178934472831697e-13,1.1538558093205937e-16,18.61382532119751
1.1671017613717333e-13,1.178600818083444e-16,18.62205219268799
1.1553686609863667e-13,1.1539454095245454e-16,18.630163431167603
1.1437752871559792e-13,1.1319791982242813e-16,18.638587474822998
1.1322756290508759e-13,1.1533040467647963e-16,18.64639902114868
1.1209132580458636e-13,1.088985261659531e-16,18.654752016067505
1.1096456192056722e-13,1.1449568017674012e-16,18.66267991065979
1.098506864898735e-13,1.0542467861314071e-16,18.671383380889893
1.0874690769191106e-13,1.1252945200836687e-16,18.679256439208984
1.0765477051477568e-13,1.0318085524863957e-16,18.688132762908936
1.0657363121342744e-13,1.0946896315125947e-16,18.695946216583252
1.0550278505645425e-13,1.0221791113650944e-16,18.70490312576294
1.0444378380821545e-13,1.0566976230247282e-16,18.7125825881958
1.0339391018701627e-13,1.0211397754690337e-16,18.72137427330017
1.0235638969431984e-13,1.0150387559686386e-16,18.72924780845642
1.0132735308362312e-13,1.0218970096889893e-16,18.738163709640503
1.0031060861505695e-13,9.751999509579617e-17,18.746455907821655
9.930223283200965e-14,1.0169241983696675e-16,18.7546284198761
9.830557320868877e-14,9.416767030113516e-17,18.762641191482544
9.731769562296502e-14,1.0028333420709492e-16,18.771243572235107
9.634053130995815e-14,9.18643494895343e-17,18.778640508651733
9.537289442354199e-14,9.784868358400024e-17,18.787651300430298
9.441477818745297e-14,9.066264796539687e-17,18.79505491256714
9.346695509573899e-14,9.462412841547662e-17,18.80381155014038
9.252758200470682e-14,9.037263182519088e-17,18.81171703338623
9.159905771166307e-14,9.102359649749051e-17,18.820964813232422
9.067823125404398e-14,9.046581206683375e-17,18.829543113708496
8.976839589594846e-14,8.741655301372237e-17,18.838199377059937
8.886598732273446e-14,9.027878322161306e-17,18.846872091293335
8.797419037828366e-14,8.421414643328048e-17,18.855149030685425
8.709005061167605e-14,8.93014064621551e-17,18.86345648765564
8.621574997978373e-14,8.184545850095323e-17,18.872031927108765
8.534968928440231e-14,8.740315268779901e-17,18.879913568496704
8.449243773167234e-14,8.051710569886657e-17,18.888770580291748
8.364413084686537e-14,8.474853157876933e-17,18.897027254104614
8.280360988890956e-14,8.005982040391256e-17,18.905446529388428
8.197262313380804e-14,8.159957410078817e-17,18.913676261901855
8.114863625898264e-14,8.011686277895421e-17,18.922250032424927
8.033443430876391e-14,7.834007220574541e-17,18.930850505828857
7.952685954432451e-14,8.005168094668504e-17,18.939744234085083
7.87288799691116e-14,7.534911284220677e-17,18.947755813598633
7.793760211857736e-14,7.941529450550104e-17,18.95563054084778
7.715531636981118e-14,7.300457196632117e-17,18.963534593582153
7.638017957911983e-14,7.796847620480699e-17,18.972020864486694
7.561316752845854e-14,7.154311587750738e-17,18.979819297790527
7.485391429959409e-14,7.579630653368764e-17,18.98848795890808
7.410185746264952e-14,7.095560588435792e-17,18.997018575668335
7.335813542990594e-14,7.311377304206797e-17,19.005064249038696
7.262083729503432e-14,7.087055848249767e-17,19.013192176818848
7.189218567248828e-14,7.021946146130003e-17,19.02152681350708
7.116951071441807e-14,7.091584827539617e-17,19.029386281967163
7.045544161109196e-14,6.748490161787322e-17,19.038159608840942
6.974729496213306e-14,7.055110794737459e-17,19.046051502227783
6.904732048704926e-14,6.522403833275349e-17,19.054879188537598
6.835357339819367e-14,6.949602253245095e-17,19.063177347183228
6.766728019927393e-14,6.366917039172531e-17,19.071691513061523
6.698774293514148e-14,6.778436746939702e-17,19.07939863204956
6.631483963305193e-14,6.289451243934695e-17,19.08810567855835
6.564920726178161e-14,6.550547826436853e-17,19.09606170654297
6.498947023982418e-14,6.273757973353339e-17,19.104920387268066
6.433737684318278e-14,6.29733394430008e-17,19.113247394561768
6.369068412861306e-14,6.278965240745483e-17,19.121817588806152
6.305168247320442e-14,6.048169938442367e-17,19.130013465881348
6.241793919833233e-14,6.263253441318405e-17,19.138317346572876
6.179160237955103e-14,5.830256154382417e-17,19.14653706550598
6.117070012415932e-14,6.191801580006075e-17,19.15495800971985
6.055664189498142e-14,5.670665882696847e-17,19.163166522979736
5.994843835753494e-14,6.05304170137806e-17,19.171759605407715
5.934635378609943e-14,5.584203009372394e-17,19.17988419532776
5.87505982448458e-14,5.865057958858238e-17,19.188466548919678
5.816029081950891e-14,5.557506251410612e-17,19.196518421173096
5.75766851188507e-14,5.646715364368741e-17,19.2050302028656
5.699799898555014e-14,5.560360355396165e-17,19.213162183761597
5.642616365472697e-14,5.423878863047366e-17,19.22163438796997
5.585901411016801e-14,5.552894554059507e-17,19.229828596115112
5.5298552737760576e-14,5.218689102041952e-17,19.238717555999756
5.4742858466780286e-14,5.504263944103024e-17,19.246574640274048
5.419341868708252e-14,5.058778546023201e-17,19.255391359329224
5.3649057716936496e-14,5.401461937574934e-17,19.263231992721558
5.311035153874634e-14,4.960225600865673e-17,19.27189588546753
5.257713413405439e-14,5.248549329538381e-17,19.279913902282715
5.2048937940673765e-14,4.922046252512675e-17,19.288265466690063
5.1526613379683506e-14,5.0604775750013846e-17,19.29647922515869
5.100879503397264e-14,4.920483212027195e-17,19.304866552352905
5.0497044832295904e-14,4.86081106438211e-17,19.312731742858887
4.998950269030113e-14,4.921497997202675e-17,19.321566581726074
4.9487977870363645e-14,4.67151673689976e-17,19.32934808731079
4.8990650945712755e-14,4.892730971603796e-17,19.33815884590149
4.84990194705992e-14,4.517140019178988e-17,19.345966577529907
4.801180611933853e-14,4.8171911837042284e-17,19.354779481887817
4.752978677411042e-14,4.412799125839304e-17,19.36274766921997
4.705254808283661e-14,4.692722669955414e-17,19.371620893478394
4.6579934191454814e-14,4.3648037905932624e-17,19.37996554374695
4.611244993160159e-14,4.5334301832903625e-17,19.388274431228638
4.564910258066275e-14,4.3555698079792104e-17,19.39608120918274
4.519110508981877e-14,4.359961806159622e-17,19.404848098754883
4.473692602350102e-14,4.3592547321720117e-17,19.412736177444458
4.428812053420064e-14,4.1876617389260514e-17,19.421661853790283
4.3843041989868187e-14,4.345282328137011e-17,19.429893016815186
4.3403123570250404e-14,4.0393810114475507e-17,19.438273668289185
4.296706423274031e-14,4.290339337490014e-17,19.446545362472534
4.253577199665737e-14,3.9320073431100023e-17,19.455087184906006
4.21086200576206e-14,4.1935290964470126e-17,19.463184595108032
4.1685743940901576e-14,3.875280951062341e-17,19.471757173538208
4.1267336770012264e-14,4.060054240188721e-17,19.47998023033142
4.085272769485844e-14,3.858145408364937e-17,19.488459587097168
4.0442841675418506e-14,3.907201520028517e-17,19.496619939804077
4.003641155040337e-14,3.861214910181999e-17,19.505125999450684
3.963477563186969e-14,3.7522695986806e-17,19.51311206817627
3.9236456694357463e-14,3.854160052173657e-17,19.5217764377594
3.88428066024505e-14,3.612912495650321e-17,19.53034543991089
3.8452537866068975e-14,3.8175427516894044e-17,19.538885831832886
3.806661949090455e-14,3.506621110426237e-17,19.547107696533203
3.768430608796364e-14,3.743126275061684e-17,19.555556058883667
3.730593308229335e-14,3.4411884769953326e-17,19.563793420791626
3.693144287565328e-14,3.634327870837074e-17,19.572315216064453
3.656045938541484e-14,3.4163211116762735e-17,19.580518007278442
3.6193609415959005e-14,3.50322702293681e-17,19.588854789733887
3.582991718533053e-14,3.416513679322876e-17,19.59709358215332
3.547048383636085e-14,3.3645657442378106e-17,19.605286836624146
3.511402187897014e-14,3.416410778054674e-17,19.6131694316864
3.476176120499781e-14,3.2349981583209745e-17,19.621732473373413
3.441247869886803e-14,3.394617546764107e-17,19.62992000579834
3.4067163695063185e-14,3.129122017764392e-17,19.63853645324707
3.372497932503139e-14,3.339298354374521e-17,19.646589279174805
3.338642025601385e-14,3.060237725073426e-17,19.655515670776367
3.3051235766258166e-14,3.2504393042516244e-17,19.663884162902832
3.2719286942360995e-14,3.0281100300818666e-17,19.67225956916809
3.2390949866950916e-14,3.1389373429129464e-17,19.680745124816895
3.2065513032352236e-14,3.0233170147404893e-17,19.689128398895264
3.1743837024039365e-14,3.0175168242852675e-17,19.697503805160522
3.142483763983982e-14,3.026462286301661e-17,19.706239461898804
3.1109609246321446e-14,2.898331347672707e-17,19.714582204818726
3.079701004307135e-14,3.0150021952231063e-17,19.722840785980225
3.048801581204477e-14,2.796692026213621e-17,19.73087739944458
3.018175580337193e-14,2.9760846708914664e-17,19.73902702331543
2.987881955198411e-14,2.725727208845962e-17,19.74700403213501
2.9578814034593795e-14,2.905511275389667e-17,19.755545616149902
2.928179007317781e-14,2.687204911411e-17,19.763707876205444
2.8987920462457406e-14,2.8113758055754175e-17,19.772093534469604
2.869671053519138e-14,2.677526401935762e-17,19.780341863632202
2.840881928301269e-14,2.7048200534275616e-17,19.78881335258484
2.812335732132673e-14,2.6796545722157383e-17,19.797024726867676
2.7841256386375475e-14,2.5973320687293584e-17,19.80543875694275
2.756149665049043e-14,2.674750383800034e-17,19.81367039680481
2.7284997991452314e-14,2.5018092515917348e-17,19.821804761886597
2.701089304752314e-14,2.6484541466908507e-17,19.829917907714844
2.6739825563742818e-14,2.4291758454924335e-17,19.838443756103516
2.6471309343199627e-14,2.5946814511744935e-17,19.846571445465088
2.620553750940554e-14,2.3867937578831766e-17,19.854872226715088
2.594251175642645e-14,2.5170235845984226e-17,19.86273169517517
2.5681937316796716e-14,2.371850078372916e-17,19.871613025665283
2.5424271588307852e-14,2.4260747453759722e-17,19.879777669906616
2.516882678020669e-14,2.3721817777985498e-17,19.88814377784729
2.4916361834013967e-14,2.32967561309741e-17,19.89603066444397
2.466599583546454e-14,2.3711802275128706e-17,19.904796600341797
2.4418569041242087e-14,2.2397662090326936e-17,19.912708520889282
2.4173246276860613e-14,2.355679855450362e-17,19.921462774276733
2.393069331021666e-14,2.1686265256835406e-17,19.92976975440979
2.3690359569894515e-14,2.3152490869061176e-17,19.93817925453186
2.3452549987755186e-14,2.1223431234332385e-17,19.946069717407227
2.321713073259301e-14,2.25226490808837e-17,19.95502495765686
2.2983967973202318e-14,2.102367373384573e-17,19.963241815567017
2.2753353088916968e-14,2.1736844042570574e-17,19.97192931175232
2.2524766001507344e-14,2.100323906399322e-17,19.97987127304077
2.229882335095905e-14,2.0884800035165427e-17,19.988145351409912
2.2074767889817236e-14,2.101414130446667e-17,19.99651837348938
2.1853348395207278e-14,2.006806505938772e-17,20.004793882369995
2.163378898494949e-14,2.0917205662842804e-17,20.012609243392944
2.141674526254505e-14,1.937843465653491e-17,20.021479606628418
2.1201639551523925e-14,2.063158516041192e-17,20.029335498809814
2.098885132264649e-14,1.890383978008261e-17,20.03814458847046
2.0778138324489825e-14,2.0130211138808828e-17,20.046435832977295
2.0569503945185724e-14,1.8650471049735167e-17,20.054996013641357
2.0363093874401113e-14,1.9476333136391785e-17,20.06309938430786
2.0158548970166355e-14,1.8591982762982767e-17,20.071557760238647
1.9956331712470653e-14,1.8735468820758666e-17,20.079331636428833
1.9755828849460193e-14,1.8608939965540104e-17,20.08836531639099
1.9557675655845416e-14,1.798817069432111e-17,20.096428871154785
1.936117587054368e-14,1.8569071514376274e-17,20.1049165725708
1.9166956297935953e-14,1.7326674358462453e-17,20.113085746765137
1.8974432485288628e-14,1.8370852569828967e-17,20.121524572372437
1.8784027949075334e-14,1.6838333394590747e-17,20.129318952560425
1.859542759303969e-14,1.797889799965439e-17,20.138046264648438
1.8408743225530738e-14,1.656369619633334e-17,20.146037578582764
1.8223996869405103e-14,1.7436421373413538e-17,20.1549174785614
1.804096490796471e-14,1.6470659884117052e-17,20.163081169128418
1.7859979378124884e-14,1.6796291112777127e-17,20.171969413757324
1.76805540829739e-14,1.647251276868917e-17,20.17980933189392
1.750321926513674e-14,1.6131433114909055e-17,20.18826937675476
1.732736506089138e-14,1.6465432102645717e-17,20.19654417037964
1.715356237044427e-14,1.551739709387624e-17,20.205167055130005
1.6981252152050222e-14,1.6332848285343267e-17,20.213109016418457
1.6810873168775914e-14,1.503659339974612e-17,20.22148036956787
1.6642067972717604e-14,1.604307037315369e-17,20.22987413406372
1.647502291112369e-14,1.4725057328723947e-17,20.23836088180542
1.630966344509481e-14,1.5603245206569445e-17,20.24651336669922
1.6145884542545508e-14,1.4595352099953182e-17,20.255011320114136
1.5983897961712595e-14,1.505508750388158e-17,20.263106107711792
1.5823336090296965e-14,1.458010385254138e-17,20.272032022476196
1.5664627526969926e-14,1.4462983349609997e-17,20.28026008605957
1.5507250499435972e-14,1.4587945524748382e-17,20.28835701942444
1.5351716615595243e-14,1.3897223243487003e-17,20.296950101852417
1.5197497326888652e-14,1.4519997600510827e-17,20.305306434631348
1.5045038172646456e-14,1.342555327768069e-17,20.313141107559204
1.4893949517712918e-14,1.4308793574707662e-17,20.32156729698181
1.4744475307576846e-14,1.310462787952543e-17,20.329346179962158
1.4596471546637207e-14,1.3952359794397337e-17,20.338077545166016
1.4449919600169163e-14,1.2949340435950237e-17,20.346065998077393
1.4304936358719433e-14,1.3488590230621519e-17,20.35476803779602
1.4161255853942581e-14,1.2914047120754437e-17,20.36265206336975
1.4019213510885718e-14,1.2970944739188897e-17,20.37146258354187
1.3878374801646904e-14,1.2923799580176437e-17,20.37934947013855
1.3739185265556394e-14,1.245282113736222e-17,20.38804531097412
1.36011629408672e-14,1.289188943368598e-17,20.396169662475586
1.3464733038118844e-14,1.200455790134932e-17,20.404937744140625
1.3329504228089695e-14,1.2744694298043393e-17,20.413316249847412
1.319575179648761e-14,1.1674914846718363e-17,20.421711444854736
1.306327838463588e-14,1.2464267662678728e-17,20.430036067962646
1.2932141590774916e-14,1.1491564473681697e-17,20.438340187072754
1.2802373602156716e-14,1.2081522921444317e-17,20.447037935256958
1.2673805012191827e-14,1.143357911274173e-17,20.455317497253418
1.2546675531204324e-14,1.1633181103273225e-17,20.463840007781982
1.242064126381762e-14,1.1436910996249093e-17,20.472151279449463
1.2296072363429666e-14,1.1174506144890121e-17,20.480477571487427
1.2172550395764519e-14,1.142874176051952e-17,20.48868751525879
1.2050460760813179e-14,1.0751744887162232e-17,20.49709725379944
1.1929427375947065e-14,1.1338466577187932e-17,20.50536036491394
1.1809742467532979e-14,1.0423457581555249e-17,20.51382350921631
1.1691171407444533e-14,1.1132396861446884e-17,20.521990060806274
1.1573827698096659e-14,1.0217218293788628e-17,20.53034734725952
1.1457677458171465e-14,1.0818180725240041e-17,20.53870725631714
1.1342630055143597e-14,1.0137282040933341e-17,20.54713535308838
1.1228844731207138e-14,1.0430484480858887e-17,20.55535387992859
1.1116060600214334e-14,1.013121301677904e-17,20.563838958740234
1.100457497072967e-14,1.0020339381833657e-17,20.57203769683838
1.0894029547816458e-14,1.013792972335297e-17,20.5805504322052
1.0784771614983073e-14,9.627482357610784e-18,20.588764190673828
1.0676446265424615e-14,1.0079137034135151e-17,20.59715247154236
1.0569346572540834e-14,9.308064909712208e-18,20.605327367782593
1.0463218426447554e-14,9.924464185755085e-18,20.613826274871826
1.035821768120707e-14,9.095344661846233e-18,20.62212038040161
1.0254254551326971e-14,9.6714089568598e-18,20.63050651550293
1.0151306166917683e-14,8.99042259140817e-18,20.63870906829834
1.0049464854570457e-14,9.346496548152034e-18,20.64718794822693
9.948536643740371e-15,8.969778644860684e-18,20.655386209487915
9.848758703652656e-15,8.988844330799419e-18,20.663826942443848
9.749828643545143e-15,8.976835322666374e-18,20.672128677368164
9.652050548245895e-15,8.632999503085232e-18,20.680529832839966
9.555100851169063e-15,8.946126242425343e-18,20.689180374145508
9.459260767253133e-15,8.324842464865339e-18,20.698012113571167
9.364271951449194e-15,8.840421659127804e-18,20.70644474029541
9.270313974742064e-15,8.099874153669292e-18,20.714484930038452
9.177259782189653e-15,8.641995919427358e-18,20.722962141036987
9.085139866978065e-15,7.978346432434227e-18,20.731249570846558
8.993984722293399e-15,8.370583071197684e-18,20.739662170410156
8.903668987259462e-15,7.941675861518526e-18,20.747520685195923
8.814366303630441e-15,8.059359674447058e-18,20.756126165390015
8.72583187888458e-15,7.947500040211512e-18,20.764586210250854
8.638326599169632e-15,7.738229962680496e-18,20.773096561431885
8.551559085151744e-15,7.938497006424484e-18,20.781212091445923
8.465793611110457e-15,7.448982273263566e-18,20.790149450302124
8.3807743730957e-15,7.870500278530788e-18,20.798630475997925
8.296697882751239e-15,7.228049776276165e-18,20.80675482749939
8.213408286014776e-15,7.719118781808071e-18,20.814534902572632
8.130975886620935e-15,7.093383118191307e-18,20.82270646095276
8.049386285009612e-15,7.495957860250452e-18,20.830730199813843
7.96856748338029e-15,7.03793141146759e-18,20.83890199661255
7.888638913378532e-15,7.224016443609357e-18,20.846883296966553
7.809409992591207e-15,7.040018388153061e-18,20.85515308380127
7.731095020353969e-15,6.9388459274317e-18,20.863115310668945
7.653440733815589e-15,7.039842198682587e-18,20.87152624130249
7.576688537366035e-15,6.669500617143102e-18,20.87933087348938
7.500595332549445e-15,6.9981249988497e-18,20.888147830963135
7.425358478042529e-15,6.452725529914393e-18,20.895987510681152
7.350809414288784e-15,6.88548946919958e-18,20.904784440994263
7.27704639711009e-15,6.308739441458206e-18,20.912633895874023
7.204017757496666e-15,6.705810950902036e-18,20.921483278274536
7.131698084460094e-15,6.242479792850871e-18,20.929329872131348
7.0601568347020485e-15,6.476126469443518e-18,20.938181161880493
6.989257212401548e-15,6.230998525948635e-18,20.946422815322876
6.919165236016255e-15,6.22358367893771e-18,20.954842567443848
6.8496695708258285e-15,6.235008283967986e-18,20.96264958381653
6.7809811280341355e-15,5.980079077394962e-18,20.971505641937256
6.712877985008995e-15,6.2138998755065515e-18,20.979952335357666
6.645549877130593e-15,5.769870977049311e-18,20.98830771446228
6.5788244331941616e-15,6.134342471371814e-18,20.996143341064453
6.512818543746423e-15,5.620013147014917e-18,21.004907608032227
6.447452164173861e-15,5.9921964461882514e-18,21.01280975341797
6.382737152937738e-15,5.539098753085286e-18,21.02150845527649
6.318703579707681e-15,5.802288598845571e-18,21.029860734939575
6.255257847343019e-15,5.5172049366322326e-18,21.038334846496582
6.1925240461705236e-15,5.583778500282032e-18,21.046700954437256
6.130331499051324e-15,5.521666335266037e-18,21.05507779121399
6.068858082904343e-15,5.3626090160491345e-18,21.063344955444336
6.007906015536397e-15,5.512368411590635e-18,21.07201313972473
5.947655291448778e-15,5.163113731816658e-18,21.080354928970337
5.887932692403772e-15,5.460374733417696e-18,21.088406324386597
5.828867390925835e-15,5.01052496498992e-18,21.09689688682556
5.770359013610718e-15,5.351752270509376e-18,21.105456829071045
5.712449488589309e-15,4.922303671119302e-18,21.11380362510681
5.655135004213347e-15,5.195674455858889e-18,21.12228798866272
5.598359656308312e-15,4.8882453365780434e-18,21.130265474319458
5.542210689267772e-15,5.0057484105427324e-18,21.13903045654297
5.486553424853113e-15,4.887773430038582e-18,21.146894693374634
5.431536517346578e-15,4.8079141049802624e-18,21.155466318130493
5.37698632499398e-15,4.88782471523656e-18,21.164076328277588
5.323066748670613e-15,4.622628542900528e-18,21.17262291908264
5.2696134639847094e-15,4.854097666530629e-18,21.180994033813477
5.216757761043094e-15,4.474872992392937e-18,21.18935537338257
5.1643891020461494e-15,4.775003897129228e-18,21.198184490203857
5.112569320399026e-15,4.378070526847694e-18,21.206372022628784
5.061267922915622e-15,4.647211109934685e-18,21.21476435661316
5.010462039706362e-15,4.335763547238057e-18,21.22289204597473
4.960205457363396e-15,4.488025577722837e-18,21.23083782196045
4.910398649515422e-15,4.329769796519498e-18,21.238866329193115
4.861158083192688e-15,4.3132303201715e-18,21.24689221382141
4.8123380687282655e-15,4.3346828357677565e-18,21.255465507507324
4.764083448756135e-15,4.143382843454149e-18,21.263604640960693
4.7162417573457915e-15,4.317598247396086e-18,21.27177882194519
4.668942590538164e-15,3.999636637375603e-18,21.279841661453247
4.622068634270058e-15,4.259011526150793e-18,21.288674116134644
4.575697815572622e-15,3.899220633324422e-18,21.297071933746338
4.529778888952545e-15,4.1574478089996945e-18,21.305737733840942
4.484315242541618e-15,3.8456491081330375e-18,21.313660621643066
4.43933144029531e-15,4.021468415282715e-18,21.321770191192627
4.394760143094315e-15,3.834268757265533e-18,21.32982301712036
4.350689018848674e-15,3.8681852303317384e-18,21.33829426765442
4.30699821239635e-15,3.8379253091633236e-18,21.34604263305664
4.263811814064116e-15,3.716650291605393e-18,21.354883909225464
4.220993875063937e-15,3.83003483330018e-18,21.362751722335815
4.178665521107272e-15,3.579985578750913e-18,21.37156915664673
4.1367115557132926e-15,3.791836046202788e-18,21.379738092422485
4.0952154116273044e-15,3.478100501931838e-18,21.388338804244995
4.054113984894737e-15,3.713777493337996e-18,21.396016359329224
4.013430568921639e-15,3.417977292698727e-18,21.404826164245605
3.973166857773906e-15,3.6031462223120914e-18,21.412678480148315
3.933280923320648e-15,3.398262063183985e-18,21.42163634300232
3.893835445999963e-15,3.470310942103426e-18,21.429932594299316
3.854735558121757e-15,3.398139226863021e-18,21.4385769367218
3.816084597705596e-15,3.332346728506625e-18,21.44671940803528
3.777763133105917e-15,3.396488174360365e-18,21.45537257194519
3.739882549155284e-15,3.2060761604343335e-18,21.46325945854187
3.7023314610211324e-15,3.372659168864244e-18,21.471643447875977
3.665197536613504e-15,3.102769780527739e-18,21.479478120803833
3.6284087781318815e-15,3.3142252692371197e-18,21.488272666931152
3.592003302058892e-15,3.0392722947808716e-18,21.496548414230347
3.555963744219116e-15,3.2237900264570035e-18,21.50512385368347
3.5202710463712403e-15,3.011226736112261e-18,21.513152599334717
3.4849648073055498e-15,3.1118305101624918e-18,21.521560430526733
3.4499738762544746e-15,3.0078470829245226e-18,21.529378652572632
3.415381050688609e-15,2.989722108137414e-18,21.53836441040039
3.3810846866542824e-15,3.01040824089614e-18,21.546918630599976
3.3471836752480867e-15,2.8722488126747768e-18,21.555145740509033
3.3135742549339833e-15,2.996270897046996e-18,21.56321144104004
3.28034430538025e-15,2.77366563406586e-18,21.57151746749878
3.2474150525227917e-15,2.954726577962133e-18,21.57978916168213
3.2148371065802072e-15,2.706443147225513e-18,21.588316679000854
3.1825784920587376e-15,2.8833961054046945e-18,21.59651780128479
3.1506383619254357e-15,2.6720129949989122e-18,21.605029582977295
3.1190368332127986e-15,2.7883485035289826e-18,21.613219261169434
3.0877237192187016e-15,2.6637273335981217e-18,21.621708869934082
3.0567621238977152e-15,2.6821556768748843e-18,21.62986731529236
3.026068402746298e-15,2.6663238535409256e-18,21.638313055038452
2.9957278943338857e-15,2.576038950837141e-18,21.646603107452393
2.9656472132780437e-15,2.6596776641142152e-18,21.655168771743774
2.935909157049366e-15,2.481854511930628e-18,21.663251399993896
2.9064355868584687e-15,2.63142158797971e-18,21.67184829711914
2.87728240687987e-15,2.4118578681109315e-18,21.680305004119873
2.848408112499155e-15,2.575539540542312e-18,21.688747882843018
2.819826044485243e-15,2.3723498608990206e-18,21.697068452835083
2.791539802728159e-15,2.497547368921678e-18,21.705436944961548
2.7635180470088555e-15,2.3598335842553276e-18,21.71368980407715
2.7358056700735366e-15,2.4056418126027486e-18,21.721749544143677
2.70833702686879e-15,2.3603154169621397e-18,21.729959726333618
2.681182632887475e-15,2.310109896478387e-18,21.738421201705933
2.6542605376919442e-15,2.3588757091059912e-18,21.746604204177856
2.6276471860056877e-15,2.2224000070214797e-18,21.754918336868286
2.6012665566216894e-15,2.3408946637454666e-18,21.76273775100708
2.5751781536044937e-15,2.153016304035685e-18,21.771401405334473
2.549333060801397e-15,2.299044701424265e-18,21.779447317123413
2.5237558421678692e-15,2.1097528968427833e-18,21.788156747817993
2.4984367568250173e-15,2.2356005688269072e-18,21.79611349105835
2.4733607699380274e-15,2.091914333342771e-18,21.80485248565674
2.4485564688688692e-15,2.1572535367234878e-18,21.81272792816162
2.423973878673655e-15,2.090490135123108e-18,21.82146406173706
2.399670385834561e-15,2.0722780995765278e-18,21.829434394836426
2.375575686616965e-15,2.09117690182668e-18,21.838115453720093
2.3517581789313582e-15,1.9917700581228136e-18,21.846084356307983
2.328146712010171e-15,2.080078619548056e-18,21.85481595993042
2.3047999428850007e-15,1.924364350776786e-18,21.862715244293213
2.2816664143043017e-15,2.0503379610091713e-18,21.871419191360474
2.258778101761833e-15,1.8787451331993336e-18,21.87939691543579
2.2361150999833336e-15,1.9992665892192285e-18,21.888230323791504
2.213675079628199e-15,1.8554283592975357e-18,21.896102905273438
2.1914732872894797e-15,1.9337071490004195e-18,21.904854774475098
2.169474147583391e-15,1.850934287029535e-18,21.912699937820435
2.14772170622319e-15,1.859537585785546e-18,21.921546936035156
2.1261579414519902e-15,1.85221889852083e-18,21.92988157272339
2.1048417220596253e-15,1.7861004910030882e-18,21.93861413002014
2.083708885300341e-15,1.8477665988737633e-18,21.946590662002563
2.0628155471068927e-15,1.7216637416706668e-18,21.955001831054688
2.0421094031947877e-15,1.8272413527441787e-18,21.96270728111267
2.0216270877389947e-15,1.674249335368821e-18,21.97141718864441
2.0013417074434383e-15,1.787970125982611e-18,21.97939896583557
1.98126046208817e-15,1.6483021271191044e-18,21.988275051116943
1.9613877985961634e-15,1.7328441216250866e-18,21.99701690673828
1.941700847077842e-15,1.6392715895767099e-18,22.005032300949097
1.9222311595104916e-15,1.6687162208538772e-18,22.013180017471313
1.9029325725984864e-15,1.6404919911729553e-18,22.02167558670044
1.8838548495274778e-15,1.6024312398402825e-18,22.029892206192017
1.864940815573526e-15,1.6392102748138044e-18,22.038237810134888
1.8462425632628874e-15,1.5414851926928349e-18,22.046099424362183
1.8277090588604897e-15,1.626012814935674e-18,22.05489730834961
1.8093796893983802e-15,1.4940378025640635e-18,22.06270718574524
1.7912220558663266e-15,1.5961420822454653e-18,22.07141423225403
1.7732520401320898e-15,1.4649772932838505e-18,22.07940125465393
1.7554640306023943e-15,1.5512006357824233e-18,22.08818006515503
1.73784606293686e-15,1.4525628632530781e-18,22.096104383468628
1.7204196305965237e-15,1.496094276964447e-18,22.104941368103027
1.7031486288020085e-15,1.4523347681991666e-18,22.113220930099487
1.6860736092556643e-15,1.4371090614590562e-18,22.12152671813965
1.6691457616839055e-15,1.452870781236101e-18,22.12944006919861
1.6524115670197128e-15,1.3811784171606707e-18,22.137941122055054
1.6358232737806845e-15,1.445480336053246e-18,22.146088123321533
1.6194202689988682e-15,1.3349925808636192e-18,22.154820680618286
1.603167506686071e-15,1.4237506115542076e-18,22.162710905075073
1.5870863744242114e-15,1.3036391269254093e-18,22.171559810638428
1.5711642725981987e-15,1.3875912382570646e-18,22.179429531097412
1.555398342471836e-15,1.2887485317309594e-18,22.188438653945923
1.5397999131107928e-15,1.3410712209925417e-18,22.19666361808777
1.5243437852848884e-15,1.286084906760962e-18,22.20641827583313
1.5090609815758159e-15,1.2895944273048714e-18,22.21405053138733
1.4939109502812254e-15,1.287202737961251e-18,22.222198009490967
1.4789343489825853e-15,1.2389154493180085e-18,22.230324268341064
1.4640871319666383e-15,1.2834167322975957e-18,22.238810539245605
1.4494075215951293e-15,1.1943108721594287e-18,22.246610641479492
1.4348600483633919e-15,1.2681563873693346e-18,22.255101919174194
1.4204692762268965e-15,1.1625385546385372e-18,22.263212203979492
1.406217417493751e-15,1.2401328523845334e-18,22.271668672561646
1.392108389691336e-15,1.1448749398380799e-18,22.27943229675293
1.378146639742625e-15,1.2016605786971155e-18,22.288206338882446
1.3643145917139623e-15,1.139886110166196e-18,22.29608917236328
1.3506356448905158e-15,1.1567016580436334e-18,22.30485463142395
1.3370769767455794e-15,1.1404504541391103e-18,22.31325364112854
1.32367268035528e-15,1.1105183032884196e-18,22.32172441482544
1.3103843215996362e-15,1.1393023274488867e-18,22.329447746276855
1.2972469464668404e-15,1.069041502821056e-18,22.33814311027527
1.2842258266060553e-15,1.129579749926515e-18,22.346093893051147
1.2713475376760009e-15,1.0369903220361575e-18,22.354726314544678
1.2585905862156407e-15,1.10792074936985e-18,22.362703561782837
1.245964713103868e-15,1.0173775595197955e-18,22.37141704559326
1.2334672713627229e-15,1.0761097611553216e-18,22.379432439804077
1.2210891553880222e-15,1.0098900240125421e-18,22.388142585754395
1.2088452941354613e-15,1.037594474076051e-18,22.396087408065796
1.196710911891333e-15,1.0094200820270354e-18,22.404728174209595
1.1847139607428967e-15,9.970593153385024e-19,22.412746906280518
1.1728208770096175e-15,1.0095283392897033e-18,22.421499490737915
1.161063318547899e-15,9.58626539525334e-19,22.42943549156189
1.1494086745892718e-15,1.0036357114010287e-18,22.43816351890564
1.1378836266715746e-15,9.267399676823335e-19,22.44608473777771
1.1264649872678762e-15,9.880384971683053e-19,22.45483136177063
1.1151660971470958e-15,9.057924458500406e-19,22.462778329849243
1.1039796506500635e-15,9.625221466201524e-19,22.471423387527466
1.0929021537658718e-15,8.960196171054563e-19,22.479411363601685
1.0819430297360588e-15,9.300735055509222e-19,22.488166332244873
1.0710835379566666e-15,8.944436312433897e-19,22.496114015579224
1.0603458071634423e-15,8.936943090059932e-19,22.504881620407104
1.0497014617526527e-15,8.951513876550054e-19,22.512753009796143
1.0391787714489125e-15,8.588134467431274e-19,22.521398067474365
1.0287474548243574e-15,8.921327988046462e-19,22.52942156791687
1.0184331346256418e-15,8.285427722267494e-19,22.53814959526062
1.0082124115675978e-15,8.810193170822666e-19,22.54610013961792
9.981009557597496e-16,8.069724867907806e-19,22.5548837184906
9.880878616529013e-16,8.607350907036647e-19,22.56277322769165
9.781748233129474e-16,7.952485974751252e-19,22.57147455215454
9.68365228871677e-16,8.334631010041562e-19,22.57944369316101
9.586467963513547e-16,7.919770981524779e-19,22.589447259902954
9.490358311362154e-16,8.021122837041488e-19,22.59913682937622
9.39509463336683e-16,7.928748476110394e-19,22.609269618988037
9.300915157543993e-16,7.704768645746348e-19,22.620439767837524
9.207550950932888e-16,7.915361074884106e-19,22.628469228744507
9.115244476714667e-16,7.416729880794664e-19,22.63776659965515
9.023760683246466e-16,7.840339929228609e-19,22.645632028579712
8.933273212282473e-16,7.199555678920398e-19,22.6549334526062
8.843643891573167e-16,7.689970901575657e-19,22.664458513259888
8.754930954633672e-16,7.069962326327481e-19,22.672931432724
8.667125401738923e-16,7.465081172537803e-19,22.68110418319702
8.580153117506036e-16,7.020588949539956e-19,22.68923830986023
8.494127392591705e-16,7.195650352453382e-19,22.697223901748657
8.408869820681415e-16,7.018367969595251e-19,22.705557346343994
8.324577336935404e-16,6.911775407910137e-19,22.71382188796997
8.241015419106399e-16,7.020091607196659e-19,22.722126007080078
8.158403766365095e-16,6.646599398101536e-19,22.73047947883606
8.076519503167246e-16,6.975292539196552e-19,22.738834619522095
7.99553944764059e-16,6.429042625193964e-19,22.74714469909668
7.915312722041399e-16,6.861830759512068e-19,22.755547523498535
7.835922441477622e-16,6.2881897935005515e-19,22.763684272766113
7.757326254301895e-16,6.679355233370753e-19,22.77181386947632
7.679493984965474e-16,6.224520150788696e-19,22.77984118461609
7.602493396104137e-16,6.44906091300563e-19,22.788158893585205
7.526192138819878e-16,6.215601592821726e-19,22.796086072921753
7.4507469142079375e-16,6.198695055076908e-19,22.804855346679688
7.375958140130119e-16,6.221842670543439e-19,22.81275773048401
7.302021692955475e-16,5.955132757686435e-19,22.821390390396118
7.228730579007521e-16,6.199024893346164e-19,22.829426288604736
7.156258969436035e-16,5.748220765286655e-19,22.838104248046875
7.084447516167815e-16,6.116111410671145e-19,22.846100091934204
7.013401039530085e-16,5.600426337290274e-19,22.854878664016724
6.943048071117919e-16,5.9733436558596725e-19,22.862764596939087
6.873394963678421e-16,5.526566863407531e-19,22.87142586708069
6.804471363364747e-16,5.781224754739638e-19,22.87941026687622
6.73618727292625e-16,5.507951163722025e-19,22.88813066482544
6.6686575712064e-16,5.562895084947212e-19,22.896090269088745
6.60172343952759e-16,5.5141901734922065e-19,22.904868602752686
6.535550049314531e-16,5.342151598729779e-19,22.91275978088379
6.469951582714422e-16,5.504227816989771e-19,22.921455144882202
6.405092152360792e-16,5.147428629643851e-19,22.929413318634033
6.340814527762808e-16,5.44851099887973e-19,22.938116550445557
6.277234117159532e-16,4.999696757181294e-19,22.94605779647827
6.214259864509135e-16,5.338042579036922e-19,22.954845666885376
6.151926180525099e-16,4.912627725903963e-19,22.96276092529297
6.09023200641624e-16,5.179129809632063e-19,22.97142195701599
6.029122285040986e-16,4.881529870775032e-19,22.979423761367798
5.968678013924919e-16,4.991161804223396e-19,22.98820948600769
5.908773196917135e-16,4.8822572727261955e-19,22.996060848236084
5.849546006267154e-16,4.793752049110319e-19,23.004849672317505
5.790833917528222e-16,4.881523666920438e-19,23.012784481048584
5.732786220257293e-16,4.610977186984836e-19,23.02141785621643
5.675253095501821e-16,4.845730527839502e-19,23.02933430671692
5.618352598478829e-16,4.463220499103903e-19,23.038102388381958
5.561983614630239e-16,4.765465574088302e-19,23.046082019805908
5.506200142306439e-16,4.3700913358638545e-19,23.054835319519043
5.450976241123419e-16,4.63768633197629e-19,23.06266713142395
