0.07304192334413528,0.08986825495958328,0
0.10961242020130157,0.08376602828502655,0.014789342880249023
0.13481086492538452,0.17880353331565857,0.022430419921875
0.1487201750278473,0.06716250628232956,0.029412508010864258
0.14755037426948547,0.08951009809970856,0.03589272499084473
0.1377558410167694,0.19490833580493927,0.04420280456542969
0.1272837370634079,0.350912868976593,0.05088615417480469
0.11308267712593079,0.520990252494812,0.057047128677368164
0.135409414768219,0.4226449429988861,0.06314206123352051
0.09084293991327286,0.2778520882129669,0.0688326358795166
0.1889917254447937,0.20307709276676178,0.07536697387695312
0.10348568111658096,0.8241249322891235,0.08142948150634766
0.8100873827934265,0.402618944644928,0.08719229698181152
0.800144612789154,5.010605335235596,0.09382152557373047
0.2524409890174866,1.8792638778686523,0.0998222827911377
0.2832440435886383,0.7922113537788391,0.10586833953857422
0.16196228563785553,1.1550366878509521,0.1120901107788086
0.07800853252410889,0.1233825758099556,0.11807870864868164
0.09327761828899384,0.21666474640369415,0.12414336204528809
0.07648660987615585,0.10849994421005249,0.1302502155303955
0.07633453607559204,0.07854446768760681,0.13647961616516113
0.06845320761203766,0.05659082531929016,0.14330172538757324
0.05741502344608307,0.18313464522361755,0.14925003051757812
0.06993371993303299,0.21825122833251953,0.1553182601928711
0.09405358135700226,0.21109259128570557,0.16181373596191406
0.06996019929647446,0.22847828269004822,0.16803717613220215
0.05920799449086189,0.06973942369222641,0.17398381233215332
0.08085562288761139,0.06657789647579193,0.18007946014404297
0.06293120235204697,0.3514516353607178,0.18608880043029785
0.04941257834434509,0.17548449337482452,0.19281864166259766
0.16060924530029297,0.08261216431856155,0.19880151748657227
0.09966567903757095,0.6387759447097778,0.20481228828430176
0.7910269498825073,0.34220072627067566,0.21175909042358398
0.585724413394928,3.7525038719177246,0.2175436019897461
0.41448959708213806,2.588810682296753,0.22363042831420898
0.2677825093269348,1.0480901002883911,0.22978425025939941
0.1281213015317917,0.4629862606525421,0.23587441444396973
0.055231839418411255,0.5210759043693542,0.24191069602966309
0.049296148121356964,0.3813835382461548,0.2479228973388672
0.16850966215133667,0.3479725420475006,0.2540464401245117
0.08991757035255432,0.5308054089546204,0.26080989837646484
0.06892593950033188,0.45045211911201477,0.266768217086792
0.10159701108932495,0.17870859801769257,0.2728557586669922
0.09173979610204697,0.44152528047561646,0.2789008617401123
0.04639357328414917,0.27382686734199524,0.2850804328918457
0.03987637907266617,0.11406806111335754,0.29126477241516113
0.028300439938902855,0.032681599259376526,0.297351598739624
0.028192076832056046,0.06785612553358078,0.3034811019897461
0.21840640902519226,0.025825832039117813,0.3103659152984619
0.12205944955348969,1.0000089406967163,0.3164520263671875
0.3197275400161743,0.6777491569519043,0.3225374221801758
0.2524903118610382,1.405121088027954,0.3286559581756592
0.15567244589328766,1.0233087539672852,0.3347654342651367
0.12213147431612015,0.3639640808105469,0.34089231491088867
0.08938661962747574,0.16728846728801727,0.34690093994140625
0.07858985662460327,0.24509097635746002,0.35311126708984375
0.34201231598854065,0.09785103797912598,0.3600192070007324
0.5565971732139587,2.731062889099121,0.3659038543701172
0.23719561100006104,1.8142048120498657,0.37197303771972656
0.07540016621351242,0.1589435487985611,0.3790721893310547
0.08669497072696686,0.2823616564273834,0.38544607162475586
0.04764539375901222,0.2637265622615814,0.3918755054473877
0.04699324071407318,0.11759984493255615,0.39798641204833984
0.05045945569872856,0.08913019299507141,0.4043874740600586
0.04810240864753723,0.06079275161027908,0.411236047744751
0.035890206694602966,0.09065898507833481,0.41754651069641113
0.035683292895555496,0.08634308725595474,0.42424702644348145
0.029927561059594154,0.06923308968544006,0.4301292896270752
0.030624041333794594,0.04252173379063606,0.4363424777984619
0.02641444280743599,0.05034279823303223,0.44327807426452637
0.025232739746570587,0.03721122443675995,0.44912242889404297
0.022178327664732933,0.03176916763186455,0.4550645351409912
0.02284049615263939,0.030670423060655594,0.46176695823669434
0.018898677080869675,0.05099640414118767,0.4680030345916748
0.02413902059197426,0.036708805710077286,0.4740331172943115
0.02006046660244465,0.07784342020750046,0.480210542678833
0.022130325436592102,0.04584454745054245,0.48636913299560547
0.0213087759912014,0.042596571147441864,0.4933457374572754
0.023660466074943542,0.029072292149066925,0.49932026863098145
0.023409534245729446,0.017735762521624565,0.5053873062133789
0.02274462580680847,0.021475883200764656,0.5117158889770508
0.01863665133714676,0.043383870273828506,0.5177035331726074
0.015035987831652164,0.05334893986582756,0.5238194465637207
0.012694161385297775,0.04959471523761749,0.5299332141876221
0.010489532724022865,0.01702607050538063,0.5358564853668213
0.010379335843026638,0.019901899620890617,0.5418765544891357
0.01602935418486595,0.01207649614661932,0.5479793548583984
0.014969204552471638,0.04290560260415077,0.5540940761566162
0.016118505969643593,0.026095207780599594,0.5613052845001221
0.015649473294615746,0.017756547778844833,0.5672707557678223
0.01531639602035284,0.012885281816124916,0.5734295845031738
0.014177694916725159,0.017080042511224747,0.5795519351959229
0.012289723381400108,0.019189558923244476,0.5856132507324219
0.010218394920229912,0.028903227299451828,0.5918867588043213
0.011235680431127548,0.03346787020564079,0.597769021987915
0.010297366417944431,0.017985690385103226,0.6037616729736328
0.011776364408433437,0.019121453166007996,0.6107854843139648
0.01026622299104929,0.010729019530117512,0.616818904876709
0.009769579395651817,0.02306687831878662,0.6228408813476562
0.009385202080011368,0.010513246059417725,0.6289982795715332
0.009935646317899227,0.009758495725691319,0.6351358890533447
0.009628349915146828,0.010243458673357964,0.6412129402160645
0.009004798717796803,0.01244268100708723,0.6488173007965088
0.007703840732574463,0.02202356979250908,0.6553401947021484
0.007909625768661499,0.02107478491961956,0.6626644134521484
0.008851111866533756,0.02781178615987301,0.6692550182342529
0.0082339346408844,0.021458851173520088,0.6770336627960205
0.008493060246109962,0.015101248398423195,0.6830649375915527
0.008499165996909142,0.008680368773639202,0.6894557476043701
0.00794190727174282,0.005559568293392658,0.6961166858673096
0.007207348011434078,0.007751905359327793,0.7025716304779053
0.006471327971667051,0.008176070638000965,0.7100255489349365
0.006407199427485466,0.01245308481156826,0.7159783840179443
0.005970388650894165,0.009308447130024433,0.7223000526428223
0.005023980047553778,0.02274550125002861,0.7290036678314209
0.006565331481397152,0.017353147268295288,0.735450029373169
0.00690854387357831,0.016956470906734467,0.7428097724914551
0.006091103423386812,0.012411709874868393,0.7488110065460205
0.0054098800756037235,0.00789607036858797,0.7551603317260742
0.004801649134606123,0.005212676711380482,0.7617542743682861
0.004553832113742828,0.004453577566891909,0.7679474353790283
0.004634665325284004,0.005038571543991566,0.7746503353118896
0.0047493549063801765,0.005569412838667631,0.7808701992034912
0.004373854957520962,0.007076777517795563,0.7872076034545898
0.003762888489291072,0.01129970420151949,0.7941577434539795
0.005159437190741301,0.01345672644674778,0.8001177310943604
0.004795318469405174,0.007246817462146282,0.8067376613616943
0.004491856787353754,0.006723182741552591,0.813178300857544
0.004691093694418669,0.005031159613281488,0.8196907043457031
0.00463780015707016,0.006373565644025803,0.8270151615142822
0.0047059012576937675,0.004681169055402279,0.8329954147338867
0.004194824956357479,0.004054195247590542,0.8393409252166748
0.003593761706724763,0.008469931781291962,0.845994234085083
0.0033982666209340096,0.005854909308254719,0.8523874282836914
0.003058049362152815,0.006876099389046431,0.8594522476196289
0.0032833123113960028,0.006919431500136852,0.8654332160949707
0.003253682516515255,0.007590488530695438,0.8717412948608398
0.005952857434749603,0.006778168957680464,0.8783915042877197
0.005185228772461414,0.01387057639658451,0.8846139907836914
0.005495831836014986,0.0066441562958061695,0.8908853530883789
0.005504594650119543,0.017581412568688393,0.8971171379089355
0.005101184826344252,0.013793333433568478,0.9034652709960938
0.00412706146016717,0.008155721239745617,0.9103167057037354
0.003650010097771883,0.004630507435649633,0.9162740707397461
0.0032750405371189117,0.0026103162672370672,0.9226071834564209
0.003116714069619775,0.004500256851315498,0.9287986755371094
0.0029489013832062483,0.004237934481352568,0.9350461959838867
0.002802365692332387,0.006243398413062096,0.9411828517913818
0.0033848776947706938,0.0074775079265236855,0.9473679065704346
0.003687336342409253,0.006002554204314947,0.9537453651428223
0.004093945492058992,0.005024056416004896,0.9607856273651123
0.004307095892727375,0.004052429925650358,0.9667580127716064
0.004224248230457306,0.003171896329149604,0.9732143878936768
0.0035829904954880476,0.0044147297739982605,0.9794135093688965
0.002937254961580038,0.00889825914055109,0.9858605861663818
0.0024869204498827457,0.006031047087162733,0.9928054809570312
0.0022306658793240786,0.003278362564742565,0.9988172054290771
0.002274732571095228,0.0035697747953236103,1.005239486694336
0.002301885513588786,0.0032069762237370014,1.0119390487670898
0.002764770993962884,0.004371176939457655,1.0182240009307861
0.003521508537232876,0.004158410243690014,1.0245568752288818
0.004112357273697853,0.0045112730003893375,1.0307121276855469
0.004174268804490566,0.0037083469796925783,1.037034034729004
0.003920665942132473,0.003154243342578411,1.044142484664917
0.0033844972494989634,0.005118104163557291,1.0502314567565918
0.002577632898464799,0.007169109303504229,1.0566811561584473
0.0026295254938304424,0.008921068161725998,1.062955379486084
0.002853891346603632,0.006111688446253538,1.0692768096923828
0.0025024947244673967,0.004452470224350691,1.076125144958496
0.002379335928708315,0.003772214986383915,1.08213210105896
0.0024471739307045937,0.0029333976563066244,1.088559865951538
0.002689115237444639,0.004303489346057177,1.095057725906372
0.002801896771416068,0.0028247199952602386,1.101078987121582
0.0026583021972328424,0.0024365736171603203,1.1074600219726562
0.002420415636152029,0.0028798533603549004,1.1137750148773193
0.0022221822291612625,0.003664623247459531,1.1201767921447754
0.0019120752112939954,0.004403918981552124,1.1270005702972412
0.0020041228272020817,0.006112764589488506,1.1329610347747803
0.0034173522144556046,0.004673749674111605,1.1391961574554443
0.0032253714744001627,0.009849794209003448,1.145456075668335
0.002609281102195382,0.006550396326929331,1.1516907215118408
0.0023251271340996027,0.0033710519783198833,1.157956838607788
0.002143183024600148,0.0018462928710505366,1.1640985012054443
0.002095798496156931,0.0015334092313423753,1.1704277992248535
0.002136786235496402,0.00178204954136163,1.1775851249694824
0.002126507693901658,0.0020182165317237377,1.1835808753967285
0.0017682942561805248,0.003759500104933977,1.190030574798584
0.0017748514655977488,0.005452679004520178,1.1962733268737793
0.002111258218064904,0.005122420843690634,1.202559471130371
0.0018564314814284444,0.004533667583018541,1.2094252109527588
0.0018817244563251734,0.00287881912663579,1.215531587600708
0.0018328691367059946,0.0027155287098139524,1.2219665050506592
0.0017984415171667933,0.001842871424742043,1.2284283638000488
0.001651947502978146,0.001536330790258944,1.2349586486816406
0.0015109984669834375,0.0017145875608548522,1.241837739944458
0.0013961100485175848,0.00324181467294693,1.2482705116271973
0.001291070249862969,0.0026354584842920303,1.2545955181121826
0.001121188630349934,0.0028024534694850445,1.2616958618164062
0.0013712365180253983,0.003858664771541953,1.2679612636566162
0.0016064406372606754,0.00353497383184731,1.2744486331939697
0.0017061219550669193,0.0026114247739315033,1.2807443141937256
0.00165521539747715,0.0024536827113479376,1.2870984077453613
0.0015182308852672577,0.0015090139349922538,1.295147180557251
0.0013260254636406898,0.0011917909141629934,1.3015527725219727
0.0012406115420162678,0.0018017208203673363,1.308175802230835
0.0011274878634139895,0.0017977148527279496,1.3148725032806396
0.0010941860964521766,0.0015546949580311775,1.3213820457458496
0.0011151265352964401,0.0031205264385789633,1.3287255764007568
0.0011817211052402854,0.002881672466173768,1.3348565101623535
0.0012466702610254288,0.002187666017562151,1.3411328792572021
0.0013338950229808688,0.00173374661244452,1.3476901054382324
0.0013289157068356872,0.0013804922346025705,1.3540058135986328
0.001275437418371439,0.001396847772412002,1.3613266944885254
0.0012187648098915815,0.001229790854267776,1.367105484008789
0.0010876806918531656,0.0010429873364046216,1.37330961227417
0.0009053291287273169,0.0023661567829549313,1.379451036453247
0.001029387698508799,0.002359714824706316,1.3855409622192383
0.0010181282414123416,0.0015814134385436773,1.3919944763183594
0.0010763767641037703,0.0014958089450374246,1.398019552230835
0.0010742017766460776,0.001565726357512176,1.4040296077728271
0.0010947106638923287,0.0014888056321069598,1.410841464996338
0.0011700770119205117,0.0009865545434877276,1.4168674945831299
0.0011570628266781569,0.001209897338412702,1.4229223728179932
0.0011586450273171067,0.0014037685468792915,1.4290969371795654
0.0011287352535873652,0.0017793471924960613,1.4352116584777832
0.0008432854083366692,0.002989240223541856,1.441373348236084
0.0010681597050279379,0.0028076081071048975,1.4476044178009033
0.000971077533904463,0.0011836780468001962,1.4535415172576904
0.0009362798882648349,0.0014311557170003653,1.4604418277740479
0.0009041024022735655,0.0012631716672331095,1.4668011665344238
0.0009050031076185405,0.0009350242326036096,1.4728963375091553
0.0009242696105502546,0.0007983242394402623,1.4790751934051514
0.0009723120019771159,0.0007851742557249963,1.4852116107940674
0.0009330442408099771,0.0009745036950334907,1.4915406703948975
0.0007170937024056911,0.0021317056380212307,1.4975066184997559
0.0010477467440068722,0.002492377068847418,1.503586769104004
0.0008407123386859894,0.002736693248152733,1.5103774070739746
0.0009340900578536093,0.002464842051267624,1.516237497329712
0.0008909580064937472,0.0019201920367777348,1.5225932598114014
0.0008314608130604029,0.001626828103326261,1.5291008949279785
0.0007930135470815003,0.0011282232590019703,1.5351243019104004
0.0007894038571976125,0.000775488733779639,1.5413813591003418
0.0008166957413777709,0.0007060942589305341,1.5474615097045898
0.0008661335450597107,0.0007548950961790979,1.5535240173339844
0.000863529450725764,0.0009748141746968031,1.5603241920471191
0.0008344905800186098,0.001657053828239441,1.5663084983825684
0.0008508441387675703,0.0019265292212367058,1.572402000427246
0.000932372931856662,0.002397024305537343,1.5786001682281494
0.0009460275759920478,0.0013877068413421512,1.5847296714782715
0.0009316110517829657,0.001777926809154451,1.5908608436584473
0.0008903247653506696,0.0014289063401520252,1.5970253944396973
0.0008520300616510212,0.0009241495281457901,1.6030161380767822
0.0008243325864896178,0.0006505771889351308,1.6100239753723145
0.0008017632062546909,0.0008394868345931172,1.6160149574279785
0.0006971392431296408,0.0012571433326229453,1.6219065189361572
0.0006077757570892572,0.0014356642495840788,1.6283996105194092
0.0006645129760727286,0.001724538393318653,1.634606122970581
0.0006751559558324516,0.0017252424731850624,1.6409146785736084
0.0006824113661423326,0.0014558220282196999,1.6469454765319824
0.0006572679267264903,0.001048665726557374,1.6531715393066406
0.0006469074869528413,0.0006788114551454782,1.6603310108184814
0.0006311442120932043,0.0004615717916749418,1.6660511493682861
0.0006155559094622731,0.0005375196342356503,1.672010898590088
0.000578929902985692,0.0008174357353709638,1.67840576171875
0.000500778725836426,0.0009307630825787783,1.6843419075012207
0.0005030067404732108,0.0015740852104499936,1.691246747970581
0.0006049716612324119,0.001696425606496632,1.6974055767059326
0.0006356305675581098,0.001301401644013822,1.70355224609375
0.0006218896014615893,0.0011928182793781161,1.710378646850586
0.0006002781447023153,0.001015791087411344,1.7163431644439697
0.0005731605924665928,0.0007567390566691756,1.7224223613739014
0.0005579161806963384,0.000576615275349468,1.7286198139190674
0.0005508652538992465,0.0004574938502628356,1.7347524166107178
0.0005261076148599386,0.0004301637236494571,1.7410805225372314
0.00045804926776327193,0.0006781430565752089,1.747206449508667
0.0004086144035682082,0.0010600525420159101,1.7531251907348633
0.0005703155766241252,0.0011931965127587318,1.7603600025177002
0.00059682154096663,0.0009882960002869368,1.7663516998291016
0.0005996678955852985,0.0010940723586827517,1.7723133563995361
0.0005714591825380921,0.0009811515919864178,1.7784340381622314
0.0005412918981164694,0.0006508946535177529,1.7847089767456055
0.0005299950717017055,0.0004567834548652172,1.7909698486328125
0.0005477653467096388,0.0005089095211587846,1.796919345855713
0.0004977759090252221,0.0008864281116984785,1.8031554222106934
0.00040406748303212225,0.0008362320368178189,1.8103175163269043
0.0004174954956397414,0.0009626933606341481,1.8161654472351074
0.0004129317821934819,0.001558732707053423,1.8220829963684082
0.00041621457785367966,0.0013134294422343373,1.8284354209899902
0.00039985644980333745,0.0009198978077620268,1.8346095085144043
0.00040032941615208983,0.0007223324500955641,1.8404147624969482
0.00040914586861617863,0.0005303150392137468,1.846566915512085
0.00040819638525135815,0.00035736357676796615,1.8526649475097656
0.0003803759173024446,0.00027207593666389585,1.859459638595581
0.0003334878128953278,0.00048205890925601125,1.8655023574829102
0.00030551585950888693,0.0005709293182007968,1.871577501296997
0.0002823896938934922,0.0004122934187762439,1.8783257007598877
0.0002754603046923876,0.0004330354568082839,1.8843505382537842
0.0003373833023943007,0.0004504554672166705,1.8905086517333984
0.0002850485034286976,0.0005921481642872095,1.896742582321167
0.0003824654268100858,0.0008951823110692203,1.9027323722839355
0.0003770258044824004,0.0005411115707829595,1.90952467918396
0.00044077818165533245,0.000451472558779642,1.91550874710083
0.00045032735215499997,0.0006722040707245469,1.9222843647003174
0.00047955510672181845,0.00036534699029289186,1.9290039539337158
0.0004159984819125384,0.0011254100827500224,1.935122013092041
0.000377721298718825,0.000672807393129915,1.941476583480835
0.00034064988722093403,0.0005914794746786356,1.9476287364959717
0.000303164852084592,0.000328646507114172,1.9536755084991455
0.0002801824011839926,0.0005730596021749079,1.9611942768096924
0.0002611181407701224,0.00047897553304210305,1.9668493270874023
0.0002809855795931071,0.0006447246996685863,1.9729373455047607
0.0003671348968055099,0.0006063011242076755,1.9791789054870605
0.000443406926933676,0.0005289210239425302,1.9851462841033936
0.0004425602382980287,0.000576481397729367,1.991396427154541
0.0003985974472016096,0.00035834478330798447,1.9974491596221924
0.0003401403082534671,0.0004437622264958918,2.003918409347534
0.0003218944475520402,0.0007084131357260048,2.010899305343628
0.00027425820007920265,0.0004310569493100047,2.016862630844116
0.00025658655795268714,0.00038597884122282267,2.0232832431793213
0.0002744460944086313,0.0005761064821854234,2.029590129852295
0.0002570640644989908,0.0006693406612612307,2.0358450412750244
0.00037994227022863925,0.0008641162421554327,2.0427985191345215
0.0003795598750002682,0.0008443627157248557,2.0488436222076416
0.0003575131413526833,0.0006806061719544232,2.0551741123199463
0.00033460475970059633,0.00042074223165400326,2.061763048171997
0.0003241219383198768,0.0002643721818458289,2.067991018295288
0.000316261692205444,0.0002592861419543624,2.074530601501465
0.00029923301190137863,0.00048298630281351507,2.0807323455810547
0.00026580673875287175,0.0003776419616769999,2.087096929550171
0.0002261944900965318,0.0006756702205166221,2.0941052436828613
0.00024671503342688084,0.0008208799990825355,2.1000847816467285
0.00033808115404099226,0.0007570541929453611,2.106614828109741
0.00033354354673065245,0.0006476736161857843,2.1129262447357178
0.00031244492856785655,0.0005174777470529079,2.119176149368286
0.00029503146652132273,0.000380031910026446,2.126126289367676
0.00028147551347501576,0.0002187539212172851,2.1321933269500732
0.00027400380349718034,0.000214659288758412,2.1385586261749268
0.000273359939455986,0.0004159536911174655,2.1451621055603027
0.0002663758350536227,0.0003382341528777033,2.1513442993164062
0.00021135283168405294,0.0006266993586905301,2.157801628112793
0.0001964308466995135,0.0006420431891456246,2.1640517711639404
0.000188205303857103,0.000501474307384342,2.17049241065979
0.00021096041018608958,0.0004322084132581949,2.177506446838379
0.00023387541295960546,0.0003709550655912608,2.1836302280426025
0.00024401747214142233,0.0003539581084623933,2.1902990341186523
0.00024369246966671199,0.00029501866083592176,2.1964213848114014
0.00023543511633761227,0.00018100409943144768,2.2026925086975098
0.00021498245769180357,0.000184355114470236,2.2094838619232178
0.0001885891833808273,0.0003134704602416605,2.215461254119873
0.00015869818162173033,0.0003056924033444375,2.2218174934387207
0.00015751786122564226,0.00030991967651061714,2.22841739654541
0.00017271825345233083,0.0003542455960996449,2.234437942504883
0.00019012978009413928,0.0003981266054324806,2.2413933277130127
0.00019237480591982603,0.00034446618519723415,2.2476515769958496
0.00020324216166045517,0.00028669348102994263,2.2540571689605713
0.0002571275399532169,0.0002629287482704967,2.260796070098877
0.0002535590319894254,0.00016001026961021125,2.2667200565338135
0.00023065989080350846,0.00028284473228268325,2.2730815410614014
0.00020292800036258996,0.00032485005795024335,2.2792906761169434
0.0001654788211453706,0.00040225396514870226,2.285593032836914
0.00018508840003050864,0.0004515833279583603,2.29276967048645
0.0001416002050973475,0.00037072718259878457,2.2989585399627686
0.00014916430518496782,0.0003981722693424672,2.3054301738739014
0.0001472270960221067,0.00035953594488091767,2.3118784427642822
0.000171795065398328,0.0003204451350029558,2.3182170391082764
0.00018549375818111002,0.000356971169821918,2.324589490890503
0.00018891124636866152,0.00032068585278466344,2.3307600021362305
0.0001840733748394996,0.00021850231860298663,2.3371148109436035
0.00017807086987886578,0.00012648629490286112,2.3441720008850098
0.00016729831986594945,0.0001440826745238155,2.3500030040740967
0.00014698004815727472,0.0002622084866743535,2.356384754180908
0.00012228639388922602,0.00025383607135154307,2.3626108169555664
0.00012233851884957403,0.0003128067764919251,2.3690505027770996
0.00012587124365381896,0.0003709077136591077,2.3761179447174072
0.00013283365115057677,0.00033663594513200223,2.3821442127227783
0.00013280907296575606,0.00027599959867075086,2.3884966373443604
0.00013164138363208622,0.00020902806136291474,2.3950860500335693
0.00013496763131115586,0.00017059686069842428,2.4013242721557617
0.0001507342967670411,0.00013990630395710468,2.4077839851379395
0.00014856786583550274,0.00010974383621942252,2.4139482975006104
0.00013865786604583263,0.00018401873239781708,2.4204280376434326
0.00013857816520612687,0.00022180951782502234,2.4275763034820557
0.00011621582962106913,0.0002914722135756165,2.433385133743286
0.00011936703958781436,0.00033532080124132335,2.4397552013397217
0.00013511428551282734,0.00026454159524291754,2.4463484287261963
0.00012743381375912577,0.00021402940910775214,2.4526190757751465
0.00013519707135856152,0.00019067709217779338,2.4593124389648438
0.0001383394846925512,0.00018554358393885195,2.466376304626465
0.00014234805712476373,0.00017612140800338238,2.472646713256836
0.00014275673311203718,0.00013558413775172085,2.478734016418457
0.00014279215247370303,0.00010469619155628607,2.485050678253174
0.00013492791913449764,0.0002039520477410406,2.491246461868286
0.00010149252193514258,0.0002638731384649873,2.497500419616699
0.00011104992881882936,0.00038478730130009353,2.5039634704589844
0.00010927220137091354,0.0003458998107817024,2.5109703540802
0.0001039338021655567,0.0003336954105179757,2.517042875289917
9.751115430844948e-05,0.00024808538728393614,2.5235695838928223
9.682465315563604e-05,0.00017834811296779662,2.529754161834717
0.00010248678881907836,0.00013395962014328688,2.53619384765625
0.00010616797226248309,0.00010556112101767212,2.5428271293640137
0.00010610510798869655,9.600426710676402e-05,2.5489041805267334
0.00010108646529261023,8.172157686203718e-05,2.55538272857666
9.253620373783633e-05,0.00011270876711932942,2.562506675720215
8.309935947181657e-05,0.0001690887293079868,2.5695552825927734
8.058476669248194e-05,0.00020237847638782114,2.5769877433776855
9.61484620347619e-05,0.00017537602980155498,2.583158016204834
9.214864985551685e-05,0.00014423741959035397,2.5892834663391113
9.340499673271552e-05,0.0001337066787527874,2.595945358276367
9.175697778118774e-05,0.00014674876001663506,2.6021623611450195
9.112570842262357e-05,0.00013296362885739654,2.608550548553467
9.674253669800237e-05,0.00011125457240268588,2.614900827407837
9.74463764578104e-05,7.61936025810428e-05,2.620973825454712
9.067388600669801e-05,0.00012801696720998734,2.6280081272125244
8.659913146402687e-05,0.00013533158926293254,2.633955478668213
7.853198621887714e-05,0.00013866875087842345,2.6400468349456787
8.094016084214672e-05,0.00017787126125767827,2.64644455909729
8.816037006909028e-05,0.00018167980306316167,2.6524136066436768
9.58867822191678e-05,0.00014716022997163236,2.659478187561035
9.812985081225634e-05,0.00014537590323016047,2.66560435295105
9.693820175016299e-05,0.00011498613457661122,2.671654462814331
9.235890320269391e-05,7.675874803680927e-05,2.6783318519592285
8.455746137769893e-05,6.565994408447295e-05,2.684340715408325
7.667524187127128e-05,0.0001125391063396819,2.690434694290161
6.794118962716311e-05,0.0001420591725036502,2.69663143157959
7.09584855940193e-05,0.00014028891746420413,2.702698230743408
7.610804459545761e-05,0.00018720499065238982,2.7094905376434326
8.014068589545786e-05,0.00019210655591450632,2.7155089378356934
7.99402259872295e-05,0.00015698176866862923,2.721550464630127
7.899425690993667e-05,0.00011227221693843603,2.728438377380371
7.779908628435805e-05,7.519033533753827e-05,2.7343854904174805
7.79580368543975e-05,5.969999256194569e-05,2.740543842315674
7.732683297945186e-05,8.36841354612261e-05,2.7469143867492676
7.644020661246032e-05,0.00010532594751566648,2.7531654834747314
7.57090310798958e-05,0.00010035884042736143,2.760399103164673
6.958782614674419e-05,0.00014039542293176055,2.7663779258728027
6.309738091658801e-05,0.00016976401093415916,2.7725095748901367
7.314784306799993e-05,0.0001446497335564345,2.778745412826538
7.599600940011442e-05,0.00011426083801779896,2.784738540649414
7.737561827525496e-05,0.00011710520630003884,2.7910397052764893
7.707395707257092e-05,0.00010671948257368058,2.7972218990325928
7.616999937454239e-05,7.076824840623885e-05,2.803323268890381
7.233409996842965e-05,4.518575224210508e-05,2.810412883758545
6.660938379354775e-05,9.953463450074196e-05,2.8162567615509033
6.356143421726301e-05,0.00012017991684842855,2.822305202484131
5.449503441923298e-05,9.494119876762852e-05,2.8287041187286377
4.851796620641835e-05,0.0001412313140463084,2.8348031044006348
5.015645001549274e-05,0.00012484649778343737,2.8410727977752686
4.8296311433659866e-05,0.00010435294097987935,2.8474740982055664
5.2057923312531784e-05,9.479936852585524e-05,2.8535776138305664
5.600045551545918e-05,7.383386400761083e-05,2.8603639602661133
5.686466101906262e-05,7.755161641398445e-05,2.8664259910583496
6.488220242317766e-05,7.324155740207061e-05,2.872504234313965
6.0965274315094575e-05,6.924298213561997e-05,2.878664016723633
5.575258546741679e-05,7.527614070568234e-05,2.8847553730010986
4.6791628847131506e-05,9.047188359545544e-05,2.8909919261932373
4.0156977775041014e-05,8.647149661555886e-05,2.897226333618164
3.570244734873995e-05,8.745199011173099e-05,2.9031577110290527
3.324986028019339e-05,7.177316001616418e-05,2.9099700450897217
3.225442924303934e-05,6.259373185457662e-05,2.9159388542175293
3.4394815884297714e-05,5.603420868283138e-05,2.921910285949707
3.654109968920238e-05,5.710061304853298e-05,2.9284560680389404
4.147749496041797e-05,5.123854862176813e-05,2.934612989425659
4.418085154611617e-05,5.342813892639242e-05,2.9407620429992676
4.394703501020558e-05,4.56048219348304e-05,2.9468414783477783
4.019220796180889e-05,4.692551010521129e-05,2.9528069496154785
3.2585074222879484e-05,9.709339792607352e-05,2.959517478942871
3.039737930521369e-05,8.459170203423128e-05,2.9656131267547607
2.5190352971549146e-05,6.643702363362536e-05,2.9717085361480713
2.4603010388091207e-05,6.219151691766456e-05,2.9784581661224365
2.3755806978442706e-05,4.806956712855026e-05,2.984632968902588
2.3670167138334364e-05,4.3415446270955727e-05,2.99051570892334
2.541380854381714e-05,4.115797855774872e-05,2.9967479705810547
2.7010899430024438e-05,3.519971141940914e-05,3.002755641937256
2.8436876164050773e-05,3.600552736315876e-05,3.009495496749878
2.9838085538358428e-05,3.3948104828596115e-05,3.0155746936798096
3.027237471542321e-05,3.4417043934809044e-05,3.0216522216796875
3.1031755497679114e-05,4.07139741582796e-05,3.028390645980835
2.9089369490975514e-05,4.67663339804858e-05,3.0344178676605225
2.4655981178511865e-05,5.5626092944294214e-05,3.0407047271728516
2.5197545255650766e-05,5.595823677140288e-05,3.0468826293945312
2.7272481020190753e-05,4.552062455331907e-05,3.052708148956299
2.8615473638637923e-05,3.784242653637193e-05,3.059579849243164
2.9186421670601703e-05,3.986039519077167e-05,3.065603733062744
2.9147409804863855e-05,3.5968947486253455e-05,3.071566581726074
2.8777665647794493e-05,2.4829821995808743e-05,3.078463315963745
2.8792157536372542e-05,2.61400800809497e-05,3.0844128131866455
2.6083425836986862e-05,5.2093437261646613e-05,3.0906879901885986
2.2992097001406364e-05,5.2387007599463686e-05,3.0969033241271973
2.311950629518833e-05,4.655297379940748e-05,3.1030726432800293
2.1532241589738987e-05,3.6748610000358894e-05,3.109957456588745
2.0637220586650074e-05,3.13164564431645e-05,3.115811586380005
2.019101521000266e-05,2.930905611719936e-05,3.121915340423584
1.9683480786625296e-05,2.6261903258273378e-05,3.1284406185150146
1.914603308250662e-05,2.0698262233054265e-05,3.134413003921509
1.8909629943664186e-05,1.814724600990303e-05,3.1405205726623535
1.8114516933565028e-05,2.5702342099975795e-05,3.146667003631592
1.7356074749841355e-05,3.401571302674711e-05,3.152714490890503
2.0760109691764228e-05,3.5667504562297836e-05,3.1594526767730713
2.131154906237498e-05,3.199333878001198e-05,3.1655144691467285
2.0810104615520686e-05,3.5705557820620015e-05,3.1715455055236816
2.0064584532519802e-05,3.112187550868839e-05,3.178467035293579
1.9542370864655823e-05,2.2863279809826054e-05,3.1844258308410645
1.932079430844169e-05,2.0673309336416423e-05,3.1918418407440186
2.0000114091089927e-05,2.161434167646803e-05,3.1983933448791504
1.964386501640547e-05,2.2709577024215832e-05,3.2044260501861572
1.8381928384769708e-05,3.0018538382137194e-05,3.211629867553711
1.8786995497066528e-05,3.899926377926022e-05,3.2176337242126465
2.0843524907832034e-05,4.530419028014876e-05,3.2235450744628906
2.2926635210751556e-05,4.136431380175054e-05,3.229745864868164
2.2549293134943582e-05,3.9482376450905576e-05,3.235750198364258
2.0784458683920093e-05,3.543648199411109e-05,3.243462324142456
1.8814675058820285e-05,2.290840529894922e-05,3.2496917247772217
1.667616015765816e-05,1.6609945305390283e-05,3.2562665939331055
1.5113559129531495e-05,1.875591442512814e-05,3.262773036956787
1.3902759746997617e-05,2.661050166352652e-05,3.2695608139038086
1.5685867765569128e-05,2.4591436158516444e-05,3.277085542678833
1.5750949387438595e-05,2.432918881822843e-05,3.2831029891967773
1.661837632127572e-05,2.6368679755250923e-05,3.288813829421997
1.681885805737693e-05,2.4245333406724967e-05,3.295225143432617
1.6754553143982776e-05,2.037960075540468e-05,3.3014121055603027
1.5776702639413998e-05,1.718057319521904e-05,3.307429552078247
1.4828643543296494e-05,2.053734533546958e-05,3.3135695457458496
1.4359611668623984e-05,2.1742596800322644e-05,3.3197133541107178
1.4437583558901679e-05,2.2411639292840846e-05,3.326634645462036
1.4223342077457346e-05,2.145880898751784e-05,3.3326234817504883
1.4918253327778075e-05,2.3505897843278944e-05,3.3386733531951904
1.591536965861451e-05,2.099608536809683e-05,3.3451075553894043
1.701953988231253e-05,2.5397204808541574e-05,3.3509607315063477
1.8188733520219103e-05,2.3618949853698723e-05,3.3570823669433594
1.7710848624119535e-05,2.1271242076181807e-05,3.3633077144622803
1.6812835383461788e-05,2.1682673832401633e-05,3.3693349361419678
1.641887502046302e-05,2.5712708520586602e-05,3.3761510848999023
1.4860609553579707e-05,2.4554896299378015e-05,3.382127046585083
1.297404378419742e-05,2.5738354452187195e-05,3.3882319927215576
1.2720009181066416e-05,2.911803312599659e-05,3.3950741291046143
1.3393547305895481e-05,3.233698589610867e-05,3.401073455810547
1.374013845634181e-05,2.6861884180107154e-05,3.4072537422180176
1.371536109218141e-05,2.371279515500646e-05,3.4133546352386475
1.3528507224691566e-05,1.5550389434793033e-05,3.419402837753296
1.327927293459652e-05,1.138842253567418e-05,3.4261629581451416
1.2902007256343495e-05,1.0864337127713952e-05,3.432224750518799
1.2058108040946536e-05,1.61238440341549e-05,3.4378764629364014
1.1130599887110293e-05,1.6621061149635352e-05,3.44460391998291
9.966989637177903e-06,2.0635918190237135e-05,3.4505856037139893
1.0160984857066069e-05,2.9167104003136046e-05,3.456639528274536
1.162229455076158e-05,2.6222329324809834e-05,3.4627792835235596
1.2501370292739011e-05,2.0597864931914955e-05,3.468991756439209
1.2869868442066945e-05,2.2452524717664346e-05,3.475252151489258
1.2759462151734624e-05,2.0827203115914017e-05,3.4810609817504883
1.2337986845523119e-05,1.5871604773565196e-05,3.4873623847961426
1.1929387255804613e-05,1.0875415682676248e-05,3.4942166805267334
1.1845536391774658e-05,9.560610124026425e-06,3.5001258850097656
1.1526011803653091e-05,1.7775006199372e-05,3.5063023567199707
9.711216989671811e-06,1.8358392480877228e-05,3.512550115585327
8.973662261269055e-06,2.2286914827418514e-05,3.5192089080810547
1.0791897693707142e-05,3.628029298852198e-05,3.5261218547821045
1.0779017429740634e-05,3.2958705560304224e-05,3.5321974754333496
1.0613539416226558e-05,2.534255872888025e-05,3.538609504699707
1.0347315765102394e-05,1.918594352900982e-05,3.5450708866119385
1.0173334885621443e-05,1.4163976629788522e-05,3.5511341094970703
1.0044411283161025e-05,1.0059636224468704e-05,3.557514190673828
9.985929864342324e-06,6.979263162065763e-06,3.563657283782959
9.608618711354211e-06,8.306031304528005e-06,3.5699634552001953
9.206039976561442e-06,1.3877330275136046e-05,3.5770316123962402
9.528434020467103e-06,1.5182749848463573e-05,3.582960367202759
7.5742482295027e-06,2.2014204660081305e-05,3.589334011077881
8.760713171795942e-06,2.7066796974395402e-05,3.5955636501312256
8.800733667158056e-06,1.771746792655904e-05,3.601987838745117
9.017773663799744e-06,1.9136037735734135e-05,3.6079680919647217
9.052161658473779e-06,1.626410085009411e-05,3.614210367202759
9.000526006275322e-06,1.2620668712770566e-05,3.620582342147827
8.978731784736738e-06,8.666729627293535e-06,3.627488374710083
9.104185664909892e-06,6.830461643403396e-06,3.6335039138793945
9.190622222376987e-06,1.1677863767545205e-05,3.6400110721588135
8.009816156118177e-06,1.1920872566406615e-05,3.6462347507476807
6.951723662496079e-06,1.780090678948909e-05,3.6526031494140625
6.788634891563561e-06,2.267826312163379e-05,3.659503221511841
5.7627098613011185e-06,1.8317588910576887e-05,3.665531635284424
6.273926828725962e-06,1.601751137059182e-05,3.671794891357422
6.524671334773302e-06,1.2621492714970373e-05,3.678450345993042
7.167978310462786e-06,1.292982960876543e-05,3.6844539642333984
7.465918770321878e-06,1.1373221241228748e-05,3.6908113956451416
7.652517524547875e-06,1.0130145710718352e-05,3.6971728801727295
7.701272807025816e-06,7.29724888515193e-06,3.703495979309082
7.350970008701552e-06,5.606982540484751e-06,3.710339307785034
6.615335223614238e-06,9.777526429388672e-06,3.715930461883545
5.839449386257911e-06,1.1426976016082335e-05,3.722285747528076
5.233904175838688e-06,8.761248864175286e-06,3.7292535305023193
4.837345841224305e-06,9.566921107762028e-06,3.7357423305511475
5.6712001423875336e-06,1.0806204954860732e-05,3.7428183555603027
5.7067118177656084e-06,1.0217902854492422e-05,3.7488298416137695
6.4432415456394665e-06,1.0875944099097978e-05,3.7551991939544678
6.805037173762685e-06,9.672289706941228e-06,3.761770248413086
7.074093446135521e-06,1.0061963621410541e-05,3.7679944038391113
7.211162483145017e-06,9.28974350244971e-06,3.7743942737579346
7.158731932577211e-06,6.721380941598909e-06,3.7804718017578125
6.975627456995426e-06,6.35069500276586e-06,3.7868335247039795
6.5205408645852e-06,8.401334525842685e-06,3.7936863899230957
5.35497565579135e-06,1.2325171155680437e-05,3.799715042114258
5.493806838785531e-06,1.3300319551490247e-05,3.8060247898101807
4.75587512482889e-06,1.494465413998114e-05,3.8124656677246094
5.497070105775492e-06,1.5683855963288806e-05,3.818840503692627
5.551140475290595e-06,1.5040035577840172e-05,3.8266663551330566
5.537895049201325e-06,1.3093304914946202e-05,3.8333828449249268
5.414568022388266e-06,1.0160952115256805e-05,3.8398778438568115
5.395981588662835e-06,7.538358204328688e-06,3.846273422241211
5.386613793234574e-06,5.204620265431004e-06,3.8526816368103027
5.28410100741894e-06,4.010245902463794e-06,3.859858989715576
4.754726887767902e-06,4.684372015617555e-06,3.865844964981079
3.9621149880986195e-06,7.641751835762989e-06,3.872318983078003
3.264967290306231e-06,7.953762178658508e-06,3.8788609504699707
3.2064415336208185e-06,8.304888979182579e-06,3.885331869125366
3.6571971122612013e-06,7.046223799989093e-06,3.89186692237854
3.83491942557157e-06,6.655529887211742e-06,3.8984439373016357
3.884523266606266e-06,8.148062079271767e-06,3.9049766063690186
3.7784659525641473e-06,6.725902039761422e-06,3.911853313446045
3.6780227219423978e-06,4.522153176367283e-06,3.918004035949707
3.601218395488104e-06,3.0406743007915793e-06,3.924344062805176
3.549342864062055e-06,2.8375363854138413e-06,3.9303600788116455
3.359839183758595e-06,5.479520496010082e-06,3.9368114471435547
2.712742116273148e-06,5.5293839977821335e-06,3.943694829940796
2.4049149942584336e-06,6.590954853891162e-06,3.949347496032715
3.097872649959754e-06,9.05995966604678e-06,3.955561399459839
3.0694823180965614e-06,9.449026038055308e-06,3.9618172645568848
2.927078639913816e-06,7.612052741023945e-06,3.968003273010254
2.7805181161966175e-06,5.2402456276468e-06,3.9743707180023193
2.7680894163495395e-06,3.419053655306925e-06,3.980496883392334
2.7886378575203707e-06,2.427836079732515e-06,3.9868359565734863
2.9272173378558364e-06,2.3720292574580526e-06,3.9937362670898438
2.9922916837676894e-06,3.944707259506686e-06,3.999711036682129
2.8742840640916256e-06,4.055411409353837e-06,4.006098031997681
2.6156508283747826e-06,4.044290108140558e-06,4.01235556602478
2.3746192709950265e-06,7.615361028001644e-06,4.018834114074707
2.0995273644075496e-06,7.27904807718005e-06,4.025215148925781
2.046371037067729e-06,5.740982942370465e-06,4.031224250793457
2.2824851839686744e-06,4.742005330626853e-06,4.037647724151611
2.457197069816175e-06,4.674318006436806e-06,4.044577121734619
2.585615902717109e-06,4.8143865569727495e-06,4.050640106201172
2.602676431706641e-06,3.93837399315089e-06,4.057041645050049
2.5620711312512867e-06,2.8206241040606983e-06,4.0632171630859375
2.483002162989578e-06,1.8127481098417775e-06,4.069719552993774
2.295503236382501e-06,1.7798561202653218e-06,4.076693296432495
2.0286470316932537e-06,3.5379623568587704e-06,4.082676649093628
1.7035043811119976e-06,3.5678892800206086e-06,4.089013338088989
1.7327744217254804e-06,3.7866943785047624e-06,4.095292806625366
1.8638536403159378e-06,5.89324099564692e-06,4.101762056350708
1.8754556094791042e-06,6.314038273558253e-06,4.108129501342773
1.815116888792545e-06,5.137582320458023e-06,4.11436653137207
1.7939074723472004e-06,3.7623037769662915e-06,4.120579957962036
1.763684167599422e-06,2.6454458748048637e-06,4.127519845962524
1.7522332882435876e-06,1.8715315945883049e-06,4.133633613586426
1.8196022892880137e-06,2.0013706034660572e-06,4.140428781509399
1.956869027708308e-06,2.5675578854134073e-06,4.146768093109131
1.945031954164733e-06,2.742437573033385e-06,4.1531713008880615
1.8094283404934686e-06,2.136735247404431e-06,4.16000771522522
1.6064750525401905e-06,2.197241428802954e-06,4.165978193283081
1.4952750007068971e-06,2.928558615167276e-06,4.172347068786621
1.4573533917427994e-06,3.7166410038480535e-06,4.178714036941528
1.6119188330776524e-06,3.5830321394314524e-06,4.184911489486694
1.7375606375935604e-06,3.1665745154896285e-06,4.191228866577148
1.80229085344763e-06,3.2905386433412787e-06,4.1974241733551025
1.826737843657611e-06,3.0965493351686746e-06,4.203813791275024
1.8406269646220608e-06,2.466889554852969e-06,4.210784196853638
1.8626863038662123e-06,1.8151266658605891e-06,4.21678352355957
1.8866554682972492e-06,1.5430533721882966e-06,4.2231433391571045
1.7974667798625887e-06,1.5512335949097178e-06,4.229289770126343
1.5546098666163743e-06,2.1793116502522025e-06,4.2357378005981445
1.2997851399632054e-06,2.998896206918289e-06,4.2427754402160645
1.3694262861463358e-06,2.8336855848465348e-06,4.248418569564819
1.3187395779823419e-06,2.6755337785289157e-06,4.2546546459198
1.5232320720315329e-06,2.441837750666309e-06,4.261699438095093
1.602315933268983e-06,3.3640437777648913e-06,4.267628192901611
1.6426781712652883e-06,3.3326987249893136e-06,4.274143218994141
1.6289241102640517e-06,2.3860613964643562e-06,4.280471086502075
1.608476736691955e-06,1.406017531735415e-06,4.286815404891968
1.620633838683716e-06,1.2040867432006053e-06,4.29372501373291
1.5774285202496685e-06,3.513708406899241e-06,4.299737930297852
1.5030349231892615e-06,3.1856013720243936e-06,4.3062660694122314
1.439089146515471e-06,1.9986011920991587e-06,4.31243371963501
1.3654528174811276e-06,1.8163902950618649e-06,4.318863153457642
1.2709690508927451e-06,1.6974122445390094e-06,4.325238227844238
1.1985706578343525e-06,2.0361555925774155e-06,4.331225395202637
1.150595039689506e-06,2.142902985724504e-06,4.337751150131226
1.1670988442347152e-06,1.94479957826843e-06,4.344583749771118
1.1990667871941696e-06,1.9607346075645182e-06,4.350979566574097
1.3027165550738573e-06,2.1569130694842897e-06,4.357281446456909
1.362363263979205e-06,2.0622467218345264e-06,4.363390684127808
1.4091958746575983e-06,2.2230301510717254e-06,4.3697216510772705
1.4634300669058575e-06,1.9403055375732947e-06,4.376612424850464
1.4700784731758176e-06,1.4243610166886356e-06,4.382803916931152
1.3964597656013211e-06,1.070926714419329e-06,4.388987302780151
1.2584131354742567e-06,1.6669999922669376e-06,4.395092964172363
1.1325970490361215e-06,2.333947122679092e-06,4.401089429855347
1.067122298081813e-06,2.2125477698864415e-06,4.407275676727295
9.361956472275779e-07,2.2555127543455455e-06,4.41351318359375
9.075523053070356e-07,2.3453812900697812e-06,4.420048713684082
8.891943821254245e-07,2.1917162484896835e-06,4.42704176902771
9.455430927118869e-07,2.0571769709931687e-06,4.432992219924927
1.031291731123929e-06,1.9425451682764105e-06,4.439406156539917
1.0950525393127464e-06,1.8405507944407873e-06,4.445935487747192
1.1210087222934817e-06,1.7026177374646068e-06,4.452274560928345
1.139959522333811e-06,1.2795813972843462e-06,4.458550691604614
1.112733571062563e-06,7.550901273134514e-07,4.466174840927124
1.0016298119808198e-06,1.1450364354459452e-06,4.473632097244263
8.723135351829114e-07,1.650729927860084e-06,4.480165481567383
7.716001277913165e-07,1.542455720482394e-06,4.4869701862335205
6.498718221337185e-07,1.881791718005843e-06,4.494525194168091
6.335621947073378e-07,1.990339569601929e-06,4.5004942417144775
5.881184961253894e-07,1.6017363577702781e-06,4.507037401199341
5.924338779550453e-07,1.4531597116729245e-06,4.513229131698608
6.071208531466254e-07,1.2304403753660154e-06,4.519787073135376
6.205200975273328e-07,1.2788179901690455e-06,4.526735544204712
6.609454885619925e-07,1.2438504199963063e-06,4.532702445983887
6.777021894777135e-07,1.1561560313566588e-06,4.539074182510376
6.878730118842213e-07,9.870246913123992e-07,4.545418977737427
6.86689645590377e-07,7.126731702555844e-07,4.551638126373291
6.572399797732942e-07,5.496299877449928e-07,4.557906150817871
6.101411145209568e-07,8.849148116496508e-07,4.564080715179443
5.453295557344973e-07,9.722383538246504e-07,4.570494651794434
4.816782848138246e-07,8.640687951810833e-07,4.577470302581787
4.5702313400397543e-07,8.857900866132695e-07,4.583459377288818
4.847053105550003e-07,9.486932412983151e-07,4.589941501617432
4.976673153578304e-07,1.0527161293794052e-06,4.596146106719971
5.008953394280979e-07,1.1179872672073543e-06,4.602599859237671
5.142114787304308e-07,9.356035661767237e-07,4.609495162963867
5.489488899002026e-07,8.054979616645142e-07,4.615493535995483
5.99636621245736e-07,7.755794513286673e-07,4.621850967407227
6.397416996151151e-07,7.460040478690644e-07,4.628468036651611
6.492543320746336e-07,6.801299718972587e-07,4.634688854217529
6.267073331400752e-07,5.910488312110829e-07,4.6409995555877686
5.46178284821508e-07,7.280069098669628e-07,4.6471946239471436
4.3269861293993017e-07,1.1816916867246618e-06,4.65359902381897
4.291390212074475e-07,1.3735283346250071e-06,4.660387277603149
4.787156058227993e-07,1.031507281368249e-06,4.666349411010742
4.889656111117802e-07,1.1150793852721108e-06,4.672746419906616
4.773655177814362e-07,1.3145451021046028e-06,4.679073095321655
4.5536333459494927e-07,1.0924544540102943e-06,4.685532093048096
4.4536758991853276e-07,8.231343144871062e-07,4.691879510879517
4.464423852823529e-07,5.902048201278376e-07,4.697958707809448
4.533363267000823e-07,4.0851350036064105e-07,4.704372406005859
4.816796490558772e-07,3.217714663605875e-07,4.711305618286133
4.740812755699153e-07,3.9624228520551696e-07,4.717647075653076
4.2705661940090067e-07,5.517396743925929e-07,4.724179267883301
3.5343558124623087e-07,6.688986218250648e-07,4.730372190475464
3.261159520207002e-07,8.262169899353466e-07,4.736814975738525
3.4940310911224515e-07,9.550392405799357e-07,4.743741750717163
3.5137236409354955e-07,1.0374803878221428e-06,4.749744653701782
3.433927702189976e-07,9.119157198256289e-07,4.756099462509155
3.3573729751879e-07,6.923505679878872e-07,4.762424945831299
3.3444135283389187e-07,5.566992626881984e-07,4.768851280212402
3.460037589775311e-07,5.012103088120057e-07,4.776156663894653
3.629632203683286e-07,4.5254779479364515e-07,4.782228946685791
3.6789856494579e-07,4.3870019794667314e-07,4.788655519485474
3.656876685909083e-07,4.1620617707849306e-07,4.79510235786438
3.596024953367305e-07,3.699626347497542e-07,4.801354646682739
3.2321560183845577e-07,4.222036125156592e-07,4.807769060134888
2.7267648761153396e-07,6.486673669314769e-07,4.8138628005981445
2.5196334263455356e-07,7.274835525095114e-07,4.82021951675415
2.777777297069406e-07,6.438350510507007e-07,4.827019214630127
3.0197259093256434e-07,7.445727874255681e-07,4.833057165145874
3.046824303964968e-07,8.192308200705156e-07,4.839483261108398
2.9400277412605647e-07,6.735557462889119e-07,4.845890045166016
2.8620661396416835e-07,4.884635700364015e-07,4.85229229927063
2.8463378498599923e-07,3.3545680366842134e-07,4.859443664550781
2.8769005666617886e-07,2.300101300534152e-07,4.865448951721191
2.9687183200621803e-07,1.9571579912280868e-07,4.871861219406128
2.8705383670057927e-07,3.760178799439018e-07,4.878424406051636
2.616563392621174e-07,4.0898652287069126e-07,4.88469386100769
2.558217602199875e-07,4.408409495226806e-07,4.89104962348938
2.521703379443352e-07,7.040756599963061e-07,4.897197008132935
2.42338842326717e-07,7.874282914599462e-07,4.903536558151245
2.410891397630621e-07,6.283771085691114e-07,4.91040563583374
2.4551030719521805e-07,4.866477638643119e-07,4.916358232498169
2.5297040906480106e-07,4.131163109377667e-07,4.922669887542725
2.614216043639317e-07,3.784861632993852e-07,4.929076194763184
2.652767250310717e-07,3.321173664971866e-07,4.93552041053772
2.6547803599896724e-07,2.5923449697984324e-07,4.941890001296997
2.6054087243210233e-07,2.0192236149796372e-07,4.948048114776611
2.391678037838574e-07,2.435290298308246e-07,4.9544291496276855
2.0135512102115172e-07,3.976910534220224e-07,4.961245536804199
1.7016897402299946e-07,5.021548759032157e-07,4.967253923416138
2.2244896058509767e-07,4.884471991317696e-07,4.973817825317383
2.173815261130585e-07,6.400425149877265e-07,4.9800190925598145
2.1446356868182193e-07,7.657683340767107e-07,4.986468315124512
1.9848661736432405e-07,6.397137894964544e-07,4.993695974349976
1.8715806504587817e-07,4.69011553150267e-07,4.999701499938965
1.828440758799843e-07,3.4298730611226347e-07,5.006114721298218
1.8709440041675407e-07,2.5461218911004835e-07,5.0124876499176025
1.9252239269462734e-07,1.868958889872374e-07,5.018892526626587
1.9061164380218543e-07,1.2952030203905451e-07,5.025214433670044
1.8000156387643074e-07,1.5177647583186626e-07,5.031265735626221
1.7055472767424362e-07,2.1825489682214538e-07,5.037685871124268
1.643604292667078e-07,2.6226243221572076e-07,5.044612169265747
1.604440740266e-07,3.058586059978552e-07,5.050611972808838
1.7010820840823726e-07,3.2557773010921665e-07,5.057149648666382
1.74054704871196e-07,3.4768063983392494e-07,5.063302040100098
1.7349761094465066e-07,3.910885766345018e-07,5.069743394851685
1.737981989435866e-07,3.474421532700944e-07,5.07702374458313
1.7500261151326413e-07,2.709918192067562e-07,5.0829973220825195
1.7671284524567454e-07,2.0569244441048795e-07,5.089322805404663
1.7715520073124935e-07,1.593155047885375e-07,5.095612525939941
1.7647599293013627e-07,1.4227853739612328e-07,5.102094411849976
1.7095179316584108e-07,1.6643856781684008e-07,5.1101789474487305
1.5595411184676777e-07,2.2912989550150087e-07,5.116562843322754
1.3211439409133163e-07,3.2123736559697136e-07,5.123327016830444
1.3210778604388906e-07,3.78688412183692e-07,5.129772901535034
1.888631544488817e-07,2.927916682438081e-07,5.1361212730407715
1.836942828958854e-07,4.741723955703492e-07,5.1436450481414795
1.755542058390347e-07,5.508416620614298e-07,5.149603366851807
1.6379330247673352e-07,4.2642469111342507e-07,5.155926942825317
1.530124080773021e-07,2.8994216449973464e-07,5.162301301956177
1.481159159766321e-07,1.8362936771154637e-07,5.1686851978302
1.494733368190282e-07,1.2182943009975133e-07,5.175171852111816
1.7242845729015244e-07,1.1300753044451994e-07,5.181329727172852
1.711358805778218e-07,4.5268745907378616e-07,5.187698841094971
1.4959539385017706e-07,3.9920962535688886e-07,5.194619655609131
1.288980797653494e-07,2.2759326157029136e-07,5.200586557388306
1.1880007377840229e-07,1.5036526690437313e-07,5.2071497440338135
1.246687730827034e-07,2.281252022839908e-07,5.2132673263549805
1.1152879864084753e-07,2.6331184699301957e-07,5.219735145568848
1.0755798030004371e-07,2.2834986168618343e-07,5.226680755615234
1.357252301659173e-07,2.395390481524373e-07,5.23266077041626
1.4982973084443074e-07,2.8834301701863296e-07,5.239003896713257
1.5623788840457564e-07,3.2074723321784404e-07,5.245374917984009
1.5717488111022249e-07,2.443990751999081e-07,5.251661777496338
1.5562898170173867e-07,1.6177604322820116e-07,5.2579569816589355
1.5424863875068695e-07,1.043090165353533e-07,5.26408314704895
1.5183584878286638e-07,1.212842164477479e-07,5.2704551219940186
1.3356866190861183e-07,2.2140498856515478e-07,5.277468919754028
1.0789681681444563e-07,2.395549358880089e-07,5.283445596694946
1.1198720528682315e-07,2.935223335498449e-07,5.289861679077148
1.052522833333569e-07,4.052554913869244e-07,5.296079158782959
9.416972091003117e-08,3.7004295450060454e-07,5.302436590194702
8.641679727361407e-08,3.075109589190106e-07,5.309483766555786
8.693021413819224e-08,2.5578987106200657e-07,5.3155131340026855
8.942312490489712e-08,2.2323577297811426e-07,5.321855068206787
9.108065768259621e-08,1.9399512041218259e-07,5.328423500061035
9.19693121659293e-08,1.6233043709235062e-07,5.334442615509033
9.216085317120815e-08,1.2364544943466171e-07,5.340861558914185
9.194167915893559e-08,8.77733725701546e-08,5.3470587730407715
8.820658337072018e-08,7.148663883072004e-08,5.353533744812012
8.069479662253798e-08,9.20369984669378e-08,5.360356569290161
7.2612614587797e-08,1.2641663715839968e-07,5.366356134414673
7.080002006887298e-08,1.334798298557871e-07,5.372830629348755
6.980604894124554e-08,1.0850406795270828e-07,5.379148244857788
7.050812911302273e-08,1.1714862324652131e-07,5.385550260543823
7.614385566512283e-08,1.2732918719393638e-07,5.391879558563232
7.85243017276116e-08,1.575631216610418e-07,5.397967338562012
7.667805590472199e-08,1.4678285253921786e-07,5.404359817504883
7.586012884530646e-08,1.073137099183441e-07,5.411213159561157
7.686174541277069e-08,7.702065119019608e-08,5.417176008224487
7.655819445062662e-08,6.365398519392329e-08,5.423674583435059
7.225293785495523e-08,7.822120551281841e-08,5.429800033569336
6.40899386894489e-08,1.028313860729213e-07,5.436270475387573
5.595348540055056e-08,1.302068000086365e-07,5.443330526351929
5.776231049026137e-08,1.645796459115445e-07,5.4492902755737305
6.556189902084952e-08,1.63880500281266e-07,5.455636024475098
6.83368384102323e-08,1.819245056822183e-07,5.461998701095581
6.602627422580554e-08,1.72109281493249e-07,5.468282222747803
6.36891428484887e-08,1.3299819556777948e-07,5.474625110626221
6.307265465466116e-08,9.34840258537406e-08,5.480839490890503
6.360386350934277e-08,6.202748181749485e-08,5.487190246582031
6.529647578190634e-08,4.4468411175557776e-08,5.4941325187683105
6.622607173767392e-08,4.9858062567409434e-08,5.500071048736572
6.39963602111493e-08,6.943732699937755e-08,5.5064826011657715
5.61230919515765e-08,1.0039825326657592e-07,5.512657403945923
4.890505067578488e-08,1.425245841346623e-07,5.51896595954895
5.871733321782813e-08,1.483518587974686e-07,5.525222301483154
5.6138620863066535e-08,1.733953922666842e-07,5.531266450881958
5.2741551570534284e-08,1.9233966952469927e-07,5.537669897079468
4.873148284900708e-08,1.6104901590097143e-07,5.544584035873413
4.6738509951183005e-08,1.2507837254815968e-07,5.55051589012146
4.6613880755330683e-08,1.0024465524338666e-07,5.557017803192139
4.758863880738318e-08,8.162407993950183e-08,5.563153028488159
4.8764995597139205e-08,6.746291347781153e-08,5.569748401641846
4.970080169641733e-08,5.3452623660632526e-08,5.5766425132751465
5.027556326808735e-08,3.7660885965351554e-08,5.582603454589844
4.8957154774598166e-08,2.8463340129292192e-08,5.588999271392822
4.492330063499139e-08,3.8383777933859164e-08,5.595352649688721
3.875460663493868e-08,6.117281969864052e-08,5.601624250411987
3.201091658411315e-08,8.347025470811786e-08,5.60802698135376
3.519286195796667e-08,9.54733252456208e-08,5.61415958404541
3.83871743281361e-08,8.324627032152421e-08,5.62048602104187
4.102462725086298e-08,1.317873596917707e-07,5.627470254898071
3.8160429483014013e-08,1.313265158842114e-07,5.63344407081604
3.464628761662425e-08,9.807520484628185e-08,5.639851331710815
3.245178348265654e-08,6.831747612068284e-08,5.646099805831909
3.171461315787383e-08,4.8202128510865805e-08,5.652642488479614
3.1757039664626063e-08,3.731134512463541e-08,5.65951681137085
3.201189002766114e-08,3.388694125305847e-08,5.665489196777344
3.1873401695747816e-08,3.9363079906706844e-08,5.671864032745361
3.068652176807518e-08,4.063985414859417e-08,5.678443193435669
2.8718666555960226e-08,3.509346768737487e-08,5.684486389160156
2.7008187686305973e-08,4.106984263785307e-08,5.690965414047241
2.6542403830376315e-08,6.900805971099544e-08,5.69715142250061
2.7478220587795477e-08,7.031446358496396e-08,5.703523397445679
3.183977170806429e-08,5.747380171783334e-08,5.71037745475769
3.500808176681858e-08,5.484757892304515e-08,5.716378211975098
3.644518287160281e-08,6.610213887370264e-08,5.722774505615234
3.589304142792571e-08,5.823375204272452e-08,5.729058504104614
3.505159185124285e-08,4.0433455694710574e-08,5.735558032989502
3.4231018020136617e-08,2.5949921322876435e-08,5.741894245147705
3.354999833504735e-08,2.5820042992563685e-08,5.749392747879028
3.147036409245629e-08,5.7202672820722e-08,5.756150484085083
2.7459034157573114e-08,4.6673349629600125e-08,5.762714147567749
2.4120748065570297e-08,4.370893336158588e-08,5.769143104553223
2.5399939929116044e-08,7.99195447598322e-08,5.77651309967041
2.2504984542592865e-08,8.603119994177177e-08,5.782643556594849
2.1815436568317637e-08,6.53127543159826e-08,5.7891013622283936
2.272216192977794e-08,5.311436979127393e-08,5.795472621917725
2.4166302736716716e-08,4.675212039728649e-08,5.801709413528442
2.4949805776941503e-08,4.3777628633279164e-08,5.808050870895386
2.5262307801199313e-08,3.697615014175426e-08,5.814204216003418
2.5414282234237362e-08,2.824023503933404e-08,5.820543527603149
2.5742883380530657e-08,2.087640993408968e-08,5.8275957107543945
2.6835474287167926e-08,1.9224168923415164e-08,5.833556652069092
2.5858923891064478e-08,3.363986422755261e-08,5.840022325515747
2.1896859436765226e-08,4.049782731385676e-08,5.8463029861450195
1.901909918444744e-08,5.4984720776474205e-08,5.852684736251831
2.1435798913671533e-08,7.728048245780883e-08,5.859520435333252
2.101981522173446e-08,7.410699254251085e-08,5.865530014038086
1.9390673955399507e-08,6.118248307984686e-08,5.8719024658203125
1.8054960193580882e-08,5.036439887362576e-08,5.87845778465271
1.7353494641270117e-08,3.941436688137401e-08,5.884486436843872
1.7067979030116476e-08,3.1274289824523294e-08,5.8909831047058105
1.715161346282912e-08,2.580294378162762e-08,5.897136211395264
1.752692746492812e-08,2.1865176336177683e-08,5.9035491943359375
1.7990593903505214e-08,1.770861146610514e-08,5.910410404205322
1.7887876069266895e-08,1.4648088075830401e-08,5.916358947753906
1.6998491503272817e-08,1.5084715698776563e-08,5.922676086425781
1.517988756916111e-08,1.7921877315529855e-08,5.929014205932617
1.2505345203805973e-08,2.511831276308385e-08,5.9355387687683105
1.0634766844930255e-08,3.462185205194146e-08,5.941892862319946
1.4457714136995037e-08,3.550101723703847e-08,5.947930574417114
1.3966718448443771e-08,3.719337726693084e-08,5.954382658004761
1.3631936468527783e-08,4.637987771616281e-08,5.961233139038086
1.2748926359051893e-08,4.006762210906345e-08,5.967180252075195
1.2088086975836632e-08,3.0150776098025744e-08,5.973731756210327
1.1645379771607622e-08,2.2576463365453492e-08,5.979846477508545
1.1589598614136776e-08,1.728782805798801e-08,5.9862635135650635
1.18047314145997e-08,1.4010521631746542e-08,5.99332332611084
1.2151645023550373e-08,1.209493216691726e-08,5.999300956726074
1.2248018599336774e-08,1.176827346682785e-08,6.005641937255859
1.186014930709689e-08,1.195611165627497e-08,6.012002229690552
1.0930197191783009e-08,1.2757559453291378e-08,6.018313646316528
9.863386551955955e-09,1.642201929996645e-08,6.024599075317383
9.164802250438697e-09,2.0404511857918806e-08,6.030738353729248
8.5022930917944e-09,2.4213791860461242e-08,6.037179708480835
8.425182329574454e-09,2.6698703692318304e-08,6.044159650802612
8.686359187493053e-09,2.6090598126415898e-08,6.050116777420044
8.845267629453701e-09,2.4687972555170745e-08,6.056607484817505
9.049321292309287e-09,2.2547016698126754e-08,6.062823295593262
9.336861062081425e-09,1.9671610118621174e-08,6.069304943084717
9.656445421057924e-09,1.7052022016628143e-08,6.07619833946228
9.948678325599758e-09,1.474991950800586e-08,6.082175016403198
1.013029393703846e-08,1.2080491273991356e-08,6.088521957397461
1.0104068692839974e-08,8.951960062120179e-09,6.095109462738037
9.66021751480639e-09,8.305740983871601e-09,6.101197719573975
8.916745564135908e-09,1.3174514812419602e-08,6.107607126235962
7.90859289168111e-09,1.6019020776525394e-08,6.113765239715576
7.059360651595625e-09,1.6211357589668296e-08,6.120216131210327
6.981673461581295e-09,1.5247366036419407e-08,6.12703275680542
7.401624202429957e-09,2.010695254739403e-08,6.132956266403198
7.175791516544905e-09,2.367596074748235e-08,6.139320611953735
6.622070003459157e-09,1.9439163168044615e-08,6.145643472671509
6.279668784969772e-09,1.4464021091953327e-08,6.152043104171753
6.2056506600072225e-09,1.0973626451971086e-08,6.158517360687256
6.239811778385729e-09,8.759085012854939e-09,6.164655447006226
6.2934155664606806e-09,7.299329141119415e-09,6.1710450649261475
6.275192365734483e-09,6.668202434667592e-09,6.177904844284058
6.107097050289667e-09,6.90752344212342e-09,6.183850049972534
5.824937865384072e-09,8.160246700583684e-09,6.190385580062866
5.791084500827992e-09,9.792868738145444e-09,6.196521043777466
6.35721431052616e-09,1.0213375922774048e-08,6.202920198440552
6.756732506829621e-09,1.0210992940073993e-08,6.209948539733887
6.9130456914479055e-09,1.4154565519675089e-08,6.215914726257324
6.573923183594843e-09,1.3501458617781736e-08,6.22232460975647
6.213102476948507e-09,9.716854876273828e-09,6.22869610786438
5.917660583776296e-09,6.774234950768232e-09,6.234980583190918
5.497235555651514e-09,5.650223400266441e-09,6.241376638412476
5.036686623327569e-09,6.869267821230096e-09,6.247473955154419
4.732334080159717e-09,9.054724081636323e-09,6.25391149520874
4.452726187764711e-09,9.115324495212462e-09,6.260852098464966
4.415977361560408e-09,8.814990515304544e-09,6.2668445110321045
4.7217882936934075e-09,8.70745964220987e-09,6.273390531539917
4.9414761171817645e-09,1.054986231707744e-08,6.279649257659912
4.993341296000153e-09,1.1659035514810512e-08,6.285992860794067
4.8651496165064145e-09,9.658260857747791e-09,6.292827844619751
4.693006427913815e-09,6.757643777888234e-09,6.298802852630615
4.515910312363758e-09,4.484040694308078e-09,6.305139780044556
4.2758547813548375e-09,4.058018809871555e-09,6.311782360076904
4.072263859455916e-09,5.612540654453824e-09,6.318072319030762
3.7302294586538665e-09,6.8974248534914295e-09,6.3244712352752686
3.3619320660704943e-09,6.179674105766253e-09,6.330580949783325
3.254915670325431e-09,7.252348499520167e-09,6.3371665477752686
3.5568408218722425e-09,9.364620190410733e-09,6.344148874282837
3.826224670433476e-09,9.935623879187006e-09,6.350110292434692
3.902608458616896e-09,9.26937815393103e-09,6.3565449714660645
3.897848710465723e-09,7.416818270655767e-09,6.3626861572265625
3.880311627568744e-09,5.494437349540249e-09,6.369140863418579
3.883069421561913e-09,4.106237572187865e-09,6.376169681549072
4.0087986263870334e-09,3.725411978905413e-09,6.382238388061523
4.02732025506225e-09,4.474463022319242e-09,6.389501333236694
3.865707309813615e-09,5.833403982080654e-09,6.395896911621094
3.598382036784642e-09,4.6425947530792655e-09,6.402389287948608
3.3428131374080294e-09,4.5533457004864886e-09,6.409817457199097
3.1629354690920763e-09,6.3491221169442724e-09,6.415777206420898
2.685438982297228e-09,7.803349078017163e-09,6.422260284423828
2.2749135908384233e-09,6.964560039790513e-09,6.428755283355713
2.1765027558018346e-09,6.354040404943362e-09,6.435044050216675
2.3501518509050356e-09,6.442639310932918e-09,6.4413604736328125
2.5583386520366957e-09,7.914460198321649e-09,6.447432279586792
2.548788735623475e-09,7.928813161584003e-09,6.453869819641113
2.459632275630952e-09,6.571077904027334e-09,6.460906028747559
2.3987261066338306e-09,5.0409965091091635e-09,6.466940879821777
2.3830732942542454e-09,3.824842664812422e-09,6.473440170288086
2.386975062051988e-09,2.9290416758698257e-09,6.479662895202637
2.3977437813016422e-09,2.239665786163414e-09,6.485977649688721
2.386205677495923e-09,1.7998161849774874e-09,6.492821931838989
2.2389139431311378e-09,2.075757787878274e-09,6.4988017082214355
1.9841359666372682e-09,3.0537983253253742e-09,6.505182504653931
1.666582316595111e-09,4.0829477576664885e-09,6.511799335479736
1.7197284707393123e-09,4.936908659658457e-09,6.51778769493103
2.2390542753214504e-09,5.025254878887608e-09,6.524157524108887
2.5446438289833395e-09,8.617719871040208e-09,6.530346632003784
2.390903031113112e-09,8.734714285196787e-09,6.536761522293091
2.145461364122525e-09,6.6494991735055464e-09,6.54370903968811
2.0119221844083768e-09,4.643006867866006e-09,6.549677610397339
1.9728534361718175e-09,3.2698364016425785e-09,6.556089401245117
1.9764048175829885e-09,2.379863417445449e-09,6.562337636947632
2.0011985402135224e-09,1.7743836400185842e-09,6.568703651428223
2.0486938812069866e-09,1.4256540392665329e-09,6.575172424316406
2.0287969082488644e-09,1.538121963129413e-09,6.581280469894409
1.921425907269736e-09,2.109850960607673e-09,6.587560415267944
1.7435001220533763e-09,2.932479814532485e-09,6.594577312469482
1.599036236754614e-09,3.6336058606423194e-09,6.6005449295043945
1.5434288291871212e-09,3.843797280467243e-09,6.606948137283325
1.547609818075557e-09,5.4727427034606535e-09,6.613278150558472
1.3703105317119935e-09,5.754514198486049e-09,6.619680404663086
1.159555673702073e-09,4.7228474464589e-09,6.6266233921051025
1.0553695695136867e-09,3.777869128640532e-09,6.632619619369507
1.0568548258760302e-09,3.2092262181038222e-09,6.639002084732056
1.0999641197884102e-09,2.9588529404378505e-09,6.645357131958008
1.1317979886626972e-09,2.8377640237664536e-09,6.651702165603638
1.134110250156084e-09,2.5605881859291912e-09,6.657979249954224
1.1250983478205967e-09,2.102547469462479e-09,6.6640706062316895
1.1211221950802042e-09,1.6192599483488834e-09,6.670490264892578
1.1276747313715418e-09,1.2314208541752691e-09,6.677490472793579
1.1500259633479004e-09,1.0392563476457894e-09,6.68344521522522
1.1524974308230185e-09,1.0697380758983854e-09,6.689996957778931
1.131318594360664e-09,1.4534659031895103e-09,6.6963112354278564
1.050063813679003e-09,1.5343875059414813e-09,6.702643871307373
9.345657581150135e-10,1.465823573632008e-09,6.709501266479492
8.675176133010609e-10,1.9193455713661933e-09,6.7154529094696045
8.357549097226524e-10,2.672854604313102e-09,6.72183632850647
8.548753926973518e-10,2.74250711029822e-09,6.728432655334473
8.643115667616996e-10,2.590533121349381e-09,6.734408617019653
8.543484253387135e-10,2.3566624207660425e-09,6.740768194198608
8.339791635059157e-10,2.1035229114119147e-09,6.74695897102356
8.17245549011858e-10,1.804544624839366e-09,6.75335693359375
8.09559475012378e-10,1.5184176138660632e-09,6.760393142700195
8.091117220665467e-10,1.2651113490136368e-09,6.766352653503418
8.101340709387728e-10,1.0399605621103092e-09,6.772829055786133
8.054812927760224e-10,8.464687284437389e-10,6.778997182846069
7.931785783732437e-10,7.751419506263346e-10,6.785375356674194
7.857610673234205e-10,8.261412665078183e-10,6.791548252105713
7.804684676315787e-10,8.931478334694987e-10,6.797670841217041
7.697009141161004e-10,1.0888544510478937e-09,6.8039891719818115
7.730771023339855e-10,1.2392441517405928e-09,6.810844659805298
8.003462892425262e-10,1.1984248038388046e-09,6.816803455352783
7.717706473897579e-10,1.2519063563587451e-09,6.8233802318573
7.242360045012219e-10,1.4958509986229274e-09,6.829689979553223
6.425188159298045e-10,1.6474908104413544e-09,6.835741758346558
6.007646047301307e-10,1.761639389918912e-09,6.842805624008179
7.171660487692577e-10,1.661973558775287e-09,6.848803758621216
7.75502106975523e-10,2.056580017395504e-09,6.854966878890991
7.638243371133058e-10,2.2476402961046915e-09,6.86181116104126
7.209352004267089e-10,1.7625523263120613e-09,6.867820978164673
6.944252395335582e-10,1.2204000032767226e-09,6.873968839645386
6.869718682800396e-10,8.289050001941689e-10,6.880157232284546
6.887861392357308e-10,5.765021793280312e-10,6.886127948760986
6.819227960086494e-10,4.817862775396975e-10,6.89287257194519
6.534489616072392e-10,5.565097827009424e-10,6.898890733718872
6.056603552018203e-10,7.642958488318641e-10,6.90494179725647
5.278867343250226e-10,9.665952482862394e-10,6.911839246749878
4.653037122270831e-10,1.2428276185971754e-09,6.917792081832886
4.820234766889087e-10,1.5286114596335665e-09,6.923884153366089
5.231304833763772e-10,1.8235115639697597e-09,6.929994583129883
5.253194546028794e-10,1.8908876686651865e-09,6.936119079589844
5.038449657490673e-10,1.6561020332872545e-09,6.942889451980591
4.832759747941395e-10,1.3339889193275667e-09,6.948880195617676
4.730358882376606e-10,1.0553738993834827e-09,6.9549477100372314
4.718644919243786e-10,8.5890500267638e-10,6.961750507354736
4.768883621331099e-10,7.264965851128125e-10,6.967777490615845
4.841533285393496e-10,6.209491254516308e-10,6.973953008651733
4.896004712762192e-10,5.058388707901429e-10,6.980047941207886
4.872297565405859e-10,3.8349548536764644e-10,6.986251354217529
4.646677209674266e-10,3.8394357138038515e-10,6.993299245834351
4.2742692718533704e-10,4.917332097065241e-10,6.999337911605835
3.719919372535685e-10,6.215155612387946e-10,7.005450487136841
3.0515065474467917e-10,7.66637420213101e-10,7.011970043182373
2.786832153933716e-10,8.711202870159696e-10,7.018332242965698
3.0862451483315567e-10,1.0179306286772771e-09,7.026229381561279
3.252368374617731e-10,1.2875343013973861e-09,7.032296180725098
3.001896509147173e-10,1.1949994327409286e-09,7.038097143173218
2.707608859342514e-10,9.46333345019923e-10,7.04530930519104
2.5586832652635394e-10,7.270733459741052e-10,7.051039218902588
2.529174369936271e-10,5.851150675084682e-10,7.056822061538696
2.5559751537507225e-10,5.057009810904844e-10,7.062766790390015
2.597877191146125e-10,4.584731483348037e-10,7.06855583190918
2.6317978352174975e-10,4.1580541787489267e-10,7.074338912963867
2.651225072813901e-10,3.6231118105689575e-10,7.080152273178101
2.659441000751883e-10,2.9897878617290985e-10,7.085983991622925
2.662449150037105e-10,2.50011844560305e-10,7.091887474060059
2.5490901056635096e-10,2.7087884713061783e-10,7.097536087036133
2.3736015930531096e-10,3.644770318889101e-10,7.103222608566284
2.1338532329995274e-10,3.8216194098161793e-10,7.109593391418457
1.8898414777535066e-10,3.879756516056432e-10,7.1151978969573975
1.7409881869490107e-10,4.1748038359656903e-10,7.1212193965911865
1.8363116582875705e-10,4.623615379450996e-10,7.1278767585754395
1.9807176732111742e-10,6.126458229616105e-10,7.133472442626953
1.9602140743923968e-10,6.255568840707326e-10,7.1396074295043945
1.8938757506692383e-10,5.217239973376309e-10,7.145603895187378
1.8651963307192432e-10,4.1370096237614007e-10,7.1513917446136475
1.8800350165548707e-10,3.3666541776611325e-10,7.1571409702301025
1.9133082618250086e-10,2.867474591106145e-10,7.163276672363281
1.9443267829100108e-10,2.492764050732177e-10,7.169429063796997
1.9530818629043267e-10,2.1191162713485312e-10,7.17617130279541
1.9313152466171601e-10,1.8128290535379676e-10,7.182193279266357
1.878494165774569e-10,1.8632023701670164e-10,7.1880857944488525
1.8285378766691451e-10,2.1640871039618759e-10,7.195052862167358
1.8023024739299842e-10,2.4281929245084655e-10,7.201113700866699
1.7705402421963612e-10,2.6208507586389374e-10,7.207227468490601
1.6534640323584426e-10,2.934071041682529e-10,7.213404893875122
1.4227473366101862e-10,3.1235228292736394e-10,7.219468593597412
1.1224885604343982e-10,3.495843337031346e-10,7.22616171836853
1.0616980211652916e-10,3.766425504814208e-10,7.23236083984375
3.4209543531282804e-10,2.5365179401326543e-10,7.238529682159424
2.2019024104036333e-10,1.0099391323237228e-09,7.245157718658447
1.8875259688577728e-10,8.49074865971744e-10,7.251391649246216
2.098669849015522e-10,9.971306003109248e-10,7.257279872894287
2.1344215284102575e-10,9.84109682633516e-10,7.263379335403442
1.9257419270335419e-10,9.260656130827272e-10,7.269449949264526
1.5707724010383117e-10,7.3158340496704e-10,7.276141881942749
1.2610941457769087e-10,5.306620143308294e-10,7.281764984130859
1.0536672923056045e-10,3.6393255076205833e-10,7.287475347518921
9.387394334092747e-11,2.439596857861659e-10,7.294096946716309
8.760105835170506e-11,1.6376078271207462e-10,7.299699068069458
8.440453197477993e-11,1.1614271350213201e-10,7.305517911911011
8.308376903132242e-11,9.590459676411811e-11,7.311678171157837
8.315712007878062e-11,8.988616795324589e-11,7.317289113998413
8.262061867991832e-11,9.961476782338607e-11,7.323439359664917
8.002886547897603e-11,9.821973789847505e-11,7.329463720321655
7.657863926313624e-11,7.464009271762606e-11,7.335214138031006
7.718769373665779e-11,7.554629838368854e-11,7.34184455871582
7.427069376175766e-11,1.915187869405699e-10,7.347546577453613
5.87430867837746e-11,1.6775927869083773e-10,7.353219985961914
4.583925600210037e-11,1.1128570287510797e-10,7.359975814819336
4.906841252760863e-11,1.1470818739311994e-10,7.365593671798706
5.873963815350436e-11,2.54294640900099e-10,7.371244192123413
5.346940598616179e-11,2.747415628334693e-10,7.37784481048584
4.3133042276766176e-11,2.2076900030310043e-10,7.383468151092529
3.638743820144619e-11,1.6865189800263636e-10,7.389190435409546
3.36846106563371e-11,1.3744222426836927e-10,7.395222187042236
3.35477721991051e-11,1.2262012238917208e-10,7.401021957397461
3.460743150385248e-11,1.1728840121350004e-10,7.40682578086853
3.5642849782746566e-11,1.149233416763984e-10,7.41273045539856
3.630748826588537e-11,1.1084021200868932e-10,7.418527126312256
3.661190448034368e-11,1.0418855361793433e-10,7.424292087554932
3.6908486683584485e-11,9.638907033648891e-11,7.430156230926514
3.723633207330934e-11,8.890434222141863e-11,7.435755252838135
3.767370096441347e-11,8.214708080434008e-11,7.441843509674072
3.808494838941634e-11,7.584650268954718e-11,7.448062896728516
3.8478338570957504e-11,6.937113383731486e-11,7.454096794128418
3.8753500408716945e-11,6.212898945312517e-11,7.461283445358276
3.894949640592671e-11,5.35178221183763e-11,7.467267036437988
3.937143319698855e-11,4.350991095192214e-11,7.473414897918701
3.867797748746682e-11,3.6865937386165726e-11,7.47968602180481
3.70993374909645e-11,7.133457019525835e-11,7.485827684402466
2.987229560935667e-11,7.105573768262374e-11,7.492877960205078
2.401871063151262e-11,4.7136392011815076e-11,7.499072551727295
2.357081717307974e-11,4.8974456434702773e-11,7.505202770233154
2.47036922168542e-11,6.584028461320557e-11,7.51202392578125
2.6027765012703874e-11,9.007335155519769e-11,7.518239498138428
2.494527848173611e-11,8.585766125834837e-11,7.524340629577637
2.4100865400611404e-11,6.96017202206356e-11,7.530526399612427
2.4177623444976426e-11,5.698046201541018e-11,7.536641359329224
2.4917470864416202e-11,4.895759492251628e-11,7.543788194656372
2.5875159653798718e-11,4.407028561526083e-11,7.549742698669434
2.6829113583537456e-11,4.005085152414267e-11,7.555738925933838
2.7646517020141204e-11,3.560046354933455e-11,7.562133073806763
2.8351009040417097e-11,3.00782662665533e-11,7.568166255950928
2.8972801588422747e-11,2.4173798379711897e-11,7.5743513107299805
2.751195105066273e-11,2.5664704736416688e-11,7.580571889877319
2.3785308791990367e-11,3.252847644019674e-11,7.5866382122039795
1.8339789756294245e-11,4.463268296617251e-11,7.593716144561768
1.5019799640136888e-11,5.8188301399475506e-11,7.599740266799927
1.929179212212251e-11,6.508916322589542e-11,7.605765104293823
2.2536089314129093e-11,9.606827139352347e-11,7.612024307250977
2.0519804605489966e-11,9.551041901811885e-11,7.618172883987427
1.6965628554799217e-11,7.455330103267599e-11,7.624310255050659
1.4607065557115106e-11,5.401535815852121e-11,7.630518198013306
1.3570470268342572e-11,4.017265686773186e-11,7.637609958648682
1.3389795348872635e-11,3.24120764949587e-11,7.644850254058838
1.3530227285785124e-11,2.8588914222082984e-11,7.6504364013671875
1.3763643003095183e-11,2.6629361910002203e-11,7.656280279159546
1.3912900345691703e-11,2.491519490721572e-11,7.662506341934204
1.3992793035377815e-11,2.2575769378918586e-11,7.668174982070923
1.398880664083002e-11,1.9536445378109946e-11,7.673938751220703
1.39611334645795e-11,1.6088293891547423e-11,7.679924011230469
1.4151606969603492e-11,1.283936932466867e-11,7.6860551834106445
1.3498042961135326e-11,2.1345744616318996e-11,7.692093849182129
1.1590265205918548e-11,2.51247148086442e-11,7.697772264480591
9.606957590557741e-12,1.9052773247985044e-11,7.703530788421631
8.688807486001426e-12,1.9961714572969136e-11,7.710063219070435
9.022848440620734e-12,2.8553060957281495e-11,7.715639352798462
9.065645803496558e-12,3.4931432746354574e-11,7.721328973770142
8.49812060998989e-12,3.258267267103321e-11,7.727838516235352
7.899884739426266e-12,2.728100731430594e-11,7.733419895172119
7.637150460648723e-12,2.3502606111280855e-11,7.739105939865112
7.509285727957948e-12,2.1261711141695727e-11,7.745047330856323
7.471845191175941e-12,1.9878187637600853e-11,7.7506139278411865
7.375297421396976e-12,1.8695926751188807e-11,7.756332159042358
7.2638006720637804e-12,1.7345158295767327e-11,7.7621049880981445
7.104361803705883e-12,1.5823108448498324e-11,7.768058776855469
6.954175950368846e-12,1.4245129381640353e-11,7.773799896240234
6.778012179298187e-12,1.2704936928897848e-11,7.779585361480713
6.590768729386465e-12,1.1160555986322596e-11,7.78555703163147
6.32747890541574e-12,9.545871905436432e-12,7.791871070861816
5.787194942014073e-12,8.079074735600766e-12,7.79755973815918
4.989402120625375e-12,9.269859185812024e-12,7.803232192993164
4.022501949585422e-12,1.2112299010991201e-11,7.810025453567505
2.993898098185843e-12,1.2818177942686138e-11,7.815580129623413
2.5839157202778296e-12,1.3054269470957891e-11,7.821304559707642
2.9568146975994525e-12,1.4385676677663994e-11,7.827855110168457
3.3948054870697186e-12,1.6795165952432356e-11,7.833641290664673
3.455576753561007e-12,1.758093150228124e-11,7.839365243911743
3.2654332796783203e-12,1.6651640136200463e-11,7.845263719558716
3.044573057206512e-12,1.5176233533753525e-11,7.851034164428711
2.884213918044609e-12,1.3875644556959887e-11,7.856860399246216
2.7913580735033916e-12,1.2919016550982931e-11,7.862716913223267
2.732963161333757e-12,1.2219363541843276e-11,7.86854100227356
2.687800719838873e-12,1.1635049694536104e-11,7.8748085498809814
2.6418702295250007e-12,1.1081123865719356e-11,7.880556344985962
2.5985565695746393e-12,1.0535711192360964e-11,7.886383533477783
2.5579141669368477e-12,1.0014506585109828e-11,7.892866611480713
2.5249665639576202e-12,9.534162521973588e-12,7.89846396446228
2.4966099066575653e-12,9.101714174009068e-12,7.904161214828491
2.4744384059111058e-12,8.713286168970935e-12,7.910725831985474
2.454250344618991e-12,8.361600474515729e-12,7.916406631469727
2.4377136594033733e-12,8.039334822851352e-12,7.9222636222839355
2.421475997146927e-12,7.741452444365304e-12,7.92850399017334
2.4076057987543198e-12,7.46397214868022e-12,7.93450665473938
2.393156419561171e-12,7.203772300901079e-12,7.9406890869140625
2.380109781138784e-12,6.9572798043482376e-12,7.947100400924683
2.3656619198286766e-12,6.7210733506462006e-12,7.953477621078491
2.3516188996097753e-12,6.491141825437641e-12,7.960389852523804
2.3353003558712615e-12,6.263687919033645e-12,7.965986967086792
2.318239567325464e-12,6.0339827752387e-12,7.972019910812378
2.297711500232058e-12,5.7969098271604125e-12,7.978403806686401
2.274628619139407e-12,5.544957288466934e-12,7.983958005905151
2.2456773853679612e-12,5.267989169888132e-12,7.9902424812316895
2.210009302297533e-12,4.949082376554115e-12,7.996474742889404
2.1614491880345144e-12,4.561785844903188e-12,8.003173828125
2.091442036916691e-12,4.0695871152129914e-12,8.010037899017334
1.9589514472367897e-12,3.4745717587825187e-12,8.01600170135498
1.653594904234279e-12,3.714949355082542e-12,8.022382020950317
1.5890007408828066e-12,5.560061525772264e-12,8.028830289840698
1.2558241122354041e-12,6.133124390295119e-12,8.03504467010498
9.535368371629827e-13,5.201002822863288e-12,8.041451930999756
7.700992621373359e-13,4.8179164650885564e-12,8.047747373580933
7.91280777880099e-13,4.865960499117472e-12,8.054147958755493
9.15540429927142e-13,5.392675889170917e-12,8.061320304870605
1.0222460898601238e-12,5.93028794473871e-12,8.067309379577637
1.0580940420709672e-12,6.185721639767605e-12,8.07388687133789
1.0361307081416249e-12,6.132030213462647e-12,8.080155849456787
9.9014633297978e-13,5.914538390300317e-12,8.086552143096924
9.443791235130838e-13,5.666131626391735e-12,8.093796730041504
9.078907872890618e-13,5.450420496877495e-12,8.099747657775879
8.797085239084512e-13,5.276443778429174e-12,8.10610842704773
8.558548834913804e-13,5.1296571157433135e-12,8.11250114440918
8.332832037230564e-13,4.994745936293121e-12,8.118873357772827
8.109934707296873e-13,4.86412039119033e-12,8.125215530395508
7.892283289574753e-13,4.737144704280993e-12,8.131409168243408
7.685367099663498e-13,4.615774342603407e-12,8.137761116027832
7.491919411239945e-13,4.501533694412085e-12,8.14457106590271
7.311568885060016e-13,4.394519470540814e-12,8.150531768798828
7.142224637234074e-13,4.2938968353167795e-12,8.156995296478271
6.981826141533309e-13,4.1986097758239804e-12,8.16320538520813
6.828958514122629e-13,4.107843839390446e-12,8.169654607772827
6.682908349972538e-13,4.021103762463785e-12,8.176654577255249
6.543267989066182e-13,3.938104183032198e-12,8.182605981826782
6.409702955033347e-13,3.8586239238525e-12,8.188940048217773
6.28180287735175e-13,3.782434868787599e-12,8.195364952087402
6.159133533051309e-13,3.7092941565508575e-12,8.201656103134155
6.041254193948908e-13,3.638955456408688e-12,8.207982063293457
5.927789183991783e-13,3.5711993258413788e-12,8.214200973510742
5.818389932181478e-13,3.5058293074152758e-12,8.22056794166565
5.712747440898835e-13,3.4426645562080083e-12,8.227536678314209
5.610599333218114e-13,3.3815476460641314e-12,8.23352837562561
5.511715216177659e-13,3.3223434853929534e-12,8.24006986618042
5.415863070512561e-13,3.2649234878168176e-12,8.246526718139648
5.322839608315477e-13,3.209166873213709e-12,8.253727674484253
5.232463225722517e-13,3.1549678234515932e-12,8.261767387390137
5.144556113577392e-13,3.1022309287392913e-12,8.26774787902832
5.058966483575955e-13,3.0508603456047556e-12,8.274150848388672
4.975572905074888e-13,3.000784950385471e-12,8.280744791030884
4.894251779026526e-13,2.9519347036210952e-12,8.28772783279419
4.814887637899501e-13,2.904243252138672e-12,8.295209884643555
4.737374771981995e-13,2.8576498806165418e-12,8.301284790039062
4.661618313583915e-13,2.8120984273821703e-12,8.308156728744507
4.587539115946671e-13,2.7675401033377955e-12,8.314570665359497
4.515060742817101e-13,2.723933275119994e-12,8.320961475372314
4.444107300043132e-13,2.6812324062375215e-12,8.328068017959595
4.3746066881802936e-13,2.6394008506569477e-12,8.33411192893982
4.306491686693892e-13,2.598395890812677e-12,8.340824365615845
4.2397181143453977e-13,2.5581871690438795e-12,8.346972465515137
4.174240434643567e-13,2.518750832902761e-12,8.353370666503906
4.110004166429232e-13,2.480057392090229e-12,8.360469341278076
4.0469591653519155e-13,2.4420771394667584e-12,8.366497993469238
3.9850680264366667e-13,2.4047855720632505e-12,8.372835636138916
3.9242968683655954e-13,2.368162523719297e-12,8.379057884216309
3.864612894022984e-13,2.3321897798384006e-12,8.385603904724121
3.8059757168779074e-13,2.296844355334504e-12,8.39190673828125
3.748350913511389e-13,2.262108469291979e-12,8.398051738739014
3.6917108367680307e-13,2.227961521869548e-12,8.404468297958374
3.636032447351667e-13,2.194391153162445e-12,8.411363363265991
3.5812908086123307e-13,2.1613819674998203e-12,8.417307376861572
3.527459628647339e-13,2.1289207376151698e-12,8.423849821090698
3.474518036564872e-13,2.096991634156775e-12,8.429986953735352
3.4224446193720226e-13,2.0655846824646495e-12,8.43651795387268
3.3712117299133926e-13,2.034686004750985e-12,8.443371534347534
3.3207979551960753e-13,2.0042797716640637e-12,8.44936227798462
3.2711932663499754e-13,1.9743581769482432e-12,8.455780506134033
3.222384923999566e-13,1.9449140648691854e-12,8.462069988250732
3.174351515151941e-13,1.9159374607669033e-12,8.46838903427124
3.1270702715614773e-13,1.887414920534458e-12,8.474641799926758
3.0805319775097095e-13,1.859337336873601e-12,8.480802536010742
3.034722267317852e-13,1.831699939294773e-12,8.487264633178711
2.9896248779533174e-13,1.8044902594729906e-12,8.494229555130005
2.945229509495467e-13,1.777702767977174e-12,8.500179767608643
2.901519898911714e-13,1.751329550131464e-12,8.50654149055481
2.8584792410683846e-13,1.725360631275874e-12,8.512781143188477
2.816099675499728e-13,1.699788205154762e-12,8.519171237945557
2.7743744259421665e-13,1.6746091275818276e-12,8.526193857192993
2.7332885846158284e-13,1.649815592301429e-12,8.532224655151367
2.692827514791385e-13,1.6253999014781417e-12,8.538669347763062
2.6529784770933096e-13,1.6013537067552375e-12,8.545159578323364
2.613734153156938e-13,1.5776713702814193e-12,8.55180311203003
2.5750861404154335e-13,1.554347904726694e-12,8.55816388130188
2.5370222415943555e-13,1.5313782143408505e-12,8.564307928085327
2.499533240975238e-13,1.5087533002458575e-12,8.57069993019104
2.4626134464966754e-13,1.4864717529788907e-12,8.577610969543457
2.4262474082777097e-13,1.4645259831247426e-12,8.58366084098816
2.390426452700961e-13,1.4429077507469024e-12,8.590272188186646
2.355144887705024e-13,1.4216155379623285e-12,8.596376180648804
2.3203940396725187e-13,1.4006421890366827e-12,8.602702379226685
2.286169029693669e-13,1.3799847766240991e-12,8.609566926956177
2.2524583381203916e-13,1.359638530235019e-12,8.61570930480957
2.2192501742540616e-13,1.3395959688744519e-12,8.622132778167725
2.1865355934267555e-13,1.3198525388932736e-12,8.628514051437378
2.154307954900167e-13,1.3004021687593181e-12,8.634762048721313
2.122561702138162e-13,1.281242473227806e-12,8.64108920097351
2.091291820705693e-13,1.2623688986496129e-12,8.647364854812622
2.060490179086466e-13,1.2437779755777867e-12,8.65386962890625
2.0301479681378298e-13,1.2254644998418995e-12,8.660884857177734
2.0002580050203916e-13,1.2074238093726097e-12,8.666876077651978
1.9708128358442156e-13,1.1896515673612273e-12,8.673394918441772
1.9418032448908357e-13,1.1721437622597142e-12,8.6795973777771
1.9132235400988462e-13,1.1548944309561215e-12,8.686025857925415
1.8850708754375445e-13,1.137902055567408e-12,8.692898988723755
1.8573403719971543e-13,1.1211634919072733e-12,8.698909997940063
1.830023627210839e-13,1.104675053688331e-12,8.705229997634888
1.80311210298649e-13,1.0884313198997186e-12,8.711823463439941
1.7765987520099863e-13,1.0724284958338326e-12,8.717882871627808
1.7504766624924784e-13,1.0566623531022001e-12,8.724287748336792
1.7247417686758193e-13,1.0411290969972176e-12,8.730575561523438
1.6993908179534917e-13,1.0258269927954089e-12,8.736977577209473
1.674416898536646e-13,1.0107527878902567e-12,8.743775129318237
1.6498120144342598e-13,9.959018202124192e-13,8.749787330627441
1.6255696604332986e-13,9.812699697936411e-13,8.756263971328735
1.6016867194525164e-13,9.66854526128491e-13,8.762504577636719
1.5781588546832231e-13,9.526529955519725e-13,8.768953084945679
1.554981729316729e-13,9.386624507182195e-13,8.775233507156372
1.5321489736652705e-13,9.248800727015838e-13,8.78134036064148
1.5096517785861963e-13,9.113013078529408e-13,8.78772521018982
1.4874855362202732e-13,8.979221446242525e-13,8.794620037078857
1.4656480781631565e-13,8.847407398718254e-13,8.800693035125732
1.4441361518083284e-13,8.717552504519666e-13,8.807411670684814
1.4229432519427543e-13,8.589625321783756e-13,8.813751220703125
1.402061382575412e-13,8.463587903434489e-13,8.820241451263428
1.3814876976755985e-13,8.339401218193654e-13,8.82708477973938
1.3612188091115252e-13,8.217054424039527e-13,8.833157062530518
1.3412486182459715e-13,8.096517705412365e-13,8.839591264724731
1.3215727882702477e-13,7.977754199438303e-13,8.845795154571533
1.3021882021031078e-13,7.860746016781495e-13,8.852253437042236
1.2830909295116766e-13,7.74546876289306e-13,8.858567714691162
1.2642764981619925e-13,7.631901295830634e-13,8.864643812179565
1.2457394870431931e-13,7.52000729482144e-13,8.871182203292847
1.2274759659224033e-13,7.409763991619855e-13,8.877949953079224
1.2094821400920192e-13,7.301148617980258e-13,8.883995056152344
1.19175272406645e-13,7.194135695151593e-13,8.890516519546509
1.1742847362897213e-13,7.088693781270861e-13,8.89764928817749
1.157076414933303e-13,6.984813660619593e-13,8.904302835464478
1.140123694239048e-13,6.882474191255428e-13,8.911754369735718
1.1234206110950079e-13,6.781648268124052e-13,8.917765378952026
1.1069622865914064e-13,6.682302280958119e-13,8.92428207397461
1.0907454003590902e-13,6.584416172017438e-13,8.930562019348145
1.0747656155893695e-13,6.487967173056386e-13,8.937087059020996
1.0590217803174359e-13,6.392932515829342e-13,8.944288969039917
1.0435121327147592e-13,6.299307863527615e-13,8.950352430343628
1.0282324037352852e-13,6.207070447905583e-13,8.956857442855835
1.0131766302670653e-13,6.116192079706761e-13,8.963054895401001
9.983414919409461e-14,6.026644569674666e-13,8.969409704208374
9.837242782514966e-14,5.938414365282141e-13,8.976287126541138
9.693234306580936e-14,5.851481950890081e-13,8.982393741607666
9.551361708926703e-14,5.765838652881106e-13,8.988929748535156
9.411570779443643e-14,5.68145790830199e-13,8.995308637619019
9.273827636813864e-14,5.598313696300594e-13,9.001743793487549
9.138113985125706e-14,5.516389211743244e-13,9.008548736572266
9.004406785083005e-14,5.435676323113647e-13,9.014706134796143
8.87266266859886e-14,5.356152262166181e-13,9.021178960800171
8.742849787234455e-14,5.277794802756308e-13,9.02804970741272
8.614950522704487e-14,5.200587139750357e-13,9.03442645072937
8.488930316064708e-14,5.124520599530946e-13,9.041118383407593
8.364757996502659e-14,5.049565366538333e-13,9.0474271774292
8.242422044370257e-14,4.975716019761656e-13,9.053885698318481
8.12188925597597e-14,4.902956296168326e-13,9.060914993286133
8.00313117101277e-14,4.831265595917067e-13,9.06694507598877
7.88611932917363e-14,4.760631450682895e-13,9.073401927947998
7.770825947777879e-14,4.691033802725619e-13,9.079648971557617
7.657221211265774e-14,4.622458557416997e-13,9.086052179336548
7.545282080341151e-14,4.554887825421183e-13,9.092898607254028
7.434982805202411e-14,4.488310222615366e-13,9.098883628845215
7.326300346553391e-14,4.422705149158268e-13,9.105229616165161
7.219231316262301e-14,4.3580682682412e-13,9.111842632293701
7.113739122505819e-14,4.294387924690807e-13,9.118117332458496
7.009784462955193e-14,4.2316380976549495e-13,9.124229431152344
6.907355817962341e-14,4.169807945111903e-13,9.130306005477905
6.806432858736527e-14,4.1088860829388563e-13,9.136602878570557
6.706991190728873e-14,4.048858145457024e-13,9.14379334449768
6.609012518027715e-14,3.9897127485435946e-13,9.149795770645142
6.51247380133689e-14,3.93143525546924e-13,9.155922174453735
6.417360810502884e-14,3.8740159084144077e-13,9.162081480026245
6.323642374713237e-14,3.8174433232562865e-13,9.168204069137573
6.231292066539995e-14,3.7616944606987113e-13,9.174407482147217
6.140290234818782e-14,3.706764712882449e-13,9.180423498153687
6.05061790601158e-14,3.652635648370567e-13,9.186641931533813
5.96226491572302e-14,3.5993010330005737e-13,9.193700790405273
5.875219744305021e-14,3.546751651054003e-13,9.199671983718872
5.789453253824198e-14,3.4949774736607597e-13,9.205734729766846
5.704939694478953e-14,3.443961424636627e-13,9.212041139602661
5.6216567045994786e-14,3.3936899514544483e-13,9.21821117401123
5.539591748098156e-14,3.3441524831430425e-13,9.224370002746582
5.458737709898229e-14,3.2953427855399176e-13,9.230458736419678
5.3790715507035305e-14,3.2472521850276936e-13,9.236680746078491
5.300571247657433e-14,3.1998644185737835e-13,9.243733167648315
5.2232266363645696e-14,3.1531721678135227e-13,9.249691247940063
5.1470184044737424e-14,3.107167572281161e-13,9.255805492401123
5.071921479809713e-14,3.0618357241968264e-13,9.26206636428833
4.99791756646082e-14,3.0171641552355355e-13,9.268222332000732
4.9250032762952756e-14,2.9731469022853396e-13,9.274338245391846
4.853160313401418e-14,2.929777731183747e-13,9.280512809753418
4.782367671362156e-14,2.8870436315046877e-13,9.2869393825531
4.7126138305294066e-14,2.844933490175894e-13,9.293762445449829
4.6438821890574036e-14,2.8034435124897616e-13,9.299711227416992
4.576152418155413e-14,2.7625590617169626e-13,9.306053161621094
4.509414692241247e-14,2.722271193189574e-13,9.312316656112671
4.4436588469195376e-14,2.682575027997819e-13,9.318580150604248
4.3788686191576984e-14,2.643461892524318e-13,9.324735641479492
4.315024018978174e-14,2.604922028949519e-13,9.330918788909912
4.252107428095661e-14,2.566943511049524e-13,9.337267875671387
4.19011274787294e-14,2.5295184783585833e-13,9.344207048416138
4.1290321856068957e-14,2.492644220371265e-13,9.350210428237915
4.068850155891299e-14,2.4563117924196465e-13,9.356659173965454
4.0095449746826994e-14,2.420511436684175e-13,9.36289119720459
3.9511037670802995e-14,2.3852331242947555e-13,9.369376420974731
3.8935150134360164e-14,2.3504692658361803e-13,9.376204252243042
3.836764144783157e-14,2.316213898196501e-13,9.382178783416748
3.7808389638472814e-14,2.282455908303449e-13,9.38858413696289
3.725740825881105e-14,2.2491925856515937e-13,9.395131826400757
3.671455839544292e-14,2.2164209486849606e-13,9.40113639831543
3.6179650312988254e-14,2.1841290711796524e-13,9.407531261444092
3.565255865057085e-14,2.1523089571446469e-13,9.413762092590332
3.513315465918272e-14,2.1209542368921808e-13,9.420267820358276
3.462132314234305e-14,2.0900565078554173e-13,9.42708158493042
3.411697262049353e-14,2.0596104845487656e-13,9.433057069778442
3.361998450902154e-14,2.029608984132833e-13,9.43941617012024
3.313027071650057e-14,2.0000459079703992e-13,9.44563364982605
3.264772959897695e-14,1.9709162416264164e-13,9.452111005783081
3.2172242571838067e-14,1.9422118535845911e-13,9.458527088165283
3.17037215436574e-14,1.9139273228340609e-13,9.464719533920288
3.1242030989163394e-14,1.8860565507376054e-13,9.471121072769165
3.0787076040665953e-14,1.8585924899811035e-13,9.478018760681152
3.033874827794783e-14,1.831528770876792e-13,9.483986854553223
2.989696638584609e-14,1.8048601079390797e-13,9.490556716918945
2.9461638884802424e-14,1.7785808091065614e-13,9.496703386306763
2.9032708176576424e-14,1.7526859954694607e-13,9.503176927566528
2.861003873589653e-14,1.7271711946938162e-13,9.510037660598755
2.819351197815012e-14,1.7020274621117049e-13,9.516053438186646
2.7783088939821628e-14,1.677250054338622e-13,9.522701501846313
2.7378688305748113e-14,1.652837074020766e-13,9.528987646102905
2.6980181326921593e-14,1.628779712015485e-13,9.536850929260254
2.6587505322903972e-14,1.6050740380899042e-13,9.544602632522583
2.6200545097214423e-14,1.5817147667584325e-13,9.550853729248047
2.5819224416887693e-14,1.5586951217574918e-13,9.557172775268555
2.544348229555158e-14,1.536012121531108e-13,9.563488483428955
2.5073237418043147e-14,1.5136604805936898e-13,9.569602012634277
2.470840169293588e-14,1.4916358621365478e-13,9.576813220977783
2.4348871782210214e-14,1.4699321675224614e-13,9.582977533340454
2.399457314696679e-14,1.448544382316383e-13,9.589123010635376
2.3645454965228775e-14,1.4274685762854372e-13,9.595597505569458
2.330145116842628e-14,1.4067012257725636e-13,9.60205864906311
2.296244994821027e-14,1.3862370452921713e-13,9.60856032371521
2.262839370634033e-14,1.3660703427828547e-13,9.614889860153198
2.2299221456444258e-14,1.346199220890812e-13,9.621003150939941
2.197482986050249e-14,1.3266170388777365e-13,9.627999067306519
2.165518673126303e-14,1.3073198665107533e-13,9.634052991867065
2.134024802301262e-14,1.2883059419613319e-13,9.64034366607666
2.1029903621468116e-14,1.2695707928955108e-13,9.64666199684143
2.0724050188609955e-14,1.251107914100255e-13,9.65286111831665
2.042262843213183e-14,1.2329124266657887e-13,9.66008472442627
2.0125607858847636e-14,1.214981755611952e-13,9.66608738899231
1.9832932564582857e-14,1.1973137325343997e-13,9.67215347290039
1.9544536480767608e-14,1.1799032074728127e-13,9.678540229797363
1.9260355232897895e-14,1.1627473343964884e-13,9.684533596038818
1.8980331222733307e-14,1.1458419120220081e-13,9.690619230270386
1.8704400075769852e-14,1.1291836199802188e-13,9.697065114974976
1.843247200651512e-14,1.1127681892250663e-13,9.703235626220703
1.8164487722662805e-14,1.0965907408467743e-13,9.71012544631958
1.7900406566631437e-14,1.0806486321025474e-13,9.716074466705322
1.7640189574905443e-14,1.064939288012226e-13,9.722147941589355
1.738376729078315e-14,1.0494596592572e-13,9.728715658187866
1.7131053316903934e-14,1.034204934690329e-13,9.734920501708984
1.6882013771949908e-14,1.0191712518413734e-13,9.74098825454712
1.6636619856800865e-14,1.0043572554576177e-13,9.747405767440796
1.6394822443545863e-14,9.897597606951802e-14,9.753472805023193
1.6156569016142174e-14,9.753759215233582e-14,9.760632514953613
1.5921779953492754e-14,9.612020109971836e-14,9.766617774963379
1.5690406127686664e-14,9.472339633585097e-14,9.7727370262146
1.5462391634549384e-14,9.3346947467772e-14,9.779140949249268
1.5237705980894814e-14,9.199047502472107e-14,9.785334348678589
1.5016305121009696e-14,9.065389091527168e-14,9.791417837142944
1.4798119598192355e-14,8.933673435350051e-14,9.797715902328491
1.4583115531124902e-14,8.803873428886444e-14,9.803773641586304
1.4371247180028184e-14,8.675970098598329e-14,9.81050968170166
1.4162464569958313e-14,8.549925497409669e-14,9.81651520729065
1.3956716031905507e-14,8.425721329408803e-14,9.822629451751709
1.3753947355761142e-14,8.30331490413519e-14,9.828964233398438
1.355414244789922e-14,8.182691991435315e-14,9.835015058517456
1.3357255568540588e-14,8.063831584892087e-14,9.841048002243042
1.3163232507576623e-14,7.946702513693046e-14,9.8474600315094
1.2972023290063438e-14,7.831275639904808e-14,9.85354232788086
1.2783602505012613e-14,7.717525213725776e-14,9.860462665557861
1.2597932035941523e-14,7.605437005002436e-14,9.866402626037598
1.2414965296038069e-14,7.494981198175044e-14,9.8724684715271
1.2234660780687835e-14,7.386133398694719e-14,9.878809690475464
1.2056970209012828e-14,7.278867179133508e-14,9.884923458099365
1.1881870711123472e-14,7.173159500195245e-14,9.89101505279541
1.1709338570097243e-14,7.0689947764737e-14,9.897472858428955
1.1539333975385622e-14,6.966357422562644e-14,9.903713703155518
1.1371785776221038e-14,6.865213557144187e-14,9.91046142578125
1.120665416205497e-14,6.765529298900438e-14,9.916385412216187
1.1043929815524999e-14,6.667291095304242e-14,9.922494649887085
1.0883579702346182e-14,6.570490814839305e-14,9.928826093673706
1.0725564011969998e-14,6.475095253814095e-14,9.934922933578491
1.0569851404177398e-14,6.381092892580528e-14,9.941045761108398
1.0416383433695022e-14,6.28845459320522e-14,9.947472333908081
1.0265149936127503e-14,6.197153928260216e-14,9.953626155853271
1.0116140747079474e-14,6.107192930624589e-14,9.960484504699707
9.969311820837677e-15,6.018547205749458e-14,9.96641993522644
9.824610641359383e-15,5.931191681459586e-14,9.972517490386963
9.681999092161966e-15,5.845102640832447e-14,9.978937149047852
9.54144752709227e-15,5.760257722198237e-14,9.985034704208374
9.402940699557247e-15,5.676644389469333e-14,9.991214513778687
9.266470139227424e-15,5.5942497677449396e-14,9.997587203979492
9.13200789401554e-15,5.513068436014193e-14,10.0037682056427
8.999495518648235e-15,5.433070239904171e-14,10.010926008224487
8.868882191148675e-15,5.3542263802946674e-14,10.016874551773071
8.740161982286228e-15,5.276519238900379e-14,10.022989273071289
8.613328115797316e-15,5.1999467828422324e-14,10.02933382987976
8.48834332223226e-15,5.124493765527177e-14,10.035330295562744
8.365173720273171e-15,5.050137147659048e-14,10.041528224945068
8.243792204865735e-15,4.976858633326184e-14,10.047912359237671
8.124180141285114e-15,4.90464738050686e-14,10.054036855697632
8.006307883378153e-15,4.8334881426080264e-14,10.060965776443481
7.890142396859909e-15,4.7633602520257695e-14,10.06695556640625
7.775665047005543e-15,4.694250833859291e-14,10.073073148727417
7.662856352057268e-15,4.626147013207793e-14,10.079483270645142
7.551690901026666e-15,4.559035576357298e-14,10.085670709609985
7.442145824024162e-15,4.49289992146204e-14,10.091906309127808
7.334193168962496e-15,4.4277285288739365e-14,10.09822130203247
7.227799901556725e-15,4.363501069802253e-14,10.10427975654602
7.122945693016115e-15,4.300202975280297e-14,10.111375570297241
7.0196169908135105e-15,4.237824758539059e-14,10.117326498031616
6.917797277806439e-15,4.176353544677741e-14,10.12345027923584
6.8174560608088e-15,4.115780185740513e-14,10.129824161529541
6.718571316963965e-15,4.056083675310282e-14,10.135838031768799
6.6211239880306205e-15,3.9972552042443973e-14,10.142869234085083
6.525095015767453e-15,3.939281220015703e-14,10.14888596534729
6.430464918416676e-15,3.8821518970420105e-14,10.155025959014893
6.337212520154609e-15,3.825853682796164e-14,10.161873579025269
6.245314951091674e-15,3.770374041190544e-14,10.169018030166626
6.1547489178218236e-15,3.715700097324352e-14,10.176522731781006
6.06549493858727e-15,3.661817959857254e-14,10.182669162750244
5.9775331081137525e-15,3.608717803207061e-14,10.188720703125
5.890847756291747e-15,3.5563867524729745e-14,10.195740222930908
5.80542787169294e-15,3.504818031391417e-14,10.201948881149292
5.7212535490430705e-15,3.454000120314306e-14,10.20856523513794
5.638307847683193e-15,3.403922854846274e-14,10.21492624282837
5.556567050690785e-15,3.3545736988997016e-14,10.221103191375732
5.476011676308059e-15,3.3059414716396854e-14,10.228577613830566
5.39661885464544e-15,3.258013975791785e-14,10.234809160232544
5.318371221527509e-15,3.2107783364552014e-14,10.241381645202637
5.241264118273055e-15,3.164228454992715e-14,10.247743368148804
5.1652818747725555e-15,3.11835687751439e-14,10.253833293914795
5.0904062798176435e-15,3.0731531008116805e-14,10.261374711990356
5.016622086815269e-15,3.02860662167604e-14,10.26749587059021
4.9439047318099606e-15,2.984708292151639e-14,10.274254083633423
4.872233886010985e-15,2.941442865645426e-14,10.280814409255981
4.80160573777008e-15,2.898805259959718e-14,10.28724479675293
4.732008428625983e-15,2.856786327138684e-14,10.294614315032959
4.663426711985644e-15,2.8153823402373573e-14,10.300784587860107
4.595836023893593e-15,2.7745785608824548e-14,10.307876586914062
4.529224082372094e-15,2.734365332898378e-14,10.314401865005493
4.46358072302578e-15,2.69473554120837e-14,10.320816278457642
4.3988911227780744e-15,2.6556822401422632e-14,10.327998161315918
4.335141729101821e-15,2.61719543471128e-14,10.33416485786438
4.272320683535759e-15,2.5792686874650216e-14,10.34093165397644
4.2104106219044684e-15,2.541893528074015e-14,10.347646713256836
4.149399262230215e-15,2.5050586062967672e-14,10.353986024856567
4.089276440117631e-15,2.468761211627847e-14,10.361279487609863
4.030021403259509e-15,2.4329898244191718e-14,10.367448329925537
3.971622716711061e-15,2.3977347884951428e-14,10.374355554580688
3.914067674978079e-15,2.3629910216580764e-14,10.380902767181396
3.8573486547640364e-15,2.3287497147653213e-14,10.387366771697998
3.801462267937145e-15,2.295007649091678e-14,10.394632816314697
3.746394114937301e-15,2.2617597424394627e-14,10.40057635307312
3.692124714006718e-15,2.2289951527869507e-14,10.40723991394043
3.638634583387609e-15,2.19670524039808e-14,10.41393756866455
3.58590805297045e-15,2.1648783162181787e-14,10.420294284820557
3.5339468168211347e-15,2.1335091286429735e-14,10.42755675315857
3.4827502396649534e-15,2.102599710551538e-14,10.433561563491821
3.4322992632605928e-15,2.072141761020989e-14,10.440079689025879
3.382580970355607e-15,2.0421251156559593e-14,10.446654081344604
3.333585620071103e-15,2.0125450310719446e-14,10.453200817108154
3.2853005069128716e-15,1.9833942227855984e-14,10.460433006286621
3.2377127136284673e-15,1.954666083939932e-14,10.466386079788208
3.1908105935148654e-15,1.9263523136120626e-14,10.472776889801025
3.1445886408579087e-15,1.8984483378240748e-14,10.479647159576416
3.0990409264269663e-15,1.8709499214112323e-14,10.486060380935669
3.0541562270354873e-15,1.8438519821758516e-14,10.49341344833374
3.0099222607057365e-15,1.8171475744477653e-14,10.499407529830933
2.966331827657662e-15,1.7908299219633952e-14,10.505777835845947
2.9233753987706074e-15,1.7648956365909525e-14,10.512593507766724
2.8810381509679957e-15,1.7393374338470907e-14,10.518993854522705
2.839310766887407e-15,1.714147521028695e-14,10.526204347610474
2.7981885878476317e-15,1.6893218323776188e-14,10.53222942352295
2.757666743409223e-15,1.6648574879818412e-14,10.538611888885498
2.7177340103856293e-15,1.6407492362370893e-14,10.545400142669678
2.6783806478979577e-15,1.616990639692964e-14,10.551731824874878
2.6395969150673146e-15,1.5935766161517817e-14,10.558564901351929
2.6013730710148066e-15,1.570501405789501e-14,10.564895629882812
2.5637023394768556e-15,1.5477597570018493e-14,10.57125449180603
2.526578579464594e-15,1.5253479428438584e-14,10.578459024429321
2.4899969205385755e-15,1.503261728150792e-14,10.584530115127563
2.4539469865451956e-15,1.481497724790861e-14,10.591258764266968
2.418416919023193e-15,1.4600484788741298e-14,10.597697019577026
2.3833980358848586e-15,1.4389089082029148e-14,10.60412049293518
2.348885890207219e-15,1.418074354096006e-14,10.611274719238281
2.3148792114408533e-15,1.3975426142677407e-14,10.617243766784668
2.2813716468386572e-15,1.3773116558390454e-14,10.624060869216919
2.24834794980758e-15,1.3573748719529315e-14,10.630674123764038
2.215799014743439e-15,1.337725147532642e-14,10.63701057434082
2.1837201829650243e-15,1.318359433259567e-14,10.644250869750977
2.152106372274652e-15,1.2992739174854436e-14,10.650256395339966
2.1209518651999285e-15,1.2804654661883672e-14,10.656692266464233
2.0902507325102227e-15,1.2619301830167802e-14,10.66316294670105
2.059995774425483e-15,1.2436644257290096e-14,10.669469118118286
2.03017767358329e-15,1.2256632815339612e-14,10.676203727722168
2.000789865478302e-15,1.2079222611570146e-14,10.682222604751587
1.9718274796710726e-15,1.190437298840023e-14,10.68862533569336
1.9432871280298126e-15,1.1732067005170918e-14,10.695152997970581
1.9151613990162335e-15,1.156226485133369e-14,10.701166152954102
1.887444151641468e-15,1.1394924175241183e-14,10.707710981369019
1.860128186125464e-15,1.1230015330740244e-14,10.714151859283447
1.8332069379628805e-15,1.106748918991993e-14,10.720444917678833
1.806675324956034e-15,1.0907313565528248e-14,10.727139949798584
1.780528476665478e-15,1.074946219954383e-14,10.733084201812744
1.7547610991352916e-15,1.0593896128451106e-14,10.739133834838867
1.7293677925304366e-15,1.0440589941261656e-14,10.745598793029785
1.7043416747082162e-15,1.0289505521492853e-14,10.751697063446045
1.6796773458335919e-15,1.0140606446727967e-14,10.757872104644775
1.6553699354671168e-15,9.993861376747949e-15,10.76423954963684
1.6314143614111075e-15,9.849243206498486e-15,10.770392417907715
1.607807235533775e-15,9.70671720762874e-15,10.77760362625122
1.584544110912146e-15,9.56626898057861e-15,10.783556461334229
1.5616170466123402e-15,9.427856173700733e-15,10.789754152297974
1.539021701590503e-15,9.291441517545428e-15,10.796167135238647
1.5167535230445426e-15,9.157008918486698e-15,10.802366971969604
1.4948067935020653e-15,9.024514330811285e-15,10.808561325073242
1.4731774895565715e-15,8.893941660893193e-15,10.81491208076477
1.451861905438917e-15,8.765254486315689e-15,10.822236061096191
1.4308575000502601e-15,8.638440101584564e-15,10.82919692993164
1.4101582382808515e-15,8.513472248678454e-15,10.835399389266968
1.3897573438671133e-15,8.390311117048837e-15,10.84324336051941
1.3696517463146116e-15,8.268926213509612e-15,10.849289178848267
1.3498380574915574e-15,8.149306526632465e-15,10.855384826660156
1.3303109834420304e-15,8.031418175099506e-15,10.861976623535156
1.311065441968347e-15,7.915235747922317e-15,10.86815094947815
1.2920983625760735e-15,7.80072790488185e-15,10.874385118484497
1.2734067806498945e-15,7.68788363454979e-15,10.880850791931152
1.2549868845415472e-15,7.576676678904774e-15,10.887100458145142
1.2368331685368747e-15,7.467082473991329e-15,10.893921136856079
1.218942562141443e-15,7.359071373656302e-15,10.899906396865845
1.2013117831025815e-15,7.252627284273696e-15,10.906014680862427
1.1839364903764357e-15,7.147728182986882e-15,10.912384748458862
1.1668120252817955e-15,7.044346964741547e-15,10.918639659881592
1.1499352114451088e-15,6.942457795032801e-15,10.92478084564209
1.1333036136466522e-15,6.8420466978170134e-15,10.931103229522705
1.1169132084799262e-15,6.7430924972705034e-15,10.937200546264648
1.100758807868129e-15,6.645571899987221e-15,10.944674730300903
1.0848370236794715e-15,6.549453142231645e-15,10.950670957565308
1.0691461618480592e-15,6.454726906641355e-15,10.956990957260132
1.0536833636376952e-15,6.361372864425617e-15,10.963651895523071
1.0384462997077744e-15,6.2693774630572744e-15,10.969921827316284
1.0234305231353238e-15,6.178721220778541e-15,10.977144241333008
1.0086305282061862e-15,6.089373644403316e-15,10.983143091201782
9.940441973379935e-16,6.00131271107497e-15,10.989317893981934
9.796698364648512e-16,5.914530373980504e-15,10.996328830718994
9.65502151630839e-16,5.829003763230343e-15,11.002702236175537
9.515390252535887e-16,5.7447074678360684e-15,11.010052919387817
9.377795044210346e-16,5.6616364055999974e-15,11.016059875488281
9.242200951222693e-16,5.579772365313764e-15,11.022287845611572
9.108577268628591e-16,5.499096288736054e-15,11.028757572174072
8.976883762363045e-16,5.419589964658503e-15,11.035046815872192
8.847081257152244e-16,5.3412300996750605e-15,11.041264295578003
8.719153341732835e-16,5.2639976355444134e-15,11.047456502914429
8.593087840006201e-16,5.187887066552405e-15,11.053783655166626
8.468849811863269e-16,5.112881875556563e-15,11.060958623886108
8.346410140546475e-16,5.03896131024968e-15,11.066932201385498
8.225738650507076e-16,4.9661113945881265e-15,11.073240518569946
8.106808871965467e-16,4.894312223297642e-15,11.079628467559814
7.989601217284746e-16,4.823552361433439e-15,11.085863590240479
7.8740892166853085e-16,4.7538169859189395e-15,11.092828512191772
7.760250106156699e-16,4.6850900031281464e-15,11.098984956741333
7.648062709875235e-16,4.617359978116272e-15,11.105160236358643
7.537504263830459e-16,4.5506108172573174e-15,11.111797332763672
7.428551474616323e-16,4.484830662090022e-15,11.117832660675049
7.321173107892895e-16,4.4200038425048615e-15,11.123992204666138
7.215339517507022e-16,4.356111300260522e-15,11.130286931991577
7.11103376279976e-16,4.293141600412217e-15,11.136533737182617
7.008236785529794e-16,4.231081613949262e-15,11.143405199050903
6.906934821411732e-16,4.169921176476292e-15,11.149395942687988
6.80710351824834e-16,4.109649276564991e-15,11.155590534210205
6.708720641424753e-16,4.05025066762231e-15,11.162003517150879
6.611759721161369e-16,3.9917130676705125e-15,11.168158769607544
6.516192170096218e-16,3.934018689017707e-15,11.174345016479492
6.422008459108645e-16,3.877156520235578e-15,11.18054723739624
6.329191647539702e-16,3.821120208577023e-15,11.186743259429932
6.237716324400974e-16,3.76589450744899e-15,11.193791151046753
6.147558137495227e-16,3.711467134873744e-15,11.199817180633545
6.058706498910619e-16,3.657824538324129e-15,11.205997943878174
5.971142879801429e-16,3.604960365053041e-15,11.212236642837524
5.884852457091081e-16,3.5528619095662704e-15,11.218315362930298
5.799809819791158e-16,3.5015204897761087e-15,11.224912166595459
5.715988498122056e-16,3.4509178944741896e-15,11.231247186660767
5.633382668732265e-16,3.4010452298145668e-15,11.237305402755737
5.55197327338047e-16,3.3518969900830833e-15,11.244672775268555
5.471740195034174e-16,3.3034591992361093e-15,11.250648736953735
5.392668610616801e-16,3.255721481120041e-15,11.25696325302124
5.314738932491445e-16,3.2086747301306954e-15,11.263510942459106
5.237934749394754e-16,3.162307934839758e-15,11.26955795288086
5.162244414623702e-16,3.116611142610099e-15,11.276739597320557
5.087655752079672e-16,3.0715773654199034e-15,11.282771587371826
5.014148115334576e-16,3.0271981329396984e-15,11.28885817527771
4.941699799169139e-16,2.9834594691258544e-15,11.29577112197876
4.870298098089154e-16,2.940351633099478e-15,11.301974773406982
4.799933482973963e-16,2.8978689073881755e-15,11.309490442276001
4.730580542835149e-16,2.8560011275965795e-15,11.31559419631958
4.662226042782911e-16,2.8147351647140077e-15,11.321635246276855
4.594862041883369e-16,2.7740659365427765e-15,11.328567504882812
4.528474246455537e-16,2.7339860315445975e-15,11.334821701049805
4.463047304027246e-16,2.6944865558735246e-15,11.341331243515015
4.3985653327307367e-16,2.655557768650664e-15,11.347519636154175
4.335020921027719e-16,2.6171918348212543e-15,11.353700876235962
4.2723984517482286e-16,2.5793845192205586e-15,11.36101484298706
4.21067833725536e-16,2.5421229045961315e-15,11.367072343826294
4.1498481367527003e-16,2.50539788534379e-15,11.373418807983398
4.0899009680975533e-16,2.4692052262987978e-15,11.379838705062866
4.030820684724362e-16,2.4335362453734456e-15,11.385855197906494
3.972591669463161e-16,2.3983831075129712e-15,11.392929315567017
3.91520201091313e-16,2.3637360718384813e-15,11.398912906646729
3.858643768140388e-16,2.329590479668766e-15,11.40495753288269
3.802905823837503e-16,2.2959393429820103e-15,11.411890268325806
3.747968590367569e-16,2.262775250239926e-15,11.417888402938843
3.6938243914945022e-16,2.230087401772435e-15,11.42431926727295
3.6404671391689937e-16,2.19787367999717e-15,11.430665731430054
3.587887304270387e-16,2.1661275204087893e-15,11.437094449996948
3.536071122513289e-16,2.134843205534899e-15,11.444687843322754
3.4850003297497753e-16,2.104010782738369e-15,11.450690031051636
3.4346624851834323e-16,2.0736215699314895e-15,11.45712685585022
3.385054147742912e-16,2.0436706966748142e-15,11.464881420135498
3.336162611934006e-16,2.0141543513200804e-15,11.471319675445557
3.287978613333853e-16,1.9850638517795787e-15,11.478950023651123
3.2404915640306127e-16,1.956394751130336e-15,11.48500394821167
3.1936903467168524e-16,1.928139426075827e-15,11.491518259048462
3.1475678145520796e-16,1.900293217934842e-15,11.497941732406616
3.1021115267398816e-16,1.8728504092349867e-15,11.50395154953003
3.0573108953684176e-16,1.845803376679736e-15,11.511367559432983
3.013158244201603e-16,1.8191470380714064e-15,11.51747465133667
2.9696437794209855e-16,1.7928760994540775e-15,11.526532173156738
2.9267590306970924e-16,1.7669854786300657e-15,11.535441637039185
2.884492351326899e-16,1.7414688228522667e-15,11.541959047317505
2.8428360650743203e-16,1.7163195676153393e-15,11.548323154449463
2.801786730868009e-16,1.69153527769956e-15,11.560377597808838
2.7613334960983275e-16,1.6671110826654823e-15,11.568601846694946
2.7214618023864955e-16,1.6430405238868832e-15,11.577218294143677
2.682162914705244e-16,1.6193143898804614e-15,11.583054542541504
2.643431274400857e-16,1.5959322571297433e-15,11.589335441589355
2.605257617050474e-16,1.5728869258546771e-15,11.596049785614014
2.567635325209194e-16,1.5501738432531715e-15,11.603264570236206
2.5305630753880376e-16,1.5277901505890293e-15,11.610443830490112
2.4940284267905915e-16,1.5057332008842905e-15,11.616501331329346
2.458018673922647e-16,1.4839930415018248e-15,11.622681379318237
2.422527993432692e-16,1.462567025463672e-15,11.629012107849121
2.3875505619692136e-16,1.4414497529347935e-15,11.635051727294922
2.353081085576292e-16,1.4206384710581106e-15,11.641339778900146
2.319108446946494e-16,1.400128944668887e-15,11.647094249725342
2.2856247051459395e-16,1.3799142916244263e-15,11.653284549713135
2.252625625009892e-16,1.3599915473094131e-15,11.66040825843811
2.2201057802335333e-16,1.3403574294711769e-15,11.666476011276245
2.1880567004873907e-16,1.3210081264614548e-15,11.672845840454102
2.1564675331618276e-16,1.30193813256609e-15,11.679070472717285
2.1253328519520257e-16,1.2831415185544513e-15,11.685319423675537
2.0946506716245148e-16,1.2646170138771182e-15,11.691528797149658
2.0644151688277825e-16,1.2463617597978935e-15,11.69762635231018
2.0346170791389682e-16,1.2283713093938042e-15,11.70377802848816
2.0052459469951294e-16,1.2106401569506931e-15,11.710893392562866
1.9762951549513654e-16,1.1931631143917583e-15,11.71701169013977
1.9477631148209003e-16,1.1759377464972765e-15,11.723224401473999
1.919647179625774e-16,1.158962359201353e-15,11.729377508163452
1.8919396731299017e-16,1.1422338820095542e-15,11.73569655418396
1.864632522050505e-16,1.125747338603315e-15,11.742817163467407
1.8377201677338679e-16,1.1094989173343725e-15,11.74889087677002
1.8111954633394974e-16,1.0934850183127011e-15,11.755093812942505
1.7850527178647795e-16,1.0777022534065117e-15,11.761837244033813
1.7592861079582017e-16,1.0621468109675417e-15,11.76790189743042
1.7338917955017218e-16,1.0468157263804757e-15,11.77413010597229
1.7088644865394194e-16,1.0317061409091167e-15,11.780231237411499
1.6841994165109662e-16,1.0168149840590309e-15,11.786404848098755
1.659891556158238e-16,1.0021393970940213e-15,11.793297290802002
1.6359354791764161e-16,9.87676309519654e-16,11.79935908317566
1.6123254945628866e-16,9.734216979294299e-16,11.80553412437439
1.589057367152913e-16,9.593738682574541e-16,11.8119056224823
1.5661247441993908e-16,9.455284794598721e-16,11.818115949630737
1.54352299349089e-16,9.31883202196079e-16,11.824288129806519
1.521247747513776e-16,9.184346483342857e-16,11.830416679382324
1.4992945064055166e-16,9.05180700292124e-16,11.836656332015991
1.4776559909767214e-16,8.921178640586866e-16,11.843745708465576
1.4563291572027362e-16,8.792425397439476e-16,11.850062131881714
1.435312681594581e-16,8.665536156171637e-16,11.85634469985962
1.4146023289875192e-16,8.540493976124405e-16,11.862596035003662
1.3941905554943647e-16,8.417261270210745e-16,11.868801832199097
1.374072728903687e-16,8.295800451343623e-16,11.875245809555054
1.354244349352954e-16,8.176095637655277e-16,11.881428480148315
1.334700916979633e-16,8.058109771454265e-16,11.887696743011475
1.3154407112480503e-16,7.941828559059603e-16,11.894633769989014
1.2964601587379596e-16,7.827234001021161e-16,11.900795221328735
1.2777533037489503e-16,7.714296451185785e-16,11.907135248184204
1.2593155140695923e-16,7.602984145817953e-16,11.913391828536987
1.2411442750708234e-16,7.493278556071944e-16,11.919639348983765
1.2232352192390094e-16,7.385159035519669e-16,11.926676988601685
1.2055846408050058e-16,7.278598584985934e-16,11.932839632034302
1.1881894957441587e-16,7.173577616833833e-16,11.93908166885376
1.1710464753340177e-16,7.070076543426462e-16,11.945441007614136
1.1541516091076426e-16,6.968075247731323e-16,11.951632261276245
1.1375009265980932e-16,6.867544612990854e-16,11.957931756973267
1.1210900602917352e-16,6.768469286732887e-16,11.964105606079102
1.1049153705938733e-16,6.670817505221899e-16,11.97055435180664
1.0889745413987924e-16,6.574577092359273e-16,11.977569341659546
1.0732644625073893e-16,6.479726342925737e-16,11.983807563781738
1.0577822222439077e-16,6.386250433844712e-16,11.990101099014282
1.0425225928268765e-16,6.294126071710151e-16,11.996355533599854
1.0274813390915593e-16,6.203322551577713e-16,12.002575874328613
1.0126572037234249e-16,6.113825050370824e-16,12.009514808654785
9.980484661867994e-17,6.025625627155602e-16,12.015690803527832
9.836520162825795e-17,5.938703106108366e-16,12.021908044815063
9.6946421441607e-17,5.853041605361354e-16,12.028535604476929
9.554800975035955e-17,5.768617302112926e-16,12.034838676452637
9.416967538693999e-17,5.685403726583479e-16,12.041174173355103
9.28112198280013e-17,5.603390820256766e-16,12.047398567199707
9.147239822808218e-17,5.52256164247384e-16,12.053618669509888
9.015286648004779e-17,5.442900840762533e-16,12.06090259552002
8.885232679887761e-17,5.364385121716796e-16,12.06705355644226
8.757065345311855e-17,5.287004426820379e-16,12.073363304138184
8.630760159730928e-17,5.210744991787891e-16,12.079596757888794
8.506286682898438e-17,5.135592522938345e-16,12.085867166519165
8.383605210144984e-17,5.061524256261285e-16,12.092842102050781
8.262691256924432e-17,4.988522721702173e-16,12.099014043807983
8.143515044734732e-17,4.916574684371209e-16,12.105268478393555
8.026054074263222e-17,4.845660027235894e-16,12.111879110336304
7.910286507941731e-17,4.775771338757942e-16,12.119233131408691
7.796189846457597e-17,4.706886913718078e-16,12.126456499099731
7.683746222709588e-17,4.639001458160382e-16,12.132620096206665
7.572927843429124e-17,4.572094855052357e-16,12.138927698135376
7.463713532792523e-17,4.506157575273346e-16,12.145629405975342
7.356082776720593e-17,4.44117161937322e-16,12.15195608139038
7.250004473222303e-17,4.3771293111158946e-16,12.15852952003479
7.14544354983968e-17,4.314005239512952e-16,12.16470217704773
7.042392727383333e-17,4.2517882872569594e-16,12.170975685119629
6.940835462241013e-17,4.1904728956942007e-16,12.17803692817688
6.840747931611077e-17,4.130044771143691e-16,12.18420934677124
6.742103665713923e-17,4.070489090528853e-16,12.190460205078125
6.64487553302546e-17,4.011792618959886e-16,12.196623802185059
6.549041695977516e-17,3.953936562893273e-16,12.202953577041626
6.454594875380702e-17,3.896916157768686e-16,12.210009098052979
6.361521174600725e-17,3.8407205509764872e-16,12.216173887252808
6.269799417813905e-17,3.785341801582797e-16,12.222434520721436
6.17939651779574e-17,3.7307637630220583e-16,12.228801250457764
6.090287328255607e-17,3.6769673770529576e-16,12.23499321937561
6.002465231748607e-17,3.6239457615327986e-16,12.24134087562561
5.915920963851879e-17,3.571692299016681e-16,12.24758267402649
5.830625407807861e-17,3.5201969309883556e-16,12.253836154937744
5.746550770347971e-17,3.46944059920651e-16,12.260952711105347
5.663680507859959e-17,3.4194116569681186e-16,12.267233848571777
5.582014620343824e-17,3.37010560441065e-16,12.272997617721558
5.5015365641873144e-17,3.321515824089203e-16,12.279017448425293
5.42222384007777e-17,3.273629081113977e-16,12.284819841384888
5.344053617830284e-17,3.2264345228753355e-16,12.29108452796936
5.267002736387704e-17,3.1799181203900895e-16,12.297362089157104
5.191061600454926e-17,3.1340703445375824e-16,12.30346155166626
5.116216975142148e-17,3.0888835190817296e-16,12.310513496398926
5.0424605886432446e-17,3.044351026577631e-16,12.316484928131104
4.96977093426229e-17,3.0004651907892014e-16,12.32266092300415
4.8981202187307015e-17,2.9572098651508844e-16,12.329267978668213
4.827500831986844e-17,2.914574197053043e-16,12.335443019866943
4.757904171352348e-17,2.8725560689133096e-16,12.341873407363892
4.689316340192921e-17,2.831144628122047e-16,12.348270177841187
4.621715500940392e-17,2.7903332572343546e-16,12.354471683502197
4.5550847791102657e-17,2.750107397871452e-16,12.361365556716919
4.489414579407436e-17,2.710460167890642e-16,12.36729907989502
4.424694313920062e-17,2.6713870674293933e-16,12.373745918273926
4.360911409502833e-17,2.6328777732736606e-16,12.38027834892273
4.298052631265948e-17,2.5949256679785437e-16,12.386356592178345
4.2360991194914416e-17,2.55752228121457e-16,12.393410682678223
4.175037308417267e-17,2.5206567603721025e-16,12.399393796920776
4.114856610131584e-17,2.4843227527040373e-16,12.40551233291626
4.055543128000102e-17,2.4485139054632697e-16,12.411992073059082
3.997081972771794e-17,2.413219895435755e-16,12.418168783187866
3.9394665270017605e-17,2.378433575781001e-16,12.424314260482788
3.8826885188838757e-17,2.3441520348232514e-16,12.430673599243164
3.8267300813169084e-17,2.3103675963264216e-16,12.436731338500977
3.7715730163273824e-17,2.277068878285283e-16,12.443824052810669
3.7172107064703975e-17,2.244247145672567e-16,12.44987964630127
3.663631902089623e-17,2.2119013396970893e-16,12.456077814102173
3.6108283313789327e-17,2.1800195489580295e-16,12.462503910064697
3.558791060787712e-17,2.1486013764086934e-16,12.46875786781311
3.507503546703709e-17,2.1176368958817303e-16,12.474913358688354
3.456952885109368e-17,2.0871176370476679e-16,12.481321811676025
3.407126171987134e-17,2.0570377765549935e-16,12.487391948699951
3.358016459019861e-17,2.0273885793764388e-16,12.494323015213013
3.3096217609740784e-17,1.9981689867208197e-16,12.500392198562622
3.261926857726516e-17,1.9693742340278077e-16,12.506480693817139
3.214915205664922e-17,1.9409921451987863e-16,12.512945890426636
3.168583826939092e-17,1.913019543860203e-16,12.519067764282227
3.1229214718926946e-17,1.8854511360561377e-16,12.526161670684814
3.0779162291249095e-17,1.8582799072949959e-16,12.532280445098877
3.033560819446346e-17,1.8315005636208571e-16,12.5383939743042
2.9898443240729185e-17,1.8051075463800052e-16,12.545195579528809
2.9467588020707465e-17,1.7790950322209276e-16,12.551198244094849
2.904293996400234e-17,1.753457727187704e-16,12.557302951812744
2.862441635255256e-17,1.7281895432310262e-16,12.563658237457275
2.821196424679892e-17,1.7032867745817498e-16,12.569689512252808
2.780546784145566e-17,1.6787445243306485e-16,12.576732635498047
2.7404801405069677e-17,1.6545555132883318e-16,12.582709074020386
2.7009913652442987e-17,1.6307136534054914e-16,12.58879017829895
2.6620726828598012e-17,1.607217224146453e-16,12.59534502029419
2.6237138363138797e-17,1.5840582845773365e-16,12.601507425308228
2.585908373597756e-17,1.5612340553712833e-16,12.607728958129883
2.54864769203306e-17,1.5387384484789852e-16,12.614142179489136
2.5119251741748908e-17,1.5165672287357059e-16,12.620229005813599
2.475733209961613e-17,1.494716160976709e-16,12.627207279205322
2.4400648510760816e-17,1.4731806129905645e-16,12.63320803642273
2.404909344170333e-17,1.4519563496125359e-16,12.639450788497925
2.370258913746609e-17,1.4310367533977228e-16,12.645755767822266
2.336109920210215e-17,1.410418515623675e-16,12.651997804641724
2.3024522719576772e-17,1.3900991216613304e-16,12.658169984817505
2.269276870002258e-17,1.3700707629257065e-16,12.664491415023804
2.236581729110487e-17,1.350330527741047e-16,12.67067837715149
2.2043597355290963e-17,1.330876960269474e-16,12.677634000778198
2.172602121143593e-17,1.3117031783682907e-16,12.683600425720215
2.1413032611258115e-17,1.2928062703617413e-16,12.689687013626099
2.1104555454141165e-17,1.2741821334339874e-16,12.696290731430054
2.0800545072332e-17,1.2558264000713947e-16,12.702619552612305
2.0500915439046917e-17,1.237736423296003e-16,12.709541320800781
2.0205592108030785e-17,1.219906512105198e-16,12.716296672821045
1.9914479126332548e-17,1.2023329607298354e-16,12.722385883331299
1.9627538443644028e-17,1.185010078167301e-16,12.728981971740723
1.9344768405604e-17,1.1679377320686964e-16,12.735346555709839
1.9066119381375713e-17,1.1511131431071639e-16,12.741589546203613
1.8791506998536683e-17,1.134532870211355e-16,12.747910499572754
1.8520838612858307e-17,1.1181913547275534e-16,12.754997253417969
1.8254049704252804e-17,1.1020847585377168e-16,12.762244701385498
1.7991085678799746e-17,1.0862091111749051e-16,12.768305778503418
1.773191014055218e-17,1.070561964184505e-16,12.774888753890991
1.7476473458673356e-17,1.0551404720652094e-16,12.781414270401001
1.7224750817744894e-17,1.039941789315711e-16,12.78766655921936
1.697666280842799e-17,1.0249638645280909e-16,12.794717073440552
1.6732131675745064e-17,1.0102005434785914e-16,12.800737142562866
1.649113591300019e-17,9.956501056315387e-17,12.807497262954712
1.6253620926272938e-17,9.813099040089724e-17,12.81398344039917
1.601952881292043e-17,9.671764975395443e-17,12.82013988494873
1.5788800015938565e-17,9.532467098497023e-17,12.827622413635254
1.5561384904490586e-17,9.395170336936492e-17,12.833665609359741
1.5337253700074443e-17,9.259849544423227e-17,12.840089082717896
1.5116355117492157e-17,9.126484868622527e-17,12.847006559371948
1.4898646143351875e-17,8.995039913587441e-17,12.85300898551941
1.468408872734542e-17,8.865499459194696e-17,12.86051630973816
1.4472595188327863e-17,8.737821815541421e-17,12.866613149642944
1.4264137402158374e-17,8.611968601447193e-17,12.872814416885376
1.405870709703083e-17,8.487937831678542e-17,12.879770040512085
1.3856248024663576e-17,8.365701712966886e-17,12.885926961898804
1.3656706418316796e-17,8.245228481576703e-17,12.89375376701355
1.3460038437418026e-17,8.126489682494921e-17,12.89979600906372
1.3266201068575413e-17,8.009463478153369e-17,12.905898094177246
1.3075145508132815e-17,7.894118104816524e-17,12.912799596786499
1.2886845286310631e-17,7.780433048405197e-17,12.918779373168945
1.2701263179981296e-17,7.668389118329174e-17,12.926679134368896
1.2518365274739696e-17,7.557961168297835e-17,12.932740688323975
1.2338106902832753e-17,7.449129345976478e-17,12.93871784210205
1.2160444223688001e-17,7.341865858096522e-17,12.9458487033844
1.1985335878274813e-17,7.236144896622854e-17,12.952005624771118
1.1812740507562561e-17,7.131947270965264e-17,12.958586931228638
1.1642631641771644e-17,7.0292432026217e-17,12.964828968048096
1.1474990255747972e-17,6.928028059380732e-17,12.970896005630493
1.1309754310945604e-17,6.828272062740307e-17,12.978466987609863
1.1146898164765551e-17,6.729946095942863e-17,12.984503507614136
1.0986406927956788e-17,6.633045526776972e-17,12.991124629974365
1.0828232624043785e-17,6.537545208952009e-17,12.997713565826416
1.0672328103731628e-17,6.443419334432865e-17,13.003421068191528
1.0518657798253977e-17,6.350644742162388e-17,13.010032653808594
1.0367189447566942e-17,6.259202903294856e-17,13.015922546386719
1.0217904853697047e-17,6.169073965495568e-17,13.021635055541992
1.0070785818670816e-17,6.080248002597174e-17,13.02842116355896
9.925801736805584e-18,5.992710456220892e-17,13.034504652023315
9.78290711316766e-18,5.906435518331611e-17,13.040652513504028
9.642062243087644e-18,5.82140267485014e-17,13.046960830688477
9.503240656785932e-18,5.737590088208307e-17,13.053146839141846
9.366414230121698e-18,5.654984523516311e-17,13.060090065002441
9.23155649331534e-18,5.573567451928432e-17,13.066062450408936
9.098646766851545e-18,5.493322329832418e-17,13.072086572647095
8.967663544034386e-18,5.414236914955203e-17,13.07857608795166
8.838572910458748e-18,5.3362973106624965e-17,13.084530353546143
8.711328544010328e-18,5.259478039791432e-17,13.090621709823608
8.585911419535038e-18,5.183758257390573e-17,13.096957921981812
8.462307474962464e-18,5.109132338631754e-17,13.102932453155518
8.340486931790555e-18,5.035582747285989e-17,13.110093116760254
8.22042414742032e-18,4.9630932706132717e-17,13.11607575416565
8.102088516169097e-18,4.8916493502348216e-17,13.12220311164856
7.985454395437895e-18,4.8212327881771625e-17,13.128679990768433
7.870495315447113e-18,4.751829356933758e-17,13.134838819503784
7.757188115139599e-18,4.683422512892358e-17,13.141204833984375
7.645517905264328e-18,4.616002660757856e-17,13.147513389587402
7.535471450931498e-18,4.549555242151471e-17,13.153740644454956
7.42701980081967e-18,4.4840746322450384e-17,13.160532474517822
7.320113324092092e-18,4.419534692131201e-17,13.166560173034668
7.214738785858962e-18,4.3559155694752576e-17,13.172641038894653
7.110888741494767e-18,4.293215279043738e-17,13.179071426391602
7.008530930955618e-18,4.2314202550745966e-17,13.185064554214478
6.9076446747262e-18,4.170510645233132e-17,13.191349744796753
6.8082225281810015e-18,4.110481817307914e-17,13.197651624679565
6.710236780769501e-18,4.051320867281386e-17,13.20380973815918
6.6136638578442415e-18,3.993012575030278e-17,13.210960626602173
6.518476048854702e-18,3.935545690898259e-17,13.216901779174805
6.424650192743731e-18,3.878900031678383e-17,13.223022937774658
6.3321747089827525e-18,3.8230693107979937e-17,13.229522943496704
6.241033053959516e-18,3.768043932961986e-17,13.235499620437622
6.151207443290851e-18,3.7138106632805595e-17,13.241929531097412
6.0626800925935886e-18,3.660361229947588e-17,13.248315572738647
5.9754249456784325e-18,3.607682067201026e-17,13.254324913024902
5.889430422016807e-18,3.5557606018955625e-17,13.261360168457031
5.804679150815849e-18,3.504589554841807e-17,13.267369031906128
5.721145903066875e-18,3.454156683766694e-17,13.27352261543274
5.638807517712734e-18,3.404446768546952e-17,13.279972553253174
5.5576491055024e-18,3.355449883015231e-17,13.285983800888062
5.477660326678216e-18,3.3071587479821405e-17,13.29289197921753
5.398825464808544e-18,3.259562113791349e-17,13.299018383026123
5.321131285003582e-18,3.212653362997957e-17,13.305141925811768
5.244560830060773e-18,3.1664222385623683e-17,13.311894416809082
5.169094661235723e-18,3.1208584834449874e-17,13.317845582962036
5.0947116854228105e-18,3.0759498553727485e-17,13.324035167694092
5.021394531829173e-18,3.031686428178301e-17,13.330381393432617
4.949133274287459e-18,2.988058275694294e-17,13.336372375488281
4.8779167458594e-18,2.9450604348370526e-17,13.343440771102905
4.807728402932744e-18,2.902683641183716e-17,13.349415302276611
4.73855294266616e-18,2.8609163142057084e-17,13.355486392974854
4.670373407857089e-18,2.8197528290748646e-17,13.362054586410522
4.603166223858074e-18,2.7791792891568935e-17,13.368297815322876
4.53692311886299e-18,2.7391865954650572e-17,13.37452483177185
4.47163375311418e-18,2.699770281224048e-17,13.38080620765686
4.4072886140345985e-18,2.66092075113876e-17,13.38688039779663
4.343877775456896e-18,2.622634365614498e-17,13.394865036010742
4.281379317094839e-18,2.5849008676116665e-17,13.400878190994263
4.21977752251679e-18,2.5477091729100573e-17,13.406997919082642
4.159060811194173e-18,2.5110521677564023e-17,13.4134521484375
4.099219670549943e-18,2.4749225729613112e-17,13.41958498954773
4.040240452103993e-18,2.439314267388251e-17,13.42710280418396
3.982111575327748e-18,2.404217986614361e-17,13.433075904846191
3.9248198053314066e-18,2.369628105811476e-17,13.439143180847168
3.8683527344057804e-18,2.335535195120613e-17,13.445668935775757
3.812702917925357e-18,2.301934787766464e-17,13.451667308807373
3.757853812277884e-18,2.2688189428151486e-17,13.457834959030151
3.703787219489887e-18,2.2361788921521737e-17,13.464143991470337
3.6504952813455456e-18,2.2040047096101886e-17,13.470457315444946
3.597975102712716e-18,2.1722952371363358e-17,13.477665662765503
3.5462113807500665e-18,2.1410430301051023e-17,13.483682632446289
3.495194602880552e-18,2.1102414710715877e-17,13.490074634552002
3.4449117410095257e-18,2.0798832808464016e-17,13.496376991271973
3.3953499738374922e-18,2.0499618419846434e-17,13.502538681030273
3.34650061596802e-18,2.0204693789885553e-17,13.509530067443848
3.298357463546515e-18,1.991402583135687e-17,13.515645265579224
3.250909763225014e-18,1.962755167853383e-17,13.521937847137451
3.2041440733185628e-18,1.934521177441233e-17,13.528690338134766
3.158049226888892e-18,1.9066920092208664e-17,13.53484320640564
3.1126157113589577e-18,1.8792628655447305e-17,13.5409574508667
3.0678395976208498e-18,1.8522276252762924e-17,13.547194480895996
3.023717576952118e-18,1.8255854612349394e-17,13.55340051651001
2.9802328989453586e-18,1.7993297559757713e-17,13.560136795043945
2.9373681928077076e-18,1.7734507487675598e-17,13.566118717193604
2.8951120848057425e-18,1.747940664112547e-17,13.572248935699463
2.8534604390364004e-18,1.7227955315437924e-17,13.578700304031372
2.8124103603675376e-18,1.698011380594356e-17,13.584841012954712
2.77195564494456e-18,1.6735867223391353e-17,13.590915203094482
2.7320865733952696e-18,1.6495142775887396e-17,13.597208261489868
2.69279280596201e-18,1.6257900758762288e-17,13.603390216827393
2.654062348525899e-18,1.6024066725760897e-17,13.610488414764404
2.6158873428711173e-18,1.5793587737324022e-17,13.61645770072937
2.578261998733377e-18,1.556642408878226e-17,13.622534275054932
2.5411784578968592e-18,1.534253111238253e-17,13.628923892974854
2.504631343687582e-18,1.5121862486010535e-17,13.63498330116272
2.468611143528501e-18,1.4904386776802993e-17,13.641225337982178
2.433105656505581e-18,1.4690034501588452e-17,13.64747428894043
2.3981076447884625e-18,1.4478742794640357e-17,13.653469800949097
2.363615247220767e-18,1.427049014926278e-17,13.660497188568115
2.329623293923666e-18,1.4065253404398575e-17,13.666609525680542
2.2961214451395026e-18,1.3862979620488532e-17,13.67272686958313
2.2630999814960795e-18,1.366361503079284e-17,13.67915654182434
2.2305516651630367e-18,1.3467107522932904e-17,13.685355424880981
2.1984713262615457e-18,1.3273428145587288e-17,13.691926956176758
2.166851726961247e-18,1.3082530576641688e-17,13.698160886764526
2.1356881109736178e-18,1.2894377592968539e-17,13.704355478286743
2.1049757220101364e-18,1.2708941897607626e-17,13.711384773254395
2.0747081494210555e-18,1.252618792179261e-17,13.717384576797485
2.0448742262681054e-18,1.2346068516228576e-17,13.723594665527344
2.0154656807451608e-18,1.2168523296730807e-17,13.730014324188232
1.9864810652861495e-18,1.19935257935197e-17,13.736191272735596
1.957914796421937e-18,1.1821054499899332e-17,13.74286413192749
1.9297598431173164e-18,1.1651069711200297e-17,13.748928308486938
1.9020108286983063e-18,1.1483526759669519e-17,13.755110502243042
1.8746605153345467e-18,1.1318403311430459e-17,13.76184606552124
1.847702078785984e-18,1.115564229102085e-17,13.767849445343018
1.821131796739862e-18,1.0995227154828441e-17,13.773942470550537
1.7949438789318926e-18,1.0837117371003217e-17,13.780171394348145
1.769132741892941e-18,1.0681285642584965e-17,13.786374568939209
1.743694663310251e-18,1.0527693919265506e-17,13.793432712554932
1.7186238529195344e-18,1.037632565743259e-17,13.799383401870728
1.6939126593001252e-18,1.0227130399068851e-17,13.805416822433472
1.6695574635368436e-18,1.0080079192852849e-17,13.81196641921997
1.6455526821605547e-18,9.935150532088658e-18,13.818172216415405
1.6218909739433222e-18,9.792301403384425e-18,13.824193477630615
1.5985680995845068e-18,9.651496237973811e-18,13.830439329147339
1.5755833353010724e-18,9.512714356341502e-18,13.836611986160278
1.5529308908287311e-18,9.375950795403822e-18,13.843414783477783
1.5306033215419701e-18,9.241145998156668e-18,13.849413871765137
1.508597318718339e-18,9.108281766626563e-18,13.855472803115845
1.4869074022862798e-18,8.977331631033906e-18,13.86185359954834
1.4655287125596937e-18,8.848258368251131e-18,13.867835998535156
1.4444588713943196e-18,8.721042125943538e-18,13.873976230621338
1.4236937428870946e-18,8.595667187679488e-18,13.880419969558716
1.403226089207659e-18,8.472096330331417e-18,13.886621236801147
1.3830506370796079e-18,8.350291503591146e-18,13.893434047698975
1.363165938936869e-18,8.2302345094852e-18,13.899418830871582
1.3435685826594159e-18,8.111913767485002e-18,13.905474424362183
1.3242530881756901e-18,7.995297017546663e-18,13.911962747573853
1.3052157331729353e-18,7.880354481168132e-18,13.917941570281982
1.2864522783505122e-18,7.76707044191777e-18,13.92405104637146
1.267958070817475e-18,7.655412639751687e-18,13.930323839187622
1.2497285610804548e-18,7.545357086432119e-18,13.936349153518677
1.2317617845854968e-18,7.436879793721303e-18,13.943403005599976
1.2140559835737992e-18,7.329972489813112e-18,13.949347972869873
1.1966062983592634e-18,7.224612013650395e-18,13.955417394638062
1.1794068352800249e-18,7.1207685867311e-18,13.961864233016968
1.1624526312524083e-18,7.018410776191951e-18,13.967834949493408
1.1457414115297292e-18,6.917519143288552e-18,13.974000692367554
1.1292713149556093e-18,6.818077557998958e-18,13.98022174835205
1.1130383090245624e-18,6.720071958252757e-18,13.986292362213135
1.0970388782189852e-18,6.623473392728508e-18,13.993420362472534
1.0812696104188508e-18,6.5282665585848795e-18,13.999605655670166
1.0657273002992857e-18,6.434427881174414e-18,14.005677461624146
1.0504090527281459e-18,6.341941230475166e-18,14.012430429458618
1.0353108351999452e-18,6.2507859269718224e-18,14.018423080444336
1.0204290287995037e-18,6.160938396016925e-18,14.0269775390625
1.0057609451898305e-18,6.072380439636998e-18,14.033820867538452
9.913043096242413e-19,5.985096754990709e-18,14.041165113449097
9.77056226970592e-19,5.899073280007644e-18,14.04758906364441
9.630130783137026e-19,5.81428602645004e-18,14.05415678024292
9.491711413408168e-19,5.730718037115339e-18,14.061687231063843
9.355279345100969e-19,5.6483473917173084e-18,14.067827463150024
9.220809762797052e-19,5.567162923317679e-18,14.074648380279541
9.088280953005337e-19,5.487146020352668e-18,14.080970287322998
8.957666032355917e-19,5.408283447932475e-18,14.087334156036377
8.828930879648523e-19,5.3305586624448486e-18,14.094343900680542
8.702042407658655e-19,5.253947675652025e-18,14.100420475006104
8.576982004822528e-19,5.178440147796347e-18,14.106842994689941
8.45371451596411e-19,5.104018708084951e-18,14.113227844238281
8.332222363495384e-19,5.030663917773442e-18,14.119644403457642
8.212477630070677e-19,4.958369573007226e-18,14.12708568572998
8.094438956659359e-19,4.887107963235783e-18,14.133036136627197
7.978100656394722e-19,4.816868335111149e-18,14.13916563987732
7.863449804579692e-19,4.747642003236892e-18,14.14577865600586
7.750452797001886e-19,4.679419868626275e-18,14.152009963989258
7.639072410533738e-19,4.612172979957858e-18,14.158579587936401
7.529298822405474e-19,4.5458934790158214e-18,14.164662837982178
7.421101013344124e-19,4.48056978527159e-18,14.1708824634552
7.314462956725319e-19,4.4161824599807686e-18,14.178559303283691
7.2093593201428e-19,4.352725712879069e-18,14.184670448303223
7.105751329505353e-19,4.290176796499647e-18,14.191287279129028
7.0036270940916735e-19,4.228521235181782e-18,14.197373390197754
6.902979376071401e-19,4.167753652251493e-18,14.203515529632568
6.803791631832285e-19,4.1078641215414284e-18,14.210954666137695
6.706032842101354e-19,4.048840648932707e-18,14.216927289962769
6.609673538569286e-19,3.990663795680934e-18,14.223226308822632
6.514688905817704e-19,3.933320326896308e-18,14.229617595672607
6.421067053125304e-19,3.876796594098722e-18,14.235775232315063
6.328798674710194e-19,3.821088461385113e-18,14.242947816848755
6.237862057081294e-19,3.7661839346365995e-18,14.249009132385254
6.148237554699056e-19,3.712070192553687e-18,14.255143642425537
6.059910174914878e-19,3.658736481788411e-18,14.26189136505127
5.972846830504258e-19,3.606172876173423e-18,14.268207550048828
5.887025290988233e-19,3.554358282603101e-18,14.27487325668335
5.802436767572794e-19,3.503287737993771e-18,14.281027793884277
5.719063682669926e-19,3.452951522973235e-18,14.287137269973755
5.63688639074008e-19,3.4033386773983762e-18,14.294670820236206
5.55589300106195e-19,3.354437207150313e-18,14.300666332244873
5.476071622914232e-19,3.30624276953083e-18,14.30702805519104
5.397403644733142e-19,3.2587427500355848e-18,14.313395977020264
5.3198647680881865e-19,3.2119286700632993e-18,14.319667339324951
5.243428626597341e-19,3.1657827452308036e-18,14.327100992202759
5.168087465442363e-19,3.1202960833465126e-18,14.333123445510864
5.093834046792892e-19,3.0754647553025167e-18,14.33924674987793
5.020650276073028e-19,3.0312804892926905e-18,14.345994710922241
4.948518058706873e-19,2.987730257222386e-18,14.3521568775177
4.877424986985237e-19,2.944805580490325e-18,14.359525203704834
4.807355551271636e-19,2.902501909603138e-18,14.365520715713501
4.738285453135575e-19,2.860802494153421e-18,14.371634244918823
4.670213141613407e-19,2.81970113028658e-18,14.378589630126953
4.603129310923239e-19,2.7791955432559302e-18,14.384613275527954
4.537009145646696e-19,2.7392747729183554e-18,14.39120626449585
4.471833517232111e-19,2.6999249639985953e-18,14.397284984588623
4.407589500982415e-19,2.66113887866629e-18,14.403523921966553
4.344269859067246e-19,2.6229082451153143e-18,14.410953283309937
4.281866836668363e-19,2.5852299614183707e-18,14.41694974899292
4.2203587202946853e-19,2.5480951353838745e-18,14.423374891281128
4.15972844934608e-19,2.511490945712331e-18,14.4297456741333
4.0999687859921863e-19,2.4754111885491463e-18,14.435941457748413
4.0410735263784107e-19,2.439851314400951e-18,14.443403482437134
3.9830271608682677e-19,2.404804912617998e-18,14.449397802352905
3.925815472294979e-19,2.370262677418396e-18,14.455567836761475
3.8694219170462935e-19,2.3362159234057136e-18,14.46226692199707
3.813837706328203e-19,2.3026561719786715e-18,14.468389749526978
3.7590553438164058e-19,2.2695807348002793e-18,14.474927186965942
3.705064231259304e-19,2.2369811332692582e-18,14.481005191802979
3.651850668478002e-19,2.204852404301933e-18,14.487140655517578
3.599399404329956e-19,2.1731844149357997e-18,14.494621276855469
3.547697772612036e-19,2.141970340930805e-18,14.500573873519897
3.496736984530234e-19,2.1112029444565888e-18,14.506896495819092
3.4465095437602484e-19,2.0808782964052416e-18,14.513248205184937
3.3970051105444225e-19,2.05098957253671e-18,14.519352436065674
3.3482164470523964e-19,2.021531396177012e-18,14.526694059371948
3.300128302141626e-19,1.9924979770618602e-18,14.532655239105225
3.252728526596865e-19,1.9638804229996694e-18,14.538795709609985
3.2060098825877527e-19,1.9356743912922237e-18,14.54545783996582
3.1599599624051014e-19,1.9078724373140102e-18,14.551745891571045
3.114572045206434e-19,1.8804691843910472e-18,14.558563470840454
3.0698401856310976e-19,1.8534609102105783e-18,14.564595699310303
3.0257530099456697e-19,1.826842238098622e-18,14.570722818374634
2.9823027633319077e-19,1.8006069642005838e-18,14.577947616577148
2.9394747116351504e-19,1.774749298252176e-18,14.583986282348633
2.8972595490735067e-19,1.7492613820375797e-18,14.590304851531982
2.8556518472742065e-19,1.7241401136294974e-18,14.596621751785278
2.8146402325038274e-19,1.6993793925709116e-18,14.602705478668213
2.774217208438068e-19,1.6749737387902642e-18,14.61003065109253
2.734375278752627e-19,1.6509193265772222e-18,14.616032838821411
2.695105913147438e-19,1.6272099520771913e-18,14.622135162353516
2.656402907767906e-19,1.6038419963749917e-18,14.629093647003174
2.6182564398442575e-19,1.5808105997845246e-18,14.63548493385315
2.5806556526309525e-19,1.558109558451196e-18,14.642894506454468
2.5435946007673384e-19,1.5357338058937537e-18,14.64901065826416
2.5070673388927623e-19,1.5136798265945946e-18,14.65516972541809
2.4710658536950404e-19,1.4919432778555027e-18,14.661910057067871
2.435583682825637e-19,1.4705192999903793e-18,14.667875528335571
2.4006120374905433e-19,1.4494045842767741e-18,14.676280736923218
2.3661408364260444e-19,1.4285923064746337e-18,14.682533025741577
2.332163875777546e-19,1.4080786408736248e-18,14.688658952713013
2.2986723667510396e-19,1.3878590379803786e-18,14.695565700531006
2.2656616564555796e-19,1.3679290516991026e-18,14.701752185821533
2.2331283844699276e-19,1.3482856835000761e-18,14.70797848701477
2.2010668639273723e-19,1.3289266586366147e-18,14.714098691940308
2.169465204106608e-19,1.3098471174226197e-18,14.720491886138916
2.1383152624484804e-19,1.2910395118350016e-18,14.727622270584106
2.1076127738029555e-19,1.2725024977052648e-18,14.73355770111084
2.077350371092703e-19,1.2542313187448872e-18,14.739686489105225
2.0475218504631287e-19,1.2362225628338421e-18,14.745802402496338
2.0181208788126677e-19,1.2184721974666433e-18,14.752013444900513
1.989143449485228e-19,1.2009761901378045e-18,14.758254528045654
1.9605847803428933e-19,1.1837330932812538e-18,14.764307260513306
1.9324367288265088e-19,1.1667383574036221e-18,14.770484209060669
1.904691410870861e-19,1.149986812626081e-18,14.777578115463257
1.877343915091063e-19,1.1334757706116398e-18,14.783653974533081
1.8503910103128467e-19,1.1172016124451184e-18,14.789931535720825
1.8238250709649406e-19,1.1011625803677151e-18,14.796291828155518
1.7976392469578967e-19,1.0853527807175657e-18,14.8024160861969
1.7718301778704765e-19,1.0697702489407152e-18,14.808595895767212
1.7463908843662617e-19,1.0544114695195603e-18,14.814643859863281
1.7213177475300723e-19,1.0392731337316508e-18,14.820850610733032
1.6966061144709627e-19,1.0243528634327255e-18,14.827592611312866
1.6722495228403974e-19,1.009646936310028e-18,14.83355188369751
1.6482425442656065e-19,9.951529742192974e-19,14.839642524719238
1.6245787163980543e-19,9.808659106792815e-19,14.845834732055664
1.6012550665574146e-19,9.667839879311787e-19,14.851993322372437
1.5782687513103316e-19,9.52904827830728e-19,14.858218431472778
1.5556121450855335e-19,9.392261556312449e-19,14.86426043510437
1.5332813704738988e-19,9.257426980563243e-19,14.870285511016846
1.5112712575965991e-19,9.12454248310813e-19,14.877107381820679
1.4895737931414504e-19,8.993551195279998e-19,14.883094310760498
1.4681885893675404e-19,8.8644334715393e-19,14.889221668243408
1.4471144830521328e-19,8.737186209958736e-19,14.895440101623535
1.4263430731421313e-19,8.611774772350157e-19,14.90153431892395
1.405868026535971e-19,8.488159350646584e-19,14.907622575759888
1.3856855950715014e-19,8.366307374611397e-19,14.913818120956421
1.3657935815502203e-19,8.246207987499058e-19,14.920003890991211
1.3461866868463286e-19,8.127835339915422e-19,14.927104234695435
1.3268620675264707e-19,8.011156861623872e-19,14.93295431137085
1.307817267898203e-19,7.896163246842516e-19,14.939115524291992
1.2890460841069312e-19,7.782833299068157e-19,14.945427417755127
1.2705446387435342e-19,7.671121006379222e-19,14.951523303985596
1.252308408164037e-19,7.561020164921117e-19,14.95771837234497
1.234332351736582e-19,7.452489415663214e-19,14.963862419128418
1.2166145307566082e-19,7.345515833908442e-19,14.970003843307495
1.199150809321053e-19,7.240081842068785e-19,14.977093935012817
1.1819380855026196e-19,7.136156420871271e-19,14.983057260513306
1.1649736451149226e-19,7.033729747546127e-19,14.98923659324646
1.1482537399958117e-19,6.932777523662858e-19,14.995464086532593
1.1317732002664583e-19,6.833274416815206e-19,15.001508474349976
1.1155287947525947e-19,6.735199230499973e-19,15.007700204849243
1.099516387551158e-19,6.638527149298784e-19,15.013907432556152
1.0837345569454706e-19,6.543242663575152e-19,15.020177364349365
1.0681804595021766e-19,6.449329229716827e-19,15.027090549468994
1.0528504763060961e-19,6.356769270135792e-19,15.03307318687439
1.0377405360776519e-19,6.265541071340967e-19,15.039126873016357
1.0228472783956054e-19,6.175620851889741e-19,15.045423746109009
1.0081672782152326e-19,6.0869915511819815e-19,15.051514625549316
9.936974336092367e-20,5.9996288707871935e-19,15.057650327682495
9.794339964154668e-20,5.913517818056775e-19,15.063617944717407
9.653773543748352e-20,5.82864288335424e-19,15.06973123550415
9.515244055600448e-20,5.744997862824995e-19,15.076699256896973
9.378711433150035e-20,5.662560525990077e-19,15.082608938217163
9.244120746434562e-20,5.581301404540165e-19,15.08869981765747
9.111448730999299e-20,5.501202920887241e-19,15.095174789428711
8.980694740609393e-20,5.422254735273649e-19,15.101206541061401
8.851804491537146e-20,5.344441855050785e-19,15.107203006744385
8.724783153661386e-20,5.267745151666986e-19,15.113561391830444
8.599580320663535e-20,5.192153251388827e-19,15.119640588760376
8.476176605497988e-20,5.117643923737348e-19,15.126714944839478
8.3545461587706e-20,5.04420682895489e-19,15.132677555084229
8.2346482676856e-20,4.971819219574609e-19,15.13874340057373
8.116493272000642e-20,4.90047489174191e-19,15.145145177841187
8.000021071874348e-20,4.830158852808192e-19,15.151195526123047
7.885213572730816e-20,4.760844219403545e-19,15.157266855239868
7.772061081047244e-20,4.692524787673376e-19,15.163333892822266
7.6605306388461e-20,4.625188149908497e-19,15.169241428375244
7.550604797786338e-20,4.558820864423953e-19,15.176203966140747
7.442264817057205e-20,4.493407938571143e-19,15.182213306427002
7.335472568802342e-20,4.428931277774166e-19,15.188180923461914
7.230212543385262e-20,4.365379508299599e-19,15.195137977600098
7.126462122586091e-20,4.3027402224382556e-19,15.201205730438232
7.024211612882026e-20,4.241000236999122e-19,15.207292556762695
6.923431933704657e-20,4.1801489537306e-19,15.213300466537476
6.824097881894696e-20,4.1201752573932082e-19,15.219322681427002
6.726184900527706e-20,4.0610602779292233e-19,15.226215600967407
6.629657446686743e-20,4.0027877302203353e-19,15.232311248779297
6.534540723531094e-20,3.9453516689058915e-19,15.238351583480835
6.440793372030133e-20,3.888748475070712e-19,15.245099306106567
6.34838825032001e-20,3.832957469199483e-19,15.25120234489441
6.257293692892901e-20,3.777962366173895e-19,15.257232427597046
6.16750517610483e-20,3.7237554111757053e-19,15.263296842575073
6.079020115016385e-20,3.6703280739048467e-19,15.269245862960815
5.99181072152886e-20,3.6176700146036623e-19,15.276230812072754
5.905845330134433e-20,3.565767533093257e-19,15.282212734222412
5.821118124719422e-20,3.514610031122032e-19,15.288218021392822
5.73760454835939e-20,3.464187168932331e-19,15.29508113861084
5.655267119432832e-20,3.4144831783937266e-19,15.3023841381073
5.57412974862933e-20,3.365494440591039e-19,15.30991244316101
5.494159477971352e-20,3.317209581790846e-19,15.315953016281128
5.415332719886743e-20,3.2696182622354906e-19,15.322446823120117
5.3376478587883695e-20,3.222712210118847e-19,15.328900814056396
5.2610735522858336e-20,3.176481085683258e-19,15.33516263961792
5.185608831026855e-20,3.1309145491710675e-19,15.341890811920166
5.1112301074392794e-20,3.086001743836735e-19,15.348015069961548
5.0379021617235874e-20,3.0417312959468386e-19,15.354584455490112
4.9656275788191934e-20,2.9980951921891936e-19,15.361892223358154
4.8943918184418923e-20,2.955086711721323e-19,15.367933988571167
4.82417226237181e-20,2.9126918958703905e-19,15.374439001083374
4.754965679434678e-20,2.8709117786121614e-19,15.380512714385986
4.686752359467463e-20,2.8297261974192047e-19,15.38684892654419
4.619509684250291e-20,2.7891271389793364e-19,15.393758058547974
4.5532467010711116e-20,2.7491164127501465e-19,15.399760961532593
4.487946284706305e-20,2.7096865224073336e-19,15.406028032302856
4.423579354587462e-20,2.670821699820471e-19,15.41225266456604
4.3601278161386826e-20,2.632511088244019e-19,15.418492078781128
4.297583591424297e-20,2.594750810268856e-19,15.424588203430176
4.2359340788646614e-20,2.55752949216156e-19,15.4305739402771
4.1751763704029344e-20,2.520844031994833e-19,15.43703293800354
4.115278800531292e-20,2.4846856409746674e-19,15.443748950958252
4.056248154715696e-20,2.449044496331289e-19,15.449597358703613
3.9980618147362726e-20,2.413914394210103e-19,15.455918312072754
3.940723658002143e-20,2.3792899062383405e-19,15.462132692337036
3.884194587304666e-20,2.345164311573524e-19,15.468491792678833
3.828482034344659e-20,2.3115267534701136e-19,15.474751710891724
3.7735843835349876e-20,2.2783736130129297e-19,15.480905771255493
3.7194457355608187e-20,2.245694550444315e-19,15.487326622009277
3.666096140342843e-20,2.2134823279339104e-19,15.494276523590088
3.613521380714282e-20,2.181733326566535e-19,15.500251054763794
3.561679774527082e-20,2.1504410839936542e-19,15.50663948059082
3.5106113883421625e-20,2.1195983623849074e-19,15.51280689239502
3.4602532142613023e-20,2.0891998626144958e-19,15.519315958023071
3.410624639330108e-20,2.0592361496535573e-19,15.526264190673828
3.3616952905104627e-20,2.029699210189908e-19,15.53219223022461
3.313494248370776e-20,2.0005882687417234e-19,15.53855562210083
3.265971752827324e-20,1.971897767689263e-19,15.54512882232666
3.219130065702095e-20,1.9436185304976064e-19,15.551209688186646
3.172961432176845e-20,1.91574448255913e-19,15.557677984237671
3.127446788323395e-20,1.88826761056165e-19,15.563838958740234
3.0825964738994017e-20,1.861186105047576e-19,15.570165395736694
3.0383962717380867e-20,1.8344945376441382e-19,15.577095031738281
2.994814193214199e-20,1.8081867044967427e-19,15.58306360244751
2.95185411573686e-20,1.782255626268971e-19,15.589375734329224
2.909540596230505e-20,1.756697296304731e-19,15.595459699630737
2.86780481068323e-20,1.7315027965630436e-19,15.601580619812012
2.826680040189993e-20,1.7066718685499674e-19,15.607921600341797
2.786142697178639e-20,1.682195335730582e-19,15.614053964614868
2.7461730714861355e-20,1.6580685452139415e-19,15.620402812957764
2.706811552790829e-20,1.6342917554939875e-19,15.627159118652344
2.6679883477285355e-20,1.610857857987331e-19,15.63323187828064
2.629729628810824e-20,1.587760519592407e-19,15.639721632003784
2.5920389503293893e-20,1.564992243984914e-19,15.646130084991455
2.55484522645034e-20,1.5425479905329948e-19,15.65251088142395
2.5182263284735295e-20,1.5204287932124147e-19,15.660052299499512
2.482114563298048e-20,1.4986272849458433e-19,15.66604471206665
2.4465094462477552e-20,1.4771363571498913e-19,15.672446727752686
2.4114245482545758e-20,1.4559539418730276e-19,15.679064750671387
2.3768506604718467e-20,1.4350759032121891e-19,15.685383319854736
2.3427595101247247e-20,1.414496037312782e-19,15.69289231300354
2.3091753310202183e-20,1.3942139564338938e-19,15.698938846588135
2.2760624186826683e-20,1.3742229397330478e-19,15.705253601074219
2.2434477534172108e-20,1.3545198852829468e-19,15.712082862854004
2.211255079511126e-20,1.335100269439616e-19,15.718248128890991
2.179576970107186e-20,1.3159577591014904e-19,15.724891662597656
2.1482929024052025e-20,1.2970879598715659e-19,15.73096776008606
2.1175028812487633e-20,1.2784881575634575e-19,15.737354040145874
2.087128227544448e-20,1.2601553794968389e-19,15.744693040847778
2.057194144451545e-20,1.2420853605216766e-19,15.750658750534058
2.0277095176992912e-20,1.2242755156985563e-19,15.757574796676636
1.9986313726699246e-20,1.2067249402986832e-19,15.764226913452148
1.9699883052557154e-20,1.1894248455280487e-19,15.77080488204956
1.941767229200879e-20,1.1723718709654145e-19,15.778989791870117
1.9138914041165552e-20,1.1555647241410734e-19,15.78619909286499
1.8864653584903073e-20,1.138998235176197e-19,15.793855905532837
1.8594336776834426e-20,1.122667492685898e-19,15.799864530563354
1.832756456693754e-20,1.106569265495909e-19,15.806150436401367
1.8064534056842747e-20,1.0907023903834934e-19,15.812421560287476
1.780595933606323e-20,1.0750650578910613e-19,15.818580627441406
1.755068202862399e-20,1.0596548123261691e-19,15.826218605041504
1.7298926701136635e-20,1.0444656437046787e-19,15.832261800765991
1.7050976081349597e-20,1.02949296375913e-19,15.838387250900269
1.6806455353047814e-20,1.0147327012099455e-19,15.845287322998047
1.6565514765834736e-20,1.0001827234821085e-19,15.851568698883057
1.6327842511393523e-20,9.85841414988485e-20,15.858344078063965
1.6094018585505242e-20,9.717077417533094e-20,15.864439725875854
1.5863018705927006e-20,9.577770508856361e-20,15.870663166046143
1.563568782472984e-20,9.440443663770926e-20,15.877965927124023
1.541141363439e-20,9.305118854261812e-20,15.88394284248352
1.5190793902147022e-20,9.171754075063536e-20,15.890277624130249
1.4972959442122877e-20,9.040290518804424e-20,15.896564960479736
1.475827376142269e-20,8.910686180218997e-20,15.902694463729858
1.454677563413767e-20,8.782945582951228e-20,15.910058736801147
1.4338316426251504e-20,8.65701121209915e-20,15.916084289550781
1.413287998189285e-20,8.532921195519125e-20,15.922204732894897
1.3929946082004597e-20,8.410627711831989e-20,15.928919076919556
1.3730188426421577e-20,8.290055797794728e-20,15.93507170677185
1.3533644173647868e-20,8.17122677915751e-20,15.941896438598633
1.333924542058797e-20,8.054102528063977e-20,15.949373245239258
1.3148741848107886e-20,7.938642977953206e-20,15.956026315689087
1.295992414080202e-20,7.824846836355491e-20,15.962913751602173
1.2774184934779785e-20,7.712666281891669e-20,15.969604969024658
1.2590881226361894e-20,7.602113593023956e-20,15.97750186920166
1.241023435098569e-20,7.493145472017166e-20,15.983483791351318
1.2232762104327584e-20,7.385736069477156e-20,15.990033149719238
1.205726814411493e-20,7.279898956335849e-20,15.996365785598755
1.1884784022732717e-20,7.175566277933624e-20,16.002875089645386
1.1714484982949095e-20,7.072714123580897e-20,16.010159254074097
1.1545983283851928e-20,6.971321167527503e-20,16.01610255241394
1.1380650558917892e-20,6.871362852849005e-20,16.02270245552063
1.1217628931378889e-20,6.772868906348668e-20,16.029110431671143
